global_episode,worker_id,makespan,cost,steps,done,upper_reward_sum,lower_reward_sum,total_reward_sum
1,0,5206.166666666666,2460.0,286,True,-7.562412109524668,-7.562412109524668,-15.124824219049335
1,1,5641.5,2522.0,286,True,-7.779447512442535,-7.779447512442535,-15.55889502488507
1,2,5262.0,2167.0,279,True,-6.720445036203906,-6.720445036203906,-13.440890072407813
1,3,5701.333333333333,3514.0,295,True,-10.651701001826828,-10.651701001826828,-21.303402003653655
2,0,5424.833333333334,2291.0,284,True,-7.092982061486458,-7.092982061486458,-14.185964122972916
2,1,5376.5,2536.0,284,True,-7.796872805486169,-7.796872805486169,-15.593745610972338
2,2,5364.5,2465.0,288,True,-7.590627302342062,-7.590627302342062,-15.181254604684124
2,3,4934.333333333334,2355.0,282,True,-7.2353127274076385,-7.2353127274076385,-14.470625454815277
3,0,5243.333333333333,2252.0,281,True,-6.96448703452438,-6.96448703452438,-13.92897406904876
3,1,4408.333333333333,1234.0,268,True,-3.949701795275102,-3.949701795275102,-7.899403590550204
3,2,4892.0,1762.0,278,True,-5.5177597489909544,-5.5177597489909544,-11.035519497981909
3,3,4955.666666666667,1902.0,276,True,-5.927918734281676,-5.927918734281676,-11.855837468563353
4,0,4876.833333333334,1521.0,273,True,-4.819909479562759,-4.819909479562759,-9.639818959125519
4,1,4826.333333333334,1543.0,269,True,-4.879103199110708,-4.879103199110708,-9.758206398221416
4,2,4793.666666666666,1656.0,272,True,-5.202852996749575,-5.202852996749575,-10.40570599349915
4,3,4585.666666666666,1424.0,274,True,-4.514250788109195,-4.514250788109195,-9.02850157621839
5,0,4415.333333333333,1057.0,265,True,-3.438749629719953,-3.438749629719953,-6.877499259439906
5,1,4578.666666666666,875.0,265,True,-2.9269370577105884,-2.9269370577105884,-5.853874115421177
5,2,4754.166666666667,1308.0,268,True,-4.193638812869405,-4.193638812869405,-8.38727762573881
5,3,4513.166666666667,1181.0,270,True,-3.8056360370567286,-3.8056360370567286,-7.611272074113457
6,0,3999.166666666667,730.0,262,True,-2.4574844809006686,-2.4574844809006686,-4.914968961801337
6,1,4267.666666666667,763.0,261,True,-2.576201602189293,-2.576201602189293,-5.152403204378586
6,2,4541.666666666666,841.0,263,True,-2.825454656156923,-2.825454656156923,-5.650909312313846
6,3,4073.499999999999,1011.0,268,True,-3.2760851979521086,-3.2760851979521086,-6.552170395904217
7,0,4265.333333333333,761.0,261,True,-2.5702184126729932,-2.5702184126729932,-5.1404368253459864
7,1,4367.666666666666,683.0,261,True,-2.353680987735051,-2.353680987735051,-4.707361975470102
7,2,3852.166666666667,402.0,256,True,-1.496728512472104,-1.496728512472104,-2.993457024944208
7,3,4188.666666666666,647.0,262,True,-2.234073812463635,-2.234073812463635,-4.46814762492727
8,0,3751.9999999999995,667.0,263,True,-2.253916719087238,-2.253916719087238,-4.507833438174476
8,1,4253.999999999999,733.0,262,True,-2.488308321232144,-2.488308321232144,-4.976616642464288
8,2,4522.5,691.0,260,True,-2.390262436740423,-2.390262436740423,-4.780524873480846
8,3,3924.166666666667,402.0,254,True,-1.502987658504354,-1.502987658504354,-3.005975317008708
9,0,4155.333333333333,367.0,256,True,-1.4219275047576323,-1.4219275047576323,-2.8438550095152646
9,1,4578.833333333334,505.0,259,True,-1.8575873846248414,-1.8575873846248414,-3.715174769249683
9,2,4221.833333333334,347.0,256,True,-1.369905053370995,-1.369905053370995,-2.73981010674199
9,3,4047.8333333333335,417.0,257,True,-1.5570909225213758,-1.5570909225213758,-3.1141818450427516
10,0,3824.3333333333335,597.0,257,True,-2.057892703919093,-2.057892703919093,-4.115785407838186
10,1,4308.666666666667,582.0,259,True,-2.0566444508410884,-2.0566444508410884,-4.113288901682177
10,2,3889.999999999999,790.0,261,True,-2.6214047451288214,-2.6214047451288214,-5.242809490257643
10,3,3720.333333333333,590.0,261,True,-2.0286205013330068,-2.0286205013330068,-4.0572410026660135
11,0,4462.166666666666,560.0,258,True,-2.0064047874226136,-2.0064047874226136,-4.012809574845227
11,1,4183.833333333334,417.0,255,True,-1.5689137539156295,-1.5689137539156295,-3.137827507831259
11,2,4574.833333333332,637.0,260,True,-2.2387425444631264,-2.2387425444631264,-4.477485088926253
11,3,4189.166666666666,402.0,256,True,-1.5260247932063935,-1.5260247932063935,-3.052049586412787
12,0,3828.0,475.0,255,True,-1.7056103006569259,-1.7056103006569259,-3.4112206013138517
12,1,4208.833333333334,317.0,255,True,-1.2820697274696995,-1.2820697274696995,-2.564139454939399
12,2,4015.9999999999995,545.0,258,True,-1.9242657651361308,-1.9242657651361308,-3.8485315302722616
12,3,4038.8333333333335,352.0,255,True,-1.3684472575910445,-1.3684472575910445,-2.736894515182089
13,0,3436.0,247.0,253,True,-1.012573190242412,-1.012573190242412,-2.025146380484824
13,1,3438.8333333333335,317.0,254,True,-1.2151316379581156,-1.2151316379581156,-2.4302632759162313
13,2,3513.0,282.0,254,True,-1.1204230685577328,-1.1204230685577328,-2.2408461371154655
13,3,4228.833333333334,417.0,256,True,-1.572825720185788,-1.572825720185788,-3.145651440371576
14,0,3960.8333333333335,382.0,255,True,-1.4483717183682432,-1.4483717183682432,-2.8967434367364864
14,1,4315.833333333334,412.0,257,True,-1.5659379879227362,-1.5659379879227362,-3.1318759758454724
14,2,4365.833333333334,410.0,255,True,-1.5645042702909913,-1.5645042702909913,-3.1290085405819825
14,3,4190.833333333334,382.0,255,True,-1.4683662126379373,-1.4683662126379373,-2.9367324252758746
15,0,4366.833333333334,317.0,254,True,-1.295805075707142,-1.295805075707142,-2.591610151414284
15,1,4601.5,460.0,257,True,-1.7295000530556761,-1.7295000530556761,-3.4590001061113522
15,2,4189.833333333334,382.0,256,True,-1.4682792800541549,-1.4682792800541549,-2.9365585601083097
15,3,3542.0,377.0,257,True,-1.3975105874758293,-1.3975105874758293,-2.7950211749516587
16,0,4315.833333333334,475.0,257,True,-1.7480189127782275,-1.7480189127782275,-3.496037825556455
16,1,4159.833333333334,317.0,255,True,-1.277810030864417,-1.277810030864417,-2.555620061728834
16,2,4429.833333333334,412.0,257,True,-1.575848302473801,-1.575848302473801,-3.151696604947602
16,3,4140.833333333334,417.0,256,True,-1.5651756528130343,-1.5651756528130343,-3.1303513056260686
17,0,3819.8333333333335,382.0,257,True,-1.4361142240550837,-1.4361142240550837,-2.8722284481101674
17,1,3775.0,252.0,252,True,-1.056494203196288,-1.056494203196288,-2.112988406392576
17,2,3587.3333333333335,432.0,257,True,-1.5604110688461683,-1.5604110688461683,-3.1208221376923366
17,3,3996.8333333333335,317.0,254,True,-1.2636400197080688,-1.2636400197080688,-2.5272800394161377
18,0,3838.8333333333335,382.0,257,True,-1.4377659431469265,-1.4377659431469265,-2.875531886293853
18,1,4242.833333333334,382.0,257,True,-1.4728867069945633,-1.4728867069945633,-2.9457734139891265
18,2,4078.8333333333335,475.0,258,True,-1.7274158904220638,-1.7274158904220638,-3.4548317808441276
18,3,4043.0,503.0,256,True,-1.8052256616612312,-1.8052256616612312,-3.6104513233224624
19,0,4269.166666666666,432.0,257,True,-1.619684602221035,-1.619684602221035,-3.23936920444207
19,1,4236.833333333334,382.0,256,True,-1.4723651114918759,-1.4723651114918759,-2.9447302229837518
19,2,4110.833333333334,382.0,257,True,-1.4614116059354358,-1.4614116059354358,-2.9228232118708717
19,3,4190.833333333334,317.0,255,True,-1.2805049409616365,-1.2805049409616365,-2.561009881923273
20,0,3888.8333333333335,317.0,255,True,-1.254251300659691,-1.254251300659691,-2.508502601319382
20,1,4442.833333333334,347.0,256,True,-1.3891171543866583,-1.3891171543866583,-2.7782343087733166
20,2,4256.833333333334,317.0,254,True,-1.2862424914912,-1.2862424914912,-2.5724849829824
20,3,4173.833333333334,317.0,254,True,-1.2790270870373541,-1.2790270870373541,-2.5580541740747083
21,0,4032.8333333333335,317.0,255,True,-1.2667695927241935,-1.2667695927241935,-2.533539185448387
21,1,4234.833333333334,382.0,256,True,-1.4721912463243139,-1.4721912463243139,-2.9443824926486277
21,2,3494.0,282.0,254,True,-1.1187713494658882,-1.1187713494658882,-2.2375426989317764
21,3,3565.0,282.0,254,True,-1.124943562914358,-1.124943562914358,-2.249887125828716
22,0,4252.833333333334,475.0,258,True,-1.742542160000007,-1.742542160000007,-3.485084320000014
22,1,4152.833333333334,410.0,255,True,-1.5459876299455775,-1.5459876299455775,-3.091975259891155
22,2,3895.8333333333335,382.0,256,True,-1.442721100422461,-1.442721100422461,-2.885442200844922
22,3,3564.0,282.0,253,True,-1.1248566303305774,-1.1248566303305774,-2.2497132606611547
23,0,4035.0,513.0,257,True,-1.833431935095027,-1.833431935095027,-3.666863870190054
23,1,3955.333333333333,527.0,258,True,-1.8669687336661167,-1.8669687336661167,-3.7339374673322334
23,2,4088.333333333333,560.0,259,True,-1.9739064898523806,-1.9739064898523806,-3.947812979704761
23,3,3765.8333333333335,317.0,254,True,-1.2435585928545931,-1.2435585928545931,-2.4871171857091863
24,0,4183.833333333334,505.0,258,True,-1.8232490140312376,-1.8232490140312376,-3.6464980280624752
24,1,4258.833333333334,447.0,259,True,-1.6621389000113658,-1.6621389000113658,-3.3242778000227315
24,2,3931.166666666667,402.0,257,True,-1.5035961865908247,-1.5035961865908247,-3.0071923731816494
24,3,3678.0,282.0,254,True,-1.1347669448816426,-1.1347669448816426,-2.2695338897632853
25,0,3501.0,247.0,253,True,-1.0182238081881956,-1.0182238081881956,-2.036447616376391
25,1,3635.0,282.0,254,True,-1.1310288437790474,-1.1310288437790474,-2.262057687558095
25,2,4409.833333333334,317.0,255,True,-1.2995431768097354,-1.2995431768097354,-2.599086353619471
25,3,3620.0,347.0,255,True,-1.3175861266986295,-1.3175861266986295,-2.635172253397259
26,0,4078.8333333333335,418.0,255,True,-1.5626760060290006,-1.5626760060290006,-3.125352012058001
26,1,3452.0,217.0,252,True,-0.9272589092707744,-0.9272589092707744,-1.8545178185415487
26,2,3873.3333333333335,367.0,256,True,-1.3974125161313127,-1.3974125161313127,-2.7948250322626254
26,3,3924.0,503.0,257,True,-1.7948806841912581,-1.7948806841912581,-3.5897613683825162
27,0,4012.1666666666665,375.0,255,True,-1.432603043796183,-1.432603043796183,-2.865206087592366
27,1,3967.0,440.0,257,True,-1.6165378604383633,-1.6165378604383633,-3.2330757208767267
27,2,4103.833333333334,317.0,255,True,-1.2729418061726665,-1.2729418061726665,-2.545883612345333
27,3,3375.166666666667,347.0,256,True,-1.2963021324361794,-1.2963021324361794,-2.592604264872359
28,0,3395.0,347.0,254,True,-1.2980262953478425,-1.2980262953478425,-2.596052590695685
28,1,3838.0,503.0,257,True,-1.78740448198607,-1.78740448198607,-3.57480896397214
28,2,3404.0,470.0,255,True,-1.6543000180816445,-1.6543000180816445,-3.308600036163289
28,3,4553.833333333334,282.0,253,True,-1.2109053995100787,-1.2109053995100787,-2.4218107990201574
29,0,3986.8333333333335,317.0,255,True,-1.2627706938702568,-1.2627706938702568,-2.5255413877405135
29,1,3742.3333333333335,332.0,254,True,-1.2848682782918053,-1.2848682782918053,-2.5697365565836106
29,2,3856.5,460.0,256,True,-1.6647352781386244,-1.6647352781386244,-3.329470556277249
29,3,4182.833333333334,252.0,253,True,-1.0919482086150862,-1.0919482086150862,-2.1838964172301725
30,0,4312.833333333334,475.0,256,True,-1.7477581150268822,-1.7477581150268822,-3.4955162300537643
30,1,4305.833333333334,513.0,258,True,-1.8569761765357895,-1.8569761765357895,-3.713952353071579
30,2,4335.833333333334,410.0,256,True,-1.561896292777553,-1.561896292777553,-3.123792585555106
30,3,4106.333333333333,462.0,259,True,-1.6922342821407892,-1.6922342821407892,-3.3844685642815784
31,0,3367.0,282.0,254,True,-1.1077309113256655,-1.1077309113256655,-2.215461822651331
31,1,4189.833333333334,347.0,254,True,-1.3671232106899944,-1.3671232106899944,-2.734246421379989
31,2,4259.833333333334,317.0,255,True,-1.2865032892425452,-1.2865032892425452,-2.5730065784850904
31,3,4060.8333333333335,317.0,254,True,-1.269203705070071,-1.269203705070071,-2.538407410140142
32,0,4281.166666666666,590.0,257,True,-2.077375192070339,-2.077375192070339,-4.154750384140678
32,1,3598.3333333333335,332.0,255,True,-1.2723499862273002,-1.2723499862273002,-2.5446999724546004
32,2,3945.1666666666665,495.0,256,True,-1.7735993699313926,-1.7735993699313926,-3.547198739862785
32,3,3266.3333333333335,337.0,254,True,-1.2579392354639376,-1.2579392354639376,-2.515878470927875
33,0,3876.3333333333335,420.0,257,True,-1.5508525046341022,-1.5508525046341022,-3.1017050092682044
33,1,4052.8333333333335,275.0,253,True,-1.1471209611628264,-1.1471209611628264,-2.2942419223256527
33,2,3949.3333333333335,367.0,254,True,-1.4040193924986897,-1.4040193924986897,-2.8080387849973794
33,3,4068.8333333333335,382.0,257,True,-1.45776043741662,-1.45776043741662,-2.91552087483324
34,0,3463.333333333333,367.0,256,True,-1.3617701567809894,-1.3617701567809894,-2.723540313561979
34,1,3404.333333333333,432.0,258,True,-1.5445024060141936,-1.5445024060141936,-3.0890048120283873
34,2,3441.0,375.0,253,True,-1.382950049693111,-1.382950049693111,-2.765900099386222
34,3,4148.833333333334,317.0,254,True,-1.2768537724428235,-1.2768537724428235,-2.553707544885647
35,0,4137.166666666666,467.0,258,True,-1.709365570526068,-1.709365570526068,-3.418731141052136
35,1,4273.5,552.0,260,True,-1.9668821193326425,-1.9668821193326425,-3.933764238665285
35,2,4049.8333333333335,252.0,253,True,-1.0803861749721757,-1.0803861749721757,-2.1607723499443514
35,3,3978.1666666666665,467.0,257,True,-1.6955432897048448,-1.6955432897048448,-3.3910865794096896
36,0,4265.0,568.0,258,True,-2.012385966936975,-2.012385966936975,-4.02477193387395
36,1,3460.0,312.0,253,True,-1.2025208439294635,-1.2025208439294635,-2.405041687858927
36,2,3307.0,507.0,259,True,-1.7528039736398289,-1.7528039736398289,-3.5056079472796577
36,3,3740.8333333333335,475.0,257,True,-1.6980326771039937,-1.6980326771039937,-3.3960653542079875
37,0,4067.8333333333335,382.0,256,True,-1.45767350483284,-1.45767350483284,-2.91534700966568
37,1,4054.8333333333335,382.0,256,True,-1.4565433812436834,-1.4565433812436834,-2.913086762487367
37,2,3384.3333333333335,302.0,254,True,-1.1670412109859678,-1.1670412109859678,-2.3340824219719356
37,3,4051.1666666666665,467.0,259,True,-1.701889368320878,-1.701889368320878,-3.403778736641756
38,0,3316.0,282.0,253,True,-1.1032973495528207,-1.1032973495528207,-2.2065946991056413
38,1,3507.333333333333,440.0,255,True,-1.5765778494269034,-1.5765778494269034,-3.1531556988538068
38,2,3792.8333333333335,382.0,254,True,-1.4337670442929886,-1.4337670442929886,-2.8675340885859772
38,3,3526.0,440.0,257,True,-1.5782005909908192,-1.5782005909908192,-3.1564011819816384
39,0,3978.666666666667,452.0,257,True,-1.6522341548406656,-1.6522341548406656,-3.304468309681331
39,1,3907.8333333333335,317.0,254,True,-1.2559030197515348,-1.2559030197515348,-2.5118060395030697
39,2,3911.8333333333335,382.0,255,True,-1.4441120217629608,-1.4441120217629608,-2.8882240435259217
39,3,3827.8333333333335,382.0,255,True,-1.4368096847253329,-1.4368096847253329,-2.8736193694506658
40,0,4085.8333333333335,447.0,255,True,-1.6470995630172047,-1.6470995630172047,-3.2941991260344095
40,1,3398.8333333333335,382.0,255,True,-1.3995156062831648,-1.3995156062831648,-2.7990312125663297
40,2,3547.3333333333335,367.0,255,True,-1.3690724938186158,-1.3690724938186158,-2.7381449876372317
40,3,4129.0,568.0,254,True,-2.000563135542722,-2.000563135542722,-4.001126271085444
41,0,4094.8333333333335,282.0,254,True,-1.1710033435544724,-1.1710033435544724,-2.342006687108945
41,1,4105.833333333334,447.0,259,True,-1.648838214692829,-1.648838214692829,-3.297676429385658
41,2,3376.0,347.0,253,True,-1.2963745762559973,-1.2963745762559973,-2.5927491525119946
41,3,3323.0,282.0,254,True,-1.1039058776392898,-1.1039058776392898,-2.2078117552785796
42,0,3842.8333333333335,382.0,255,True,-1.438113673482052,-1.438113673482052,-2.876227346964104
42,1,2996.0,217.0,252,True,-0.8876176510665115,-0.8876176510665115,-1.775235302133023
42,2,3170.0,282.0,254,True,-1.090605192320754,-1.090605192320754,-2.181210384641508
42,3,4018.8333333333335,382.0,256,True,-1.4534138082275583,-1.4534138082275583,-2.9068276164551166
43,0,3800.8333333333335,317.0,252,True,-1.2466012332869396,-1.2466012332869396,-2.4932024665738792
43,1,3982.8333333333335,382.0,254,True,-1.450284235211433,-1.450284235211433,-2.900568470422866
43,2,3939.8333333333335,382.0,255,True,-1.4465461341088355,-1.4465461341088355,-2.893092268217671
43,3,4180.833333333334,475.0,254,True,-1.7362830139677552,-1.7362830139677552,-3.4725660279355104
44,0,3354.0,247.0,253,True,-1.0054447183723465,-1.0054447183723465,-2.010889436744693
44,1,3828.8333333333335,317.0,253,True,-1.2490353456328145,-1.2490353456328145,-2.498070691265629
44,2,3928.8333333333335,317.0,253,True,-1.2577286040109419,-1.2577286040109419,-2.5154572080218838
44,3,3725.8333333333335,317.0,254,True,-1.240081289503343,-1.240081289503343,-2.480162579006686
45,0,3878.8333333333335,347.0,254,True,-1.3400871771340168,-1.3400871771340168,-2.6801743542680336
45,1,3145.0,217.0,252,True,-0.9005706060499212,-0.9005706060499212,-1.8011412120998425
45,2,3223.0,217.0,252,True,-0.9073513475848612,-0.9073513475848612,-1.8147026951697225
45,3,4046.8333333333335,475.0,256,True,-1.7246340477410638,-1.7246340477410638,-3.4492680954821275
46,0,3768.333333333333,367.0,255,True,-1.3882845948342781,-1.3882845948342781,-2.7765691896685563
46,1,3930.8333333333335,412.0,256,True,-1.532468943166945,-1.532468943166945,-3.06493788633389
46,2,3819.8333333333335,317.0,255,True,-1.2482529523787833,-1.2482529523787833,-2.4965059047575666
46,3,3857.8333333333335,317.0,255,True,-1.2515563905624718,-1.2515563905624718,-2.5031127811249436
47,0,4024.333333333333,410.0,256,True,-1.5348167929296828,-1.5348167929296828,-3.0696335858593655
47,1,3891.8333333333335,317.0,255,True,-1.2545120984110347,-1.2545120984110347,-2.5090241968220695
47,2,4377.833333333334,440.0,255,True,-1.652252663608505,-1.652252663608505,-3.30450532721701
47,3,3905.3333333333335,367.0,254,True,-1.4001943588123145,-1.4001943588123145,-2.800388717624629
48,0,3706.8333333333335,252.0,253,True,-1.0505682987351972,-1.0505682987351972,-2.1011365974703944
48,1,3276.0,282.0,254,True,-1.0998200462015693,-1.0998200462015693,-2.1996400924031385
48,2,3820.8333333333335,252.0,253,True,-1.0604786132862636,-1.0604786132862636,-2.120957226572527
48,3,3828.8333333333335,382.0,257,True,-1.436896617309115,-1.436896617309115,-2.87379323461823
49,0,4051.0,410.0,255,True,-1.5371349951638518,-1.5371349951638518,-3.0742699903277035
49,1,3822.8333333333335,317.0,255,True,-1.2485137501301273,-1.2485137501301273,-2.4970275002602547
49,2,3863.8333333333335,382.0,255,True,-1.4399392577414605,-1.4399392577414605,-2.879878515482921
49,3,4031.8333333333335,317.0,255,True,-1.2666826601404133,-1.2666826601404133,-2.5333653202808266
50,0,3862.8333333333335,317.0,255,True,-1.2519910534813774,-1.2519910534813774,-2.503982106962755
50,1,4000.8333333333335,317.0,254,True,-1.263987750043195,-1.263987750043195,-2.52797550008639
50,2,3842.333333333333,367.0,255,True,-1.3947176060340936,-1.3947176060340936,-2.789435212068187
50,3,3795.8333333333335,317.0,255,True,-1.2461665703680331,-1.2461665703680331,-2.4923331407360663
51,0,3944.8333333333335,447.0,255,True,-1.6348420687040428,-1.6348420687040428,-3.2696841374080856
51,1,3370.0,347.0,255,True,-1.2958529807533103,-1.2958529807533103,-2.5917059615066207
51,2,3721.8333333333335,347.0,254,True,-1.3264387614803563,-1.3264387614803563,-2.6528775229607127
51,3,3618.0,405.0,255,True,-1.4850423193345346,-1.4850423193345346,-2.970084638669069
52,0,3891.8333333333335,447.0,258,True,-1.6302346417636364,-1.6302346417636364,-3.260469283527273
52,1,4192.833333333334,440.0,256,True,-1.6361701356089686,-1.6361701356089686,-3.2723402712179372
52,2,3234.166666666667,252.0,252,True,-1.0094781641345807,-1.0094781641345807,-2.0189563282691614
52,3,3204.0,282.0,254,True,-1.0935609001693183,-1.0935609001693183,-2.1871218003386366
53,0,3801.8333333333335,317.0,255,True,-1.24668816587072,-1.24668816587072,-2.49337633174144
53,1,3999.8333333333335,252.0,253,True,-1.0760395457831122,-1.0760395457831122,-2.1520790915662245
53,2,3897.8333333333335,317.0,254,True,-1.255033693913723,-1.255033693913723,-2.510067387827446
53,3,3777.8333333333335,382.0,257,True,-1.4324630555362696,-1.4324630555362696,-2.8649261110725392
54,0,4194.166666666666,402.0,256,True,-1.526459456125301,-1.526459456125301,-3.052918912250602
54,1,3873.1666666666665,402.0,256,True,-1.498554096731511,-1.498554096731511,-2.997108193463022
54,2,3937.8333333333335,382.0,257,True,-1.4463722689412746,-1.4463722689412746,-2.892744537882549
54,3,3723.8333333333335,317.0,255,True,-1.239907424335781,-1.239907424335781,-2.479814848671562
55,0,3858.8333333333335,447.0,256,True,-1.627365866498854,-1.627365866498854,-3.254731732997708
55,1,3217.0,282.0,253,True,-1.0946910237584742,-1.0946910237584742,-2.1893820475169483
55,2,3866.8333333333335,317.0,254,True,-1.252338783816503,-1.252338783816503,-2.504677567633006
55,3,3240.0,282.0,253,True,-1.0966904731854437,-1.0966904731854437,-2.1933809463708873
56,0,3750.8333333333335,447.0,256,True,-1.6179771474504763,-1.6179771474504763,-3.2359542949009525
56,1,3221.0,282.0,253,True,-1.0950387540935989,-1.0950387540935989,-2.1900775081871977
56,2,4008.8333333333335,382.0,254,True,-1.452544482389745,-1.452544482389745,-2.90508896477949
56,3,3887.8333333333335,382.0,254,True,-1.4420256397522104,-1.4420256397522104,-2.884051279504421
57,0,3892.8333333333335,252.0,253,True,-1.066737759318515,-1.066737759318515,-2.13347551863703
57,1,3773.8333333333335,317.0,254,True,-1.244254053524844,-1.244254053524844,-2.488508107049688
57,2,3844.8333333333335,317.0,255,True,-1.2504262669733155,-1.2504262669733155,-2.500852533946631
57,3,3820.8333333333335,317.0,254,True,-1.248339884962565,-1.248339884962565,-2.49667976992513
58,0,3888.8333333333335,317.0,254,True,-1.2542513006596927,-1.2542513006596927,-2.5085026013193854
58,1,3934.8333333333335,410.0,254,True,-1.5270363266812608,-1.5270363266812608,-3.0540726533625215
58,2,4038.8333333333335,317.0,255,True,-1.2672911882268827,-1.2672911882268827,-2.5345823764537654
58,3,3844.8333333333335,317.0,255,True,-1.2504262669733144,-1.2504262669733144,-2.5008525339466288
59,0,3920.8333333333335,317.0,254,True,-1.2570331433406927,-1.2570331433406927,-2.5140662866813854
59,1,4004.1666666666665,467.0,255,True,-1.6978035368831592,-1.6978035368831592,-3.3956070737663184
59,2,3825.8333333333335,317.0,254,True,-1.24877454788147,-1.24877454788147,-2.49754909576294
59,3,3851.8333333333335,317.0,255,True,-1.2510347950597842,-1.2510347950597842,-2.5020695901195684
60,0,3760.8333333333335,317.0,254,True,-1.2431239299356873,-1.2431239299356873,-2.4862478598713746
60,1,3911.8333333333335,317.0,254,True,-1.256250750086661,-1.256250750086661,-2.512501500173322
60,2,3994.8333333333335,382.0,254,True,-1.4513274262168077,-1.4513274262168077,-2.9026548524336153
60,3,3901.8333333333335,317.0,252,True,-1.255381424248848,-1.255381424248848,-2.510762848497696
61,0,3094.0,217.0,252,True,-0.8961370442770756,-0.8961370442770756,-1.7922740885541513
61,1,3886.8333333333335,317.0,254,True,-1.2540774354921285,-1.2540774354921285,-2.508154870984257
61,2,3801.8333333333335,382.0,255,True,-1.4345494375470214,-1.4345494375470214,-2.8690988750940427
61,3,3802.8333333333335,408.0,254,True,-1.509780878801323,-1.509780878801323,-3.019561757602646
62,0,3966.8333333333335,317.0,255,True,-1.2610320421946313,-1.2610320421946313,-2.5220640843892626
62,1,3882.8333333333335,317.0,255,True,-1.2537297051570038,-1.2537297051570038,-2.5074594103140075
62,2,4122.833333333334,475.0,257,True,-1.7312409241084397,-1.7312409241084397,-3.4624818482168793
62,3,3639.333333333333,460.0,257,True,-1.645856418694124,-1.645856418694124,-3.291712837388248
63,0,3181.0,282.0,254,True,-1.0915614507423486,-1.0915614507423486,-2.183122901484697
63,1,3865.8333333333335,317.0,255,True,-1.2522518512327219,-1.2522518512327219,-2.5045037024654437
63,2,3962.8333333333335,382.0,255,True,-1.4485455835358068,-1.4485455835358068,-2.8970911670716135
63,3,4401.833333333334,540.0,258,True,-1.943356386659717,-1.943356386659717,-3.886712773319434
64,0,3889.8333333333335,447.0,255,True,-1.630060776596073,-1.630060776596073,-3.260121553192146
64,1,3691.8333333333335,447.0,257,True,-1.612848125007381,-1.612848125007381,-3.225696250014762
64,2,3786.8333333333335,382.0,254,True,-1.4332454487903026,-1.4332454487903026,-2.866490897580605
64,3,3162.0,217.0,252,True,-0.9020484599742031,-0.9020484599742031,-1.8040969199484063
65,0,3936.8333333333335,252.0,253,True,-1.070562793004892,-1.070562793004892,-2.141125586009784
65,1,4048.8333333333335,252.0,253,True,-1.0802992423883948,-1.0802992423883948,-2.1605984847767896
65,2,3990.8333333333335,317.0,254,True,-1.2631184242053826,-1.2631184242053826,-2.526236848410765
65,3,3792.8333333333335,317.0,253,True,-1.2459057726166893,-1.2459057726166893,-2.4918115452333787
66,0,3210.0,217.0,252,True,-0.9062212239957051,-0.9062212239957051,-1.8124424479914103
66,1,3211.0,217.0,252,True,-0.9063081565794856,-0.9063081565794856,-1.8126163131589712
66,2,3981.8333333333335,483.0,255,True,-1.7421048170785178,-1.7421048170785178,-3.4842096341570357
66,3,3830.1666666666665,402.0,255,True,-1.4948159956289153,-1.4948159956289153,-2.9896319912578306
67,0,4046.166666666667,402.0,256,True,-1.513593433725672,-1.513593433725672,-3.027186867451344
67,1,3896.8333333333335,317.0,255,True,-1.2549467613299412,-1.2549467613299412,-2.5098935226598824
67,2,4031.8333333333335,347.0,256,True,-1.3533878624525522,-1.3533878624525522,-2.7067757249051043
67,3,3928.8333333333335,382.0,256,True,-1.445589875687243,-1.445589875687243,-2.891179751374486
68,0,3872.8333333333335,317.0,253,True,-1.2528603793191913,-1.2528603793191913,-2.5057207586383825
68,1,3186.0,217.0,252,True,-0.9041348419849539,-0.9041348419849539,-1.8082696839699077
68,2,3719.8333333333335,317.0,254,True,-1.2395596940006546,-1.2395596940006546,-2.479119388001309
68,3,3995.8333333333335,475.0,257,True,-1.7202004859682174,-1.7202004859682174,-3.440400971936435
69,0,3841.8333333333335,317.0,254,True,-1.2501654692219717,-1.2501654692219717,-2.5003309384439434
69,1,3929.8333333333335,252.0,253,True,-1.0699542649184228,-1.0699542649184228,-2.1399085298368457
69,2,3257.0,217.0,252,True,-0.9103070554334238,-0.9103070554334238,-1.8206141108668477
69,3,3422.0,217.0,252,True,-0.9246509317573348,-0.9246509317573348,-1.8493018635146696
70,0,3821.3333333333335,395.0,255,True,-1.4738168772660158,-1.4738168772660158,-2.9476337545320317
70,1,3970.8333333333335,317.0,255,True,-1.261379772529757,-1.261379772529757,-2.522759545059514
70,2,3640.8333333333335,382.0,256,True,-1.420553291558234,-1.420553291558234,-2.841106583116468
70,3,4057.8333333333335,605.0,262,True,-2.101312849515259,-2.101312849515259,-4.202625699030518
71,0,3770.8333333333335,252.0,253,True,-1.0561319840971997,-1.0561319840971997,-2.1122639681943993
71,1,3839.8333333333335,317.0,255,True,-1.2499916040544077,-1.2499916040544077,-2.4999832081088154
71,2,3851.8333333333335,382.0,257,True,-1.4388960667360842,-1.4388960667360842,-2.8777921334721683
71,3,3705.8333333333335,382.0,257,True,-1.426203909504018,-1.426203909504018,-2.852407819008036
72,0,3938.8333333333335,475.0,257,True,-1.715245328692685,-1.715245328692685,-3.43049065738537
72,1,3884.8333333333335,317.0,255,True,-1.2539035703245662,-1.2539035703245662,-2.5078071406491325
72,2,3663.8333333333335,317.0,255,True,-1.2346914693089026,-1.2346914693089026,-2.4693829386178052
72,3,3769.8333333333335,252.0,253,True,-1.0560450515134183,-1.0560450515134183,-2.1120901030268366
73,0,3990.8333333333335,412.0,258,True,-1.5376848981938205,-1.5376848981938205,-3.075369796387641
73,1,3653.3333333333335,432.0,257,True,-1.5661486193757312,-1.5661486193757312,-3.1322972387514625
73,2,3706.8333333333335,317.0,254,True,-1.2384295704114987,-1.2384295704114987,-2.4768591408229974
73,3,3883.8333333333335,317.0,253,True,-1.253816637740785,-1.253816637740785,-2.50763327548157
74,0,3819.8333333333335,483.0,255,True,-1.7280217385059495,-1.7280217385059495,-3.456043477011899
74,1,3758.8333333333335,317.0,255,True,-1.2429500647681242,-1.2429500647681242,-2.4859001295362484
74,2,3928.8333333333335,317.0,255,True,-1.2577286040109428,-1.2577286040109428,-2.5154572080218855
74,3,3802.8333333333335,483.0,255,True,-1.726543884581669,-1.726543884581669,-3.453087769163338
75,0,3907.8333333333335,317.0,255,True,-1.2559030197515364,-1.2559030197515364,-2.511806039503073
75,1,3092.166666666667,217.0,252,True,-0.8959776678734772,-0.8959776678734772,-1.7919553357469544
75,2,3781.8333333333335,317.0,255,True,-1.244949514195095,-1.244949514195095,-2.48989902839019
75,3,3751.8333333333335,475.0,257,True,-1.6989889355255858,-1.6989889355255858,-3.3979778710511717
76,0,3744.8333333333335,317.0,254,True,-1.2417330085951876,-1.2417330085951876,-2.4834660171903753
76,1,3403.0,345.0,254,True,-1.292941409197283,-1.292941409197283,-2.585882818394566
76,2,3892.8333333333335,317.0,255,True,-1.2545990309948156,-1.2545990309948156,-2.5091980619896312
76,3,3633.166666666667,417.0,257,True,-1.5210428777800735,-1.5210428777800735,-3.042085755560147
77,0,3986.8333333333335,317.0,254,True,-1.2627706938702565,-1.2627706938702565,-2.525541387740513
77,1,3862.8333333333335,317.0,255,True,-1.2519910534813787,-1.2519910534813787,-2.5039821069627575
77,2,3725.8333333333335,382.0,256,True,-1.427942561179644,-1.427942561179644,-2.855885122359288
77,3,3860.8333333333335,382.0,255,True,-1.4396784599901158,-1.4396784599901158,-2.8793569199802316
78,0,3909.8333333333335,317.0,254,True,-1.256076884919099,-1.256076884919099,-2.512153769838198
78,1,3777.8333333333335,317.0,255,True,-1.2446017838599697,-1.2446017838599697,-2.4892035677199393
78,2,3751.8333333333335,252.0,253,True,-1.0544802650053557,-1.0544802650053557,-2.1089605300107115
78,3,3825.8333333333335,252.0,253,True,-1.06091327620517,-1.06091327620517,-2.12182655241034
79,0,3857.8333333333335,252.0,252,True,-1.0636951188861712,-1.0636951188861712,-2.1273902377723424
79,1,3801.8333333333335,252.0,253,True,-1.0588268941944192,-1.0588268941944192,-2.1176537883888384
79,2,3782.8333333333335,317.0,255,True,-1.2450364467788766,-1.2450364467788766,-2.490072893557753
79,3,3639.8333333333335,252.0,253,True,-1.0447438156218527,-1.0447438156218527,-2.0894876312437054
80,0,3818.8333333333335,317.0,255,True,-1.2481660197950026,-1.2481660197950026,-2.4963320395900053
80,1,4242.833333333334,410.0,256,True,-1.5538115624858937,-1.5538115624858937,-3.1076231249717874
80,2,3734.8333333333335,317.0,255,True,-1.2408636827573754,-1.2408636827573754,-2.4817273655147507
80,3,3685.8333333333335,317.0,254,True,-1.2366039861520925,-1.2366039861520925,-2.473207972304185
81,0,3993.8333333333335,317.0,254,True,-1.2633792219567246,-1.2633792219567246,-2.526758443913449
81,1,3786.8333333333335,252.0,253,True,-1.057522905437701,-1.057522905437701,-2.115045810875402
81,2,3817.8333333333335,317.0,254,True,-1.2480790872112206,-1.2480790872112206,-2.4961581744224413
81,3,3751.8333333333335,317.0,255,True,-1.2423415366816557,-1.2423415366816557,-2.4846830733633114
82,0,3651.8333333333335,317.0,254,True,-1.233648278303528,-1.233648278303528,-2.467296556607056
82,1,3839.8333333333335,317.0,254,True,-1.2499916040544088,-1.2499916040544088,-2.4999832081088176
82,2,3903.8333333333335,317.0,255,True,-1.2555552894164101,-1.2555552894164101,-2.5111105788328203
82,3,3739.8333333333335,317.0,255,True,-1.2412983456762812,-1.2412983456762812,-2.4825966913525623
83,0,3623.8333333333335,317.0,254,True,-1.231214165957652,-1.231214165957652,-2.462428331915304
83,1,3665.8333333333335,317.0,254,True,-1.2348653344764668,-1.2348653344764668,-2.4697306689529337
83,2,3782.8333333333335,548.0,258,True,-1.9126665045823452,-1.9126665045823452,-3.8253330091646904
83,3,3658.8333333333335,317.0,255,True,-1.2342568063899977,-1.2342568063899977,-2.4685136127799954
84,0,3713.333333333333,475.0,257,True,-1.6956420310500062,-1.6956420310500062,-3.3912840621000124
84,1,3627.8333333333335,317.0,254,True,-1.2315618962927766,-1.2315618962927766,-2.463123792585553
84,2,3596.8333333333335,317.0,255,True,-1.2288669861955572,-1.2288669861955572,-2.4577339723911145
84,3,3753.8333333333335,317.0,255,True,-1.2425154018492177,-1.2425154018492177,-2.4850308036984354
85,0,3446.8333333333335,252.0,252,True,-1.0279658269520653,-1.0279658269520653,-2.0559316539041306
85,1,3396.8333333333335,252.0,252,True,-1.0236191977630018,-1.0236191977630018,-2.0472383955260036
85,2,3608.8333333333335,317.0,254,True,-1.229910177200933,-1.229910177200933,-2.459820354401866
85,3,3607.8333333333335,483.0,257,True,-1.7095920307443204,-1.7095920307443204,-3.419184061488641
86,0,3557.8333333333335,252.0,253,True,-1.0376153437517883,-1.0376153437517883,-2.0752306875035766
86,1,3394.8333333333335,317.0,255,True,-1.2113066042717402,-1.2113066042717402,-2.4226132085434804
86,2,3535.8333333333335,252.0,252,True,-1.0357028269085997,-1.0357028269085997,-2.0714056538171994
86,3,3743.8333333333335,252.0,253,True,-1.0537848043351046,-1.0537848043351046,-2.107569608670209
87,0,3669.8333333333335,252.0,253,True,-1.047351793135291,-1.047351793135291,-2.094703586270582
87,1,3556.5,483.0,255,True,-1.7051294914435478,-1.7051294914435478,-3.4102589828870955
87,2,3513.8333333333335,252.0,253,True,-1.0337903100654116,-1.0337903100654116,-2.067580620130823
87,3,3440.8333333333335,252.0,253,True,-1.0274442314493781,-1.0274442314493781,-2.0548884628987563
88,0,3801.3333333333335,302.0,254,True,-1.2032920984227609,-1.2032920984227609,-2.4065841968455217
88,1,3809.8333333333335,252.0,253,True,-1.0595223548646693,-1.0595223548646693,-2.1190447097293386
88,2,3642.8333333333335,317.0,255,True,-1.232865885049497,-1.232865885049497,-2.465731770098994
88,3,3670.8333333333335,252.0,253,True,-1.0474387257190718,-1.0474387257190718,-2.0948774514381436
89,0,3501.8333333333335,252.0,253,True,-1.0327471190600357,-1.0327471190600357,-2.0654942381200714
89,1,3810.8333333333335,252.0,253,True,-1.0596092874484513,-1.0596092874484513,-2.1192185748969026
89,2,3486.8333333333335,252.0,253,True,-1.0314431303033171,-1.0314431303033171,-2.0628862606066343
89,3,3648.8333333333335,252.0,253,True,-1.0455262088758834,-1.0455262088758834,-2.091052417751767
90,0,3468.8333333333335,252.0,253,True,-1.0298783437952541,-1.0298783437952541,-2.0597566875905082
90,1,3787.8333333333335,540.0,259,True,-1.889979780218014,-1.889979780218014,-3.779959560436028
90,2,3835.8333333333335,410.0,256,True,-1.5184300008869138,-1.5184300008869138,-3.0368600017738276
90,3,3842.8333333333335,475.0,256,True,-1.7068998006496836,-1.7068998006496836,-3.413799601299367
91,0,4039.8333333333335,475.0,256,True,-1.7240255196545942,-1.7240255196545942,-3.4480510393091883
91,1,3570.8333333333335,252.0,253,True,-1.0387454673409435,-1.0387454673409435,-2.077490934681887
91,2,3779.8333333333335,382.0,257,True,-1.432636920703832,-1.432636920703832,-2.865273841407664
91,3,3699.8333333333335,252.0,252,True,-1.04995977064873,-1.04995977064873,-2.09991954129746
92,0,3628.8333333333335,418.0,255,True,-1.523556343327426,-1.523556343327426,-3.047112686654852
92,1,3757.8333333333335,475.0,258,True,-1.6995105310282745,-1.6995105310282745,-3.399021062056549
92,2,3840.8333333333335,410.0,256,True,-1.5188646638058207,-1.5188646638058207,-3.0377293276116415
92,3,3406.0,511.0,256,True,-1.7729709930757944,-1.7729709930757944,-3.545941986151589
93,0,3486.5,395.0,255,True,-1.4447089504632498,-1.4447089504632498,-2.8894179009264995
93,1,3275.8333333333335,418.0,255,True,-1.4928691412526343,-1.4928691412526343,-2.9857382825052685
93,2,3532.8333333333335,345.0,254,True,-1.3042281563248863,-1.3042281563248863,-2.6084563126497726
93,3,3444.8333333333335,641.0,259,True,-2.152069418431902,-2.152069418431902,-4.304138836863804
94,0,3745.3333333333335,525.0,259,True,-1.8429325442512396,-1.8429325442512396,-3.6858650885024793
94,1,3537.8333333333335,345.0,253,True,-1.3046628192437928,-1.3046628192437928,-2.6093256384875856
94,2,3625.333333333333,503.0,256,True,-1.7689168191685838,-1.7689168191685838,-3.5378336383371676
94,3,3548.0,413.0,255,True,-1.502078425753081,-1.502078425753081,-3.004156851506162
95,0,3575.8333333333335,345.0,254,True,-1.3079662574274804,-1.3079662574274804,-2.615932514854961
95,1,3320.0,282.0,254,True,-1.1036450798879456,-1.1036450798879456,-2.207290159775891
95,2,3167.166666666667,217.0,252,True,-0.9024976116570725,-0.9024976116570725,-1.804995223314145
95,3,3650.333333333333,588.0,259,True,-2.0167548736475114,-2.0167548736475114,-4.033509747295023
96,0,3320.0,345.0,254,True,-1.2857260047434367,-1.2857260047434367,-2.5714520094868734
96,1,3804.8333333333335,382.0,256,True,-1.4348102352983645,-1.4348102352983645,-2.869620470596729
96,2,3560.5,483.0,256,True,-1.705477221778673,-1.705477221778673,-3.410954443557346
96,3,3843.8333333333335,317.0,254,True,-1.2503393343895333,-1.2503393343895333,-2.5006786687790665
97,0,4008.8333333333335,252.0,253,True,-1.0768219390371436,-1.0768219390371436,-2.1536438780742873
97,1,4258.833333333334,540.0,257,True,-1.9309250271789948,-1.9309250271789948,-3.8618500543579897
97,2,3431.0,345.0,254,True,-1.295375521543159,-1.295375521543159,-2.590751043086318
97,3,3549.1666666666665,310.0,252,True,-1.2044919858291516,-1.2044919858291516,-2.4089839716583032
98,0,4145.0,468.0,256,True,-1.7129367158427604,-1.7129367158427604,-3.425873431685521
98,1,3698.8333333333335,317.0,255,True,-1.237734109741248,-1.237734109741248,-2.475468219482496
98,2,4160.833333333334,475.0,257,True,-1.7345443622921282,-1.7345443622921282,-3.4690887245842563
98,3,3628.8333333333335,475.0,256,True,-1.688296227720491,-1.688296227720491,-3.376592455440982
99,0,3641.8333333333335,282.0,254,True,-1.1316228831015545,-1.1316228831015545,-2.263245766203109
99,1,3807.8333333333335,252.0,253,True,-1.0593484896971077,-1.0593484896971077,-2.1186969793942154
99,2,3518.0,282.0,254,True,-1.120857731476639,-1.120857731476639,-2.241715462953278
99,3,3430.0,217.0,252,True,-0.925346392427585,-0.925346392427585,-1.85069278485517
100,0,3810.8333333333335,252.0,253,True,-1.0596092874484508,-1.0596092874484508,-2.1192185748969017
100,1,3708.8333333333335,317.0,255,True,-1.238603435579062,-1.238603435579062,-2.477206871158124
100,2,3881.8333333333335,317.0,255,True,-1.253642772573222,-1.253642772573222,-2.507285545146444
100,3,3954.8333333333335,282.0,254,True,-1.1588327818250936,-1.1588327818250936,-2.3176655636501873
101,0,3876.8333333333335,282.0,254,True,-1.1520520402901542,-1.1520520402901542,-2.3041040805803084
101,1,3756.8333333333335,317.0,255,True,-1.2427761996005626,-1.2427761996005626,-2.4855523992011253
101,2,3811.8333333333335,347.0,255,True,-1.3342626940206714,-1.3342626940206714,-2.668525388041343
101,3,3149.166666666667,217.0,252,True,-0.9009328251490105,-0.9009328251490105,-1.801865650298021
102,0,3806.8333333333335,317.0,255,True,-1.2471228287896259,-1.2471228287896259,-2.4942456575792518
102,1,3781.8333333333335,252.0,253,True,-1.0570882425187935,-1.0570882425187935,-2.114176485037587
102,2,3763.8333333333335,252.0,253,True,-1.0555234560107305,-1.0555234560107305,-2.111046912021461
102,3,3989.8333333333335,252.0,253,True,-1.0751702199453,-1.0751702199453,-2.1503404398906
103,0,3987.8333333333335,317.0,255,True,-1.2628576264540383,-1.2628576264540383,-2.5257152529080766
103,1,3726.8333333333335,317.0,254,True,-1.2401682220871237,-1.2401682220871237,-2.4803364441742475
103,2,3762.8333333333335,382.0,256,True,-1.43115906677955,-1.43115906677955,-2.8623181335591
103,3,3883.8333333333335,252.0,253,True,-1.0659553660644843,-1.0659553660644843,-2.1319107321289685
104,0,3768.8333333333335,317.0,255,True,-1.243819390605938,-1.243819390605938,-2.487638781211876
104,1,3744.8333333333335,252.0,253,True,-1.053871736918887,-1.053871736918887,-2.107743473837774
104,2,4213.833333333334,440.0,257,True,-1.637995719868375,-1.637995719868375,-3.27599143973675
104,3,3843.8333333333335,252.0,253,True,-1.062478062713233,-1.062478062713233,-2.124956125426466
105,0,3830.8333333333335,317.0,255,True,-1.2492092108003774,-1.2492092108003774,-2.498418421600755
105,1,3387.8333333333335,282.0,254,True,-1.1095420068211101,-1.1095420068211101,-2.2190840136422203
105,2,4045.8333333333335,317.0,255,True,-1.2678997163133525,-1.2678997163133525,-2.535799432626705
105,3,3480.8333333333335,317.0,255,True,-1.2187828064769297,-1.2187828064769297,-2.4375656129538594
106,0,3950.8333333333335,282.0,254,True,-1.1584850514899694,-1.1584850514899694,-2.3169701029799388
106,1,4002.8333333333335,317.0,255,True,-1.264161615210757,-1.264161615210757,-2.528323230421514
106,2,3882.8333333333335,382.0,256,True,-1.4415909768333044,-1.4415909768333044,-2.883181953666609
106,3,3796.8333333333335,252.0,253,True,-1.0583922312755132,-1.0583922312755132,-2.1167844625510264
107,0,3870.8333333333335,317.0,255,True,-1.2526865141516281,-1.2526865141516281,-2.5053730283032563
107,1,3759.8333333333335,252.0,253,True,-1.0551757256756056,-1.0551757256756056,-2.110351451351211
107,2,3821.8333333333335,252.0,253,True,-1.0605655458700454,-1.0605655458700454,-2.1211310917400907
107,3,3829.8333333333335,252.0,253,True,-1.061261006540296,-1.061261006540296,-2.122522013080592
108,0,3871.8333333333335,282.0,254,True,-1.1516173773712488,-1.1516173773712488,-2.3032347547424976
108,1,3844.8333333333335,252.0,253,True,-1.0625649952970144,-1.0625649952970144,-2.125129990594029
108,2,4004.8333333333335,252.0,253,True,-1.076474208702019,-1.076474208702019,-2.152948417404038
108,3,3817.8333333333335,282.0,254,True,-1.1469230178470582,-1.1469230178470582,-2.2938460356941164
109,0,3779.8333333333335,252.0,253,True,-1.0569143773512317,-1.0569143773512317,-2.1138287547024635
109,1,3850.8333333333335,252.0,253,True,-1.0630865907997027,-1.0630865907997027,-2.1261731815994054
109,2,3654.8333333333335,252.0,253,True,-1.0460478043785717,-1.0460478043785717,-2.0920956087571434
109,3,3816.8333333333335,382.0,255,True,-1.4358534263037408,-1.4358534263037408,-2.8717068526074816
110,0,3740.8333333333335,252.0,253,True,-1.0535240065837614,-1.0535240065837614,-2.107048013167523
110,1,3780.8333333333335,317.0,255,True,-1.2448625816113141,-1.2448625816113141,-2.4897251632226283
110,2,3980.8333333333335,382.0,256,True,-1.45011037004387,-1.45011037004387,-2.90022074008774
110,3,3957.8333333333335,282.0,254,True,-1.159093579576438,-1.159093579576438,-2.318187159152876
111,0,3650.8333333333335,317.0,255,True,-1.2335613457197474,-1.2335613457197474,-2.467122691439495
111,1,3830.8333333333335,475.0,258,True,-1.7058566096443077,-1.7058566096443077,-3.4117132192886155
111,2,3358.0,247.0,252,True,-1.0057924487074719,-1.0057924487074719,-2.0115848974149437
111,3,3165.1666666666665,310.0,252,True,-1.1711098736571413,-1.1711098736571413,-2.3422197473142825
112,0,3889.8333333333335,252.0,253,True,-1.0664769615671719,-1.0664769615671719,-2.1329539231343437
112,1,3817.8333333333335,252.0,253,True,-1.0602178155349198,-1.0602178155349198,-2.1204356310698396
112,2,3574.8333333333335,317.0,254,True,-1.2269544693523693,-1.2269544693523693,-2.4539089387047386
112,3,3724.8333333333335,252.0,253,True,-1.0521330852432609,-1.0521330852432609,-2.1042661704865218
113,0,4041.8333333333335,475.0,258,True,-1.7241993848221568,-1.7241993848221568,-3.4483987696443137
113,1,3800.8333333333335,252.0,253,True,-1.0587399616106385,-1.0587399616106385,-2.117479923221277
113,2,3627.8333333333335,317.0,255,True,-1.2315618962927781,-1.2315618962927781,-2.4631237925855562
113,3,3673.8333333333335,317.0,254,True,-1.2355607951467165,-1.2355607951467165,-2.471121590293433
114,0,3681.8333333333335,252.0,253,True,-1.0483949841406663,-1.0483949841406663,-2.0967899682813327
114,1,3764.8333333333335,252.0,253,True,-1.055610388594512,-1.055610388594512,-2.111220777189024
114,2,3881.8333333333335,347.0,256,True,-1.3403479748853613,-1.3403479748853613,-2.6806959497707226
114,3,3681.8333333333335,252.0,253,True,-1.0483949841406663,-1.0483949841406663,-2.0967899682813327
115,0,3695.8333333333335,252.0,253,True,-1.0496120403136042,-1.0496120403136042,-2.0992240806272084
115,1,3747.8333333333335,317.0,255,True,-1.241993806346531,-1.241993806346531,-2.483987612693062
115,2,3757.8333333333335,317.0,255,True,-1.2428631321843444,-1.2428631321843444,-2.485726264368689
115,3,3676.8333333333335,317.0,255,True,-1.2358215928980605,-1.2358215928980605,-2.471643185796121
116,0,3402.8333333333335,317.0,255,True,-1.2120020649419905,-1.2120020649419905,-2.424004129883981
116,1,3720.8333333333335,252.0,253,True,-1.051785354908136,-1.051785354908136,-2.103570709816272
116,2,3723.8333333333335,252.0,253,True,-1.05204615265948,-1.05204615265948,-2.10409230531896
116,3,3730.8333333333335,252.0,253,True,-1.0526546807459491,-1.0526546807459491,-2.1053093614918983
117,0,3783.8333333333335,252.0,253,True,-1.057262107686357,-1.057262107686357,-2.114524215372714
117,1,3774.8333333333335,252.0,253,True,-1.0564797144323244,-1.0564797144323244,-2.1129594288646487
117,2,3872.8333333333335,252.0,253,True,-1.0649991076428906,-1.0649991076428906,-2.1299982152857813
117,3,3814.8333333333335,317.0,255,True,-1.2478182894598766,-1.2478182894598766,-2.495636578919753
118,0,3658.8333333333335,317.0,255,True,-1.234256806389998,-1.234256806389998,-2.468513612779996
118,1,3763.8333333333335,252.0,253,True,-1.0555234560107312,-1.0555234560107312,-2.1110469120214623
118,2,3585.8333333333335,252.0,253,True,-1.0400494560976636,-1.0400494560976636,-2.0800989121953273
118,3,3702.8333333333335,317.0,255,True,-1.2380818400763731,-1.2380818400763731,-2.4761636801527462
119,0,3648.8333333333335,252.0,253,True,-1.045526208875883,-1.045526208875883,-2.091052417751766
119,1,3891.8333333333335,252.0,253,True,-1.0666508267347348,-1.0666508267347348,-2.1333016534694695
119,2,3619.8333333333335,252.0,253,True,-1.0430051639462263,-1.0430051639462263,-2.0860103278924527
119,3,3718.8333333333335,317.0,254,True,-1.2394727614168737,-1.2394727614168737,-2.4789455228337474
120,0,3692.8333333333335,317.0,255,True,-1.237212514238561,-1.237212514238561,-2.474425028477122
120,1,3960.8333333333335,410.0,256,True,-1.529296573859573,-1.529296573859573,-3.058593147719146
120,2,3829.8333333333335,317.0,255,True,-1.2491222782165958,-1.2491222782165958,-2.4982445564331917
120,3,3769.8333333333335,252.0,253,True,-1.056045051513419,-1.056045051513419,-2.112090103026838
121,0,3794.8333333333335,282.0,254,True,-1.1449235684200911,-1.1449235684200911,-2.2898471368401823
121,1,3768.8333333333335,252.0,253,True,-1.0559581189296365,-1.0559581189296365,-2.111916237859273
121,2,3805.8333333333335,252.0,253,True,-1.0591746245295446,-1.0591746245295446,-2.118349249059089
121,3,3843.8333333333335,410.0,256,True,-1.5191254615571628,-1.5191254615571628,-3.0382509231143255
122,0,3570.8333333333335,252.0,253,True,-1.0387454673409438,-1.0387454673409438,-2.0774909346818875
122,1,3861.333333333333,540.0,260,True,-1.896369325125937,-1.896369325125937,-3.792738650251874
122,2,3743.8333333333335,252.0,253,True,-1.0537848043351048,-1.0537848043351048,-2.1075696086702096
122,3,3791.8333333333335,252.0,253,True,-1.0579575683566074,-1.0579575683566074,-2.1159151367132147
123,0,3645.8333333333335,252.0,253,True,-1.04526541112454,-1.04526541112454,-2.09053082224908
123,1,3756.8333333333335,317.0,255,True,-1.2427761996005622,-1.2427761996005622,-2.4855523992011244
123,2,3794.8333333333335,252.0,253,True,-1.0582183661079514,-1.0582183661079514,-2.116436732215903
123,3,3566.8333333333335,252.0,253,True,-1.038397737005819,-1.038397737005819,-2.076795474011638
124,0,3664.8333333333335,252.0,253,True,-1.0469171302163849,-1.0469171302163849,-2.0938342604327698
124,1,3700.8333333333335,252.0,253,True,-1.0500467032325103,-1.0500467032325103,-2.1000934064650205
124,2,3744.8333333333335,317.0,255,True,-1.2417330085951872,-1.2417330085951872,-2.4834660171903744
124,3,3753.8333333333335,317.0,255,True,-1.2425154018492188,-1.2425154018492188,-2.4850308036984377
125,0,3879.8333333333335,382.0,255,True,-1.4413301790819615,-1.4413301790819615,-2.882660358163923
125,1,3578.3333333333335,495.0,257,True,-1.741709600447627,-1.741709600447627,-3.483419200895254
125,2,3456.1666666666665,402.0,257,True,-1.4623032092947168,-1.4623032092947168,-2.9246064185894336
125,3,3742.8333333333335,382.0,256,True,-1.429420415103925,-1.429420415103925,-2.85884083020785
126,0,3607.833333333333,603.0,259,True,-2.0564128399928747,-2.0564128399928747,-4.112825679985749
126,1,3844.5,653.0,261,True,-2.2214955553413422,-2.2214955553413422,-4.4429911106826845
126,2,4153.166666666667,816.0,263,True,-2.7194270120977806,-2.7194270120977806,-5.438854024195561
126,3,3649.5,548.0,258,True,-1.9010754934115062,-1.9010754934115062,-3.8021509868230123
127,0,3746.3333333333335,726.0,260,True,-2.423944332326349,-2.423944332326349,-4.847888664652698
127,1,3676.8333333333335,483.0,256,True,-1.7155903790252274,-1.7155903790252274,-3.4311807580504547
127,2,3628.833333333333,739.0,260,True,-2.4513020080673074,-2.4513020080673074,-4.902604016134615
127,3,4096.333333333333,661.0,258,True,-2.266509464973494,-2.266509464973494,-4.533018929946988
128,0,3495.8333333333335,418.0,255,True,-1.5119943096845145,-1.5119943096845145,-3.023988619369029
128,1,3675.8333333333335,382.0,256,True,-1.4235959319905793,-1.4235959319905793,-2.8471918639811586
128,2,4147.833333333333,676.0,260,True,-2.314339094194302,-2.314339094194302,-4.628678188388604
128,3,3977.8333333333335,739.0,261,True,-2.4816414798069744,-2.4816414798069744,-4.963282959613949
129,0,3799.8333333333335,380.0,255,True,-1.4285952255586487,-1.4285952255586487,-2.8571904511172974
129,1,4155.833333333334,548.0,259,True,-1.94509235833276,-1.94509235833276,-3.89018471666552
129,2,3700.1666666666665,633.0,260,True,-2.1511448175408168,-2.1511448175408168,-4.3022896350816335
129,3,3512.8333333333335,317.0,255,True,-1.2215646491579295,-1.2215646491579295,-2.443129298315859
130,0,3793.8333333333335,548.0,258,True,-1.9136227630039384,-1.9136227630039384,-3.827245526007877
130,1,3453.8333333333335,252.0,253,True,-1.028574355038534,-1.028574355038534,-2.057148710077068
130,2,3466.0,345.0,254,True,-1.298418161975504,-1.298418161975504,-2.596836323951008
130,3,3761.8333333333335,317.0,254,True,-1.2432108625194702,-1.2432108625194702,-2.4864217250389404
131,0,4107.833333333334,410.0,256,True,-1.5420756636754198,-1.5420756636754198,-3.0841513273508396
131,1,3694.8333333333335,252.0,253,True,-1.049525107729823,-1.049525107729823,-2.099050215459646
131,2,3941.8333333333335,410.0,255,True,-1.5276448547677297,-1.5276448547677297,-3.0552897095354594
131,3,3897.8333333333335,410.0,256,True,-1.5238198210813527,-1.5238198210813527,-3.0476396421627054
132,0,3986.8333333333335,410.0,256,True,-1.5315568210378856,-1.5315568210378856,-3.063113642075771
132,1,3335.0,217.0,252,True,-0.917087796968364,-0.917087796968364,-1.834175593936728
132,2,3656.8333333333335,252.0,253,True,-1.0462216695461346,-1.0462216695461346,-2.092443339092269
132,3,4033.8333333333335,410.0,256,True,-1.5356426524756055,-1.5356426524756055,-3.071285304951211
133,0,3708.8333333333335,252.0,253,True,-1.05074216390276,-1.05074216390276,-2.10148432780552
133,1,3757.8333333333335,252.0,253,True,-1.0550018605080438,-1.0550018605080438,-2.1100037210160876
133,2,3702.8333333333335,252.0,253,True,-1.050220568400073,-1.050220568400073,-2.100441136800146
133,3,3839.8333333333335,282.0,253,True,-1.148835534690248,-1.148835534690248,-2.297671069380496
134,0,3753.8333333333335,252.0,253,True,-1.0546541301729178,-1.0546541301729178,-2.1093082603458355
134,1,3520.8333333333335,317.0,255,True,-1.2222601098281827,-1.2222601098281827,-2.4445202196563653
134,2,4001.8333333333335,282.0,254,True,-1.1629186132628142,-1.1629186132628142,-2.3258372265256284
134,3,3790.8333333333335,252.0,253,True,-1.0578706357728265,-1.0578706357728265,-2.115741271545653
135,0,3705.8333333333335,252.0,253,True,-1.050481366151417,-1.050481366151417,-2.100962732302834
135,1,3734.8333333333335,317.0,255,True,-1.2408636827573747,-1.2408636827573747,-2.4817273655147494
135,2,3693.8333333333335,252.0,253,True,-1.0494381751460415,-1.0494381751460415,-2.098876350292083
135,3,3087.0,217.0,252,True,-0.8955285161906074,-0.8955285161906074,-1.7910570323812147
136,0,4025.8333333333335,475.0,258,True,-1.7228084634816567,-1.7228084634816567,-3.4456169269633135
136,1,3647.8333333333335,252.0,253,True,-1.0454392762921036,-1.0454392762921036,-2.0908785525842073
136,2,3894.8333333333335,252.0,253,True,-1.0669116244860786,-1.0669116244860786,-2.133823248972157
136,3,3739.8333333333335,252.0,253,True,-1.0534370739999799,-1.0534370739999799,-2.1068741479999598
137,0,3927.8333333333335,475.0,258,True,-1.7142890702710918,-1.7142890702710918,-3.4285781405421836
137,1,3692.8333333333335,252.0,253,True,-1.0493512425622606,-1.0493512425622606,-2.0987024851245213
137,2,3980.8333333333335,410.0,256,True,-1.5310352255352002,-1.5310352255352002,-3.0620704510704004
137,3,3195.0,217.0,252,True,-0.9049172352389848,-0.9049172352389848,-1.8098344704779696
138,0,3972.8333333333335,475.0,258,True,-1.7182010365412477,-1.7182010365412477,-3.4364020730824953
138,1,3609.8333333333335,252.0,253,True,-1.0421358381084138,-1.0421358381084138,-2.0842716762168276
138,2,3837.8333333333335,252.0,253,True,-1.0619564672105457,-1.0619564672105457,-2.1239129344210914
138,3,3636.8333333333335,252.0,253,True,-1.0444830178705082,-1.0444830178705082,-2.0889660357410165
139,0,3565.8333333333335,252.0,253,True,-1.0383108044220382,-1.0383108044220382,-2.0766216088440763
139,1,3629.8333333333335,317.0,254,True,-1.2317357614603404,-1.2317357614603404,-2.4634715229206807
139,2,3603.8333333333335,252.0,253,True,-1.0416142426057262,-1.0416142426057262,-2.0832284852114524
139,3,3816.8333333333335,252.0,253,True,-1.0601308829511396,-1.0601308829511396,-2.120261765902279
140,0,3807.8333333333335,317.0,255,True,-1.2472097613734079,-1.2472097613734079,-2.4944195227468158
140,1,3760.8333333333335,252.0,253,True,-1.0552626582593878,-1.0552626582593878,-2.1105253165187756
140,2,3884.8333333333335,252.0,253,True,-1.0660422986482663,-1.0660422986482663,-2.1320845972965325
140,3,3930.8333333333335,252.0,253,True,-1.0700411975022046,-1.0700411975022046,-2.140082395004409
141,0,3726.8333333333335,287.0,253,True,-1.1534630197749858,-1.1534630197749858,-2.3069260395499716
141,1,3654.8333333333335,252.0,253,True,-1.046047804378572,-1.046047804378572,-2.092095608757144
141,2,3687.8333333333335,252.0,253,True,-1.0489165796433528,-1.0489165796433528,-2.0978331592867057
141,3,3743.8333333333335,252.0,253,True,-1.0537848043351046,-1.0537848043351046,-2.107569608670209
142,0,3851.8333333333335,252.0,253,True,-1.0631735233834838,-1.0631735233834838,-2.1263470467669676
142,1,3740.8333333333335,252.0,253,True,-1.0535240065837617,-1.0535240065837617,-2.1070480131675233
142,2,3647.8333333333335,252.0,253,True,-1.0454392762921028,-1.0454392762921028,-2.0908785525842055
142,3,3730.8333333333335,252.0,253,True,-1.0526546807459485,-1.0526546807459485,-2.105309361491897
143,0,4071.8333333333335,252.0,253,True,-1.0822986918153652,-1.0822986918153652,-2.1645973836307304
143,1,3692.8333333333335,252.0,253,True,-1.0493512425622602,-1.0493512425622602,-2.0987024851245204
143,2,3677.8333333333335,252.0,253,True,-1.048047253805541,-1.048047253805541,-2.096094507611082
143,3,3839.8333333333335,317.0,254,True,-1.2499916040544072,-1.2499916040544072,-2.4999832081088145
144,0,3841.8333333333335,252.0,253,True,-1.0623041975456706,-1.0623041975456706,-2.1246083950913413
144,1,3596.8333333333335,252.0,252,True,-1.0410057145192575,-1.0410057145192575,-2.082011429038515
144,2,3906.8333333333335,410.0,256,True,-1.5246022143353828,-1.5246022143353828,-3.0492044286707656
144,3,3726.8333333333335,252.0,253,True,-1.052306950410824,-1.052306950410824,-2.104613900821648
145,0,3724.8333333333335,252.0,253,True,-1.0521330852432627,-1.0521330852432627,-2.1042661704865253
145,1,3935.8333333333335,282.0,254,True,-1.1571810627332508,-1.1571810627332508,-2.3143621254665017
145,2,3807.8333333333335,252.0,253,True,-1.0593484896971066,-1.0593484896971066,-2.118696979394213
145,3,3674.8333333333335,252.0,253,True,-1.0477864560541963,-1.0477864560541963,-2.0955729121083926
146,0,3638.166666666667,252.0,253,True,-1.0445989279822159,-1.0445989279822159,-2.0891978559644317
146,1,3659.8333333333335,252.0,253,True,-1.0464824672974782,-1.0464824672974782,-2.0929649345949564
146,2,3903.8333333333335,317.0,255,True,-1.2555552894164113,-1.2555552894164113,-2.5111105788328225
146,3,3898.8333333333335,317.0,255,True,-1.2551206264975032,-1.2551206264975032,-2.5102412529950064
147,0,3794.8333333333335,252.0,253,True,-1.058218366107951,-1.058218366107951,-2.116436732215902
147,1,3707.8333333333335,252.0,253,True,-1.0506552313189794,-1.0506552313189794,-2.101310462637959
147,2,3812.8333333333335,252.0,253,True,-1.0597831526160137,-1.0597831526160137,-2.1195663052320275
147,3,3820.8333333333335,252.0,253,True,-1.0604786132862647,-1.0604786132862647,-2.1209572265725294
148,0,3668.8333333333335,252.0,253,True,-1.047264860551509,-1.047264860551509,-2.094529721103018
148,1,3600.8333333333335,317.0,255,True,-1.2292147165306837,-1.2292147165306837,-2.4584294330613674
148,2,3649.8333333333335,317.0,255,True,-1.2334744131359656,-1.2334744131359656,-2.4669488262719312
148,3,3709.8333333333335,252.0,253,True,-1.0508290964865419,-1.0508290964865419,-2.1016581929730838
149,0,3740.8333333333335,252.0,253,True,-1.0535240065837614,-1.0535240065837614,-2.107048013167523
149,1,3760.8333333333335,252.0,253,True,-1.0552626582593871,-1.0552626582593871,-2.1105253165187743
149,2,3784.8333333333335,252.0,253,True,-1.0573490402701375,-1.0573490402701375,-2.114698080540275
149,3,3678.8333333333335,252.0,253,True,-1.0481341863893223,-1.0481341863893223,-2.0962683727786446
150,0,3759.8333333333335,252.0,253,True,-1.0551757256756051,-1.0551757256756051,-2.1103514513512103
150,1,3965.8333333333335,475.0,258,True,-1.7175925084547796,-1.7175925084547796,-3.4351850169095592
150,2,3750.8333333333335,252.0,253,True,-1.0543933324215748,-1.0543933324215748,-2.1087866648431497
150,3,3580.8333333333335,252.0,253,True,-1.0396147931787572,-1.0396147931787572,-2.0792295863575143
151,0,3705.8333333333335,252.0,253,True,-1.0504813661514176,-1.0504813661514176,-2.1009627323028353
151,1,3781.8333333333335,252.0,253,True,-1.0570882425187937,-1.0570882425187937,-2.1141764850375875
151,2,3678.8333333333335,252.0,253,True,-1.048134186389323,-1.048134186389323,-2.096268372778646
151,3,3812.8333333333335,252.0,253,True,-1.0597831526160133,-1.0597831526160133,-2.1195663052320266
152,0,3732.8333333333335,252.0,253,True,-1.052828545913512,-1.052828545913512,-2.105657091827024
152,1,3612.8333333333335,252.0,253,True,-1.0423966358597583,-1.0423966358597583,-2.0847932717195166
152,2,3723.8333333333335,252.0,253,True,-1.05204615265948,-1.05204615265948,-2.10409230531896
152,3,3782.8333333333335,252.0,253,True,-1.0571751751025746,-1.0571751751025746,-2.1143503502051493
153,0,3711.8333333333335,252.0,253,True,-1.0510029616541048,-1.0510029616541048,-2.1020059233082096
153,1,3804.8333333333335,252.0,253,True,-1.0590876919457635,-1.0590876919457635,-2.118175383891527
153,2,3973.8333333333335,410.0,256,True,-1.5304266974487295,-1.5304266974487295,-3.060853394897459
153,3,3923.8333333333335,252.0,253,True,-1.0694326694157352,-1.0694326694157352,-2.1388653388314705
154,0,3727.8333333333335,252.0,253,True,-1.0523938829946053,-1.0523938829946053,-2.1047877659892107
154,1,3715.8333333333335,252.0,253,True,-1.0513506919892301,-1.0513506919892301,-2.1027013839784603
154,2,3699.8333333333335,252.0,253,True,-1.0499597706487287,-1.0499597706487287,-2.0999195412974574
154,3,3931.8333333333335,252.0,253,True,-1.0701281300859868,-1.0701281300859868,-2.1402562601719737
155,0,3617.8333333333335,252.0,253,True,-1.042831298778665,-1.042831298778665,-2.08566259755733
155,1,3677.8333333333335,252.0,253,True,-1.0480472538055412,-1.0480472538055412,-2.0960945076110824
155,2,3740.8333333333335,252.0,253,True,-1.0535240065837608,-1.0535240065837608,-2.1070480131675215
155,3,3695.8333333333335,252.0,253,True,-1.0496120403136044,-1.0496120403136044,-2.099224080627209
156,0,3585.8333333333335,252.0,253,True,-1.0400494560976628,-1.0400494560976628,-2.0800989121953255
156,1,3982.8333333333335,317.0,255,True,-1.2624229635351323,-1.2624229635351323,-2.5248459270702646
156,2,3752.8333333333335,252.0,253,True,-1.0545671975891373,-1.0545671975891373,-2.1091343951782746
156,3,3648.8333333333335,252.0,253,True,-1.0455262088758843,-1.0455262088758843,-2.0910524177517686
157,0,3724.8333333333335,252.0,253,True,-1.052133085243261,-1.052133085243261,-2.104266170486522
157,1,3695.8333333333335,252.0,253,True,-1.0496120403136031,-1.0496120403136031,-2.0992240806272062
157,2,3700.8333333333335,317.0,255,True,-1.2379079749088109,-1.2379079749088109,-2.4758159498176218
157,3,3648.8333333333335,252.0,253,True,-1.0455262088758832,-1.0455262088758832,-2.0910524177517664
158,0,3739.8333333333335,252.0,253,True,-1.0534370739999814,-1.0534370739999814,-2.106874147999963
158,1,3723.8333333333335,252.0,253,True,-1.0520461526594804,-1.0520461526594804,-2.104092305318961
158,2,3626.8333333333335,252.0,253,True,-1.0436136920326964,-1.0436136920326964,-2.0872273840653928
158,3,3648.8333333333335,252.0,253,True,-1.045526208875883,-1.045526208875883,-2.091052417751766
159,0,3666.8333333333335,252.0,253,True,-1.0470909953839473,-1.0470909953839473,-2.0941819907678947
159,1,3689.8333333333335,252.0,253,True,-1.0490904448109164,-1.0490904448109164,-2.098180889621833
159,2,3553.8333333333335,252.0,253,True,-1.0372676134166627,-1.0372676134166627,-2.0745352268333255
159,3,3550.8333333333335,252.0,253,True,-1.0370068156653183,-1.0370068156653183,-2.0740136313306365
160,0,3536.8333333333335,252.0,253,True,-1.0357897594923804,-1.0357897594923804,-2.071579518984761
160,1,3633.8333333333335,252.0,253,True,-1.0442222201191653,-1.0442222201191653,-2.0884444402383306
160,2,3778.8333333333335,252.0,253,True,-1.0568274447674493,-1.0568274447674493,-2.1136548895348986
160,3,3752.8333333333335,252.0,253,True,-1.0545671975891369,-1.0545671975891369,-2.1091343951782737
161,0,3674.8333333333335,252.0,253,True,-1.0477864560541974,-1.0477864560541974,-2.095572912108395
161,1,3560.8333333333335,252.0,253,True,-1.0378761415031317,-1.0378761415031317,-2.0757522830062634
161,2,3547.8333333333335,252.0,253,True,-1.0367460179139756,-1.0367460179139756,-2.073492035827951
161,3,3798.8333333333335,252.0,253,True,-1.0585660964430754,-1.0585660964430754,-2.117132192886151
162,0,3612.8333333333335,252.0,253,True,-1.0423966358597578,-1.0423966358597578,-2.0847932717195157
162,1,3703.8333333333335,252.0,253,True,-1.050307500983855,-1.050307500983855,-2.10061500196771
162,2,3454.8333333333335,252.0,253,True,-1.028661287622316,-1.028661287622316,-2.057322575244632
162,3,3676.8333333333335,252.0,253,True,-1.0479603212217605,-1.0479603212217605,-2.095920642443521
163,0,3672.8333333333335,252.0,253,True,-1.0476125908866345,-1.0476125908866345,-2.095225181773269
163,1,3668.8333333333335,252.0,253,True,-1.0472648605515102,-1.0472648605515102,-2.0945297211030205
163,2,3677.8333333333335,252.0,253,True,-1.048047253805541,-1.048047253805541,-2.096094507611082
163,3,3607.8333333333335,252.0,253,True,-1.0419619729408518,-1.0419619729408518,-2.0839239458817036
164,0,3693.8333333333335,317.0,254,True,-1.2372994468223426,-1.2372994468223426,-2.474598893644685
164,1,3433.8333333333335,252.0,253,True,-1.0268357033629092,-1.0268357033629092,-2.0536714067258184
164,2,3604.8333333333335,252.0,253,True,-1.0417011751895073,-1.0417011751895073,-2.0834023503790147
164,3,3507.166666666667,252.0,253,True,-1.0332107595068698,-1.0332107595068698,-2.0664215190137396
165,0,3668.8333333333335,317.0,255,True,-1.2351261322278113,-1.2351261322278113,-2.4702522644556226
165,1,3914.8333333333335,475.0,257,True,-1.7131589466819355,-1.7131589466819355,-3.426317893363871
165,2,3647.8333333333335,252.0,253,True,-1.0454392762921034,-1.0454392762921034,-2.090878552584207
165,3,3667.8333333333335,252.0,253,True,-1.0471779279677282,-1.0471779279677282,-2.0943558559354565
166,0,3606.8333333333335,252.0,253,True,-1.0418750403570705,-1.0418750403570705,-2.083750080714141
166,1,3696.8333333333335,252.0,253,True,-1.049698972897385,-1.049698972897385,-2.09939794579477
166,2,4107.833333333334,475.0,258,True,-1.729936935351721,-1.729936935351721,-3.459873870703442
166,3,3711.8333333333335,345.0,253,True,-1.3197890888217347,-1.3197890888217347,-2.6395781776434695
167,0,3661.8333333333335,317.0,254,True,-1.2345176041413406,-1.2345176041413406,-2.469035208282681
167,1,3715.8333333333335,252.0,253,True,-1.0513506919892297,-1.0513506919892297,-2.1027013839784594
167,2,3517.8333333333335,252.0,253,True,-1.0341380404005363,-1.0341380404005363,-2.0682760808010725
167,3,3599.8333333333335,252.0,253,True,-1.0412665122706013,-1.0412665122706013,-2.0825330245412026
168,0,3575.8333333333335,252.0,253,True,-1.0391801302598502,-1.0391801302598502,-2.0783602605197005
168,1,3751.8333333333335,252.0,253,True,-1.0544802650053553,-1.0544802650053553,-2.1089605300107106
168,2,3665.8333333333335,252.0,253,True,-1.0470040628001653,-1.0470040628001653,-2.0940081256003307
168,3,3823.8333333333335,252.0,253,True,-1.0607394110376072,-1.0607394110376072,-2.1214788220752143
169,0,3615.8333333333335,252.0,253,True,-1.0426574336111016,-1.0426574336111016,-2.0853148672222033
169,1,3691.8333333333335,252.0,253,True,-1.049264309978479,-1.049264309978479,-2.098528619956958
169,2,3687.8333333333335,252.0,253,True,-1.0489165796433544,-1.0489165796433544,-2.0978331592867088
169,3,3742.8333333333335,252.0,253,True,-1.0536978717513241,-1.0536978717513241,-2.1073957435026482
170,0,3669.166666666667,252.0,253,True,-1.047293838079436,-1.047293838079436,-2.094587676158872
170,1,3672.8333333333335,252.0,253,True,-1.047612590886634,-1.047612590886634,-2.095225181773268
170,2,3637.8333333333335,252.0,253,True,-1.04456995045429,-1.04456995045429,-2.08913990090858
170,3,3592.8333333333335,252.0,253,True,-1.0406579841841321,-1.0406579841841321,-2.0813159683682643
171,0,3688.8333333333335,252.0,253,True,-1.049003512227135,-1.049003512227135,-2.09800702445427
171,1,3699.8333333333335,252.0,253,True,-1.0499597706487283,-1.0499597706487283,-2.0999195412974565
171,2,3666.8333333333335,252.0,253,True,-1.0470909953839473,-1.0470909953839473,-2.0941819907678947
171,3,3704.8333333333335,252.0,253,True,-1.0503944335676358,-1.0503944335676358,-2.1007888671352717
172,0,3637.8333333333335,252.0,253,True,-1.0445699504542905,-1.0445699504542905,-2.089139900908581
172,1,3549.8333333333335,252.0,253,True,-1.0369198830815376,-1.0369198830815376,-2.073839766163075
172,2,3673.8333333333335,252.0,253,True,-1.0476995234704167,-1.0476995234704167,-2.0953990469408335
172,3,3745.8333333333335,252.0,253,True,-1.0539586695026677,-1.0539586695026677,-2.1079173390053354
173,0,3594.8333333333335,252.0,253,True,-1.0408318493516955,-1.0408318493516955,-2.081663698703391
173,1,3677.8333333333335,252.0,253,True,-1.0480472538055414,-1.0480472538055414,-2.096094507611083
173,2,3732.8333333333335,252.0,253,True,-1.0528285459135112,-1.0528285459135112,-2.1056570918270223
173,3,3597.8333333333335,317.0,255,True,-1.2289539187793392,-1.2289539187793392,-2.4579078375586785
174,0,3552.8333333333335,252.0,253,True,-1.0371806808328818,-1.0371806808328818,-2.0743613616657637
174,1,3561.166666666667,252.0,253,True,-1.0379051190310593,-1.0379051190310593,-2.0758102380621186
174,2,3552.8333333333335,252.0,253,True,-1.0371806808328823,-1.0371806808328823,-2.0743613616657646
174,3,3640.8333333333335,317.0,254,True,-1.2326920198819349,-1.2326920198819349,-2.4653840397638698
175,0,3569.8333333333335,252.0,253,True,-1.0386585347571635,-1.0386585347571635,-2.077317069514327
175,1,3621.8333333333335,252.0,253,True,-1.0431790291137897,-1.0431790291137897,-2.0863580582275794
175,2,3751.8333333333335,252.0,253,True,-1.0544802650053557,-1.0544802650053557,-2.1089605300107115
175,3,3684.8333333333335,252.0,253,True,-1.0486557818920097,-1.0486557818920097,-2.0973115637840194
176,0,3585.8333333333335,252.0,253,True,-1.0400494560976639,-1.0400494560976639,-2.0800989121953277
176,1,3574.8333333333335,252.0,253,True,-1.0390931976760691,-1.0390931976760691,-2.0781863953521382
176,2,3503.8333333333335,252.0,253,True,-1.032920984227599,-1.032920984227599,-2.065841968455198
176,3,3516.8333333333335,252.0,253,True,-1.034051107816755,-1.034051107816755,-2.06810221563351
177,0,4001.8333333333335,483.0,256,True,-1.7438434687541435,-1.7438434687541435,-3.487686937508287
177,1,3673.8333333333335,418.0,255,True,-1.5274683095975845,-1.5274683095975845,-3.054936619195169
177,2,3945.8333333333335,611.0,258,True,-2.1089174405941824,-2.1089174405941824,-4.217834881188365
177,3,4084.8333333333335,548.0,257,True,-1.9389201448842905,-1.9389201448842905,-3.877840289768581
178,0,3949.5,653.0,259,True,-2.230623476638374,-2.230623476638374,-4.461246953276748
178,1,4100.833333333334,483.0,256,True,-1.7524497945484896,-1.7524497945484896,-3.504899589096979
178,2,3977.8333333333335,483.0,257,True,-1.7417570867433916,-1.7417570867433916,-3.483514173486783
178,3,3832.8333333333335,548.0,259,True,-1.917013133771409,-1.917013133771409,-3.834026267542818
179,0,3664.8333333333335,252.0,253,True,-1.0469171302163844,-1.0469171302163844,-2.093834260432769
179,1,3859.8333333333335,483.0,257,True,-1.7314990418572007,-1.7314990418572007,-3.4629980837144014
179,2,3606.8333333333335,252.0,253,True,-1.0418750403570705,-1.0418750403570705,-2.083750080714141
179,3,3661.8333333333335,252.0,253,True,-1.0466563324650409,-1.0466563324650409,-2.0933126649300817
180,0,3624.8333333333335,252.0,253,True,-1.0434398268651337,-1.0434398268651337,-2.0868796537302674
180,1,3903.8333333333335,483.0,256,True,-1.7353240755435781,-1.7353240755435781,-3.4706481510871563
180,2,3606.8333333333335,252.0,253,True,-1.0418750403570702,-1.0418750403570702,-2.0837500807141405
180,3,3618.8333333333335,252.0,253,True,-1.0429182313624445,-1.0429182313624445,-2.085836462724889
181,0,3884.8333333333335,410.0,255,True,-1.522689697492195,-1.522689697492195,-3.04537939498439
181,1,3610.8333333333335,252.0,253,True,-1.0422227706921952,-1.0422227706921952,-2.0844455413843903
181,2,3600.8333333333335,252.0,253,True,-1.0413534448543833,-1.0413534448543833,-2.0827068897087666
181,3,3759.8333333333335,252.0,253,True,-1.0551757256756062,-1.0551757256756062,-2.1103514513512125
182,0,3892.8333333333335,282.0,254,True,-1.1534429616306547,-1.1534429616306547,-2.3068859232613095
182,1,3418.5,413.0,255,True,-1.4908206561534079,-1.4908206561534079,-2.9816413123068157
182,2,3254.166666666667,282.0,253,True,-1.0979220181223437,-1.0979220181223437,-2.1958440362446874
182,3,3705.333333333333,345.0,254,True,-1.3192240270271551,-1.3192240270271551,-2.6384480540543103
183,0,3662.8333333333335,252.0,253,True,-1.0467432650488218,-1.0467432650488218,-2.0934865300976435
183,1,3732.8333333333335,252.0,253,True,-1.0528285459135105,-1.0528285459135105,-2.105657091827021
183,2,3610.3333333333335,395.0,255,True,-1.455474102088166,-1.455474102088166,-2.910948204176332
183,3,3688.8333333333335,418.0,255,True,-1.5287722983543033,-1.5287722983543033,-3.0575445967086066
184,0,3569.8333333333335,252.0,253,True,-1.0386585347571626,-1.0386585347571626,-2.0773170695143253
184,1,4084.8333333333335,410.0,255,True,-1.5400762142484523,-1.5400762142484523,-3.0801524284969046
184,2,3650.8333333333335,252.0,253,True,-1.0457000740434463,-1.0457000740434463,-2.0914001480868927
184,3,3072.0,217.0,252,True,-0.894224527433888,-0.894224527433888,-1.788449054867776
185,0,3329.0,217.0,252,True,-0.9165662014656765,-0.9165662014656765,-1.833132402931353
185,1,3590.8333333333335,252.0,253,True,-1.0404841190165703,-1.0404841190165703,-2.0809682380331407
185,2,3170.0,217.0,252,True,-0.9027439206444532,-0.9027439206444532,-1.8054878412889064
185,3,3833.8333333333335,282.0,254,True,-1.1483139391875592,-1.1483139391875592,-2.2966278783751184
186,0,3764.8333333333335,252.0,253,True,-1.055610388594512,-1.055610388594512,-2.111220777189024
186,1,3755.8333333333335,252.0,253,True,-1.0548279953404807,-1.0548279953404807,-2.1096559906809613
186,2,3598.8333333333335,252.0,253,True,-1.0411795796868197,-1.0411795796868197,-2.0823591593736395
186,3,3619.8333333333335,252.0,253,True,-1.0430051639462263,-1.0430051639462263,-2.0860103278924527
187,0,3867.8333333333335,252.0,253,True,-1.0645644447239841,-1.0645644447239841,-2.1291288894479683
187,1,3599.8333333333335,252.0,253,True,-1.041266512270602,-1.041266512270602,-2.082533024541204
187,2,3589.8333333333335,252.0,253,True,-1.0403971864327883,-1.0403971864327883,-2.0807943728655767
187,3,3622.8333333333335,252.0,253,True,-1.04326596169757,-1.04326596169757,-2.08653192339514
188,0,3590.8333333333335,252.0,253,True,-1.0404841190165703,-1.0404841190165703,-2.0809682380331407
188,1,3596.8333333333335,252.0,253,True,-1.0410057145192575,-1.0410057145192575,-2.082011429038515
188,2,3517.8333333333335,252.0,253,True,-1.0341380404005371,-1.0341380404005371,-2.0682760808010743
188,3,3531.8333333333335,252.0,253,True,-1.035355096573475,-1.035355096573475,-2.07071019314695
189,0,3605.8333333333335,252.0,253,True,-1.0417881077732893,-1.0417881077732893,-2.0835762155465787
189,1,3495.8333333333335,252.0,253,True,-1.032225523557348,-1.032225523557348,-2.064451047114696
189,2,3601.8333333333335,252.0,253,True,-1.041440377438164,-1.041440377438164,-2.082880754876328
189,3,3628.8333333333335,252.0,253,True,-1.043787557200259,-1.043787557200259,-2.087575114400518
190,0,3635.8333333333335,252.0,253,True,-1.0443960852867271,-1.0443960852867271,-2.0887921705734542
190,1,3669.8333333333335,252.0,253,True,-1.0473517931352905,-1.0473517931352905,-2.094703586270581
190,2,3666.8333333333335,252.0,253,True,-1.0470909953839465,-1.0470909953839465,-2.094181990767893
190,3,3189.0,217.0,252,True,-0.9043956397362976,-0.9043956397362976,-1.808791279472595
191,0,3596.8333333333335,252.0,253,True,-1.041005714519258,-1.041005714519258,-2.082011429038516
191,1,3739.8333333333335,252.0,253,True,-1.0534370739999808,-1.0534370739999808,-2.1068741479999615
191,2,3663.166666666667,252.0,253,True,-1.0467722425767494,-1.0467722425767494,-2.093544485153499
191,3,3590.8333333333335,252.0,253,True,-1.0404841190165703,-1.0404841190165703,-2.0809682380331407
192,0,3609.8333333333335,252.0,253,True,-1.0421358381084134,-1.0421358381084134,-2.0842716762168267
192,1,3689.8333333333335,252.0,253,True,-1.0490904448109164,-1.0490904448109164,-2.098180889621833
192,2,3502.8333333333335,252.0,253,True,-1.0328340516438173,-1.0328340516438173,-2.0656681032876345
192,3,3648.8333333333335,252.0,253,True,-1.045526208875885,-1.045526208875885,-2.09105241775177
193,0,3589.8333333333335,252.0,253,True,-1.0403971864327881,-1.0403971864327881,-2.0807943728655762
193,1,3673.8333333333335,252.0,253,True,-1.0476995234704163,-1.0476995234704163,-2.0953990469408326
193,2,3653.8333333333335,252.0,253,True,-1.0459608717947912,-1.0459608717947912,-2.0919217435895825
193,3,3752.8333333333335,252.0,253,True,-1.054567197589137,-1.054567197589137,-2.109134395178274
194,0,3676.8333333333335,252.0,253,True,-1.0479603212217599,-1.0479603212217599,-2.0959206424435197
194,1,3505.8333333333335,252.0,253,True,-1.0330948493951613,-1.0330948493951613,-2.0661896987903225
194,2,3719.8333333333335,252.0,253,True,-1.0516984223243542,-1.0516984223243542,-2.1033968446487084
194,3,3779.8333333333335,252.0,253,True,-1.0569143773512315,-1.0569143773512315,-2.113828754702463
195,0,3923.0,375.0,254,True,-1.4248515550756882,-1.4248515550756882,-2.8497031101513763
195,1,3732.8333333333335,252.0,253,True,-1.0528285459135112,-1.0528285459135112,-2.1056570918270223
195,2,3609.166666666667,252.0,253,True,-1.0420778830525603,-1.0420778830525603,-2.0841557661051207
195,3,3738.8333333333335,252.0,253,True,-1.0533501414161992,-1.0533501414161992,-2.1067002828323984
196,0,3684.8333333333335,282.0,254,True,-1.1353609842041492,-1.1353609842041492,-2.2707219684082984
196,1,3719.8333333333335,252.0,253,True,-1.0516984223243546,-1.0516984223243546,-2.1033968446487092
196,2,3628.166666666667,252.0,253,True,-1.043729602144405,-1.043729602144405,-2.08745920428881
196,3,3561.166666666667,252.0,253,True,-1.0379051190310589,-1.0379051190310589,-2.0758102380621177
197,0,3250.0,217.0,252,True,-0.909698527346955,-0.909698527346955,-1.81939705469391
197,1,3640.8333333333335,282.0,254,True,-1.131535950517774,-1.131535950517774,-2.263071901035548
197,2,3738.8333333333335,252.0,253,True,-1.0533501414161983,-1.0533501414161983,-2.1067002828323966
197,3,3672.8333333333335,252.0,253,True,-1.0476125908866338,-1.0476125908866338,-2.0952251817732677
198,0,3308.0,217.0,252,True,-0.9147406172062696,-0.9147406172062696,-1.8294812344125393
198,1,3511.8333333333335,252.0,253,True,-1.0336164448978489,-1.0336164448978489,-2.0672328897956977
198,2,3674.8333333333335,252.0,253,True,-1.0477864560541983,-1.0477864560541983,-2.0955729121083966
198,3,3464.8333333333335,252.0,253,True,-1.0295306134601294,-1.0295306134601294,-2.059061226920259
199,0,3657.8333333333335,418.0,255,True,-1.526077388257084,-1.526077388257084,-3.052154776514168
199,1,3561.166666666667,252.0,253,True,-1.0379051190310589,-1.0379051190310589,-2.0758102380621177
199,2,3586.8333333333335,252.0,253,True,-1.040136388681445,-1.040136388681445,-2.08027277736289
199,3,3754.8333333333335,252.0,253,True,-1.0547410627567002,-1.0547410627567002,-2.1094821255134004
200,0,3271.0,217.0,252,True,-0.911524111606362,-0.911524111606362,-1.823048223212724
200,1,3561.166666666667,252.0,253,True,-1.0379051190310586,-1.0379051190310586,-2.0758102380621173
200,2,3665.8333333333335,252.0,253,True,-1.0470040628001658,-1.0470040628001658,-2.0940081256003316
200,3,3639.8333333333335,252.0,253,True,-1.0447438156218527,-1.0447438156218527,-2.0894876312437054
201,0,3735.8333333333335,252.0,253,True,-1.0530893436648556,-1.0530893436648556,-2.1061786873297113
201,1,3573.8333333333335,252.0,253,True,-1.0390062650922878,-1.0390062650922878,-2.0780125301845755
201,2,3710.8333333333335,252.0,253,True,-1.0509160290703232,-1.0509160290703232,-2.1018320581406464
201,3,3755.8333333333335,317.0,254,True,-1.2426892670167815,-1.2426892670167815,-2.485378534033563
202,0,3668.8333333333335,252.0,253,True,-1.04726486055151,-1.04726486055151,-2.09452972110302
202,1,3772.8333333333335,282.0,254,True,-1.1430110515769016,-1.1430110515769016,-2.2860221031538033
202,2,3711.8333333333335,282.0,253,True,-1.137708163966244,-1.137708163966244,-2.275416327932488
202,3,3743.8333333333335,282.0,254,True,-1.1404900066472439,-1.1404900066472439,-2.2809800132944877
203,0,3516.8333333333335,252.0,253,True,-1.0340511078167556,-1.0340511078167556,-2.068102215633511
203,1,3588.8333333333335,252.0,253,True,-1.0403102538490072,-1.0403102538490072,-2.0806205076980144
203,2,3734.8333333333335,252.0,253,True,-1.053002411081075,-1.053002411081075,-2.10600482216215
203,3,3599.8333333333335,252.0,253,True,-1.0412665122706017,-1.0412665122706017,-2.0825330245412035
204,0,3587.8333333333335,252.0,253,True,-1.0402233212652259,-1.0402233212652259,-2.0804466425304518
204,1,3618.8333333333335,252.0,253,True,-1.0429182313624459,-1.0429182313624459,-2.0858364627248918
204,2,3690.8333333333335,252.0,253,True,-1.0491773773946982,-1.0491773773946982,-2.0983547547893964
204,3,3615.166666666667,252.0,253,True,-1.0425994785552473,-1.0425994785552473,-2.0851989571104945
205,0,3688.8333333333335,252.0,253,True,-1.0490035122271355,-1.0490035122271355,-2.098007024454271
205,1,3581.8333333333335,252.0,253,True,-1.0397017257625376,-1.0397017257625376,-2.079403451525075
205,2,3662.8333333333335,252.0,253,True,-1.046743265048822,-1.046743265048822,-2.093486530097644
205,3,3597.166666666667,252.0,253,True,-1.0410346920471845,-1.0410346920471845,-2.082069384094369
206,0,3702.8333333333335,252.0,253,True,-1.0502205684000736,-1.0502205684000736,-2.100441136800147
206,1,3777.8333333333335,252.0,253,True,-1.0567405121836695,-1.0567405121836695,-2.113481024367339
206,2,3682.8333333333335,252.0,253,True,-1.0484819167244468,-1.0484819167244468,-2.0969638334488936
206,3,3751.8333333333335,252.0,253,True,-1.0544802650053562,-1.0544802650053562,-2.1089605300107124
207,0,3604.8333333333335,252.0,253,True,-1.0417011751895078,-1.0417011751895078,-2.0834023503790156
207,1,3500.8333333333335,252.0,253,True,-1.0326601864762557,-1.0326601864762557,-2.0653203729525114
207,2,3506.8333333333335,252.0,253,True,-1.0331817819789426,-1.0331817819789426,-2.0663635639578852
207,3,3492.8333333333335,252.0,252,True,-1.0319647258060038,-1.0319647258060038,-2.0639294516120077
208,0,3543.166666666667,252.0,253,True,-1.036340332522997,-1.036340332522997,-2.072680665045994
208,1,3597.166666666667,252.0,253,True,-1.041034692047185,-1.041034692047185,-2.08206938409437
208,2,3666.8333333333335,345.0,254,True,-1.3158771225515764,-1.3158771225515764,-2.631754245103153
208,3,3677.8333333333335,252.0,253,True,-1.048047253805541,-1.048047253805541,-2.096094507611082
209,0,3501.166666666667,252.0,253,True,-1.032689164004183,-1.032689164004183,-2.065378328008366
209,1,3561.166666666667,252.0,253,True,-1.0379051190310584,-1.0379051190310584,-2.075810238062117
209,2,3689.8333333333335,252.0,253,True,-1.0490904448109162,-1.0490904448109162,-2.0981808896218324
209,3,3719.8333333333335,252.0,253,True,-1.051698422324354,-1.051698422324354,-2.103396844648708
210,0,3744.8333333333335,252.0,253,True,-1.0538717369188877,-1.0538717369188877,-2.1077434738377754
210,1,3717.8333333333335,252.0,253,True,-1.0515245571567928,-1.0515245571567928,-2.1030491143135857
210,2,3673.8333333333335,252.0,253,True,-1.0476995234704165,-1.0476995234704165,-2.095399046940833
210,3,3605.8333333333335,252.0,253,True,-1.0417881077732893,-1.0417881077732893,-2.0835762155465787
211,0,3598.166666666667,252.0,253,True,-1.0411216246309654,-1.0411216246309654,-2.0822432492619307
211,1,3628.8333333333335,252.0,253,True,-1.043787557200258,-1.043787557200258,-2.087575114400516
211,2,3672.8333333333335,252.0,253,True,-1.0476125908866347,-1.0476125908866347,-2.0952251817732694
211,3,3484.8333333333335,252.0,253,True,-1.0312692651357542,-1.0312692651357542,-2.0625385302715085
212,0,3711.8333333333335,252.0,253,True,-1.0510029616541048,-1.0510029616541048,-2.1020059233082096
212,1,3602.8333333333335,287.0,253,True,-1.1426833793861069,-1.1426833793861069,-2.2853667587722137
212,2,3789.166666666667,337.0,254,True,-1.3033904880175826,-1.3033904880175826,-2.6067809760351652
212,3,3535.8333333333335,252.0,253,True,-1.0357028269085993,-1.0357028269085993,-2.0714056538171985
213,0,3606.8333333333335,252.0,253,True,-1.0418750403570696,-1.0418750403570696,-2.083750080714139
213,1,3554.8333333333335,287.0,253,True,-1.1385106153646058,-1.1385106153646058,-2.2770212307292117
213,2,3670.8333333333335,287.0,253,True,-1.1485947950832336,-1.1485947950832336,-2.297189590166467
213,3,3543.166666666667,317.0,254,True,-1.224201604199296,-1.224201604199296,-2.448403208398592
214,0,3561.166666666667,252.0,253,True,-1.037905119031058,-1.037905119031058,-2.075810238062116
214,1,3535.8333333333335,252.0,253,True,-1.0357028269086,-1.0357028269086,-2.0714056538172
214,2,3715.8333333333335,252.0,253,True,-1.0513506919892297,-1.0513506919892297,-2.1027013839784594
214,3,3766.8333333333335,252.0,253,True,-1.0557842537620745,-1.0557842537620745,-2.111568507524149
215,0,3646.8333333333335,252.0,253,True,-1.045352343708321,-1.045352343708321,-2.090704687416642
215,1,3543.166666666667,252.0,253,True,-1.0363403325229952,-1.0363403325229952,-2.0726806650459904
215,2,3597.166666666667,252.0,253,True,-1.041034692047185,-1.041034692047185,-2.08206938409437
215,3,3737.166666666667,337.0,254,True,-1.2988699936609558,-1.2988699936609558,-2.5977399873219116
216,0,3578.8333333333335,252.0,253,True,-1.0394409280111947,-1.0394409280111947,-2.0788818560223894
216,1,3634.8333333333335,252.0,253,True,-1.0443091527029458,-1.0443091527029458,-2.0886183054058916
216,2,3622.8333333333335,252.0,253,True,-1.043265961697571,-1.043265961697571,-2.086531923395142
216,3,3843.166666666667,337.0,254,True,-1.3080848475417717,-1.3080848475417717,-2.6161696950835434
217,0,3593.166666666667,337.0,255,True,-1.2863517015964514,-1.2863517015964514,-2.572703403192903
217,1,3821.8333333333335,252.0,253,True,-1.0605655458700451,-1.0605655458700451,-2.1211310917400903
217,2,3610.8333333333335,317.0,255,True,-1.230084042368496,-1.230084042368496,-2.460168084736992
217,3,3724.8333333333335,252.0,253,True,-1.0521330852432613,-1.0521330852432613,-2.1042661704865226
218,0,3691.8333333333335,252.0,253,True,-1.0492643099784789,-1.0492643099784789,-2.0985286199569577
218,1,3649.8333333333335,252.0,253,True,-1.0456131414596657,-1.0456131414596657,-2.0912262829193313
218,2,3497.8333333333335,317.0,255,True,-1.220260660401211,-1.220260660401211,-2.440521320802422
218,3,3754.8333333333335,252.0,253,True,-1.0547410627566995,-1.0547410627566995,-2.109482125513399
219,0,3580.8333333333335,252.0,253,True,-1.0396147931787563,-1.0396147931787563,-2.0792295863575125
219,1,3682.8333333333335,317.0,254,True,-1.2363431884007476,-1.2363431884007476,-2.4726863768014953
219,2,3845.8333333333335,418.0,254,True,-1.5424207140079629,-1.5424207140079629,-3.0848414280159258
219,3,3766.166666666667,337.0,254,True,-1.3013910385906136,-1.3013910385906136,-2.602782077181227
220,0,3604.8333333333335,282.0,253,True,-1.1284063775016462,-1.1284063775016462,-2.2568127550032924
220,1,3776.8333333333335,317.0,255,True,-1.2445148512761874,-1.2445148512761874,-2.489029702552375
220,2,3512.8333333333335,252.0,253,True,-1.03370337748163,-1.03370337748163,-2.06740675496326
220,3,3287.166666666667,252.0,253,True,-1.0140855910749882,-1.0140855910749882,-2.0281711821499764
221,0,3418.8333333333335,252.0,253,True,-1.0255317146061897,-1.0255317146061897,-2.0510634292123795
221,1,3561.166666666667,252.0,253,True,-1.0379051190310589,-1.0379051190310589,-2.0758102380621177
221,2,3756.8333333333335,252.0,253,True,-1.0549149279242611,-1.0549149279242611,-2.1098298558485222
221,3,3464.8333333333335,252.0,253,True,-1.0295306134601285,-1.0295306134601285,-2.059061226920257
222,0,3712.8333333333335,317.0,255,True,-1.238951165914187,-1.238951165914187,-2.477902331828374
222,1,3596.8333333333335,252.0,253,True,-1.0410057145192584,-1.0410057145192584,-2.0820114290385168
222,2,3625.8333333333335,252.0,253,True,-1.0435267594489148,-1.0435267594489148,-2.0870535188978296
222,3,3538.333333333333,302.0,254,True,-1.1804288288882847,-1.1804288288882847,-2.3608576577765694
223,0,3806.8333333333335,252.0,253,True,-1.0592615571133261,-1.0592615571133261,-2.1185231142266523
223,1,3755.166666666667,337.0,255,True,-1.3004347801690201,-1.3004347801690201,-2.6008695603380403
223,2,3595.8333333333335,252.0,253,True,-1.0409187819354762,-1.0409187819354762,-2.0818375638709523
223,3,3654.8333333333335,252.0,253,True,-1.0460478043785724,-1.0460478043785724,-2.0920956087571447
224,0,3596.8333333333335,252.0,253,True,-1.0410057145192577,-1.0410057145192577,-2.0820114290385154
224,1,3546.8333333333335,252.0,253,True,-1.0366590853301931,-1.0366590853301931,-2.0733181706603863
224,2,3562.8333333333335,252.0,253,True,-1.0380500066706946,-1.0380500066706946,-2.076100013341389
224,3,3744.8333333333335,252.0,253,True,-1.0538717369188861,-1.0538717369188861,-2.1077434738377723
225,0,3689.8333333333335,252.0,253,True,-1.049090444810917,-1.049090444810917,-2.098180889621834
225,1,3819.8333333333335,252.0,253,True,-1.0603916807024834,-1.0603916807024834,-2.1207833614049667
225,2,3726.8333333333335,252.0,253,True,-1.0523069504108233,-1.0523069504108233,-2.1046139008216467
225,3,3663.166666666667,252.0,253,True,-1.0467722425767494,-1.0467722425767494,-2.093544485153499
226,0,3977.8333333333335,252.0,253,True,-1.0741270289399236,-1.0741270289399236,-2.1482540578798472
226,1,3597.166666666667,252.0,253,True,-1.041034692047184,-1.041034692047184,-2.082069384094368
226,2,3816.8333333333335,282.0,254,True,-1.1468360852632773,-1.1468360852632773,-2.2936721705265546
226,3,3720.8333333333335,252.0,253,True,-1.051785354908136,-1.051785354908136,-2.103570709816272
227,0,3735.8333333333335,252.0,253,True,-1.0530893436648552,-1.0530893436648552,-2.1061786873297104
227,1,3670.8333333333335,252.0,253,True,-1.0474387257190723,-1.0474387257190723,-2.0948774514381445
227,2,3673.8333333333335,252.0,253,True,-1.0476995234704158,-1.0476995234704158,-2.0953990469408317
227,3,3640.8333333333335,252.0,253,True,-1.0448307482056336,-1.0448307482056336,-2.089661496411267
228,0,3971.8333333333335,252.0,253,True,-1.0736054334372367,-1.0736054334372367,-2.1472108668744734
228,1,3594.8333333333335,252.0,253,True,-1.040831849351695,-1.040831849351695,-2.08166369870339
228,2,3757.8333333333335,317.0,255,True,-1.2428631321843444,-1.2428631321843444,-2.485726264368689
228,3,3700.8333333333335,252.0,253,True,-1.0500467032325098,-1.0500467032325098,-2.1000934064650196
229,0,3086.0,217.0,252,True,-0.8954415836068265,-0.8954415836068265,-1.790883167213653
229,1,3737.8333333333335,252.0,253,True,-1.0532632088324176,-1.0532632088324176,-2.1065264176648353
229,2,3564.8333333333335,252.0,253,True,-1.0382238718382562,-1.0382238718382562,-2.0764477436765123
229,3,3579.8333333333335,252.0,253,True,-1.0395278605949752,-1.0395278605949752,-2.0790557211899503
230,0,3494.8333333333335,252.0,253,True,-1.0321385909735672,-1.0321385909735672,-2.0642771819471344
230,1,3812.8333333333335,282.0,254,True,-1.1464883549281524,-1.1464883549281524,-2.2929767098563048
230,2,3543.166666666667,252.0,253,True,-1.0363403325229954,-1.0363403325229954,-2.072680665045991
230,3,3664.8333333333335,282.0,254,True,-1.1336223325285237,-1.1336223325285237,-2.2672446650570475
231,0,3665.8333333333335,252.0,253,True,-1.0470040628001653,-1.0470040628001653,-2.0940081256003307
231,1,3674.8333333333335,252.0,253,True,-1.0477864560541974,-1.0477864560541974,-2.095572912108395
231,2,3728.8333333333335,252.0,253,True,-1.0524808155783856,-1.0524808155783856,-2.104961631156771
231,3,3652.8333333333335,252.0,253,True,-1.04587393921101,-1.04587393921101,-2.09174787842202
232,0,3650.8333333333335,252.0,253,True,-1.0457000740434466,-1.0457000740434466,-2.091400148086893
232,1,3646.8333333333335,252.0,253,True,-1.0453523437083225,-1.0453523437083225,-2.090704687416645
232,2,3686.8333333333335,252.0,253,True,-1.0488296470595722,-1.0488296470595722,-2.0976592941191443
232,3,3575.8333333333335,252.0,253,True,-1.0391801302598507,-1.0391801302598507,-2.0783602605197014
233,0,3119.0,247.0,253,True,-0.985015561183747,-0.985015561183747,-1.970031122367494
233,1,3608.8333333333335,252.0,253,True,-1.0420489055246327,-1.0420489055246327,-2.0840978110492654
233,2,3345.0,217.0,252,True,-0.9179571228061769,-0.9179571228061769,-1.8359142456123538
233,3,3723.8333333333335,252.0,253,True,-1.0520461526594798,-1.0520461526594798,-2.1040923053189595
234,0,3623.8333333333335,252.0,253,True,-1.0433528942813521,-1.0433528942813521,-2.0867057885627043
234,1,3545.8333333333335,252.0,253,True,-1.036572152746413,-1.036572152746413,-2.073144305492826
234,2,3622.8333333333335,282.0,254,True,-1.1299711640097099,-1.1299711640097099,-2.2599423280194197
234,3,3521.8333333333335,252.0,253,True,-1.0344857707356614,-1.0344857707356614,-2.068971541471323
235,0,3814.8333333333335,282.0,254,True,-1.1466622200957162,-1.1466622200957162,-2.2933244401914323
235,1,3556.8333333333335,252.0,253,True,-1.0375284111680059,-1.0375284111680059,-2.0750568223360117
235,2,3152.0,217.0,252,True,-0.901179134136391,-0.901179134136391,-1.802358268272782
235,3,3629.8333333333335,317.0,255,True,-1.2317357614603401,-1.2317357614603401,-2.4634715229206803
236,0,3509.8333333333335,252.0,253,True,-1.033442579730286,-1.033442579730286,-2.066885159460572
236,1,3771.8333333333335,252.0,253,True,-1.0562189166809812,-1.0562189166809812,-2.1124378333619624
236,2,3578.8333333333335,252.0,253,True,-1.039440928011194,-1.039440928011194,-2.078881856022388
236,3,3601.8333333333335,252.0,253,True,-1.0414403774381638,-1.0414403774381638,-2.0828807548763275
237,0,3494.8333333333335,252.0,253,True,-1.0321385909735672,-1.0321385909735672,-2.0642771819471344
237,1,3563.8333333333335,252.0,253,True,-1.0381369392544764,-1.0381369392544764,-2.0762738785089527
237,2,3621.8333333333335,252.0,253,True,-1.0431790291137888,-1.0431790291137888,-2.0863580582275776
237,3,3574.8333333333335,252.0,253,True,-1.0390931976760696,-1.0390931976760696,-2.078186395352139
238,0,3524.8333333333335,252.0,253,True,-1.0347465684870065,-1.0347465684870065,-2.069493136974013
238,1,3627.8333333333335,252.0,253,True,-1.0437006246164773,-1.0437006246164773,-2.0874012492329546
238,2,3525.8333333333335,252.0,253,True,-1.0348335010707872,-1.0348335010707872,-2.0696670021415744
238,3,3484.8333333333335,252.0,253,True,-1.0312692651357551,-1.0312692651357551,-2.0625385302715102
239,0,3570.8333333333335,252.0,253,True,-1.0387454673409444,-1.0387454673409444,-2.077490934681889
239,1,3629.8333333333335,252.0,253,True,-1.0438744897840402,-1.0438744897840402,-2.0877489795680804
239,2,3564.8333333333335,252.0,253,True,-1.0382238718382566,-1.0382238718382566,-2.076447743676513
239,3,3557.8333333333335,252.0,253,True,-1.0376153437517883,-1.0376153437517883,-2.0752306875035766
240,0,3629.8333333333335,252.0,253,True,-1.0438744897840402,-1.0438744897840402,-2.0877489795680804
240,1,3623.8333333333335,252.0,253,True,-1.043352894281352,-1.043352894281352,-2.086705788562704
240,2,3625.8333333333335,252.0,253,True,-1.0435267594489157,-1.0435267594489157,-2.0870535188978314
240,3,3478.8333333333335,252.0,253,True,-1.0307476696330669,-1.0307476696330669,-2.0614953392661337
241,0,3577.8333333333335,252.0,253,True,-1.0393539954274136,-1.0393539954274136,-2.078707990854827
241,1,3611.8333333333335,252.0,253,True,-1.042309703275977,-1.042309703275977,-2.084619406551954
241,2,3584.8333333333335,252.0,253,True,-1.0399625235138825,-1.0399625235138825,-2.079925047027765
241,3,3552.8333333333335,252.0,253,True,-1.0371806808328807,-1.0371806808328807,-2.0743613616657615
242,0,3546.8333333333335,252.0,253,True,-1.0366590853301936,-1.0366590853301936,-2.073318170660387
242,1,3544.8333333333335,252.0,253,True,-1.036485220162631,-1.036485220162631,-2.072970440325262
242,2,3675.8333333333335,252.0,253,True,-1.0478733886379785,-1.0478733886379785,-2.095746777275957
242,3,3623.8333333333335,252.0,253,True,-1.0433528942813524,-1.0433528942813524,-2.0867057885627047
243,0,3773.8333333333335,252.0,253,True,-1.0563927818485441,-1.0563927818485441,-2.1127855636970883
243,1,3620.8333333333335,252.0,253,True,-1.043092096530008,-1.043092096530008,-2.086184193060016
243,2,3608.8333333333335,252.0,253,True,-1.0420489055246334,-1.0420489055246334,-2.0840978110492667
243,3,3775.8333333333335,282.0,254,True,-1.1432718493282459,-1.1432718493282459,-2.2865436986564918
244,0,3664.8333333333335,252.0,253,True,-1.0469171302163842,-1.0469171302163842,-2.0938342604327684
244,1,3552.8333333333335,252.0,253,True,-1.0371806808328812,-1.0371806808328812,-2.0743613616657623
244,2,3595.8333333333335,252.0,253,True,-1.040918781935477,-1.040918781935477,-2.081837563870954
244,3,3499.8333333333335,252.0,253,True,-1.0325732538924732,-1.0325732538924732,-2.0651465077849465
245,0,3575.8333333333335,252.0,253,True,-1.0391801302598505,-1.0391801302598505,-2.078360260519701
245,1,3643.8333333333335,252.0,253,True,-1.0450915459569776,-1.0450915459569776,-2.0901830919139552
245,2,3671.8333333333335,252.0,253,True,-1.047525658302853,-1.047525658302853,-2.095051316605706
245,3,3614.8333333333335,252.0,253,True,-1.0425705010273214,-1.0425705010273214,-2.085141002054643
246,0,3631.8333333333335,252.0,253,True,-1.0440483549516029,-1.0440483549516029,-2.0880967099032057
246,1,3578.8333333333335,252.0,253,True,-1.0394409280111945,-1.0394409280111945,-2.078881856022389
246,2,3581.8333333333335,252.0,253,True,-1.0397017257625387,-1.0397017257625387,-2.0794034515250774
246,3,3517.8333333333335,252.0,253,True,-1.0341380404005363,-1.0341380404005363,-2.0682760808010725
247,0,3550.8333333333335,252.0,253,True,-1.0370068156653183,-1.0370068156653183,-2.0740136313306365
247,1,3709.8333333333335,282.0,254,True,-1.137534298798681,-1.137534298798681,-2.275068597597362
247,2,3510.8333333333335,252.0,253,True,-1.033529512314068,-1.033529512314068,-2.067059024628136
247,3,3519.8333333333335,252.0,253,True,-1.0343119055680996,-1.0343119055680996,-2.068623811136199
248,0,3463.166666666667,252.0,253,True,-1.0293857258204937,-1.0293857258204937,-2.0587714516409874
248,1,3206.0,217.0,252,True,-0.9058734936605792,-0.9058734936605792,-1.8117469873211585
248,2,3748.8333333333335,317.0,255,True,-1.2420807389303123,-1.2420807389303123,-2.4841614778606247
248,3,3322.0,217.0,252,True,-0.9159576733792073,-0.9159576733792073,-1.8319153467584146
249,0,3712.8333333333335,282.0,253,True,-1.137795096550024,-1.137795096550024,-2.275590193100048
249,1,3562.8333333333335,252.0,253,True,-1.0380500066706944,-1.0380500066706944,-2.0761000133413887
249,2,3600.8333333333335,252.0,253,True,-1.041353444854383,-1.041353444854383,-2.082706889708766
249,3,3674.8333333333335,252.0,253,True,-1.0477864560541985,-1.0477864560541985,-2.095572912108397
250,0,3907.8333333333335,252.0,253,True,-1.068041748075235,-1.068041748075235,-2.13608349615047
250,1,3820.8333333333335,345.0,253,True,-1.3292647404538944,-1.3292647404538944,-2.658529480907789
250,2,3992.3333333333335,367.0,255,True,-1.4077574936012855,-1.4077574936012855,-2.815514987202571
250,3,3394.166666666667,287.0,253,True,-1.1245434469037476,-1.1245434469037476,-2.2490868938074953
251,0,3552.8333333333335,252.0,253,True,-1.037180680832881,-1.037180680832881,-2.074361361665762
251,1,3596.8333333333335,252.0,253,True,-1.0410057145192573,-1.0410057145192573,-2.0820114290385145
251,2,3566.8333333333335,252.0,253,True,-1.0383977370058197,-1.0383977370058197,-2.0767954740116394
251,3,3853.8333333333335,252.0,253,True,-1.0633473885510465,-1.0633473885510465,-2.126694777102093
252,0,3605.8333333333335,252.0,253,True,-1.041788107773288,-1.041788107773288,-2.083576215546576
252,1,3192.0,217.0,252,True,-0.9046564374876421,-0.9046564374876421,-1.8093128749752843
252,2,3662.8333333333335,252.0,253,True,-1.046743265048822,-1.046743265048822,-2.093486530097644
252,3,3621.8333333333335,287.0,253,True,-1.1443350984779506,-1.1443350984779506,-2.288670196955901
253,0,3663.8333333333335,252.0,253,True,-1.046830197632603,-1.046830197632603,-2.093660395265206
253,1,4035.8333333333335,410.0,256,True,-1.535816517643169,-1.535816517643169,-3.071633035286338
253,2,3770.8333333333335,252.0,253,True,-1.0561319840971997,-1.0561319840971997,-2.1122639681943993
253,3,3684.8333333333335,252.0,253,True,-1.04865578189201,-1.04865578189201,-2.09731156378402
254,0,3793.8333333333335,282.0,254,True,-1.1448366358363082,-1.1448366358363082,-2.2896732716726165
254,1,3639.8333333333335,252.0,253,True,-1.0447438156218525,-1.0447438156218525,-2.089487631243705
254,2,3585.8333333333335,252.0,253,True,-1.0400494560976636,-1.0400494560976636,-2.0800989121953273
254,3,3682.8333333333335,252.0,253,True,-1.0484819167244475,-1.0484819167244475,-2.096963833448895
255,0,3764.8333333333335,317.0,255,True,-1.243471660270813,-1.243471660270813,-2.486943320541626
255,1,3713.8333333333335,252.0,253,True,-1.051176826821667,-1.051176826821667,-2.102353653643334
255,2,3606.8333333333335,252.0,253,True,-1.0418750403570696,-1.0418750403570696,-2.083750080714139
255,3,3624.8333333333335,317.0,255,True,-1.2313010985414337,-1.2313010985414337,-2.4626021970828673
256,0,3704.8333333333335,252.0,253,True,-1.0503944335676365,-1.0503944335676365,-2.100788867135273
256,1,3712.8333333333335,252.0,253,True,-1.051089894237885,-1.051089894237885,-2.10217978847577
256,2,3531.3333333333335,302.0,254,True,-1.179820300801815,-1.179820300801815,-2.35964060160363
256,3,3640.8333333333335,252.0,253,True,-1.0448307482056336,-1.0448307482056336,-2.089661496411267
257,0,3602.8333333333335,252.0,253,True,-1.0415273100219455,-1.0415273100219455,-2.083054620043891
257,1,3767.8333333333335,282.0,254,True,-1.142576388657994,-1.142576388657994,-2.285152777315988
257,2,3995.8333333333335,448.0,256,True,-1.6421658038872933,-1.6421658038872933,-3.2843316077745865
257,3,3705.8333333333335,252.0,253,True,-1.0504813661514176,-1.0504813661514176,-2.1009627323028353
258,0,3672.333333333333,302.0,254,True,-1.192077795114975,-1.192077795114975,-2.38415559022995
258,1,3653.8333333333335,252.0,253,True,-1.0459608717947908,-1.0459608717947908,-2.0919217435895816
258,2,3748.8333333333335,252.0,253,True,-1.0542194672540122,-1.0542194672540122,-2.1084389345080243
258,3,3638.8333333333335,252.0,253,True,-1.0446568830380718,-1.0446568830380718,-2.0893137660761436
259,0,3722.8333333333335,252.0,253,True,-1.0519592200756989,-1.0519592200756989,-2.1039184401513977
259,1,3719.8333333333335,252.0,253,True,-1.0516984223243546,-1.0516984223243546,-2.1033968446487092
259,2,3759.8333333333335,252.0,253,True,-1.0551757256756056,-1.0551757256756056,-2.110351451351211
259,3,3641.8333333333335,317.0,255,True,-1.232778952465715,-1.232778952465715,-2.46555790493143
260,0,3680.8333333333335,252.0,253,True,-1.0483080515568852,-1.0483080515568852,-2.0966161031137704
260,1,3698.8333333333335,252.0,253,True,-1.0498728380649482,-1.0498728380649482,-2.0997456761298965
260,2,3625.8333333333335,252.0,253,True,-1.043526759448915,-1.043526759448915,-2.08705351889783
260,3,3652.8333333333335,252.0,253,True,-1.0458739392110097,-1.0458739392110097,-2.0917478784220194
261,0,3604.8333333333335,252.0,253,True,-1.0417011751895084,-1.0417011751895084,-2.083402350379017
261,1,3452.166666666667,252.0,253,True,-1.028429467398899,-1.028429467398899,-2.056858934797798
261,2,3936.8333333333335,410.0,256,True,-1.5272101918488232,-1.5272101918488232,-3.0544203836976465
261,3,3604.8333333333335,252.0,253,True,-1.0417011751895078,-1.0417011751895078,-2.0834023503790156
262,0,3671.8333333333335,252.0,253,True,-1.0475256583028536,-1.0475256583028536,-2.095051316605707
262,1,3738.8333333333335,252.0,253,True,-1.0533501414161999,-1.0533501414161999,-2.1067002828323997
262,2,3743.8333333333335,252.0,253,True,-1.0537848043351064,-1.0537848043351064,-2.1075696086702127
262,3,3763.8333333333335,252.0,253,True,-1.0555234560107314,-1.0555234560107314,-2.1110469120214628
263,0,3724.8333333333335,252.0,253,True,-1.0521330852432607,-1.0521330852432607,-2.1042661704865213
263,1,3747.8333333333335,252.0,253,True,-1.0541325346702308,-1.0541325346702308,-2.1082650693404617
263,2,3767.8333333333335,252.0,253,True,-1.0558711863458559,-1.0558711863458559,-2.1117423726917117
263,3,3621.8333333333335,252.0,253,True,-1.0431790291137901,-1.0431790291137901,-2.0863580582275802
264,0,3715.8333333333335,252.0,253,True,-1.051350691989229,-1.051350691989229,-2.102701383978458
264,1,3732.8333333333335,252.0,253,True,-1.052828545913511,-1.052828545913511,-2.105657091827022
264,2,3615.166666666667,252.0,253,True,-1.0425994785552477,-1.0425994785552477,-2.0851989571104954
264,3,3714.8333333333335,282.0,254,True,-1.1379689617175874,-1.1379689617175874,-2.275937923435175
265,0,3698.8333333333335,252.0,253,True,-1.0498728380649485,-1.0498728380649485,-2.099745676129897
265,1,3621.8333333333335,252.0,253,True,-1.0431790291137906,-1.0431790291137906,-2.086358058227581
265,2,3670.8333333333335,252.0,253,True,-1.0474387257190723,-1.0474387257190723,-2.0948774514381445
265,3,3653.8333333333335,252.0,253,True,-1.045960871794791,-1.045960871794791,-2.091921743589582
266,0,3729.8333333333335,252.0,253,True,-1.0525677481621676,-1.0525677481621676,-2.105135496324335
266,1,3843.166666666667,337.0,254,True,-1.308084847541772,-1.308084847541772,-2.616169695083544
266,2,3692.8333333333335,252.0,253,True,-1.0493512425622595,-1.0493512425622595,-2.098702485124519
266,3,3666.8333333333335,252.0,253,True,-1.047090995383948,-1.047090995383948,-2.094181990767896
267,0,3691.8333333333335,252.0,253,True,-1.0492643099784777,-1.0492643099784777,-2.0985286199569555
267,1,3648.8333333333335,252.0,253,True,-1.0455262088758843,-1.0455262088758843,-2.0910524177517686
267,2,3692.8333333333335,252.0,253,True,-1.0493512425622609,-1.0493512425622609,-2.0987024851245217
267,3,3683.8333333333335,252.0,253,True,-1.0485688493082281,-1.0485688493082281,-2.0971376986164563
268,0,3799.8333333333335,252.0,253,True,-1.0586530290268572,-1.0586530290268572,-2.1173060580537144
268,1,3628.8333333333335,252.0,253,True,-1.0437875572002593,-1.0437875572002593,-2.0875751144005186
268,2,3703.8333333333335,252.0,253,True,-1.050307500983854,-1.050307500983854,-2.100615001967708
268,3,3654.8333333333335,252.0,253,True,-1.0460478043785726,-1.0460478043785726,-2.092095608757145
269,0,3777.8333333333335,252.0,253,True,-1.0567405121836693,-1.0567405121836693,-2.1134810243673385
269,1,3555.8333333333335,252.0,253,True,-1.0374414785842254,-1.0374414785842254,-2.074882957168451
269,2,3828.8333333333335,252.0,253,True,-1.0611740739565143,-1.0611740739565143,-2.1223481479130286
269,3,3698.8333333333335,252.0,253,True,-1.0498728380649482,-1.0498728380649482,-2.0997456761298965
270,0,3607.8333333333335,252.0,253,True,-1.0419619729408511,-1.0419619729408511,-2.0839239458817023
270,1,3836.333333333333,410.0,256,True,-1.5184734671788036,-1.5184734671788036,-3.036946934357607
270,2,3645.8333333333335,252.0,253,True,-1.04526541112454,-1.04526541112454,-2.09053082224908
270,3,3641.8333333333335,287.0,253,True,-1.146073750153577,-1.146073750153577,-2.292147500307154
271,0,3698.8333333333335,252.0,253,True,-1.0498728380649482,-1.0498728380649482,-2.0997456761298965
271,1,3646.8333333333335,252.0,253,True,-1.0453523437083223,-1.0453523437083223,-2.0907046874166446
271,2,3669.8333333333335,252.0,253,True,-1.0473517931352903,-1.0473517931352903,-2.0947035862705805
271,3,3670.8333333333335,252.0,253,True,-1.0474387257190727,-1.0474387257190727,-2.0948774514381454
272,0,3694.166666666667,402.0,257,True,-1.4829931642346617,-1.4829931642346617,-2.9659863284693233
272,1,3665.8333333333335,252.0,253,True,-1.047004062800166,-1.047004062800166,-2.094008125600332
272,2,3659.166666666667,337.0,255,True,-1.292089252126017,-1.292089252126017,-2.584178504252034
272,3,3573.166666666667,252.0,253,True,-1.0389483100364336,-1.0389483100364336,-2.0778966200728672
273,0,3702.8333333333335,252.0,253,True,-1.0502205684000723,-1.0502205684000723,-2.1004411368001445
273,1,3651.8333333333335,252.0,253,True,-1.045787006627228,-1.045787006627228,-2.091574013254456
273,2,3655.8333333333335,252.0,253,True,-1.0461347369623526,-1.0461347369623526,-2.092269473924705
273,3,3709.8333333333335,252.0,253,True,-1.0508290964865414,-1.0508290964865414,-2.101658192973083
274,0,3646.8333333333335,252.0,253,True,-1.0453523437083219,-1.0453523437083219,-2.0907046874166437
274,1,3656.8333333333335,252.0,253,True,-1.0462216695461348,-1.0462216695461348,-2.0924433390922696
274,2,3736.8333333333335,252.0,253,True,-1.0531762762486367,-1.0531762762486367,-2.1063525524972735
274,3,3634.8333333333335,252.0,253,True,-1.0443091527029469,-1.0443091527029469,-2.0886183054058938
275,0,3705.8333333333335,252.0,253,True,-1.0504813661514167,-1.0504813661514167,-2.1009627323028335
275,1,3657.8333333333335,252.0,253,True,-1.0463086021299146,-1.0463086021299146,-2.0926172042598292
275,2,3840.8333333333335,252.0,253,True,-1.0622172649618897,-1.0622172649618897,-2.1244345299237795
275,3,3660.8333333333335,252.0,253,True,-1.0465693998812593,-1.0465693998812593,-2.0931387997625186
276,0,3834.8333333333335,252.0,253,True,-1.0616956694592021,-1.0616956694592021,-2.1233913389184043
276,1,3760.8333333333335,252.0,253,True,-1.0552626582593878,-1.0552626582593878,-2.1105253165187756
276,2,3678.8333333333335,252.0,253,True,-1.048134186389322,-1.048134186389322,-2.096268372778644
276,3,3700.8333333333335,252.0,253,True,-1.0500467032325105,-1.0500467032325105,-2.100093406465021
277,0,3728.8333333333335,252.0,253,True,-1.0524808155783867,-1.0524808155783867,-2.1049616311567734
277,1,3698.8333333333335,252.0,253,True,-1.0498728380649478,-1.0498728380649478,-2.0997456761298956
277,2,3607.8333333333335,252.0,253,True,-1.0419619729408518,-1.0419619729408518,-2.0839239458817036
277,3,3626.8333333333335,252.0,253,True,-1.043613692032696,-1.043613692032696,-2.087227384065392
278,0,3619.8333333333335,252.0,253,True,-1.0430051639462279,-1.0430051639462279,-2.0860103278924558
278,1,3603.8333333333335,252.0,253,True,-1.041614242605726,-1.041614242605726,-2.083228485211452
278,2,3573.8333333333335,252.0,253,True,-1.0390062650922887,-1.0390062650922887,-2.0780125301845773
278,3,3690.8333333333335,252.0,253,True,-1.0491773773946982,-1.0491773773946982,-2.0983547547893964
279,0,3647.8333333333335,252.0,253,True,-1.0454392762921032,-1.0454392762921032,-2.0908785525842064
279,1,3683.8333333333335,252.0,253,True,-1.0485688493082292,-1.0485688493082292,-2.0971376986164585
279,2,3635.8333333333335,252.0,253,True,-1.044396085286728,-1.044396085286728,-2.088792170573456
279,3,3663.8333333333335,252.0,253,True,-1.0468301976326038,-1.0468301976326038,-2.0936603952652075
280,0,3675.8333333333335,252.0,253,True,-1.0478733886379783,-1.0478733886379783,-2.0957467772759566
280,1,3672.8333333333335,252.0,253,True,-1.0476125908866354,-1.0476125908866354,-2.0952251817732708
280,2,3603.8333333333335,252.0,253,True,-1.0416142426057269,-1.0416142426057269,-2.0832284852114538
280,3,3654.333333333333,302.0,254,True,-1.1905130086069133,-1.1905130086069133,-2.3810260172138267
281,0,3581.8333333333335,252.0,253,True,-1.0397017257625387,-1.0397017257625387,-2.0794034515250774
281,1,3720.8333333333335,252.0,253,True,-1.0517853549081362,-1.0517853549081362,-2.1035707098162724
281,2,3507.8333333333335,252.0,253,True,-1.033268714562724,-1.033268714562724,-2.066537429125448
281,3,3618.8333333333335,252.0,253,True,-1.042918231362446,-1.042918231362446,-2.085836462724892
282,0,3590.8333333333335,252.0,253,True,-1.0404841190165695,-1.0404841190165695,-2.080968238033139
282,1,3547.8333333333335,252.0,253,True,-1.0367460179139751,-1.0367460179139751,-2.0734920358279503
282,2,3651.8333333333335,252.0,253,True,-1.0457870066272281,-1.0457870066272281,-2.0915740132544562
282,3,3682.8333333333335,252.0,253,True,-1.0484819167244481,-1.0484819167244481,-2.0969638334488963
283,0,3574.8333333333335,252.0,253,True,-1.0390931976760702,-1.0390931976760702,-2.0781863953521404
283,1,3618.8333333333335,252.0,253,True,-1.0429182313624452,-1.0429182313624452,-2.0858364627248904
283,2,3570.166666666667,252.0,253,True,-1.0386875122850892,-1.0386875122850892,-2.0773750245701783
283,3,3665.8333333333335,252.0,253,True,-1.047004062800166,-1.047004062800166,-2.094008125600332
284,0,3703.8333333333335,252.0,253,True,-1.0503075009838552,-1.0503075009838552,-2.1006150019677103
284,1,3895.8333333333335,410.0,256,True,-1.523645955913791,-1.523645955913791,-3.047291911827582
284,2,3737.8333333333335,252.0,253,True,-1.053263208832418,-1.053263208832418,-2.106526417664836
284,3,3647.8333333333335,252.0,253,True,-1.0454392762921025,-1.0454392762921025,-2.090878552584205
285,0,3658.8333333333335,287.0,253,True,-1.1475516040778586,-1.1475516040778586,-2.2951032081557172
285,1,3736.8333333333335,252.0,253,True,-1.0531762762486363,-1.0531762762486363,-2.1063525524972726
285,2,3538.8333333333335,287.0,253,True,-1.1371196940241057,-1.1371196940241057,-2.2742393880482115
285,3,3717.8333333333335,252.0,253,True,-1.0515245571567924,-1.0515245571567924,-2.1030491143135848
286,0,3703.8333333333335,252.0,253,True,-1.0503075009838552,-1.0503075009838552,-2.1006150019677103
286,1,3716.166666666667,337.0,254,True,-1.2970444094015499,-1.2970444094015499,-2.5940888188030997
286,2,3701.8333333333335,252.0,253,True,-1.0501336358162923,-1.0501336358162923,-2.1002672716325845
286,3,3585.8333333333335,252.0,253,True,-1.0400494560976636,-1.0400494560976636,-2.0800989121953273
287,0,3630.8333333333335,252.0,253,True,-1.0439614223678217,-1.0439614223678217,-2.0879228447356435
287,1,3753.8333333333335,252.0,253,True,-1.0546541301729193,-1.0546541301729193,-2.1093082603458386
287,2,3628.8333333333335,252.0,253,True,-1.043787557200258,-1.043787557200258,-2.087575114400516
287,3,3700.8333333333335,252.0,253,True,-1.050046703232511,-1.050046703232511,-2.100093406465022
288,0,3723.8333333333335,252.0,253,True,-1.0520461526594802,-1.0520461526594802,-2.1040923053189604
288,1,3571.8333333333335,252.0,253,True,-1.0388323999247255,-1.0388323999247255,-2.077664799849451
288,2,3635.8333333333335,252.0,253,True,-1.0443960852867273,-1.0443960852867273,-2.0887921705734547
288,3,3574.8333333333335,252.0,253,True,-1.0390931976760691,-1.0390931976760691,-2.0781863953521382
289,0,3595.8333333333335,252.0,253,True,-1.0409187819354768,-1.0409187819354768,-2.0818375638709536
289,1,3685.8333333333335,252.0,253,True,-1.048742714475791,-1.048742714475791,-2.097485428951582
289,2,3715.8333333333335,252.0,253,True,-1.0513506919892293,-1.0513506919892293,-2.1027013839784585
289,3,3741.8333333333335,252.0,253,True,-1.0536109391675428,-1.0536109391675428,-2.1072218783350856
290,0,3643.8333333333335,252.0,253,True,-1.0450915459569783,-1.0450915459569783,-2.0901830919139566
290,1,3683.8333333333335,252.0,253,True,-1.048568849308229,-1.048568849308229,-2.097137698616458
290,2,3970.8333333333335,410.0,256,True,-1.530165899697385,-1.530165899697385,-3.06033179939477
290,3,3737.8333333333335,252.0,253,True,-1.0532632088324179,-1.0532632088324179,-2.1065264176648357
291,0,3651.8333333333335,252.0,253,True,-1.0457870066272283,-1.0457870066272283,-2.0915740132544567
291,1,3742.8333333333335,252.0,253,True,-1.0536978717513246,-1.0536978717513246,-2.107395743502649
291,2,3656.8333333333335,252.0,253,True,-1.0462216695461346,-1.0462216695461346,-2.092443339092269
291,3,3625.8333333333335,418.0,255,True,-1.5232955455760848,-1.5232955455760848,-3.0465910911521696
292,0,3694.8333333333335,252.0,253,True,-1.049525107729823,-1.049525107729823,-2.099050215459646
292,1,3675.8333333333335,252.0,253,True,-1.0478733886379783,-1.0478733886379783,-2.0957467772759566
292,2,3736.333333333333,302.0,254,True,-1.1976414804769777,-1.1976414804769777,-2.3952829609539554
292,3,3580.8333333333335,252.0,253,True,-1.0396147931787565,-1.0396147931787565,-2.079229586357513
293,0,3575.8333333333335,252.0,253,True,-1.039180130259851,-1.039180130259851,-2.078360260519702
293,1,3626.8333333333335,252.0,253,True,-1.0436136920326957,-1.0436136920326957,-2.0872273840653914
293,2,3700.8333333333335,252.0,253,True,-1.0500467032325116,-1.0500467032325116,-2.100093406465023
293,3,3527.8333333333335,252.0,253,True,-1.03500736623835,-1.03500736623835,-2.0700147324767
294,0,3504.166666666667,252.0,253,True,-1.0329499617555262,-1.0329499617555262,-2.0658999235110524
294,1,3867.333333333333,410.0,255,True,-1.5211683772760232,-1.5211683772760232,-3.0423367545520463
294,2,3682.8333333333335,252.0,253,True,-1.048481916724448,-1.048481916724448,-2.096963833448896
294,3,3834.8333333333335,511.0,256,True,-1.8102505827539983,-1.8102505827539983,-3.6205011655079966
295,0,3421.8333333333335,252.0,253,True,-1.0257925123575329,-1.0257925123575329,-2.0515850247150658
295,1,3577.8333333333335,252.0,253,True,-1.0393539954274134,-1.0393539954274134,-2.0787079908548267
295,2,3559.8333333333335,252.0,253,True,-1.0377892089193508,-1.0377892089193508,-2.0755784178387016
295,3,3480.8333333333335,252.0,253,True,-1.030921534800629,-1.030921534800629,-2.061843069601258
296,0,3501.166666666667,252.0,253,True,-1.0326891640041818,-1.0326891640041818,-2.0653783280083635
296,1,3718.8333333333335,418.0,255,True,-1.5313802758677404,-1.5313802758677404,-3.062760551735481
296,2,3681.333333333333,332.0,255,True,-1.2795653906811462,-1.2795653906811462,-2.5591307813622923
296,3,3579.8333333333335,252.0,253,True,-1.0395278605949765,-1.0395278605949765,-2.079055721189953
297,0,3554.8333333333335,252.0,253,True,-1.0373545460004439,-1.0373545460004439,-2.0747090920008877
297,1,3575.8333333333335,252.0,253,True,-1.0391801302598518,-1.0391801302598518,-2.0783602605197036
297,2,3504.166666666667,252.0,253,True,-1.0329499617555258,-1.0329499617555258,-2.0658999235110516
297,3,3711.8333333333335,252.0,253,True,-1.0510029616541046,-1.0510029616541046,-2.102005923308209
298,0,3612.8333333333335,252.0,253,True,-1.0423966358597587,-1.0423966358597587,-2.0847932717195174
298,1,3140.0,217.0,252,True,-0.9001359431310154,-0.9001359431310154,-1.8002718862620308
298,2,3612.8333333333335,252.0,253,True,-1.0423966358597585,-1.0423966358597585,-2.084793271719517
298,3,3557.8333333333335,252.0,253,True,-1.0376153437517874,-1.0376153437517874,-2.075230687503575
299,0,3548.8333333333335,252.0,253,True,-1.0368329504977556,-1.0368329504977556,-2.073665900995511
299,1,3648.8333333333335,252.0,253,True,-1.0455262088758837,-1.0455262088758837,-2.0910524177517673
299,2,3564.8333333333335,252.0,253,True,-1.038223871838256,-1.038223871838256,-2.076447743676512
299,3,3257.0,217.0,252,True,-0.9103070554334253,-0.9103070554334253,-1.8206141108668505
300,0,3751.8333333333335,252.0,253,True,-1.054480265005356,-1.054480265005356,-2.108960530010712
300,1,3303.0,217.0,252,True,-0.9143059542873637,-0.9143059542873637,-1.8286119085747274
300,2,3516.166666666667,252.0,253,True,-1.0339931527609016,-1.0339931527609016,-2.0679863055218033
300,3,3419.166666666667,252.0,252,True,-1.0255606921341174,-1.0255606921341174,-2.0511213842682348
301,0,3502.8333333333335,287.0,253,True,-1.133990121007979,-1.133990121007979,-2.267980242015958
301,1,3561.8333333333335,252.0,253,True,-1.037963074086913,-1.037963074086913,-2.075926148173826
301,2,3297.0,247.0,253,True,-1.0004895610968145,-1.0004895610968145,-2.000979122193629
301,3,3461.8333333333335,252.0,253,True,-1.0292698157087843,-1.0292698157087843,-2.0585396314175686
302,0,3516.166666666667,252.0,253,True,-1.0339931527609012,-1.0339931527609012,-2.0679863055218024
302,1,3571.8333333333335,317.0,255,True,-1.2266936716010255,-1.2266936716010255,-2.453387343202051
302,2,3642.8333333333335,252.0,253,True,-1.0450046133731972,-1.0450046133731972,-2.0900092267463943
302,3,3574.8333333333335,252.0,253,True,-1.0390931976760707,-1.0390931976760707,-2.0781863953521413
303,0,3686.8333333333335,252.0,253,True,-1.0488296470595728,-1.0488296470595728,-2.0976592941191456
303,1,3579.8333333333335,252.0,253,True,-1.0395278605949763,-1.0395278605949763,-2.0790557211899525
303,2,3586.8333333333335,252.0,253,True,-1.040136388681444,-1.040136388681444,-2.080272777362888
303,3,3417.0,310.0,253,True,-1.193002396006059,-1.193002396006059,-2.386004792012118
304,0,3537.8333333333335,287.0,253,True,-1.1370327614403248,-1.1370327614403248,-2.2740655228806497
304,1,3602.8333333333335,252.0,253,True,-1.0415273100219458,-1.0415273100219458,-2.0830546200438915
304,2,3560.8333333333335,252.0,253,True,-1.0378761415031312,-1.0378761415031312,-2.0757522830062625
304,3,3707.333333333333,332.0,255,True,-1.2818256378594588,-1.2818256378594588,-2.5636512757189176
305,0,3671.8333333333335,252.0,253,True,-1.0475256583028536,-1.0475256583028536,-2.095051316605707
305,1,3691.8333333333335,252.0,253,True,-1.0492643099784782,-1.0492643099784782,-2.0985286199569564
305,2,3822.8333333333335,282.0,254,True,-1.1473576807659647,-1.1473576807659647,-2.2947153615319293
305,3,3508.8333333333335,252.0,253,True,-1.0333556471465053,-1.0333556471465053,-2.0667112942930106
306,0,3704.8333333333335,317.0,255,True,-1.2382557052439351,-1.2382557052439351,-2.4765114104878703
306,1,3653.8333333333335,252.0,253,True,-1.0459608717947906,-1.0459608717947906,-2.091921743589581
306,2,3536.8333333333335,252.0,253,True,-1.0357897594923815,-1.0357897594923815,-2.071579518984763
306,3,3549.8333333333335,252.0,253,True,-1.0369198830815365,-1.0369198830815365,-2.073839766163073
307,0,3504.166666666667,252.0,253,True,-1.0329499617555253,-1.0329499617555253,-2.0658999235110507
307,1,3609.166666666667,252.0,253,True,-1.0420778830525608,-1.0420778830525608,-2.0841557661051215
307,2,3516.166666666667,252.0,253,True,-1.0339931527609012,-1.0339931527609012,-2.0679863055218024
307,3,3582.8333333333335,252.0,253,True,-1.0397886583463205,-1.0397886583463205,-2.079577316692641
308,0,3645.8333333333335,252.0,253,True,-1.04526541112454,-1.04526541112454,-2.09053082224908
308,1,3703.8333333333335,252.0,253,True,-1.0503075009838545,-1.0503075009838545,-2.100615001967709
308,2,3711.166666666667,282.0,254,True,-1.1376502089103888,-1.1376502089103888,-2.2753004178207776
308,3,3555.8333333333335,252.0,253,True,-1.0374414785842254,-1.0374414785842254,-2.074882957168451
309,0,3704.8333333333335,252.0,253,True,-1.050394433567635,-1.050394433567635,-2.10078886713527
309,1,3557.8333333333335,252.0,253,True,-1.037615343751788,-1.037615343751788,-2.075230687503576
309,2,3677.8333333333335,252.0,253,True,-1.0480472538055412,-1.0480472538055412,-2.0960945076110824
309,3,3512.8333333333335,252.0,253,True,-1.0337033774816302,-1.0337033774816302,-2.0674067549632604
310,0,3630.8333333333335,252.0,253,True,-1.0439614223678209,-1.0439614223678209,-2.0879228447356417
310,1,3611.8333333333335,252.0,253,True,-1.042309703275977,-1.042309703275977,-2.084619406551954
310,2,3585.8333333333335,252.0,253,True,-1.0400494560976639,-1.0400494560976639,-2.0800989121953277
310,3,3564.166666666667,337.0,255,True,-1.2838306566667959,-1.2838306566667959,-2.5676613133335917
311,0,3409.8333333333335,252.0,253,True,-1.024749321352158,-1.024749321352158,-2.049498642704316
311,1,3714.8333333333335,252.0,253,True,-1.0512637594054488,-1.0512637594054488,-2.1025275188108976
311,2,3504.166666666667,252.0,253,True,-1.0329499617555253,-1.0329499617555253,-2.0658999235110507
311,3,3727.8333333333335,252.0,253,True,-1.0523938829946056,-1.0523938829946056,-2.104787765989211
312,0,3569.8333333333335,252.0,253,True,-1.0386585347571626,-1.0386585347571626,-2.0773170695143253
312,1,3504.166666666667,252.0,253,True,-1.032949961755526,-1.032949961755526,-2.065899923511052
312,2,3554.8333333333335,252.0,253,True,-1.037354546000444,-1.037354546000444,-2.074709092000888
312,3,3570.166666666667,252.0,253,True,-1.0386875122850903,-1.0386875122850903,-2.0773750245701805
313,0,3637.8333333333335,252.0,253,True,-1.0445699504542896,-1.0445699504542896,-2.089139900908579
313,1,3511.8333333333335,252.0,253,True,-1.0336164448978484,-1.0336164448978484,-2.067232889795697
313,2,3686.8333333333335,252.0,253,True,-1.0488296470595722,-1.0488296470595722,-2.0976592941191443
313,3,3603.8333333333335,252.0,253,True,-1.0416142426057267,-1.0416142426057267,-2.0832284852114533
314,0,3618.8333333333335,252.0,253,True,-1.042918231362446,-1.042918231362446,-2.085836462724892
314,1,3741.8333333333335,282.0,254,True,-1.1403161414796823,-1.1403161414796823,-2.2806322829593646
314,2,3673.8333333333335,252.0,253,True,-1.0476995234704154,-1.0476995234704154,-2.095399046940831
314,3,3667.8333333333335,252.0,253,True,-1.047177927967728,-1.047177927967728,-2.094355855935456
315,0,3554.8333333333335,252.0,253,True,-1.0373545460004443,-1.0373545460004443,-2.0747090920008886
315,1,3572.8333333333335,252.0,253,True,-1.0389193325085064,-1.0389193325085064,-2.077838665017013
315,2,3502.8333333333335,252.0,253,True,-1.0328340516438175,-1.0328340516438175,-2.065668103287635
315,3,3543.8333333333335,252.0,253,True,-1.0363982875788489,-1.0363982875788489,-2.0727965751576978
316,0,3630.8333333333335,252.0,253,True,-1.0439614223678215,-1.0439614223678215,-2.087922844735643
316,1,3717.8333333333335,252.0,253,True,-1.0515245571567924,-1.0515245571567924,-2.1030491143135848
316,2,3670.8333333333335,252.0,253,True,-1.047438725719072,-1.047438725719072,-2.094877451438144
316,3,3714.8333333333335,252.0,253,True,-1.051263759405448,-1.051263759405448,-2.102527518810896
317,0,3664.8333333333335,252.0,253,True,-1.0469171302163842,-1.0469171302163842,-2.0938342604327684
317,1,3699.8333333333335,252.0,253,True,-1.04995977064873,-1.04995977064873,-2.09991954129746
317,2,3613.8333333333335,252.0,253,True,-1.042483568443539,-1.042483568443539,-2.084967136887078
317,3,3696.8333333333335,252.0,253,True,-1.0496989728973851,-1.0496989728973851,-2.0993979457947702
318,0,3762.333333333333,345.0,254,True,-1.3241791843026895,-1.3241791843026895,-2.648358368605379
318,1,3677.8333333333335,252.0,253,True,-1.0480472538055408,-1.0480472538055408,-2.0960945076110815
318,2,3613.8333333333335,252.0,253,True,-1.0424835684435394,-1.0424835684435394,-2.084967136887079
318,3,4227.833333333334,410.0,256,True,-1.5525075737291738,-1.5525075737291738,-3.1050151474583476
319,0,3671.8333333333335,252.0,253,True,-1.0475256583028536,-1.0475256583028536,-2.095051316605707
319,1,3775.8333333333335,252.0,253,True,-1.0565666470161055,-1.0565666470161055,-2.113133294032211
319,2,3669.8333333333335,252.0,253,True,-1.0473517931352916,-1.0473517931352916,-2.094703586270583
319,3,3814.8333333333335,252.0,253,True,-1.0599570177835766,-1.0599570177835766,-2.1199140355671533
320,0,3628.3333333333335,302.0,254,True,-1.1882527614285998,-1.1882527614285998,-2.3765055228571996
320,1,4020.8333333333335,410.0,256,True,-1.5345125288864494,-1.5345125288864494,-3.069025057772899
320,2,3972.8333333333335,410.0,256,True,-1.5303397648649488,-1.5303397648649488,-3.0606795297298977
320,3,3779.0,217.0,252,True,-0.9556858641672511,-0.9556858641672511,-1.9113717283345022
321,0,3711.8333333333335,252.0,253,True,-1.0510029616541043,-1.0510029616541043,-2.1020059233082087
321,1,3784.8333333333335,252.0,253,True,-1.0573490402701382,-1.0573490402701382,-2.1146980805402764
321,2,3202.0,217.0,252,True,-0.9055257633254534,-0.9055257633254534,-1.8110515266509069
321,3,3137.0,217.0,252,True,-0.8998751453796707,-0.8998751453796707,-1.7997502907593415
322,0,3770.8333333333335,252.0,253,True,-1.0561319840972005,-1.0561319840972005,-2.112263968194401
322,1,3615.8333333333335,252.0,253,True,-1.0426574336111012,-1.0426574336111012,-2.0853148672222024
322,2,3630.8333333333335,252.0,253,True,-1.0439614223678215,-1.0439614223678215,-2.087922844735643
322,3,3704.8333333333335,317.0,254,True,-1.2382557052439347,-1.2382557052439347,-2.4765114104878694
323,0,3655.8333333333335,252.0,253,True,-1.046134736962354,-1.046134736962354,-2.092269473924708
323,1,3688.8333333333335,252.0,253,True,-1.0490035122271362,-1.0490035122271362,-2.0980070244542723
323,2,3663.8333333333335,252.0,253,True,-1.0468301976326033,-1.0468301976326033,-2.0936603952652066
323,3,3625.8333333333335,252.0,253,True,-1.043526759448915,-1.043526759448915,-2.08705351889783
324,0,3707.8333333333335,317.0,255,True,-1.2385165029952794,-1.2385165029952794,-2.4770330059905588
324,1,3667.8333333333335,252.0,253,True,-1.047177927967728,-1.047177927967728,-2.094355855935456
324,2,3568.8333333333335,252.0,253,True,-1.0385716021733813,-1.0385716021733813,-2.0771432043467626
324,3,3638.8333333333335,252.0,253,True,-1.0446568830380711,-1.0446568830380711,-2.0893137660761423
325,0,3641.8333333333335,252.0,253,True,-1.0449176807894156,-1.0449176807894156,-2.089835361578831
325,1,3488.8333333333335,252.0,253,True,-1.0316169954708803,-1.0316169954708803,-2.0632339909417605
325,2,3655.8333333333335,252.0,253,True,-1.0461347369623524,-1.0461347369623524,-2.0922694739247047
325,3,3645.8333333333335,252.0,253,True,-1.0452654111245407,-1.0452654111245407,-2.0905308222490815
326,0,3738.8333333333335,252.0,253,True,-1.0533501414161996,-1.0533501414161996,-2.1067002828323993
326,1,3734.8333333333335,252.0,253,True,-1.0530024110810736,-1.0530024110810736,-2.1060048221621472
326,2,3645.8333333333335,252.0,253,True,-1.0452654111245399,-1.0452654111245399,-2.0905308222490797
326,3,3864.8333333333335,282.0,254,True,-1.151008849284779,-1.151008849284779,-2.302017698569558
327,0,3604.8333333333335,252.0,253,True,-1.0417011751895087,-1.0417011751895087,-2.0834023503790173
327,1,3748.8333333333335,252.0,253,True,-1.0542194672540133,-1.0542194672540133,-2.1084389345080266
327,2,3676.8333333333335,252.0,253,True,-1.0479603212217599,-1.0479603212217599,-2.0959206424435197
327,3,3577.8333333333335,252.0,253,True,-1.0393539954274131,-1.0393539954274131,-2.0787079908548263
328,0,3751.8333333333335,252.0,253,True,-1.0544802650053566,-1.0544802650053566,-2.1089605300107133
328,1,3870.8333333333335,347.0,256,True,-1.3393917164637679,-1.3393917164637679,-2.6787834329275357
328,2,3723.8333333333335,252.0,253,True,-1.0520461526594795,-1.0520461526594795,-2.104092305318959
328,3,3696.8333333333335,252.0,253,True,-1.0496989728973856,-1.0496989728973856,-2.099397945794771
329,0,3570.166666666667,252.0,253,True,-1.0386875122850898,-1.0386875122850898,-2.0773750245701796
329,1,3646.8333333333335,252.0,253,True,-1.045352343708321,-1.045352343708321,-2.090704687416642
329,2,3585.166666666667,252.0,253,True,-1.0399915010418102,-1.0399915010418102,-2.0799830020836203
329,3,3588.8333333333335,252.0,253,True,-1.0403102538490065,-1.0403102538490065,-2.080620507698013
330,0,3693.8333333333335,252.0,253,True,-1.0494381751460415,-1.0494381751460415,-2.098876350292083
330,1,3689.8333333333335,252.0,253,True,-1.0490904448109155,-1.0490904448109155,-2.098180889621831
330,2,3673.8333333333335,252.0,253,True,-1.0476995234704152,-1.0476995234704152,-2.0953990469408303
330,3,3702.8333333333335,252.0,253,True,-1.0502205684000736,-1.0502205684000736,-2.100441136800147
331,0,3767.8333333333335,282.0,253,True,-1.142576388657995,-1.142576388657995,-2.28515277731599
331,1,3615.8333333333335,252.0,253,True,-1.042657433611102,-1.042657433611102,-2.085314867222204
331,2,3440.8333333333335,252.0,253,True,-1.0274442314493786,-1.0274442314493786,-2.054888462898757
331,3,3685.8333333333335,252.0,253,True,-1.048742714475792,-1.048742714475792,-2.097485428951584
332,0,3706.8333333333335,252.0,253,True,-1.0505682987351987,-1.0505682987351987,-2.1011365974703975
332,1,4010.8333333333335,252.0,253,True,-1.0769958042047072,-1.0769958042047072,-2.1539916084094144
332,2,3705.8333333333335,252.0,253,True,-1.0504813661514176,-1.0504813661514176,-2.1009627323028353
332,3,3706.8333333333335,252.0,253,True,-1.0505682987351974,-1.0505682987351974,-2.101136597470395
333,0,3638.8333333333335,252.0,253,True,-1.0446568830380707,-1.0446568830380707,-2.0893137660761414
333,1,3622.8333333333335,252.0,253,True,-1.043265961697571,-1.043265961697571,-2.086531923395142
333,2,3638.8333333333335,252.0,253,True,-1.0446568830380711,-1.0446568830380711,-2.0893137660761423
333,3,3635.8333333333335,252.0,253,True,-1.044396085286728,-1.044396085286728,-2.088792170573456
334,0,3509.8333333333335,252.0,253,True,-1.033442579730286,-1.033442579730286,-2.066885159460572
334,1,3609.166666666667,252.0,253,True,-1.0420778830525605,-1.0420778830525605,-2.084155766105121
334,2,3568.8333333333335,252.0,253,True,-1.0385716021733815,-1.0385716021733815,-2.077143204346763
334,3,3717.8333333333335,252.0,253,True,-1.0515245571567926,-1.0515245571567926,-2.103049114313585
335,0,3725.8333333333335,252.0,253,True,-1.0522200178270429,-1.0522200178270429,-2.1044400356540858
335,1,3693.8333333333335,252.0,253,True,-1.049438175146041,-1.049438175146041,-2.098876350292082
335,2,3573.166666666667,252.0,253,True,-1.0389483100364343,-1.0389483100364343,-2.0778966200728686
335,3,3799.8333333333335,317.0,255,True,-1.2465143007031572,-1.2465143007031572,-2.4930286014063143
336,0,3685.8333333333335,252.0,253,True,-1.0487427144757917,-1.0487427144757917,-2.0974854289515834
336,1,3567.8333333333335,252.0,253,True,-1.0384846695896002,-1.0384846695896002,-2.0769693391792003
336,2,3707.8333333333335,252.0,253,True,-1.0506552313189796,-1.0506552313189796,-2.1013104626379593
336,3,3747.8333333333335,252.0,253,True,-1.0541325346702306,-1.0541325346702306,-2.108265069340461
337,0,3704.8333333333335,252.0,253,True,-1.0503944335676347,-1.0503944335676347,-2.1007888671352695
337,1,3664.8333333333335,252.0,253,True,-1.046917130216385,-1.046917130216385,-2.09383426043277
337,2,3676.8333333333335,252.0,253,True,-1.0479603212217599,-1.0479603212217599,-2.0959206424435197
337,3,3674.8333333333335,252.0,253,True,-1.0477864560541983,-1.0477864560541983,-2.0955729121083966
338,0,3294.0,217.0,252,True,-0.9135235610333313,-0.9135235610333313,-1.8270471220666626
338,1,3620.8333333333335,252.0,253,True,-1.0430920965300077,-1.0430920965300077,-2.0861841930600153
338,2,3591.8333333333335,252.0,253,True,-1.040571051600351,-1.040571051600351,-2.081142103200702
338,3,3658.8333333333335,252.0,253,True,-1.0463955347136975,-1.0463955347136975,-2.092791069427395
339,0,3857.8333333333335,252.0,253,True,-1.0636951188861707,-1.0636951188861707,-2.1273902377723415
339,1,3825.8333333333335,252.0,253,True,-1.0609132762051707,-1.0609132762051707,-2.1218265524103415
339,2,3739.8333333333335,252.0,253,True,-1.0534370739999805,-1.0534370739999805,-2.106874147999961
339,3,3686.8333333333335,287.0,253,True,-1.1499857164237344,-1.1499857164237344,-2.2999714328474687
340,0,3847.166666666667,337.0,254,True,-1.3084325778768973,-1.3084325778768973,-2.6168651557537945
340,1,3686.8333333333335,252.0,253,True,-1.0488296470595722,-1.0488296470595722,-2.0976592941191443
340,2,3635.8333333333335,252.0,253,True,-1.0443960852867276,-1.0443960852867276,-2.088792170573455
340,3,3582.8333333333335,252.0,253,True,-1.0397886583463203,-1.0397886583463203,-2.0795773166926406
341,0,3882.8333333333335,252.0,253,True,-1.0658684334807036,-1.0658684334807036,-2.131736866961407
341,1,3719.8333333333335,252.0,253,True,-1.051698422324355,-1.051698422324355,-2.10339684464871
341,2,3624.8333333333335,252.0,253,True,-1.0434398268651337,-1.0434398268651337,-2.0868796537302674
341,3,3672.8333333333335,252.0,253,True,-1.047612590886635,-1.047612590886635,-2.09522518177327
342,0,3650.8333333333335,252.0,253,True,-1.0457000740434461,-1.0457000740434461,-2.0914001480868922
342,1,3769.8333333333335,252.0,253,True,-1.0560450515134192,-1.0560450515134192,-2.1120901030268384
342,2,3715.8333333333335,252.0,253,True,-1.0513506919892293,-1.0513506919892293,-2.1027013839784585
342,3,3786.8333333333335,418.0,255,True,-1.5372916915648671,-1.5372916915648671,-3.0745833831297342
343,0,3654.8333333333335,252.0,253,True,-1.0460478043785721,-1.0460478043785721,-2.0920956087571443
343,1,3763.8333333333335,252.0,253,True,-1.0555234560107314,-1.0555234560107314,-2.1110469120214628
343,2,3636.8333333333335,252.0,253,True,-1.044483017870508,-1.044483017870508,-2.088966035741016
343,3,3777.8333333333335,252.0,253,True,-1.0567405121836686,-1.0567405121836686,-2.113481024367337
344,0,3585.166666666667,252.0,253,True,-1.0399915010418093,-1.0399915010418093,-2.0799830020836185
344,1,3578.8333333333335,252.0,253,True,-1.0394409280111951,-1.0394409280111951,-2.0788818560223903
344,2,3626.8333333333335,252.0,253,True,-1.0436136920326964,-1.0436136920326964,-2.0872273840653928
344,3,3728.8333333333335,252.0,253,True,-1.0524808155783854,-1.0524808155783854,-2.1049616311567707
345,0,3597.8333333333335,252.0,253,True,-1.0410926471030393,-1.0410926471030393,-2.0821852942060786
345,1,3822.8333333333335,252.0,253,True,-1.060652478453826,-1.060652478453826,-2.121304956907652
345,2,3569.8333333333335,252.0,253,True,-1.0386585347571622,-1.0386585347571622,-2.0773170695143244
345,3,3838.8333333333335,252.0,253,True,-1.0620433997943273,-1.0620433997943273,-2.1240867995886545
346,0,3664.8333333333335,252.0,253,True,-1.0469171302163847,-1.0469171302163847,-2.0938342604327693
346,1,3623.8333333333335,252.0,253,True,-1.0433528942813526,-1.0433528942813526,-2.086705788562705
346,2,3571.166666666667,252.0,253,True,-1.0387744448688718,-1.0387744448688718,-2.0775488897377437
346,3,4081.8333333333335,410.0,256,True,-1.5398154164971074,-1.5398154164971074,-3.079630832994215
347,0,3695.166666666667,337.0,254,True,-1.2952188251421421,-1.2952188251421421,-2.5904376502842843
347,1,3630.8333333333335,252.0,253,True,-1.0439614223678215,-1.0439614223678215,-2.087922844735643
347,2,3674.8333333333335,252.0,253,True,-1.0477864560541978,-1.0477864560541978,-2.0955729121083957
347,3,3639.8333333333335,252.0,253,True,-1.0447438156218516,-1.0447438156218516,-2.089487631243703
348,0,3640.8333333333335,252.0,253,True,-1.0448307482056336,-1.0448307482056336,-2.089661496411267
348,1,3532.166666666667,252.0,253,True,-1.0353840741014024,-1.0353840741014024,-2.070768148202805
348,2,3654.166666666667,252.0,253,True,-1.045989849322717,-1.045989849322717,-2.091979698645434
348,3,3645.8333333333335,252.0,253,True,-1.0452654111245414,-1.0452654111245414,-2.090530822249083
349,0,3681.8333333333335,252.0,253,True,-1.0483949841406666,-1.0483949841406666,-2.096789968281333
349,1,3724.8333333333335,252.0,253,True,-1.0521330852432613,-1.0521330852432613,-2.1042661704865226
349,2,3648.8333333333335,252.0,253,True,-1.0455262088758859,-1.0455262088758859,-2.0910524177517718
349,3,3728.8333333333335,252.0,253,True,-1.0524808155783865,-1.0524808155783865,-2.104961631156773
350,0,3607.8333333333335,252.0,253,True,-1.0419619729408516,-1.0419619729408516,-2.083923945881703
350,1,3762.8333333333335,317.0,255,True,-1.243297795103251,-1.243297795103251,-2.486595590206502
350,2,3683.8333333333335,252.0,253,True,-1.0485688493082297,-1.0485688493082297,-2.0971376986164594
350,3,3683.8333333333335,252.0,253,True,-1.048568849308229,-1.048568849308229,-2.097137698616458
351,0,3695.8333333333335,252.0,252,True,-1.0496120403136047,-1.0496120403136047,-2.0992240806272093
351,1,3570.8333333333335,252.0,253,True,-1.0387454673409449,-1.0387454673409449,-2.0774909346818897
351,2,3936.333333333333,410.0,256,True,-1.5271667255569314,-1.5271667255569314,-3.054333451113863
351,3,3704.8333333333335,252.0,253,True,-1.0503944335676354,-1.0503944335676354,-2.100788867135271
352,0,3695.8333333333335,252.0,253,True,-1.0496120403136036,-1.0496120403136036,-2.099224080627207
352,1,3586.8333333333335,252.0,253,True,-1.0401363886814443,-1.0401363886814443,-2.0802727773628886
352,2,3639.8333333333335,252.0,253,True,-1.0447438156218531,-1.0447438156218531,-2.0894876312437063
352,3,3534.8333333333335,252.0,253,True,-1.035615894324818,-1.035615894324818,-2.071231788649636
353,0,3669.8333333333335,252.0,253,True,-1.0473517931352911,-1.0473517931352911,-2.0947035862705823
353,1,3563.8333333333335,252.0,253,True,-1.038136939254476,-1.038136939254476,-2.076273878508952
353,2,3601.8333333333335,252.0,253,True,-1.041440377438164,-1.041440377438164,-2.082880754876328
353,3,3666.8333333333335,252.0,253,True,-1.0470909953839471,-1.0470909953839471,-2.0941819907678942
354,0,3573.166666666667,252.0,253,True,-1.0389483100364334,-1.0389483100364334,-2.077896620072867
354,1,3618.8333333333335,252.0,253,True,-1.0429182313624445,-1.0429182313624445,-2.085836462724889
354,2,3557.8333333333335,252.0,253,True,-1.0376153437517877,-1.0376153437517877,-2.0752306875035753
354,3,3587.8333333333335,252.0,253,True,-1.0402233212652259,-1.0402233212652259,-2.0804466425304518
355,0,3742.8333333333335,252.0,253,True,-1.0536978717513243,-1.0536978717513243,-2.1073957435026487
355,1,3641.8333333333335,252.0,253,True,-1.0449176807894154,-1.0449176807894154,-2.0898353615788308
355,2,3548.166666666667,252.0,253,True,-1.0367749954419023,-1.0367749954419023,-2.0735499908838047
355,3,3635.8333333333335,252.0,253,True,-1.0443960852867284,-1.0443960852867284,-2.088792170573457
356,0,3635.8333333333335,252.0,253,True,-1.0443960852867267,-1.0443960852867267,-2.0887921705734533
356,1,3669.8333333333335,252.0,253,True,-1.0473517931352907,-1.0473517931352907,-2.0947035862705814
356,2,3728.8333333333335,418.0,255,True,-1.5322496017055534,-1.5322496017055534,-3.0644992034111067
356,3,3650.8333333333335,252.0,253,True,-1.045700074043446,-1.045700074043446,-2.091400148086892
357,0,3660.8333333333335,252.0,253,True,-1.04656939988126,-1.04656939988126,-2.09313879976252
357,1,3794.8333333333335,252.0,253,True,-1.0582183661079516,-1.0582183661079516,-2.1164367322159032
357,2,3779.8333333333335,252.0,253,True,-1.0569143773512322,-1.0569143773512322,-2.1138287547024643
357,3,3681.8333333333335,252.0,253,True,-1.048394984140667,-1.048394984140667,-2.096789968281334
358,0,3413.0,217.0,252,True,-0.9238685385033039,-0.9238685385033039,-1.8477370770066077
358,1,3645.8333333333335,252.0,253,True,-1.045265411124541,-1.045265411124541,-2.090530822249082
358,2,3695.8333333333335,252.0,253,True,-1.0496120403136047,-1.0496120403136047,-2.0992240806272093
358,3,3867.8333333333335,252.0,253,True,-1.0645644447239837,-1.0645644447239837,-2.1291288894479674
359,0,3692.8333333333335,252.0,253,True,-1.04935124256226,-1.04935124256226,-2.09870248512452
359,1,3888.8333333333335,252.0,253,True,-1.0663900289833907,-1.0663900289833907,-2.1327800579667815
359,2,3839.8333333333335,282.0,254,True,-1.1488355346902481,-1.1488355346902481,-2.2976710693804963
359,3,3813.8333333333335,282.0,254,True,-1.1465752875119335,-1.1465752875119335,-2.293150575023867
360,0,3622.8333333333335,252.0,253,True,-1.0432659616975708,-1.0432659616975708,-2.0865319233951416
360,1,3646.8333333333335,252.0,253,True,-1.0453523437083214,-1.0453523437083214,-2.090704687416643
360,2,3970.8333333333335,410.0,256,True,-1.5301658996973848,-1.5301658996973848,-3.0603317993947696
360,3,3905.0,345.0,254,True,-1.336581566255485,-1.336581566255485,-2.67316313251097
361,0,3829.8333333333335,252.0,253,True,-1.0612610065402952,-1.0612610065402952,-2.1225220130805904
361,1,3912.8333333333335,252.0,253,True,-1.0684764109941418,-1.0684764109941418,-2.1369528219882836
361,2,3866.8333333333335,252.0,253,True,-1.0644775121402028,-1.0644775121402028,-2.1289550242804056
361,3,3854.8333333333335,252.0,253,True,-1.0634343211348267,-1.0634343211348267,-2.1268686422696534
362,0,3647.8333333333335,252.0,253,True,-1.0454392762921025,-1.0454392762921025,-2.090878552584205
362,1,3769.8333333333335,252.0,253,True,-1.0560450515134192,-1.0560450515134192,-2.1120901030268384
362,2,3893.8333333333335,445.0,256,True,-1.624628160110389,-1.624628160110389,-3.249256320220778
362,3,3663.8333333333335,252.0,253,True,-1.0468301976326033,-1.0468301976326033,-2.0936603952652066
363,0,3765.8333333333335,282.0,254,True,-1.142402523490433,-1.142402523490433,-2.284805046980866
363,1,4266.833333333334,410.0,256,True,-1.5558979444966439,-1.5558979444966439,-3.1117958889932877
363,2,3680.8333333333335,252.0,253,True,-1.0483080515568848,-1.0483080515568848,-2.0966161031137696
363,3,3776.8333333333335,317.0,253,True,-1.244514851276188,-1.244514851276188,-2.489029702552376
364,0,3616.8333333333335,252.0,253,True,-1.0427443661948832,-1.0427443661948832,-2.0854887323897664
364,1,3444.0,217.0,252,True,-0.9265634486005233,-0.9265634486005233,-1.8531268972010466
364,2,3787.8333333333335,252.0,253,True,-1.0576098380214825,-1.0576098380214825,-2.115219676042965
364,3,3816.8333333333335,282.0,254,True,-1.1468360852632775,-1.1468360852632775,-2.293672170526555
365,0,3720.8333333333335,287.0,253,True,-1.1529414242722988,-1.1529414242722988,-2.3058828485445977
365,1,3754.8333333333335,252.0,253,True,-1.0547410627566993,-1.0547410627566993,-2.1094821255133986
365,2,3800.8333333333335,282.0,254,True,-1.1454451639227774,-1.1454451639227774,-2.290890327845555
365,3,3825.8333333333335,252.0,253,True,-1.0609132762051712,-1.0609132762051712,-2.1218265524103423
366,0,3820.8333333333335,252.0,253,True,-1.0604786132862636,-1.0604786132862636,-2.120957226572527
366,1,3623.8333333333335,252.0,253,True,-1.0433528942813526,-1.0433528942813526,-2.086705788562705
366,2,3825.8333333333335,252.0,253,True,-1.0609132762051712,-1.0609132762051712,-2.1218265524103423
366,3,3739.8333333333335,252.0,253,True,-1.0534370739999799,-1.0534370739999799,-2.1068741479999598
367,0,3697.8333333333335,252.0,253,True,-1.0497859054811673,-1.0497859054811673,-2.0995718109623347
367,1,3708.8333333333335,252.0,253,True,-1.0507421639027617,-1.0507421639027617,-2.1014843278055233
367,2,3699.8333333333335,252.0,253,True,-1.0499597706487291,-1.0499597706487291,-2.0999195412974583
367,3,3728.8333333333335,252.0,253,True,-1.0524808155783865,-1.0524808155783865,-2.104961631156773
368,0,3718.8333333333335,252.0,253,True,-1.051611489740574,-1.051611489740574,-2.103222979481148
368,1,3872.8333333333335,282.0,254,True,-1.1517043099550295,-1.1517043099550295,-2.303408619910059
368,2,4073.8333333333335,252.0,253,True,-1.0824725569829274,-1.0824725569829274,-2.164945113965855
368,3,3769.8333333333335,317.0,255,True,-1.2439063231897194,-1.2439063231897194,-2.4878126463794388
369,0,3629.8333333333335,252.0,253,True,-1.0438744897840406,-1.0438744897840406,-2.0877489795680813
369,1,3666.8333333333335,252.0,253,True,-1.0470909953839471,-1.0470909953839471,-2.0941819907678942
369,2,3717.8333333333335,252.0,253,True,-1.0515245571567926,-1.0515245571567926,-2.103049114313585
369,3,3694.8333333333335,252.0,253,True,-1.0495251077298222,-1.0495251077298222,-2.0990502154596444
370,0,3666.8333333333335,252.0,253,True,-1.0470909953839471,-1.0470909953839471,-2.0941819907678942
370,1,3663.8333333333335,252.0,253,True,-1.0468301976326038,-1.0468301976326038,-2.0936603952652075
370,2,3602.8333333333335,252.0,253,True,-1.0415273100219455,-1.0415273100219455,-2.083054620043891
370,3,3630.8333333333335,252.0,253,True,-1.0439614223678215,-1.0439614223678215,-2.087922844735643
371,0,3420.0,282.0,254,True,-1.1123383382660734,-1.1123383382660734,-2.224676676532147
371,1,3664.8333333333335,252.0,253,True,-1.0469171302163847,-1.0469171302163847,-2.0938342604327693
371,2,3717.8333333333335,282.0,254,True,-1.1382297594689315,-1.1382297594689315,-2.276459518937863
371,3,3784.8333333333335,282.0,254,True,-1.1440542425822775,-1.1440542425822775,-2.288108485164555
372,0,3676.8333333333335,252.0,253,True,-1.0479603212217605,-1.0479603212217605,-2.095920642443521
372,1,3881.8333333333335,252.0,253,True,-1.0657815008969223,-1.0657815008969223,-2.1315630017938445
372,2,3644.8333333333335,252.0,253,True,-1.0451784785407585,-1.0451784785407585,-2.090356957081517
372,3,3633.8333333333335,252.0,253,True,-1.044222220119165,-1.044222220119165,-2.08844444023833
373,0,3666.8333333333335,252.0,253,True,-1.047090995383947,-1.047090995383947,-2.094181990767894
373,1,3736.8333333333335,252.0,253,True,-1.0531762762486352,-1.0531762762486352,-2.1063525524972704
373,2,3631.8333333333335,252.0,253,True,-1.0440483549516022,-1.0440483549516022,-2.0880967099032044
373,3,3752.8333333333335,252.0,253,True,-1.0545671975891366,-1.0545671975891366,-2.1091343951782733
374,0,3639.8333333333335,252.0,253,True,-1.0447438156218518,-1.0447438156218518,-2.0894876312437036
374,1,3734.8333333333335,252.0,253,True,-1.0530024110810743,-1.0530024110810743,-2.1060048221621486
374,2,3669.8333333333335,252.0,253,True,-1.0473517931352914,-1.0473517931352914,-2.0947035862705827
374,3,3587.8333333333335,252.0,253,True,-1.040223321265226,-1.040223321265226,-2.080446642530452
375,0,3621.8333333333335,252.0,253,True,-1.0431790291137901,-1.0431790291137901,-2.0863580582275802
375,1,3723.8333333333335,282.0,254,True,-1.1387513549716182,-1.1387513549716182,-2.2775027099432363
375,2,3682.8333333333335,252.0,253,True,-1.0484819167244472,-1.0484819167244472,-2.0969638334488945
375,3,3636.8333333333335,252.0,253,True,-1.0444830178705085,-1.0444830178705085,-2.088966035741017
376,0,3703.8333333333335,252.0,253,True,-1.0503075009838543,-1.0503075009838543,-2.1006150019677086
376,1,3919.8333333333335,252.0,253,True,-1.0690849390806108,-1.0690849390806108,-2.1381698781612215
376,2,3696.8333333333335,252.0,253,True,-1.049698972897385,-1.049698972897385,-2.09939794579477
376,3,3648.8333333333335,252.0,253,True,-1.0455262088758837,-1.0455262088758837,-2.0910524177517673
377,0,3745.8333333333335,252.0,253,True,-1.0539586695026684,-1.0539586695026684,-2.1079173390053367
377,1,3576.8333333333335,252.0,253,True,-1.0392670628436316,-1.0392670628436316,-2.078534125687263
377,2,3588.8333333333335,252.0,253,True,-1.040310253849007,-1.040310253849007,-2.080620507698014
377,3,3617.8333333333335,252.0,253,True,-1.042831298778665,-1.042831298778665,-2.08566259755733
378,0,3606.8333333333335,252.0,253,True,-1.041875040357071,-1.041875040357071,-2.083750080714142
378,1,3672.8333333333335,252.0,253,True,-1.0476125908866334,-1.0476125908866334,-2.0952251817732668
378,2,3641.8333333333335,252.0,253,True,-1.0449176807894154,-1.0449176807894154,-2.0898353615788308
378,3,3623.8333333333335,252.0,253,True,-1.0433528942813521,-1.0433528942813521,-2.0867057885627043
379,0,3603.8333333333335,252.0,253,True,-1.0416142426057264,-1.0416142426057264,-2.083228485211453
379,1,3765.8333333333335,252.0,253,True,-1.0556973211782934,-1.0556973211782934,-2.111394642356587
379,2,3702.8333333333335,252.0,253,True,-1.0502205684000727,-1.0502205684000727,-2.1004411368001454
379,3,3523.8333333333335,252.0,253,True,-1.0346596359032252,-1.0346596359032252,-2.0693192718064504
380,0,3813.8333333333335,252.0,253,True,-1.0598700851997949,-1.0598700851997949,-2.1197401703995897
380,1,3842.8333333333335,282.0,254,True,-1.1490963324415906,-1.1490963324415906,-2.298192664883181
380,2,3638.8333333333335,252.0,253,True,-1.0446568830380707,-1.0446568830380707,-2.0893137660761414
380,3,3770.8333333333335,282.0,254,True,-1.14283718640934,-1.14283718640934,-2.28567437281868
381,0,3736.8333333333335,282.0,254,True,-1.139881478560774,-1.139881478560774,-2.279762957121548
381,1,3758.8333333333335,282.0,254,True,-1.1417939954039635,-1.1417939954039635,-2.283587990807927
381,2,3663.8333333333335,252.0,253,True,-1.046830197632604,-1.046830197632604,-2.093660395265208
381,3,3557.8333333333335,252.0,253,True,-1.0376153437517874,-1.0376153437517874,-2.075230687503575
382,0,3647.8333333333335,252.0,253,True,-1.045439276292103,-1.045439276292103,-2.090878552584206
382,1,3689.8333333333335,252.0,253,True,-1.0490904448109162,-1.0490904448109162,-2.0981808896218324
382,2,3815.8333333333335,282.0,254,True,-1.146749152679496,-1.146749152679496,-2.293498305358992
382,3,3845.166666666667,367.0,255,True,-1.3949639150214745,-1.3949639150214745,-2.789927830042949
383,0,3767.8333333333335,252.0,253,True,-1.0558711863458563,-1.0558711863458563,-2.1117423726917126
383,1,3751.8333333333335,252.0,253,True,-1.0544802650053566,-1.0544802650053566,-2.1089605300107133
383,2,3518.8333333333335,252.0,253,True,-1.0342249729843178,-1.0342249729843178,-2.0684499459686356
383,3,3843.8333333333335,282.0,254,True,-1.1491832650253715,-1.1491832650253715,-2.298366530050743
384,0,3460.8333333333335,252.0,253,True,-1.0291828831250038,-1.0291828831250038,-2.0583657662500077
384,1,3650.8333333333335,252.0,253,True,-1.045700074043446,-1.045700074043446,-2.091400148086892
384,2,3719.8333333333335,252.0,253,True,-1.0516984223243546,-1.0516984223243546,-2.1033968446487092
384,3,3670.8333333333335,252.0,253,True,-1.047438725719072,-1.047438725719072,-2.094877451438144
385,0,3845.8333333333335,282.0,254,True,-1.1493571301929344,-1.1493571301929344,-2.298714260385869
385,1,3762.8333333333335,252.0,253,True,-1.0554365234269507,-1.0554365234269507,-2.1108730468539014
385,2,3579.8333333333335,252.0,253,True,-1.0395278605949763,-1.0395278605949763,-2.0790557211899525
385,3,3666.8333333333335,252.0,253,True,-1.0470909953839467,-1.0470909953839467,-2.0941819907678934
386,0,3683.8333333333335,252.0,253,True,-1.0485688493082286,-1.0485688493082286,-2.097137698616457
386,1,3552.8333333333335,252.0,253,True,-1.037180680832882,-1.037180680832882,-2.074361361665764
386,2,3814.8333333333335,252.0,253,True,-1.0599570177835755,-1.0599570177835755,-2.119914035567151
386,3,3651.8333333333335,252.0,253,True,-1.0457870066272283,-1.0457870066272283,-2.0915740132544567
387,0,3668.8333333333335,252.0,253,True,-1.0472648605515098,-1.0472648605515098,-2.0945297211030196
387,1,3312.166666666667,217.0,252,True,-0.9151028363053586,-0.9151028363053586,-1.8302056726107172
387,2,3604.8333333333335,252.0,253,True,-1.0417011751895078,-1.0417011751895078,-2.0834023503790156
387,3,3617.8333333333335,252.0,253,True,-1.0428312987786648,-1.0428312987786648,-2.0856625975573295
388,0,3547.8333333333335,252.0,253,True,-1.0367460179139745,-1.0367460179139745,-2.073492035827949
388,1,3752.8333333333335,252.0,253,True,-1.0545671975891375,-1.0545671975891375,-2.109134395178275
388,2,3536.8333333333335,252.0,253,True,-1.0357897594923808,-1.0357897594923808,-2.0715795189847617
388,3,3721.8333333333335,252.0,253,True,-1.0518722874919189,-1.0518722874919189,-2.1037445749838377
389,0,3771.8333333333335,282.0,254,True,-1.1429241189931205,-1.1429241189931205,-2.285848237986241
389,1,3562.8333333333335,252.0,253,True,-1.0380500066706941,-1.0380500066706941,-2.0761000133413883
389,2,3657.8333333333335,252.0,253,True,-1.046308602129915,-1.046308602129915,-2.09261720425983
389,3,3752.8333333333335,252.0,253,True,-1.054567197589137,-1.054567197589137,-2.109134395178274
390,0,3729.8333333333335,252.0,253,True,-1.052567748162168,-1.052567748162168,-2.105135496324336
390,1,3664.8333333333335,282.0,254,True,-1.1336223325285224,-1.1336223325285224,-2.267244665057045
390,2,3686.8333333333335,252.0,253,True,-1.0488296470595726,-1.0488296470595726,-2.097659294119145
390,3,3609.8333333333335,252.0,253,True,-1.042135838108414,-1.042135838108414,-2.084271676216828
391,0,3711.8333333333335,252.0,253,True,-1.0510029616541043,-1.0510029616541043,-2.1020059233082087
391,1,3720.8333333333335,252.0,253,True,-1.051785354908136,-1.051785354908136,-2.103570709816272
391,2,3747.8333333333335,252.0,253,True,-1.054132534670231,-1.054132534670231,-2.108265069340462
391,3,3525.8333333333335,252.0,253,True,-1.0348335010707868,-1.0348335010707868,-2.0696670021415735
392,0,3615.8333333333335,252.0,253,True,-1.042657433611102,-1.042657433611102,-2.085314867222204
392,1,3747.8333333333335,252.0,253,True,-1.0541325346702304,-1.0541325346702304,-2.1082650693404608
392,2,3899.8333333333335,282.0,254,True,-1.1540514897171241,-1.1540514897171241,-2.3081029794342482
392,3,3584.8333333333335,252.0,253,True,-1.0399625235138819,-1.0399625235138819,-2.0799250470277637
393,0,3832.8333333333335,282.0,254,True,-1.1482270066037776,-1.1482270066037776,-2.2964540132075553
393,1,3988.8333333333335,418.0,255,True,-1.5548520734886864,-1.5548520734886864,-3.1097041469773727
393,2,3753.8333333333335,418.0,255,True,-1.5344229163000853,-1.5344229163000853,-3.0688458326001706
393,3,4004.8333333333335,410.0,256,True,-1.5331216075459486,-1.5331216075459486,-3.0662432150918972
394,0,3717.0,375.0,255,True,-1.4069434428167427,-1.4069434428167427,-2.8138868856334853
394,1,3512.8333333333335,252.0,253,True,-1.0337033774816307,-1.0337033774816307,-2.0674067549632613
394,2,3653.8333333333335,252.0,253,True,-1.04596087179479,-1.04596087179479,-2.09192174358958
394,3,3692.8333333333335,252.0,253,True,-1.0493512425622613,-1.0493512425622613,-2.0987024851245226
395,0,3832.8333333333335,252.0,253,True,-1.061521804291639,-1.061521804291639,-2.123043608583278
395,1,3623.8333333333335,252.0,253,True,-1.0433528942813532,-1.0433528942813532,-2.0867057885627065
395,2,3754.8333333333335,317.0,255,True,-1.2426023344329993,-1.2426023344329993,-2.4852046688659986
395,3,3621.8333333333335,252.0,253,True,-1.0431790291137895,-1.0431790291137895,-2.086358058227579
396,0,3689.8333333333335,252.0,253,True,-1.0490904448109166,-1.0490904448109166,-2.0981808896218332
396,1,3758.8333333333335,252.0,253,True,-1.0550887930918247,-1.0550887930918247,-2.1101775861836494
396,2,4004.8333333333335,410.0,256,True,-1.5331216075459493,-1.5331216075459493,-3.0662432150918986
396,3,3681.8333333333335,252.0,253,True,-1.0483949841406661,-1.0483949841406661,-2.0967899682813322
397,0,3703.8333333333335,252.0,253,True,-1.050307500983854,-1.050307500983854,-2.100615001967708
397,1,3580.8333333333335,252.0,253,True,-1.0396147931787574,-1.0396147931787574,-2.0792295863575148
397,2,3692.8333333333335,252.0,253,True,-1.049351242562261,-1.049351242562261,-2.098702485124522
397,3,3715.8333333333335,252.0,253,True,-1.0513506919892297,-1.0513506919892297,-2.1027013839784594
398,0,3711.8333333333335,252.0,253,True,-1.0510029616541048,-1.0510029616541048,-2.1020059233082096
398,1,3640.8333333333335,252.0,253,True,-1.0448307482056345,-1.0448307482056345,-2.089661496411269
398,2,3570.8333333333335,252.0,253,True,-1.0387454673409438,-1.0387454673409438,-2.0774909346818875
398,3,3660.8333333333335,252.0,253,True,-1.0465693998812595,-1.0465693998812595,-2.093138799762519
399,0,3617.8333333333335,252.0,253,True,-1.0428312987786652,-1.0428312987786652,-2.0856625975573304
399,1,3605.8333333333335,252.0,253,True,-1.0417881077732896,-1.0417881077732896,-2.083576215546579
399,2,3695.8333333333335,252.0,253,True,-1.049612040313604,-1.049612040313604,-2.099224080627208
399,3,3731.8333333333335,252.0,253,True,-1.052741613329731,-1.052741613329731,-2.105483226659462
400,0,3665.8333333333335,252.0,253,True,-1.0470040628001664,-1.0470040628001664,-2.094008125600333
400,1,3561.8333333333335,252.0,253,True,-1.0379630740869135,-1.0379630740869135,-2.075926148173827
400,2,3655.8333333333335,252.0,253,True,-1.0461347369623526,-1.0461347369623526,-2.092269473924705
400,3,3570.8333333333335,252.0,253,True,-1.0387454673409446,-1.0387454673409446,-2.0774909346818893
401,0,3671.8333333333335,252.0,253,True,-1.0475256583028527,-1.0475256583028527,-2.0950513166057054
401,1,3643.8333333333335,252.0,253,True,-1.0450915459569772,-1.0450915459569772,-2.0901830919139543
401,2,3617.8333333333335,252.0,253,True,-1.042831298778665,-1.042831298778665,-2.08566259755733
401,3,3689.8333333333335,252.0,253,True,-1.0490904448109166,-1.0490904448109166,-2.0981808896218332
402,0,3657.8333333333335,252.0,253,True,-1.0463086021299153,-1.0463086021299153,-2.0926172042598306
402,1,3570.8333333333335,252.0,253,True,-1.0387454673409446,-1.0387454673409446,-2.0774909346818893
402,2,3616.8333333333335,252.0,253,True,-1.042744366194883,-1.042744366194883,-2.085488732389766
402,3,3630.8333333333335,252.0,253,True,-1.0439614223678217,-1.0439614223678217,-2.0879228447356435
403,0,3678.8333333333335,252.0,253,True,-1.0481341863893225,-1.0481341863893225,-2.096268372778645
403,1,3710.8333333333335,317.0,255,True,-1.238777300746624,-1.238777300746624,-2.477554601493248
403,2,3567.8333333333335,252.0,253,True,-1.0384846695896006,-1.0384846695896006,-2.0769693391792012
403,3,3624.8333333333335,252.0,253,True,-1.0434398268651326,-1.0434398268651326,-2.086879653730265
404,0,3640.8333333333335,252.0,253,True,-1.0448307482056345,-1.0448307482056345,-2.089661496411269
404,1,3547.8333333333335,252.0,253,True,-1.036746017913976,-1.036746017913976,-2.073492035827952
404,2,3686.8333333333335,252.0,253,True,-1.0488296470595726,-1.0488296470595726,-2.097659294119145
404,3,3675.8333333333335,252.0,253,True,-1.047873388637979,-1.047873388637979,-2.095746777275958
405,0,3647.8333333333335,252.0,253,True,-1.0454392762921019,-1.0454392762921019,-2.0908785525842037
405,1,3728.8333333333335,252.0,253,True,-1.0524808155783865,-1.0524808155783865,-2.104961631156773
405,2,3598.8333333333335,252.0,253,True,-1.04117957968682,-1.04117957968682,-2.08235915937364
405,3,3668.8333333333335,252.0,253,True,-1.04726486055151,-1.04726486055151,-2.09452972110302
406,0,3692.8333333333335,252.0,253,True,-1.0493512425622609,-1.0493512425622609,-2.0987024851245217
406,1,3593.8333333333335,252.0,253,True,-1.0407449167679157,-1.0407449167679157,-2.0814898335358314
406,2,3738.8333333333335,252.0,253,True,-1.0533501414161988,-1.0533501414161988,-2.1067002828323975
406,3,3544.8333333333335,252.0,253,True,-1.036485220162631,-1.036485220162631,-2.072970440325262
407,0,3714.8333333333335,252.0,253,True,-1.0512637594054484,-1.0512637594054484,-2.1025275188108967
407,1,3604.8333333333335,252.0,253,True,-1.041701175189507,-1.041701175189507,-2.083402350379014
407,2,3679.8333333333335,252.0,253,True,-1.0482211189731034,-1.0482211189731034,-2.096442237946207
407,3,3726.8333333333335,252.0,253,True,-1.0523069504108244,-1.0523069504108244,-2.104613900821649
408,0,3678.8333333333335,252.0,253,True,-1.0481341863893225,-1.0481341863893225,-2.096268372778645
408,1,4091.333333333333,440.0,257,True,-1.6273464783551683,-1.6273464783551683,-3.2546929567103366
408,2,3771.8333333333335,418.0,255,True,-1.535987702808148,-1.535987702808148,-3.071975405616296
408,3,3926.8333333333335,410.0,256,True,-1.5263408660110092,-1.5263408660110092,-3.0526817320220183
409,0,3764.8333333333335,252.0,253,True,-1.0556103885945132,-1.0556103885945132,-2.1112207771890263
409,1,3623.8333333333335,252.0,253,True,-1.043352894281352,-1.043352894281352,-2.086705788562704
409,2,3724.8333333333335,252.0,253,True,-1.0521330852432615,-1.0521330852432615,-2.104266170486523
409,3,3661.8333333333335,252.0,253,True,-1.0466563324650402,-1.0466563324650402,-2.0933126649300804
410,0,3873.8333333333335,252.0,253,True,-1.0650860402266724,-1.0650860402266724,-2.130172080453345
410,1,3688.8333333333335,252.0,253,True,-1.0490035122271357,-1.0490035122271357,-2.0980070244542715
410,2,3701.8333333333335,252.0,253,True,-1.0501336358162914,-1.0501336358162914,-2.1002672716325828
410,3,3643.8333333333335,252.0,253,True,-1.045091545956978,-1.045091545956978,-2.090183091913956
411,0,3646.8333333333335,252.0,253,True,-1.0453523437083225,-1.0453523437083225,-2.090704687416645
411,1,3666.8333333333335,252.0,253,True,-1.0470909953839476,-1.0470909953839476,-2.094181990767895
411,2,3672.8333333333335,252.0,253,True,-1.0476125908866347,-1.0476125908866347,-2.0952251817732694
411,3,3769.8333333333335,252.0,253,True,-1.0560450515134183,-1.0560450515134183,-2.1120901030268366
412,0,3619.8333333333335,252.0,253,True,-1.0430051639462279,-1.0430051639462279,-2.0860103278924558
412,1,3644.8333333333335,252.0,253,True,-1.0451784785407596,-1.0451784785407596,-2.0903569570815193
412,2,3648.8333333333335,252.0,253,True,-1.0455262088758843,-1.0455262088758843,-2.0910524177517686
412,3,3742.8333333333335,317.0,254,True,-1.2415591434276245,-1.2415591434276245,-2.483118286855249
413,0,3635.8333333333335,252.0,253,True,-1.044396085286727,-1.044396085286727,-2.088792170573454
413,1,3746.8333333333335,252.0,253,True,-1.0540456020864493,-1.0540456020864493,-2.1080912041728985
413,2,3675.8333333333335,252.0,253,True,-1.0478733886379783,-1.0478733886379783,-2.0957467772759566
413,3,3669.8333333333335,252.0,253,True,-1.0473517931352907,-1.0473517931352907,-2.0947035862705814
414,0,3486.8333333333335,252.0,253,True,-1.031443130303316,-1.031443130303316,-2.062886260606632
414,1,3648.8333333333335,252.0,253,True,-1.045526208875884,-1.045526208875884,-2.091052417751768
414,2,3678.8333333333335,252.0,253,True,-1.0481341863893225,-1.0481341863893225,-2.096268372778645
414,3,3573.166666666667,252.0,253,True,-1.0389483100364345,-1.0389483100364345,-2.077896620072869
415,0,3652.8333333333335,252.0,253,True,-1.0458739392110088,-1.0458739392110088,-2.0917478784220176
415,1,3697.8333333333335,252.0,253,True,-1.0497859054811667,-1.0497859054811667,-2.0995718109623334
415,2,3584.8333333333335,252.0,253,True,-1.0399625235138816,-1.0399625235138816,-2.0799250470277633
415,3,3643.8333333333335,252.0,253,True,-1.0450915459569774,-1.0450915459569774,-2.090183091913955
416,0,3699.8333333333335,252.0,253,True,-1.0499597706487296,-1.0499597706487296,-2.099919541297459
416,1,3635.8333333333335,252.0,253,True,-1.0443960852867282,-1.0443960852867282,-2.0887921705734565
416,2,3608.8333333333335,252.0,253,True,-1.0420489055246325,-1.0420489055246325,-2.084097811049265
416,3,3653.8333333333335,252.0,253,True,-1.0459608717947912,-1.0459608717947912,-2.0919217435895825
417,0,3594.166666666667,252.0,253,True,-1.0407738942958398,-1.0407738942958398,-2.0815477885916795
417,1,3651.8333333333335,252.0,253,True,-1.0457870066272277,-1.0457870066272277,-2.0915740132544554
417,2,3708.8333333333335,252.0,253,True,-1.0507421639027603,-1.0507421639027603,-2.1014843278055206
417,3,3668.8333333333335,252.0,253,True,-1.0472648605515102,-1.0472648605515102,-2.0945297211030205
418,0,3668.8333333333335,252.0,253,True,-1.04726486055151,-1.04726486055151,-2.09452972110302
418,1,3698.8333333333335,252.0,253,True,-1.0498728380649487,-1.0498728380649487,-2.0997456761298974
418,2,3573.166666666667,252.0,253,True,-1.0389483100364334,-1.0389483100364334,-2.077896620072867
418,3,3658.8333333333335,252.0,253,True,-1.0463955347136964,-1.0463955347136964,-2.092791069427393
419,0,3642.166666666667,252.0,253,True,-1.0449466583173423,-1.0449466583173423,-2.0898933166346847
419,1,3550.8333333333335,252.0,253,True,-1.0370068156653183,-1.0370068156653183,-2.0740136313306365
419,2,3678.8333333333335,252.0,253,True,-1.0481341863893228,-1.0481341863893228,-2.0962683727786455
419,3,3624.8333333333335,252.0,253,True,-1.0434398268651335,-1.0434398268651335,-2.086879653730267
420,0,3721.8333333333335,252.0,253,True,-1.051872287491917,-1.051872287491917,-2.103744574983834
420,1,3599.8333333333335,252.0,253,True,-1.0412665122706015,-1.0412665122706015,-2.082533024541203
420,2,3753.8333333333335,252.0,253,True,-1.0546541301729173,-1.0546541301729173,-2.1093082603458346
420,3,3598.8333333333335,252.0,253,True,-1.04117957968682,-1.04117957968682,-2.08235915937364
421,0,3648.8333333333335,252.0,253,True,-1.0455262088758845,-1.0455262088758845,-2.091052417751769
421,1,3673.8333333333335,252.0,253,True,-1.0476995234704158,-1.0476995234704158,-2.0953990469408317
421,2,3727.8333333333335,252.0,253,True,-1.052393882994605,-1.052393882994605,-2.10478776598921
421,3,3683.8333333333335,252.0,253,True,-1.0485688493082277,-1.0485688493082277,-2.0971376986164554
422,0,3773.8333333333335,252.0,253,True,-1.0563927818485437,-1.0563927818485437,-2.1127855636970874
422,1,3573.166666666667,252.0,253,True,-1.0389483100364336,-1.0389483100364336,-2.0778966200728672
422,2,3672.8333333333335,252.0,253,True,-1.0476125908866345,-1.0476125908866345,-2.095225181773269
422,3,3660.8333333333335,252.0,253,True,-1.0465693998812597,-1.0465693998812597,-2.0931387997625195
423,0,3716.8333333333335,252.0,253,True,-1.051437624573011,-1.051437624573011,-2.102875249146022
423,1,3660.8333333333335,252.0,253,True,-1.0465693998812597,-1.0465693998812597,-2.0931387997625195
423,2,3638.8333333333335,252.0,253,True,-1.0446568830380716,-1.0446568830380716,-2.089313766076143
423,3,3681.8333333333335,252.0,253,True,-1.048394984140667,-1.048394984140667,-2.096789968281334
424,0,3681.8333333333335,252.0,253,True,-1.0483949841406657,-1.0483949841406657,-2.0967899682813314
424,1,3729.8333333333335,252.0,253,True,-1.052567748162168,-1.052567748162168,-2.105135496324336
424,2,3625.8333333333335,252.0,253,True,-1.0435267594489135,-1.0435267594489135,-2.087053518897827
424,3,3736.8333333333335,252.0,253,True,-1.0531762762486372,-1.0531762762486372,-2.1063525524972744
425,0,3639.8333333333335,252.0,253,True,-1.044743815621853,-1.044743815621853,-2.089487631243706
425,1,3799.8333333333335,252.0,253,True,-1.0586530290268579,-1.0586530290268579,-2.1173060580537157
425,2,4060.8333333333335,410.0,256,True,-1.5379898322377006,-1.5379898322377006,-3.075979664475401
425,3,3675.8333333333335,252.0,253,True,-1.0478733886379787,-1.0478733886379787,-2.0957467772759575
426,0,3667.8333333333335,252.0,253,True,-1.0471779279677287,-1.0471779279677287,-2.0943558559354574
426,1,3696.8333333333335,252.0,253,True,-1.0496989728973856,-1.0496989728973856,-2.099397945794771
426,2,3602.8333333333335,252.0,253,True,-1.0415273100219455,-1.0415273100219455,-2.083054620043891
426,3,3706.8333333333335,252.0,253,True,-1.0505682987351983,-1.0505682987351983,-2.1011365974703966
427,0,3626.8333333333335,252.0,253,True,-1.0436136920326962,-1.0436136920326962,-2.0872273840653923
427,1,3597.8333333333335,252.0,253,True,-1.0410926471030393,-1.0410926471030393,-2.0821852942060786
427,2,3682.8333333333335,252.0,253,True,-1.048481916724447,-1.048481916724447,-2.096963833448894
427,3,3764.8333333333335,252.0,253,True,-1.055610388594512,-1.055610388594512,-2.111220777189024
428,0,3573.166666666667,252.0,253,True,-1.0389483100364338,-1.0389483100364338,-2.0778966200728677
428,1,3652.8333333333335,252.0,253,True,-1.045873939211009,-1.045873939211009,-2.091747878422018
428,2,3613.8333333333335,252.0,253,True,-1.0424835684435396,-1.0424835684435396,-2.0849671368870792
428,3,3674.8333333333335,252.0,253,True,-1.0477864560541972,-1.0477864560541972,-2.0955729121083944
429,0,3700.8333333333335,252.0,253,True,-1.0500467032325107,-1.0500467032325107,-2.1000934064650214
429,1,3573.166666666667,252.0,253,True,-1.0389483100364327,-1.0389483100364327,-2.0778966200728655
429,2,3659.8333333333335,252.0,253,True,-1.0464824672974777,-1.0464824672974777,-2.0929649345949555
429,3,3778.8333333333335,252.0,253,True,-1.0568274447674497,-1.0568274447674497,-2.1136548895348994
430,0,3610.8333333333335,252.0,253,True,-1.0422227706921952,-1.0422227706921952,-2.0844455413843903
430,1,3686.8333333333335,418.0,255,True,-1.5285984331867408,-1.5285984331867408,-3.0571968663734816
430,2,3575.8333333333335,252.0,253,True,-1.039180130259851,-1.039180130259851,-2.078360260519702
430,3,3576.8333333333335,252.0,253,True,-1.039267062843632,-1.039267062843632,-2.078534125687264
431,0,3613.8333333333335,252.0,253,True,-1.0424835684435392,-1.0424835684435392,-2.0849671368870784
431,1,3635.8333333333335,252.0,253,True,-1.0443960852867276,-1.0443960852867276,-2.088792170573455
431,2,3826.8333333333335,252.0,253,True,-1.0610002087889523,-1.0610002087889523,-2.1220004175779046
431,3,3731.8333333333335,252.0,253,True,-1.05274161332973,-1.05274161332973,-2.10548322665946
432,0,3636.8333333333335,252.0,253,True,-1.04448301787051,-1.04448301787051,-2.08896603574102
432,1,3740.8333333333335,252.0,253,True,-1.0535240065837626,-1.0535240065837626,-2.107048013167525
432,2,3748.8333333333335,252.0,253,True,-1.054219467254012,-1.054219467254012,-2.108438934508024
432,3,3590.8333333333335,252.0,253,True,-1.04048411901657,-1.04048411901657,-2.08096823803314
433,0,3640.8333333333335,252.0,253,True,-1.044830748205633,-1.044830748205633,-2.089661496411266
433,1,3604.8333333333335,252.0,253,True,-1.0417011751895082,-1.0417011751895082,-2.0834023503790164
433,2,3600.8333333333335,252.0,253,True,-1.0413534448543822,-1.0413534448543822,-2.0827068897087644
433,3,3652.8333333333335,252.0,253,True,-1.0458739392110095,-1.0458739392110095,-2.091747878422019
434,0,3602.8333333333335,252.0,253,True,-1.0415273100219442,-1.0415273100219442,-2.0830546200438884
434,1,3647.8333333333335,252.0,253,True,-1.0454392762921019,-1.0454392762921019,-2.0908785525842037
434,2,3907.333333333333,410.0,256,True,-1.5246456806272755,-1.5246456806272755,-3.049291361254551
434,3,3652.8333333333335,252.0,253,True,-1.0458739392110092,-1.0458739392110092,-2.0917478784220185
435,0,3616.8333333333335,252.0,253,True,-1.0427443661948828,-1.0427443661948828,-2.0854887323897655
435,1,3645.166666666667,252.0,253,True,-1.0452074560686864,-1.0452074560686864,-2.0904149121373727
435,2,3715.8333333333335,317.0,254,True,-1.2392119636655297,-1.2392119636655297,-2.4784239273310593
435,3,3700.8333333333335,252.0,253,True,-1.0500467032325105,-1.0500467032325105,-2.100093406465021
436,0,3636.8333333333335,252.0,253,True,-1.044483017870509,-1.044483017870509,-2.088966035741018
436,1,3576.8333333333335,252.0,253,True,-1.0392670628436311,-1.0392670628436311,-2.0785341256872623
436,2,3636.8333333333335,252.0,253,True,-1.0444830178705085,-1.0444830178705085,-2.088966035741017
436,3,3573.166666666667,252.0,253,True,-1.0389483100364343,-1.0389483100364343,-2.0778966200728686
437,0,3839.8333333333335,345.0,254,True,-1.3309164595457381,-1.3309164595457381,-2.6618329190914762
437,1,3547.166666666667,252.0,253,True,-1.0366880628581212,-1.0366880628581212,-2.0733761257162424
437,2,3589.8333333333335,252.0,253,True,-1.0403971864327892,-1.0403971864327892,-2.0807943728655784
437,3,3903.333333333333,410.0,256,True,-1.5242979502921494,-1.5242979502921494,-3.048595900584299
438,0,3578.8333333333335,252.0,253,True,-1.0394409280111945,-1.0394409280111945,-2.078881856022389
438,1,3587.8333333333335,252.0,253,True,-1.0402233212652263,-1.0402233212652263,-2.0804466425304526
438,2,3604.8333333333335,252.0,253,True,-1.0417011751895078,-1.0417011751895078,-2.0834023503790156
438,3,3604.8333333333335,252.0,253,True,-1.0417011751895073,-1.0417011751895073,-2.0834023503790147
439,0,3684.8333333333335,252.0,253,True,-1.0486557818920108,-1.0486557818920108,-2.0973115637840216
439,1,3581.8333333333335,252.0,253,True,-1.0397017257625378,-1.0397017257625378,-2.0794034515250757
439,2,3597.8333333333335,252.0,253,True,-1.0410926471030397,-1.0410926471030397,-2.0821852942060795
439,3,3617.8333333333335,252.0,253,True,-1.0428312987786654,-1.0428312987786654,-2.085662597557331
440,0,3778.166666666667,337.0,254,True,-1.30243422959599,-1.30243422959599,-2.60486845919198
440,1,3590.8333333333335,252.0,253,True,-1.04048411901657,-1.04048411901657,-2.08096823803314
440,2,3678.8333333333335,252.0,253,True,-1.048134186389323,-1.048134186389323,-2.096268372778646
440,3,3573.166666666667,252.0,253,True,-1.038948310036435,-1.038948310036435,-2.07789662007287
441,0,3638.8333333333335,252.0,253,True,-1.0446568830380714,-1.0446568830380714,-2.0893137660761427
441,1,3706.8333333333335,252.0,253,True,-1.0505682987351985,-1.0505682987351985,-2.101136597470397
441,2,3609.8333333333335,317.0,254,True,-1.2299971097847149,-1.2299971097847149,-2.4599942195694298
441,3,3676.8333333333335,252.0,253,True,-1.0479603212217603,-1.0479603212217603,-2.0959206424435206
442,0,3611.8333333333335,252.0,253,True,-1.0423097032759765,-1.0423097032759765,-2.084619406551953
442,1,3573.166666666667,252.0,253,True,-1.0389483100364336,-1.0389483100364336,-2.0778966200728672
442,2,3573.166666666667,252.0,253,True,-1.0389483100364336,-1.0389483100364336,-2.0778966200728672
442,3,3558.8333333333335,252.0,253,True,-1.037702276335569,-1.037702276335569,-2.075404552671138
443,0,3585.166666666667,252.0,253,True,-1.0399915010418086,-1.0399915010418086,-2.079983002083617
443,1,3606.8333333333335,252.0,253,True,-1.04187504035707,-1.04187504035707,-2.08375008071414
443,2,3614.8333333333335,252.0,253,True,-1.0425705010273199,-1.0425705010273199,-2.0851410020546397
443,3,3584.8333333333335,252.0,253,True,-1.0399625235138825,-1.0399625235138825,-2.079925047027765
444,0,3643.8333333333335,252.0,253,True,-1.0450915459569772,-1.0450915459569772,-2.0901830919139543
444,1,3637.8333333333335,252.0,253,True,-1.0445699504542907,-1.0445699504542907,-2.0891399009085814
444,2,3632.8333333333335,252.0,253,True,-1.044135287535384,-1.044135287535384,-2.088270575070768
444,3,3607.8333333333335,252.0,253,True,-1.041961972940852,-1.041961972940852,-2.083923945881704
445,0,3587.8333333333335,252.0,253,True,-1.0402233212652259,-1.0402233212652259,-2.0804466425304518
445,1,3573.166666666667,252.0,253,True,-1.0389483100364347,-1.0389483100364347,-2.0778966200728695
445,2,3621.8333333333335,252.0,253,True,-1.0431790291137897,-1.0431790291137897,-2.0863580582275794
445,3,3638.8333333333335,252.0,253,True,-1.0446568830380705,-1.0446568830380705,-2.089313766076141
446,0,3611.8333333333335,252.0,253,True,-1.042309703275976,-1.042309703275976,-2.084619406551952
446,1,3589.8333333333335,252.0,253,True,-1.0403971864327892,-1.0403971864327892,-2.0807943728655784
446,2,3727.8333333333335,252.0,253,True,-1.0523938829946047,-1.0523938829946047,-2.1047877659892094
446,3,3732.8333333333335,252.0,253,True,-1.0528285459135114,-1.0528285459135114,-2.1056570918270228
447,0,3636.8333333333335,252.0,253,True,-1.0444830178705102,-1.0444830178705102,-2.0889660357410205
447,1,3769.8333333333335,252.0,253,True,-1.056045051513419,-1.056045051513419,-2.112090103026838
447,2,3630.8333333333335,252.0,253,True,-1.043961422367821,-1.043961422367821,-2.087922844735642
447,3,3656.8333333333335,252.0,253,True,-1.0462216695461355,-1.0462216695461355,-2.092443339092271
448,0,3716.8333333333335,252.0,253,True,-1.0514376245730106,-1.0514376245730106,-2.102875249146021
448,1,3575.8333333333335,252.0,253,True,-1.0391801302598516,-1.0391801302598516,-2.078360260519703
448,2,3631.8333333333335,252.0,253,True,-1.0440483549516022,-1.0440483549516022,-2.0880967099032044
448,3,3610.8333333333335,252.0,253,True,-1.0422227706921952,-1.0422227706921952,-2.0844455413843903
449,0,3709.8333333333335,252.0,253,True,-1.0508290964865417,-1.0508290964865417,-2.1016581929730833
449,1,3597.166666666667,252.0,253,True,-1.0410346920471845,-1.0410346920471845,-2.082069384094369
449,2,3637.8333333333335,252.0,253,True,-1.0445699504542905,-1.0445699504542905,-2.089139900908581
449,3,3765.8333333333335,252.0,253,True,-1.0556973211782936,-1.0556973211782936,-2.1113946423565872
450,0,3604.8333333333335,252.0,253,True,-1.0417011751895073,-1.0417011751895073,-2.0834023503790147
450,1,3628.8333333333335,252.0,253,True,-1.043787557200258,-1.043787557200258,-2.087575114400516
450,2,3668.8333333333335,252.0,253,True,-1.0472648605515098,-1.0472648605515098,-2.0945297211030196
450,3,3749.8333333333335,252.0,253,True,-1.054306399837793,-1.054306399837793,-2.108612799675586
451,0,3705.8333333333335,252.0,253,True,-1.0504813661514172,-1.0504813661514172,-2.1009627323028344
451,1,3661.8333333333335,252.0,253,True,-1.0466563324650413,-1.0466563324650413,-2.0933126649300826
451,2,3597.8333333333335,252.0,253,True,-1.0410926471030388,-1.0410926471030388,-2.0821852942060777
451,3,3699.8333333333335,252.0,253,True,-1.0499597706487291,-1.0499597706487291,-2.0999195412974583
452,0,3655.8333333333335,252.0,253,True,-1.0461347369623524,-1.0461347369623524,-2.0922694739247047
452,1,3665.8333333333335,252.0,253,True,-1.047004062800166,-1.047004062800166,-2.094008125600332
452,2,3742.8333333333335,252.0,253,True,-1.0536978717513243,-1.0536978717513243,-2.1073957435026487
452,3,3754.8333333333335,252.0,253,True,-1.0547410627566993,-1.0547410627566993,-2.1094821255133986
453,0,3635.8333333333335,252.0,253,True,-1.0443960852867278,-1.0443960852867278,-2.0887921705734556
453,1,3740.8333333333335,252.0,253,True,-1.053524006583763,-1.053524006583763,-2.107048013167526
453,2,3670.8333333333335,252.0,253,True,-1.0474387257190725,-1.0474387257190725,-2.094877451438145
453,3,3731.8333333333335,252.0,253,True,-1.0527416133297305,-1.0527416133297305,-2.105483226659461
454,0,3599.8333333333335,252.0,253,True,-1.041266512270602,-1.041266512270602,-2.082533024541204
454,1,3535.8333333333335,252.0,253,True,-1.0357028269085995,-1.0357028269085995,-2.071405653817199
454,2,3574.8333333333335,252.0,253,True,-1.0390931976760693,-1.0390931976760693,-2.0781863953521387
454,3,3698.8333333333335,252.0,253,True,-1.0498728380649487,-1.0498728380649487,-2.0997456761298974
455,0,3659.8333333333335,252.0,253,True,-1.046482467297478,-1.046482467297478,-2.092964934594956
455,1,3681.8333333333335,252.0,253,True,-1.0483949841406666,-1.0483949841406666,-2.096789968281333
455,2,3672.8333333333335,252.0,253,True,-1.0476125908866345,-1.0476125908866345,-2.095225181773269
455,3,3789.8333333333335,252.0,253,True,-1.057783703189044,-1.057783703189044,-2.115567406378088
456,0,3564.8333333333335,252.0,253,True,-1.0382238718382566,-1.0382238718382566,-2.076447743676513
456,1,3634.8333333333335,252.0,253,True,-1.0443091527029464,-1.0443091527029464,-2.088618305405893
456,2,3679.8333333333335,252.0,253,True,-1.0482211189731034,-1.0482211189731034,-2.096442237946207
456,3,3658.8333333333335,252.0,253,True,-1.046395534713696,-1.046395534713696,-2.092791069427392
457,0,3764.8333333333335,252.0,253,True,-1.0556103885945127,-1.0556103885945127,-2.1112207771890255
457,1,3681.8333333333335,252.0,253,True,-1.0483949841406675,-1.0483949841406675,-2.096789968281335
457,2,3683.8333333333335,252.0,253,True,-1.048568849308229,-1.048568849308229,-2.097137698616458
457,3,3690.8333333333335,252.0,253,True,-1.0491773773946973,-1.0491773773946973,-2.0983547547893946
458,0,3722.8333333333335,252.0,253,True,-1.0519592200756989,-1.0519592200756989,-2.1039184401513977
458,1,3723.8333333333335,252.0,253,True,-1.0520461526594793,-1.0520461526594793,-2.1040923053189586
458,2,3775.8333333333335,252.0,253,True,-1.0565666470161057,-1.0565666470161057,-2.1131332940322114
458,3,3616.8333333333335,252.0,253,True,-1.0427443661948843,-1.0427443661948843,-2.0854887323897686
459,0,3719.8333333333335,252.0,253,True,-1.0516984223243555,-1.0516984223243555,-2.103396844648711
459,1,3756.8333333333335,252.0,253,True,-1.0549149279242622,-1.0549149279242622,-2.1098298558485244
459,2,3643.8333333333335,252.0,253,True,-1.045091545956977,-1.045091545956977,-2.090183091913954
459,3,3607.8333333333335,252.0,253,True,-1.0419619729408518,-1.0419619729408518,-2.0839239458817036
460,0,3678.8333333333335,252.0,253,True,-1.0481341863893232,-1.0481341863893232,-2.0962683727786464
460,1,3662.8333333333335,252.0,253,True,-1.0467432650488213,-1.0467432650488213,-2.0934865300976426
460,2,3704.8333333333335,317.0,255,True,-1.2382557052439367,-1.2382557052439367,-2.4765114104878734
460,3,3601.8333333333335,252.0,253,True,-1.0414403774381642,-1.0414403774381642,-2.0828807548763284
461,0,3738.8333333333335,252.0,253,True,-1.0533501414161992,-1.0533501414161992,-2.1067002828323984
461,1,3603.8333333333335,252.0,253,True,-1.041614242605727,-1.041614242605727,-2.083228485211454
461,2,3729.8333333333335,252.0,253,True,-1.052567748162169,-1.052567748162169,-2.105135496324338
461,3,3619.8333333333335,252.0,253,True,-1.043005163946227,-1.043005163946227,-2.086010327892454
462,0,3998.8333333333335,410.0,256,True,-1.5326000120432608,-1.5326000120432608,-3.0652000240865216
462,1,3878.8333333333335,252.0,253,True,-1.0655207031455782,-1.0655207031455782,-2.1310414062911565
462,2,3804.8333333333335,252.0,253,True,-1.059087691945764,-1.059087691945764,-2.118175383891528
462,3,3716.8333333333335,252.0,253,True,-1.0514376245730113,-1.0514376245730113,-2.1028752491460225
463,0,3630.8333333333335,252.0,253,True,-1.0439614223678204,-1.0439614223678204,-2.087922844735641
463,1,3656.8333333333335,252.0,253,True,-1.0462216695461342,-1.0462216695461342,-2.0924433390922683
463,2,3565.8333333333335,252.0,253,True,-1.0383108044220373,-1.0383108044220373,-2.0766216088440745
463,3,3674.8333333333335,252.0,253,True,-1.0477864560541967,-1.0477864560541967,-2.0955729121083935
464,0,3671.8333333333335,252.0,253,True,-1.047525658302854,-1.047525658302854,-2.095051316605708
464,1,3837.8333333333335,317.0,255,True,-1.2498177388868466,-1.2498177388868466,-2.499635477773693
464,2,3664.8333333333335,252.0,253,True,-1.0469171302163844,-1.0469171302163844,-2.093834260432769
464,3,3685.8333333333335,252.0,253,True,-1.048742714475791,-1.048742714475791,-2.097485428951582
465,0,3716.8333333333335,252.0,253,True,-1.0514376245730115,-1.0514376245730115,-2.102875249146023
465,1,3689.8333333333335,252.0,253,True,-1.0490904448109157,-1.0490904448109157,-2.0981808896218315
465,2,3853.8333333333335,252.0,253,True,-1.0633473885510458,-1.0633473885510458,-2.1266947771020916
465,3,3839.8333333333335,252.0,253,True,-1.062130332378109,-1.062130332378109,-2.124260664756218
466,0,3730.8333333333335,252.0,253,True,-1.0526546807459491,-1.0526546807459491,-2.1053093614918983
466,1,3681.8333333333335,252.0,253,True,-1.0483949841406661,-1.0483949841406661,-2.0967899682813322
466,2,3728.8333333333335,252.0,253,True,-1.0524808155783871,-1.0524808155783871,-2.1049616311567743
466,3,3628.8333333333335,252.0,253,True,-1.0437875572002586,-1.0437875572002586,-2.0875751144005172
467,0,3658.8333333333335,252.0,253,True,-1.0463955347136973,-1.0463955347136973,-2.0927910694273946
467,1,3610.8333333333335,252.0,252,True,-1.042222770692196,-1.042222770692196,-2.084445541384392
467,2,3822.8333333333335,252.0,253,True,-1.060652478453827,-1.060652478453827,-2.121304956907654
467,3,3628.8333333333335,252.0,253,True,-1.0437875572002582,-1.0437875572002582,-2.0875751144005164
468,0,3646.8333333333335,252.0,253,True,-1.0453523437083219,-1.0453523437083219,-2.0907046874166437
468,1,3731.8333333333335,252.0,253,True,-1.0527416133297303,-1.0527416133297303,-2.1054832266594605
468,2,3722.8333333333335,252.0,253,True,-1.0519592200756982,-1.0519592200756982,-2.1039184401513964
468,3,3671.8333333333335,252.0,253,True,-1.0475256583028536,-1.0475256583028536,-2.095051316605707
469,0,3631.8333333333335,252.0,253,True,-1.0440483549516024,-1.0440483549516024,-2.088096709903205
469,1,3688.8333333333335,252.0,253,True,-1.0490035122271355,-1.0490035122271355,-2.098007024454271
469,2,3660.8333333333335,252.0,253,True,-1.0465693998812595,-1.0465693998812595,-2.093138799762519
469,3,3685.8333333333335,252.0,253,True,-1.0487427144757924,-1.0487427144757924,-2.0974854289515847
470,0,3878.8333333333335,410.0,256,True,-1.5221681019895088,-1.5221681019895088,-3.0443362039790176
470,1,3741.8333333333335,252.0,253,True,-1.0536109391675426,-1.0536109391675426,-2.107221878335085
470,2,3615.8333333333335,252.0,253,True,-1.0426574336111025,-1.0426574336111025,-2.085314867222205
470,3,3610.8333333333335,287.0,253,True,-1.1433788400563563,-1.1433788400563563,-2.2867576801127125
471,0,3692.8333333333335,252.0,253,True,-1.0493512425622615,-1.0493512425622615,-2.098702485124523
471,1,3606.8333333333335,252.0,253,True,-1.0418750403570698,-1.0418750403570698,-2.0837500807141396
471,2,3672.8333333333335,252.0,253,True,-1.0476125908866347,-1.0476125908866347,-2.0952251817732694
471,3,3595.8333333333335,252.0,253,True,-1.040918781935476,-1.040918781935476,-2.081837563870952
472,0,3582.8333333333335,252.0,252,True,-1.03978865834632,-1.03978865834632,-2.07957731669264
472,1,3687.8333333333335,252.0,253,True,-1.0489165796433542,-1.0489165796433542,-2.0978331592867083
472,2,3658.8333333333335,252.0,253,True,-1.0463955347136964,-1.0463955347136964,-2.092791069427393
472,3,3654.8333333333335,252.0,253,True,-1.0460478043785721,-1.0460478043785721,-2.0920956087571443
473,0,3579.8333333333335,252.0,253,True,-1.0395278605949765,-1.0395278605949765,-2.079055721189953
473,1,3626.8333333333335,252.0,253,True,-1.0436136920326962,-1.0436136920326962,-2.0872273840653923
473,2,3879.333333333333,345.0,254,True,-1.334350296605098,-1.334350296605098,-2.668700593210196
473,3,3670.8333333333335,252.0,253,True,-1.0474387257190714,-1.0474387257190714,-2.0948774514381427
474,0,3679.8333333333335,252.0,253,True,-1.0482211189731048,-1.0482211189731048,-2.0964422379462095
474,1,3638.8333333333335,252.0,253,True,-1.0446568830380705,-1.0446568830380705,-2.089313766076141
474,2,3919.8333333333335,252.0,253,True,-1.0690849390806112,-1.0690849390806112,-2.1381698781612224
474,3,3686.8333333333335,252.0,253,True,-1.0488296470595735,-1.0488296470595735,-2.097659294119147
475,0,3960.8333333333335,410.0,256,True,-1.5292965738595736,-1.5292965738595736,-3.0585931477191473
475,1,3573.166666666667,252.0,253,True,-1.0389483100364338,-1.0389483100364338,-2.0778966200728677
475,2,3651.8333333333335,252.0,253,True,-1.0457870066272275,-1.0457870066272275,-2.091574013254455
475,3,3583.8333333333335,252.0,253,True,-1.0398755909301018,-1.0398755909301018,-2.0797511818602037
476,0,3573.166666666667,252.0,253,True,-1.0389483100364347,-1.0389483100364347,-2.0778966200728695
476,1,3613.8333333333335,252.0,253,True,-1.0424835684435403,-1.0424835684435403,-2.0849671368870806
476,2,3673.8333333333335,252.0,253,True,-1.0476995234704163,-1.0476995234704163,-2.0953990469408326
476,3,3601.8333333333335,252.0,253,True,-1.0414403774381653,-1.0414403774381653,-2.0828807548763306
477,0,3617.8333333333335,252.0,253,True,-1.042831298778664,-1.042831298778664,-2.085662597557328
477,1,3597.8333333333335,252.0,253,True,-1.041092647103039,-1.041092647103039,-2.082185294206078
477,2,3698.8333333333335,252.0,253,True,-1.0498728380649482,-1.0498728380649482,-2.0997456761298965
477,3,3598.8333333333335,252.0,253,True,-1.0411795796868204,-1.0411795796868204,-2.082359159373641
478,0,3659.8333333333335,252.0,253,True,-1.0464824672974782,-1.0464824672974782,-2.0929649345949564
478,1,3770.8333333333335,252.0,253,True,-1.056131984097199,-1.056131984097199,-2.112263968194398
478,2,3623.8333333333335,252.0,253,True,-1.0433528942813526,-1.0433528942813526,-2.086705788562705
478,3,3611.8333333333335,252.0,253,True,-1.0423097032759767,-1.0423097032759767,-2.0846194065519534
479,0,3585.166666666667,252.0,253,True,-1.039991501041809,-1.039991501041809,-2.079983002083618
479,1,3685.8333333333335,252.0,253,True,-1.0487427144757915,-1.0487427144757915,-2.097485428951583
479,2,3573.166666666667,252.0,253,True,-1.0389483100364345,-1.0389483100364345,-2.077896620072869
479,3,3573.166666666667,252.0,253,True,-1.0389483100364338,-1.0389483100364338,-2.0778966200728677
480,0,3621.8333333333335,252.0,253,True,-1.0431790291137897,-1.0431790291137897,-2.0863580582275794
480,1,3688.8333333333335,252.0,253,True,-1.0490035122271353,-1.0490035122271353,-2.0980070244542706
480,2,3609.8333333333335,252.0,253,True,-1.0421358381084138,-1.0421358381084138,-2.0842716762168276
480,3,3723.8333333333335,252.0,253,True,-1.05204615265948,-1.05204615265948,-2.10409230531896
481,0,3597.8333333333335,252.0,253,True,-1.0410926471030395,-1.0410926471030395,-2.082185294206079
481,1,3585.166666666667,252.0,253,True,-1.0399915010418106,-1.0399915010418106,-2.079983002083621
481,2,3585.8333333333335,252.0,253,True,-1.0400494560976647,-1.0400494560976647,-2.0800989121953295
481,3,3689.8333333333335,252.0,253,True,-1.0490904448109166,-1.0490904448109166,-2.0981808896218332
482,0,3699.8333333333335,287.0,253,True,-1.1511158400128902,-1.1511158400128902,-2.3022316800257805
482,1,4113.833333333334,252.0,253,True,-1.0859498603341786,-1.0859498603341786,-2.1718997206683572
482,2,3646.8333333333335,252.0,253,True,-1.0453523437083219,-1.0453523437083219,-2.0907046874166437
482,3,3703.8333333333335,252.0,253,True,-1.0503075009838556,-1.0503075009838556,-2.1006150019677112
483,0,3770.8333333333335,252.0,253,True,-1.0561319840971992,-1.0561319840971992,-2.1122639681943984
483,1,3831.8333333333335,345.0,254,True,-1.3302209988754887,-1.3302209988754887,-2.6604419977509774
483,2,3757.8333333333335,252.0,253,True,-1.0550018605080427,-1.0550018605080427,-2.1100037210160854
483,3,3827.8333333333335,252.0,253,True,-1.0610871413727327,-1.0610871413727327,-2.1221742827454655
484,0,3724.8333333333335,252.0,253,True,-1.0521330852432613,-1.0521330852432613,-2.1042661704865226
484,1,3600.8333333333335,252.0,253,True,-1.0413534448543829,-1.0413534448543829,-2.0827068897087657
484,2,3698.8333333333335,252.0,253,True,-1.0498728380649478,-1.0498728380649478,-2.0997456761298956
484,3,3560.8333333333335,252.0,253,True,-1.0378761415031315,-1.0378761415031315,-2.075752283006263
485,0,3765.8333333333335,252.0,253,True,-1.0556973211782938,-1.0556973211782938,-2.1113946423565877
485,1,3623.8333333333335,252.0,253,True,-1.0433528942813521,-1.0433528942813521,-2.0867057885627043
485,2,3873.8333333333335,252.0,253,True,-1.0650860402266717,-1.0650860402266717,-2.1301720804533435
485,3,3688.8333333333335,252.0,253,True,-1.0490035122271344,-1.0490035122271344,-2.098007024454269
486,0,3596.8333333333335,252.0,253,True,-1.0410057145192584,-1.0410057145192584,-2.0820114290385168
486,1,3617.8333333333335,252.0,253,True,-1.0428312987786639,-1.0428312987786639,-2.0856625975573277
486,2,3573.8333333333335,252.0,253,True,-1.0390062650922884,-1.0390062650922884,-2.078012530184577
486,3,3627.8333333333335,252.0,253,True,-1.0437006246164782,-1.0437006246164782,-2.0874012492329563
487,0,3369.8333333333335,252.0,253,True,-1.021272018000908,-1.021272018000908,-2.042544036001816
487,1,3796.8333333333335,252.0,253,True,-1.0583922312755143,-1.0583922312755143,-2.1167844625510286
487,2,3742.8333333333335,252.0,253,True,-1.0536978717513241,-1.0536978717513241,-2.1073957435026482
487,3,3762.8333333333335,252.0,253,True,-1.0554365234269492,-1.0554365234269492,-2.1108730468538983
488,0,3775.8333333333335,252.0,253,True,-1.0565666470161068,-1.0565666470161068,-2.1131332940322136
488,1,3669.8333333333335,252.0,253,True,-1.0473517931352916,-1.0473517931352916,-2.094703586270583
488,2,3641.8333333333335,252.0,253,True,-1.044917680789416,-1.044917680789416,-2.089835361578832
488,3,3700.8333333333335,252.0,253,True,-1.0500467032325116,-1.0500467032325116,-2.100093406465023
489,0,3610.8333333333335,252.0,253,True,-1.0422227706921947,-1.0422227706921947,-2.0844455413843894
489,1,3956.8333333333335,410.0,256,True,-1.5289488435244476,-1.5289488435244476,-3.057897687048895
489,2,3682.8333333333335,252.0,253,True,-1.048481916724447,-1.048481916724447,-2.096963833448894
489,3,3573.166666666667,252.0,253,True,-1.0389483100364338,-1.0389483100364338,-2.0778966200728677
490,0,3646.8333333333335,252.0,253,True,-1.0453523437083216,-1.0453523437083216,-2.0907046874166433
490,1,3602.8333333333335,252.0,253,True,-1.041527310021945,-1.041527310021945,-2.08305462004389
490,2,3594.8333333333335,252.0,253,True,-1.040831849351695,-1.040831849351695,-2.08166369870339
490,3,3665.8333333333335,252.0,253,True,-1.0470040628001664,-1.0470040628001664,-2.094008125600333
491,0,3654.166666666667,252.0,253,True,-1.0459898493227169,-1.0459898493227169,-2.0919796986454338
491,1,3663.8333333333335,252.0,253,True,-1.046830197632604,-1.046830197632604,-2.093660395265208
491,2,3576.8333333333335,252.0,253,True,-1.0392670628436318,-1.0392670628436318,-2.0785341256872636
491,3,3627.8333333333335,252.0,253,True,-1.0437006246164777,-1.0437006246164777,-2.0874012492329554
492,0,3755.8333333333335,252.0,253,True,-1.0548279953404813,-1.0548279953404813,-2.1096559906809627
492,1,3717.8333333333335,252.0,253,True,-1.0515245571567924,-1.0515245571567924,-2.1030491143135848
492,2,3674.8333333333335,252.0,253,True,-1.0477864560541965,-1.0477864560541965,-2.095572912108393
492,3,3573.166666666667,252.0,253,True,-1.0389483100364345,-1.0389483100364345,-2.077896620072869
493,0,3573.166666666667,252.0,253,True,-1.0389483100364343,-1.0389483100364343,-2.0778966200728686
493,1,3719.8333333333335,252.0,253,True,-1.051698422324356,-1.051698422324356,-2.103396844648712
493,2,3640.8333333333335,252.0,253,True,-1.0448307482056347,-1.0448307482056347,-2.0896614964112694
493,3,3723.8333333333335,252.0,253,True,-1.0520461526594804,-1.0520461526594804,-2.104092305318961
494,0,3746.8333333333335,252.0,253,True,-1.05404560208645,-1.05404560208645,-2.1080912041729
494,1,3869.8333333333335,252.0,253,True,-1.064738309891547,-1.064738309891547,-2.129476619783094
494,2,3867.8333333333335,252.0,253,True,-1.0645644447239833,-1.0645644447239833,-2.1291288894479665
494,3,3727.8333333333335,252.0,253,True,-1.0523938829946053,-1.0523938829946053,-2.1047877659892107
495,0,3820.8333333333335,252.0,253,True,-1.060478613286264,-1.060478613286264,-2.120957226572528
495,1,3663.8333333333335,252.0,253,True,-1.0468301976326035,-1.0468301976326035,-2.093660395265207
495,2,3632.8333333333335,252.0,253,True,-1.044135287535383,-1.044135287535383,-2.088270575070766
495,3,3635.8333333333335,252.0,253,True,-1.0443960852867273,-1.0443960852867273,-2.0887921705734547
496,0,3594.8333333333335,252.0,253,True,-1.0408318493516946,-1.0408318493516946,-2.081663698703389
496,1,3581.8333333333335,317.0,254,True,-1.2275629974388396,-1.2275629974388396,-2.455125994877679
496,2,3670.8333333333335,252.0,253,True,-1.0474387257190723,-1.0474387257190723,-2.0948774514381445
496,3,3573.166666666667,252.0,253,True,-1.038948310036434,-1.038948310036434,-2.077896620072868
497,0,3705.8333333333335,252.0,253,True,-1.0504813661514172,-1.0504813661514172,-2.1009627323028344
497,1,3798.8333333333335,252.0,253,True,-1.0585660964430759,-1.0585660964430759,-2.1171321928861517
497,2,3557.8333333333335,252.0,253,True,-1.0376153437517868,-1.0376153437517868,-2.0752306875035735
497,3,3684.8333333333335,252.0,253,True,-1.04865578189201,-1.04865578189201,-2.09731156378402
498,0,3589.8333333333335,252.0,253,True,-1.0403971864327883,-1.0403971864327883,-2.0807943728655767
498,1,3651.8333333333335,252.0,253,True,-1.0457870066272281,-1.0457870066272281,-2.0915740132544562
498,2,3745.8333333333335,252.0,253,True,-1.0539586695026675,-1.0539586695026675,-2.107917339005335
498,3,3676.8333333333335,252.0,253,True,-1.0479603212217599,-1.0479603212217599,-2.0959206424435197
499,0,3594.8333333333335,252.0,253,True,-1.0408318493516953,-1.0408318493516953,-2.0816636987033905
499,1,3641.8333333333335,252.0,253,True,-1.0449176807894147,-1.0449176807894147,-2.0898353615788294
499,2,3774.8333333333335,252.0,253,True,-1.056479714432325,-1.056479714432325,-2.11295942886465
499,3,3602.8333333333335,252.0,253,True,-1.0415273100219453,-1.0415273100219453,-2.0830546200438906
500,0,3697.8333333333335,252.0,253,True,-1.0497859054811667,-1.0497859054811667,-2.0995718109623334
500,1,3681.8333333333335,252.0,253,True,-1.0483949841406657,-1.0483949841406657,-2.0967899682813314
500,2,3652.8333333333335,252.0,253,True,-1.0458739392110095,-1.0458739392110095,-2.091747878422019
500,3,3707.8333333333335,252.0,253,True,-1.0506552313189792,-1.0506552313189792,-2.1013104626379584
