global_episode,worker_id,makespan,cost,steps,done,upper_reward_sum,lower_reward_sum,total_reward_sum
1,0,1989.0000000000002,1075.0,72,True,-4.8471327252729015,-4.8471327252729015,-9.694265450545803
1,1,2188.3333333333335,1312.0,77,True,-5.781741584692651,-5.781741584692651,-11.563483169385302
1,2,2011.6666666666667,851.0,67,True,-4.0820557319553386,-4.0820557319553386,-8.164111463910677
1,3,2098.1666666666665,943.0,70,True,-4.449968611214876,-4.449968611214876,-8.899937222429752
2,0,1958.0000000000002,1069.0,73,True,-4.808929201427802,-4.808929201427802,-9.617858402855603
2,1,1998.1666666666665,992.0,72,True,-4.564074627485161,-4.564074627485161,-9.128149254970323
2,2,2203.666666666667,1002.0,73,True,-4.713944402938614,-4.713944402938614,-9.427888805877227
2,3,2092.333333333333,1122.0,74,True,-5.068227804756568,-5.068227804756568,-10.136455609513137
3,0,2012.6666666666667,1135.0,75,True,-5.068727171792638,-5.068727171792638,-10.137454343585276
3,1,2182.0,813.0,66,True,-4.045553947204582,-4.045553947204582,-8.091107894409165
3,2,1992.6666666666665,1142.0,77,True,-5.081826152824473,-5.081826152824473,-10.163652305648945
3,3,1865.8333333333335,851.0,68,True,-4.00034112605321,-4.00034112605321,-8.00068225210642
4,0,1697.8333333333335,711.0,68,True,-3.4200947889428455,-3.4200947889428455,-6.840189577885691
4,1,1832.1666666666667,858.0,70,True,-4.005782281160502,-4.005782281160502,-8.011564562321004
4,2,1858.8333333333335,900.0,71,True,-4.166557713858796,-4.166557713858796,-8.333115427717592
4,3,1892.8333333333335,952.0,71,True,-4.366164446104677,-4.366164446104677,-8.732328892209354
5,0,2062.833333333333,1216.0,76,True,-5.37808699622297,-5.37808699622297,-10.75617399244594
5,1,2052.666666666667,1047.0,74,True,-4.785584765284523,-4.785584765284523,-9.571169530569046
5,2,1931.4999999999998,851.0,70,True,-4.037136045739424,-4.037136045739424,-8.074272091478848
5,3,1822.5,878.0,70,True,-4.069810214585149,-4.069810214585149,-8.139620429170298
6,0,2104.333333333333,959.0,71,True,-4.508979527248576,-4.508979527248576,-9.017959054497153
6,1,1789.5,907.0,72,True,-4.152013811065454,-4.152013811065454,-8.304027622130908
6,2,1560.8333333333333,782.0,68,True,-3.589857531233138,-3.589857531233138,-7.179715062466276
6,3,1943.3333333333335,1031.0,74,True,-4.668766602332629,-4.668766602332629,-9.337533204665258
7,0,1453.1666666666667,568.0,66,True,-2.7864732494915527,-2.7864732494915527,-5.5729464989831055
7,1,1531.0,760.0,70,True,-3.4967521686796994,-3.4967521686796994,-6.993504337359399
7,2,1493.0,571.0,65,True,-2.8192096770846296,-2.8192096770846296,-5.638419354169259
7,3,1388.0,617.0,67,True,-2.92009738305732,-2.92009738305732,-5.84019476611464
8,0,1328.5,518.0,65,True,-2.5430078238492517,-2.5430078238492517,-5.0860156476985035
8,1,1345.1666666666665,603.0,64,True,-2.8474855248412396,-2.8474855248412396,-5.694971049682479
8,2,1205.1666666666667,418.0,63,True,-2.1266783920640844,-2.1266783920640844,-4.253356784128169
8,3,1412.0,659.0,68,True,-3.079378605819116,-3.079378605819116,-6.158757211638232
9,0,1198.0,372.0,63,True,-1.9629404806375297,-1.9629404806375297,-3.9258809612750594
9,1,1303.6666666666667,651.0,66,True,-2.9908985493711864,-2.9908985493711864,-5.981797098742373
9,2,1410.3333333333333,519.0,66,True,-2.5923336134976966,-2.5923336134976966,-5.184667226995393
9,3,1184.0,372.0,63,True,-1.9550958784709247,-1.9550958784709247,-3.9101917569418494
10,0,1166.5,281.0,61,True,-1.6293179035404473,-1.6293179035404473,-3.2586358070808945
10,1,1173.0,372.0,63,True,-1.9489322624828793,-1.9489322624828793,-3.8978645249657586
10,2,1137.0,193.0,60,True,-1.3072326505624032,-1.3072326505624032,-2.6144653011248065
10,3,1230.0,382.0,62,True,-2.015593222097704,-2.015593222097704,-4.031186444195408
11,0,1103.0,193.0,60,True,-1.2881814738720792,-1.2881814738720792,-2.5763629477441583
11,1,1062.0,284.0,61,True,-1.5811802183206745,-1.5811802183206745,-3.162360436641349
11,2,1158.0,326.0,62,True,-1.780805109367866,-1.780805109367866,-3.561610218735732
11,3,1090.0,193.0,60,True,-1.28089720043166,-1.28089720043166,-2.56179440086332
12,0,1150.0,372.0,63,True,-1.9360447017805997,-1.9360447017805997,-3.8720894035611995
12,1,1052.0,242.0,60,True,-1.4297435977254802,-1.4297435977254802,-2.8594871954509604
12,2,1208.5,372.0,63,True,-1.9688239322624834,-1.9688239322624834,-3.937647864524967
12,3,1144.0,284.0,61,True,-1.627127173867928,-1.627127173867928,-3.254254347735856
13,0,1325.3333333333333,428.0,65,True,-2.2287334495496625,-2.2287334495496625,-4.457466899099325
13,1,1220.0,389.0,64,True,-2.0342954903914006,-2.0342954903914006,-4.068590980782801
13,2,1113.0,193.0,60,True,-1.2937847611339395,-1.2937847611339395,-2.587569522267879
13,3,1285.3333333333333,473.0,65,True,-2.36257030050222,-2.36257030050222,-4.72514060100444
14,0,1087.0,193.0,60,True,-1.2792162142531025,-1.2792162142531025,-2.558432428506205
14,1,1170.0,193.0,60,True,-1.3257234985265434,-1.3257234985265434,-2.6514469970530867
14,2,1093.0,193.0,60,True,-1.2825781866102184,-1.2825781866102184,-2.5651563732204368
14,3,1113.0,193.0,60,True,-1.293784761133939,-1.293784761133939,-2.587569522267878
15,0,1499.3333333333333,585.0,68,True,-2.8713695367949192,-2.8713695367949192,-5.7427390735898385
15,1,1200.0,291.0,62,True,-1.682811138089901,-1.682811138089901,-3.365622276179802
15,2,1665.3333333333333,536.0,65,True,-2.794245216452912,-2.794245216452912,-5.588490432905824
15,3,1155.0,291.0,62,True,-1.6575963454115303,-1.6575963454115303,-3.3151926908230607
16,0,1235.0,522.0,65,True,-2.5045059768397455,-2.5045059768397455,-5.009011953679491
16,1,1183.5,291.0,62,True,-1.6735657141078324,-1.6735657141078324,-3.347131428215665
16,2,1226.3333333333335,340.0,63,True,-1.8677053501016896,-1.8677053501016896,-3.735410700203379
16,3,1628.3333333333333,536.0,66,True,-2.7735130535840287,-2.7735130535840287,-5.547026107168057
17,0,985.0,144.0,59,True,-1.0519237952932388,-1.0519237952932388,-2.1038475905864775
17,1,1019.0,193.0,60,True,-1.2411138608724523,-1.2411138608724523,-2.4822277217449047
17,2,1060.0,193.0,60,True,-1.2640873386460794,-1.2640873386460794,-2.5281746772921587
17,3,1104.0,193.0,60,True,-1.2887418025982647,-1.2887418025982647,-2.5774836051965293
18,0,1266.8333333333333,386.0,64,True,-2.0501208857344455,-2.0501208857344455,-4.100241771468891
18,1,1177.0,291.0,62,True,-1.6699235773876226,-1.6699235773876226,-3.3398471547752453
18,2,1125.0,291.0,62,True,-1.6407864836259494,-1.6407864836259494,-3.2815729672518987
18,3,1092.0,193.0,60,True,-1.2820178578840329,-1.2820178578840329,-2.5640357157680658
19,0,1097.0,193.0,60,True,-1.2848195015149626,-1.2848195015149626,-2.569639003029925
19,1,1134.0,193.0,60,True,-1.305551664383846,-1.305551664383846,-2.611103328767692
19,2,1050.0,193.0,60,True,-1.2584840513842195,-1.2584840513842195,-2.516968102768439
19,3,1068.0,193.0,60,True,-1.2685699684555682,-1.2685699684555682,-2.5371399369111365
20,0,1030.0,193.0,59,True,-1.247277476860499,-1.247277476860499,-2.494554953720998
20,1,1063.0,193.0,60,True,-1.2657683248246383,-1.2657683248246383,-2.5315366496492766
20,2,1258.0,337.0,62,True,-1.8750324264309135,-1.8750324264309135,-3.750064852861827
20,3,1199.5,382.0,63,True,-1.9985031959490311,-1.9985031959490311,-3.9970063918980623
21,0,1095.0,193.0,60,True,-1.2836988440625907,-1.2836988440625907,-2.5673976881251814
21,1,1064.0,284.0,61,True,-1.5823008757730461,-1.5823008757730461,-3.1646017515460922
21,2,1093.0,193.0,60,True,-1.2825781866102184,-1.2825781866102184,-2.5651563732204368
21,3,1064.0,193.0,60,True,-1.2663286535508238,-1.2663286535508238,-2.5326573071016476
22,0,1154.5,379.0,64,True,-1.9628717366039923,-1.9628717366039923,-3.9257434732079846
22,1,1194.5,379.0,64,True,-1.9852848856514342,-1.9852848856514342,-3.9705697713028685
22,2,1186.5,291.0,62,True,-1.6752467002863898,-1.6752467002863898,-3.3504934005727796
22,3,1201.5000000000002,379.0,64,True,-1.989207186734736,-1.989207186734736,-3.978414373469472
23,0,1231.5,470.0,65,True,-2.3219892707425385,-2.3219892707425385,-4.643978541485077
23,1,1443.8333333333333,526.0,67,True,-2.6354101813804833,-2.6354101813804833,-5.270820362760967
23,2,1228.0,291.0,62,True,-1.6985003424231107,-1.6985003424231107,-3.3970006848462213
23,3,1178.5,470.0,65,True,-2.29229184825468,-2.29229184825468,-4.58458369650936
24,0,1178.0,193.0,60,True,-1.3302061283360311,-1.3302061283360311,-2.6604122566720623
24,1,1127.0,326.0,62,True,-1.7634349188560992,-1.7634349188560992,-3.5268698377121983
24,2,1076.0,193.0,60,True,-1.2730525982650558,-1.2730525982650558,-2.5461051965301116
24,3,1103.0,382.0,63,True,-1.9444314738720783,-1.9444314738720783,-3.8888629477441565
25,0,1208.0,375.0,63,True,-1.9789604345660565,-1.9789604345660565,-3.957920869132113
25,1,1143.5,249.0,61,True,-1.5053192317270576,-1.5053192317270576,-3.0106384634541152
25,2,1109.5,330.0,62,True,-1.7675180550367326,-1.7675180550367326,-3.5350361100734653
25,3,1100.0,193.0,60,True,-1.2865004876935207,-1.2865004876935207,-2.5730009753870413
26,0,1040.0,326.0,62,True,-1.7146863196779147,-1.7146863196779147,-3.4293726393558295
26,1,1037.0,193.0,60,True,-1.2511997779438015,-1.2511997779438015,-2.502399555887603
26,2,1070.0,284.0,61,True,-1.585662848130162,-1.585662848130162,-3.171325696260324
26,3,1074.0,193.0,59,True,-1.271931940812684,-1.271931940812684,-2.543863881625368
27,0,1003.0,151.0,59,True,-1.0863152679201427,-1.0863152679201427,-2.1726305358402853
27,1,1011.0,151.0,59,True,-1.0907978977296309,-1.0907978977296309,-2.1815957954592617
27,2,1086.5,239.0,61,True,-1.4386582721122319,-1.4386582721122319,-2.8773165442244637
27,3,1100.0,193.0,59,True,-1.2865004876935207,-1.2865004876935207,-2.5730009753870413
28,0,1062.0,151.0,59,True,-1.1193746627651187,-1.1193746627651187,-2.2387493255302373
28,1,1126.0,193.0,60,True,-1.301069034574358,-1.301069034574358,-2.602138069148716
28,2,1118.0,193.0,60,True,-1.2965864047648694,-1.2965864047648694,-2.593172809529739
28,3,1029.0,151.0,59,True,-1.1008838148009794,-1.1008838148009794,-2.201767629601959
29,0,1271.8333333333335,242.0,61,True,-1.5529225293653766,-1.5529225293653766,-3.105845058730753
29,1,1031.0,151.0,59,True,-1.1020044722533517,-1.1020044722533517,-2.2040089445067035
29,2,1247.0,382.0,63,True,-2.0251188104428675,-2.0251188104428675,-4.050237620885735
29,3,1054.0,151.0,59,True,-1.1148920329556304,-1.1148920329556304,-2.229784065911261
30,0,1049.0,151.0,59,True,-1.1120903893247,-1.1120903893247,-2.2241807786494
30,1,1136.0,151.0,59,True,-1.160838988502885,-1.160838988502885,-2.32167797700577
30,2,1035.0,151.0,59,True,-1.1042457871580955,-1.1042457871580955,-2.208491574316191
30,3,953.3333333333334,102.0,58,True,-0.8883467189640143,-0.8883467189640143,-1.7766934379280286
31,0,1027.0,151.0,59,True,-1.0997631573486073,-1.0997631573486073,-2.1995263146972146
31,1,1059.0,151.0,59,True,-1.1176936765865604,-1.1176936765865604,-2.2353873531731208
31,2,992.0,102.0,58,True,-0.9100127630432072,-0.9100127630432072,-1.8200255260864144
31,3,985.0,151.0,59,True,-1.0762293508487943,-1.0762293508487943,-2.1524587016975887
32,0,1172.0,249.0,61,True,-1.521288600423359,-1.521288600423359,-3.042577200846718
32,1,1264.8333333333333,200.0,60,True,-1.4031668949487408,-1.4031668949487408,-2.8063337898974816
32,2,1237.0,249.0,61,True,-1.5577099676254516,-1.5577099676254516,-3.115419935250903
32,3,1035.0,151.0,59,True,-1.1042457871580955,-1.1042457871580955,-2.208491574316191
33,0,1287.3333333333333,347.0,63,True,-1.9261909579545926,-1.9261909579545926,-3.852381915909185
33,1,982.0,102.0,58,True,-0.9044094757813472,-0.9044094757813472,-1.8088189515626945
33,2,1162.0,246.0,61,True,-1.5052686464948326,-1.5052686464948326,-3.010537292989665
33,3,1015.0,102.0,58,True,-0.922900323745486,-0.922900323745486,-1.845800647490972
34,0,1023.0,151.0,59,True,-1.0975218424438633,-1.0975218424438633,-2.1950436848877266
34,1,1050.0,151.0,59,True,-1.112650718050886,-1.112650718050886,-2.225301436101772
34,2,1156.8333333333335,200.0,60,True,-1.3426513925206494,-1.3426513925206494,-2.6853027850412987
34,3,1025.0,102.0,58,True,-0.9285036110073464,-0.9285036110073464,-1.8570072220146927
35,0,1045.3333333333335,144.0,59,True,-1.0857302951064622,-1.0857302951064622,-2.1714605902129245
35,1,1017.3333333333334,102.0,58,True,-0.9242077574399201,-0.9242077574399201,-1.8484155148798402
35,2,1034.3333333333335,102.0,58,True,-0.9337333457850827,-0.9337333457850827,-1.8674666915701654
35,3,1069.0,284.0,61,True,-1.5851025194039758,-1.5851025194039758,-3.1702050388079517
36,0,1064.0,151.0,59,True,-1.1204953202174905,-1.1204953202174905,-2.240990640434981
36,1,1032.0,151.0,59,True,-1.1025648009795377,-1.1025648009795377,-2.2051296019590754
36,2,1023.0,151.0,59,True,-1.0975218424438633,-1.0975218424438633,-2.1950436848877266
36,3,1040.0,151.0,59,True,-1.107047430789026,-1.107047430789026,-2.214094861578052
37,0,1026.3333333333335,102.0,58,True,-0.9292507159755947,-0.9292507159755947,-1.8585014319511894
37,1,1008.0,151.0,59,True,-1.089116911551073,-1.089116911551073,-2.178233823102146
37,2,1003.3333333333334,102.0,58,True,-0.9163631552733157,-0.9163631552733157,-1.8327263105466314
37,3,1015.0,102.0,58,True,-0.9229003237454864,-0.9229003237454864,-1.8458006474909727
38,0,1074.0,151.0,59,True,-1.1260986074793504,-1.1260986074793504,-2.252197214958701
38,1,1023.0,151.0,59,True,-1.0975218424438637,-1.0975218424438637,-2.1950436848877275
38,2,992.0,151.0,59,True,-1.080151651932097,-1.080151651932097,-2.160303303864194
38,3,1057.0,151.0,59,True,-1.1165730191341885,-1.1165730191341885,-2.233146038268377
39,0,1015.0,102.0,58,True,-0.9229003237454859,-0.9229003237454859,-1.8458006474909718
39,1,1163.8333333333335,200.0,60,True,-1.3465736936039516,-1.3465736936039516,-2.6931473872079033
39,2,986.3333333333334,102.0,58,True,-0.9068375669281536,-0.9068375669281536,-1.8136751338563073
39,3,1085.0,193.0,60,True,-1.2780955568007306,-1.2780955568007306,-2.5561911136014612
40,0,982.0,102.0,58,True,-0.904409475781347,-0.904409475781347,-1.808818951562694
40,1,1061.8333333333333,200.0,60,True,-1.289420163532977,-1.289420163532977,-2.578840327065954
40,2,1028.3333333333335,235.0,60,True,-1.3921769289835222,-1.3921769289835222,-2.7843538579670444
40,3,1064.0,102.0,58,True,-0.9503564313286017,-0.9503564313286017,-1.9007128626572034
41,0,1130.0,193.0,60,True,-1.3033103494791018,-1.3033103494791018,-2.6066206989582037
41,1,1008.0,151.0,59,True,-1.0891169115510728,-1.0891169115510728,-2.1782338231021456
41,2,1043.0,151.0,59,True,-1.1087284169675844,-1.1087284169675844,-2.217456833935169
41,3,1212.8333333333333,200.0,60,True,-1.374029801187067,-1.374029801187067,-2.748059602374134
42,0,1036.0,151.0,59,True,-1.1048061158842815,-1.1048061158842815,-2.209612231768563
42,1,1027.0,151.0,59,True,-1.0997631573486077,-1.0997631573486077,-2.1995263146972155
42,2,1015.0,151.0,59,True,-1.0930392126343749,-1.0930392126343749,-2.1860784252687497
42,3,1031.0,102.0,58,True,-0.9318655833644625,-0.9318655833644625,-1.863731166728925
43,0,1064.0,151.0,59,True,-1.1204953202174908,-1.1204953202174908,-2.2409906404349815
43,1,1017.3333333333334,102.0,58,True,-0.9242077574399201,-0.9242077574399201,-1.8484155148798402
43,2,986.3333333333334,102.0,58,True,-0.9068375669281532,-0.9068375669281532,-1.8136751338563064
43,3,1064.0,193.0,60,True,-1.2663286535508238,-1.2663286535508238,-2.5326573071016476
44,0,982.0,151.0,59,True,-1.0745483646702363,-1.0745483646702363,-2.1490967293404726
44,1,1026.3333333333335,102.0,58,True,-0.9292507159755944,-0.9292507159755944,-1.8585014319511888
44,2,994.3333333333334,102.0,58,True,-0.9113201967376421,-0.9113201967376421,-1.8226403934752842
44,3,1036.3333333333335,102.0,58,True,-0.9348540032374548,-0.9348540032374548,-1.8697080064749096
45,0,1028.3333333333335,102.0,58,True,-0.9303713734279665,-0.9303713734279665,-1.860742746855933
45,1,1185.8333333333335,200.0,60,True,-1.3589009255800446,-1.3589009255800446,-2.717801851160089
45,2,986.3333333333334,102.0,58,True,-0.9068375669281533,-0.9068375669281533,-1.8136751338563066
45,3,986.3333333333334,102.0,58,True,-0.9068375669281532,-0.9068375669281532,-1.8136751338563064
46,0,1036.3333333333335,102.0,58,True,-0.9348540032374549,-0.9348540032374549,-1.8697080064749099
46,1,982.0,102.0,58,True,-0.9044094757813473,-0.9044094757813473,-1.8088189515626947
46,2,1048.0,151.0,59,True,-1.1115300605985143,-1.1115300605985143,-2.2230601211970287
46,3,1015.0,102.0,58,True,-0.9229003237454864,-0.9229003237454864,-1.8458006474909727
47,0,1015.0,102.0,58,True,-0.9229003237454861,-0.9229003237454861,-1.8458006474909723
47,1,1015.0,102.0,58,True,-0.922900323745486,-0.922900323745486,-1.845800647490972
47,2,982.0,102.0,58,True,-0.9044094757813472,-0.9044094757813472,-1.8088189515626945
47,3,1008.0,102.0,58,True,-0.9189780226621846,-0.9189780226621846,-1.8379560453243693
48,0,1045.3333333333335,102.0,58,True,-0.9398969617731291,-0.9398969617731291,-1.8797939235462582
48,1,982.0,102.0,58,True,-0.9044094757813476,-0.9044094757813476,-1.8088189515626951
48,2,982.0,102.0,58,True,-0.9044094757813472,-0.9044094757813472,-1.8088189515626945
48,3,1064.0,102.0,58,True,-0.9503564313286019,-0.9503564313286019,-1.9007128626572038
49,0,1015.0,102.0,58,True,-0.9229003237454863,-0.9229003237454863,-1.8458006474909725
49,1,1064.0,102.0,58,True,-0.9503564313286017,-0.9503564313286017,-1.9007128626572034
49,2,986.3333333333334,102.0,58,True,-0.9068375669281531,-0.9068375669281531,-1.8136751338563062
49,3,982.0,102.0,58,True,-0.9044094757813473,-0.9044094757813473,-1.8088189515626947
50,0,1028.3333333333335,102.0,58,True,-0.9303713734279666,-0.9303713734279666,-1.8607427468559332
50,1,982.0,102.0,58,True,-0.9044094757813474,-0.9044094757813474,-1.808818951562695
50,2,1015.0,102.0,58,True,-0.9229003237454861,-0.9229003237454861,-1.8458006474909723
50,3,1110.3333333333335,102.0,58,True,-0.9763183289752211,-0.9763183289752211,-1.9526366579504422
51,0,1036.3333333333335,144.0,58,True,-1.0806873365707883,-1.0806873365707883,-2.1613746731415766
51,1,1060.0,151.0,59,True,-1.1182540053127468,-1.1182540053127468,-2.2365080106254935
51,2,1048.0,151.0,59,True,-1.111530060598514,-1.111530060598514,-2.223060121197028
51,3,1060.0,151.0,59,True,-1.1182540053127463,-1.1182540053127463,-2.2365080106254926
52,0,1056.0,151.0,59,True,-1.1160126904080026,-1.1160126904080026,-2.232025380816005
52,1,982.0,102.0,58,True,-0.9044094757813474,-0.9044094757813474,-1.808818951562695
52,2,1048.0,151.0,59,True,-1.1115300605985141,-1.1115300605985141,-2.2230601211970282
52,3,998.0,102.0,58,True,-0.9133747354003237,-0.9133747354003237,-1.8267494708006473
53,0,998.0,151.0,59,True,-1.0835136242892125,-1.0835136242892125,-2.167027248578425
53,1,1064.0,151.0,59,True,-1.1204953202174905,-1.1204953202174905,-2.240990640434981
53,2,982.0,102.0,58,True,-0.9044094757813476,-0.9044094757813476,-1.8088189515626951
53,3,1015.0,102.0,58,True,-0.9229003237454861,-0.9229003237454861,-1.8458006474909723
54,0,1061.0,151.0,59,True,-1.1188143340389323,-1.1188143340389323,-2.2376286680778645
54,1,1048.0,151.0,59,True,-1.111530060598514,-1.111530060598514,-2.223060121197028
54,2,1015.0,102.0,58,True,-0.9229003237454861,-0.9229003237454861,-1.8458006474909723
54,3,1099.0,151.0,59,True,-1.1401068256340015,-1.1401068256340015,-2.280213651268003
55,0,1169.3333333333335,144.0,59,True,-1.15521105715353,-1.15521105715353,-2.31042211430706
55,1,1048.0,102.0,58,True,-0.9413911717096248,-0.9413911717096248,-1.8827823434192497
55,2,1114.0,144.0,58,True,-1.1242062009712364,-1.1242062009712364,-2.2484124019424727
55,3,1087.0,151.0,59,True,-1.1333828809197692,-1.1333828809197692,-2.2667657618395385
56,0,1008.0,102.0,58,True,-0.9189780226621845,-0.9189780226621845,-1.837956045324369
56,1,1077.0,151.0,59,True,-1.127779593657909,-1.127779593657909,-2.255559187315818
56,2,1048.0,151.0,59,True,-1.111530060598514,-1.111530060598514,-2.223060121197028
56,3,1065.0,151.0,59,True,-1.1210556489436763,-1.1210556489436763,-2.2421112978873525
57,0,1056.0,151.0,59,True,-1.116012690408003,-1.116012690408003,-2.232025380816006
57,1,1072.0,151.0,59,True,-1.1249779500269785,-1.1249779500269785,-2.249955900053957
57,2,982.0,102.0,58,True,-0.9044094757813473,-0.9044094757813473,-1.8088189515626947
57,3,1081.0,151.0,59,True,-1.130020908562653,-1.130020908562653,-2.260041817125306
58,0,1059.3333333333335,102.0,58,True,-0.9477415639397334,-0.9477415639397334,-1.8954831278794668
58,1,1087.3333333333335,102.0,58,True,-0.9634307682729426,-0.9634307682729426,-1.9268615365458852
58,2,1015.0,151.0,59,True,-1.093039212634375,-1.093039212634375,-2.18607842526875
58,3,1045.3333333333335,102.0,58,True,-0.9398969617731291,-0.9398969617731291,-1.8797939235462582
59,0,1064.0,102.0,58,True,-0.950356431328602,-0.950356431328602,-1.900712862657204
59,1,1064.0,102.0,58,True,-0.9503564313286018,-0.9503564313286018,-1.9007128626572036
59,2,1068.3333333333335,102.0,58,True,-0.9527845224754078,-0.9527845224754078,-1.9055690449508156
59,3,1015.0,102.0,58,True,-0.9229003237454863,-0.9229003237454863,-1.8458006474909725
60,0,1028.3333333333335,144.0,59,True,-1.0762047067612999,-1.0762047067612999,-2.1524094135225997
60,1,1028.3333333333335,144.0,59,True,-1.0762047067612999,-1.0762047067612999,-2.1524094135225997
60,2,1110.3333333333335,144.0,59,True,-1.1221516623085543,-1.1221516623085543,-2.2443033246171087
60,3,1028.3333333333335,144.0,59,True,-1.0762047067612996,-1.0762047067612996,-2.1524094135225993
61,0,1068.3333333333335,235.0,60,True,-1.414590078030963,-1.414590078030963,-2.829180156061926
61,1,1048.0,193.0,60,True,-1.2573633939318476,-1.2573633939318476,-2.514726787863695
61,2,1124.0,193.0,60,True,-1.2999483771219857,-1.2999483771219857,-2.5998967542439715
61,3,982.0,102.0,58,True,-0.9044094757813473,-0.9044094757813473,-1.8088189515626947
62,0,1028.3333333333335,235.0,60,True,-1.3921769289835222,-1.3921769289835222,-2.7843538579670444
62,1,1015.0,102.0,58,True,-0.9229003237454863,-0.9229003237454863,-1.8458006474909725
62,2,1048.0,102.0,58,True,-0.9413911717096249,-0.9413911717096249,-1.8827823434192499
62,3,1015.0,102.0,58,True,-0.9229003237454863,-0.9229003237454863,-1.8458006474909725
63,0,982.0,102.0,58,True,-0.9044094757813473,-0.9044094757813473,-1.8088189515626947
63,1,1028.3333333333335,102.0,58,True,-0.9303713734279669,-0.9303713734279669,-1.8607427468559339
63,2,1060.0,151.0,59,True,-1.1182540053127468,-1.1182540053127468,-2.2365080106254935
63,3,1069.0,193.0,60,True,-1.269130297181754,-1.269130297181754,-2.538260594363508
64,0,1028.3333333333335,144.0,59,True,-1.0762047067612996,-1.0762047067612996,-2.1524094135225993
64,1,982.0,102.0,58,True,-0.9044094757813471,-0.9044094757813471,-1.8088189515626942
64,2,1060.0,151.0,59,True,-1.1182540053127463,-1.1182540053127463,-2.2365080106254926
64,3,982.0,144.0,58,True,-1.0502428091146805,-1.0502428091146805,-2.100485618229361
65,0,1015.0,102.0,58,True,-0.9229003237454863,-0.9229003237454863,-1.8458006474909725
65,1,1015.0,102.0,58,True,-0.922900323745486,-0.922900323745486,-1.845800647490972
65,2,982.0,102.0,58,True,-0.9044094757813471,-0.9044094757813471,-1.8088189515626942
65,3,1028.3333333333335,277.0,60,True,-1.5380102623168554,-1.5380102623168554,-3.076020524633711
66,0,982.0,102.0,58,True,-0.9044094757813473,-0.9044094757813473,-1.8088189515626947
66,1,1111.0,193.0,60,True,-1.292664103681567,-1.292664103681567,-2.585328207363134
66,2,1031.0,102.0,58,True,-0.9318655833644625,-0.9318655833644625,-1.863731166728925
66,3,982.0,102.0,58,True,-0.9044094757813472,-0.9044094757813472,-1.8088189515626945
67,0,1015.0,102.0,58,True,-0.9229003237454861,-0.9229003237454861,-1.8458006474909723
67,1,1059.3333333333335,102.0,58,True,-0.9477415639397335,-0.9477415639397335,-1.895483127879467
67,2,1048.0,151.0,59,True,-1.1115300605985141,-1.1115300605985141,-2.2230601211970282
67,3,1015.0,102.0,58,True,-0.922900323745486,-0.922900323745486,-1.845800647490972
68,0,1048.0,193.0,60,True,-1.2573633939318472,-1.2573633939318472,-2.5147267878636943
68,1,1087.3333333333335,144.0,59,True,-1.1092641016062756,-1.1092641016062756,-2.2185282032125513
68,2,1064.0,193.0,60,True,-1.2663286535508236,-1.2663286535508236,-2.532657307101647
68,3,1015.0,144.0,59,True,-1.0687336570788195,-1.0687336570788195,-2.137467314157639
69,0,998.0,102.0,58,True,-0.9133747354003235,-0.9133747354003235,-1.826749470800647
69,1,1081.0,102.0,58,True,-0.9598820196737639,-0.9598820196737639,-1.9197640393475277
69,2,1081.0,144.0,59,True,-1.1057153530070971,-1.1057153530070971,-2.2114307060141942
69,3,1097.0,144.0,59,True,-1.1146806126260735,-1.1146806126260735,-2.229361225252147
70,0,986.3333333333334,102.0,58,True,-0.9068375669281535,-0.9068375669281535,-1.813675133856307
70,1,1064.0,102.0,58,True,-0.9503564313286017,-0.9503564313286017,-1.9007128626572034
70,2,1205.3333333333335,102.0,58,True,-1.029549557962894,-1.029549557962894,-2.059099115925788
70,3,994.3333333333334,102.0,58,True,-0.9113201967376418,-0.9113201967376418,-1.8226403934752835
71,0,1048.0,144.0,59,True,-1.0872245050429583,-1.0872245050429583,-2.1744490100859166
71,1,1025.0,193.0,60,True,-1.244475833229569,-1.244475833229569,-2.488951666459138
71,2,1015.0,144.0,59,True,-1.0687336570788193,-1.0687336570788193,-2.1374673141576386
71,3,1008.0,235.0,60,True,-1.3807835782177393,-1.3807835782177393,-2.7615671564354787
72,0,1053.3333333333335,144.0,59,True,-1.090212924915951,-1.090212924915951,-2.180425849831902
72,1,1081.0,144.0,59,True,-1.1057153530070973,-1.1057153530070973,-2.2114307060141947
72,2,1053.3333333333335,144.0,59,True,-1.090212924915951,-1.090212924915951,-2.180425849831902
72,3,1015.0,102.0,58,True,-0.9229003237454858,-0.9229003237454858,-1.8458006474909716
73,0,1041.0,102.0,58,True,-0.9374688706263226,-0.9374688706263226,-1.8749377412526451
73,1,1104.3333333333335,144.0,59,True,-1.1187896899514385,-1.1187896899514385,-2.237579379902877
73,2,1146.3333333333335,102.0,58,True,-0.996490163117918,-0.996490163117918,-1.992980326235836
73,3,1060.0,193.0,60,True,-1.2640873386460796,-1.2640873386460796,-2.528174677292159
74,0,1095.8333333333335,200.0,60,True,-1.3084713402233017,-1.3084713402233017,-2.6169426804466034
74,1,1099.0,151.0,59,True,-1.140106825634002,-1.140106825634002,-2.280213651268004
74,2,1227.3333333333333,298.0,62,True,-1.7224323454945427,-1.7224323454945427,-3.4448646909890854
74,3,1050.0,151.0,59,True,-1.112650718050886,-1.112650718050886,-2.225301436101772
75,0,1048.0,151.0,59,True,-1.111530060598514,-1.111530060598514,-2.223060121197028
75,1,1015.0,151.0,59,True,-1.0930392126343755,-1.0930392126343755,-2.186078425268751
75,2,1138.8333333333335,200.0,60,True,-1.3325654754493013,-1.3325654754493013,-2.6651309508986025
75,3,1132.0,200.0,60,True,-1.3287365624870295,-1.3287365624870295,-2.657473124974059
76,0,982.0,102.0,58,True,-0.9044094757813472,-0.9044094757813472,-1.8088189515626945
76,1,1008.0,102.0,58,True,-0.9189780226621842,-0.9189780226621842,-1.8379560453243684
76,2,982.0,102.0,58,True,-0.9044094757813471,-0.9044094757813471,-1.8088189515626942
76,3,982.0,102.0,58,True,-0.9044094757813472,-0.9044094757813472,-1.8088189515626945
77,0,1008.0,102.0,58,True,-0.9189780226621842,-0.9189780226621842,-1.8379560453243684
77,1,1015.0,102.0,58,True,-0.9229003237454863,-0.9229003237454863,-1.8458006474909725
77,2,1064.0,151.0,59,True,-1.1204953202174908,-1.1204953202174908,-2.2409906404349815
77,3,1064.0,102.0,58,True,-0.9503564313286017,-0.9503564313286017,-1.9007128626572034
78,0,1028.3333333333335,144.0,59,True,-1.0762047067613,-1.0762047067613,-2.1524094135226
78,1,1060.0,151.0,59,True,-1.1182540053127465,-1.1182540053127465,-2.236508010625493
78,2,1048.0,144.0,59,True,-1.087224505042958,-1.087224505042958,-2.174449010085916
78,3,989.0,235.0,60,True,-1.3701373324202042,-1.3701373324202042,-2.7402746648404084
79,0,1048.0,144.0,59,True,-1.0872245050429583,-1.0872245050429583,-2.1744490100859166
79,1,1048.0,193.0,60,True,-1.2573633939318474,-1.2573633939318474,-2.5147267878636947
79,2,1048.0,144.0,59,True,-1.0872245050429583,-1.0872245050429583,-2.1744490100859166
79,3,1083.0,193.0,60,True,-1.276974899348358,-1.276974899348358,-2.553949798696716
80,0,1015.0,102.0,58,True,-0.9229003237454861,-0.9229003237454861,-1.8458006474909723
80,1,1015.0,102.0,58,True,-0.9229003237454861,-0.9229003237454861,-1.8458006474909723
80,2,982.0,102.0,58,True,-0.9044094757813469,-0.9044094757813469,-1.8088189515626938
80,3,1036.3333333333335,102.0,58,True,-0.9348540032374548,-0.9348540032374548,-1.8697080064749096
81,0,1069.3333333333333,193.0,60,True,-1.2693170734238162,-1.2693170734238162,-2.5386341468476323
81,1,1036.3333333333335,102.0,58,True,-0.9348540032374552,-0.9348540032374552,-1.8697080064749103
81,2,1056.0,151.0,59,True,-1.116012690408003,-1.116012690408003,-2.232025380816006
81,3,1097.0,144.0,59,True,-1.1146806126260733,-1.1146806126260733,-2.2293612252521466
82,0,1097.0,151.0,59,True,-1.1389861681816293,-1.1389861681816293,-2.2779723363632587
82,1,1083.0,193.0,60,True,-1.2769748993483583,-1.2769748993483583,-2.5539497986967166
82,2,1015.0,102.0,58,True,-0.922900323745486,-0.922900323745486,-1.845800647490972
82,3,1015.0,102.0,58,True,-0.9229003237454863,-0.9229003237454863,-1.8458006474909725
83,0,1008.0,102.0,58,True,-0.9189780226621838,-0.9189780226621838,-1.8379560453243675
83,1,1097.0,200.0,60,True,-1.3091250570705182,-1.3091250570705182,-2.6182501141410364
83,2,1073.0,151.0,59,True,-1.1255382787531647,-1.1255382787531647,-2.2510765575063294
83,3,1015.0,102.0,58,True,-0.9229003237454863,-0.9229003237454863,-1.8458006474909725
84,0,1093.0,151.0,59,True,-1.1367448532768853,-1.1367448532768853,-2.2734897065537707
84,1,1103.0,151.0,59,True,-1.142348140538746,-1.142348140538746,-2.284696281077492
84,2,1015.0,102.0,58,True,-0.9229003237454861,-0.9229003237454861,-1.8458006474909723
84,3,1057.0,151.0,59,True,-1.1165730191341878,-1.1165730191341878,-2.2331460382683757
85,0,982.0,102.0,58,True,-0.9044094757813474,-0.9044094757813474,-1.808818951562695
85,1,1056.0,151.0,59,True,-1.1160126904080023,-1.1160126904080023,-2.2320253808160047
85,2,982.0,102.0,58,True,-0.9044094757813472,-0.9044094757813472,-1.8088189515626945
85,3,982.0,102.0,58,True,-0.9044094757813472,-0.9044094757813472,-1.8088189515626945
86,0,1081.0,151.0,59,True,-1.130020908562653,-1.130020908562653,-2.260041817125306
86,1,1048.0,151.0,59,True,-1.1115300605985141,-1.1115300605985141,-2.2230601211970282
86,2,1015.0,102.0,58,True,-0.922900323745486,-0.922900323745486,-1.845800647490972
86,3,1060.0,151.0,59,True,-1.1182540053127465,-1.1182540053127465,-2.236508010625493
87,0,1048.0,193.0,60,True,-1.2573633939318476,-1.2573633939318476,-2.514726787863695
87,1,1064.0,102.0,58,True,-0.9503564313286016,-0.9503564313286016,-1.9007128626572032
87,2,1048.0,151.0,59,True,-1.111530060598514,-1.111530060598514,-2.223060121197028
87,3,1015.0,102.0,58,True,-0.9229003237454863,-0.9229003237454863,-1.8458006474909725
88,0,1064.0,144.0,59,True,-1.0961897646619347,-1.0961897646619347,-2.1923795293238695
88,1,1053.3333333333335,102.0,58,True,-0.9443795915826171,-0.9443795915826171,-1.8887591831652342
88,2,1081.0,144.0,58,True,-1.1057153530070973,-1.1057153530070973,-2.2114307060141947
88,3,1064.0,151.0,59,True,-1.1204953202174905,-1.1204953202174905,-2.240990640434981
89,0,1015.0,102.0,58,True,-0.9229003237454861,-0.9229003237454861,-1.8458006474909723
89,1,1188.8333333333335,200.0,60,True,-1.3605819117586024,-1.3605819117586024,-2.721163823517205
89,2,1018.3333333333333,144.0,59,True,-1.0706014194994395,-1.0706014194994395,-2.141202838998879
89,3,1064.0,102.0,58,True,-0.9503564313286017,-0.9503564313286017,-1.9007128626572034
90,0,1064.0,151.0,59,True,-1.1204953202174908,-1.1204953202174908,-2.2409906404349815
90,1,1060.0,151.0,59,True,-1.1182540053127468,-1.1182540053127468,-2.2365080106254935
90,2,1015.0,102.0,58,True,-0.922900323745486,-0.922900323745486,-1.845800647490972
90,3,1060.0,151.0,59,True,-1.1182540053127463,-1.1182540053127463,-2.2365080106254926
91,0,982.0,102.0,58,True,-0.9044094757813476,-0.9044094757813476,-1.8088189515626951
91,1,1015.0,102.0,58,True,-0.9229003237454861,-0.9229003237454861,-1.8458006474909723
91,2,998.0,151.0,59,True,-1.0835136242892125,-1.0835136242892125,-2.167027248578425
91,3,1048.0,193.0,60,True,-1.2573633939318478,-1.2573633939318478,-2.5147267878636956
92,0,1048.0,193.0,60,True,-1.2573633939318474,-1.2573633939318474,-2.5147267878636947
92,1,1015.0,102.0,58,True,-0.922900323745486,-0.922900323745486,-1.845800647490972
92,2,982.0,144.0,59,True,-1.05024280911468,-1.05024280911468,-2.10048561822936
92,3,1015.0,144.0,59,True,-1.0687336570788195,-1.0687336570788195,-2.137467314157639
93,0,1081.0,151.0,59,True,-1.130020908562653,-1.130020908562653,-2.260041817125306
93,1,1015.0,102.0,58,True,-0.9229003237454861,-0.9229003237454861,-1.8458006474909723
93,2,982.0,144.0,59,True,-1.0502428091146805,-1.0502428091146805,-2.100485618229361
93,3,1031.0,151.0,59,True,-1.1020044722533515,-1.1020044722533515,-2.204008944506703
94,0,1064.0,102.0,58,True,-0.950356431328602,-0.950356431328602,-1.900712862657204
94,1,982.0,102.0,58,True,-0.9044094757813472,-0.9044094757813472,-1.8088189515626945
94,2,1064.0,102.0,58,True,-0.9503564313286018,-0.9503564313286018,-1.9007128626572036
94,3,1064.0,151.0,59,True,-1.1204953202174905,-1.1204953202174905,-2.240990640434981
95,0,982.0,102.0,58,True,-0.9044094757813472,-0.9044094757813472,-1.8088189515626945
95,1,1015.0,102.0,58,True,-0.922900323745486,-0.922900323745486,-1.845800647490972
95,2,1018.0,151.0,59,True,-1.0947201988129334,-1.0947201988129334,-2.1894403976258667
95,3,994.3333333333334,102.0,58,True,-0.9113201967376421,-0.9113201967376421,-1.8226403934752842
96,0,982.0,102.0,58,True,-0.9044094757813476,-0.9044094757813476,-1.8088189515626951
96,1,982.0,102.0,58,True,-0.9044094757813471,-0.9044094757813471,-1.8088189515626942
96,2,1028.3333333333335,102.0,58,True,-0.9303713734279669,-0.9303713734279669,-1.8607427468559339
96,3,982.0,102.0,58,True,-0.9044094757813471,-0.9044094757813471,-1.8088189515626942
97,0,1015.0,102.0,58,True,-0.9229003237454858,-0.9229003237454858,-1.8458006474909716
97,1,982.0,102.0,58,True,-0.9044094757813472,-0.9044094757813472,-1.8088189515626945
97,2,1097.0,151.0,59,True,-1.1389861681816296,-1.1389861681816296,-2.277972336363259
97,3,982.0,102.0,58,True,-0.904409475781347,-0.904409475781347,-1.808818951562694
98,0,982.0,102.0,58,True,-0.9044094757813476,-0.9044094757813476,-1.8088189515626951
98,1,982.0,102.0,58,True,-0.9044094757813474,-0.9044094757813474,-1.808818951562695
98,2,1064.0,102.0,58,True,-0.950356431328602,-0.950356431328602,-1.900712862657204
98,3,998.0,151.0,59,True,-1.0835136242892127,-1.0835136242892127,-2.1670272485784254
99,0,1031.0,102.0,58,True,-0.9318655833644627,-0.9318655833644627,-1.8637311667289254
99,1,1064.0,102.0,58,True,-0.9503564313286016,-0.9503564313286016,-1.9007128626572032
99,2,1015.0,102.0,58,True,-0.9229003237454863,-0.9229003237454863,-1.8458006474909725
99,3,1112.3333333333335,102.0,58,True,-0.9774389864275929,-0.9774389864275929,-1.9548779728551857
100,0,1080.0,151.0,59,True,-1.1294605798364674,-1.1294605798364674,-2.258921159672935
100,1,982.0,102.0,58,True,-0.9044094757813471,-0.9044094757813471,-1.8088189515626942
100,2,982.0,102.0,58,True,-0.9044094757813471,-0.9044094757813471,-1.8088189515626942
100,3,998.0,102.0,58,True,-0.9133747354003237,-0.9133747354003237,-1.8267494708006473
101,0,998.0,102.0,58,True,-0.9133747354003239,-0.9133747354003239,-1.8267494708006478
101,1,982.0,102.0,58,True,-0.9044094757813474,-0.9044094757813474,-1.808818951562695
101,2,982.0,102.0,58,True,-0.9044094757813471,-0.9044094757813471,-1.8088189515626942
101,3,1015.0,102.0,58,True,-0.9229003237454861,-0.9229003237454861,-1.8458006474909723
102,0,1036.3333333333335,144.0,59,True,-1.0806873365707887,-1.0806873365707887,-2.1613746731415775
102,1,1064.0,144.0,58,True,-1.0961897646619352,-1.0961897646619352,-2.1923795293238704
102,2,1119.5,232.0,61,True,-1.4328435645208146,-1.4328435645208146,-2.8656871290416293
102,3,986.3333333333334,144.0,59,True,-1.0526709002614867,-1.0526709002614867,-2.1053418005229734
103,0,982.0,102.0,58,True,-0.9044094757813474,-0.9044094757813474,-1.808818951562695
103,1,1036.3333333333335,235.0,60,True,-1.39665955879301,-1.39665955879301,-2.79331911758602
103,2,1037.3333333333335,232.0,61,True,-1.386803220852531,-1.386803220852531,-2.773606441705062
103,3,1024.0,284.0,61,True,-1.559887726725605,-1.559887726725605,-3.11977545345121
104,0,1015.0,102.0,58,True,-0.9229003237454863,-0.9229003237454863,-1.8458006474909725
104,1,1116.0,284.0,61,True,-1.6114379695347196,-1.6114379695347196,-3.2228759390694393
104,2,1087.3333333333335,102.0,58,True,-0.9634307682729427,-0.9634307682729427,-1.9268615365458854
104,3,1036.3333333333335,235.0,60,True,-1.3966595587930102,-1.3966595587930102,-2.7933191175860204
105,0,982.0,102.0,58,True,-0.9044094757813471,-0.9044094757813471,-1.8088189515626942
105,1,1031.0,144.0,59,True,-1.077698916697796,-1.077698916697796,-2.155397833395592
105,2,986.3333333333334,102.0,58,True,-0.9068375669281535,-0.9068375669281535,-1.813675133856307
105,3,1015.0,102.0,58,True,-0.9229003237454861,-0.9229003237454861,-1.8458006474909723
106,0,986.3333333333334,102.0,58,True,-0.9068375669281531,-0.9068375669281531,-1.8136751338563062
106,1,1048.0,102.0,58,True,-0.941391171709625,-0.941391171709625,-1.88278234341925
106,2,1053.3333333333335,144.0,58,True,-1.0902129249159507,-1.0902129249159507,-2.1804258498319014
106,3,982.0,102.0,58,True,-0.9044094757813477,-0.9044094757813477,-1.8088189515626953
107,0,986.3333333333334,144.0,58,True,-1.0526709002614867,-1.0526709002614867,-2.1053418005229734
107,1,1036.3333333333335,102.0,58,True,-0.9348540032374549,-0.9348540032374549,-1.8697080064749099
107,2,1053.3333333333335,235.0,60,True,-1.4061851471381732,-1.4061851471381732,-2.8123702942763464
107,3,1048.0,102.0,58,True,-0.9413911717096248,-0.9413911717096248,-1.8827823434192497
108,0,982.0,102.0,58,True,-0.9044094757813477,-0.9044094757813477,-1.8088189515626953
108,1,1036.3333333333335,102.0,58,True,-0.9348540032374547,-0.9348540032374547,-1.8697080064749094
108,2,982.0,102.0,58,True,-0.9044094757813477,-0.9044094757813477,-1.8088189515626953
108,3,1118.3333333333335,102.0,58,True,-0.9808009587847091,-0.9808009587847091,-1.9616019175694182
109,0,998.0,102.0,58,True,-0.9133747354003237,-0.9133747354003237,-1.8267494708006473
109,1,994.3333333333334,102.0,58,True,-0.9113201967376419,-0.9113201967376419,-1.8226403934752837
109,2,1036.3333333333335,144.0,59,True,-1.0806873365707887,-1.0806873365707887,-2.1613746731415775
109,3,982.0,102.0,58,True,-0.9044094757813477,-0.9044094757813477,-1.8088189515626953
110,0,982.0,102.0,58,True,-0.9044094757813474,-0.9044094757813474,-1.808818951562695
110,1,1015.0,144.0,59,True,-1.0687336570788195,-1.0687336570788195,-2.137467314157639
110,2,1015.0,102.0,58,True,-0.9229003237454861,-0.9229003237454861,-1.8458006474909723
110,3,982.0,102.0,58,True,-0.9044094757813472,-0.9044094757813472,-1.8088189515626945
111,0,1015.0,102.0,58,True,-0.9229003237454863,-0.9229003237454863,-1.8458006474909725
111,1,982.0,102.0,58,True,-0.9044094757813477,-0.9044094757813477,-1.8088189515626953
111,2,998.0,102.0,58,True,-0.9133747354003237,-0.9133747354003237,-1.8267494708006473
111,3,1048.0,102.0,58,True,-0.941391171709625,-0.941391171709625,-1.88278234341925
112,0,1015.0,102.0,58,True,-0.9229003237454863,-0.9229003237454863,-1.8458006474909725
112,1,1015.0,102.0,58,True,-0.9229003237454859,-0.9229003237454859,-1.8458006474909718
112,2,1015.0,102.0,58,True,-0.9229003237454861,-0.9229003237454861,-1.8458006474909723
112,3,1028.3333333333335,102.0,58,True,-0.9303713734279668,-0.9303713734279668,-1.8607427468559337
113,0,982.0,102.0,58,True,-0.9044094757813477,-0.9044094757813477,-1.8088189515626953
113,1,1048.0,235.0,60,True,-1.4031967272651809,-1.4031967272651809,-2.8063934545303617
113,2,1015.0,102.0,58,True,-0.9229003237454861,-0.9229003237454861,-1.8458006474909723
113,3,1015.0,144.0,59,True,-1.0687336570788195,-1.0687336570788195,-2.137467314157639
114,0,982.0,102.0,58,True,-0.9044094757813472,-0.9044094757813472,-1.8088189515626945
114,1,1015.0,102.0,58,True,-0.9229003237454863,-0.9229003237454863,-1.8458006474909725
114,2,1064.0,102.0,58,True,-0.9503564313286017,-0.9503564313286017,-1.9007128626572034
114,3,982.0,102.0,58,True,-0.9044094757813472,-0.9044094757813472,-1.8088189515626945
115,0,1048.0,144.0,59,True,-1.0872245050429583,-1.0872245050429583,-2.1744490100859166
115,1,1048.0,102.0,58,True,-0.9413911717096249,-0.9413911717096249,-1.8827823434192499
115,2,1015.0,144.0,58,True,-1.0687336570788193,-1.0687336570788193,-2.1374673141576386
115,3,982.0,102.0,58,True,-0.9044094757813471,-0.9044094757813471,-1.8088189515626942
116,0,1048.0,144.0,59,True,-1.0872245050429583,-1.0872245050429583,-2.1744490100859166
116,1,1015.0,102.0,58,True,-0.9229003237454863,-0.9229003237454863,-1.8458006474909725
116,2,982.0,102.0,58,True,-0.9044094757813472,-0.9044094757813472,-1.8088189515626945
116,3,1008.0,102.0,58,True,-0.9189780226621842,-0.9189780226621842,-1.8379560453243684
117,0,982.0,102.0,58,True,-0.9044094757813472,-0.9044094757813472,-1.8088189515626945
117,1,977.3333333333334,102.0,58,True,-0.9017946083924793,-0.9017946083924793,-1.8035892167849585
117,2,982.0,102.0,58,True,-0.9044094757813471,-0.9044094757813471,-1.8088189515626942
117,3,982.0,102.0,58,True,-0.9044094757813472,-0.9044094757813472,-1.8088189515626945
118,0,982.0,102.0,58,True,-0.9044094757813472,-0.9044094757813472,-1.8088189515626945
118,1,1036.3333333333335,102.0,58,True,-0.934854003237455,-0.934854003237455,-1.86970800647491
118,2,1048.0,144.0,58,True,-1.0872245050429588,-1.0872245050429588,-2.1744490100859175
118,3,982.0,102.0,58,True,-0.9044094757813471,-0.9044094757813471,-1.8088189515626942
119,0,977.3333333333334,102.0,58,True,-0.9017946083924793,-0.9017946083924793,-1.8035892167849585
119,1,982.0,102.0,58,True,-0.9044094757813474,-0.9044094757813474,-1.808818951562695
119,2,982.0,102.0,58,True,-0.9044094757813472,-0.9044094757813472,-1.8088189515626945
119,3,1048.0,144.0,59,True,-1.087224505042958,-1.087224505042958,-2.174449010085916
120,0,986.3333333333334,102.0,58,True,-0.9068375669281536,-0.9068375669281536,-1.8136751338563073
120,1,1007.0,144.0,58,True,-1.0642510272693315,-1.0642510272693315,-2.128502054538663
120,2,1015.0,102.0,58,True,-0.9229003237454861,-0.9229003237454861,-1.8458006474909723
120,3,1015.0,102.0,58,True,-0.9229003237454858,-0.9229003237454858,-1.8458006474909716
121,0,1015.0,102.0,58,True,-0.9229003237454861,-0.9229003237454861,-1.8458006474909723
121,1,1015.0,151.0,59,True,-1.093039212634375,-1.093039212634375,-2.18607842526875
121,2,1027.0,151.0,59,True,-1.0997631573486073,-1.0997631573486073,-2.1995263146972146
121,3,1015.0,102.0,58,True,-0.9229003237454863,-0.9229003237454863,-1.8458006474909725
122,0,1015.0,102.0,58,True,-0.9229003237454861,-0.9229003237454861,-1.8458006474909723
122,1,966.0,102.0,58,True,-0.8954442161623708,-0.8954442161623708,-1.7908884323247416
122,2,1083.0,151.0,59,True,-1.131141566015025,-1.131141566015025,-2.26228313203005
122,3,1053.0,151.0,59,True,-1.1143317042294447,-1.1143317042294447,-2.2286634084588894
123,0,982.0,102.0,58,True,-0.9044094757813472,-0.9044094757813472,-1.8088189515626945
123,1,982.0,102.0,58,True,-0.9044094757813472,-0.9044094757813472,-1.8088189515626945
123,2,966.0,102.0,58,True,-0.8954442161623708,-0.8954442161623708,-1.7908884323247416
123,3,982.0,102.0,58,True,-0.9044094757813474,-0.9044094757813474,-1.808818951562695
124,0,1015.0,102.0,58,True,-0.9229003237454861,-0.9229003237454861,-1.8458006474909723
124,1,944.3333333333334,102.0,58,True,-0.8833037604283408,-0.8833037604283408,-1.7666075208566816
124,2,944.3333333333334,102.0,58,True,-0.8833037604283402,-0.8833037604283402,-1.7666075208566805
124,3,966.0,102.0,58,True,-0.8954442161623707,-0.8954442161623707,-1.7908884323247414
125,0,966.0,102.0,58,True,-0.8954442161623708,-0.8954442161623708,-1.7908884323247416
125,1,944.3333333333334,102.0,58,True,-0.8833037604283405,-0.8833037604283405,-1.766607520856681
125,2,999.0,144.0,59,True,-1.0597683974598426,-1.0597683974598426,-2.1195367949196853
125,3,1015.0,102.0,58,True,-0.9229003237454861,-0.9229003237454861,-1.8458006474909723
126,0,1064.0,193.0,60,True,-1.2663286535508238,-1.2663286535508238,-2.5326573071016476
126,1,1015.0,102.0,58,True,-0.9229003237454861,-0.9229003237454861,-1.8458006474909723
126,2,1015.0,102.0,58,True,-0.9229003237454861,-0.9229003237454861,-1.8458006474909723
126,3,1015.0,102.0,58,True,-0.9229003237454859,-0.9229003237454859,-1.8458006474909718
127,0,1015.0,102.0,58,True,-0.922900323745486,-0.922900323745486,-1.845800647490972
127,1,982.0,102.0,58,True,-0.9044094757813472,-0.9044094757813472,-1.8088189515626945
127,2,982.0,102.0,58,True,-0.904409475781347,-0.904409475781347,-1.808818951562694
127,3,986.3333333333334,102.0,58,True,-0.9068375669281535,-0.9068375669281535,-1.813675133856307
128,0,1018.0,151.0,59,True,-1.0947201988129331,-1.0947201988129331,-2.1894403976258663
128,1,986.3333333333334,102.0,58,True,-0.9068375669281535,-0.9068375669281535,-1.813675133856307
128,2,1015.0,151.0,59,True,-1.0930392126343753,-1.0930392126343753,-2.1860784252687506
128,3,1015.0,102.0,58,True,-0.9229003237454861,-0.9229003237454861,-1.8458006474909723
129,0,1015.0,102.0,58,True,-0.9229003237454861,-0.9229003237454861,-1.8458006474909723
129,1,986.3333333333334,102.0,58,True,-0.9068375669281534,-0.9068375669281534,-1.8136751338563069
129,2,986.3333333333334,102.0,58,True,-0.9068375669281535,-0.9068375669281535,-1.813675133856307
129,3,1048.0,102.0,58,True,-0.9413911717096254,-0.9413911717096254,-1.8827823434192508
130,0,1048.0,144.0,59,True,-1.0872245050429588,-1.0872245050429588,-2.1744490100859175
130,1,982.0,102.0,58,True,-0.9044094757813472,-0.9044094757813472,-1.8088189515626945
130,2,1015.0,151.0,59,True,-1.0930392126343758,-1.0930392126343758,-2.1860784252687515
130,3,1041.0,151.0,59,True,-1.1076077595152118,-1.1076077595152118,-2.2152155190304237
131,0,986.3333333333334,102.0,58,True,-0.9068375669281534,-0.9068375669281534,-1.8136751338563069
131,1,1008.0,102.0,58,True,-0.9189780226621839,-0.9189780226621839,-1.8379560453243677
131,2,1069.0,151.0,59,True,-1.1232969638484207,-1.1232969638484207,-2.2465939276968414
131,3,1015.0,102.0,58,True,-0.922900323745486,-0.922900323745486,-1.845800647490972
132,0,995.3333333333334,102.0,58,True,-0.9118805254638277,-0.9118805254638277,-1.8237610509276554
132,1,1008.0,151.0,59,True,-1.0891169115510728,-1.0891169115510728,-2.1782338231021456
132,2,999.0,151.0,59,True,-1.0840739530153987,-1.0840739530153987,-2.1681479060307973
132,3,1048.0,102.0,58,True,-0.9413911717096252,-0.9413911717096252,-1.8827823434192503
133,0,986.3333333333334,102.0,58,True,-0.9068375669281538,-0.9068375669281538,-1.8136751338563075
133,1,982.0,102.0,58,True,-0.9044094757813473,-0.9044094757813473,-1.8088189515626947
133,2,995.3333333333334,102.0,58,True,-0.9118805254638278,-0.9118805254638278,-1.8237610509276556
133,3,982.0,102.0,58,True,-0.9044094757813472,-0.9044094757813472,-1.8088189515626945
134,0,1048.0,151.0,59,True,-1.1115300605985141,-1.1115300605985141,-2.2230601211970282
134,1,1041.0,193.0,60,True,-1.253441092848545,-1.253441092848545,-2.50688218569709
134,2,1122.0,193.0,59,True,-1.2988277196696134,-1.2988277196696134,-2.597655439339227
134,3,1015.0,102.0,58,True,-0.9229003237454863,-0.9229003237454863,-1.8458006474909725
135,0,1048.0,193.0,59,True,-1.2573633939318472,-1.2573633939318472,-2.5147267878636943
135,1,944.3333333333334,102.0,58,True,-0.8833037604283405,-0.8833037604283405,-1.766607520856681
135,2,1015.0,102.0,58,True,-0.9229003237454864,-0.9229003237454864,-1.8458006474909727
135,3,1048.0,193.0,60,True,-1.2573633939318474,-1.2573633939318474,-2.5147267878636947
136,0,966.0,102.0,58,True,-0.8954442161623709,-0.8954442161623709,-1.7908884323247418
136,1,944.3333333333334,102.0,58,True,-0.8833037604283402,-0.8833037604283402,-1.7666075208566805
136,2,985.0,151.0,59,True,-1.0762293508487946,-1.0762293508487946,-2.152458701697589
136,3,966.0,102.0,58,True,-0.8954442161623707,-0.8954442161623707,-1.7908884323247414
137,0,1123.0,144.0,59,True,-1.1292491595069107,-1.1292491595069107,-2.2584983190138215
137,1,1107.0,144.0,59,True,-1.1202838998879343,-1.1202838998879343,-2.2405677997758686
137,2,1097.0,144.0,59,True,-1.1146806126260742,-1.1146806126260742,-2.2293612252521484
137,3,1083.0,284.0,61,True,-1.5929471215705806,-1.5929471215705806,-3.185894243141161
138,0,1123.0,144.0,59,True,-1.129249159506911,-1.129249159506911,-2.258498319013822
138,1,1123.0,144.0,59,True,-1.1292491595069107,-1.1292491595069107,-2.2584983190138215
138,2,1062.3333333333335,144.0,59,True,-1.095255883451625,-1.095255883451625,-2.19051176690325
138,3,1048.0,102.0,58,True,-0.9413911717096249,-0.9413911717096249,-1.8827823434192499
139,0,1103.0,193.0,60,True,-1.2881814738720785,-1.2881814738720785,-2.576362947744157
139,1,1123.0,144.0,59,True,-1.129249159506911,-1.129249159506911,-2.258498319013822
139,2,1116.8333333333335,333.0,62,True,-1.7820437990287634,-1.7820437990287634,-3.564087598057527
139,3,1123.0,235.0,60,True,-1.4452213817291333,-1.4452213817291333,-2.8904427634582666
140,0,1048.0,151.0,59,True,-1.1115300605985143,-1.1115300605985143,-2.2230601211970287
140,1,1062.3333333333335,144.0,59,True,-1.0952558834516248,-1.0952558834516248,-2.1905117669032497
140,2,1339.8333333333335,281.0,61,True,-1.7264415494126926,-1.7264415494126926,-3.452883098825385
140,3,1123.0,144.0,59,True,-1.129249159506911,-1.129249159506911,-2.258498319013822
141,0,1097.0,102.0,58,True,-0.9688472792927405,-0.9688472792927405,-1.937694558585481
141,1,1081.0,144.0,59,True,-1.1057153530070976,-1.1057153530070976,-2.211430706014195
141,2,1053.3333333333335,102.0,58,True,-0.9443795915826173,-0.9443795915826173,-1.8887591831652346
141,3,1031.0,102.0,58,True,-0.9318655833644627,-0.9318655833644627,-1.8637311667289254
142,0,1097.0,151.0,59,True,-1.1389861681816296,-1.1389861681816296,-2.277972336363259
142,1,1048.0,102.0,58,True,-0.9413911717096254,-0.9413911717096254,-1.8827823434192508
142,2,1095.3333333333335,144.0,59,True,-1.1137467314157639,-1.1137467314157639,-2.2274934628315277
142,3,1163.0,193.0,60,True,-1.3218011974432409,-1.3218011974432409,-2.6436023948864817
143,0,986.3333333333334,102.0,58,True,-0.9068375669281532,-0.9068375669281532,-1.8136751338563064
143,1,1048.0,102.0,58,True,-0.9413911717096252,-0.9413911717096252,-1.8827823434192503
143,2,1008.0,102.0,58,True,-0.918978022662184,-0.918978022662184,-1.837956045324368
143,3,1060.0,151.0,59,True,-1.1182540053127463,-1.1182540053127463,-2.2365080106254926
144,0,1048.0,102.0,58,True,-0.941391171709625,-0.941391171709625,-1.88278234341925
144,1,1280.8333333333335,148.0,59,True,-1.2315765990121614,-1.2315765990121614,-2.463153198024323
144,2,1008.0,102.0,58,True,-0.9189780226621842,-0.9189780226621842,-1.8379560453243684
144,3,1274.8333333333335,200.0,60,True,-1.4087701822106011,-1.4087701822106011,-2.8175403644212023
145,0,1015.0,102.0,58,True,-0.922900323745486,-0.922900323745486,-1.845800647490972
145,1,1048.0,151.0,59,True,-1.1115300605985141,-1.1115300605985141,-2.2230601211970282
145,2,1015.0,102.0,58,True,-0.9229003237454863,-0.9229003237454863,-1.8458006474909725
145,3,986.3333333333334,102.0,58,True,-0.9068375669281532,-0.9068375669281532,-1.8136751338563064
146,0,1048.0,102.0,58,True,-0.9413911717096252,-0.9413911717096252,-1.8827823434192503
146,1,1008.0,102.0,58,True,-0.9189780226621841,-0.9189780226621841,-1.8379560453243682
146,2,1041.0,102.0,58,True,-0.9374688706263227,-0.9374688706263227,-1.8749377412526453
146,3,1015.0,102.0,58,True,-0.9229003237454863,-0.9229003237454863,-1.8458006474909725
147,0,1165.0,249.0,61,True,-1.5173662993400578,-1.5173662993400578,-3.0347325986801157
147,1,1015.0,102.0,58,True,-0.9229003237454861,-0.9229003237454861,-1.8458006474909723
147,2,1057.0,151.0,59,True,-1.1165730191341883,-1.1165730191341883,-2.2331460382683765
147,3,1015.0,151.0,59,True,-1.093039212634375,-1.093039212634375,-2.18607842526875
148,0,1060.0,151.0,59,True,-1.1182540053127463,-1.1182540053127463,-2.2365080106254926
148,1,1060.0,151.0,59,True,-1.1182540053127468,-1.1182540053127468,-2.2365080106254935
148,2,1033.0,151.0,59,True,-1.1031251297057236,-1.1031251297057236,-2.2062502594114473
148,3,1048.0,151.0,59,True,-1.1115300605985143,-1.1115300605985143,-2.2230601211970287
149,0,982.0,102.0,58,True,-0.9044094757813471,-0.9044094757813471,-1.8088189515626942
149,1,1015.0,102.0,58,True,-0.922900323745486,-0.922900323745486,-1.845800647490972
149,2,1024.0,151.0,59,True,-1.0980821711700497,-1.0980821711700497,-2.1961643423400994
149,3,982.0,102.0,58,True,-0.9044094757813472,-0.9044094757813472,-1.8088189515626945
150,0,998.0,102.0,58,True,-0.9133747354003237,-0.9133747354003237,-1.8267494708006473
150,1,986.3333333333334,102.0,58,True,-0.9068375669281539,-0.9068375669281539,-1.8136751338563077
150,2,998.0,102.0,58,True,-0.9133747354003237,-0.9133747354003237,-1.8267494708006473
150,3,998.0,102.0,58,True,-0.9133747354003239,-0.9133747354003239,-1.8267494708006478
151,0,1015.0,144.0,59,True,-1.0687336570788193,-1.0687336570788193,-2.1374673141576386
151,1,1015.0,102.0,58,True,-0.922900323745486,-0.922900323745486,-1.845800647490972
151,2,1015.0,144.0,59,True,-1.0687336570788193,-1.0687336570788193,-2.1374673141576386
151,3,1048.0,144.0,59,True,-1.087224505042958,-1.087224505042958,-2.174449010085916
152,0,1081.0,144.0,59,True,-1.1057153530070973,-1.1057153530070973,-2.2114307060141947
152,1,1015.0,102.0,58,True,-0.9229003237454859,-0.9229003237454859,-1.8458006474909718
152,2,1111.0,193.0,60,True,-1.292664103681567,-1.292664103681567,-2.585328207363134
152,3,1074.0,193.0,60,True,-1.2719319408126837,-1.2719319408126837,-2.5438638816253674
153,0,985.0,151.0,59,True,-1.076229350848794,-1.076229350848794,-2.152458701697588
153,1,1066.0,148.0,59,True,-1.111199311003196,-1.111199311003196,-2.222398622006392
153,2,1015.0,151.0,59,True,-1.093039212634375,-1.093039212634375,-2.18607842526875
153,3,1015.0,193.0,60,True,-1.2388725459677083,-1.2388725459677083,-2.4777450919354167
154,0,982.0,102.0,58,True,-0.9044094757813473,-0.9044094757813473,-1.8088189515626947
154,1,1018.0,151.0,59,True,-1.0947201988129331,-1.0947201988129331,-2.1894403976258663
154,2,1039.0,151.0,59,True,-1.1064871020628397,-1.1064871020628397,-2.2129742041256795
154,3,1077.0,151.0,59,True,-1.1277795936579091,-1.1277795936579091,-2.2555591873158183
155,0,1309.8333333333335,148.0,59,True,-1.2478261320715567,-1.2478261320715567,-2.4956522641431134
155,1,1015.0,102.0,58,True,-0.922900323745486,-0.922900323745486,-1.845800647490972
155,2,1081.0,193.0,59,True,-1.2758542418959864,-1.2758542418959864,-2.551708483791973
155,3,1054.0,151.0,59,True,-1.1148920329556302,-1.1148920329556302,-2.2297840659112604
156,0,1015.0,151.0,59,True,-1.093039212634375,-1.093039212634375,-2.18607842526875
156,1,1060.0,151.0,59,True,-1.1182540053127463,-1.1182540053127463,-2.2365080106254926
156,2,966.0,102.0,58,True,-0.8954442161623711,-0.8954442161623711,-1.7908884323247423
156,3,982.0,102.0,58,True,-0.9044094757813471,-0.9044094757813471,-1.8088189515626942
157,0,1015.0,102.0,58,True,-0.9229003237454863,-0.9229003237454863,-1.8458006474909725
157,1,1048.0,102.0,58,True,-0.9413911717096249,-0.9413911717096249,-1.8827823434192499
157,2,1041.0,102.0,58,True,-0.9374688706263229,-0.9374688706263229,-1.8749377412526458
157,3,1097.0,151.0,59,True,-1.1389861681816291,-1.1389861681816291,-2.2779723363632582
158,0,1060.0,151.0,59,True,-1.1182540053127463,-1.1182540053127463,-2.2365080106254926
158,1,1041.0,235.0,60,True,-1.3992744261818786,-1.3992744261818786,-2.798548852363757
158,2,1015.0,102.0,58,True,-0.922900323745486,-0.922900323745486,-1.845800647490972
158,3,1015.0,102.0,58,True,-0.922900323745486,-0.922900323745486,-1.845800647490972
159,0,1048.0,151.0,59,True,-1.111530060598514,-1.111530060598514,-2.223060121197028
159,1,982.0,102.0,58,True,-0.9044094757813469,-0.9044094757813469,-1.8088189515626938
159,2,1015.0,102.0,58,True,-0.9229003237454859,-0.9229003237454859,-1.8458006474909718
159,3,1060.0,151.0,59,True,-1.1182540053127463,-1.1182540053127463,-2.2365080106254926
160,0,1076.0,151.0,59,True,-1.1272192649317228,-1.1272192649317228,-2.2544385298634455
160,1,1048.0,144.0,59,True,-1.0872245050429583,-1.0872245050429583,-2.1744490100859166
160,2,1015.0,102.0,58,True,-0.9229003237454861,-0.9229003237454861,-1.8458006474909723
160,3,1114.0,193.0,60,True,-1.2943450898601254,-1.2943450898601254,-2.588690179720251
161,0,1037.3333333333333,193.0,60,True,-1.2513865541858629,-1.2513865541858629,-2.5027731083717257
161,1,1085.0,151.0,59,True,-1.132262223467397,-1.132262223467397,-2.264524446934794
161,2,991.0,102.0,58,True,-0.9094524343170215,-0.9094524343170215,-1.818904868634043
161,3,1065.0,151.0,59,True,-1.1210556489436765,-1.1210556489436765,-2.242111297887353
162,0,1015.0,151.0,59,True,-1.093039212634375,-1.093039212634375,-2.18607842526875
162,1,1060.0,151.0,59,True,-1.1182540053127465,-1.1182540053127465,-2.236508010625493
162,2,1050.0,151.0,59,True,-1.1126507180508862,-1.1126507180508862,-2.2253014361017724
162,3,1060.0,151.0,59,True,-1.1182540053127463,-1.1182540053127463,-2.2365080106254926
163,0,1031.0,151.0,59,True,-1.1020044722533517,-1.1020044722533517,-2.2040089445067035
163,1,1021.0,151.0,59,True,-1.0964011849914914,-1.0964011849914914,-2.192802369982983
163,2,982.0,151.0,59,True,-1.0745483646702363,-1.0745483646702363,-2.1490967293404726
163,3,1015.0,102.0,58,True,-0.9229003237454863,-0.9229003237454863,-1.8458006474909725
164,0,1087.0,193.0,60,True,-1.2792162142531025,-1.2792162142531025,-2.558432428506205
164,1,1015.0,151.0,59,True,-1.093039212634375,-1.093039212634375,-2.18607842526875
164,2,1048.0,151.0,59,True,-1.1115300605985143,-1.1115300605985143,-2.2230601211970287
164,3,1048.0,193.0,60,True,-1.2573633939318476,-1.2573633939318476,-2.514726787863695
165,0,1056.0,151.0,59,True,-1.1160126904080026,-1.1160126904080026,-2.232025380816005
165,1,1048.0,151.0,59,True,-1.1115300605985141,-1.1115300605985141,-2.2230601211970282
165,2,1018.0,151.0,59,True,-1.0947201988129331,-1.0947201988129331,-2.1894403976258663
165,3,1057.0,151.0,59,True,-1.1165730191341883,-1.1165730191341883,-2.2331460382683765
166,0,1089.0,151.0,59,True,-1.1345035383721411,-1.1345035383721411,-2.2690070767442823
166,1,1064.0,151.0,59,True,-1.1204953202174905,-1.1204953202174905,-2.240990640434981
166,2,1021.0,151.0,59,True,-1.0964011849914912,-1.0964011849914912,-2.1928023699829824
166,3,1057.0,151.0,59,True,-1.1165730191341883,-1.1165730191341883,-2.2331460382683765
167,0,1056.0,151.0,59,True,-1.116012690408003,-1.116012690408003,-2.232025380816006
167,1,1087.0,151.0,59,True,-1.1333828809197692,-1.1333828809197692,-2.2667657618395385
167,2,1015.0,151.0,59,True,-1.0930392126343753,-1.0930392126343753,-2.1860784252687506
167,3,1064.0,151.0,59,True,-1.120495320217491,-1.120495320217491,-2.240990640434982
168,0,1083.0,193.0,60,True,-1.2769748993483583,-1.2769748993483583,-2.5539497986967166
168,1,1048.0,144.0,59,True,-1.0872245050429585,-1.0872245050429585,-2.174449010085917
168,2,1196.0,235.0,61,True,-1.4861253787407134,-1.4861253787407134,-2.9722507574814268
168,3,1048.0,193.0,60,True,-1.2573633939318474,-1.2573633939318474,-2.5147267878636947
169,0,1132.0,200.0,60,True,-1.3287365624870295,-1.3287365624870295,-2.657473124974059
169,1,1048.0,144.0,59,True,-1.0872245050429585,-1.0872245050429585,-2.174449010085917
169,2,1015.0,102.0,58,True,-0.9229003237454861,-0.9229003237454861,-1.8458006474909723
169,3,986.3333333333334,144.0,59,True,-1.052670900261487,-1.052670900261487,-2.105341800522974
170,0,1048.0,151.0,59,True,-1.1115300605985146,-1.1115300605985146,-2.223060121197029
170,1,1048.0,151.0,59,True,-1.1115300605985143,-1.1115300605985143,-2.2230601211970287
170,2,1036.0,151.0,59,True,-1.1048061158842817,-1.1048061158842817,-2.2096122317685634
170,3,1028.3333333333335,144.0,59,True,-1.0762047067612996,-1.0762047067612996,-2.1524094135225993
171,0,1015.0,102.0,58,True,-0.9229003237454863,-0.9229003237454863,-1.8458006474909725
171,1,1060.0,151.0,59,True,-1.1182540053127463,-1.1182540053127463,-2.2365080106254926
171,2,982.0,102.0,58,True,-0.9044094757813472,-0.9044094757813472,-1.8088189515626945
171,3,1031.0,151.0,59,True,-1.1020044722533517,-1.1020044722533517,-2.2040089445067035
172,0,1050.0,151.0,59,True,-1.112650718050886,-1.112650718050886,-2.225301436101772
172,1,982.0,144.0,59,True,-1.0502428091146807,-1.0502428091146807,-2.1004856182293614
172,2,1069.0,193.0,59,True,-1.269130297181754,-1.269130297181754,-2.538260594363508
172,3,1028.3333333333335,144.0,59,True,-1.0762047067612999,-1.0762047067612999,-2.1524094135225997
173,0,1090.0,197.0,60,True,-1.2947860893205494,-1.2947860893205494,-2.589572178641099
173,1,1070.0,193.0,60,True,-1.2696906259079401,-1.2696906259079401,-2.5393812518158803
173,2,1015.0,102.0,58,True,-0.9229003237454863,-0.9229003237454863,-1.8458006474909725
173,3,1394.8333333333335,242.0,61,True,-1.621842962686258,-1.621842962686258,-3.243685925372516
174,0,1064.0,151.0,59,True,-1.1204953202174908,-1.1204953202174908,-2.2409906404349815
174,1,1041.0,102.0,58,True,-0.9374688706263228,-0.9374688706263228,-1.8749377412526456
174,2,1082.0,151.0,59,True,-1.130581237288839,-1.130581237288839,-2.261162474577678
174,3,992.0,102.0,58,True,-0.9100127630432077,-0.9100127630432077,-1.8200255260864153
175,0,1129.3333333333335,144.0,59,True,-1.1327979081060895,-1.1327979081060895,-2.265595816212179
175,1,1053.3333333333335,102.0,58,True,-0.9443795915826174,-0.9443795915826174,-1.8887591831652348
175,2,1062.3333333333335,102.0,58,True,-0.9494225501182914,-0.9494225501182914,-1.8988451002365827
175,3,1083.0,151.0,59,True,-1.131141566015025,-1.131141566015025,-2.26228313203005
176,0,949.0,102.0,58,True,-0.8859186278172083,-0.8859186278172083,-1.7718372556344166
176,1,991.0,151.0,59,True,-1.0795913232059104,-1.0795913232059104,-2.159182646411821
176,2,1003.3333333333334,102.0,58,True,-0.9163631552733157,-0.9163631552733157,-1.8327263105466314
176,3,1036.0,151.0,59,True,-1.1048061158842817,-1.1048061158842817,-2.2096122317685634
177,0,1049.0,151.0,59,True,-1.1120903893246998,-1.1120903893246998,-2.2241807786493997
177,1,1045.0,193.0,60,True,-1.255682407753289,-1.255682407753289,-2.511364815506578
177,2,1097.0,193.0,60,True,-1.2848195015149628,-1.2848195015149628,-2.5696390030299257
177,3,1052.0,193.0,60,True,-1.2596047088365914,-1.2596047088365914,-2.5192094176731827
178,0,1024.0,144.0,59,True,-1.0737766156144937,-1.0737766156144937,-2.1475532312289873
178,1,1024.0,144.0,59,True,-1.0737766156144937,-1.0737766156144937,-2.1475532312289873
178,2,1081.0,193.0,60,True,-1.2758542418959866,-1.2758542418959866,-2.5517084837919732
178,3,1057.0,144.0,59,True,-1.0922674635786327,-1.0922674635786327,-2.1845349271572654
179,0,1021.3333333333334,144.0,59,True,-1.0722824056779978,-1.0722824056779978,-2.1445648113559956
179,1,1029.3333333333335,144.0,59,True,-1.076765035487486,-1.076765035487486,-2.153530070974972
179,2,1036.0,193.0,60,True,-1.250639449217615,-1.250639449217615,-2.50127889843523
179,3,1037.3333333333335,102.0,58,True,-0.935414331963641,-0.935414331963641,-1.870828663927282
180,0,1045.3333333333335,144.0,59,True,-1.0857302951064625,-1.0857302951064625,-2.171460590212925
180,1,1040.0,151.0,59,True,-1.107047430789026,-1.107047430789026,-2.214094861578052
180,2,1057.0,193.0,60,True,-1.2624063524675215,-1.2624063524675215,-2.524812704935043
180,3,999.0,144.0,59,True,-1.059768397459843,-1.059768397459843,-2.119536794919686
181,0,1062.3333333333335,144.0,59,True,-1.0952558834516246,-1.0952558834516246,-2.1905117669032492
181,1,1011.3333333333333,144.0,59,True,-1.066679118416138,-1.066679118416138,-2.133358236832276
181,2,1083.0,144.0,59,True,-1.1068360104594692,-1.1068360104594692,-2.2136720209189384
181,3,1012.3333333333334,144.0,59,True,-1.0672394471423239,-1.0672394471423239,-2.1344788942846478
182,0,1037.3333333333335,102.0,58,True,-0.9354143319636411,-0.9354143319636411,-1.8708286639272822
182,1,944.3333333333334,102.0,58,True,-0.88330376042834,-0.88330376042834,-1.76660752085668
182,2,962.3333333333334,102.0,58,True,-0.8933896774996887,-0.8933896774996887,-1.7867793549993773
182,3,986.3333333333334,102.0,58,True,-0.9068375669281534,-0.9068375669281534,-1.8136751338563069
183,0,1079.3333333333335,102.0,58,True,-0.9589481384634544,-0.9589481384634544,-1.9178962769269088
183,1,961.3333333333334,102.0,58,True,-0.8928293487735025,-0.8928293487735025,-1.785658697547005
183,2,1105.3333333333335,144.0,59,True,-1.1193500186776248,-1.1193500186776248,-2.2387000373552497
183,3,986.3333333333334,102.0,58,True,-0.9068375669281531,-0.9068375669281531,-1.8136751338563062
184,0,1003.3333333333334,102.0,58,True,-0.9163631552733158,-0.9163631552733158,-1.8327263105466316
184,1,998.0,102.0,58,True,-0.9133747354003233,-0.9133747354003233,-1.8267494708006466
184,2,1064.0,102.0,58,True,-0.9503564313286018,-0.9503564313286018,-1.9007128626572036
184,3,1003.3333333333334,144.0,59,True,-1.0621964886066493,-1.0621964886066493,-2.1243929772132986
185,0,1054.3333333333335,102.0,58,True,-0.944939920308803,-0.944939920308803,-1.889879840617606
185,1,1062.3333333333335,102.0,58,True,-0.9494225501182918,-0.9494225501182918,-1.8988451002365836
185,2,998.0,102.0,58,True,-0.9133747354003237,-0.9133747354003237,-1.8267494708006473
185,3,1079.3333333333335,102.0,58,True,-0.9589481384634542,-0.9589481384634542,-1.9178962769269083
186,0,949.0,102.0,58,True,-0.8859186278172084,-0.8859186278172084,-1.7718372556344169
186,1,986.3333333333334,102.0,58,True,-0.9068375669281531,-0.9068375669281531,-1.8136751338563062
186,2,949.0,102.0,58,True,-0.8859186278172082,-0.8859186278172082,-1.7718372556344164
186,3,1317.8333333333335,148.0,59,True,-1.252308761881045,-1.252308761881045,-2.50461752376209
187,0,944.3333333333334,102.0,58,True,-0.8833037604283401,-0.8833037604283401,-1.7666075208566803
187,1,916.0,102.0,58,True,-0.8674277798530695,-0.8674277798530695,-1.734855559706139
187,2,1036.0,151.0,59,True,-1.104806115884282,-1.104806115884282,-2.209612231768564
187,3,953.3333333333334,102.0,58,True,-0.8883467189640142,-0.8883467189640142,-1.7766934379280284
188,0,1054.3333333333335,102.0,58,True,-0.9449399203088032,-0.9449399203088032,-1.8898798406176065
188,1,944.3333333333334,102.0,58,True,-0.88330376042834,-0.88330376042834,-1.76660752085668
188,2,944.3333333333334,102.0,58,True,-0.8833037604283399,-0.8833037604283399,-1.7666075208566798
188,3,1015.0,151.0,59,True,-1.0930392126343749,-1.0930392126343749,-2.1860784252687497
189,0,998.0,102.0,58,True,-0.9133747354003237,-0.9133747354003237,-1.8267494708006473
189,1,949.0,102.0,58,True,-0.8859186278172084,-0.8859186278172084,-1.7718372556344169
189,2,1011.3333333333334,102.0,58,True,-0.920845785082804,-0.920845785082804,-1.841691570165608
189,3,949.0,102.0,58,True,-0.8859186278172082,-0.8859186278172082,-1.7718372556344164
190,0,949.0,102.0,58,True,-0.8859186278172084,-0.8859186278172084,-1.7718372556344169
190,1,949.0,102.0,58,True,-0.8859186278172086,-0.8859186278172086,-1.7718372556344173
190,2,944.3333333333334,102.0,58,True,-0.8833037604283401,-0.8833037604283401,-1.7666075208566803
190,3,982.0,102.0,58,True,-0.9044094757813471,-0.9044094757813471,-1.8088189515626942
191,0,1037.3333333333335,102.0,58,True,-0.9354143319636409,-0.9354143319636409,-1.8708286639272818
191,1,1046.3333333333335,102.0,58,True,-0.940457290499315,-0.940457290499315,-1.88091458099863
191,2,953.3333333333334,102.0,58,True,-0.8883467189640144,-0.8883467189640144,-1.7766934379280288
191,3,1028.3333333333335,144.0,59,True,-1.0762047067613,-1.0762047067613,-2.1524094135226
192,0,1105.3333333333335,235.0,60,True,-1.4353222408998465,-1.4353222408998465,-2.870644481799693
192,1,1004.3333333333334,102.0,58,True,-0.916923483999502,-0.916923483999502,-1.833846967999004
192,2,1037.3333333333335,102.0,58,True,-0.9354143319636409,-0.9354143319636409,-1.8708286639272818
192,3,944.3333333333334,102.0,58,True,-0.8833037604283401,-0.8833037604283401,-1.7666075208566803
193,0,949.0,102.0,58,True,-0.8859186278172084,-0.8859186278172084,-1.7718372556344169
193,1,944.3333333333334,102.0,58,True,-0.88330376042834,-0.88330376042834,-1.76660752085668
193,2,1015.0,102.0,58,True,-0.9229003237454861,-0.9229003237454861,-1.8458006474909723
193,3,998.0,102.0,58,True,-0.9133747354003232,-0.9133747354003232,-1.8267494708006464
194,0,1048.0,102.0,58,True,-0.941391171709625,-0.941391171709625,-1.88278234341925
194,1,1015.0,102.0,58,True,-0.9229003237454861,-0.9229003237454861,-1.8458006474909723
194,2,998.0,102.0,58,True,-0.9133747354003237,-0.9133747354003237,-1.8267494708006473
194,3,1023.0,151.0,59,True,-1.0975218424438637,-1.0975218424438637,-2.1950436848877275
195,0,944.3333333333334,102.0,58,True,-0.88330376042834,-0.88330376042834,-1.76660752085668
195,1,944.3333333333334,102.0,58,True,-0.8833037604283402,-0.8833037604283402,-1.7666075208566805
195,2,986.3333333333334,102.0,58,True,-0.9068375669281531,-0.9068375669281531,-1.8136751338563062
195,3,998.0,151.0,59,True,-1.0835136242892125,-1.0835136242892125,-2.167027248578425
196,0,1015.0,102.0,58,True,-0.9229003237454863,-0.9229003237454863,-1.8458006474909725
196,1,949.0,102.0,58,True,-0.8859186278172083,-0.8859186278172083,-1.7718372556344166
196,2,916.0,102.0,58,True,-0.8674277798530693,-0.8674277798530693,-1.7348555597061386
196,3,1064.0,151.0,59,True,-1.1204953202174905,-1.1204953202174905,-2.240990640434981
197,0,949.0,102.0,58,True,-0.8859186278172083,-0.8859186278172083,-1.7718372556344166
197,1,949.0,102.0,58,True,-0.8859186278172084,-0.8859186278172084,-1.7718372556344169
197,2,1031.0,102.0,58,True,-0.9318655833644627,-0.9318655833644627,-1.8637311667289254
197,3,1138.3333333333335,102.0,58,True,-0.9920075333084297,-0.9920075333084297,-1.9840150666168594
198,0,1059.3333333333335,102.0,58,True,-0.9477415639397335,-0.9477415639397335,-1.895483127879467
198,1,986.3333333333334,102.0,58,True,-0.9068375669281531,-0.9068375669281531,-1.8136751338563062
198,2,982.0,102.0,58,True,-0.9044094757813471,-0.9044094757813471,-1.8088189515626942
198,3,944.3333333333334,102.0,58,True,-0.8833037604283401,-0.8833037604283401,-1.7666075208566803
199,0,1028.3333333333335,102.0,58,True,-0.9303713734279666,-0.9303713734279666,-1.8607427468559332
199,1,1003.3333333333334,102.0,58,True,-0.916363155273316,-0.916363155273316,-1.832726310546632
199,2,1062.3333333333335,102.0,58,True,-0.9494225501182915,-0.9494225501182915,-1.898845100236583
199,3,994.3333333333334,102.0,58,True,-0.9113201967376418,-0.9113201967376418,-1.8226403934752835
200,0,982.0,102.0,58,True,-0.9044094757813471,-0.9044094757813471,-1.8088189515626942
200,1,1008.0,151.0,59,True,-1.0891169115510726,-1.0891169115510726,-2.178233823102145
200,2,986.3333333333334,102.0,58,True,-0.9068375669281533,-0.9068375669281533,-1.8136751338563066
200,3,1045.3333333333335,144.0,59,True,-1.085730295106463,-1.085730295106463,-2.171460590212926
201,0,1014.8333333333333,148.0,59,True,-1.0825291578466771,-1.0825291578466771,-2.1650583156933543
201,1,1003.3333333333334,102.0,58,True,-0.9163631552733157,-0.9163631552733157,-1.8327263105466314
201,2,1099.8333333333333,148.0,59,True,-1.1301570995724899,-1.1301570995724899,-2.2603141991449798
201,3,944.3333333333334,102.0,58,True,-0.88330376042834,-0.88330376042834,-1.76660752085668
202,0,953.3333333333334,102.0,58,True,-0.8883467189640145,-0.8883467189640145,-1.776693437928029
202,1,1008.0,102.0,58,True,-0.9189780226621841,-0.9189780226621841,-1.8379560453243682
202,2,991.0,102.0,58,True,-0.9094524343170214,-0.9094524343170214,-1.8189048686340428
202,3,1024.0,193.0,60,True,-1.2439155045033827,-1.2439155045033827,-2.4878310090067655
203,0,1003.3333333333334,102.0,58,True,-0.9163631552733157,-0.9163631552733157,-1.8327263105466314
203,1,968.0,102.0,58,True,-0.8965648736147426,-0.8965648736147426,-1.7931297472294851
203,2,1045.3333333333335,102.0,58,True,-0.9398969617731291,-0.9398969617731291,-1.8797939235462582
203,3,1060.0,144.0,59,True,-1.0939484497571907,-1.0939484497571907,-2.1878968995143815
204,0,1020.0,151.0,59,True,-1.0958408562653053,-1.0958408562653053,-2.1916817125306105
204,1,986.3333333333334,102.0,58,True,-0.9068375669281535,-0.9068375669281535,-1.813675133856307
204,2,1069.0,193.0,60,True,-1.269130297181754,-1.269130297181754,-2.538260594363508
204,3,986.3333333333334,102.0,58,True,-0.9068375669281533,-0.9068375669281533,-1.8136751338563066
205,0,995.3333333333334,102.0,58,True,-0.9118805254638279,-0.9118805254638279,-1.8237610509276558
205,1,1044.0,151.0,59,True,-1.1092887456937697,-1.1092887456937697,-2.2185774913875393
205,2,1062.3333333333335,102.0,58,True,-0.9494225501182917,-0.9494225501182917,-1.8988451002365834
205,3,1076.0,151.0,59,True,-1.127219264931723,-1.127219264931723,-2.254438529863446
206,0,1050.0,151.0,59,True,-1.1126507180508862,-1.1126507180508862,-2.2253014361017724
206,1,1032.0,151.0,59,True,-1.1025648009795377,-1.1025648009795377,-2.2051296019590754
206,2,1023.0,151.0,59,True,-1.0975218424438635,-1.0975218424438635,-2.195043684887727
206,3,1068.3333333333335,102.0,58,True,-0.9527845224754077,-0.9527845224754077,-1.9055690449508154
207,0,1034.0,102.0,58,True,-0.9335465695430211,-0.9335465695430211,-1.8670931390860421
207,1,1024.0,102.0,58,True,-0.9279432822811604,-0.9279432822811604,-1.8558865645623208
207,2,1069.0,151.0,59,True,-1.1232969638484205,-1.1232969638484205,-2.246593927696841
207,3,1024.0,102.0,58,True,-0.9279432822811606,-0.9279432822811606,-1.8558865645623213
208,0,986.3333333333334,102.0,58,True,-0.9068375669281533,-0.9068375669281533,-1.8136751338563066
208,1,1045.3333333333335,102.0,58,True,-0.9398969617731292,-0.9398969617731292,-1.8797939235462584
208,2,1086.0,151.0,59,True,-1.132822552193583,-1.132822552193583,-2.265645104387166
208,3,1015.0,102.0,58,True,-0.922900323745486,-0.922900323745486,-1.845800647490972
209,0,1040.0,151.0,59,True,-1.1070474307890263,-1.1070474307890263,-2.2140948615780527
209,1,1019.0,193.0,60,True,-1.2411138608724528,-1.2411138608724528,-2.4822277217449056
209,2,991.0,151.0,59,True,-1.0795913232059107,-1.0795913232059107,-2.1591826464118213
209,3,1031.0,148.0,59,True,-1.091587805586685,-1.091587805586685,-2.18317561117337
210,0,1008.0,102.0,58,True,-0.9189780226621841,-0.9189780226621841,-1.8379560453243682
210,1,998.0,151.0,59,True,-1.0835136242892125,-1.0835136242892125,-2.167027248578425
210,2,1068.0,193.0,59,True,-1.268569968455568,-1.268569968455568,-2.537139936911136
210,3,1057.0,151.0,59,True,-1.116573019134189,-1.116573019134189,-2.233146038268378
211,0,1068.3333333333335,102.0,58,True,-0.9527845224754079,-0.9527845224754079,-1.9055690449508158
211,1,986.3333333333334,102.0,58,True,-0.9068375669281534,-0.9068375669281534,-1.8136751338563069
211,2,986.3333333333334,102.0,58,True,-0.9068375669281538,-0.9068375669281538,-1.8136751338563075
211,3,1003.3333333333334,102.0,58,True,-0.9163631552733157,-0.9163631552733157,-1.8327263105466314
212,0,998.0,102.0,58,True,-0.9133747354003235,-0.9133747354003235,-1.826749470800647
212,1,986.3333333333334,102.0,58,True,-0.9068375669281533,-0.9068375669281533,-1.8136751338563066
212,2,953.3333333333334,102.0,58,True,-0.8883467189640143,-0.8883467189640143,-1.7766934379280286
212,3,1014.0,151.0,59,True,-1.0924788839081898,-1.0924788839081898,-2.1849577678163796
213,0,998.0,102.0,58,True,-0.9133747354003235,-0.9133747354003235,-1.826749470800647
213,1,1024.0,151.0,59,True,-1.09808217117005,-1.09808217117005,-2.1961643423401
213,2,1023.0,151.0,59,True,-1.0975218424438633,-1.0975218424438633,-2.1950436848877266
213,3,1023.0,151.0,59,True,-1.0975218424438635,-1.0975218424438635,-2.195043684887727
214,0,998.0,151.0,59,True,-1.0835136242892127,-1.0835136242892127,-2.1670272485784254
214,1,975.0,102.0,58,True,-0.9004871746980455,-0.9004871746980455,-1.800974349396091
214,2,975.0,151.0,59,True,-1.0706260635869345,-1.0706260635869345,-2.141252127173869
214,3,1138.0,200.0,60,True,-1.332098534844146,-1.332098534844146,-2.664197069688292
215,0,998.0,151.0,59,True,-1.0835136242892125,-1.0835136242892125,-2.167027248578425
215,1,994.3333333333334,102.0,58,True,-0.9113201967376418,-0.9113201967376418,-1.8226403934752835
215,2,998.0,102.0,58,True,-0.9133747354003235,-0.9133747354003235,-1.826749470800647
215,3,1024.0,102.0,58,True,-0.9279432822811604,-0.9279432822811604,-1.8558865645623208
216,0,980.3333333333333,144.0,59,True,-1.0493089279043704,-1.0493089279043704,-2.0986178558087407
216,1,1024.0,151.0,59,True,-1.0980821711700492,-1.0980821711700492,-2.1961643423400985
216,2,982.0,102.0,58,True,-0.9044094757813479,-0.9044094757813479,-1.8088189515626958
216,3,986.3333333333334,144.0,59,True,-1.0526709002614867,-1.0526709002614867,-2.1053418005229734
217,0,977.3333333333334,102.0,58,True,-0.901794608392479,-0.901794608392479,-1.803589216784958
217,1,1077.0,193.0,60,True,-1.2736129269912422,-1.2736129269912422,-2.5472258539824844
217,2,1057.0,193.0,60,True,-1.2624063524675218,-1.2624063524675218,-2.5248127049350435
217,3,1057.0,151.0,59,True,-1.1165730191341883,-1.1165730191341883,-2.2331460382683765
218,0,977.3333333333334,102.0,58,True,-0.9017946083924789,-0.9017946083924789,-1.8035892167849579
218,1,998.0,151.0,59,True,-1.0835136242892125,-1.0835136242892125,-2.167027248578425
218,2,1008.0,102.0,58,True,-0.9189780226621848,-0.9189780226621848,-1.8379560453243695
218,3,998.0,102.0,58,True,-0.9133747354003237,-0.9133747354003237,-1.8267494708006473
219,0,986.3333333333334,102.0,58,True,-0.9068375669281532,-0.9068375669281532,-1.8136751338563064
219,1,977.3333333333334,102.0,58,True,-0.901794608392479,-0.901794608392479,-1.803589216784958
219,2,998.0,144.0,58,True,-1.0592080687336571,-1.0592080687336571,-2.1184161374673143
219,3,982.0,151.0,59,True,-1.0745483646702363,-1.0745483646702363,-2.1490967293404726
220,0,1087.8333333333333,148.0,59,True,-1.1234331548582577,-1.1234331548582577,-2.2468663097165154
220,1,1095.8333333333335,200.0,60,True,-1.3084713402233015,-1.3084713402233015,-2.616942680446603
220,2,981.0,151.0,59,True,-1.0739880359440506,-1.0739880359440506,-2.147976071888101
220,3,1027.0,284.0,61,True,-1.5615687129041629,-1.5615687129041629,-3.1231374258083258
221,0,998.0,102.0,58,True,-0.9133747354003237,-0.9133747354003237,-1.8267494708006473
221,1,982.0,235.0,60,True,-1.3662150313369021,-1.3662150313369021,-2.7324300626738043
221,2,998.0,151.0,59,True,-1.0835136242892132,-1.0835136242892132,-2.1670272485784263
221,3,944.3333333333334,102.0,58,True,-0.8833037604283401,-0.8833037604283401,-1.7666075208566803
222,0,975.0,151.0,59,True,-1.0706260635869342,-1.0706260635869342,-2.1412521271738685
222,1,982.0,151.0,59,True,-1.0745483646702363,-1.0745483646702363,-2.1490967293404726
222,2,944.3333333333334,102.0,58,True,-0.8833037604283401,-0.8833037604283401,-1.7666075208566803
222,3,1036.3333333333335,102.0,58,True,-0.934854003237455,-0.934854003237455,-1.86970800647491
223,0,944.3333333333334,102.0,58,True,-0.8833037604283404,-0.8833037604283404,-1.7666075208566807
223,1,982.0,151.0,59,True,-1.0745483646702363,-1.0745483646702363,-2.1490967293404726
223,2,942.0,102.0,58,True,-0.8819963267339063,-0.8819963267339063,-1.7639926534678125
223,3,982.0,102.0,58,True,-0.9044094757813474,-0.9044094757813474,-1.808818951562695
224,0,944.3333333333334,102.0,58,True,-0.8833037604283401,-0.8833037604283401,-1.7666075208566803
224,1,1217.8333333333335,148.0,59,True,-1.196275889262442,-1.196275889262442,-2.392551778524884
224,2,975.0,151.0,59,True,-1.0706260635869342,-1.0706260635869342,-2.1412521271738685
224,3,986.3333333333334,102.0,58,True,-0.9068375669281533,-0.9068375669281533,-1.8136751338563066
225,0,902.3333333333334,102.0,58,True,-0.859769953928527,-0.859769953928527,-1.719539907857054
225,1,986.3333333333334,102.0,58,True,-0.9068375669281534,-0.9068375669281534,-1.8136751338563069
225,2,1031.0,193.0,59,True,-1.247837805586685,-1.247837805586685,-2.49567561117337
225,3,1061.8333333333335,200.0,60,True,-1.2894201635329767,-1.2894201635329767,-2.5788403270659535
226,0,902.3333333333334,102.0,58,True,-0.8597699539285271,-0.8597699539285271,-1.7195399078570541
226,1,984.3333333333334,102.0,58,True,-0.9057169094757815,-0.9057169094757815,-1.811433818951563
226,2,902.3333333333334,102.0,58,True,-0.8597699539285271,-0.8597699539285271,-1.7195399078570541
226,3,982.0,102.0,58,True,-0.9044094757813473,-0.9044094757813473,-1.8088189515626947
227,0,982.0,102.0,58,True,-0.9044094757813474,-0.9044094757813474,-1.808818951562695
227,1,900.0,102.0,58,True,-0.858462520234093,-0.858462520234093,-1.716925040468186
227,2,916.0,102.0,58,True,-0.8674277798530696,-0.8674277798530696,-1.7348555597061392
227,3,953.3333333333334,235.0,60,True,-1.3501522745195704,-1.3501522745195704,-2.700304549039141
228,0,944.3333333333334,102.0,58,True,-0.8833037604283401,-0.8833037604283401,-1.7666075208566803
228,1,982.0,102.0,58,True,-0.9044094757813472,-0.9044094757813472,-1.8088189515626945
228,2,982.0,151.0,59,True,-1.0745483646702363,-1.0745483646702363,-2.1490967293404726
228,3,944.3333333333334,102.0,58,True,-0.8833037604283401,-0.8833037604283401,-1.7666075208566803
229,0,902.3333333333334,102.0,58,True,-0.8597699539285275,-0.8597699539285275,-1.719539907857055
229,1,944.3333333333334,102.0,58,True,-0.88330376042834,-0.88330376042834,-1.76660752085668
229,2,902.3333333333334,102.0,58,True,-0.859769953928527,-0.859769953928527,-1.719539907857054
229,3,1064.0,144.0,59,True,-1.096189764661935,-1.096189764661935,-2.19237952932387
230,0,982.0,102.0,58,True,-0.904409475781347,-0.904409475781347,-1.808818951562694
230,1,982.0,102.0,58,True,-0.9044094757813471,-0.9044094757813471,-1.8088189515626942
230,2,946.8333333333333,148.0,59,True,-1.0444268044660272,-1.0444268044660272,-2.0888536089320544
230,3,902.3333333333334,102.0,58,True,-0.8597699539285271,-0.8597699539285271,-1.7195399078570541
231,0,982.0,102.0,58,True,-0.9044094757813474,-0.9044094757813474,-1.808818951562695
231,1,982.0,102.0,58,True,-0.9044094757813471,-0.9044094757813471,-1.8088189515626942
231,2,959.0,144.0,59,True,-1.0373552484124013,-1.0373552484124013,-2.0747104968248027
231,3,1015.0,144.0,59,True,-1.0687336570788195,-1.0687336570788195,-2.137467314157639
232,0,1015.0,144.0,59,True,-1.06873365707882,-1.06873365707882,-2.13746731415764
232,1,902.3333333333334,102.0,58,True,-0.8597699539285274,-0.8597699539285274,-1.7195399078570548
232,2,982.0,144.0,59,True,-1.0502428091146807,-1.0502428091146807,-2.1004856182293614
232,3,982.0,102.0,58,True,-0.9044094757813473,-0.9044094757813473,-1.8088189515626947
233,0,944.3333333333334,102.0,58,True,-0.8833037604283401,-0.8833037604283401,-1.7666075208566803
233,1,944.3333333333334,102.0,58,True,-0.8833037604283401,-0.8833037604283401,-1.7666075208566803
233,2,944.3333333333334,102.0,58,True,-0.88330376042834,-0.88330376042834,-1.76660752085668
233,3,900.0,102.0,58,True,-0.8584625202340931,-0.8584625202340931,-1.7169250404681862
234,0,916.0,102.0,58,True,-0.8674277798530696,-0.8674277798530696,-1.7348555597061392
234,1,982.0,102.0,58,True,-0.9044094757813473,-0.9044094757813473,-1.8088189515626947
234,2,982.0,102.0,58,True,-0.9044094757813472,-0.9044094757813472,-1.8088189515626945
234,3,902.3333333333334,102.0,58,True,-0.8597699539285272,-0.8597699539285272,-1.7195399078570544
235,0,982.0,144.0,59,True,-1.0502428091146807,-1.0502428091146807,-2.1004856182293614
235,1,1059.3333333333335,102.0,58,True,-0.9477415639397337,-0.9477415639397337,-1.8954831278794675
235,2,1059.3333333333335,102.0,58,True,-0.947741563939734,-0.947741563939734,-1.895483127879468
235,3,916.0,102.0,58,True,-0.8674277798530695,-0.8674277798530695,-1.734855559706139
236,0,900.0,102.0,58,True,-0.8584625202340932,-0.8584625202340932,-1.7169250404681864
236,1,902.3333333333334,102.0,58,True,-0.8597699539285271,-0.8597699539285271,-1.7195399078570541
236,2,982.0,151.0,59,True,-1.074548364670236,-1.074548364670236,-2.149096729340472
236,3,902.3333333333334,102.0,58,True,-0.8597699539285273,-0.8597699539285273,-1.7195399078570546
237,0,944.3333333333334,102.0,58,True,-0.8833037604283405,-0.8833037604283405,-1.766607520856681
237,1,944.3333333333334,102.0,58,True,-0.8833037604283404,-0.8833037604283404,-1.7666075208566807
237,2,1308.8333333333335,148.0,59,True,-1.2472658033453707,-1.2472658033453707,-2.4945316066907415
237,3,1062.8333333333335,200.0,60,True,-1.289980492259163,-1.289980492259163,-2.579960984518326
238,0,902.3333333333334,102.0,58,True,-0.859769953928527,-0.859769953928527,-1.719539907857054
238,1,900.0,102.0,58,True,-0.858462520234093,-0.858462520234093,-1.716925040468186
238,2,900.0,102.0,58,True,-0.8584625202340931,-0.8584625202340931,-1.7169250404681862
238,3,970.3333333333334,102.0,58,True,-0.8978723073091772,-0.8978723073091772,-1.7957446146183544
239,0,985.0,193.0,60,True,-1.2220626841821278,-1.2220626841821278,-2.4441253683642556
239,1,995.3333333333334,102.0,58,True,-0.9118805254638277,-0.9118805254638277,-1.8237610509276554
239,2,902.3333333333334,102.0,58,True,-0.8597699539285271,-0.8597699539285271,-1.7195399078570541
239,3,1017.3333333333334,102.0,58,True,-0.9242077574399202,-0.9242077574399202,-1.8484155148798405
240,0,902.3333333333334,102.0,58,True,-0.8597699539285272,-0.8597699539285272,-1.7195399078570544
240,1,900.0,102.0,58,True,-0.8584625202340931,-0.8584625202340931,-1.7169250404681862
240,2,902.3333333333334,102.0,58,True,-0.8597699539285272,-0.8597699539285272,-1.7195399078570544
240,3,900.0,102.0,58,True,-0.8584625202340929,-0.8584625202340929,-1.7169250404681857
241,0,902.3333333333334,102.0,58,True,-0.8597699539285268,-0.8597699539285268,-1.7195399078570537
241,1,982.0,102.0,58,True,-0.9044094757813471,-0.9044094757813471,-1.8088189515626942
241,2,944.3333333333334,102.0,58,True,-0.8833037604283401,-0.8833037604283401,-1.7666075208566803
241,3,902.3333333333334,102.0,58,True,-0.8597699539285268,-0.8597699539285268,-1.7195399078570537
242,0,944.3333333333334,102.0,58,True,-0.88330376042834,-0.88330376042834,-1.76660752085668
242,1,902.3333333333334,102.0,58,True,-0.859769953928527,-0.859769953928527,-1.719539907857054
242,2,902.3333333333334,102.0,58,True,-0.859769953928527,-0.859769953928527,-1.719539907857054
242,3,1068.3333333333335,102.0,58,True,-0.9527845224754078,-0.9527845224754078,-1.9055690449508156
243,0,944.3333333333334,102.0,58,True,-0.8833037604283402,-0.8833037604283402,-1.7666075208566805
243,1,975.0,102.0,58,True,-0.9004871746980451,-0.9004871746980451,-1.8009743493960901
243,2,982.0,102.0,58,True,-0.9044094757813472,-0.9044094757813472,-1.8088189515626945
243,3,944.3333333333334,102.0,58,True,-0.8833037604283401,-0.8833037604283401,-1.7666075208566803
244,0,982.0,102.0,58,True,-0.9044094757813471,-0.9044094757813471,-1.8088189515626942
244,1,944.3333333333334,102.0,58,True,-0.8833037604283402,-0.8833037604283402,-1.7666075208566805
244,2,1028.3333333333335,102.0,58,True,-0.9303713734279668,-0.9303713734279668,-1.8607427468559337
244,3,944.3333333333334,102.0,58,True,-0.8833037604283401,-0.8833037604283401,-1.7666075208566803
245,0,982.0,102.0,58,True,-0.9044094757813471,-0.9044094757813471,-1.8088189515626942
245,1,944.3333333333334,102.0,58,True,-0.8833037604283402,-0.8833037604283402,-1.7666075208566805
245,2,1097.8333333333333,200.0,60,True,-1.3095919976756738,-1.3095919976756738,-2.6191839953513476
245,3,1105.3333333333335,200.0,60,True,-1.3137944631220693,-1.3137944631220693,-2.6275889262441385
246,0,902.3333333333334,102.0,58,True,-0.8597699539285273,-0.8597699539285273,-1.7195399078570546
246,1,902.3333333333334,102.0,58,True,-0.859769953928527,-0.859769953928527,-1.719539907857054
246,2,900.0,102.0,58,True,-0.8584625202340929,-0.8584625202340929,-1.7169250404681857
246,3,902.3333333333334,102.0,58,True,-0.8597699539285273,-0.8597699539285273,-1.7195399078570546
247,0,916.0,102.0,58,True,-0.8674277798530696,-0.8674277798530696,-1.7348555597061392
247,1,900.0,102.0,58,True,-0.858462520234093,-0.858462520234093,-1.716925040468186
247,2,982.0,102.0,58,True,-0.9044094757813474,-0.9044094757813474,-1.808818951562695
247,3,916.0,102.0,58,True,-0.8674277798530696,-0.8674277798530696,-1.7348555597061392
248,0,900.0,102.0,58,True,-0.8584625202340929,-0.8584625202340929,-1.7169250404681857
248,1,902.3333333333334,102.0,58,True,-0.8597699539285268,-0.8597699539285268,-1.7195399078570537
248,2,902.3333333333334,102.0,58,True,-0.8597699539285273,-0.8597699539285273,-1.7195399078570546
248,3,942.0,102.0,58,True,-0.8819963267339059,-0.8819963267339059,-1.7639926534678119
249,0,902.3333333333334,102.0,58,True,-0.8597699539285271,-0.8597699539285271,-1.7195399078570541
249,1,916.0,102.0,58,True,-0.8674277798530694,-0.8674277798530694,-1.7348555597061388
249,2,942.0,151.0,59,True,-1.0521352156227954,-1.0521352156227954,-2.104270431245591
249,3,944.3333333333334,102.0,58,True,-0.8833037604283404,-0.8833037604283404,-1.7666075208566807
250,0,982.0,151.0,59,True,-1.0745483646702363,-1.0745483646702363,-2.1490967293404726
250,1,1067.8333333333335,200.0,60,True,-1.2927821358900928,-1.2927821358900928,-2.5855642717801857
250,2,971.3333333333334,151.0,59,True,-1.068571524924252,-1.068571524924252,-2.137143049848504
250,3,978.0,151.0,59,True,-1.072307049765492,-1.072307049765492,-2.144614099530984
251,0,916.0,102.0,58,True,-0.8674277798530696,-0.8674277798530696,-1.7348555597061392
251,1,916.0,102.0,58,True,-0.8674277798530694,-0.8674277798530694,-1.7348555597061388
251,2,902.3333333333334,102.0,58,True,-0.8597699539285271,-0.8597699539285271,-1.7195399078570541
251,3,902.3333333333334,102.0,58,True,-0.8597699539285271,-0.8597699539285271,-1.7195399078570541
252,0,902.3333333333334,102.0,58,True,-0.8597699539285273,-0.8597699539285273,-1.7195399078570546
252,1,902.3333333333334,102.0,58,True,-0.8597699539285271,-0.8597699539285271,-1.7195399078570541
252,2,902.3333333333334,102.0,58,True,-0.8597699539285272,-0.8597699539285272,-1.7195399078570544
252,3,942.0,102.0,58,True,-0.8819963267339062,-0.8819963267339062,-1.7639926534678123
253,0,902.3333333333334,102.0,58,True,-0.8597699539285271,-0.8597699539285271,-1.7195399078570541
253,1,926.0,102.0,58,True,-0.8730310671149297,-0.8730310671149297,-1.7460621342298595
253,2,944.3333333333334,102.0,58,True,-0.8833037604283402,-0.8833037604283402,-1.7666075208566805
253,3,944.3333333333334,102.0,58,True,-0.88330376042834,-0.88330376042834,-1.76660752085668
254,0,975.0,102.0,58,True,-0.9004871746980453,-0.9004871746980453,-1.8009743493960906
254,1,902.3333333333334,102.0,58,True,-0.8597699539285272,-0.8597699539285272,-1.7195399078570544
254,2,978.0,151.0,59,True,-1.0723070497654918,-1.0723070497654918,-2.1446140995309837
254,3,997.0,235.0,60,True,-1.3746199622296926,-1.3746199622296926,-2.7492399244593853
255,0,944.3333333333334,102.0,58,True,-0.8833037604283402,-0.8833037604283402,-1.7666075208566805
255,1,944.3333333333334,102.0,58,True,-0.8833037604283404,-0.8833037604283404,-1.7666075208566807
255,2,942.0,102.0,58,True,-0.8819963267339062,-0.8819963267339062,-1.7639926534678123
255,3,975.0,102.0,58,True,-0.9004871746980452,-0.9004871746980452,-1.8009743493960904
256,0,902.3333333333334,102.0,58,True,-0.8597699539285274,-0.8597699539285274,-1.7195399078570548
256,1,975.0,102.0,58,True,-0.9004871746980454,-0.9004871746980454,-1.8009743493960908
256,2,902.3333333333334,102.0,58,True,-0.8597699539285273,-0.8597699539285273,-1.7195399078570546
256,3,975.0,151.0,59,True,-1.0706260635869345,-1.0706260635869345,-2.141252127173869
257,0,902.3333333333334,102.0,58,True,-0.8597699539285272,-0.8597699539285272,-1.7195399078570544
257,1,939.0,151.0,59,True,-1.0504542294442372,-1.0504542294442372,-2.1009084588884743
257,2,975.0,151.0,59,True,-1.0706260635869342,-1.0706260635869342,-2.1412521271738685
257,3,939.0,151.0,59,True,-1.0504542294442374,-1.0504542294442374,-2.1009084588884748
258,0,944.3333333333334,102.0,58,True,-0.8833037604283399,-0.8833037604283399,-1.7666075208566798
258,1,916.0,102.0,58,True,-0.8674277798530695,-0.8674277798530695,-1.734855559706139
258,2,902.3333333333334,102.0,58,True,-0.8597699539285268,-0.8597699539285268,-1.7195399078570537
258,3,975.0,102.0,58,True,-0.9004871746980453,-0.9004871746980453,-1.8009743493960906
259,0,902.3333333333334,102.0,58,True,-0.859769953928527,-0.859769953928527,-1.719539907857054
259,1,982.0,102.0,58,True,-0.9044094757813471,-0.9044094757813471,-1.8088189515626942
259,2,944.3333333333334,102.0,58,True,-0.8833037604283402,-0.8833037604283402,-1.7666075208566805
259,3,975.0,102.0,58,True,-0.900487174698045,-0.900487174698045,-1.80097434939609
260,0,986.3333333333334,102.0,58,True,-0.9068375669281536,-0.9068375669281536,-1.8136751338563073
260,1,944.3333333333334,102.0,58,True,-0.8833037604283405,-0.8833037604283405,-1.766607520856681
260,2,986.3333333333334,102.0,58,True,-0.9068375669281533,-0.9068375669281533,-1.8136751338563066
260,3,986.3333333333334,102.0,58,True,-0.9068375669281534,-0.9068375669281534,-1.8136751338563069
261,0,975.0,102.0,58,True,-0.9004871746980452,-0.9004871746980452,-1.8009743493960904
261,1,975.0,102.0,58,True,-0.9004871746980453,-0.9004871746980453,-1.8009743493960906
261,2,975.0,102.0,58,True,-0.9004871746980452,-0.9004871746980452,-1.8009743493960904
261,3,975.0,102.0,58,True,-0.9004871746980454,-0.9004871746980454,-1.8009743493960908
262,0,1079.3333333333335,102.0,58,True,-0.9589481384634542,-0.9589481384634542,-1.9178962769269083
262,1,1037.3333333333335,102.0,58,True,-0.9354143319636413,-0.9354143319636413,-1.8708286639272826
262,2,1138.3333333333335,102.0,58,True,-0.9920075333084297,-0.9920075333084297,-1.9840150666168594
262,3,1079.3333333333335,102.0,58,True,-0.9589481384634541,-0.9589481384634541,-1.9178962769269081
263,0,986.3333333333334,102.0,58,True,-0.9068375669281536,-0.9068375669281536,-1.8136751338563073
263,1,944.3333333333334,102.0,58,True,-0.8833037604283402,-0.8833037604283402,-1.7666075208566805
263,2,1054.3333333333335,102.0,58,True,-0.9449399203088032,-0.9449399203088032,-1.8898798406176065
263,3,975.0,102.0,58,True,-0.9004871746980451,-0.9004871746980451,-1.8009743493960901
264,0,1079.3333333333335,102.0,58,True,-0.9589481384634542,-0.9589481384634542,-1.9178962769269083
264,1,902.3333333333334,102.0,58,True,-0.859769953928527,-0.859769953928527,-1.719539907857054
264,2,1028.3333333333335,102.0,58,True,-0.9303713734279666,-0.9303713734279666,-1.8607427468559332
264,3,902.3333333333334,102.0,58,True,-0.8597699539285268,-0.8597699539285268,-1.7195399078570537
265,0,986.3333333333334,102.0,58,True,-0.9068375669281536,-0.9068375669281536,-1.8136751338563073
265,1,1037.3333333333335,102.0,58,True,-0.9354143319636413,-0.9354143319636413,-1.8708286639272826
265,2,1028.3333333333335,102.0,58,True,-0.9303713734279667,-0.9303713734279667,-1.8607427468559334
265,3,1028.3333333333335,102.0,58,True,-0.9303713734279668,-0.9303713734279668,-1.8607427468559337
266,0,977.3333333333334,102.0,58,True,-0.901794608392479,-0.901794608392479,-1.803589216784958
266,1,1028.3333333333335,102.0,58,True,-0.9303713734279666,-0.9303713734279666,-1.8607427468559332
266,2,975.0,102.0,58,True,-0.9004871746980453,-0.9004871746980453,-1.8009743493960906
266,3,986.3333333333334,102.0,58,True,-0.9068375669281534,-0.9068375669281534,-1.8136751338563069
267,0,986.3333333333334,102.0,58,True,-0.9068375669281533,-0.9068375669281533,-1.8136751338563066
267,1,975.0,102.0,58,True,-0.9004871746980451,-0.9004871746980451,-1.8009743493960901
267,2,975.0,102.0,58,True,-0.9004871746980451,-0.9004871746980451,-1.8009743493960901
267,3,968.0,102.0,58,True,-0.8965648736147432,-0.8965648736147432,-1.7931297472294865
268,0,975.0,102.0,58,True,-0.9004871746980451,-0.9004871746980451,-1.8009743493960901
268,1,975.0,102.0,58,True,-0.900487174698045,-0.900487174698045,-1.80097434939609
268,2,975.0,102.0,58,True,-0.9004871746980451,-0.9004871746980451,-1.8009743493960901
268,3,911.3333333333334,102.0,58,True,-0.8648129124642011,-0.8648129124642011,-1.7296258249284022
269,0,944.3333333333334,102.0,58,True,-0.8833037604283401,-0.8833037604283401,-1.7666075208566803
269,1,926.0,144.0,58,True,-1.018864400448263,-1.018864400448263,-2.037728800896526
269,2,977.3333333333334,102.0,58,True,-0.901794608392479,-0.901794608392479,-1.803589216784958
269,3,975.0,102.0,58,True,-0.9004871746980451,-0.9004871746980451,-1.8009743493960901
270,0,1059.3333333333335,102.0,58,True,-0.9477415639397339,-0.9477415639397339,-1.8954831278794677
270,1,944.3333333333334,102.0,58,True,-0.8833037604283404,-0.8833037604283404,-1.7666075208566807
270,2,975.0,102.0,58,True,-0.9004871746980454,-0.9004871746980454,-1.8009743493960908
270,3,902.3333333333334,102.0,58,True,-0.8597699539285271,-0.8597699539285271,-1.7195399078570541
271,0,986.3333333333334,102.0,58,True,-0.9068375669281536,-0.9068375669281536,-1.8136751338563073
271,1,975.0,102.0,58,True,-0.9004871746980452,-0.9004871746980452,-1.8009743493960904
271,2,1037.3333333333335,102.0,58,True,-0.9354143319636407,-0.9354143319636407,-1.8708286639272813
271,3,902.3333333333334,102.0,58,True,-0.859769953928527,-0.859769953928527,-1.719539907857054
272,0,902.3333333333334,102.0,58,True,-0.859769953928527,-0.859769953928527,-1.719539907857054
272,1,975.0,102.0,58,True,-0.9004871746980454,-0.9004871746980454,-1.8009743493960908
272,2,975.0,102.0,58,True,-0.9004871746980453,-0.9004871746980453,-1.8009743493960906
272,3,975.0,102.0,58,True,-0.9004871746980454,-0.9004871746980454,-1.8009743493960908
273,0,975.0,102.0,58,True,-0.9004871746980452,-0.9004871746980452,-1.8009743493960904
273,1,975.3333333333334,102.0,58,True,-0.9006739509401072,-0.9006739509401072,-1.8013479018802143
273,2,975.0,102.0,58,True,-0.9004871746980448,-0.9004871746980448,-1.8009743493960897
273,3,986.3333333333334,102.0,58,True,-0.9068375669281534,-0.9068375669281534,-1.8136751338563069
274,0,977.3333333333334,102.0,58,True,-0.9017946083924793,-0.9017946083924793,-1.8035892167849585
274,1,944.3333333333334,102.0,58,True,-0.8833037604283406,-0.8833037604283406,-1.7666075208566812
274,2,1001.0,102.0,58,True,-0.9150557215788818,-0.9150557215788818,-1.8301114431577636
274,3,975.0,102.0,58,True,-0.900487174698045,-0.900487174698045,-1.80097434939609
275,0,986.3333333333334,102.0,58,True,-0.9068375669281538,-0.9068375669281538,-1.8136751338563075
275,1,902.3333333333334,102.0,58,True,-0.8597699539285268,-0.8597699539285268,-1.7195399078570537
275,2,902.3333333333334,102.0,58,True,-0.8597699539285271,-0.8597699539285271,-1.7195399078570541
275,3,902.3333333333334,102.0,58,True,-0.8597699539285271,-0.8597699539285271,-1.7195399078570541
276,0,919.0,151.0,59,True,-1.0392476549205163,-1.0392476549205163,-2.0784953098410326
276,1,961.3333333333334,102.0,58,True,-0.8928293487735028,-0.8928293487735028,-1.7856586975470057
276,2,902.3333333333334,102.0,58,True,-0.8597699539285268,-0.8597699539285268,-1.7195399078570537
276,3,902.3333333333334,102.0,58,True,-0.8597699539285271,-0.8597699539285271,-1.7195399078570541
277,0,916.0,102.0,58,True,-0.8674277798530694,-0.8674277798530694,-1.7348555597061388
277,1,902.3333333333334,102.0,58,True,-0.859769953928527,-0.859769953928527,-1.719539907857054
277,2,1001.0,102.0,58,True,-0.9150557215788819,-0.9150557215788819,-1.8301114431577639
277,3,919.0,102.0,58,True,-0.8691087660316273,-0.8691087660316273,-1.7382175320632547
278,0,902.3333333333334,102.0,58,True,-0.8597699539285271,-0.8597699539285271,-1.7195399078570541
278,1,902.3333333333334,102.0,58,True,-0.8597699539285272,-0.8597699539285272,-1.7195399078570544
278,2,953.3333333333334,102.0,58,True,-0.8883467189640145,-0.8883467189640145,-1.776693437928029
278,3,902.3333333333334,102.0,58,True,-0.8597699539285271,-0.8597699539285271,-1.7195399078570541
279,0,944.3333333333334,102.0,58,True,-0.8833037604283402,-0.8833037604283402,-1.7666075208566805
279,1,944.3333333333334,102.0,58,True,-0.8833037604283402,-0.8833037604283402,-1.7666075208566805
279,2,942.0,102.0,58,True,-0.8819963267339059,-0.8819963267339059,-1.7639926534678119
279,3,902.3333333333334,102.0,58,True,-0.8597699539285272,-0.8597699539285272,-1.7195399078570544
280,0,975.0,102.0,58,True,-0.9004871746980451,-0.9004871746980451,-1.8009743493960901
280,1,975.0,144.0,58,True,-1.0463205080313784,-1.0463205080313784,-2.092641016062757
280,2,919.0,102.0,58,True,-0.8691087660316273,-0.8691087660316273,-1.7382175320632547
280,3,942.0,151.0,59,True,-1.0521352156227952,-1.0521352156227952,-2.1042704312455904
281,0,939.0,151.0,59,True,-1.0504542294442372,-1.0504542294442372,-2.1009084588884743
281,1,911.3333333333334,102.0,58,True,-0.8648129124642012,-0.8648129124642012,-1.7296258249284024
281,2,919.0,151.0,59,True,-1.0392476549205165,-1.0392476549205165,-2.078495309841033
281,3,945.3333333333334,151.0,59,True,-1.0540029780434155,-1.0540029780434155,-2.108005956086831
282,0,939.0,151.0,59,True,-1.0504542294442372,-1.0504542294442372,-2.1009084588884743
282,1,902.3333333333334,102.0,58,True,-0.8597699539285272,-0.8597699539285272,-1.7195399078570544
282,2,902.3333333333334,102.0,58,True,-0.8597699539285271,-0.8597699539285271,-1.7195399078570541
282,3,911.3333333333334,102.0,58,True,-0.864812912464201,-0.864812912464201,-1.729625824928402
283,0,902.3333333333334,102.0,58,True,-0.859769953928527,-0.859769953928527,-1.719539907857054
283,1,919.0,102.0,58,True,-0.8691087660316275,-0.8691087660316275,-1.738217532063255
283,2,902.3333333333334,102.0,58,True,-0.8597699539285271,-0.8597699539285271,-1.7195399078570541
283,3,902.3333333333334,102.0,58,True,-0.859769953928527,-0.859769953928527,-1.719539907857054
284,0,1045.3333333333335,144.0,59,True,-1.0857302951064627,-1.0857302951064627,-2.1714605902129254
284,1,902.3333333333334,102.0,58,True,-0.8597699539285268,-0.8597699539285268,-1.7195399078570537
284,2,902.3333333333334,102.0,58,True,-0.8597699539285268,-0.8597699539285268,-1.7195399078570537
284,3,911.3333333333334,102.0,58,True,-0.8648129124642014,-0.8648129124642014,-1.7296258249284029
285,0,911.3333333333334,102.0,58,True,-0.8648129124642013,-0.8648129124642013,-1.7296258249284027
285,1,975.0,102.0,58,True,-0.9004871746980452,-0.9004871746980452,-1.8009743493960904
285,2,975.0,102.0,58,True,-0.9004871746980452,-0.9004871746980452,-1.8009743493960904
285,3,902.3333333333334,102.0,58,True,-0.859769953928527,-0.859769953928527,-1.719539907857054
286,0,1034.0,144.0,59,True,-1.079379902876354,-1.079379902876354,-2.158759805752708
286,1,944.3333333333334,235.0,60,True,-1.3451093159838956,-1.3451093159838956,-2.690218631967791
286,2,902.3333333333334,102.0,58,True,-0.8597699539285273,-0.8597699539285273,-1.7195399078570546
286,3,902.3333333333334,102.0,58,True,-0.8597699539285272,-0.8597699539285272,-1.7195399078570544
287,0,975.0,102.0,58,True,-0.900487174698045,-0.900487174698045,-1.80097434939609
287,1,902.3333333333334,102.0,58,True,-0.8597699539285268,-0.8597699539285268,-1.7195399078570537
287,2,975.0,102.0,58,True,-0.900487174698045,-0.900487174698045,-1.80097434939609
287,3,919.0,151.0,59,True,-1.0392476549205163,-1.0392476549205163,-2.0784953098410326
288,0,919.0,151.0,59,True,-1.039247654920516,-1.039247654920516,-2.078495309841032
288,1,919.0,151.0,59,True,-1.0392476549205163,-1.0392476549205163,-2.0784953098410326
288,2,919.0,151.0,59,True,-1.0392476549205163,-1.0392476549205163,-2.0784953098410326
288,3,902.3333333333334,102.0,58,True,-0.8597699539285267,-0.8597699539285267,-1.7195399078570535
289,0,902.3333333333334,102.0,58,True,-0.8597699539285271,-0.8597699539285271,-1.7195399078570541
289,1,902.3333333333334,102.0,58,True,-0.8597699539285272,-0.8597699539285272,-1.7195399078570544
289,2,975.0,102.0,58,True,-0.900487174698045,-0.900487174698045,-1.80097434939609
289,3,975.0,102.0,58,True,-0.9004871746980452,-0.9004871746980452,-1.8009743493960904
290,0,902.3333333333334,102.0,58,True,-0.8597699539285271,-0.8597699539285271,-1.7195399078570541
290,1,968.0,102.0,58,True,-0.8965648736147431,-0.8965648736147431,-1.7931297472294863
290,2,975.0,102.0,58,True,-0.9004871746980453,-0.9004871746980453,-1.8009743493960906
290,3,975.0,102.0,58,True,-0.9004871746980451,-0.9004871746980451,-1.8009743493960901
291,0,975.0,151.0,59,True,-1.0706260635869345,-1.0706260635869345,-2.141252127173869
291,1,902.3333333333334,102.0,58,True,-0.8597699539285268,-0.8597699539285268,-1.7195399078570537
291,2,944.3333333333334,102.0,58,True,-0.8833037604283402,-0.8833037604283402,-1.7666075208566805
291,3,902.3333333333334,102.0,58,True,-0.859769953928527,-0.859769953928527,-1.719539907857054
292,0,977.0,151.0,59,True,-1.071746721039306,-1.071746721039306,-2.143493442078612
292,1,975.0,102.0,58,True,-0.9004871746980452,-0.9004871746980452,-1.8009743493960904
292,2,1001.0,151.0,59,True,-1.085194610467771,-1.085194610467771,-2.170389220935542
292,3,975.0,102.0,58,True,-0.9004871746980455,-0.9004871746980455,-1.800974349396091
293,0,975.0,151.0,59,True,-1.0706260635869338,-1.0706260635869338,-2.1412521271738676
293,1,902.3333333333334,102.0,58,True,-0.8597699539285268,-0.8597699539285268,-1.7195399078570537
293,2,973.0,151.0,59,True,-1.069505406134562,-1.069505406134562,-2.139010812269124
293,3,965.0,151.0,59,True,-1.0650227763250741,-1.0650227763250741,-2.1300455526501483
294,0,975.0,151.0,59,True,-1.070626063586934,-1.070626063586934,-2.141252127173868
294,1,968.0,151.0,59,True,-1.066703762503632,-1.066703762503632,-2.133407525007264
294,2,975.0,151.0,59,True,-1.0706260635869342,-1.0706260635869342,-2.1412521271738685
294,3,975.0,151.0,59,True,-1.070626063586934,-1.070626063586934,-2.141252127173868
295,0,939.0,151.0,59,True,-1.050454229444237,-1.050454229444237,-2.100908458888474
295,1,902.3333333333334,102.0,58,True,-0.8597699539285273,-0.8597699539285273,-1.7195399078570546
295,2,975.0,151.0,59,True,-1.070626063586934,-1.070626063586934,-2.141252127173868
295,3,975.0,151.0,59,True,-1.0706260635869342,-1.0706260635869342,-2.1412521271738685
296,0,977.0,151.0,59,True,-1.0717467210393061,-1.0717467210393061,-2.1434934420786123
296,1,1008.0,193.0,60,True,-1.2349502448844065,-1.2349502448844065,-2.469900489768813
296,2,1008.0,193.0,60,True,-1.234950244884406,-1.234950244884406,-2.469900489768812
296,3,1059.0,242.0,61,True,-1.4336658988087831,-1.4336658988087831,-2.8673317976175663
297,0,942.0,102.0,58,True,-0.8819963267339067,-0.8819963267339067,-1.7639926534678134
297,1,1010.0,151.0,59,True,-1.0902375690034456,-1.0902375690034456,-2.180475138006891
297,2,981.0,151.0,59,True,-1.0739880359440501,-1.0739880359440501,-2.1479760718881002
297,3,981.0,151.0,59,True,-1.0739880359440506,-1.0739880359440506,-2.147976071888101
298,0,981.0,151.0,59,True,-1.0739880359440501,-1.0739880359440501,-2.1479760718881002
298,1,968.0,151.0,59,True,-1.0667037625036315,-1.0667037625036315,-2.133407525007263
298,2,1007.0,151.0,59,True,-1.0885565828248869,-1.0885565828248869,-2.1771131656497738
298,3,1023.0,151.0,59,True,-1.097521842443863,-1.097521842443863,-2.195043684887726
299,0,1008.0,102.0,58,True,-0.9189780226621844,-0.9189780226621844,-1.8379560453243688
299,1,968.0,102.0,58,True,-0.896564873614743,-0.896564873614743,-1.793129747229486
299,2,1010.0,151.0,59,True,-1.0902375690034454,-1.0902375690034454,-2.1804751380068907
299,3,1042.0,193.0,60,True,-1.254001421574731,-1.254001421574731,-2.508002843149462
300,0,985.0,151.0,59,True,-1.0762293508487941,-1.0762293508487941,-2.1524587016975882
300,1,942.0,102.0,58,True,-0.8819963267339063,-0.8819963267339063,-1.7639926534678125
300,2,1014.0,151.0,59,True,-1.0924788839081896,-1.0924788839081896,-2.184957767816379
300,3,975.0,151.0,59,True,-1.0706260635869342,-1.0706260635869342,-2.1412521271738685
301,0,1019.0,151.0,59,True,-1.095280527539119,-1.095280527539119,-2.190561055078238
301,1,1028.0,151.0,59,True,-1.1003234860747937,-1.1003234860747937,-2.2006469721495874
301,2,975.0,151.0,59,True,-1.070626063586934,-1.070626063586934,-2.141252127173868
301,3,1001.0,151.0,59,True,-1.0851946104677705,-1.0851946104677705,-2.170389220935541
302,0,981.0,151.0,59,True,-1.0739880359440503,-1.0739880359440503,-2.1479760718881007
302,1,919.0,102.0,58,True,-0.8691087660316273,-0.8691087660316273,-1.7382175320632547
302,2,975.0,151.0,59,True,-1.0706260635869338,-1.0706260635869338,-2.1412521271738676
302,3,1010.0,151.0,59,True,-1.0902375690034452,-1.0902375690034452,-2.1804751380068903
303,0,1028.0,151.0,59,True,-1.1003234860747932,-1.1003234860747932,-2.2006469721495865
303,1,987.0,151.0,59,True,-1.0773500083011662,-1.0773500083011662,-2.1547000166023325
303,2,1020.0,151.0,59,True,-1.0958408562653057,-1.0958408562653057,-2.1916817125306114
303,3,1034.0,144.0,59,True,-1.079379902876354,-1.079379902876354,-2.158759805752708
304,0,975.0,102.0,58,True,-0.9004871746980453,-0.9004871746980453,-1.8009743493960906
304,1,1020.0,151.0,59,True,-1.0958408562653055,-1.0958408562653055,-2.191681712530611
304,2,1001.0,151.0,59,True,-1.085194610467771,-1.085194610467771,-2.170389220935542
304,3,1033.0,151.0,59,True,-1.1031251297057239,-1.1031251297057239,-2.2062502594114477
305,0,975.0,102.0,58,True,-0.9004871746980453,-0.9004871746980453,-1.8009743493960906
305,1,1069.0,151.0,59,True,-1.1232969638484207,-1.1232969638484207,-2.2465939276968414
305,2,1001.0,102.0,58,True,-0.9150557215788822,-0.9150557215788822,-1.8301114431577643
305,3,994.0,151.0,59,True,-1.0812723093844685,-1.0812723093844685,-2.162544618768937
306,0,1001.0,144.0,59,True,-1.0608890549122152,-1.0608890549122152,-2.1217781098244304
306,1,1001.0,102.0,58,True,-0.9150557215788824,-0.9150557215788824,-1.8301114431577648
306,2,944.3333333333334,102.0,58,True,-0.8833037604283404,-0.8833037604283404,-1.7666075208566807
306,3,994.0,102.0,58,True,-0.9111334204955795,-0.9111334204955795,-1.822266840991159
307,0,1001.0,102.0,58,True,-0.9150557215788822,-0.9150557215788822,-1.8301114431577643
307,1,975.0,102.0,58,True,-0.9004871746980451,-0.9004871746980451,-1.8009743493960901
307,2,1001.0,102.0,58,True,-0.9150557215788818,-0.9150557215788818,-1.8301114431577636
307,3,975.0,102.0,58,True,-0.9004871746980451,-0.9004871746980451,-1.8009743493960901
308,0,977.3333333333334,102.0,58,True,-0.9017946083924795,-0.9017946083924795,-1.803589216784959
308,1,944.3333333333334,144.0,58,True,-1.0291370937616735,-1.0291370937616735,-2.058274187523347
308,2,1001.0,102.0,58,True,-0.9150557215788824,-0.9150557215788824,-1.8301114431577648
308,3,975.0,102.0,58,True,-0.9004871746980452,-0.9004871746980452,-1.8009743493960904
309,0,975.0,102.0,58,True,-0.9004871746980451,-0.9004871746980451,-1.8009743493960901
309,1,1001.0,151.0,59,True,-1.085194610467771,-1.085194610467771,-2.170389220935542
309,2,975.0,151.0,59,True,-1.0706260635869342,-1.0706260635869342,-2.1412521271738685
309,3,975.0,151.0,59,True,-1.0706260635869345,-1.0706260635869345,-2.141252127173869
310,0,1001.0,151.0,59,True,-1.0851946104677712,-1.0851946104677712,-2.1703892209355424
310,1,1001.0,102.0,58,True,-0.9150557215788819,-0.9150557215788819,-1.8301114431577639
310,2,1001.0,151.0,59,True,-1.0851946104677708,-1.0851946104677708,-2.1703892209355415
310,3,975.0,151.0,59,True,-1.0706260635869342,-1.0706260635869342,-2.1412521271738685
311,0,975.0,102.0,58,True,-0.9004871746980452,-0.9004871746980452,-1.8009743493960904
311,1,919.0,102.0,58,True,-0.8691087660316276,-0.8691087660316276,-1.7382175320632551
311,2,1001.0,151.0,59,True,-1.0851946104677714,-1.0851946104677714,-2.170389220935543
311,3,975.0,144.0,58,True,-1.0463205080313784,-1.0463205080313784,-2.092641016062757
312,0,1001.0,102.0,58,True,-0.915055721578882,-0.915055721578882,-1.830111443157764
312,1,902.3333333333334,102.0,58,True,-0.8597699539285268,-0.8597699539285268,-1.7195399078570537
312,2,975.0,102.0,58,True,-0.9004871746980451,-0.9004871746980451,-1.8009743493960901
312,3,975.0,102.0,58,True,-0.9004871746980454,-0.9004871746980454,-1.8009743493960908
313,0,975.0,102.0,58,True,-0.9004871746980452,-0.9004871746980452,-1.8009743493960904
313,1,902.3333333333334,102.0,58,True,-0.859769953928527,-0.859769953928527,-1.719539907857054
313,2,902.3333333333334,102.0,58,True,-0.859769953928527,-0.859769953928527,-1.719539907857054
313,3,968.0,102.0,58,True,-0.896564873614743,-0.896564873614743,-1.793129747229486
314,0,945.0,102.0,58,True,-0.8836773129124644,-0.8836773129124644,-1.7673546258249289
314,1,902.3333333333334,102.0,58,True,-0.8597699539285272,-0.8597699539285272,-1.7195399078570544
314,2,902.3333333333334,102.0,58,True,-0.8597699539285271,-0.8597699539285271,-1.7195399078570541
314,3,944.3333333333334,102.0,58,True,-0.8833037604283404,-0.8833037604283404,-1.7666075208566807
315,0,902.3333333333334,102.0,58,True,-0.8597699539285271,-0.8597699539285271,-1.7195399078570541
315,1,919.0,102.0,58,True,-0.8691087660316276,-0.8691087660316276,-1.7382175320632551
315,2,902.3333333333334,102.0,58,True,-0.859769953928527,-0.859769953928527,-1.719539907857054
315,3,944.3333333333334,102.0,58,True,-0.8833037604283399,-0.8833037604283399,-1.7666075208566798
316,0,944.3333333333334,102.0,58,True,-0.8833037604283407,-0.8833037604283407,-1.7666075208566814
316,1,975.0,102.0,58,True,-0.9004871746980452,-0.9004871746980452,-1.8009743493960904
316,2,902.3333333333334,102.0,58,True,-0.859769953928527,-0.859769953928527,-1.719539907857054
316,3,989.0,151.0,59,True,-1.0784706657535383,-1.0784706657535383,-2.1569413315070767
317,0,919.0,151.0,59,True,-1.0392476549205163,-1.0392476549205163,-2.0784953098410326
317,1,902.3333333333334,102.0,58,True,-0.859769953928527,-0.859769953928527,-1.719539907857054
317,2,975.0,102.0,58,True,-0.900487174698045,-0.900487174698045,-1.80097434939609
317,3,944.3333333333334,144.0,59,True,-1.0291370937616735,-1.0291370937616735,-2.058274187523347
318,0,902.3333333333334,102.0,58,True,-0.859769953928527,-0.859769953928527,-1.719539907857054
318,1,975.0,151.0,59,True,-1.0706260635869342,-1.0706260635869342,-2.1412521271738685
318,2,919.0,102.0,58,True,-0.8691087660316276,-0.8691087660316276,-1.7382175320632551
318,3,968.0,151.0,59,True,-1.066703762503632,-1.066703762503632,-2.133407525007264
319,0,944.3333333333334,102.0,58,True,-0.8833037604283402,-0.8833037604283402,-1.7666075208566805
319,1,961.3333333333334,102.0,58,True,-0.8928293487735027,-0.8928293487735027,-1.7856586975470055
319,2,1057.0,102.0,58,True,-0.9464341302452993,-0.9464341302452993,-1.8928682604905986
319,3,944.3333333333334,102.0,58,True,-0.8833037604283404,-0.8833037604283404,-1.7666075208566807
320,0,944.3333333333334,102.0,58,True,-0.8833037604283402,-0.8833037604283402,-1.7666075208566805
320,1,975.0,151.0,59,True,-1.070626063586934,-1.070626063586934,-2.141252127173868
320,2,945.0,102.0,58,True,-0.8836773129124642,-0.8836773129124642,-1.7673546258249284
320,3,944.3333333333334,102.0,58,True,-0.8833037604283404,-0.8833037604283404,-1.7666075208566807
321,0,919.0,102.0,58,True,-0.8691087660316273,-0.8691087660316273,-1.7382175320632547
321,1,1001.0,151.0,59,True,-1.0851946104677708,-1.0851946104677708,-2.1703892209355415
321,2,952.0,235.0,60,True,-1.3494051695513212,-1.3494051695513212,-2.6988103391026423
321,3,1001.0,102.0,58,True,-0.9150557215788819,-0.9150557215788819,-1.8301114431577639
322,0,902.3333333333334,102.0,58,True,-0.8597699539285266,-0.8597699539285266,-1.7195399078570532
322,1,1001.0,102.0,58,True,-0.9150557215788822,-0.9150557215788822,-1.8301114431577643
322,2,1001.0,102.0,58,True,-0.9150557215788819,-0.9150557215788819,-1.8301114431577639
322,3,944.3333333333334,102.0,58,True,-0.8833037604283402,-0.8833037604283402,-1.7666075208566805
323,0,1001.0,102.0,58,True,-0.9150557215788819,-0.9150557215788819,-1.8301114431577639
323,1,1001.0,102.0,58,True,-0.9150557215788819,-0.9150557215788819,-1.8301114431577639
323,2,1001.0,144.0,59,True,-1.060889054912215,-1.060889054912215,-2.12177810982443
323,3,975.0,102.0,58,True,-0.9004871746980446,-0.9004871746980446,-1.8009743493960892
324,0,944.3333333333334,102.0,58,True,-0.8833037604283405,-0.8833037604283405,-1.766607520856681
324,1,968.0,102.0,58,True,-0.896564873614743,-0.896564873614743,-1.793129747229486
324,2,975.0,102.0,58,True,-0.9004871746980454,-0.9004871746980454,-1.8009743493960908
324,3,919.0,102.0,58,True,-0.8691087660316272,-0.8691087660316272,-1.7382175320632545
325,0,902.3333333333334,102.0,58,True,-0.8597699539285267,-0.8597699539285267,-1.7195399078570535
325,1,902.3333333333334,102.0,58,True,-0.859769953928527,-0.859769953928527,-1.719539907857054
325,2,975.0,151.0,59,True,-1.0706260635869342,-1.0706260635869342,-2.1412521271738685
325,3,911.3333333333334,102.0,58,True,-0.8648129124642013,-0.8648129124642013,-1.7296258249284027
326,0,902.3333333333334,102.0,58,True,-0.8597699539285266,-0.8597699539285266,-1.7195399078570532
326,1,944.3333333333334,144.0,58,True,-1.0291370937616735,-1.0291370937616735,-2.058274187523347
326,2,926.0,144.0,58,True,-1.018864400448263,-1.018864400448263,-2.037728800896526
326,3,975.0,151.0,59,True,-1.0706260635869345,-1.0706260635869345,-2.141252127173869
327,0,916.0,102.0,58,True,-0.8674277798530693,-0.8674277798530693,-1.7348555597061386
327,1,1014.0,151.0,59,True,-1.0924788839081898,-1.0924788839081898,-2.1849577678163796
327,2,975.0,102.0,58,True,-0.9004871746980447,-0.9004871746980447,-1.8009743493960895
327,3,975.0,102.0,58,True,-0.9004871746980452,-0.9004871746980452,-1.8009743493960904
328,0,968.0,151.0,59,True,-1.0667037625036317,-1.0667037625036317,-2.1334075250072635
328,1,998.0,151.0,59,True,-1.0835136242892132,-1.0835136242892132,-2.1670272485784263
328,2,975.0,151.0,59,True,-1.0706260635869342,-1.0706260635869342,-2.1412521271738685
328,3,942.0,102.0,58,True,-0.881996326733906,-0.881996326733906,-1.763992653467812
329,0,981.0,151.0,59,True,-1.0739880359440506,-1.0739880359440506,-2.147976071888101
329,1,977.3333333333334,102.0,58,True,-0.901794608392479,-0.901794608392479,-1.803589216784958
329,2,975.0,102.0,58,True,-0.9004871746980452,-0.9004871746980452,-1.8009743493960904
329,3,994.3333333333334,102.0,58,True,-0.9113201967376419,-0.9113201967376419,-1.8226403934752837
330,0,975.0,151.0,59,True,-1.0706260635869345,-1.0706260635869345,-2.141252127173869
330,1,975.0,102.0,58,True,-0.9004871746980453,-0.9004871746980453,-1.8009743493960906
330,2,931.3333333333334,151.0,59,True,-1.046158375876811,-1.046158375876811,-2.092316751753622
330,3,939.0,151.0,59,True,-1.0504542294442374,-1.0504542294442374,-2.1009084588884748
331,0,965.0,151.0,59,True,-1.065022776325074,-1.065022776325074,-2.130045552650148
331,1,975.0,235.0,60,True,-1.3622927302536008,-1.3622927302536008,-2.7245854605072015
331,2,968.0,151.0,59,True,-1.0667037625036322,-1.0667037625036322,-2.1334075250072644
331,3,975.0,102.0,58,True,-0.9004871746980454,-0.9004871746980454,-1.8009743493960908
332,0,902.3333333333334,102.0,58,True,-0.8597699539285271,-0.8597699539285271,-1.7195399078570541
332,1,975.0,102.0,58,True,-0.9004871746980453,-0.9004871746980453,-1.8009743493960906
332,2,981.0,151.0,59,True,-1.0739880359440506,-1.0739880359440506,-2.147976071888101
332,3,968.0,151.0,59,True,-1.066703762503632,-1.066703762503632,-2.133407525007264
333,0,981.0,193.0,59,True,-1.2198213692773836,-1.2198213692773836,-2.439642738554767
333,1,1007.0,151.0,59,True,-1.0885565828248873,-1.0885565828248873,-2.1771131656497746
333,2,975.0,102.0,58,True,-0.9004871746980451,-0.9004871746980451,-1.8009743493960901
333,3,1001.0,151.0,59,True,-1.0851946104677712,-1.0851946104677712,-2.1703892209355424
334,0,968.0,102.0,58,True,-0.8965648736147431,-0.8965648736147431,-1.7931297472294863
334,1,975.0,151.0,59,True,-1.0706260635869345,-1.0706260635869345,-2.141252127173869
334,2,975.0,151.0,59,True,-1.070626063586934,-1.070626063586934,-2.141252127173868
334,3,975.0,151.0,59,True,-1.070626063586934,-1.070626063586934,-2.141252127173868
335,0,981.0,151.0,59,True,-1.0739880359440503,-1.0739880359440503,-2.1479760718881007
335,1,1001.0,151.0,59,True,-1.0851946104677708,-1.0851946104677708,-2.1703892209355415
335,2,919.0,102.0,58,True,-0.8691087660316272,-0.8691087660316272,-1.7382175320632545
335,3,981.0,151.0,59,True,-1.0739880359440506,-1.0739880359440506,-2.147976071888101
336,0,1001.0,151.0,59,True,-1.0851946104677708,-1.0851946104677708,-2.1703892209355415
336,1,1001.0,102.0,58,True,-0.9150557215788818,-0.9150557215788818,-1.8301114431577636
336,2,994.0,151.0,59,True,-1.081272309384469,-1.081272309384469,-2.162544618768938
336,3,975.0,151.0,59,True,-1.0706260635869342,-1.0706260635869342,-2.1412521271738685
337,0,1056.0,151.0,59,True,-1.1160126904080026,-1.1160126904080026,-2.232025380816005
337,1,1015.0,151.0,59,True,-1.0930392126343753,-1.0930392126343753,-2.1860784252687506
337,2,919.0,102.0,58,True,-0.8691087660316276,-0.8691087660316276,-1.7382175320632551
337,3,977.3333333333334,102.0,58,True,-0.9017946083924789,-0.9017946083924789,-1.8035892167849579
338,0,1056.0,151.0,59,True,-1.1160126904080026,-1.1160126904080026,-2.232025380816005
338,1,1001.0,151.0,59,True,-1.0851946104677708,-1.0851946104677708,-2.1703892209355415
338,2,1001.0,151.0,59,True,-1.085194610467771,-1.085194610467771,-2.170389220935542
338,3,1027.0,151.0,59,True,-1.0997631573486075,-1.0997631573486075,-2.199526314697215
339,0,1001.0,151.0,59,True,-1.085194610467771,-1.085194610467771,-2.170389220935542
339,1,1065.0,151.0,59,True,-1.1210556489436767,-1.1210556489436767,-2.2421112978873534
339,2,1001.0,102.0,58,True,-0.9150557215788819,-0.9150557215788819,-1.8301114431577639
339,3,1001.0,102.0,58,True,-0.9150557215788819,-0.9150557215788819,-1.8301114431577639
340,0,919.0,102.0,58,True,-0.8691087660316272,-0.8691087660316272,-1.7382175320632545
340,1,1001.0,151.0,59,True,-1.0851946104677708,-1.0851946104677708,-2.1703892209355415
340,2,919.0,102.0,58,True,-0.8691087660316273,-0.8691087660316273,-1.7382175320632547
340,3,1001.0,151.0,59,True,-1.0851946104677712,-1.0851946104677712,-2.1703892209355424
341,0,945.0,102.0,58,True,-0.8836773129124642,-0.8836773129124642,-1.7673546258249284
341,1,1001.0,151.0,59,True,-1.0851946104677712,-1.0851946104677712,-2.1703892209355424
341,2,945.0,102.0,58,True,-0.8836773129124641,-0.8836773129124641,-1.7673546258249282
341,3,938.0,102.0,58,True,-0.8797550118291623,-0.8797550118291623,-1.7595100236583245
342,0,975.0,102.0,58,True,-0.9004871746980452,-0.9004871746980452,-1.8009743493960904
342,1,945.0,102.0,58,True,-0.8836773129124644,-0.8836773129124644,-1.7673546258249289
342,2,981.0,151.0,59,True,-1.0739880359440503,-1.0739880359440503,-2.1479760718881007
342,3,975.0,102.0,58,True,-0.900487174698045,-0.900487174698045,-1.80097434939609
343,0,1040.0,151.0,59,True,-1.1070474307890261,-1.1070474307890261,-2.2140948615780522
343,1,942.0,144.0,59,True,-1.0278296600672394,-1.0278296600672394,-2.055659320134479
343,2,944.3333333333334,102.0,58,True,-0.8833037604283406,-0.8833037604283406,-1.7666075208566812
343,3,1023.0,193.0,60,True,-1.2433551757771972,-1.2433551757771972,-2.4867103515543945
344,0,919.0,102.0,58,True,-0.8691087660316275,-0.8691087660316275,-1.738217532063255
344,1,919.0,102.0,58,True,-0.8691087660316273,-0.8691087660316273,-1.7382175320632547
344,2,968.0,102.0,58,True,-0.8965648736147429,-0.8965648736147429,-1.7931297472294858
344,3,942.0,151.0,59,True,-1.0521352156227952,-1.0521352156227952,-2.1042704312455904
345,0,942.0,102.0,58,True,-0.8819963267339064,-0.8819963267339064,-1.7639926534678128
345,1,968.0,102.0,58,True,-0.8965648736147429,-0.8965648736147429,-1.7931297472294858
345,2,919.0,102.0,58,True,-0.8691087660316273,-0.8691087660316273,-1.7382175320632547
345,3,944.3333333333334,102.0,58,True,-0.88330376042834,-0.88330376042834,-1.76660752085668
346,0,987.0,102.0,58,True,-0.9072111194122775,-0.9072111194122775,-1.814422238824555
346,1,953.3333333333334,102.0,58,True,-0.8883467189640147,-0.8883467189640147,-1.7766934379280295
346,2,942.0,102.0,58,True,-0.881996326733906,-0.881996326733906,-1.763992653467812
346,3,953.3333333333334,102.0,58,True,-0.8883467189640146,-0.8883467189640146,-1.7766934379280293
347,0,944.3333333333334,102.0,58,True,-0.8833037604283401,-0.8833037604283401,-1.7666075208566803
347,1,968.0,102.0,58,True,-0.8965648736147429,-0.8965648736147429,-1.7931297472294858
347,2,942.0,102.0,58,True,-0.8819963267339062,-0.8819963267339062,-1.7639926534678123
347,3,968.0,102.0,58,True,-0.896564873614743,-0.896564873614743,-1.793129747229486
348,0,985.0,151.0,59,True,-1.0762293508487941,-1.0762293508487941,-2.1524587016975882
348,1,945.0,102.0,58,True,-0.8836773129124643,-0.8836773129124643,-1.7673546258249286
348,2,1003.0,151.0,59,True,-1.086315267920143,-1.086315267920143,-2.172630535840286
348,3,975.0,102.0,58,True,-0.9004871746980453,-0.9004871746980453,-1.8009743493960906
349,0,968.0,102.0,58,True,-0.8965648736147431,-0.8965648736147431,-1.7931297472294863
349,1,1001.0,102.0,58,True,-0.9150557215788819,-0.9150557215788819,-1.8301114431577639
349,2,945.0,102.0,58,True,-0.8836773129124641,-0.8836773129124641,-1.7673546258249282
349,3,1082.0,148.0,59,True,-1.1201645706221728,-1.1201645706221728,-2.2403291412443456
350,0,953.3333333333334,102.0,58,True,-0.8883467189640145,-0.8883467189640145,-1.776693437928029
350,1,919.0,102.0,58,True,-0.8691087660316275,-0.8691087660316275,-1.738217532063255
350,2,953.3333333333334,102.0,58,True,-0.8883467189640146,-0.8883467189640146,-1.7766934379280293
350,3,1104.0,200.0,60,True,-1.3130473581538207,-1.3130473581538207,-2.6260947163076414
351,0,986.3333333333334,102.0,58,True,-0.9068375669281538,-0.9068375669281538,-1.8136751338563075
351,1,986.3333333333334,102.0,58,True,-0.9068375669281534,-0.9068375669281534,-1.8136751338563069
351,2,986.3333333333334,102.0,58,True,-0.9068375669281536,-0.9068375669281536,-1.8136751338563073
351,3,1001.0,102.0,58,True,-0.9150557215788818,-0.9150557215788818,-1.8301114431577636
352,0,1027.0,102.0,58,True,-0.9296242684597187,-0.9296242684597187,-1.8592485369194374
352,1,994.0,102.0,58,True,-0.9111334204955797,-0.9111334204955797,-1.8222668409911593
352,2,1069.0,151.0,59,True,-1.1232969638484205,-1.1232969638484205,-2.246593927696841
352,3,994.0,102.0,58,True,-0.9111334204955794,-0.9111334204955794,-1.8222668409911589
353,0,912.0,102.0,58,True,-0.8651864649483252,-0.8651864649483252,-1.7303729298966504
353,1,968.0,151.0,59,True,-1.0667037625036315,-1.0667037625036315,-2.133407525007263
353,2,945.0,102.0,58,True,-0.8836773129124641,-0.8836773129124641,-1.7673546258249282
353,3,945.0,102.0,58,True,-0.8836773129124642,-0.8836773129124642,-1.7673546258249284
354,0,945.0,102.0,58,True,-0.8836773129124642,-0.8836773129124642,-1.7673546258249284
354,1,945.0,102.0,58,True,-0.8836773129124641,-0.8836773129124641,-1.7673546258249282
354,2,968.0,102.0,58,True,-0.896564873614743,-0.896564873614743,-1.793129747229486
354,3,938.0,102.0,58,True,-0.8797550118291623,-0.8797550118291623,-1.7595100236583245
355,0,919.0,102.0,58,True,-0.8691087660316275,-0.8691087660316275,-1.738217532063255
355,1,945.0,151.0,59,True,-1.0538162018013533,-1.0538162018013533,-2.1076324036027065
355,2,938.0,102.0,58,True,-0.879755011829162,-0.879755011829162,-1.759510023658324
355,3,945.0,102.0,58,True,-0.883677312912464,-0.883677312912464,-1.767354625824928
356,0,945.0,102.0,58,True,-0.8836773129124639,-0.8836773129124639,-1.7673546258249277
356,1,953.3333333333334,102.0,58,True,-0.8883467189640146,-0.8883467189640146,-1.7766934379280293
356,2,1073.0,200.0,60,True,-1.2956771676420542,-1.2956771676420542,-2.5913543352841084
356,3,919.0,102.0,58,True,-0.8691087660316273,-0.8691087660316273,-1.7382175320632547
357,0,919.0,102.0,58,True,-0.8691087660316275,-0.8691087660316275,-1.738217532063255
357,1,945.0,102.0,58,True,-0.883677312912464,-0.883677312912464,-1.767354625824928
357,2,945.0,102.0,58,True,-0.8836773129124643,-0.8836773129124643,-1.7673546258249286
357,3,953.3333333333334,102.0,58,True,-0.8883467189640146,-0.8883467189640146,-1.7766934379280293
358,0,1001.0,102.0,58,True,-0.9150557215788817,-0.9150557215788817,-1.8301114431577634
358,1,978.0,102.0,58,True,-0.9021681608766028,-0.9021681608766028,-1.8043363217532056
358,2,986.3333333333334,102.0,58,True,-0.9068375669281538,-0.9068375669281538,-1.8136751338563075
358,3,1001.0,102.0,58,True,-0.9150557215788824,-0.9150557215788824,-1.8301114431577648
359,0,912.0,102.0,58,True,-0.8651864649483252,-0.8651864649483252,-1.7303729298966504
359,1,919.0,102.0,58,True,-0.8691087660316272,-0.8691087660316272,-1.7382175320632545
359,2,945.0,102.0,58,True,-0.8836773129124642,-0.8836773129124642,-1.7673546258249284
359,3,945.0,102.0,58,True,-0.883677312912464,-0.883677312912464,-1.767354625824928
360,0,944.3333333333334,144.0,59,True,-1.0291370937616733,-1.0291370937616733,-2.0582741875233466
360,1,975.0,144.0,59,True,-1.0463205080313787,-1.0463205080313787,-2.0926410160627573
360,2,944.3333333333334,102.0,58,True,-0.8833037604283402,-0.8833037604283402,-1.7666075208566805
360,3,1001.0,144.0,59,True,-1.060889054912215,-1.060889054912215,-2.12177810982443
361,0,944.3333333333334,102.0,58,True,-0.8833037604283401,-0.8833037604283401,-1.7666075208566803
361,1,994.0,144.0,59,True,-1.0569667538289131,-1.0569667538289131,-2.1139335076578263
361,2,919.0,102.0,58,True,-0.8691087660316271,-0.8691087660316271,-1.7382175320632542
361,3,986.3333333333334,144.0,59,True,-1.052670900261487,-1.052670900261487,-2.105341800522974
362,0,944.3333333333334,102.0,58,True,-0.8833037604283402,-0.8833037604283402,-1.7666075208566805
362,1,1001.0,102.0,58,True,-0.9150557215788819,-0.9150557215788819,-1.8301114431577639
362,2,1001.0,102.0,58,True,-0.9150557215788822,-0.9150557215788822,-1.8301114431577643
362,3,952.0,102.0,58,True,-0.8875996139957664,-0.8875996139957664,-1.7751992279915327
363,0,1001.0,144.0,59,True,-1.0608890549122152,-1.0608890549122152,-2.1217781098244304
363,1,1001.0,102.0,58,True,-0.9150557215788822,-0.9150557215788822,-1.8301114431577643
363,2,1001.0,102.0,58,True,-0.9150557215788816,-0.9150557215788816,-1.8301114431577632
363,3,1001.0,102.0,58,True,-0.9150557215788817,-0.9150557215788817,-1.8301114431577634
364,0,944.3333333333334,102.0,58,True,-0.8833037604283402,-0.8833037604283402,-1.7666075208566805
364,1,1036.3333333333335,102.0,58,True,-0.9348540032374549,-0.9348540032374549,-1.8697080064749099
364,2,977.3333333333334,102.0,58,True,-0.9017946083924793,-0.9017946083924793,-1.8035892167849585
364,3,1001.0,102.0,58,True,-0.9150557215788819,-0.9150557215788819,-1.8301114431577639
365,0,1001.0,102.0,58,True,-0.9150557215788817,-0.9150557215788817,-1.8301114431577634
365,1,975.0,102.0,58,True,-0.9004871746980452,-0.9004871746980452,-1.8009743493960904
365,2,1001.0,102.0,58,True,-0.9150557215788822,-0.9150557215788822,-1.8301114431577643
365,3,1001.0,102.0,58,True,-0.9150557215788818,-0.9150557215788818,-1.8301114431577636
366,0,975.0,102.0,58,True,-0.9004871746980452,-0.9004871746980452,-1.8009743493960904
366,1,902.3333333333334,102.0,58,True,-0.8597699539285271,-0.8597699539285271,-1.7195399078570541
366,2,975.0,102.0,58,True,-0.9004871746980452,-0.9004871746980452,-1.8009743493960904
366,3,902.3333333333334,102.0,58,True,-0.8597699539285272,-0.8597699539285272,-1.7195399078570544
367,0,919.0,102.0,58,True,-0.8691087660316275,-0.8691087660316275,-1.738217532063255
367,1,986.3333333333334,102.0,58,True,-0.9068375669281535,-0.9068375669281535,-1.813675133856307
367,2,1001.0,102.0,58,True,-0.9150557215788818,-0.9150557215788818,-1.8301114431577636
367,3,919.0,102.0,58,True,-0.8691087660316273,-0.8691087660316273,-1.7382175320632547
368,0,919.0,151.0,59,True,-1.0392476549205163,-1.0392476549205163,-2.0784953098410326
368,1,919.0,102.0,58,True,-0.8691087660316275,-0.8691087660316275,-1.738217532063255
368,2,919.0,151.0,59,True,-1.0392476549205163,-1.0392476549205163,-2.0784953098410326
368,3,919.0,102.0,58,True,-0.8691087660316275,-0.8691087660316275,-1.738217532063255
369,0,975.0,102.0,58,True,-0.9004871746980451,-0.9004871746980451,-1.8009743493960901
369,1,902.3333333333334,102.0,58,True,-0.8597699539285268,-0.8597699539285268,-1.7195399078570537
369,2,975.0,102.0,58,True,-0.9004871746980452,-0.9004871746980452,-1.8009743493960904
369,3,902.3333333333334,102.0,58,True,-0.8597699539285273,-0.8597699539285273,-1.7195399078570546
370,0,902.3333333333334,102.0,58,True,-0.8597699539285273,-0.8597699539285273,-1.7195399078570546
370,1,975.0,102.0,58,True,-0.900487174698045,-0.900487174698045,-1.80097434939609
370,2,902.3333333333334,102.0,58,True,-0.8597699539285271,-0.8597699539285271,-1.7195399078570541
370,3,902.3333333333334,102.0,58,True,-0.859769953928527,-0.859769953928527,-1.719539907857054
371,0,1034.0,144.0,59,True,-1.079379902876354,-1.079379902876354,-2.158759805752708
371,1,977.3333333333334,144.0,59,True,-1.0476279417258125,-1.0476279417258125,-2.095255883451625
371,2,1003.3333333333334,144.0,59,True,-1.0621964886066493,-1.0621964886066493,-2.1243929772132986
371,3,1116.0,235.0,60,True,-1.4412990806458308,-1.4412990806458308,-2.8825981612916616
372,0,902.3333333333334,102.0,58,True,-0.8597699539285272,-0.8597699539285272,-1.7195399078570544
372,1,957.3333333333333,144.0,59,True,-1.036421367202092,-1.036421367202092,-2.072842734404184
372,2,957.3333333333333,144.0,59,True,-1.036421367202092,-1.036421367202092,-2.072842734404184
372,3,998.0,193.0,59,True,-1.229346957622546,-1.229346957622546,-2.458693915245092
373,0,975.0,102.0,58,True,-0.9004871746980452,-0.9004871746980452,-1.8009743493960904
373,1,902.3333333333334,102.0,58,True,-0.8597699539285273,-0.8597699539285273,-1.7195399078570546
373,2,994.3333333333334,102.0,58,True,-0.9113201967376416,-0.9113201967376416,-1.8226403934752833
373,3,1024.0,144.0,59,True,-1.0737766156144943,-1.0737766156144943,-2.1475532312289887
374,0,977.3333333333334,235.0,60,True,-1.3636001639480348,-1.3636001639480348,-2.7272003278960697
374,1,975.0,102.0,58,True,-0.9004871746980451,-0.9004871746980451,-1.8009743493960901
374,2,944.3333333333334,102.0,58,True,-0.8833037604283402,-0.8833037604283402,-1.7666075208566805
374,3,902.3333333333334,102.0,58,True,-0.8597699539285273,-0.8597699539285273,-1.7195399078570546
375,0,975.0,102.0,58,True,-0.9004871746980451,-0.9004871746980451,-1.8009743493960901
375,1,919.0,102.0,58,True,-0.8691087660316275,-0.8691087660316275,-1.738217532063255
375,2,902.3333333333334,102.0,58,True,-0.859769953928527,-0.859769953928527,-1.719539907857054
375,3,902.3333333333334,102.0,58,True,-0.859769953928527,-0.859769953928527,-1.719539907857054
376,0,902.3333333333334,102.0,58,True,-0.8597699539285273,-0.8597699539285273,-1.7195399078570546
376,1,975.0,144.0,58,True,-1.0463205080313787,-1.0463205080313787,-2.0926410160627573
376,2,1008.0,193.0,60,True,-1.2349502448844063,-1.2349502448844063,-2.4699004897688126
376,3,919.0,151.0,59,True,-1.0392476549205163,-1.0392476549205163,-2.0784953098410326
377,0,975.0,102.0,58,True,-0.9004871746980452,-0.9004871746980452,-1.8009743493960904
377,1,975.0,144.0,59,True,-1.0463205080313784,-1.0463205080313784,-2.092641016062757
377,2,902.3333333333334,102.0,58,True,-0.859769953928527,-0.859769953928527,-1.719539907857054
377,3,902.3333333333334,102.0,58,True,-0.8597699539285271,-0.8597699539285271,-1.7195399078570541
378,0,902.3333333333334,102.0,58,True,-0.8597699539285272,-0.8597699539285272,-1.7195399078570544
378,1,902.3333333333334,102.0,58,True,-0.8597699539285272,-0.8597699539285272,-1.7195399078570544
378,2,943.0,151.0,59,True,-1.0526955443489807,-1.0526955443489807,-2.1053910886979614
378,3,902.3333333333334,102.0,58,True,-0.8597699539285271,-0.8597699539285271,-1.7195399078570541
379,0,975.0,102.0,58,True,-0.9004871746980452,-0.9004871746980452,-1.8009743493960904
379,1,1001.0,102.0,58,True,-0.915055721578882,-0.915055721578882,-1.830111443157764
379,2,1045.3333333333335,102.0,58,True,-0.9398969617731291,-0.9398969617731291,-1.8797939235462582
379,3,902.3333333333334,102.0,58,True,-0.8597699539285271,-0.8597699539285271,-1.7195399078570541
380,0,902.3333333333334,102.0,58,True,-0.8597699539285271,-0.8597699539285271,-1.7195399078570541
380,1,902.3333333333334,102.0,58,True,-0.8597699539285271,-0.8597699539285271,-1.7195399078570541
380,2,926.0,151.0,59,True,-1.0431699560038188,-1.0431699560038188,-2.0863399120076376
380,3,902.3333333333334,102.0,58,True,-0.8597699539285267,-0.8597699539285267,-1.7195399078570535
381,0,902.3333333333334,102.0,58,True,-0.859769953928527,-0.859769953928527,-1.719539907857054
381,1,926.0,151.0,59,True,-1.0431699560038183,-1.0431699560038183,-2.0863399120076367
381,2,902.3333333333334,102.0,58,True,-0.8597699539285272,-0.8597699539285272,-1.7195399078570544
381,3,902.3333333333334,102.0,58,True,-0.8597699539285271,-0.8597699539285271,-1.7195399078570541
382,0,919.0,102.0,58,True,-0.8691087660316273,-0.8691087660316273,-1.7382175320632547
382,1,944.3333333333334,102.0,58,True,-0.8833037604283402,-0.8833037604283402,-1.7666075208566805
382,2,968.0,193.0,60,True,-1.2125370958369655,-1.2125370958369655,-2.425074191673931
382,3,1001.0,102.0,58,True,-0.9150557215788817,-0.9150557215788817,-1.8301114431577634
383,0,919.0,102.0,58,True,-0.8691087660316273,-0.8691087660316273,-1.7382175320632547
383,1,912.0,102.0,58,True,-0.8651864649483252,-0.8651864649483252,-1.7303729298966504
383,2,945.0,102.0,58,True,-0.883677312912464,-0.883677312912464,-1.767354625824928
383,3,945.0,151.0,59,True,-1.0538162018013533,-1.0538162018013533,-2.1076324036027065
384,0,945.0,102.0,58,True,-0.8836773129124643,-0.8836773129124643,-1.7673546258249286
384,1,919.0,102.0,58,True,-0.8691087660316275,-0.8691087660316275,-1.738217532063255
384,2,919.0,102.0,58,True,-0.8691087660316275,-0.8691087660316275,-1.738217532063255
384,3,919.0,151.0,59,True,-1.0392476549205165,-1.0392476549205165,-2.078495309841033
385,0,919.0,151.0,59,True,-1.0392476549205165,-1.0392476549205165,-2.078495309841033
385,1,919.0,151.0,59,True,-1.0392476549205165,-1.0392476549205165,-2.078495309841033
385,2,902.3333333333334,102.0,58,True,-0.859769953928527,-0.859769953928527,-1.719539907857054
385,3,944.3333333333334,102.0,58,True,-0.8833037604283401,-0.8833037604283401,-1.7666075208566803
386,0,902.3333333333334,102.0,58,True,-0.859769953928527,-0.859769953928527,-1.719539907857054
386,1,919.0,151.0,59,True,-1.0392476549205165,-1.0392476549205165,-2.078495309841033
386,2,944.3333333333334,102.0,58,True,-0.8833037604283402,-0.8833037604283402,-1.7666075208566805
386,3,945.0,151.0,59,True,-1.0538162018013533,-1.0538162018013533,-2.1076324036027065
387,0,919.0,102.0,58,True,-0.8691087660316273,-0.8691087660316273,-1.7382175320632547
387,1,902.3333333333334,102.0,58,True,-0.859769953928527,-0.859769953928527,-1.719539907857054
387,2,919.0,102.0,58,True,-0.8691087660316273,-0.8691087660316273,-1.7382175320632547
387,3,919.0,102.0,58,True,-0.8691087660316275,-0.8691087660316275,-1.738217532063255
388,0,919.0,151.0,59,True,-1.0392476549205167,-1.0392476549205167,-2.0784953098410335
388,1,985.0,151.0,59,True,-1.0762293508487943,-1.0762293508487943,-2.1524587016975887
388,2,958.0,151.0,59,True,-1.0611004752417714,-1.0611004752417714,-2.122200950483543
388,3,919.0,151.0,59,True,-1.0392476549205165,-1.0392476549205165,-2.078495309841033
389,0,919.0,102.0,58,True,-0.8691087660316272,-0.8691087660316272,-1.7382175320632545
389,1,919.0,102.0,58,True,-0.8691087660316275,-0.8691087660316275,-1.738217532063255
389,2,975.0,102.0,58,True,-0.9004871746980454,-0.9004871746980454,-1.8009743493960908
389,3,1001.0,102.0,58,True,-0.9150557215788823,-0.9150557215788823,-1.8301114431577645
390,0,919.0,102.0,58,True,-0.8691087660316275,-0.8691087660316275,-1.738217532063255
390,1,944.3333333333334,102.0,58,True,-0.8833037604283405,-0.8833037604283405,-1.766607520856681
390,2,985.0,151.0,59,True,-1.0762293508487941,-1.0762293508487941,-2.1524587016975882
390,3,987.0,193.0,59,True,-1.2231833416344995,-1.2231833416344995,-2.446366683268999
391,0,975.0,102.0,58,True,-0.9004871746980454,-0.9004871746980454,-1.8009743493960908
391,1,1065.0,193.0,59,True,-1.26688898227701,-1.26688898227701,-2.53377796455402
391,2,975.0,102.0,58,True,-0.9004871746980452,-0.9004871746980452,-1.8009743493960904
391,3,1008.0,102.0,58,True,-0.9189780226621844,-0.9189780226621844,-1.8379560453243688
392,0,1018.0,151.0,59,True,-1.0947201988129336,-1.0947201988129336,-2.189440397625867
392,1,975.0,151.0,59,True,-1.0706260635869342,-1.0706260635869342,-2.1412521271738685
392,2,986.3333333333334,102.0,58,True,-0.9068375669281533,-0.9068375669281533,-1.8136751338563066
392,3,1010.0,151.0,59,True,-1.0902375690034454,-1.0902375690034454,-2.1804751380068907
393,0,1001.0,102.0,58,True,-0.9150557215788817,-0.9150557215788817,-1.8301114431577634
393,1,1001.0,102.0,58,True,-0.9150557215788817,-0.9150557215788817,-1.8301114431577634
393,2,1001.0,151.0,59,True,-1.0851946104677712,-1.0851946104677712,-2.1703892209355424
393,3,1001.0,102.0,58,True,-0.9150557215788817,-0.9150557215788817,-1.8301114431577634
394,0,1001.0,151.0,59,True,-1.0851946104677712,-1.0851946104677712,-2.1703892209355424
394,1,944.3333333333334,102.0,58,True,-0.8833037604283401,-0.8833037604283401,-1.7666075208566803
394,2,919.0,102.0,58,True,-0.8691087660316275,-0.8691087660316275,-1.738217532063255
394,3,994.0,151.0,59,True,-1.0812723093844683,-1.0812723093844683,-2.1625446187689366
395,0,944.3333333333334,102.0,58,True,-0.8833037604283408,-0.8833037604283408,-1.7666075208566816
395,1,1008.0,151.0,59,True,-1.0891169115510728,-1.0891169115510728,-2.1782338231021456
395,2,975.0,102.0,58,True,-0.9004871746980454,-0.9004871746980454,-1.8009743493960908
395,3,1026.3333333333335,102.0,58,True,-0.9292507159755952,-0.9292507159755952,-1.8585014319511903
396,0,1001.0,102.0,58,True,-0.915055721578882,-0.915055721578882,-1.830111443157764
396,1,975.0,102.0,58,True,-0.9004871746980456,-0.9004871746980456,-1.8009743493960912
396,2,1001.0,144.0,59,True,-1.060889054912215,-1.060889054912215,-2.12177810982443
396,3,944.3333333333334,102.0,58,True,-0.8833037604283405,-0.8833037604283405,-1.766607520856681
397,0,1001.0,102.0,58,True,-0.9150557215788817,-0.9150557215788817,-1.8301114431577634
397,1,1057.0,144.0,58,True,-1.092267463578633,-1.092267463578633,-2.184534927157266
397,2,975.0,102.0,58,True,-0.9004871746980453,-0.9004871746980453,-1.8009743493960906
397,3,1001.0,151.0,59,True,-1.0851946104677708,-1.0851946104677708,-2.1703892209355415
398,0,1001.0,102.0,58,True,-0.9150557215788816,-0.9150557215788816,-1.8301114431577632
398,1,919.0,102.0,58,True,-0.8691087660316276,-0.8691087660316276,-1.7382175320632551
398,2,975.0,102.0,58,True,-0.900487174698045,-0.900487174698045,-1.80097434939609
398,3,1118.3333333333335,102.0,58,True,-0.9808009587847092,-0.9808009587847092,-1.9616019175694184
399,0,944.3333333333334,102.0,58,True,-0.8833037604283402,-0.8833037604283402,-1.7666075208566805
399,1,944.3333333333334,102.0,58,True,-0.8833037604283405,-0.8833037604283405,-1.766607520856681
399,2,975.0,151.0,59,True,-1.0706260635869342,-1.0706260635869342,-2.1412521271738685
399,3,975.0,102.0,58,True,-0.9004871746980456,-0.9004871746980456,-1.8009743493960912
400,0,975.0,151.0,59,True,-1.0706260635869338,-1.0706260635869338,-2.1412521271738676
400,1,975.0,102.0,58,True,-0.9004871746980448,-0.9004871746980448,-1.8009743493960897
400,2,975.0,102.0,58,True,-0.9004871746980455,-0.9004871746980455,-1.800974349396091
400,3,975.0,102.0,58,True,-0.900487174698045,-0.900487174698045,-1.80097434939609
401,0,975.0,102.0,58,True,-0.9004871746980452,-0.9004871746980452,-1.8009743493960904
401,1,975.0,102.0,58,True,-0.9004871746980451,-0.9004871746980451,-1.8009743493960901
401,2,942.0,151.0,59,True,-1.0521352156227954,-1.0521352156227954,-2.104270431245591
401,3,975.0,102.0,58,True,-0.9004871746980453,-0.9004871746980453,-1.8009743493960906
402,0,975.0,151.0,59,True,-1.0706260635869342,-1.0706260635869342,-2.1412521271738685
402,1,1007.0,144.0,58,True,-1.064251027269331,-1.064251027269331,-2.128502054538662
402,2,944.3333333333334,102.0,58,True,-0.88330376042834,-0.88330376042834,-1.76660752085668
402,3,977.3333333333334,102.0,58,True,-0.9017946083924792,-0.9017946083924792,-1.8035892167849583
403,0,982.0,102.0,58,True,-0.9044094757813472,-0.9044094757813472,-1.8088189515626945
403,1,975.0,102.0,58,True,-0.9004871746980457,-0.9004871746980457,-1.8009743493960915
403,2,977.3333333333334,102.0,58,True,-0.9017946083924789,-0.9017946083924789,-1.8035892167849579
403,3,977.3333333333334,102.0,58,True,-0.9017946083924792,-0.9017946083924792,-1.8035892167849583
404,0,975.0,102.0,58,True,-0.9004871746980452,-0.9004871746980452,-1.8009743493960904
404,1,1037.3333333333335,102.0,58,True,-0.9354143319636414,-0.9354143319636414,-1.8708286639272829
404,2,975.0,102.0,58,True,-0.9004871746980452,-0.9004871746980452,-1.8009743493960904
404,3,986.3333333333334,102.0,58,True,-0.9068375669281538,-0.9068375669281538,-1.8136751338563075
405,0,994.3333333333334,102.0,58,True,-0.9113201967376416,-0.9113201967376416,-1.8226403934752833
405,1,975.0,102.0,58,True,-0.9004871746980451,-0.9004871746980451,-1.8009743493960901
405,2,975.0,102.0,58,True,-0.900487174698045,-0.900487174698045,-1.80097434939609
405,3,975.0,102.0,58,True,-0.9004871746980452,-0.9004871746980452,-1.8009743493960904
406,0,977.3333333333334,144.0,59,True,-1.0476279417258125,-1.0476279417258125,-2.095255883451625
406,1,975.0,102.0,58,True,-0.9004871746980452,-0.9004871746980452,-1.8009743493960904
406,2,1057.0,151.0,59,True,-1.1165730191341885,-1.1165730191341885,-2.233146038268377
406,3,975.0,151.0,59,True,-1.0706260635869342,-1.0706260635869342,-2.1412521271738685
407,0,902.3333333333334,102.0,58,True,-0.859769953928527,-0.859769953928527,-1.719539907857054
407,1,902.3333333333334,102.0,58,True,-0.8597699539285267,-0.8597699539285267,-1.7195399078570535
407,2,975.0,102.0,58,True,-0.9004871746980451,-0.9004871746980451,-1.8009743493960901
407,3,975.0,102.0,58,True,-0.9004871746980447,-0.9004871746980447,-1.8009743493960895
408,0,975.0,151.0,59,True,-1.070626063586934,-1.070626063586934,-2.141252127173868
408,1,975.0,102.0,58,True,-0.9004871746980451,-0.9004871746980451,-1.8009743493960901
408,2,975.0,102.0,58,True,-0.900487174698045,-0.900487174698045,-1.80097434939609
408,3,975.0,151.0,59,True,-1.070626063586934,-1.070626063586934,-2.141252127173868
409,0,975.0,102.0,58,True,-0.9004871746980452,-0.9004871746980452,-1.8009743493960904
409,1,975.0,102.0,58,True,-0.9004871746980448,-0.9004871746980448,-1.8009743493960897
409,2,975.0,102.0,58,True,-0.900487174698045,-0.900487174698045,-1.80097434939609
409,3,975.0,102.0,58,True,-0.9004871746980452,-0.9004871746980452,-1.8009743493960904
410,0,975.0,102.0,58,True,-0.9004871746980453,-0.9004871746980453,-1.8009743493960906
410,1,975.0,102.0,58,True,-0.900487174698045,-0.900487174698045,-1.80097434939609
410,2,975.0,102.0,58,True,-0.900487174698045,-0.900487174698045,-1.80097434939609
410,3,975.0,102.0,58,True,-0.9004871746980452,-0.9004871746980452,-1.8009743493960904
411,0,982.0,102.0,58,True,-0.9044094757813472,-0.9044094757813472,-1.8088189515626945
411,1,982.0,102.0,58,True,-0.9044094757813471,-0.9044094757813471,-1.8088189515626942
411,2,975.0,102.0,58,True,-0.9004871746980452,-0.9004871746980452,-1.8009743493960904
411,3,902.3333333333334,102.0,58,True,-0.859769953928527,-0.859769953928527,-1.719539907857054
412,0,975.0,102.0,58,True,-0.9004871746980451,-0.9004871746980451,-1.8009743493960901
412,1,900.0,102.0,58,True,-0.8584625202340928,-0.8584625202340928,-1.7169250404681855
412,2,975.0,102.0,58,True,-0.9004871746980448,-0.9004871746980448,-1.8009743493960897
412,3,902.3333333333334,102.0,58,True,-0.8597699539285273,-0.8597699539285273,-1.7195399078570546
413,0,902.3333333333334,102.0,58,True,-0.859769953928527,-0.859769953928527,-1.719539907857054
413,1,944.3333333333334,102.0,58,True,-0.8833037604283404,-0.8833037604283404,-1.7666075208566807
413,2,916.0,102.0,58,True,-0.8674277798530695,-0.8674277798530695,-1.734855559706139
413,3,902.3333333333334,102.0,58,True,-0.859769953928527,-0.859769953928527,-1.719539907857054
414,0,916.0,102.0,58,True,-0.8674277798530692,-0.8674277798530692,-1.7348555597061384
414,1,888.3333333333334,102.0,58,True,-0.8519253517619226,-0.8519253517619226,-1.7038507035238453
414,2,902.3333333333334,102.0,58,True,-0.8597699539285268,-0.8597699539285268,-1.7195399078570537
414,3,902.3333333333334,102.0,58,True,-0.859769953928527,-0.859769953928527,-1.719539907857054
415,0,916.0,102.0,58,True,-0.8674277798530691,-0.8674277798530691,-1.7348555597061381
415,1,902.3333333333334,102.0,58,True,-0.8597699539285273,-0.8597699539285273,-1.7195399078570546
415,2,916.0,102.0,58,True,-0.8674277798530694,-0.8674277798530694,-1.7348555597061388
415,3,944.3333333333334,102.0,58,True,-0.8833037604283399,-0.8833037604283399,-1.7666075208566798
416,0,902.3333333333334,102.0,58,True,-0.8597699539285273,-0.8597699539285273,-1.7195399078570546
416,1,900.0,102.0,58,True,-0.8584625202340925,-0.8584625202340925,-1.716925040468185
416,2,902.3333333333334,102.0,58,True,-0.8597699539285268,-0.8597699539285268,-1.7195399078570537
416,3,975.0,102.0,58,True,-0.9004871746980453,-0.9004871746980453,-1.8009743493960906
417,0,944.3333333333334,102.0,58,True,-0.8833037604283402,-0.8833037604283402,-1.7666075208566805
417,1,942.0,102.0,58,True,-0.8819963267339059,-0.8819963267339059,-1.7639926534678119
417,2,944.3333333333334,102.0,58,True,-0.8833037604283404,-0.8833037604283404,-1.7666075208566807
417,3,916.0,151.0,59,True,-1.0375666687419582,-1.0375666687419582,-2.0751333374839165
418,0,944.3333333333334,102.0,58,True,-0.88330376042834,-0.88330376042834,-1.76660752085668
418,1,944.3333333333334,102.0,58,True,-0.88330376042834,-0.88330376042834,-1.76660752085668
418,2,944.3333333333334,102.0,58,True,-0.8833037604283401,-0.8833037604283401,-1.7666075208566803
418,3,919.3333333333334,102.0,58,True,-0.8692955422736894,-0.8692955422736894,-1.7385910845473789
419,0,953.3333333333334,102.0,58,True,-0.8883467189640145,-0.8883467189640145,-1.776693437928029
419,1,944.3333333333334,102.0,58,True,-0.8833037604283402,-0.8833037604283402,-1.7666075208566805
419,2,953.3333333333334,102.0,58,True,-0.8883467189640145,-0.8883467189640145,-1.776693437928029
419,3,902.3333333333334,102.0,58,True,-0.8597699539285271,-0.8597699539285271,-1.7195399078570541
420,0,902.3333333333334,102.0,58,True,-0.8597699539285268,-0.8597699539285268,-1.7195399078570537
420,1,916.0,102.0,58,True,-0.8674277798530697,-0.8674277798530697,-1.7348555597061395
420,2,933.0,151.0,59,True,-1.0470922570871208,-1.0470922570871208,-2.0941845141742417
420,3,900.0,102.0,58,True,-0.858462520234093,-0.858462520234093,-1.716925040468186
421,0,1028.3333333333335,102.0,58,True,-0.9303713734279662,-0.9303713734279662,-1.8607427468559323
421,1,944.3333333333334,102.0,58,True,-0.88330376042834,-0.88330376042834,-1.76660752085668
421,2,944.3333333333334,102.0,58,True,-0.8833037604283401,-0.8833037604283401,-1.7666075208566803
421,3,902.3333333333334,102.0,58,True,-0.8597699539285268,-0.8597699539285268,-1.7195399078570537
422,0,902.3333333333334,102.0,58,True,-0.8597699539285267,-0.8597699539285267,-1.7195399078570535
422,1,953.3333333333334,102.0,58,True,-0.8883467189640142,-0.8883467189640142,-1.7766934379280284
422,2,916.0,102.0,58,True,-0.8674277798530693,-0.8674277798530693,-1.7348555597061386
422,3,902.3333333333334,102.0,58,True,-0.859769953928527,-0.859769953928527,-1.719539907857054
423,0,900.0,102.0,58,True,-0.8584625202340928,-0.8584625202340928,-1.7169250404681855
423,1,902.3333333333334,102.0,58,True,-0.859769953928527,-0.859769953928527,-1.719539907857054
423,2,975.0,102.0,58,True,-0.9004871746980452,-0.9004871746980452,-1.8009743493960904
423,3,900.0,102.0,58,True,-0.8584625202340928,-0.8584625202340928,-1.7169250404681855
424,0,975.0,102.0,58,True,-0.9004871746980455,-0.9004871746980455,-1.800974349396091
424,1,902.3333333333334,102.0,58,True,-0.8597699539285273,-0.8597699539285273,-1.7195399078570546
424,2,902.3333333333334,102.0,58,True,-0.8597699539285272,-0.8597699539285272,-1.7195399078570544
424,3,902.3333333333334,102.0,58,True,-0.8597699539285271,-0.8597699539285271,-1.7195399078570541
425,0,902.3333333333334,102.0,58,True,-0.859769953928527,-0.859769953928527,-1.719539907857054
425,1,902.3333333333334,102.0,58,True,-0.8597699539285267,-0.8597699539285267,-1.7195399078570535
425,2,900.0,102.0,58,True,-0.8584625202340928,-0.8584625202340928,-1.7169250404681855
425,3,900.0,102.0,58,True,-0.858462520234093,-0.858462520234093,-1.716925040468186
426,0,900.0,102.0,58,True,-0.8584625202340931,-0.8584625202340931,-1.7169250404681862
426,1,995.3333333333334,102.0,58,True,-0.9118805254638276,-0.9118805254638276,-1.8237610509276552
426,2,902.3333333333334,102.0,58,True,-0.8597699539285267,-0.8597699539285267,-1.7195399078570535
426,3,911.3333333333334,102.0,58,True,-0.8648129124642014,-0.8648129124642014,-1.7296258249284029
427,0,916.0,102.0,58,True,-0.8674277798530697,-0.8674277798530697,-1.7348555597061395
427,1,944.3333333333334,102.0,58,True,-0.88330376042834,-0.88330376042834,-1.76660752085668
427,2,902.3333333333334,102.0,58,True,-0.8597699539285271,-0.8597699539285271,-1.7195399078570541
427,3,902.3333333333334,102.0,58,True,-0.859769953928527,-0.859769953928527,-1.719539907857054
428,0,902.3333333333334,102.0,58,True,-0.8597699539285268,-0.8597699539285268,-1.7195399078570537
428,1,1088.3333333333335,102.0,58,True,-0.9639910969991284,-0.9639910969991284,-1.9279821939982569
428,2,995.3333333333334,102.0,58,True,-0.9118805254638278,-0.9118805254638278,-1.8237610509276556
428,3,953.3333333333334,102.0,58,True,-0.8883467189640144,-0.8883467189640144,-1.7766934379280288
429,0,944.3333333333334,102.0,58,True,-0.88330376042834,-0.88330376042834,-1.76660752085668
429,1,944.3333333333334,102.0,58,True,-0.88330376042834,-0.88330376042834,-1.76660752085668
429,2,953.3333333333334,102.0,58,True,-0.8883467189640142,-0.8883467189640142,-1.7766934379280284
429,3,902.3333333333334,102.0,58,True,-0.8597699539285271,-0.8597699539285271,-1.7195399078570541
430,0,944.3333333333334,102.0,58,True,-0.8833037604283399,-0.8833037604283399,-1.7666075208566798
430,1,995.3333333333334,102.0,58,True,-0.9118805254638274,-0.9118805254638274,-1.8237610509276547
430,2,944.3333333333334,102.0,58,True,-0.88330376042834,-0.88330376042834,-1.76660752085668
430,3,902.3333333333334,102.0,58,True,-0.8597699539285268,-0.8597699539285268,-1.7195399078570537
431,0,902.3333333333334,102.0,58,True,-0.859769953928527,-0.859769953928527,-1.719539907857054
431,1,911.3333333333334,102.0,58,True,-0.8648129124642012,-0.8648129124642012,-1.7296258249284024
431,2,911.3333333333334,102.0,58,True,-0.8648129124642012,-0.8648129124642012,-1.7296258249284024
431,3,902.3333333333334,102.0,58,True,-0.859769953928527,-0.859769953928527,-1.719539907857054
432,0,986.3333333333334,144.0,59,True,-1.0526709002614867,-1.0526709002614867,-2.1053418005229734
432,1,986.3333333333334,102.0,58,True,-0.9068375669281531,-0.9068375669281531,-1.8136751338563062
432,2,995.3333333333334,102.0,58,True,-0.9118805254638275,-0.9118805254638275,-1.823761050927655
432,3,953.3333333333334,102.0,58,True,-0.8883467189640143,-0.8883467189640143,-1.7766934379280286
433,0,916.0,102.0,58,True,-0.8674277798530695,-0.8674277798530695,-1.734855559706139
433,1,1054.3333333333335,102.0,58,True,-0.9449399203088034,-0.9449399203088034,-1.8898798406176067
433,2,982.0,102.0,58,True,-0.9044094757813477,-0.9044094757813477,-1.8088189515626953
433,3,986.3333333333334,102.0,58,True,-0.906837566928153,-0.906837566928153,-1.813675133856306
434,0,1028.3333333333335,102.0,58,True,-0.9303713734279666,-0.9303713734279666,-1.8607427468559332
434,1,982.0,102.0,58,True,-0.9044094757813472,-0.9044094757813472,-1.8088189515626945
434,2,982.0,102.0,58,True,-0.9044094757813472,-0.9044094757813472,-1.8088189515626945
434,3,1036.3333333333335,102.0,58,True,-0.9348540032374547,-0.9348540032374547,-1.8697080064749094
435,0,998.0,102.0,58,True,-0.9133747354003238,-0.9133747354003238,-1.8267494708006475
435,1,982.0,102.0,58,True,-0.9044094757813471,-0.9044094757813471,-1.8088189515626942
435,2,1064.0,102.0,58,True,-0.9503564313286014,-0.9503564313286014,-1.9007128626572027
435,3,998.0,102.0,58,True,-0.9133747354003237,-0.9133747354003237,-1.8267494708006473
436,0,982.0,102.0,58,True,-0.9044094757813473,-0.9044094757813473,-1.8088189515626947
436,1,944.3333333333334,102.0,58,True,-0.8833037604283402,-0.8833037604283402,-1.7666075208566805
436,2,944.3333333333334,102.0,58,True,-0.88330376042834,-0.88330376042834,-1.76660752085668
436,3,944.3333333333334,102.0,58,True,-0.88330376042834,-0.88330376042834,-1.76660752085668
437,0,926.0,102.0,58,True,-0.8730310671149295,-0.8730310671149295,-1.746062134229859
437,1,944.3333333333334,102.0,58,True,-0.8833037604283405,-0.8833037604283405,-1.766607520856681
437,2,986.3333333333334,102.0,58,True,-0.9068375669281534,-0.9068375669281534,-1.8136751338563069
437,3,944.3333333333334,102.0,58,True,-0.88330376042834,-0.88330376042834,-1.76660752085668
438,0,926.0,102.0,58,True,-0.8730310671149296,-0.8730310671149296,-1.7460621342298592
438,1,944.3333333333334,102.0,58,True,-0.8833037604283405,-0.8833037604283405,-1.766607520856681
438,2,933.0,151.0,59,True,-1.0470922570871208,-1.0470922570871208,-2.0941845141742417
438,3,944.3333333333334,102.0,58,True,-0.8833037604283404,-0.8833037604283404,-1.7666075208566807
439,0,902.3333333333334,102.0,58,True,-0.8597699539285272,-0.8597699539285272,-1.7195399078570544
439,1,975.0,102.0,58,True,-0.9004871746980451,-0.9004871746980451,-1.8009743493960901
439,2,975.0,102.0,58,True,-0.9004871746980452,-0.9004871746980452,-1.8009743493960904
439,3,982.0,102.0,58,True,-0.9044094757813472,-0.9044094757813472,-1.8088189515626945
440,0,975.0,102.0,58,True,-0.900487174698045,-0.900487174698045,-1.80097434939609
440,1,977.3333333333334,102.0,58,True,-0.9017946083924792,-0.9017946083924792,-1.8035892167849583
440,2,975.0,102.0,58,True,-0.9004871746980455,-0.9004871746980455,-1.800974349396091
440,3,975.0,102.0,58,True,-0.9004871746980452,-0.9004871746980452,-1.8009743493960904
441,0,975.0,102.0,58,True,-0.9004871746980448,-0.9004871746980448,-1.8009743493960897
441,1,975.0,102.0,58,True,-0.9004871746980452,-0.9004871746980452,-1.8009743493960904
441,2,975.0,102.0,58,True,-0.900487174698045,-0.900487174698045,-1.80097434939609
441,3,977.3333333333334,102.0,58,True,-0.901794608392479,-0.901794608392479,-1.803589216784958
442,0,1036.3333333333335,102.0,58,True,-0.9348540032374548,-0.9348540032374548,-1.8697080064749096
442,1,977.3333333333334,102.0,58,True,-0.901794608392479,-0.901794608392479,-1.803589216784958
442,2,1001.0,102.0,58,True,-0.9150557215788819,-0.9150557215788819,-1.8301114431577639
442,3,975.0,102.0,58,True,-0.9004871746980451,-0.9004871746980451,-1.8009743493960901
443,0,977.3333333333334,102.0,58,True,-0.9017946083924789,-0.9017946083924789,-1.8035892167849579
443,1,977.3333333333334,102.0,58,True,-0.9017946083924792,-0.9017946083924792,-1.8035892167849583
443,2,977.3333333333334,102.0,58,True,-0.9017946083924792,-0.9017946083924792,-1.8035892167849583
443,3,977.3333333333334,102.0,58,True,-0.9017946083924789,-0.9017946083924789,-1.8035892167849579
444,0,975.0,102.0,58,True,-0.9004871746980448,-0.9004871746980448,-1.8009743493960897
444,1,982.0,144.0,59,True,-1.05024280911468,-1.05024280911468,-2.10048561822936
444,2,977.3333333333334,102.0,58,True,-0.901794608392479,-0.901794608392479,-1.803589216784958
444,3,977.3333333333334,102.0,58,True,-0.9017946083924793,-0.9017946083924793,-1.8035892167849585
445,0,977.3333333333334,102.0,58,True,-0.901794608392479,-0.901794608392479,-1.803589216784958
445,1,977.3333333333334,102.0,58,True,-0.901794608392479,-0.901794608392479,-1.803589216784958
445,2,1028.3333333333335,102.0,58,True,-0.9303713734279666,-0.9303713734279666,-1.8607427468559332
445,3,977.3333333333334,102.0,58,True,-0.901794608392479,-0.901794608392479,-1.803589216784958
446,0,977.3333333333334,102.0,58,True,-0.9017946083924792,-0.9017946083924792,-1.8035892167849583
446,1,977.3333333333334,102.0,58,True,-0.9017946083924792,-0.9017946083924792,-1.8035892167849583
446,2,1028.3333333333335,102.0,58,True,-0.9303713734279666,-0.9303713734279666,-1.8607427468559332
446,3,1036.3333333333335,102.0,58,True,-0.934854003237455,-0.934854003237455,-1.86970800647491
447,0,977.3333333333334,102.0,58,True,-0.9017946083924789,-0.9017946083924789,-1.8035892167849579
447,1,1087.3333333333335,102.0,58,True,-0.9634307682729424,-0.9634307682729424,-1.9268615365458848
447,2,977.3333333333334,102.0,58,True,-0.901794608392479,-0.901794608392479,-1.803589216784958
447,3,977.3333333333334,102.0,58,True,-0.9017946083924792,-0.9017946083924792,-1.8035892167849583
448,0,961.3333333333334,102.0,58,True,-0.8928293487735027,-0.8928293487735027,-1.7856586975470055
448,1,944.3333333333334,102.0,58,True,-0.8833037604283402,-0.8833037604283402,-1.7666075208566805
448,2,1003.3333333333334,102.0,58,True,-0.9163631552733159,-0.9163631552733159,-1.8327263105466318
448,3,902.3333333333334,102.0,58,True,-0.859769953928527,-0.859769953928527,-1.719539907857054
449,0,994.3333333333334,102.0,58,True,-0.9113201967376416,-0.9113201967376416,-1.8226403934752833
449,1,902.3333333333334,102.0,58,True,-0.8597699539285268,-0.8597699539285268,-1.7195399078570537
449,2,975.0,102.0,58,True,-0.9004871746980453,-0.9004871746980453,-1.8009743493960906
449,3,919.3333333333334,102.0,58,True,-0.8692955422736897,-0.8692955422736897,-1.7385910845473793
450,0,952.0,144.0,58,True,-1.0334329473290995,-1.0334329473290995,-2.066865894658199
450,1,1036.3333333333335,102.0,58,True,-0.9348540032374548,-0.9348540032374548,-1.8697080064749096
450,2,902.3333333333334,102.0,58,True,-0.8597699539285267,-0.8597699539285267,-1.7195399078570535
450,3,1001.0,102.0,58,True,-0.9150557215788822,-0.9150557215788822,-1.8301114431577643
451,0,975.0,102.0,58,True,-0.9004871746980452,-0.9004871746980452,-1.8009743493960904
451,1,975.0,102.0,58,True,-0.9004871746980452,-0.9004871746980452,-1.8009743493960904
451,2,902.3333333333334,102.0,58,True,-0.8597699539285268,-0.8597699539285268,-1.7195399078570537
451,3,975.0,102.0,58,True,-0.9004871746980448,-0.9004871746980448,-1.8009743493960897
452,0,975.0,102.0,58,True,-0.9004871746980452,-0.9004871746980452,-1.8009743493960904
452,1,902.3333333333334,102.0,58,True,-0.8597699539285268,-0.8597699539285268,-1.7195399078570537
452,2,944.3333333333334,102.0,58,True,-0.8833037604283401,-0.8833037604283401,-1.7666075208566803
452,3,902.3333333333334,102.0,58,True,-0.8597699539285271,-0.8597699539285271,-1.7195399078570541
453,0,902.3333333333334,102.0,58,True,-0.8597699539285271,-0.8597699539285271,-1.7195399078570541
453,1,975.0,102.0,58,True,-0.9004871746980448,-0.9004871746980448,-1.8009743493960897
453,2,975.0,102.0,58,True,-0.9004871746980451,-0.9004871746980451,-1.8009743493960901
453,3,975.0,102.0,58,True,-0.9004871746980448,-0.9004871746980448,-1.8009743493960897
454,0,902.3333333333334,102.0,58,True,-0.8597699539285271,-0.8597699539285271,-1.7195399078570541
454,1,1028.3333333333335,102.0,58,True,-0.9303713734279667,-0.9303713734279667,-1.8607427468559334
454,2,975.0,102.0,58,True,-0.9004871746980452,-0.9004871746980452,-1.8009743493960904
454,3,986.3333333333334,102.0,58,True,-0.9068375669281532,-0.9068375669281532,-1.8136751338563064
455,0,944.3333333333334,102.0,58,True,-0.8833037604283402,-0.8833037604283402,-1.7666075208566805
455,1,902.3333333333334,102.0,58,True,-0.8597699539285267,-0.8597699539285267,-1.7195399078570535
455,2,902.3333333333334,102.0,58,True,-0.8597699539285267,-0.8597699539285267,-1.7195399078570535
455,3,902.3333333333334,102.0,58,True,-0.859769953928527,-0.859769953928527,-1.719539907857054
456,0,986.3333333333334,144.0,59,True,-1.052670900261487,-1.052670900261487,-2.105341800522974
456,1,975.0,235.0,60,True,-1.3622927302536003,-1.3622927302536003,-2.7245854605072006
456,2,975.0,102.0,58,True,-0.900487174698045,-0.900487174698045,-1.80097434939609
456,3,986.3333333333334,102.0,58,True,-0.9068375669281534,-0.9068375669281534,-1.8136751338563069
457,0,902.3333333333334,102.0,58,True,-0.8597699539285271,-0.8597699539285271,-1.7195399078570541
457,1,975.0,102.0,58,True,-0.9004871746980451,-0.9004871746980451,-1.8009743493960901
457,2,975.0,102.0,58,True,-0.9004871746980448,-0.9004871746980448,-1.8009743493960897
457,3,975.0,102.0,58,True,-0.9004871746980452,-0.9004871746980452,-1.8009743493960904
458,0,902.3333333333334,102.0,58,True,-0.859769953928527,-0.859769953928527,-1.719539907857054
458,1,902.3333333333334,102.0,58,True,-0.859769953928527,-0.859769953928527,-1.719539907857054
458,2,975.0,102.0,58,True,-0.900487174698045,-0.900487174698045,-1.80097434939609
458,3,975.0,102.0,58,True,-0.900487174698045,-0.900487174698045,-1.80097434939609
459,0,977.3333333333334,102.0,58,True,-0.901794608392479,-0.901794608392479,-1.803589216784958
459,1,902.3333333333334,102.0,58,True,-0.8597699539285268,-0.8597699539285268,-1.7195399078570537
459,2,975.0,102.0,58,True,-0.9004871746980454,-0.9004871746980454,-1.8009743493960908
459,3,975.0,102.0,58,True,-0.9004871746980451,-0.9004871746980451,-1.8009743493960901
460,0,1036.3333333333335,102.0,58,True,-0.9348540032374549,-0.9348540032374549,-1.8697080064749099
460,1,902.3333333333334,102.0,58,True,-0.859769953928527,-0.859769953928527,-1.719539907857054
460,2,977.3333333333334,102.0,58,True,-0.9017946083924793,-0.9017946083924793,-1.8035892167849585
460,3,1028.3333333333335,102.0,58,True,-0.9303713734279668,-0.9303713734279668,-1.8607427468559337
461,0,944.3333333333334,102.0,58,True,-0.8833037604283406,-0.8833037604283406,-1.7666075208566812
461,1,902.3333333333334,102.0,58,True,-0.859769953928527,-0.859769953928527,-1.719539907857054
461,2,902.3333333333334,102.0,58,True,-0.859769953928527,-0.859769953928527,-1.719539907857054
461,3,968.0,102.0,58,True,-0.8965648736147429,-0.8965648736147429,-1.7931297472294858
462,0,902.3333333333334,102.0,58,True,-0.859769953928527,-0.859769953928527,-1.719539907857054
462,1,986.3333333333334,102.0,58,True,-0.9068375669281538,-0.9068375669281538,-1.8136751338563075
462,2,902.3333333333334,102.0,58,True,-0.859769953928527,-0.859769953928527,-1.719539907857054
462,3,902.3333333333334,102.0,58,True,-0.859769953928527,-0.859769953928527,-1.719539907857054
463,0,975.0,102.0,58,True,-0.9004871746980453,-0.9004871746980453,-1.8009743493960906
463,1,975.0,102.0,58,True,-0.9004871746980453,-0.9004871746980453,-1.8009743493960906
463,2,975.0,102.0,58,True,-0.9004871746980451,-0.9004871746980451,-1.8009743493960901
463,3,944.3333333333334,102.0,58,True,-0.8833037604283405,-0.8833037604283405,-1.766607520856681
464,0,902.3333333333334,102.0,58,True,-0.8597699539285268,-0.8597699539285268,-1.7195399078570537
464,1,944.3333333333334,102.0,58,True,-0.8833037604283405,-0.8833037604283405,-1.766607520856681
464,2,975.0,102.0,58,True,-0.9004871746980454,-0.9004871746980454,-1.8009743493960908
464,3,902.3333333333334,102.0,58,True,-0.8597699539285268,-0.8597699539285268,-1.7195399078570537
465,0,975.0,102.0,58,True,-0.900487174698045,-0.900487174698045,-1.80097434939609
465,1,975.0,102.0,58,True,-0.9004871746980451,-0.9004871746980451,-1.8009743493960901
465,2,902.3333333333334,102.0,58,True,-0.859769953928527,-0.859769953928527,-1.719539907857054
465,3,975.0,151.0,59,True,-1.070626063586934,-1.070626063586934,-2.141252127173868
466,0,975.0,102.0,58,True,-0.9004871746980451,-0.9004871746980451,-1.8009743493960901
466,1,986.3333333333334,102.0,58,True,-0.9068375669281536,-0.9068375669281536,-1.8136751338563073
466,2,902.3333333333334,102.0,58,True,-0.859769953928527,-0.859769953928527,-1.719539907857054
466,3,902.3333333333334,102.0,58,True,-0.8597699539285271,-0.8597699539285271,-1.7195399078570541
467,0,919.0,102.0,58,True,-0.8691087660316275,-0.8691087660316275,-1.738217532063255
467,1,975.0,102.0,58,True,-0.9004871746980452,-0.9004871746980452,-1.8009743493960904
467,2,975.0,102.0,58,True,-0.9004871746980453,-0.9004871746980453,-1.8009743493960906
467,3,944.3333333333334,102.0,58,True,-0.8833037604283405,-0.8833037604283405,-1.766607520856681
468,0,944.3333333333334,102.0,58,True,-0.8833037604283404,-0.8833037604283404,-1.7666075208566807
468,1,975.0,102.0,58,True,-0.9004871746980452,-0.9004871746980452,-1.8009743493960904
468,2,975.0,102.0,58,True,-0.9004871746980452,-0.9004871746980452,-1.8009743493960904
468,3,977.3333333333334,102.0,58,True,-0.9017946083924793,-0.9017946083924793,-1.8035892167849585
469,0,977.3333333333334,102.0,58,True,-0.9017946083924793,-0.9017946083924793,-1.8035892167849585
469,1,1001.0,102.0,58,True,-0.915055721578882,-0.915055721578882,-1.830111443157764
469,2,986.3333333333334,102.0,58,True,-0.9068375669281536,-0.9068375669281536,-1.8136751338563073
469,3,1028.3333333333335,102.0,58,True,-0.9303713734279668,-0.9303713734279668,-1.8607427468559337
470,0,944.3333333333334,102.0,58,True,-0.8833037604283406,-0.8833037604283406,-1.7666075208566812
470,1,944.3333333333334,102.0,58,True,-0.8833037604283401,-0.8833037604283401,-1.7666075208566803
470,2,986.3333333333334,102.0,58,True,-0.9068375669281534,-0.9068375669281534,-1.8136751338563069
470,3,944.3333333333334,102.0,58,True,-0.8833037604283402,-0.8833037604283402,-1.7666075208566805
471,0,944.3333333333334,102.0,58,True,-0.8833037604283405,-0.8833037604283405,-1.766607520856681
471,1,977.3333333333334,144.0,59,True,-1.0476279417258123,-1.0476279417258123,-2.0952558834516246
471,2,902.3333333333334,102.0,58,True,-0.859769953928527,-0.859769953928527,-1.719539907857054
471,3,986.3333333333334,102.0,58,True,-0.9068375669281534,-0.9068375669281534,-1.8136751338563069
472,0,959.0,102.0,58,True,-0.8915219150790684,-0.8915219150790684,-1.7830438301581368
472,1,975.0,102.0,58,True,-0.9004871746980453,-0.9004871746980453,-1.8009743493960906
472,2,944.3333333333334,102.0,58,True,-0.8833037604283405,-0.8833037604283405,-1.766607520856681
472,3,975.0,102.0,58,True,-0.9004871746980452,-0.9004871746980452,-1.8009743493960904
473,0,944.3333333333334,102.0,58,True,-0.8833037604283405,-0.8833037604283405,-1.766607520856681
473,1,902.3333333333334,102.0,58,True,-0.859769953928527,-0.859769953928527,-1.719539907857054
473,2,977.3333333333334,102.0,58,True,-0.9017946083924794,-0.9017946083924794,-1.8035892167849588
473,3,975.0,102.0,58,True,-0.9004871746980453,-0.9004871746980453,-1.8009743493960906
474,0,944.3333333333334,102.0,58,True,-0.8833037604283405,-0.8833037604283405,-1.766607520856681
474,1,926.0,102.0,58,True,-0.8730310671149297,-0.8730310671149297,-1.7460621342298595
474,2,1054.3333333333335,102.0,58,True,-0.9449399203088035,-0.9449399203088035,-1.889879840617607
474,3,975.0,102.0,58,True,-0.9004871746980452,-0.9004871746980452,-1.8009743493960904
475,0,902.3333333333334,102.0,58,True,-0.859769953928527,-0.859769953928527,-1.719539907857054
475,1,1003.3333333333334,235.0,60,True,-1.3781687108288712,-1.3781687108288712,-2.7563374216577423
475,2,992.0,284.0,61,True,-1.5419572074876524,-1.5419572074876524,-3.083914414975305
475,3,902.3333333333334,102.0,58,True,-0.859769953928527,-0.859769953928527,-1.719539907857054
476,0,968.0,102.0,58,True,-0.896564873614743,-0.896564873614743,-1.793129747229486
476,1,953.3333333333334,102.0,58,True,-0.8883467189640145,-0.8883467189640145,-1.776693437928029
476,2,995.3333333333334,144.0,59,True,-1.0577138587971613,-1.0577138587971613,-2.1154277175943226
476,3,1037.3333333333335,323.0,62,True,-1.7027754430747517,-1.7027754430747517,-3.4055508861495034
477,0,1012.3333333333334,144.0,59,True,-1.0672394471423237,-1.0672394471423237,-2.1344788942846473
477,1,902.3333333333334,102.0,58,True,-0.8597699539285272,-0.8597699539285272,-1.7195399078570544
477,2,995.3333333333334,277.0,61,True,-1.5195194143527166,-1.5195194143527166,-3.0390388287054333
477,3,975.0,144.0,59,True,-1.0463205080313787,-1.0463205080313787,-2.0926410160627573
478,0,944.3333333333334,144.0,58,True,-1.0291370937616735,-1.0291370937616735,-2.058274187523347
478,1,975.0,102.0,58,True,-0.9004871746980451,-0.9004871746980451,-1.8009743493960901
478,2,975.0,102.0,58,True,-0.9004871746980453,-0.9004871746980453,-1.8009743493960906
478,3,944.3333333333334,102.0,58,True,-0.8833037604283406,-0.8833037604283406,-1.7666075208566812
479,0,975.0,102.0,58,True,-0.9004871746980452,-0.9004871746980452,-1.8009743493960904
479,1,975.0,102.0,58,True,-0.9004871746980453,-0.9004871746980453,-1.8009743493960906
479,2,1001.0,144.0,59,True,-1.0608890549122152,-1.0608890549122152,-2.1217781098244304
479,3,951.0,144.0,58,True,-1.032872618602914,-1.032872618602914,-2.065745237205828
480,0,975.0,102.0,58,True,-0.9004871746980453,-0.9004871746980453,-1.8009743493960906
480,1,975.0,102.0,58,True,-0.9004871746980454,-0.9004871746980454,-1.8009743493960908
480,2,975.0,102.0,58,True,-0.9004871746980453,-0.9004871746980453,-1.8009743493960906
480,3,1079.3333333333335,144.0,59,True,-1.1047814717967877,-1.1047814717967877,-2.2095629435935753
481,0,902.3333333333334,102.0,58,True,-0.859769953928527,-0.859769953928527,-1.719539907857054
481,1,975.0,102.0,58,True,-0.9004871746980453,-0.9004871746980453,-1.8009743493960906
481,2,902.3333333333334,102.0,58,True,-0.8597699539285271,-0.8597699539285271,-1.7195399078570541
481,3,902.3333333333334,102.0,58,True,-0.8597699539285271,-0.8597699539285271,-1.7195399078570541
482,0,902.3333333333334,102.0,58,True,-0.8597699539285272,-0.8597699539285272,-1.7195399078570544
482,1,902.3333333333334,102.0,58,True,-0.8597699539285268,-0.8597699539285268,-1.7195399078570537
482,2,975.0,102.0,58,True,-0.9004871746980452,-0.9004871746980452,-1.8009743493960904
482,3,944.3333333333334,102.0,58,True,-0.8833037604283402,-0.8833037604283402,-1.7666075208566805
483,0,968.0,102.0,58,True,-0.8965648736147431,-0.8965648736147431,-1.7931297472294863
483,1,902.3333333333334,102.0,58,True,-0.859769953928527,-0.859769953928527,-1.719539907857054
483,2,961.3333333333334,102.0,58,True,-0.892829348773503,-0.892829348773503,-1.785658697547006
483,3,902.3333333333334,102.0,58,True,-0.8597699539285267,-0.8597699539285267,-1.7195399078570535
484,0,902.3333333333334,102.0,58,True,-0.8597699539285271,-0.8597699539285271,-1.7195399078570541
484,1,968.0,102.0,58,True,-0.896564873614743,-0.896564873614743,-1.793129747229486
484,2,953.3333333333334,102.0,58,True,-0.8883467189640145,-0.8883467189640145,-1.776693437928029
484,3,902.3333333333334,102.0,58,True,-0.8597699539285272,-0.8597699539285272,-1.7195399078570544
485,0,902.3333333333334,102.0,58,True,-0.8597699539285267,-0.8597699539285267,-1.7195399078570535
485,1,902.3333333333334,102.0,58,True,-0.8597699539285268,-0.8597699539285268,-1.7195399078570537
485,2,902.3333333333334,102.0,58,True,-0.8597699539285267,-0.8597699539285267,-1.7195399078570535
485,3,902.3333333333334,102.0,58,True,-0.8597699539285272,-0.8597699539285272,-1.7195399078570544
486,0,902.3333333333334,102.0,58,True,-0.8597699539285267,-0.8597699539285267,-1.7195399078570535
486,1,953.3333333333334,102.0,58,True,-0.8883467189640142,-0.8883467189640142,-1.7766934379280284
486,2,902.3333333333334,102.0,58,True,-0.8597699539285267,-0.8597699539285267,-1.7195399078570535
486,3,902.3333333333334,102.0,58,True,-0.8597699539285268,-0.8597699539285268,-1.7195399078570537
487,0,944.3333333333334,102.0,58,True,-0.8833037604283404,-0.8833037604283404,-1.7666075208566807
487,1,944.3333333333334,102.0,58,True,-0.8833037604283404,-0.8833037604283404,-1.7666075208566807
487,2,975.0,102.0,58,True,-0.9004871746980453,-0.9004871746980453,-1.8009743493960906
487,3,986.3333333333334,102.0,58,True,-0.9068375669281536,-0.9068375669281536,-1.8136751338563073
488,0,986.3333333333334,102.0,58,True,-0.9068375669281536,-0.9068375669281536,-1.8136751338563073
488,1,1001.0,102.0,58,True,-0.9150557215788817,-0.9150557215788817,-1.8301114431577634
488,2,975.0,102.0,58,True,-0.9004871746980453,-0.9004871746980453,-1.8009743493960906
488,3,975.0,102.0,58,True,-0.9004871746980451,-0.9004871746980451,-1.8009743493960901
489,0,1001.0,102.0,58,True,-0.915055721578882,-0.915055721578882,-1.830111443157764
489,1,944.3333333333334,102.0,58,True,-0.8833037604283406,-0.8833037604283406,-1.7666075208566812
489,2,944.3333333333334,102.0,58,True,-0.8833037604283406,-0.8833037604283406,-1.7666075208566812
489,3,944.3333333333334,102.0,58,True,-0.8833037604283404,-0.8833037604283404,-1.7666075208566807
490,0,975.0,102.0,58,True,-0.9004871746980452,-0.9004871746980452,-1.8009743493960904
490,1,975.0,102.0,58,True,-0.9004871746980452,-0.9004871746980452,-1.8009743493960904
490,2,944.3333333333334,102.0,58,True,-0.8833037604283402,-0.8833037604283402,-1.7666075208566805
490,3,975.0,102.0,58,True,-0.9004871746980453,-0.9004871746980453,-1.8009743493960906
491,0,975.0,102.0,58,True,-0.9004871746980454,-0.9004871746980454,-1.8009743493960908
491,1,986.3333333333334,102.0,58,True,-0.9068375669281535,-0.9068375669281535,-1.813675133856307
491,2,975.0,102.0,58,True,-0.9004871746980452,-0.9004871746980452,-1.8009743493960904
491,3,975.0,102.0,58,True,-0.9004871746980452,-0.9004871746980452,-1.8009743493960904
492,0,975.0,102.0,58,True,-0.9004871746980452,-0.9004871746980452,-1.8009743493960904
492,1,975.0,151.0,59,True,-1.0706260635869342,-1.0706260635869342,-2.1412521271738685
492,2,975.0,151.0,59,True,-1.0706260635869342,-1.0706260635869342,-2.1412521271738685
492,3,975.0,102.0,58,True,-0.9004871746980452,-0.9004871746980452,-1.8009743493960904
493,0,975.0,151.0,59,True,-1.0706260635869345,-1.0706260635869345,-2.141252127173869
493,1,944.3333333333334,102.0,58,True,-0.8833037604283404,-0.8833037604283404,-1.7666075208566807
493,2,975.0,151.0,59,True,-1.0706260635869338,-1.0706260635869338,-2.1412521271738676
493,3,975.0,151.0,59,True,-1.0706260635869342,-1.0706260635869342,-2.1412521271738685
494,0,975.0,151.0,59,True,-1.070626063586934,-1.070626063586934,-2.141252127173868
494,1,975.0,151.0,59,True,-1.0706260635869345,-1.0706260635869345,-2.141252127173869
494,2,975.0,102.0,58,True,-0.9004871746980452,-0.9004871746980452,-1.8009743493960904
494,3,975.0,102.0,58,True,-0.9004871746980454,-0.9004871746980454,-1.8009743493960908
495,0,975.0,102.0,58,True,-0.9004871746980454,-0.9004871746980454,-1.8009743493960908
495,1,975.0,102.0,58,True,-0.9004871746980452,-0.9004871746980452,-1.8009743493960904
495,2,975.0,102.0,58,True,-0.9004871746980453,-0.9004871746980453,-1.8009743493960906
495,3,975.0,102.0,58,True,-0.9004871746980454,-0.9004871746980454,-1.8009743493960908
496,0,1008.0,151.0,59,True,-1.089116911551073,-1.089116911551073,-2.178233823102146
496,1,975.0,151.0,59,True,-1.0706260635869342,-1.0706260635869342,-2.1412521271738685
496,2,1010.0,151.0,59,True,-1.0902375690034454,-1.0902375690034454,-2.1804751380068907
496,3,975.0,102.0,58,True,-0.9004871746980454,-0.9004871746980454,-1.8009743493960908
497,0,1008.0,102.0,58,True,-0.9189780226621841,-0.9189780226621841,-1.8379560453243682
497,1,975.0,151.0,59,True,-1.0706260635869345,-1.0706260635869345,-2.141252127173869
497,2,1010.0,151.0,59,True,-1.0902375690034458,-1.0902375690034458,-2.1804751380068916
497,3,975.0,102.0,58,True,-0.9004871746980455,-0.9004871746980455,-1.800974349396091
498,0,975.0,102.0,58,True,-0.9004871746980454,-0.9004871746980454,-1.8009743493960908
498,1,1048.0,144.0,59,True,-1.0872245050429583,-1.0872245050429583,-2.1744490100859166
498,2,975.0,102.0,58,True,-0.9004871746980454,-0.9004871746980454,-1.8009743493960908
498,3,975.0,102.0,58,True,-0.9004871746980454,-0.9004871746980454,-1.8009743493960908
499,0,1014.0,151.0,59,True,-1.0924788839081896,-1.0924788839081896,-2.184957767816379
499,1,975.0,151.0,59,True,-1.0706260635869342,-1.0706260635869342,-2.1412521271738685
499,2,975.0,151.0,59,True,-1.0706260635869342,-1.0706260635869342,-2.1412521271738685
499,3,1010.0,151.0,59,True,-1.0902375690034452,-1.0902375690034452,-2.1804751380068903
500,0,1010.0,151.0,59,True,-1.0902375690034452,-1.0902375690034452,-2.1804751380068903
500,1,1014.0,151.0,59,True,-1.0924788839081891,-1.0924788839081891,-2.1849577678163783
500,2,1014.0,151.0,59,True,-1.0924788839081894,-1.0924788839081894,-2.1849577678163787
500,3,975.0,151.0,59,True,-1.0706260635869345,-1.0706260635869345,-2.141252127173869
