global_episode,worker_id,makespan,cost,steps,done,upper_reward_sum,lower_reward_sum,total_reward_sum
1,0,1623.3333333333333,2335.0,165,True,-1623.3333333333333,-1623.3333333333333,-3246.6666666666665
1,1,1887.0,2956.0,176,True,-1887.0,-1887.0,-3774.0
1,2,1473.5000000000002,1981.0,159,True,-1473.5000000000002,-1473.5000000000002,-2947.0000000000005
1,3,1881.8333333333333,2480.0,168,True,-1881.8333333333333,-1881.8333333333333,-3763.6666666666665
2,0,1801.1666666666667,2069.0,160,True,-1801.1666666666667,-1801.1666666666667,-3602.3333333333335
2,1,1716.1666666666665,2189.0,160,True,-1716.1666666666665,-1716.1666666666665,-3432.333333333333
2,2,2027.0,3099.0,174,True,-2027.0,-2027.0,-4054.0
2,3,2082.1666666666665,3279.0,181,True,-2082.1666666666665,-2082.1666666666665,-4164.333333333333
3,0,1745.0,2874.0,172,True,-1745.0,-1745.0,-3490.0
3,1,1781.0,2673.0,168,True,-1781.0,-1781.0,-3562.0
3,2,1724.0000000000002,2668.0,172,True,-1724.0000000000002,-1724.0000000000002,-3448.0000000000005
3,3,1646.6666666666665,2756.0,169,True,-1646.6666666666665,-1646.6666666666665,-3293.333333333333
4,0,1663.0,2466.0,169,True,-1663.0,-1663.0,-3326.0
4,1,1827.1666666666665,2301.0,166,True,-1827.1666666666665,-1827.1666666666665,-3654.333333333333
4,2,1640.3333333333333,2196.0,164,True,-1640.3333333333333,-1640.3333333333333,-3280.6666666666665
4,3,1337.6666666666667,1861.0,158,True,-1337.6666666666667,-1337.6666666666667,-2675.3333333333335
5,0,1712.0,2551.0,171,True,-1712.0,-1712.0,-3424.0
5,1,1890.1666666666665,2870.0,174,True,-1890.1666666666665,-1890.1666666666665,-3780.333333333333
5,2,1542.3333333333333,2356.0,165,True,-1542.3333333333333,-1542.3333333333333,-3084.6666666666665
5,3,1875.5,2695.0,165,True,-1875.5,-1875.5,-3751.0
6,0,1371.6666666666667,1880.0,158,True,-1371.6666666666667,-1371.6666666666667,-2743.3333333333335
6,1,1983.5,3004.0,176,True,-1983.5,-1983.5,-3967.0
6,2,1830.5,2720.0,171,True,-1830.5,-1830.5,-3661.0
6,3,1915.8333333333333,2800.0,163,True,-1915.8333333333333,-1915.8333333333333,-3831.6666666666665
7,0,1542.1666666666665,2203.0,162,True,-1542.1666666666665,-1542.1666666666665,-3084.333333333333
7,1,1464.3333333333333,2212.0,163,True,-1464.3333333333333,-1464.3333333333333,-2928.6666666666665
7,2,1638.5,1840.0,155,True,-1638.5,-1638.5,-3277.0
7,3,1789.1666666666665,2490.0,166,True,-1789.1666666666665,-1789.1666666666665,-3578.333333333333
8,0,1625.0,2657.0,173,True,-1625.0,-1625.0,-3250.0
8,1,1754.0,1801.0,157,True,-1754.0,-1754.0,-3508.0
8,2,1963.0,2540.0,167,True,-1963.0,-1963.0,-3926.0
8,3,1733.0,2731.0,171,True,-1733.0,-1733.0,-3466.0
9,0,1749.1666666666665,2319.0,165,True,-1749.1666666666665,-1749.1666666666665,-3498.333333333333
9,1,1561.0,2094.0,161,True,-1561.0,-1561.0,-3122.0
9,2,1540.1666666666665,1820.0,158,True,-1540.1666666666665,-1540.1666666666665,-3080.333333333333
9,3,1466.0,1872.0,158,True,-1466.0,-1466.0,-2932.0
10,0,1759.0,2192.0,162,True,-1759.0,-1759.0,-3518.0
10,1,1578.0,1648.0,154,True,-1578.0,-1578.0,-3156.0
10,2,2064.6666666666665,2960.0,174,True,-2064.6666666666665,-2064.6666666666665,-4129.333333333333
10,3,1304.1666666666665,1534.0,153,True,-1304.1666666666665,-1304.1666666666665,-2608.333333333333
11,0,1442.3333333333333,1631.0,152,True,-1442.3333333333333,-1442.3333333333333,-2884.6666666666665
11,1,1524.0,2169.0,163,True,-1524.0,-1524.0,-3048.0
11,2,1436.8333333333335,1874.0,157,True,-1436.8333333333335,-1436.8333333333335,-2873.666666666667
11,3,1486.1666666666665,2221.0,164,True,-1486.1666666666665,-1486.1666666666665,-2972.333333333333
12,0,2059.1666666666665,2472.0,166,True,-2059.1666666666665,-2059.1666666666665,-4118.333333333333
12,1,1476.1666666666667,2483.0,169,True,-1476.1666666666667,-1476.1666666666667,-2952.3333333333335
12,2,1468.3333333333333,1962.0,161,True,-1468.3333333333333,-1468.3333333333333,-2936.6666666666665
12,3,1648.1666666666665,2372.0,164,True,-1648.1666666666665,-1648.1666666666665,-3296.333333333333
13,0,1572.1666666666665,1855.0,158,True,-1572.1666666666665,-1572.1666666666665,-3144.333333333333
13,1,1490.8333333333333,2005.0,159,True,-1490.8333333333333,-1490.8333333333333,-2981.6666666666665
13,2,1261.0,1444.0,149,True,-1261.0,-1261.0,-2522.0
13,3,1518.4999999999998,2048.0,161,True,-1518.4999999999998,-1518.4999999999998,-3036.9999999999995
14,0,1766.3333333333333,2176.0,162,True,-1766.3333333333333,-1766.3333333333333,-3532.6666666666665
14,1,1662.8333333333333,1968.0,157,True,-1662.8333333333333,-1662.8333333333333,-3325.6666666666665
14,2,1432.1666666666665,1818.0,156,True,-1432.1666666666665,-1432.1666666666665,-2864.333333333333
14,3,1352.8333333333333,1855.0,160,True,-1352.8333333333333,-1352.8333333333333,-2705.6666666666665
15,0,1355.1666666666667,1856.0,156,True,-1355.1666666666667,-1355.1666666666667,-2710.3333333333335
15,1,1363.0,1601.0,154,True,-1363.0,-1363.0,-2726.0
15,2,1294.0,1182.0,148,True,-1294.0,-1294.0,-2588.0
15,3,1509.1666666666665,1538.0,153,True,-1509.1666666666665,-1509.1666666666665,-3018.333333333333
16,0,1249.0,1306.0,149,True,-1249.0,-1249.0,-2498.0
16,1,1464.6666666666665,1629.0,150,True,-1464.6666666666665,-1464.6666666666665,-2929.333333333333
16,2,1589.3333333333333,2256.0,162,True,-1589.3333333333333,-1589.3333333333333,-3178.6666666666665
16,3,1627.3333333333333,1695.0,156,True,-1627.3333333333333,-1627.3333333333333,-3254.6666666666665
17,0,1386.5,1345.0,149,True,-1386.5,-1386.5,-2773.0
17,1,1306.0,1437.0,151,True,-1306.0,-1306.0,-2612.0
17,2,1446.8333333333335,2042.0,158,True,-1446.8333333333335,-1446.8333333333335,-2893.666666666667
17,3,1593.1666666666665,1797.0,155,True,-1593.1666666666665,-1593.1666666666665,-3186.333333333333
18,0,1790.0,1643.0,149,True,-1790.0,-1790.0,-3580.0
18,1,1539.0,1534.0,154,True,-1539.0,-1539.0,-3078.0
18,2,1327.1666666666665,1595.0,152,True,-1327.1666666666665,-1327.1666666666665,-2654.333333333333
18,3,1147.0,1299.0,149,True,-1147.0,-1147.0,-2294.0
19,0,1227.1666666666667,1128.0,146,True,-1227.1666666666667,-1227.1666666666667,-2454.3333333333335
19,1,1558.0,1635.0,156,True,-1558.0,-1558.0,-3116.0
19,2,1325.1666666666667,1326.0,151,True,-1325.1666666666667,-1325.1666666666667,-2650.3333333333335
19,3,1655.0,1842.0,157,True,-1655.0,-1655.0,-3310.0
20,0,1392.0,1563.0,152,True,-1392.0,-1392.0,-2784.0
20,1,1354.0,1381.0,150,True,-1354.0,-1354.0,-2708.0
20,2,1171.8333333333335,1491.0,151,True,-1171.8333333333335,-1171.8333333333335,-2343.666666666667
20,3,1377.8333333333333,1633.0,154,True,-1377.8333333333333,-1377.8333333333333,-2755.6666666666665
21,0,1380.3333333333335,1804.0,156,True,-1380.3333333333335,-1380.3333333333335,-2760.666666666667
21,1,1385.0,1372.0,149,True,-1385.0,-1385.0,-2770.0
21,2,1345.3333333333335,1836.0,154,True,-1345.3333333333335,-1345.3333333333335,-2690.666666666667
21,3,1211.0,1014.0,145,True,-1211.0,-1211.0,-2422.0
22,0,1201.0,1284.0,149,True,-1201.0,-1201.0,-2402.0
22,1,1407.1666666666667,1185.0,146,True,-1407.1666666666667,-1407.1666666666667,-2814.3333333333335
22,2,1493.3333333333333,1726.0,155,True,-1493.3333333333333,-1493.3333333333333,-2986.6666666666665
22,3,1419.1666666666665,1556.0,153,True,-1419.1666666666665,-1419.1666666666665,-2838.333333333333
23,0,1422.5000000000002,1263.0,151,True,-1422.5000000000002,-1422.5000000000002,-2845.0000000000005
23,1,1289.8333333333335,1232.0,149,True,-1289.8333333333335,-1289.8333333333335,-2579.666666666667
23,2,1211.8333333333335,981.0,145,True,-1211.8333333333335,-1211.8333333333335,-2423.666666666667
23,3,1146.1666666666667,880.0,144,True,-1146.1666666666667,-1146.1666666666667,-2292.3333333333335
24,0,1235.8333333333335,1080.0,146,True,-1235.8333333333335,-1235.8333333333335,-2471.666666666667
24,1,1404.5,1352.0,152,True,-1404.5,-1404.5,-2809.0
24,2,1205.1666666666667,1001.0,144,True,-1205.1666666666667,-1205.1666666666667,-2410.3333333333335
24,3,1159.1666666666665,854.0,143,True,-1159.1666666666665,-1159.1666666666665,-2318.333333333333
25,0,1236.0,1025.0,146,True,-1236.0,-1236.0,-2472.0
25,1,1236.8333333333335,1073.0,143,True,-1236.8333333333335,-1236.8333333333335,-2473.666666666667
25,2,1181.1666666666665,893.0,142,True,-1181.1666666666665,-1181.1666666666665,-2362.333333333333
25,3,1223.0,916.0,143,True,-1223.0,-1223.0,-2446.0
26,0,1095.1666666666667,1173.0,144,True,-1095.1666666666667,-1095.1666666666667,-2190.3333333333335
26,1,1147.0,1153.0,145,True,-1147.0,-1147.0,-2294.0
26,2,1166.0,983.0,143,True,-1166.0,-1166.0,-2332.0
26,3,1060.6666666666665,983.0,144,True,-1060.6666666666665,-1060.6666666666665,-2121.333333333333
27,0,1196.1666666666667,993.0,143,True,-1196.1666666666667,-1196.1666666666667,-2392.3333333333335
27,1,1129.3333333333333,897.0,144,True,-1129.3333333333333,-1129.3333333333333,-2258.6666666666665
27,2,1101.1666666666665,719.0,141,True,-1101.1666666666665,-1101.1666666666665,-2202.333333333333
27,3,1157.1666666666667,981.0,146,True,-1157.1666666666667,-1157.1666666666667,-2314.3333333333335
28,0,1031.3333333333335,1097.0,145,True,-1031.3333333333335,-1031.3333333333335,-2062.666666666667
28,1,1119.8333333333335,1080.0,142,True,-1119.8333333333335,-1119.8333333333335,-2239.666666666667
28,2,1238.1666666666667,1038.0,142,True,-1238.1666666666667,-1238.1666666666667,-2476.3333333333335
28,3,1137.1666666666665,1010.0,145,True,-1137.1666666666665,-1137.1666666666665,-2274.333333333333
29,0,1031.0,915.0,144,True,-1031.0,-1031.0,-2062.0
29,1,1217.8333333333335,1110.0,145,True,-1217.8333333333335,-1217.8333333333335,-2435.666666666667
29,2,1221.3333333333333,1310.0,150,True,-1221.3333333333333,-1221.3333333333333,-2442.6666666666665
29,3,1074.0,806.0,143,True,-1074.0,-1074.0,-2148.0
30,0,1188.1666666666665,1155.0,148,True,-1188.1666666666665,-1188.1666666666665,-2376.333333333333
30,1,1141.1666666666667,638.0,141,True,-1141.1666666666667,-1141.1666666666667,-2282.3333333333335
30,2,1199.0,1089.0,145,True,-1199.0,-1199.0,-2398.0
30,3,1252.3333333333335,953.0,143,True,-1252.3333333333335,-1252.3333333333335,-2504.666666666667
31,0,1267.1666666666667,947.0,144,True,-1267.1666666666667,-1267.1666666666667,-2534.3333333333335
31,1,1150.1666666666667,945.0,144,True,-1150.1666666666667,-1150.1666666666667,-2300.3333333333335
31,2,1152.1666666666667,793.0,142,True,-1152.1666666666667,-1152.1666666666667,-2304.3333333333335
31,3,1060.3333333333335,733.0,141,True,-1060.3333333333335,-1060.3333333333335,-2120.666666666667
32,0,1236.6666666666665,1230.0,146,True,-1236.6666666666665,-1236.6666666666665,-2473.333333333333
32,1,1079.5,953.0,142,True,-1079.5,-1079.5,-2159.0
32,2,1146.0,1387.0,151,True,-1146.0,-1146.0,-2292.0
32,3,1117.1666666666667,1124.0,144,True,-1117.1666666666667,-1117.1666666666667,-2234.3333333333335
33,0,967.3333333333334,639.0,139,True,-967.3333333333334,-967.3333333333334,-1934.6666666666667
33,1,1292.8333333333335,1125.0,147,True,-1292.8333333333335,-1292.8333333333335,-2585.666666666667
33,2,1176.1666666666667,767.0,141,True,-1176.1666666666667,-1176.1666666666667,-2352.3333333333335
33,3,1231.0,1055.0,145,True,-1231.0,-1231.0,-2462.0
34,0,1077.6666666666665,745.0,141,True,-1077.6666666666665,-1077.6666666666665,-2155.333333333333
34,1,1138.0,939.0,146,True,-1138.0,-1138.0,-2276.0
34,2,1065.1666666666665,916.0,142,True,-1065.1666666666665,-1065.1666666666665,-2130.333333333333
34,3,1060.0,847.0,142,True,-1060.0,-1060.0,-2120.0
35,0,982.0,594.0,138,True,-982.0,-982.0,-1964.0
35,1,1119.1666666666665,735.0,142,True,-1119.1666666666665,-1119.1666666666665,-2238.333333333333
35,2,1087.1666666666667,607.0,140,True,-1087.1666666666667,-1087.1666666666667,-2174.3333333333335
35,3,990.1666666666667,613.0,139,True,-990.1666666666667,-990.1666666666667,-1980.3333333333335
36,0,1024.1666666666667,447.0,137,True,-1024.1666666666667,-1024.1666666666667,-2048.3333333333335
36,1,1195.3333333333335,737.0,142,True,-1195.3333333333335,-1195.3333333333335,-2390.666666666667
36,2,1053.3333333333335,596.0,139,True,-1053.3333333333335,-1053.3333333333335,-2106.666666666667
36,3,1152.3333333333335,595.0,139,True,-1152.3333333333335,-1152.3333333333335,-2304.666666666667
37,0,1035.5,639.0,138,True,-1035.5,-1035.5,-2071.0
37,1,1031.1666666666667,677.0,141,True,-1031.1666666666667,-1031.1666666666667,-2062.3333333333335
37,2,1150.3333333333335,901.0,144,True,-1150.3333333333335,-1150.3333333333335,-2300.666666666667
37,3,1170.1666666666667,800.0,142,True,-1170.1666666666667,-1170.1666666666667,-2340.3333333333335
38,0,1156.8333333333335,1010.0,143,True,-1156.8333333333335,-1156.8333333333335,-2313.666666666667
38,1,1156.3333333333335,612.0,139,True,-1156.3333333333335,-1156.3333333333335,-2312.666666666667
38,2,1076.1666666666667,778.0,143,True,-1076.1666666666667,-1076.1666666666667,-2152.3333333333335
38,3,1055.3333333333335,648.0,140,True,-1055.3333333333335,-1055.3333333333335,-2110.666666666667
39,0,1194.0,805.0,143,True,-1194.0,-1194.0,-2388.0
39,1,1034.0,602.0,140,True,-1034.0,-1034.0,-2068.0
39,2,1010.0,685.0,140,True,-1010.0,-1010.0,-2020.0
39,3,1085.1666666666667,797.0,143,True,-1085.1666666666667,-1085.1666666666667,-2170.3333333333335
40,0,1077.1666666666667,604.0,140,True,-1077.1666666666667,-1077.1666666666667,-2154.3333333333335
40,1,1162.1666666666667,756.0,141,True,-1162.1666666666667,-1162.1666666666667,-2324.3333333333335
40,2,1095.0,679.0,139,True,-1095.0,-1095.0,-2190.0
40,3,1086.5,918.0,143,True,-1086.5,-1086.5,-2173.0
41,0,1041.3333333333335,736.0,141,True,-1041.3333333333335,-1041.3333333333335,-2082.666666666667
41,1,1016.3333333333334,547.0,137,True,-1016.3333333333334,-1016.3333333333334,-2032.6666666666667
41,2,1128.0,603.0,140,True,-1128.0,-1128.0,-2256.0
41,3,1262.5,958.0,145,True,-1262.5,-1262.5,-2525.0
42,0,1295.0,965.0,145,True,-1295.0,-1295.0,-2590.0
42,1,1006.1666666666666,667.0,140,True,-1006.1666666666666,-1006.1666666666666,-2012.3333333333333
42,2,1038.0,695.0,139,True,-1038.0,-1038.0,-2076.0
42,3,1029.1666666666667,715.0,142,True,-1029.1666666666667,-1029.1666666666667,-2058.3333333333335
43,0,1109.0,785.0,142,True,-1109.0,-1109.0,-2218.0
43,1,1041.6666666666667,667.0,141,True,-1041.6666666666667,-1041.6666666666667,-2083.3333333333335
43,2,1124.0,767.0,141,True,-1124.0,-1124.0,-2248.0
43,3,1067.8333333333335,828.0,143,True,-1067.8333333333335,-1067.8333333333335,-2135.666666666667
44,0,1095.0,681.0,140,True,-1095.0,-1095.0,-2190.0
44,1,1073.0,673.0,140,True,-1073.0,-1073.0,-2146.0
44,2,1187.1666666666665,577.0,138,True,-1187.1666666666665,-1187.1666666666665,-2374.333333333333
44,3,1054.0,835.0,143,True,-1054.0,-1054.0,-2108.0
45,0,1043.6666666666667,515.0,138,True,-1043.6666666666667,-1043.6666666666667,-2087.3333333333335
45,1,1004.0,387.0,136,True,-1004.0,-1004.0,-2008.0
45,2,984.0,503.0,138,True,-984.0,-984.0,-1968.0
45,3,1164.1666666666665,704.0,140,True,-1164.1666666666665,-1164.1666666666665,-2328.333333333333
46,0,1079.8333333333335,765.0,140,True,-1079.8333333333335,-1079.8333333333335,-2159.666666666667
46,1,1116.1666666666665,664.0,140,True,-1116.1666666666665,-1116.1666666666665,-2232.333333333333
46,2,1080.5,581.0,139,True,-1080.5,-1080.5,-2161.0
46,3,1045.0,776.0,141,True,-1045.0,-1045.0,-2090.0
47,0,1119.0,771.0,140,True,-1119.0,-1119.0,-2238.0
47,1,874.6666666666667,754.0,142,True,-874.6666666666667,-874.6666666666667,-1749.3333333333335
47,2,1026.0,542.0,139,True,-1026.0,-1026.0,-2052.0
47,3,1114.0,604.0,139,True,-1114.0,-1114.0,-2228.0
48,0,1089.3333333333333,841.0,142,True,-1089.3333333333333,-1089.3333333333333,-2178.6666666666665
48,1,1043.6666666666667,766.0,143,True,-1043.6666666666667,-1043.6666666666667,-2087.3333333333335
48,2,1077.0,678.0,140,True,-1077.0,-1077.0,-2154.0
48,3,1153.3333333333335,864.0,143,True,-1153.3333333333335,-1153.3333333333335,-2306.666666666667
49,0,995.1666666666666,821.0,142,True,-995.1666666666666,-995.1666666666666,-1990.3333333333333
49,1,1007.8333333333333,823.0,143,True,-1007.8333333333333,-1007.8333333333333,-2015.6666666666665
49,2,991.3333333333333,972.0,145,True,-991.3333333333333,-991.3333333333333,-1982.6666666666665
49,3,1000.5,606.0,139,True,-1000.5,-1000.5,-2001.0
50,0,969.0,692.0,141,True,-969.0,-969.0,-1938.0
50,1,1008.8333333333334,644.0,139,True,-1008.8333333333334,-1008.8333333333334,-2017.6666666666667
50,2,1007.1666666666667,792.0,139,True,-1007.1666666666667,-1007.1666666666667,-2014.3333333333335
50,3,956.3333333333334,577.0,137,True,-956.3333333333334,-956.3333333333334,-1912.6666666666667
51,0,1071.6666666666667,751.0,142,True,-1071.6666666666667,-1071.6666666666667,-2143.3333333333335
51,1,970.3333333333334,715.0,141,True,-970.3333333333334,-970.3333333333334,-1940.6666666666667
51,2,1003.6666666666666,575.0,139,True,-1003.6666666666666,-1003.6666666666666,-2007.3333333333333
51,3,975.3333333333334,726.0,141,True,-975.3333333333334,-975.3333333333334,-1950.6666666666667
52,0,1146.1666666666667,846.0,143,True,-1146.1666666666667,-1146.1666666666667,-2292.3333333333335
52,1,1115.1666666666667,822.0,144,True,-1115.1666666666667,-1115.1666666666667,-2230.3333333333335
52,2,1014.0,884.0,142,True,-1014.0,-1014.0,-2028.0
52,3,1129.1666666666667,878.0,144,True,-1129.1666666666667,-1129.1666666666667,-2258.3333333333335
53,0,971.8333333333334,678.0,140,True,-971.8333333333334,-971.8333333333334,-1943.6666666666667
53,1,1095.0,840.0,142,True,-1095.0,-1095.0,-2190.0
53,2,1008.5,585.0,139,True,-1008.5,-1008.5,-2017.0
53,3,1120.3333333333335,656.0,138,True,-1120.3333333333335,-1120.3333333333335,-2240.666666666667
54,0,909.6666666666667,552.0,139,True,-909.6666666666667,-909.6666666666667,-1819.3333333333335
54,1,1035.1666666666667,810.0,141,True,-1035.1666666666667,-1035.1666666666667,-2070.3333333333335
54,2,977.1666666666667,629.0,139,True,-977.1666666666667,-977.1666666666667,-1954.3333333333335
54,3,1151.1666666666665,785.0,142,True,-1151.1666666666665,-1151.1666666666665,-2302.333333333333
55,0,1091.6666666666665,636.0,140,True,-1091.6666666666665,-1091.6666666666665,-2183.333333333333
55,1,1000.6666666666667,841.0,144,True,-1000.6666666666667,-1000.6666666666667,-2001.3333333333335
55,2,964.6666666666667,889.0,142,True,-964.6666666666667,-964.6666666666667,-1929.3333333333335
55,3,1055.3333333333335,604.0,140,True,-1055.3333333333335,-1055.3333333333335,-2110.666666666667
56,0,1082.0,670.0,140,True,-1082.0,-1082.0,-2164.0
56,1,942.0,495.0,138,True,-942.0,-942.0,-1884.0
56,2,1064.0,704.0,140,True,-1064.0,-1064.0,-2128.0
56,3,1063.1666666666667,595.0,139,True,-1063.1666666666667,-1063.1666666666667,-2126.3333333333335
57,0,964.0,635.0,138,True,-964.0,-964.0,-1928.0
57,1,1090.8333333333333,914.0,144,True,-1090.8333333333333,-1090.8333333333333,-2181.6666666666665
57,2,1136.0,772.0,140,True,-1136.0,-1136.0,-2272.0
57,3,1100.0,951.0,143,True,-1100.0,-1100.0,-2200.0
58,0,1056.0,832.0,142,True,-1056.0,-1056.0,-2112.0
58,1,1447.1666666666665,727.0,141,True,-1447.1666666666665,-1447.1666666666665,-2894.333333333333
58,2,1028.0,577.0,137,True,-1028.0,-1028.0,-2056.0
58,3,1282.0,767.0,140,True,-1282.0,-1282.0,-2564.0
59,0,1383.1666666666665,1319.0,150,True,-1383.1666666666665,-1383.1666666666665,-2766.333333333333
59,1,1054.1666666666667,749.0,141,True,-1054.1666666666667,-1054.1666666666667,-2108.3333333333335
59,2,1292.1666666666665,720.0,140,True,-1292.1666666666665,-1292.1666666666665,-2584.333333333333
59,3,1008.5,1041.0,146,True,-1008.5,-1008.5,-2017.0
60,0,1317.1666666666665,892.0,144,True,-1317.1666666666665,-1317.1666666666665,-2634.333333333333
60,1,1178.3333333333335,858.0,144,True,-1178.3333333333335,-1178.3333333333335,-2356.666666666667
60,2,1006.0,1010.0,147,True,-1006.0,-1006.0,-2012.0
60,3,1178.8333333333335,776.0,140,True,-1178.8333333333335,-1178.8333333333335,-2357.666666666667
61,0,1218.5,958.0,144,True,-1218.5,-1218.5,-2437.0
61,1,881.3333333333334,701.0,141,True,-881.3333333333334,-881.3333333333334,-1762.6666666666667
61,2,1295.1666666666665,966.0,143,True,-1295.1666666666665,-1295.1666666666665,-2590.333333333333
61,3,998.6666666666667,732.0,142,True,-998.6666666666667,-998.6666666666667,-1997.3333333333335
62,0,1317.1666666666665,727.0,141,True,-1317.1666666666665,-1317.1666666666665,-2634.333333333333
62,1,1260.1666666666665,803.0,142,True,-1260.1666666666665,-1260.1666666666665,-2520.333333333333
62,2,1098.6666666666667,1212.0,148,True,-1098.6666666666667,-1098.6666666666667,-2197.3333333333335
62,3,1072.1666666666667,898.0,143,True,-1072.1666666666667,-1072.1666666666667,-2144.3333333333335
63,0,1333.1666666666665,841.0,143,True,-1333.1666666666665,-1333.1666666666665,-2666.333333333333
63,1,1174.1666666666665,998.0,144,True,-1174.1666666666665,-1174.1666666666665,-2348.333333333333
63,2,1072.0,839.0,142,True,-1072.0,-1072.0,-2144.0
63,3,1052.0,543.0,136,True,-1052.0,-1052.0,-2104.0
64,0,1337.1666666666665,1147.0,148,True,-1337.1666666666665,-1337.1666666666665,-2674.333333333333
64,1,1311.5,1043.0,146,True,-1311.5,-1311.5,-2623.0
64,2,1110.1666666666667,927.0,144,True,-1110.1666666666667,-1110.1666666666667,-2220.3333333333335
64,3,1312.6666666666667,984.0,144,True,-1312.6666666666667,-1312.6666666666667,-2625.3333333333335
65,0,1092.0,694.0,142,True,-1092.0,-1092.0,-2184.0
65,1,1354.6666666666667,850.0,141,True,-1354.6666666666667,-1354.6666666666667,-2709.3333333333335
65,2,982.0,813.0,143,True,-982.0,-982.0,-1964.0
65,3,1040.0,656.0,141,True,-1040.0,-1040.0,-2080.0
66,0,1128.0,851.0,142,True,-1128.0,-1128.0,-2256.0
66,1,1091.0,822.0,144,True,-1091.0,-1091.0,-2182.0
66,2,991.1666666666667,727.0,142,True,-991.1666666666667,-991.1666666666667,-1982.3333333333335
66,3,1008.0,695.0,141,True,-1008.0,-1008.0,-2016.0
67,0,956.0,638.0,140,True,-956.0,-956.0,-1912.0
67,1,1131.6666666666667,835.0,143,True,-1131.6666666666667,-1131.6666666666667,-2263.3333333333335
67,2,1171.5,911.0,143,True,-1171.5,-1171.5,-2343.0
67,3,1173.0,874.0,145,True,-1173.0,-1173.0,-2346.0
68,0,1115.6666666666665,501.0,138,True,-1115.6666666666665,-1115.6666666666665,-2231.333333333333
68,1,1040.8333333333333,776.0,141,True,-1040.8333333333333,-1040.8333333333333,-2081.6666666666665
68,2,1013.6666666666667,604.0,140,True,-1013.6666666666667,-1013.6666666666667,-2027.3333333333335
68,3,1189.3333333333335,667.0,141,True,-1189.3333333333335,-1189.3333333333335,-2378.666666666667
69,0,1004.0,713.0,140,True,-1004.0,-1004.0,-2008.0
69,1,982.5,667.0,141,True,-982.5,-982.5,-1965.0
69,2,1043.6666666666667,822.0,144,True,-1043.6666666666667,-1043.6666666666667,-2087.3333333333335
69,3,1038.0,669.0,141,True,-1038.0,-1038.0,-2076.0
70,0,1086.6666666666667,862.0,144,True,-1086.6666666666667,-1086.6666666666667,-2173.3333333333335
70,1,981.4999999999999,830.0,143,True,-981.4999999999999,-981.4999999999999,-1962.9999999999998
70,2,1056.1666666666665,903.0,145,True,-1056.1666666666665,-1056.1666666666665,-2112.333333333333
70,3,1041.6666666666667,615.0,140,True,-1041.6666666666667,-1041.6666666666667,-2083.3333333333335
71,0,1048.0,779.0,142,True,-1048.0,-1048.0,-2096.0
71,1,1059.3333333333335,900.0,144,True,-1059.3333333333335,-1059.3333333333335,-2118.666666666667
71,2,999.4999999999999,700.0,140,True,-999.4999999999999,-999.4999999999999,-1998.9999999999998
71,3,1148.1666666666665,780.0,142,True,-1148.1666666666665,-1148.1666666666665,-2296.333333333333
72,0,1000.3333333333334,614.0,139,True,-1000.3333333333334,-1000.3333333333334,-2000.6666666666667
72,1,1191.6666666666667,650.0,141,True,-1191.6666666666667,-1191.6666666666667,-2383.3333333333335
72,2,1058.5,590.0,140,True,-1058.5,-1058.5,-2117.0
72,3,922.6666666666667,513.0,138,True,-922.6666666666667,-922.6666666666667,-1845.3333333333335
73,0,1055.6666666666667,692.0,141,True,-1055.6666666666667,-1055.6666666666667,-2111.3333333333335
73,1,1000.6666666666667,638.0,140,True,-1000.6666666666667,-1000.6666666666667,-2001.3333333333335
73,2,986.0,1005.0,146,True,-986.0,-986.0,-1972.0
73,3,1000.6666666666667,773.0,142,True,-1000.6666666666667,-1000.6666666666667,-2001.3333333333335
74,0,1060.0,961.0,143,True,-1060.0,-1060.0,-2120.0
74,1,1003.6666666666667,828.0,141,True,-1003.6666666666667,-1003.6666666666667,-2007.3333333333335
74,2,1000.6666666666667,692.0,141,True,-1000.6666666666667,-1000.6666666666667,-2001.3333333333335
74,3,975.1666666666667,688.0,140,True,-975.1666666666667,-975.1666666666667,-1950.3333333333335
75,0,990.6666666666667,725.0,142,True,-990.6666666666667,-990.6666666666667,-1981.3333333333335
75,1,1056.6666666666665,688.0,140,True,-1056.6666666666665,-1056.6666666666665,-2113.333333333333
75,2,966.6666666666667,763.0,141,True,-966.6666666666667,-966.6666666666667,-1933.3333333333335
75,3,1018.6666666666667,713.0,141,True,-1018.6666666666667,-1018.6666666666667,-2037.3333333333335
76,0,980.5,603.0,140,True,-980.5,-980.5,-1961.0
76,1,1011.6666666666667,636.0,140,True,-1011.6666666666667,-1011.6666666666667,-2023.3333333333335
76,2,1011.6666666666667,692.0,141,True,-1011.6666666666667,-1011.6666666666667,-2023.3333333333335
76,3,1091.8333333333335,701.0,141,True,-1091.8333333333335,-1091.8333333333335,-2183.666666666667
77,0,1055.6666666666667,787.0,143,True,-1055.6666666666667,-1055.6666666666667,-2111.3333333333335
77,1,1011.6666666666667,622.0,140,True,-1011.6666666666667,-1011.6666666666667,-2023.3333333333335
77,2,988.5,554.0,139,True,-988.5,-988.5,-1977.0
77,3,1101.6666666666667,538.0,139,True,-1101.6666666666667,-1101.6666666666667,-2203.3333333333335
78,0,1008.6666666666667,692.0,141,True,-1008.6666666666667,-1008.6666666666667,-2017.3333333333335
78,1,1072.0,729.0,142,True,-1072.0,-1072.0,-2144.0
78,2,921.6666666666666,515.0,138,True,-921.6666666666666,-921.6666666666666,-1843.3333333333333
78,3,1043.6666666666667,732.0,142,True,-1043.6666666666667,-1043.6666666666667,-2087.3333333333335
79,0,997.3333333333334,627.0,140,True,-997.3333333333334,-997.3333333333334,-1994.6666666666667
79,1,965.6666666666667,569.0,139,True,-965.6666666666667,-965.6666666666667,-1931.3333333333335
79,2,1010.5,555.0,139,True,-1010.5,-1010.5,-2021.0
79,3,1095.0,724.0,142,True,-1095.0,-1095.0,-2190.0
80,0,944.0,751.0,141,True,-944.0,-944.0,-1888.0
80,1,962.5,604.0,140,True,-962.5,-962.5,-1925.0
80,2,1056.3333333333333,613.0,140,True,-1056.3333333333333,-1056.3333333333333,-2112.6666666666665
80,3,998.6666666666667,774.0,142,True,-998.6666666666667,-998.6666666666667,-1997.3333333333335
81,0,1122.0,763.0,142,True,-1122.0,-1122.0,-2244.0
81,1,921.1666666666667,636.0,140,True,-921.1666666666667,-921.1666666666667,-1842.3333333333335
81,2,1048.8333333333335,573.0,139,True,-1048.8333333333335,-1048.8333333333335,-2097.666666666667
81,3,1012.0,615.0,140,True,-1012.0,-1012.0,-2024.0
82,0,970.6666666666667,820.0,143,True,-970.6666666666667,-970.6666666666667,-1941.3333333333335
82,1,1000.6666666666667,842.0,144,True,-1000.6666666666667,-1000.6666666666667,-2001.3333333333335
82,2,1045.0,688.0,140,True,-1045.0,-1045.0,-2090.0
82,3,1033.6666666666667,643.0,141,True,-1033.6666666666667,-1033.6666666666667,-2067.3333333333335
83,0,966.1666666666667,636.0,140,True,-966.1666666666667,-966.1666666666667,-1932.3333333333335
83,1,960.8333333333334,928.0,144,True,-960.8333333333334,-960.8333333333334,-1921.6666666666667
83,2,1131.0,800.0,142,True,-1131.0,-1131.0,-2262.0
83,3,1015.0,664.0,141,True,-1015.0,-1015.0,-2030.0
84,0,966.6666666666667,636.0,140,True,-966.6666666666667,-966.6666666666667,-1933.3333333333335
84,1,968.6666666666667,765.0,142,True,-968.6666666666667,-968.6666666666667,-1937.3333333333335
84,2,1072.5,761.0,141,True,-1072.5,-1072.5,-2145.0
84,3,1003.6666666666667,725.0,141,True,-1003.6666666666667,-1003.6666666666667,-2007.3333333333335
85,0,1031.6666666666665,636.0,140,True,-1031.6666666666665,-1031.6666666666665,-2063.333333333333
85,1,982.0,477.0,138,True,-982.0,-982.0,-1964.0
85,2,993.1666666666667,676.0,140,True,-993.1666666666667,-993.1666666666667,-1986.3333333333335
85,3,1137.1666666666667,905.0,145,True,-1137.1666666666667,-1137.1666666666667,-2274.3333333333335
86,0,934.1666666666666,727.0,141,True,-934.1666666666666,-934.1666666666666,-1868.3333333333333
86,1,998.6666666666667,699.0,141,True,-998.6666666666667,-998.6666666666667,-1997.3333333333335
86,2,1100.0,1071.0,147,True,-1100.0,-1100.0,-2200.0
86,3,948.6666666666667,704.0,141,True,-948.6666666666667,-948.6666666666667,-1897.3333333333335
87,0,1023.0,712.0,141,True,-1023.0,-1023.0,-2046.0
87,1,1131.1666666666665,589.0,139,True,-1131.1666666666665,-1131.1666666666665,-2262.333333333333
87,2,1095.1666666666665,852.0,143,True,-1095.1666666666665,-1095.1666666666665,-2190.333333333333
87,3,1054.0,728.0,141,True,-1054.0,-1054.0,-2108.0
88,0,1066.5,637.0,139,True,-1066.5,-1066.5,-2133.0
88,1,994.1666666666667,561.0,139,True,-994.1666666666667,-994.1666666666667,-1988.3333333333335
88,2,1086.1666666666667,768.0,142,True,-1086.1666666666667,-1086.1666666666667,-2172.3333333333335
88,3,1055.6666666666667,604.0,140,True,-1055.6666666666667,-1055.6666666666667,-2111.3333333333335
89,0,1020.6666666666667,722.0,142,True,-1020.6666666666667,-1020.6666666666667,-2041.3333333333335
89,1,991.0,689.0,140,True,-991.0,-991.0,-1982.0
89,2,999.0,576.0,139,True,-999.0,-999.0,-1998.0
89,3,1126.0,734.0,142,True,-1126.0,-1126.0,-2252.0
90,0,998.6666666666667,707.0,141,True,-998.6666666666667,-998.6666666666667,-1997.3333333333335
90,1,1168.1666666666665,703.0,140,True,-1168.1666666666665,-1168.1666666666665,-2336.333333333333
90,2,1018.0,743.0,140,True,-1018.0,-1018.0,-2036.0
90,3,1090.0,740.0,141,True,-1090.0,-1090.0,-2180.0
91,0,948.6666666666667,514.0,138,True,-948.6666666666667,-948.6666666666667,-1897.3333333333335
91,1,1136.0,666.0,140,True,-1136.0,-1136.0,-2272.0
91,2,1060.0,859.0,144,True,-1060.0,-1060.0,-2120.0
91,3,1034.0,498.0,138,True,-1034.0,-1034.0,-2068.0
92,0,998.6666666666667,634.0,140,True,-998.6666666666667,-998.6666666666667,-1997.3333333333335
92,1,955.6666666666667,798.0,143,True,-955.6666666666667,-955.6666666666667,-1911.3333333333335
92,2,1038.3333333333333,740.0,142,True,-1038.3333333333333,-1038.3333333333333,-2076.6666666666665
92,3,1018.6666666666667,858.0,144,True,-1018.6666666666667,-1018.6666666666667,-2037.3333333333335
93,0,932.6666666666667,627.0,139,True,-932.6666666666667,-932.6666666666667,-1865.3333333333335
93,1,962.0,687.0,141,True,-962.0,-962.0,-1924.0
93,2,963.6666666666667,697.0,141,True,-963.6666666666667,-963.6666666666667,-1927.3333333333335
93,3,1272.1666666666665,781.0,142,True,-1272.1666666666665,-1272.1666666666665,-2544.333333333333
94,0,1007.8333333333333,725.0,140,True,-1007.8333333333333,-1007.8333333333333,-2015.6666666666665
94,1,1307.1666666666665,979.0,145,True,-1307.1666666666665,-1307.1666666666665,-2614.333333333333
94,2,1110.0,842.0,144,True,-1110.0,-1110.0,-2220.0
94,3,1037.1666666666667,681.0,140,True,-1037.1666666666667,-1037.1666666666667,-2074.3333333333335
95,0,1046.0,561.0,139,True,-1046.0,-1046.0,-2092.0
95,1,1055.6666666666667,854.0,143,True,-1055.6666666666667,-1055.6666666666667,-2111.3333333333335
95,2,977.6666666666667,575.0,139,True,-977.6666666666667,-977.6666666666667,-1955.3333333333335
95,3,980.6666666666667,700.0,141,True,-980.6666666666667,-980.6666666666667,-1961.3333333333335
96,0,1040.3333333333335,514.0,139,True,-1040.3333333333335,-1040.3333333333335,-2080.666666666667
96,1,1069.6666666666667,696.0,141,True,-1069.6666666666667,-1069.6666666666667,-2139.3333333333335
96,2,960.1666666666667,765.0,142,True,-960.1666666666667,-960.1666666666667,-1920.3333333333335
96,3,1126.0,716.0,140,True,-1126.0,-1126.0,-2252.0
97,0,954.0,575.0,139,True,-954.0,-954.0,-1908.0
97,1,955.0,752.0,142,True,-955.0,-955.0,-1910.0
97,2,1170.0,674.0,141,True,-1170.0,-1170.0,-2340.0
97,3,1196.0,761.0,142,True,-1196.0,-1196.0,-2392.0
98,0,992.1666666666667,634.0,140,True,-992.1666666666667,-992.1666666666667,-1984.3333333333335
98,1,1231.1666666666667,931.0,144,True,-1231.1666666666667,-1231.1666666666667,-2462.3333333333335
98,2,1033.6666666666665,636.0,140,True,-1033.6666666666665,-1033.6666666666665,-2067.333333333333
98,3,1037.8333333333333,477.0,138,True,-1037.8333333333333,-1037.8333333333333,-2075.6666666666665
99,0,1113.1666666666665,876.0,144,True,-1113.1666666666665,-1113.1666666666665,-2226.333333333333
99,1,1115.0,917.0,144,True,-1115.0,-1115.0,-2230.0
99,2,1052.0,776.0,142,True,-1052.0,-1052.0,-2104.0
99,3,1010.6666666666667,773.0,141,True,-1010.6666666666667,-1010.6666666666667,-2021.3333333333335
100,0,1244.0,823.0,143,True,-1244.0,-1244.0,-2488.0
100,1,1078.0,871.0,143,True,-1078.0,-1078.0,-2156.0
100,2,981.6666666666667,761.0,142,True,-981.6666666666667,-981.6666666666667,-1963.3333333333335
100,3,1355.1666666666665,939.0,143,True,-1355.1666666666665,-1355.1666666666665,-2710.333333333333
101,0,1165.1666666666667,731.0,141,True,-1165.1666666666667,-1165.1666666666667,-2330.3333333333335
101,1,1098.0,680.0,140,True,-1098.0,-1098.0,-2196.0
101,2,1013.3333333333334,652.0,140,True,-1013.3333333333334,-1013.3333333333334,-2026.6666666666667
101,3,1202.1666666666665,912.0,144,True,-1202.1666666666665,-1202.1666666666665,-2404.333333333333
102,0,972.0,804.0,142,True,-972.0,-972.0,-1944.0
102,1,1010.4999999999999,741.0,141,True,-1010.4999999999999,-1010.4999999999999,-2020.9999999999998
102,2,1012.6666666666667,774.0,141,True,-1012.6666666666667,-1012.6666666666667,-2025.3333333333335
102,3,968.0,624.0,140,True,-968.0,-968.0,-1936.0
103,0,942.6666666666667,741.0,142,True,-942.6666666666667,-942.6666666666667,-1885.3333333333335
103,1,1086.6666666666665,636.0,140,True,-1086.6666666666665,-1086.6666666666665,-2173.333333333333
103,2,1043.6666666666667,636.0,140,True,-1043.6666666666667,-1043.6666666666667,-2087.3333333333335
103,3,1008.6666666666667,796.0,143,True,-1008.6666666666667,-1008.6666666666667,-2017.3333333333335
104,0,1258.0,687.0,141,True,-1258.0,-1258.0,-2516.0
104,1,1043.6666666666667,636.0,140,True,-1043.6666666666667,-1043.6666666666667,-2087.3333333333335
104,2,917.1666666666667,706.0,141,True,-917.1666666666667,-917.1666666666667,-1834.3333333333335
104,3,1028.0,839.0,142,True,-1028.0,-1028.0,-2056.0
105,0,955.6666666666667,752.0,141,True,-955.6666666666667,-955.6666666666667,-1911.3333333333335
105,1,979.6666666666666,696.0,141,True,-979.6666666666666,-979.6666666666666,-1959.3333333333333
105,2,1063.6666666666667,1024.0,145,True,-1063.6666666666667,-1063.6666666666667,-2127.3333333333335
105,3,1010.6666666666667,544.0,139,True,-1010.6666666666667,-1010.6666666666667,-2021.3333333333335
106,0,1032.6666666666667,588.0,140,True,-1032.6666666666667,-1032.6666666666667,-2065.3333333333335
106,1,1018.0,663.0,141,True,-1018.0,-1018.0,-2036.0
106,2,999.5,887.0,145,True,-999.5,-999.5,-1999.0
106,3,1041.6666666666667,636.0,140,True,-1041.6666666666667,-1041.6666666666667,-2083.3333333333335
107,0,1055.0,663.0,141,True,-1055.0,-1055.0,-2110.0
107,1,1002.0,611.0,140,True,-1002.0,-1002.0,-2004.0
107,2,933.6666666666667,710.0,140,True,-933.6666666666667,-933.6666666666667,-1867.3333333333335
107,3,1036.0,715.0,141,True,-1036.0,-1036.0,-2072.0
108,0,1067.6666666666665,636.0,140,True,-1067.6666666666665,-1067.6666666666665,-2135.333333333333
108,1,1055.6666666666667,868.0,143,True,-1055.6666666666667,-1055.6666666666667,-2111.3333333333335
108,2,1094.1666666666667,786.0,143,True,-1094.1666666666667,-1094.1666666666667,-2188.3333333333335
108,3,969.6666666666666,798.0,142,True,-969.6666666666666,-969.6666666666666,-1939.3333333333333
109,0,964.6666666666667,820.0,143,True,-964.6666666666667,-964.6666666666667,-1929.3333333333335
109,1,986.5,554.0,139,True,-986.5,-986.5,-1973.0
109,2,929.6666666666667,608.0,140,True,-929.6666666666667,-929.6666666666667,-1859.3333333333335
109,3,958.0,512.0,138,True,-958.0,-958.0,-1916.0
110,0,978.6666666666667,547.0,139,True,-978.6666666666667,-978.6666666666667,-1957.3333333333335
110,1,974.1666666666667,749.0,141,True,-974.1666666666667,-974.1666666666667,-1948.3333333333335
110,2,1011.6666666666667,636.0,140,True,-1011.6666666666667,-1011.6666666666667,-2023.3333333333335
110,3,977.3333333333334,663.0,141,True,-977.3333333333334,-977.3333333333334,-1954.6666666666667
111,0,980.6666666666667,781.0,143,True,-980.6666666666667,-980.6666666666667,-1961.3333333333335
111,1,997.6666666666666,713.0,141,True,-997.6666666666666,-997.6666666666666,-1995.3333333333333
111,2,956.1666666666667,788.0,142,True,-956.1666666666667,-956.1666666666667,-1912.3333333333335
111,3,1088.6666666666667,766.0,142,True,-1088.6666666666667,-1088.6666666666667,-2177.3333333333335
112,0,973.3333333333333,614.0,140,True,-973.3333333333333,-973.3333333333333,-1946.6666666666665
112,1,944.5,727.0,142,True,-944.5,-944.5,-1889.0
112,2,967.6666666666667,757.0,143,True,-967.6666666666667,-967.6666666666667,-1935.3333333333335
112,3,970.5,491.0,138,True,-970.5,-970.5,-1941.0
113,0,968.6666666666667,844.0,144,True,-968.6666666666667,-968.6666666666667,-1937.3333333333335
113,1,1099.0,688.0,141,True,-1099.0,-1099.0,-2198.0
113,2,974.0,685.0,141,True,-974.0,-974.0,-1948.0
113,3,996.0,652.0,140,True,-996.0,-996.0,-1992.0
114,0,1020.5,606.0,140,True,-1020.5,-1020.5,-2041.0
114,1,1008.5,551.0,139,True,-1008.5,-1008.5,-2017.0
114,2,939.3333333333333,747.0,141,True,-939.3333333333333,-939.3333333333333,-1878.6666666666665
114,3,974.5,664.0,141,True,-974.5,-974.5,-1949.0
115,0,951.6666666666667,656.0,141,True,-951.6666666666667,-951.6666666666667,-1903.3333333333335
115,1,1013.6666666666667,785.0,143,True,-1013.6666666666667,-1013.6666666666667,-2027.3333333333335
115,2,912.0,608.0,139,True,-912.0,-912.0,-1824.0
115,3,1052.6666666666665,671.0,141,True,-1052.6666666666665,-1052.6666666666665,-2105.333333333333
116,0,912.6666666666667,722.0,141,True,-912.6666666666667,-912.6666666666667,-1825.3333333333335
116,1,922.6666666666667,689.0,141,True,-922.6666666666667,-922.6666666666667,-1845.3333333333335
116,2,1012.5,547.0,139,True,-1012.5,-1012.5,-2025.0
116,3,965.6666666666667,664.0,141,True,-965.6666666666667,-965.6666666666667,-1931.3333333333335
117,0,1010.6666666666667,727.0,142,True,-1010.6666666666667,-1010.6666666666667,-2021.3333333333335
117,1,983.6666666666666,852.0,144,True,-983.6666666666666,-983.6666666666666,-1967.3333333333333
117,2,956.5,664.0,140,True,-956.5,-956.5,-1913.0
117,3,978.6666666666667,629.0,140,True,-978.6666666666667,-978.6666666666667,-1957.3333333333335
118,0,1066.6666666666667,729.0,142,True,-1066.6666666666667,-1066.6666666666667,-2133.3333333333335
118,1,968.0,715.0,142,True,-968.0,-968.0,-1936.0
118,2,958.5,771.0,142,True,-958.5,-958.5,-1917.0
118,3,939.6666666666667,893.0,144,True,-939.6666666666667,-939.6666666666667,-1879.3333333333335
119,0,938.5,664.0,140,True,-938.5,-938.5,-1877.0
119,1,1013.6666666666666,632.0,139,True,-1013.6666666666666,-1013.6666666666666,-2027.3333333333333
119,2,961.0,882.0,145,True,-961.0,-961.0,-1922.0
119,3,971.0,628.0,140,True,-971.0,-971.0,-1942.0
120,0,1033.1666666666667,688.0,141,True,-1033.1666666666667,-1033.1666666666667,-2066.3333333333335
120,1,956.6666666666667,823.0,143,True,-956.6666666666667,-956.6666666666667,-1913.3333333333335
120,2,1069.1666666666667,869.0,145,True,-1069.1666666666667,-1069.1666666666667,-2138.3333333333335
120,3,1071.0,698.0,141,True,-1071.0,-1071.0,-2142.0
121,0,965.6666666666667,685.0,141,True,-965.6666666666667,-965.6666666666667,-1931.3333333333335
121,1,995.6666666666667,719.0,142,True,-995.6666666666667,-995.6666666666667,-1991.3333333333335
121,2,934.1666666666667,624.0,139,True,-934.1666666666667,-934.1666666666667,-1868.3333333333335
121,3,932.0,829.0,143,True,-932.0,-932.0,-1864.0
122,0,957.0,775.0,143,True,-957.0,-957.0,-1914.0
122,1,960.6666666666666,885.0,144,True,-960.6666666666666,-960.6666666666666,-1921.3333333333333
122,2,937.6666666666667,554.0,139,True,-937.6666666666667,-937.6666666666667,-1875.3333333333335
122,3,912.6666666666667,727.0,142,True,-912.6666666666667,-912.6666666666667,-1825.3333333333335
123,0,1104.1666666666667,959.0,146,True,-1104.1666666666667,-1104.1666666666667,-2208.3333333333335
123,1,978.6666666666667,845.0,144,True,-978.6666666666667,-978.6666666666667,-1957.3333333333335
123,2,1042.8333333333335,977.0,147,True,-1042.8333333333335,-1042.8333333333335,-2085.666666666667
123,3,1048.3333333333335,938.0,146,True,-1048.3333333333335,-1048.3333333333335,-2096.666666666667
124,0,998.1666666666667,748.0,141,True,-998.1666666666667,-998.1666666666667,-1996.3333333333335
124,1,988.6666666666666,1039.0,147,True,-988.6666666666666,-988.6666666666666,-1977.3333333333333
124,2,934.0,937.0,145,True,-934.0,-934.0,-1868.0
124,3,951.6666666666667,853.0,144,True,-951.6666666666667,-951.6666666666667,-1903.3333333333335
125,0,989.1666666666667,876.0,144,True,-989.1666666666667,-989.1666666666667,-1978.3333333333335
125,1,967.3333333333334,775.0,143,True,-967.3333333333334,-967.3333333333334,-1934.6666666666667
125,2,963.1666666666667,664.0,141,True,-963.1666666666667,-963.1666666666667,-1926.3333333333335
125,3,1014.0,814.0,144,True,-1014.0,-1014.0,-2028.0
126,0,957.6666666666667,667.0,141,True,-957.6666666666667,-957.6666666666667,-1915.3333333333335
126,1,935.6666666666667,666.0,141,True,-935.6666666666667,-935.6666666666667,-1871.3333333333335
126,2,984.5,752.0,142,True,-984.5,-984.5,-1969.0
126,3,1018.3333333333334,719.0,142,True,-1018.3333333333334,-1018.3333333333334,-2036.6666666666667
127,0,942.1666666666667,608.0,140,True,-942.1666666666667,-942.1666666666667,-1884.3333333333335
127,1,976.6666666666667,689.0,141,True,-976.6666666666667,-976.6666666666667,-1953.3333333333335
127,2,1017.0,719.0,142,True,-1017.0,-1017.0,-2034.0
127,3,1108.1666666666667,844.0,144,True,-1108.1666666666667,-1108.1666666666667,-2216.3333333333335
128,0,1031.6666666666667,753.0,142,True,-1031.6666666666667,-1031.6666666666667,-2063.3333333333335
128,1,1039.0,895.0,145,True,-1039.0,-1039.0,-2078.0
128,2,1021.0,802.0,143,True,-1021.0,-1021.0,-2042.0
128,3,967.0,727.0,142,True,-967.0,-967.0,-1934.0
129,0,977.1666666666667,893.0,143,True,-977.1666666666667,-977.1666666666667,-1954.3333333333335
129,1,1046.3333333333335,719.0,142,True,-1046.3333333333335,-1046.3333333333335,-2092.666666666667
129,2,1026.6666666666667,868.0,144,True,-1026.6666666666667,-1026.6666666666667,-2053.3333333333335
129,3,938.6666666666666,692.0,141,True,-938.6666666666666,-938.6666666666666,-1877.3333333333333
130,0,972.0,773.0,142,True,-972.0,-972.0,-1944.0
130,1,913.6666666666667,638.0,140,True,-913.6666666666667,-913.6666666666667,-1827.3333333333335
130,2,977.1666666666667,671.0,141,True,-977.1666666666667,-977.1666666666667,-1954.3333333333335
130,3,1013.1666666666667,879.0,143,True,-1013.1666666666667,-1013.1666666666667,-2026.3333333333335
131,0,956.6666666666667,748.0,142,True,-956.6666666666667,-956.6666666666667,-1913.3333333333335
131,1,978.6666666666667,692.0,141,True,-978.6666666666667,-978.6666666666667,-1957.3333333333335
131,2,926.1666666666667,638.0,140,True,-926.1666666666667,-926.1666666666667,-1852.3333333333335
131,3,953.6666666666666,855.0,144,True,-953.6666666666666,-953.6666666666666,-1907.3333333333333
132,0,912.6666666666667,736.0,142,True,-912.6666666666667,-912.6666666666667,-1825.3333333333335
132,1,1071.6666666666665,725.0,142,True,-1071.6666666666665,-1071.6666666666665,-2143.333333333333
132,2,1000.6666666666667,855.0,144,True,-1000.6666666666667,-1000.6666666666667,-2001.3333333333335
132,3,1054.6666666666667,743.0,142,True,-1054.6666666666667,-1054.6666666666667,-2109.3333333333335
133,0,1053.3333333333335,915.0,145,True,-1053.3333333333335,-1053.3333333333335,-2106.666666666667
133,1,988.0,855.0,144,True,-988.0,-988.0,-1976.0
133,2,942.1666666666667,764.0,142,True,-942.1666666666667,-942.1666666666667,-1884.3333333333335
133,3,984.6666666666666,680.0,141,True,-984.6666666666666,-984.6666666666666,-1969.3333333333333
134,0,923.6666666666667,954.0,145,True,-923.6666666666667,-923.6666666666667,-1847.3333333333335
134,1,1006.0,719.0,142,True,-1006.0,-1006.0,-2012.0
134,2,966.6666666666667,748.0,141,True,-966.6666666666667,-966.6666666666667,-1933.3333333333335
134,3,1026.5,603.0,140,True,-1026.5,-1026.5,-2053.0
135,0,916.6666666666667,826.0,142,True,-916.6666666666667,-916.6666666666667,-1833.3333333333335
135,1,919.6666666666666,718.0,141,True,-919.6666666666666,-919.6666666666666,-1839.3333333333333
135,2,941.6666666666666,730.0,142,True,-941.6666666666666,-941.6666666666666,-1883.3333333333333
135,3,946.0,856.0,144,True,-946.0,-946.0,-1892.0
136,0,981.1666666666667,937.0,144,True,-981.1666666666667,-981.1666666666667,-1962.3333333333335
136,1,922.6666666666667,606.0,140,True,-922.6666666666667,-922.6666666666667,-1845.3333333333335
136,2,1023.1666666666667,692.0,141,True,-1023.1666666666667,-1023.1666666666667,-2046.3333333333335
136,3,973.1666666666666,760.0,141,True,-973.1666666666666,-973.1666666666666,-1946.3333333333333
137,0,1011.8333333333334,883.0,145,True,-1011.8333333333334,-1011.8333333333334,-2023.6666666666667
137,1,978.5,601.0,140,True,-978.5,-978.5,-1957.0
137,2,1028.0,688.0,141,True,-1028.0,-1028.0,-2056.0
137,3,967.6666666666667,883.0,145,True,-967.6666666666667,-967.6666666666667,-1935.3333333333335
138,0,981.8333333333334,887.0,145,True,-981.8333333333334,-981.8333333333334,-1963.6666666666667
138,1,1015.0,856.0,144,True,-1015.0,-1015.0,-2030.0
138,2,974.3333333333333,840.0,144,True,-974.3333333333333,-974.3333333333333,-1948.6666666666665
138,3,930.0,755.0,142,True,-930.0,-930.0,-1860.0
139,0,937.6666666666667,747.0,142,True,-937.6666666666667,-937.6666666666667,-1875.3333333333335
139,1,912.6666666666667,738.0,141,True,-912.6666666666667,-912.6666666666667,-1825.3333333333335
139,2,922.6666666666667,691.0,140,True,-922.6666666666667,-922.6666666666667,-1845.3333333333335
139,3,974.5,760.0,142,True,-974.5,-974.5,-1949.0
140,0,944.5,806.0,144,True,-944.5,-944.5,-1889.0
140,1,1000.6666666666667,715.0,142,True,-1000.6666666666667,-1000.6666666666667,-2001.3333333333335
140,2,979.3333333333333,931.0,146,True,-979.3333333333333,-979.3333333333333,-1958.6666666666665
140,3,1024.3333333333335,858.0,142,True,-1024.3333333333335,-1024.3333333333335,-2048.666666666667
141,0,936.3333333333334,833.0,144,True,-936.3333333333334,-936.3333333333334,-1872.6666666666667
141,1,976.6666666666667,547.0,139,True,-976.6666666666667,-976.6666666666667,-1953.3333333333335
141,2,965.6666666666667,716.0,141,True,-965.6666666666667,-965.6666666666667,-1931.3333333333335
141,3,1062.3333333333335,727.0,142,True,-1062.3333333333335,-1062.3333333333335,-2124.666666666667
142,0,1033.1666666666665,773.0,143,True,-1033.1666666666665,-1033.1666666666665,-2066.333333333333
142,1,951.6666666666667,687.0,140,True,-951.6666666666667,-951.6666666666667,-1903.3333333333335
142,2,987.0,687.0,141,True,-987.0,-987.0,-1974.0
142,3,949.0,631.0,140,True,-949.0,-949.0,-1898.0
143,0,1089.1666666666667,876.0,145,True,-1089.1666666666667,-1089.1666666666667,-2178.3333333333335
143,1,939.6666666666667,692.0,141,True,-939.6666666666667,-939.6666666666667,-1879.3333333333335
143,2,1039.3333333333335,833.0,143,True,-1039.3333333333335,-1039.3333333333335,-2078.666666666667
143,3,883.6666666666666,712.0,141,True,-883.6666666666666,-883.6666666666666,-1767.3333333333333
144,0,922.6666666666667,638.0,140,True,-922.6666666666667,-922.6666666666667,-1845.3333333333335
144,1,909.0,691.0,141,True,-909.0,-909.0,-1818.0
144,2,941.6666666666667,680.0,141,True,-941.6666666666667,-941.6666666666667,-1883.3333333333335
144,3,976.6666666666667,600.0,140,True,-976.6666666666667,-976.6666666666667,-1953.3333333333335
145,0,983.6666666666666,685.0,140,True,-983.6666666666666,-983.6666666666666,-1967.3333333333333
145,1,947.0,692.0,141,True,-947.0,-947.0,-1894.0
145,2,973.0,727.0,142,True,-973.0,-973.0,-1946.0
145,3,939.6666666666667,600.0,140,True,-939.6666666666667,-939.6666666666667,-1879.3333333333335
146,0,944.6666666666667,612.0,139,True,-944.6666666666667,-944.6666666666667,-1889.3333333333335
146,1,946.0,703.0,142,True,-946.0,-946.0,-1892.0
146,2,992.6666666666667,758.0,142,True,-992.6666666666667,-992.6666666666667,-1985.3333333333335
146,3,985.6666666666667,666.0,141,True,-985.6666666666667,-985.6666666666667,-1971.3333333333335
147,0,1001.1666666666666,676.0,141,True,-1001.1666666666666,-1001.1666666666666,-2002.3333333333333
147,1,928.8333333333333,671.0,140,True,-928.8333333333333,-928.8333333333333,-1857.6666666666665
147,2,912.5,554.0,138,True,-912.5,-912.5,-1825.0
147,3,966.0,845.0,143,True,-966.0,-966.0,-1932.0
148,0,1011.0,739.0,142,True,-1011.0,-1011.0,-2022.0
148,1,1020.3333333333334,492.0,138,True,-1020.3333333333334,-1020.3333333333334,-2040.6666666666667
148,2,947.3333333333334,750.0,142,True,-947.3333333333334,-947.3333333333334,-1894.6666666666667
148,3,961.0,652.0,140,True,-961.0,-961.0,-1922.0
149,0,1040.0,648.0,141,True,-1040.0,-1040.0,-2080.0
149,1,955.3333333333334,650.0,141,True,-955.3333333333334,-955.3333333333334,-1910.6666666666667
149,2,974.3333333333334,626.0,140,True,-974.3333333333334,-974.3333333333334,-1948.6666666666667
149,3,982.3333333333333,824.0,144,True,-982.3333333333333,-982.3333333333333,-1964.6666666666665
150,0,1004.1666666666666,516.0,138,True,-1004.1666666666666,-1004.1666666666666,-2008.3333333333333
150,1,953.0,606.0,140,True,-953.0,-953.0,-1906.0
150,2,965.0,669.0,141,True,-965.0,-965.0,-1930.0
150,3,938.5,606.0,139,True,-938.5,-938.5,-1877.0
151,0,1080.5,772.0,142,True,-1080.5,-1080.5,-2161.0
151,1,1091.3333333333335,818.0,143,True,-1091.3333333333335,-1091.3333333333335,-2182.666666666667
151,2,939.6666666666667,575.0,139,True,-939.6666666666667,-939.6666666666667,-1879.3333333333335
151,3,955.6666666666667,652.0,140,True,-955.6666666666667,-955.6666666666667,-1911.3333333333335
152,0,997.8333333333334,790.0,143,True,-997.8333333333334,-997.8333333333334,-1995.6666666666667
152,1,913.0,627.0,140,True,-913.0,-913.0,-1826.0
152,2,931.6666666666666,589.0,139,True,-931.6666666666666,-931.6666666666666,-1863.3333333333333
152,3,1070.6666666666667,680.0,140,True,-1070.6666666666667,-1070.6666666666667,-2141.3333333333335
153,0,1053.1666666666665,547.0,139,True,-1053.1666666666665,-1053.1666666666665,-2106.333333333333
153,1,957.3333333333334,817.0,144,True,-957.3333333333334,-957.3333333333334,-1914.6666666666667
153,2,964.3333333333334,794.0,143,True,-964.3333333333334,-964.3333333333334,-1928.6666666666667
153,3,894.3333333333334,633.0,140,True,-894.3333333333334,-894.3333333333334,-1788.6666666666667
154,0,905.0,671.0,140,True,-905.0,-905.0,-1810.0
154,1,1019.0,691.0,140,True,-1019.0,-1019.0,-2038.0
154,2,976.6666666666667,496.0,138,True,-976.6666666666667,-976.6666666666667,-1953.3333333333335
154,3,944.0,537.0,139,True,-944.0,-944.0,-1888.0
155,0,989.8333333333334,769.0,143,True,-989.8333333333334,-989.8333333333334,-1979.6666666666667
155,1,833.6666666666666,631.0,140,True,-833.6666666666666,-833.6666666666666,-1667.3333333333333
155,2,992.0,661.0,141,True,-992.0,-992.0,-1984.0
155,3,944.0,683.0,141,True,-944.0,-944.0,-1888.0
156,0,969.0,760.0,142,True,-969.0,-969.0,-1938.0
156,1,965.6666666666667,628.0,140,True,-965.6666666666667,-965.6666666666667,-1931.3333333333335
156,2,982.5,571.0,138,True,-982.5,-982.5,-1965.0
156,3,1015.0,554.0,139,True,-1015.0,-1015.0,-2030.0
157,0,950.0,512.0,138,True,-950.0,-950.0,-1900.0
157,1,1018.5,691.0,141,True,-1018.5,-1018.5,-2037.0
157,2,967.6666666666667,504.0,138,True,-967.6666666666667,-967.6666666666667,-1935.3333333333335
157,3,967.6666666666667,712.0,141,True,-967.6666666666667,-967.6666666666667,-1935.3333333333335
158,0,951.6666666666666,712.0,141,True,-951.6666666666666,-951.6666666666666,-1903.3333333333333
158,1,1073.6666666666667,655.0,140,True,-1073.6666666666667,-1073.6666666666667,-2147.3333333333335
158,2,1084.0,603.0,139,True,-1084.0,-1084.0,-2168.0
158,3,967.6666666666667,717.0,142,True,-967.6666666666667,-967.6666666666667,-1935.3333333333335
159,0,1124.0,724.0,142,True,-1124.0,-1124.0,-2248.0
159,1,977.6666666666667,652.0,140,True,-977.6666666666667,-977.6666666666667,-1955.3333333333335
159,2,1025.6666666666665,715.0,141,True,-1025.6666666666665,-1025.6666666666665,-2051.333333333333
159,3,932.6666666666667,649.0,140,True,-932.6666666666667,-932.6666666666667,-1865.3333333333335
160,0,1063.3333333333335,680.0,140,True,-1063.3333333333335,-1063.3333333333335,-2126.666666666667
160,1,936.0,575.0,139,True,-936.0,-936.0,-1872.0
160,2,967.6666666666667,687.0,141,True,-967.6666666666667,-967.6666666666667,-1935.3333333333335
160,3,894.3333333333334,512.0,138,True,-894.3333333333334,-894.3333333333334,-1788.6666666666667
161,0,1125.6666666666665,721.0,141,True,-1125.6666666666665,-1125.6666666666665,-2251.333333333333
161,1,978.1666666666666,593.0,139,True,-978.1666666666666,-978.1666666666666,-1956.3333333333333
161,2,1000.0,785.0,143,True,-1000.0,-1000.0,-2000.0
161,3,1000.6666666666667,732.0,141,True,-1000.6666666666667,-1000.6666666666667,-2001.3333333333335
162,0,1008.3333333333334,883.0,143,True,-1008.3333333333334,-1008.3333333333334,-2016.6666666666667
162,1,920.6666666666667,729.0,142,True,-920.6666666666667,-920.6666666666667,-1841.3333333333335
162,2,1080.0,697.0,141,True,-1080.0,-1080.0,-2160.0
162,3,1094.0,938.0,144,True,-1094.0,-1094.0,-2188.0
163,0,922.6666666666667,687.0,140,True,-922.6666666666667,-922.6666666666667,-1845.3333333333335
163,1,945.0,712.0,141,True,-945.0,-945.0,-1890.0
163,2,993.8333333333333,603.0,139,True,-993.8333333333333,-993.8333333333333,-1987.6666666666665
163,3,1026.0,725.0,142,True,-1026.0,-1026.0,-2052.0
164,0,1006.3333333333334,785.0,143,True,-1006.3333333333334,-1006.3333333333334,-2012.6666666666667
164,1,1011.0,823.0,144,True,-1011.0,-1011.0,-2022.0
164,2,988.0,714.0,141,True,-988.0,-988.0,-1976.0
164,3,922.6666666666667,781.0,142,True,-922.6666666666667,-922.6666666666667,-1845.3333333333335
165,0,938.0,687.0,141,True,-938.0,-938.0,-1876.0
165,1,926.3333333333334,746.0,142,True,-926.3333333333334,-926.3333333333334,-1852.6666666666667
165,2,939.0,818.0,143,True,-939.0,-939.0,-1878.0
165,3,1000.0,743.0,141,True,-1000.0,-1000.0,-2000.0
166,0,954.0,727.0,142,True,-954.0,-954.0,-1908.0
166,1,899.6666666666666,652.0,140,True,-899.6666666666666,-899.6666666666666,-1799.3333333333333
166,2,971.0,719.0,142,True,-971.0,-971.0,-1942.0
166,3,1053.6666666666667,664.0,141,True,-1053.6666666666667,-1053.6666666666667,-2107.3333333333335
167,0,928.8333333333334,731.0,142,True,-928.8333333333334,-928.8333333333334,-1857.6666666666667
167,1,1036.1666666666665,666.0,140,True,-1036.1666666666665,-1036.1666666666665,-2072.333333333333
167,2,969.0,768.0,142,True,-969.0,-969.0,-1938.0
167,3,877.6666666666667,675.0,141,True,-877.6666666666667,-877.6666666666667,-1755.3333333333335
168,0,974.0,697.0,141,True,-974.0,-974.0,-1948.0
168,1,1038.3333333333335,606.0,140,True,-1038.3333333333335,-1038.3333333333335,-2076.666666666667
168,2,932.3333333333334,687.0,141,True,-932.3333333333334,-932.3333333333334,-1864.6666666666667
168,3,958.6666666666666,773.0,141,True,-958.6666666666666,-958.6666666666666,-1917.3333333333333
169,0,989.3333333333334,781.0,142,True,-989.3333333333334,-989.3333333333334,-1978.6666666666667
169,1,915.6666666666666,687.0,141,True,-915.6666666666666,-915.6666666666666,-1831.3333333333333
169,2,955.6666666666666,683.0,141,True,-955.6666666666666,-955.6666666666666,-1911.3333333333333
169,3,918.0,556.0,139,True,-918.0,-918.0,-1836.0
170,0,898.1666666666667,600.0,140,True,-898.1666666666667,-898.1666666666667,-1796.3333333333335
170,1,933.6666666666666,687.0,139,True,-933.6666666666666,-933.6666666666666,-1867.3333333333333
170,2,949.6666666666667,575.0,139,True,-949.6666666666667,-949.6666666666667,-1899.3333333333335
170,3,877.0,675.0,141,True,-877.0,-877.0,-1754.0
171,0,885.6666666666667,731.0,142,True,-885.6666666666667,-885.6666666666667,-1771.3333333333335
171,1,907.6666666666666,687.0,140,True,-907.6666666666666,-907.6666666666666,-1815.3333333333333
171,2,930.0,575.0,139,True,-930.0,-930.0,-1860.0
171,3,863.6666666666667,631.0,140,True,-863.6666666666667,-863.6666666666667,-1727.3333333333335
172,0,898.6666666666667,666.0,141,True,-898.6666666666667,-898.6666666666667,-1797.3333333333335
172,1,1000.6666666666667,608.0,140,True,-1000.6666666666667,-1000.6666666666667,-2001.3333333333335
172,2,931.0,687.0,141,True,-931.0,-931.0,-1862.0
172,3,953.0,775.0,143,True,-953.0,-953.0,-1906.0
173,0,944.3333333333334,648.0,141,True,-944.3333333333334,-944.3333333333334,-1888.6666666666667
173,1,1028.0,659.0,140,True,-1028.0,-1028.0,-2056.0
173,2,934.6666666666666,687.0,141,True,-934.6666666666666,-934.6666666666666,-1869.3333333333333
173,3,922.0,691.0,141,True,-922.0,-922.0,-1844.0
174,0,949.3333333333334,781.0,143,True,-949.3333333333334,-949.3333333333334,-1898.6666666666667
174,1,1008.3333333333334,721.0,142,True,-1008.3333333333334,-1008.3333333333334,-2016.6666666666667
174,2,950.0,600.0,140,True,-950.0,-950.0,-1900.0
174,3,955.3333333333334,669.0,141,True,-955.3333333333334,-955.3333333333334,-1910.6666666666667
175,0,938.0,712.0,140,True,-938.0,-938.0,-1876.0
175,1,909.6666666666666,687.0,141,True,-909.6666666666666,-909.6666666666666,-1819.3333333333333
175,2,979.6666666666666,704.0,142,True,-979.6666666666666,-979.6666666666666,-1959.3333333333333
175,3,1023.0,804.0,143,True,-1023.0,-1023.0,-2046.0
176,0,877.6666666666667,687.0,141,True,-877.6666666666667,-877.6666666666667,-1755.3333333333335
176,1,977.3333333333334,669.0,140,True,-977.3333333333334,-977.3333333333334,-1954.6666666666667
176,2,951.3333333333334,721.0,142,True,-951.3333333333334,-951.3333333333334,-1902.6666666666667
176,3,965.3333333333334,746.0,142,True,-965.3333333333334,-965.3333333333334,-1930.6666666666667
177,0,925.6666666666667,743.0,142,True,-925.6666666666667,-925.6666666666667,-1851.3333333333335
177,1,994.3333333333334,856.0,143,True,-994.3333333333334,-994.3333333333334,-1988.6666666666667
177,2,901.0,691.0,140,True,-901.0,-901.0,-1802.0
177,3,985.6666666666666,725.0,142,True,-985.6666666666666,-985.6666666666666,-1971.3333333333333
178,0,921.0,754.0,142,True,-921.0,-921.0,-1842.0
178,1,902.6666666666667,631.0,140,True,-902.6666666666667,-902.6666666666667,-1805.3333333333335
178,2,947.3333333333334,664.0,140,True,-947.3333333333334,-947.3333333333334,-1894.6666666666667
178,3,947.3333333333334,575.0,139,True,-947.3333333333334,-947.3333333333334,-1894.6666666666667
179,0,875.6666666666666,687.0,141,True,-875.6666666666666,-875.6666666666666,-1751.3333333333333
179,1,947.0,820.0,143,True,-947.0,-947.0,-1894.0
179,2,952.3333333333334,725.0,142,True,-952.3333333333334,-952.3333333333334,-1904.6666666666667
179,3,841.3333333333333,654.0,141,True,-841.3333333333333,-841.3333333333333,-1682.6666666666665
180,0,964.6666666666667,748.0,141,True,-964.6666666666667,-964.6666666666667,-1929.3333333333335
180,1,927.6666666666667,631.0,140,True,-927.6666666666667,-927.6666666666667,-1855.3333333333335
180,2,1006.1666666666667,688.0,141,True,-1006.1666666666667,-1006.1666666666667,-2012.3333333333335
180,3,959.0,687.0,141,True,-959.0,-959.0,-1918.0
181,0,855.6666666666666,687.0,141,True,-855.6666666666666,-855.6666666666666,-1711.3333333333333
181,1,902.0,666.0,141,True,-902.0,-902.0,-1804.0
181,2,903.0,666.0,141,True,-903.0,-903.0,-1806.0
181,3,953.0,712.0,141,True,-953.0,-953.0,-1906.0
182,0,929.6666666666667,743.0,142,True,-929.6666666666667,-929.6666666666667,-1859.3333333333335
182,1,919.0,743.0,142,True,-919.0,-919.0,-1838.0
182,2,986.0,746.0,142,True,-986.0,-986.0,-1972.0
182,3,973.6666666666667,681.0,141,True,-973.6666666666667,-973.6666666666667,-1947.3333333333335
183,0,959.1666666666667,812.0,142,True,-959.1666666666667,-959.1666666666667,-1918.3333333333335
183,1,952.0,727.0,140,True,-952.0,-952.0,-1904.0
183,2,972.3333333333334,719.0,142,True,-972.3333333333334,-972.3333333333334,-1944.6666666666667
183,3,915.6666666666667,731.0,142,True,-915.6666666666667,-915.6666666666667,-1831.3333333333335
184,0,885.6666666666667,514.0,138,True,-885.6666666666667,-885.6666666666667,-1771.3333333333335
184,1,968.0,692.0,141,True,-968.0,-968.0,-1936.0
184,2,919.0,635.0,140,True,-919.0,-919.0,-1838.0
184,3,976.0,687.0,141,True,-976.0,-976.0,-1952.0
185,0,877.0,633.0,140,True,-877.0,-877.0,-1754.0
185,1,922.6666666666667,635.0,140,True,-922.6666666666667,-922.6666666666667,-1845.3333333333335
185,2,976.6666666666667,652.0,140,True,-976.6666666666667,-976.6666666666667,-1953.3333333333335
185,3,895.6666666666666,712.0,141,True,-895.6666666666666,-895.6666666666666,-1791.3333333333333
186,0,979.0,868.0,144,True,-979.0,-979.0,-1958.0
186,1,995.6666666666667,798.0,143,True,-995.6666666666667,-995.6666666666667,-1991.3333333333335
186,2,1022.0,628.0,140,True,-1022.0,-1022.0,-2044.0
186,3,945.0,692.0,140,True,-945.0,-945.0,-1890.0
187,0,999.3333333333334,575.0,138,True,-999.3333333333334,-999.3333333333334,-1998.6666666666667
187,1,967.0,752.0,142,True,-967.0,-967.0,-1934.0
187,2,1007.3333333333333,730.0,142,True,-1007.3333333333333,-1007.3333333333333,-2014.6666666666665
187,3,974.0,605.0,139,True,-974.0,-974.0,-1948.0
188,0,955.3333333333334,725.0,142,True,-955.3333333333334,-955.3333333333334,-1910.6666666666667
188,1,1008.6666666666667,804.0,143,True,-1008.6666666666667,-1008.6666666666667,-2017.3333333333335
188,2,998.6666666666667,884.0,143,True,-998.6666666666667,-998.6666666666667,-1997.3333333333335
188,3,984.6666666666667,638.0,140,True,-984.6666666666667,-984.6666666666667,-1969.3333333333335
189,0,934.6666666666667,575.0,139,True,-934.6666666666667,-934.6666666666667,-1869.3333333333335
189,1,997.0,748.0,142,True,-997.0,-997.0,-1994.0
189,2,957.6666666666667,792.0,143,True,-957.6666666666667,-957.6666666666667,-1915.3333333333335
189,3,969.3333333333333,911.0,145,True,-969.3333333333333,-969.3333333333333,-1938.6666666666665
190,0,1006.1666666666667,748.0,142,True,-1006.1666666666667,-1006.1666666666667,-2012.3333333333335
190,1,997.6666666666666,692.0,141,True,-997.6666666666666,-997.6666666666666,-1995.3333333333333
190,2,901.6666666666666,514.0,138,True,-901.6666666666666,-901.6666666666666,-1803.3333333333333
190,3,917.1666666666667,692.0,141,True,-917.1666666666667,-917.1666666666667,-1834.3333333333335
191,0,933.6666666666667,692.0,141,True,-933.6666666666667,-933.6666666666667,-1867.3333333333335
191,1,982.0,687.0,141,True,-982.0,-982.0,-1964.0
191,2,879.6666666666667,575.0,139,True,-879.6666666666667,-879.6666666666667,-1759.3333333333335
191,3,933.0,692.0,141,True,-933.0,-933.0,-1866.0
192,0,934.0,731.0,142,True,-934.0,-934.0,-1868.0
192,1,1020.1666666666667,628.0,140,True,-1020.1666666666667,-1020.1666666666667,-2040.3333333333335
192,2,920.6666666666667,832.0,143,True,-920.6666666666667,-920.6666666666667,-1841.3333333333335
192,3,998.0,575.0,138,True,-998.0,-998.0,-1996.0
193,0,930.6666666666667,631.0,140,True,-930.6666666666667,-930.6666666666667,-1861.3333333333335
193,1,920.6666666666667,741.0,142,True,-920.6666666666667,-920.6666666666667,-1841.3333333333335
193,2,919.8333333333334,794.0,142,True,-919.8333333333334,-919.8333333333334,-1839.6666666666667
193,3,923.1666666666667,638.0,140,True,-923.1666666666667,-923.1666666666667,-1846.3333333333335
194,0,943.6666666666666,692.0,141,True,-943.6666666666666,-943.6666666666666,-1887.3333333333333
194,1,1162.0,666.0,140,True,-1162.0,-1162.0,-2324.0
194,2,946.0,631.0,140,True,-946.0,-946.0,-1892.0
194,3,1078.0,605.0,139,True,-1078.0,-1078.0,-2156.0
195,0,965.8333333333334,594.0,140,True,-965.8333333333334,-965.8333333333334,-1931.6666666666667
195,1,935.0,575.0,138,True,-935.0,-935.0,-1870.0
195,2,884.6666666666667,687.0,141,True,-884.6666666666667,-884.6666666666667,-1769.3333333333335
195,3,920.6666666666667,652.0,139,True,-920.6666666666667,-920.6666666666667,-1841.3333333333335
196,0,913.6666666666667,638.0,140,True,-913.6666666666667,-913.6666666666667,-1827.3333333333335
196,1,889.0,738.0,142,True,-889.0,-889.0,-1778.0
196,2,1052.8333333333333,575.0,139,True,-1052.8333333333333,-1052.8333333333333,-2105.6666666666665
196,3,955.6666666666667,675.0,141,True,-955.6666666666667,-955.6666666666667,-1911.3333333333335
197,0,1000.6666666666667,916.0,145,True,-1000.6666666666667,-1000.6666666666667,-2001.3333333333335
197,1,979.0,692.0,141,True,-979.0,-979.0,-1958.0
197,2,953.6666666666667,736.0,142,True,-953.6666666666667,-953.6666666666667,-1907.3333333333335
197,3,1030.6666666666667,855.0,144,True,-1030.6666666666667,-1030.6666666666667,-2061.3333333333335
198,0,989.3333333333333,794.0,143,True,-989.3333333333333,-989.3333333333333,-1978.6666666666665
198,1,928.0,740.0,142,True,-928.0,-928.0,-1856.0
198,2,930.6666666666667,675.0,140,True,-930.6666666666667,-930.6666666666667,-1861.3333333333335
198,3,936.3333333333334,731.0,142,True,-936.3333333333334,-936.3333333333334,-1872.6666666666667
199,0,1144.0,706.0,141,True,-1144.0,-1144.0,-2288.0
199,1,1020.6666666666667,918.0,145,True,-1020.6666666666667,-1020.6666666666667,-2041.3333333333335
199,2,894.6666666666666,638.0,140,True,-894.6666666666666,-894.6666666666666,-1789.3333333333333
199,3,952.3333333333334,652.0,139,True,-952.3333333333334,-952.3333333333334,-1904.6666666666667
200,0,923.0,631.0,140,True,-923.0,-923.0,-1846.0
200,1,1001.0,761.0,143,True,-1001.0,-1001.0,-2002.0
200,2,970.0,743.0,142,True,-970.0,-970.0,-1940.0
200,3,938.6666666666667,732.0,142,True,-938.6666666666667,-938.6666666666667,-1877.3333333333335
201,0,894.6666666666667,575.0,139,True,-894.6666666666667,-894.6666666666667,-1789.3333333333335
201,1,934.0,692.0,141,True,-934.0,-934.0,-1868.0
201,2,957.0,813.0,142,True,-957.0,-957.0,-1914.0
201,3,982.5,857.0,144,True,-982.5,-982.5,-1965.0
202,0,965.6666666666667,873.0,144,True,-965.6666666666667,-965.6666666666667,-1931.3333333333335
202,1,906.6666666666667,680.0,140,True,-906.6666666666667,-906.6666666666667,-1813.3333333333335
202,2,1078.0,682.0,140,True,-1078.0,-1078.0,-2156.0
202,3,984.6666666666667,773.0,142,True,-984.6666666666667,-984.6666666666667,-1969.3333333333335
203,0,983.3333333333334,751.0,142,True,-983.3333333333334,-983.3333333333334,-1966.6666666666667
203,1,1010.6666666666667,812.0,143,True,-1010.6666666666667,-1010.6666666666667,-2021.3333333333335
203,2,886.6666666666667,834.0,141,True,-886.6666666666667,-886.6666666666667,-1773.3333333333335
203,3,1048.0,753.0,142,True,-1048.0,-1048.0,-2096.0
204,0,1052.1666666666665,853.0,143,True,-1052.1666666666665,-1052.1666666666665,-2104.333333333333
204,1,976.0,624.0,140,True,-976.0,-976.0,-1952.0
204,2,1060.0,620.0,139,True,-1060.0,-1060.0,-2120.0
204,3,1010.6666666666667,794.0,143,True,-1010.6666666666667,-1010.6666666666667,-2021.3333333333335
205,0,933.3333333333333,627.0,140,True,-933.3333333333333,-933.3333333333333,-1866.6666666666665
205,1,937.6666666666667,561.0,138,True,-937.6666666666667,-937.6666666666667,-1875.3333333333335
205,2,977.6666666666667,692.0,141,True,-977.6666666666667,-977.6666666666667,-1955.3333333333335
205,3,922.6666666666667,774.0,143,True,-922.6666666666667,-922.6666666666667,-1845.3333333333335
206,0,1114.0,939.0,145,True,-1114.0,-1114.0,-2228.0
206,1,948.0,685.0,139,True,-948.0,-948.0,-1896.0
206,2,953.6666666666666,575.0,139,True,-953.6666666666666,-953.6666666666666,-1907.3333333333333
206,3,1215.5,882.0,144,True,-1215.5,-1215.5,-2431.0
207,0,1011.6666666666667,780.0,143,True,-1011.6666666666667,-1011.6666666666667,-2023.3333333333335
207,1,904.3333333333334,631.0,140,True,-904.3333333333334,-904.3333333333334,-1808.6666666666667
207,2,1013.3333333333334,812.0,143,True,-1013.3333333333334,-1013.3333333333334,-2026.6666666666667
207,3,981.6666666666667,851.0,144,True,-981.6666666666667,-981.6666666666667,-1963.3333333333335
208,0,995.6666666666667,725.0,142,True,-995.6666666666667,-995.6666666666667,-1991.3333333333335
208,1,1039.6666666666667,736.0,142,True,-1039.6666666666667,-1039.6666666666667,-2079.3333333333335
208,2,1062.6666666666667,719.0,141,True,-1062.6666666666667,-1062.6666666666667,-2125.3333333333335
208,3,909.6666666666666,627.0,140,True,-909.6666666666666,-909.6666666666666,-1819.3333333333333
209,0,1010.6666666666667,685.0,141,True,-1010.6666666666667,-1010.6666666666667,-2021.3333333333335
209,1,1002.3333333333333,808.0,143,True,-1002.3333333333333,-1002.3333333333333,-2004.6666666666665
209,2,967.6666666666667,680.0,141,True,-967.6666666666667,-967.6666666666667,-1935.3333333333335
209,3,982.6666666666667,688.0,141,True,-982.6666666666667,-982.6666666666667,-1965.3333333333335
210,0,952.6666666666666,736.0,142,True,-952.6666666666666,-952.6666666666666,-1905.3333333333333
210,1,977.0,702.0,141,True,-977.0,-977.0,-1954.0
210,2,970.3333333333334,761.0,143,True,-970.3333333333334,-970.3333333333334,-1940.6666666666667
210,3,913.6666666666667,692.0,141,True,-913.6666666666667,-913.6666666666667,-1827.3333333333335
211,0,967.6666666666667,736.0,142,True,-967.6666666666667,-967.6666666666667,-1935.3333333333335
211,1,879.6666666666667,575.0,139,True,-879.6666666666667,-879.6666666666667,-1759.3333333333335
211,2,959.8333333333334,794.0,143,True,-959.8333333333334,-959.8333333333334,-1919.6666666666667
211,3,984.6666666666667,692.0,141,True,-984.6666666666667,-984.6666666666667,-1969.3333333333335
212,0,856.5,554.0,139,True,-856.5,-856.5,-1713.0
212,1,993.6666666666667,692.0,141,True,-993.6666666666667,-993.6666666666667,-1987.3333333333335
212,2,963.6666666666667,736.0,142,True,-963.6666666666667,-963.6666666666667,-1927.3333333333335
212,3,1003.0,688.0,141,True,-1003.0,-1003.0,-2006.0
213,0,955.0,554.0,139,True,-955.0,-955.0,-1910.0
213,1,1003.6666666666666,632.0,140,True,-1003.6666666666666,-1003.6666666666666,-2007.3333333333333
213,2,973.1666666666667,713.0,141,True,-973.1666666666667,-973.1666666666667,-1946.3333333333335
213,3,985.0,554.0,139,True,-985.0,-985.0,-1970.0
214,0,1032.0,741.0,141,True,-1032.0,-1032.0,-2064.0
214,1,959.6666666666667,692.0,141,True,-959.6666666666667,-959.6666666666667,-1919.3333333333335
214,2,1045.6666666666667,731.0,142,True,-1045.6666666666667,-1045.6666666666667,-2091.3333333333335
214,3,1043.6666666666667,812.0,143,True,-1043.6666666666667,-1043.6666666666667,-2087.3333333333335
215,0,959.1666666666667,632.0,140,True,-959.1666666666667,-959.1666666666667,-1918.3333333333335
215,1,924.1666666666667,692.0,141,True,-924.1666666666667,-924.1666666666667,-1848.3333333333335
215,2,1020.0,636.0,140,True,-1020.0,-1020.0,-2040.0
215,3,1007.3333333333334,665.0,141,True,-1007.3333333333334,-1007.3333333333334,-2014.6666666666667
216,0,922.6666666666667,748.0,142,True,-922.6666666666667,-922.6666666666667,-1845.3333333333335
216,1,980.0,787.0,143,True,-980.0,-980.0,-1960.0
216,2,1028.8333333333335,731.0,142,True,-1028.8333333333335,-1028.8333333333335,-2057.666666666667
216,3,1017.6666666666667,773.0,142,True,-1017.6666666666667,-1017.6666666666667,-2035.3333333333335
217,0,1000.6666666666667,743.0,142,True,-1000.6666666666667,-1000.6666666666667,-2001.3333333333335
217,1,936.0,743.0,142,True,-936.0,-936.0,-1872.0
217,2,927.6666666666667,632.0,140,True,-927.6666666666667,-927.6666666666667,-1855.3333333333335
217,3,998.0,688.0,140,True,-998.0,-998.0,-1996.0
218,0,1017.6666666666667,812.0,143,True,-1017.6666666666667,-1017.6666666666667,-2035.3333333333335
218,1,928.6666666666667,748.0,142,True,-928.6666666666667,-928.6666666666667,-1857.3333333333335
218,2,1017.6666666666667,812.0,143,True,-1017.6666666666667,-1017.6666666666667,-2035.3333333333335
218,3,972.6666666666667,748.0,142,True,-972.6666666666667,-972.6666666666667,-1945.3333333333335
219,0,918.6666666666667,554.0,139,True,-918.6666666666667,-918.6666666666667,-1837.3333333333335
219,1,972.6666666666667,799.0,143,True,-972.6666666666667,-972.6666666666667,-1945.3333333333335
219,2,939.6666666666667,688.0,140,True,-939.6666666666667,-939.6666666666667,-1879.3333333333335
219,3,921.0,631.0,140,True,-921.0,-921.0,-1842.0
220,0,992.0,683.0,141,True,-992.0,-992.0,-1984.0
220,1,984.6666666666667,748.0,142,True,-984.6666666666667,-984.6666666666667,-1969.3333333333335
220,2,901.3333333333334,631.0,139,True,-901.3333333333334,-901.3333333333334,-1802.6666666666667
220,3,1022.0,768.0,142,True,-1022.0,-1022.0,-2044.0
221,0,1101.6666666666667,690.0,141,True,-1101.6666666666667,-1101.6666666666667,-2203.3333333333335
221,1,962.6666666666667,697.0,141,True,-962.6666666666667,-962.6666666666667,-1925.3333333333335
221,2,981.1666666666667,699.0,141,True,-981.1666666666667,-981.1666666666667,-1962.3333333333335
221,3,895.6666666666667,578.0,138,True,-895.6666666666667,-895.6666666666667,-1791.3333333333335
222,0,964.0,757.0,141,True,-964.0,-964.0,-1928.0
222,1,913.6666666666666,748.0,141,True,-913.6666666666666,-913.6666666666666,-1827.3333333333333
222,2,1018.6666666666667,750.0,142,True,-1018.6666666666667,-1018.6666666666667,-2037.3333333333335
222,3,1037.6666666666667,748.0,141,True,-1037.6666666666667,-1037.6666666666667,-2075.3333333333335
223,0,1018.0,744.0,142,True,-1018.0,-1018.0,-2036.0
223,1,905.3333333333334,687.0,140,True,-905.3333333333334,-905.3333333333334,-1810.6666666666667
223,2,889.0,631.0,139,True,-889.0,-889.0,-1778.0
223,3,984.0,748.0,142,True,-984.0,-984.0,-1968.0
224,0,921.6666666666667,743.0,142,True,-921.6666666666667,-921.6666666666667,-1843.3333333333335
224,1,999.0,774.0,141,True,-999.0,-999.0,-1998.0
224,2,1013.0,748.0,141,True,-1013.0,-1013.0,-2026.0
224,3,978.0,773.0,142,True,-978.0,-978.0,-1956.0
225,0,999.3333333333334,751.0,143,True,-999.3333333333334,-999.3333333333334,-1998.6666666666667
225,1,963.5,776.0,143,True,-963.5,-963.5,-1927.0
225,2,999.0,688.0,141,True,-999.0,-999.0,-1998.0
225,3,982.6666666666667,765.0,141,True,-982.6666666666667,-982.6666666666667,-1965.3333333333335
226,0,936.6666666666667,552.0,139,True,-936.6666666666667,-936.6666666666667,-1873.3333333333335
226,1,869.6666666666667,657.0,141,True,-869.6666666666667,-869.6666666666667,-1739.3333333333335
226,2,1052.1666666666667,561.0,139,True,-1052.1666666666667,-1052.1666666666667,-2104.3333333333335
226,3,939.6666666666667,749.0,141,True,-939.6666666666667,-939.6666666666667,-1879.3333333333335
227,0,965.6666666666667,712.0,141,True,-965.6666666666667,-965.6666666666667,-1931.3333333333335
227,1,944.0,863.0,143,True,-944.0,-944.0,-1888.0
227,2,894.3333333333334,575.0,138,True,-894.3333333333334,-894.3333333333334,-1788.6666666666667
227,3,969.1666666666667,692.0,141,True,-969.1666666666667,-969.1666666666667,-1938.3333333333335
228,0,938.0,627.0,140,True,-938.0,-938.0,-1876.0
228,1,933.6666666666667,687.0,140,True,-933.6666666666667,-933.6666666666667,-1867.3333333333335
228,2,952.6666666666666,748.0,142,True,-952.6666666666666,-952.6666666666666,-1905.3333333333333
228,3,955.1666666666667,753.0,142,True,-955.1666666666667,-955.1666666666667,-1910.3333333333335
229,0,930.6666666666667,575.0,139,True,-930.6666666666667,-930.6666666666667,-1861.3333333333335
229,1,913.6666666666666,567.0,139,True,-913.6666666666666,-913.6666666666666,-1827.3333333333333
229,2,955.6666666666667,685.0,141,True,-955.6666666666667,-955.6666666666667,-1911.3333333333335
229,3,887.6666666666667,687.0,141,True,-887.6666666666667,-887.6666666666667,-1775.3333333333335
230,0,925.6666666666666,687.0,140,True,-925.6666666666666,-925.6666666666666,-1851.3333333333333
230,1,1030.6666666666667,773.0,142,True,-1030.6666666666667,-1030.6666666666667,-2061.3333333333335
230,2,928.6666666666667,748.0,142,True,-928.6666666666667,-928.6666666666667,-1857.3333333333335
230,3,994.1666666666667,748.0,141,True,-994.1666666666667,-994.1666666666667,-1988.3333333333335
231,0,910.5,666.0,141,True,-910.5,-910.5,-1821.0
231,1,959.1666666666667,659.0,141,True,-959.1666666666667,-959.1666666666667,-1918.3333333333335
231,2,966.0,775.0,143,True,-966.0,-966.0,-1932.0
231,3,1095.3333333333333,800.0,143,True,-1095.3333333333333,-1095.3333333333333,-2190.6666666666665
232,0,967.6666666666667,773.0,142,True,-967.6666666666667,-967.6666666666667,-1935.3333333333335
232,1,943.6666666666667,692.0,140,True,-943.6666666666667,-943.6666666666667,-1887.3333333333335
232,2,1010.6666666666667,691.0,141,True,-1010.6666666666667,-1010.6666666666667,-2021.3333333333335
232,3,962.0,906.0,145,True,-962.0,-962.0,-1924.0
233,0,884.5,710.0,141,True,-884.5,-884.5,-1769.0
233,1,988.5,606.0,139,True,-988.5,-988.5,-1977.0
233,2,966.0,719.0,142,True,-966.0,-966.0,-1932.0
233,3,971.6666666666666,500.0,137,True,-971.6666666666666,-971.6666666666666,-1943.3333333333333
234,0,1010.6666666666667,692.0,141,True,-1010.6666666666667,-1010.6666666666667,-2021.3333333333335
234,1,1000.6666666666667,638.0,140,True,-1000.6666666666667,-1000.6666666666667,-2001.3333333333335
234,2,1045.6666666666667,808.0,143,True,-1045.6666666666667,-1045.6666666666667,-2091.3333333333335
234,3,943.6666666666666,748.0,142,True,-943.6666666666666,-943.6666666666666,-1887.3333333333333
235,0,1000.6666666666667,748.0,142,True,-1000.6666666666667,-1000.6666666666667,-2001.3333333333335
235,1,957.6666666666667,743.0,142,True,-957.6666666666667,-957.6666666666667,-1915.3333333333335
235,2,1066.1666666666667,728.0,142,True,-1066.1666666666667,-1066.1666666666667,-2132.3333333333335
235,3,1088.6666666666667,760.0,143,True,-1088.6666666666667,-1088.6666666666667,-2177.3333333333335
236,0,965.6666666666667,732.0,141,True,-965.6666666666667,-965.6666666666667,-1931.3333333333335
236,1,998.6666666666667,692.0,141,True,-998.6666666666667,-998.6666666666667,-1997.3333333333335
236,2,993.0,864.0,144,True,-993.0,-993.0,-1986.0
236,3,972.6666666666667,834.0,144,True,-972.6666666666667,-972.6666666666667,-1945.3333333333335
237,0,977.6666666666667,692.0,141,True,-977.6666666666667,-977.6666666666667,-1955.3333333333335
237,1,912.6666666666667,692.0,141,True,-912.6666666666667,-912.6666666666667,-1825.3333333333335
237,2,965.6666666666667,554.0,138,True,-965.6666666666667,-965.6666666666667,-1931.3333333333335
237,3,952.0,671.0,141,True,-952.0,-952.0,-1904.0
238,0,955.6666666666667,799.0,143,True,-955.6666666666667,-955.6666666666667,-1911.3333333333335
238,1,1070.6666666666665,632.0,140,True,-1070.6666666666665,-1070.6666666666665,-2141.333333333333
238,2,1009.1666666666667,663.0,141,True,-1009.1666666666667,-1009.1666666666667,-2018.3333333333335
238,3,951.1666666666667,679.0,140,True,-951.1666666666667,-951.1666666666667,-1902.3333333333335
239,0,947.5,809.0,143,True,-947.5,-947.5,-1895.0
239,1,931.6666666666667,773.0,142,True,-931.6666666666667,-931.6666666666667,-1863.3333333333335
239,2,968.6666666666667,810.0,143,True,-968.6666666666667,-968.6666666666667,-1937.3333333333335
239,3,996.0,775.0,142,True,-996.0,-996.0,-1992.0
240,0,908.1666666666667,761.0,143,True,-908.1666666666667,-908.1666666666667,-1816.3333333333335
240,1,944.5,671.0,140,True,-944.5,-944.5,-1889.0
240,2,984.5,543.0,139,True,-984.5,-984.5,-1969.0
240,3,1053.0,882.0,145,True,-1053.0,-1053.0,-2106.0
241,0,937.6666666666666,834.0,141,True,-937.6666666666666,-937.6666666666666,-1875.3333333333333
241,1,927.6666666666667,683.0,141,True,-927.6666666666667,-927.6666666666667,-1855.3333333333335
241,2,955.6666666666667,748.0,142,True,-955.6666666666667,-955.6666666666667,-1911.3333333333335
241,3,955.6666666666667,748.0,141,True,-955.6666666666667,-955.6666666666667,-1911.3333333333335
242,0,1003.0,740.0,142,True,-1003.0,-1003.0,-2006.0
242,1,998.0,775.0,143,True,-998.0,-998.0,-1996.0
242,2,956.1666666666667,692.0,141,True,-956.1666666666667,-956.1666666666667,-1912.3333333333335
242,3,1121.0,715.0,142,True,-1121.0,-1121.0,-2242.0
243,0,1043.6666666666667,791.0,143,True,-1043.6666666666667,-1043.6666666666667,-2087.3333333333335
243,1,1018.6666666666667,773.0,141,True,-1018.6666666666667,-1018.6666666666667,-2037.3333333333335
243,2,961.6666666666667,812.0,142,True,-961.6666666666667,-961.6666666666667,-1923.3333333333335
243,3,912.6666666666667,636.0,140,True,-912.6666666666667,-912.6666666666667,-1825.3333333333335
244,0,974.0,748.0,141,True,-974.0,-974.0,-1948.0
244,1,946.6666666666667,748.0,142,True,-946.6666666666667,-946.6666666666667,-1893.3333333333335
244,2,998.6666666666667,688.0,140,True,-998.6666666666667,-998.6666666666667,-1997.3333333333335
244,3,954.0,773.0,141,True,-954.0,-954.0,-1908.0
245,0,922.6666666666667,685.0,141,True,-922.6666666666667,-922.6666666666667,-1845.3333333333335
245,1,903.6666666666667,748.0,141,True,-903.6666666666667,-903.6666666666667,-1807.3333333333335
245,2,955.6666666666667,692.0,141,True,-955.6666666666667,-955.6666666666667,-1911.3333333333335
245,3,955.6666666666667,748.0,141,True,-955.6666666666667,-955.6666666666667,-1911.3333333333335
246,0,983.1666666666667,792.0,143,True,-983.1666666666667,-983.1666666666667,-1966.3333333333335
246,1,934.6666666666666,685.0,140,True,-934.6666666666666,-934.6666666666666,-1869.3333333333333
246,2,1029.0,691.0,141,True,-1029.0,-1029.0,-2058.0
246,3,927.6666666666666,652.0,139,True,-927.6666666666666,-927.6666666666666,-1855.3333333333333
247,0,1021.4999999999999,697.0,141,True,-1021.4999999999999,-1021.4999999999999,-2042.9999999999998
247,1,945.6666666666667,773.0,142,True,-945.6666666666667,-945.6666666666667,-1891.3333333333335
247,2,948.6666666666667,636.0,140,True,-948.6666666666667,-948.6666666666667,-1897.3333333333335
247,3,998.6666666666667,859.0,143,True,-998.6666666666667,-998.6666666666667,-1997.3333333333335
248,0,1026.0,748.0,142,True,-1026.0,-1026.0,-2052.0
248,1,1000.6666666666667,753.0,142,True,-1000.6666666666667,-1000.6666666666667,-2001.3333333333335
248,2,968.6666666666667,622.0,139,True,-968.6666666666667,-968.6666666666667,-1937.3333333333335
248,3,941.6666666666667,561.0,139,True,-941.6666666666667,-941.6666666666667,-1883.3333333333335
249,0,1118.0,575.0,138,True,-1118.0,-1118.0,-2236.0
249,1,1010.6666666666667,624.0,140,True,-1010.6666666666667,-1010.6666666666667,-2021.3333333333335
249,2,923.6666666666666,627.0,140,True,-923.6666666666666,-923.6666666666666,-1847.3333333333333
249,3,999.3333333333334,575.0,138,True,-999.3333333333334,-999.3333333333334,-1998.6666666666667
250,0,1054.0,516.0,138,True,-1054.0,-1054.0,-2108.0
250,1,985.0,575.0,138,True,-985.0,-985.0,-1970.0
250,2,955.6666666666667,748.0,140,True,-955.6666666666667,-955.6666666666667,-1911.3333333333335
250,3,922.6666666666667,692.0,141,True,-922.6666666666667,-922.6666666666667,-1845.3333333333335
251,0,960.0,575.0,138,True,-960.0,-960.0,-1920.0
251,1,956.0,632.0,139,True,-956.0,-956.0,-1912.0
251,2,1061.8333333333333,561.0,138,True,-1061.8333333333333,-1061.8333333333333,-2123.6666666666665
251,3,944.0,692.0,141,True,-944.0,-944.0,-1888.0
252,0,952.0,692.0,141,True,-952.0,-952.0,-1904.0
252,1,998.6666666666667,688.0,141,True,-998.6666666666667,-998.6666666666667,-1997.3333333333335
252,2,965.6666666666667,712.0,141,True,-965.6666666666667,-965.6666666666667,-1931.3333333333335
252,3,1246.1666666666665,727.0,141,True,-1246.1666666666665,-1246.1666666666665,-2492.333333333333
253,0,1125.1666666666667,725.0,141,True,-1125.1666666666667,-1125.1666666666667,-2250.3333333333335
253,1,1090.0,711.0,141,True,-1090.0,-1090.0,-2180.0
253,2,948.1666666666667,748.0,141,True,-948.1666666666667,-948.1666666666667,-1896.3333333333335
253,3,996.0,603.0,138,True,-996.0,-996.0,-1992.0
254,0,898.6666666666667,631.0,140,True,-898.6666666666667,-898.6666666666667,-1797.3333333333335
254,1,1065.0,664.0,139,True,-1065.0,-1065.0,-2130.0
254,2,1286.5,804.0,142,True,-1286.5,-1286.5,-2573.0
254,3,910.6666666666667,692.0,141,True,-910.6666666666667,-910.6666666666667,-1821.3333333333335
255,0,909.6666666666666,748.0,140,True,-909.6666666666666,-909.6666666666666,-1819.3333333333333
255,1,1035.0,512.0,138,True,-1035.0,-1035.0,-2070.0
255,2,955.6666666666667,773.0,142,True,-955.6666666666667,-955.6666666666667,-1911.3333333333335
255,3,914.5,671.0,140,True,-914.5,-914.5,-1829.0
256,0,1050.0,589.0,138,True,-1050.0,-1050.0,-2100.0
256,1,966.0,743.0,142,True,-966.0,-966.0,-1932.0
256,2,958.8333333333334,775.0,143,True,-958.8333333333334,-958.8333333333334,-1917.6666666666667
256,3,1110.0,706.0,141,True,-1110.0,-1110.0,-2220.0
257,0,1015.6666666666667,627.0,140,True,-1015.6666666666667,-1015.6666666666667,-2031.3333333333335
257,1,894.6666666666667,712.0,141,True,-894.6666666666667,-894.6666666666667,-1789.3333333333335
257,2,949.1666666666666,855.0,144,True,-949.1666666666666,-949.1666666666666,-1898.3333333333333
257,3,934.6666666666667,687.0,141,True,-934.6666666666667,-934.6666666666667,-1869.3333333333335
258,0,985.6666666666667,687.0,140,True,-985.6666666666667,-985.6666666666667,-1971.3333333333335
258,1,951.6666666666666,692.0,141,True,-951.6666666666666,-951.6666666666666,-1903.3333333333333
258,2,1020.0,758.0,142,True,-1020.0,-1020.0,-2040.0
258,3,928.6666666666667,692.0,141,True,-928.6666666666667,-928.6666666666667,-1857.3333333333335
259,0,947.0,775.0,142,True,-947.0,-947.0,-1894.0
259,1,907.0,806.0,142,True,-907.0,-907.0,-1814.0
259,2,930.6666666666667,575.0,139,True,-930.6666666666667,-930.6666666666667,-1861.3333333333335
259,3,930.6666666666667,627.0,140,True,-930.6666666666667,-930.6666666666667,-1861.3333333333335
260,0,942.1666666666667,692.0,141,True,-942.1666666666667,-942.1666666666667,-1884.3333333333335
260,1,906.1666666666667,680.0,141,True,-906.1666666666667,-906.1666666666667,-1812.3333333333335
260,2,995.0,416.0,137,True,-995.0,-995.0,-1990.0
260,3,951.1666666666667,743.0,142,True,-951.1666666666667,-951.1666666666667,-1902.3333333333335
261,0,931.6666666666667,692.0,141,True,-931.6666666666667,-931.6666666666667,-1863.3333333333335
261,1,1018.0,748.0,141,True,-1018.0,-1018.0,-2036.0
261,2,1010.6666666666667,692.0,141,True,-1010.6666666666667,-1010.6666666666667,-2021.3333333333335
261,3,948.6666666666667,813.0,143,True,-948.6666666666667,-948.6666666666667,-1897.3333333333335
262,0,955.6666666666667,743.0,142,True,-955.6666666666667,-955.6666666666667,-1911.3333333333335
262,1,928.6666666666666,748.0,142,True,-928.6666666666666,-928.6666666666666,-1857.3333333333333
262,2,953.6666666666667,692.0,141,True,-953.6666666666667,-953.6666666666667,-1907.3333333333335
262,3,911.6666666666667,710.0,141,True,-911.6666666666667,-911.6666666666667,-1823.3333333333335
263,0,965.1666666666667,799.0,143,True,-965.1666666666667,-965.1666666666667,-1930.3333333333335
263,1,957.3333333333333,748.0,141,True,-957.3333333333333,-957.3333333333333,-1914.6666666666665
263,2,901.6666666666667,692.0,141,True,-901.6666666666667,-901.6666666666667,-1803.3333333333335
263,3,1020.0,575.0,139,True,-1020.0,-1020.0,-2040.0
264,0,930.0,627.0,140,True,-930.0,-930.0,-1860.0
264,1,958.5,687.0,140,True,-958.5,-958.5,-1917.0
264,2,951.3333333333333,631.0,139,True,-951.3333333333333,-951.3333333333333,-1902.6666666666665
264,3,1005.0,791.0,142,True,-1005.0,-1005.0,-2010.0
265,0,1075.0,775.0,142,True,-1075.0,-1075.0,-2150.0
265,1,972.0,692.0,141,True,-972.0,-972.0,-1944.0
265,2,901.0,687.0,141,True,-901.0,-901.0,-1802.0
265,3,967.0,604.0,140,True,-967.0,-967.0,-1934.0
266,0,930.3333333333334,437.0,137,True,-930.3333333333334,-930.3333333333334,-1860.6666666666667
266,1,983.0,743.0,142,True,-983.0,-983.0,-1966.0
266,2,976.6666666666667,638.0,140,True,-976.6666666666667,-976.6666666666667,-1953.3333333333335
266,3,943.6666666666667,638.0,139,True,-943.6666666666667,-943.6666666666667,-1887.3333333333335
267,0,998.6666666666667,692.0,141,True,-998.6666666666667,-998.6666666666667,-1997.3333333333335
267,1,990.6666666666667,891.0,145,True,-990.6666666666667,-990.6666666666667,-1981.3333333333335
267,2,1088.6666666666667,649.0,140,True,-1088.6666666666667,-1088.6666666666667,-2177.3333333333335
267,3,987.0,575.0,139,True,-987.0,-987.0,-1974.0
268,0,937.6666666666666,500.0,137,True,-937.6666666666666,-937.6666666666666,-1875.3333333333333
268,1,994.0,912.0,145,True,-994.0,-994.0,-1988.0
268,2,954.6666666666667,577.0,138,True,-954.6666666666667,-954.6666666666667,-1909.3333333333335
268,3,955.3333333333334,762.0,142,True,-955.3333333333334,-955.3333333333334,-1910.6666666666667
269,0,932.6666666666667,631.0,140,True,-932.6666666666667,-932.6666666666667,-1865.3333333333335
269,1,933.6666666666666,577.0,138,True,-933.6666666666666,-933.6666666666666,-1867.3333333333333
269,2,949.6666666666667,758.0,142,True,-949.6666666666667,-949.6666666666667,-1899.3333333333335
269,3,916.1666666666667,751.0,142,True,-916.1666666666667,-916.1666666666667,-1832.3333333333335
270,0,941.6666666666667,758.0,142,True,-941.6666666666667,-941.6666666666667,-1883.3333333333335
270,1,884.0,758.0,142,True,-884.0,-884.0,-1768.0
270,2,968.0,512.0,138,True,-968.0,-968.0,-1936.0
270,3,904.6666666666667,819.0,142,True,-904.6666666666667,-904.6666666666667,-1809.3333333333335
271,0,1062.0,748.0,142,True,-1062.0,-1062.0,-2124.0
271,1,1000.6666666666667,748.0,141,True,-1000.6666666666667,-1000.6666666666667,-2001.3333333333335
271,2,1018.1666666666667,710.0,140,True,-1018.1666666666667,-1018.1666666666667,-2036.3333333333335
271,3,985.6666666666666,575.0,138,True,-985.6666666666666,-985.6666666666666,-1971.3333333333333
272,0,965.6666666666667,773.0,142,True,-965.6666666666667,-965.6666666666667,-1931.3333333333335
272,1,990.8333333333333,834.0,143,True,-990.8333333333333,-990.8333333333333,-1981.6666666666665
272,2,941.6666666666666,710.0,141,True,-941.6666666666666,-941.6666666666666,-1883.3333333333333
272,3,1032.0,776.0,141,True,-1032.0,-1032.0,-2064.0
273,0,974.0,624.0,140,True,-974.0,-974.0,-1948.0
273,1,958.6666666666666,823.0,142,True,-958.6666666666666,-958.6666666666666,-1917.3333333333333
273,2,922.0,713.0,141,True,-922.0,-922.0,-1844.0
273,3,944.0,773.0,141,True,-944.0,-944.0,-1888.0
274,0,1023.6666666666667,769.0,142,True,-1023.6666666666667,-1023.6666666666667,-2047.3333333333335
274,1,934.6666666666666,692.0,141,True,-934.6666666666666,-934.6666666666666,-1869.3333333333333
274,2,959.6666666666667,692.0,141,True,-959.6666666666667,-959.6666666666667,-1919.3333333333335
274,3,999.6666666666666,636.0,140,True,-999.6666666666666,-999.6666666666666,-1999.3333333333333
275,0,1000.6666666666667,773.0,142,True,-1000.6666666666667,-1000.6666666666667,-2001.3333333333335
275,1,943.6666666666666,710.0,141,True,-943.6666666666666,-943.6666666666666,-1887.3333333333333
275,2,955.6666666666667,868.0,143,True,-955.6666666666667,-955.6666666666667,-1911.3333333333335
275,3,955.6666666666667,692.0,141,True,-955.6666666666667,-955.6666666666667,-1911.3333333333335
276,0,948.5,727.0,141,True,-948.5,-948.5,-1897.0
276,1,955.6666666666667,636.0,140,True,-955.6666666666667,-955.6666666666667,-1911.3333333333335
276,2,983.6666666666666,624.0,140,True,-983.6666666666666,-983.6666666666666,-1967.3333333333333
276,3,925.6666666666666,692.0,141,True,-925.6666666666666,-925.6666666666666,-1851.3333333333333
277,0,929.3333333333333,773.0,141,True,-929.3333333333333,-929.3333333333333,-1858.6666666666665
277,1,970.0,806.0,143,True,-970.0,-970.0,-1940.0
277,2,911.6666666666667,748.0,141,True,-911.6666666666667,-911.6666666666667,-1823.3333333333335
277,3,968.0,692.0,140,True,-968.0,-968.0,-1936.0
278,0,980.5,666.0,140,True,-980.5,-980.5,-1961.0
278,1,955.6666666666667,710.0,141,True,-955.6666666666667,-955.6666666666667,-1911.3333333333335
278,2,951.0,649.0,140,True,-951.0,-951.0,-1902.0
278,3,924.6666666666666,692.0,141,True,-924.6666666666666,-924.6666666666666,-1849.3333333333333
279,0,967.6666666666667,692.0,141,True,-967.6666666666667,-967.6666666666667,-1935.3333333333335
279,1,1045.8333333333333,746.0,142,True,-1045.8333333333333,-1045.8333333333333,-2091.6666666666665
279,2,1137.1666666666667,762.0,142,True,-1137.1666666666667,-1137.1666666666667,-2274.3333333333335
279,3,1020.0,603.0,138,True,-1020.0,-1020.0,-2040.0
280,0,922.6666666666667,748.0,142,True,-922.6666666666667,-922.6666666666667,-1845.3333333333335
280,1,942.6666666666667,748.0,142,True,-942.6666666666667,-942.6666666666667,-1885.3333333333335
280,2,920.6666666666667,743.0,142,True,-920.6666666666667,-920.6666666666667,-1841.3333333333335
280,3,1000.6666666666667,688.0,141,True,-1000.6666666666667,-1000.6666666666667,-2001.3333333333335
281,0,965.6666666666667,692.0,141,True,-965.6666666666667,-965.6666666666667,-1931.3333333333335
281,1,1051.1666666666667,664.0,140,True,-1051.1666666666667,-1051.1666666666667,-2102.3333333333335
281,2,965.6666666666667,636.0,139,True,-965.6666666666667,-965.6666666666667,-1931.3333333333335
281,3,1060.0,776.0,141,True,-1060.0,-1060.0,-2120.0
282,0,1013.6666666666667,946.0,145,True,-1013.6666666666667,-1013.6666666666667,-2027.3333333333335
282,1,1000.0,634.0,140,True,-1000.0,-1000.0,-2000.0
282,2,964.6666666666667,712.0,141,True,-964.6666666666667,-964.6666666666667,-1929.3333333333335
282,3,945.1666666666666,855.0,144,True,-945.1666666666666,-945.1666666666666,-1890.3333333333333
283,0,1028.0,727.0,141,True,-1028.0,-1028.0,-2056.0
283,1,1005.0,650.0,140,True,-1005.0,-1005.0,-2010.0
283,2,960.3333333333334,575.0,139,True,-960.3333333333334,-960.3333333333334,-1920.6666666666667
283,3,998.6666666666667,575.0,139,True,-998.6666666666667,-998.6666666666667,-1997.3333333333335
284,0,1009.0,636.0,140,True,-1009.0,-1009.0,-2018.0
284,1,1095.6666666666667,689.0,141,True,-1095.6666666666667,-1095.6666666666667,-2191.3333333333335
284,2,960.0,748.0,142,True,-960.0,-960.0,-1920.0
284,3,966.1666666666667,713.0,140,True,-966.1666666666667,-966.1666666666667,-1932.3333333333335
285,0,942.0,631.0,140,True,-942.0,-942.0,-1884.0
285,1,1124.0,664.0,140,True,-1124.0,-1124.0,-2248.0
285,2,1003.6666666666666,576.0,139,True,-1003.6666666666666,-1003.6666666666666,-2007.3333333333333
285,3,983.8333333333333,697.0,140,True,-983.8333333333333,-983.8333333333333,-1967.6666666666665
286,0,1166.0,664.0,140,True,-1166.0,-1166.0,-2332.0
286,1,1020.0,636.0,140,True,-1020.0,-1020.0,-2040.0
286,2,985.6666666666666,636.0,140,True,-985.6666666666666,-985.6666666666666,-1971.3333333333333
286,3,955.6666666666667,748.0,141,True,-955.6666666666667,-955.6666666666667,-1911.3333333333335
287,0,1017.6666666666666,748.0,142,True,-1017.6666666666666,-1017.6666666666666,-2035.3333333333333
287,1,1049.6666666666667,748.0,142,True,-1049.6666666666667,-1049.6666666666667,-2099.3333333333335
287,2,957.6666666666666,769.0,142,True,-957.6666666666666,-957.6666666666666,-1915.3333333333333
287,3,968.5,554.0,139,True,-968.5,-968.5,-1937.0
288,0,930.6666666666667,687.0,141,True,-930.6666666666667,-930.6666666666667,-1861.3333333333335
288,1,953.6666666666667,629.0,140,True,-953.6666666666667,-953.6666666666667,-1907.3333333333335
288,2,1042.0,748.0,142,True,-1042.0,-1042.0,-2084.0
288,3,978.6666666666667,748.0,142,True,-978.6666666666667,-978.6666666666667,-1957.3333333333335
289,0,1048.1666666666665,692.0,141,True,-1048.1666666666665,-1048.1666666666665,-2096.333333333333
289,1,1149.3333333333335,663.0,141,True,-1149.3333333333335,-1149.3333333333335,-2298.666666666667
289,2,971.0,743.0,142,True,-971.0,-971.0,-1942.0
289,3,955.0,667.0,141,True,-955.0,-955.0,-1910.0
290,0,953.6666666666667,692.0,141,True,-953.6666666666667,-953.6666666666667,-1907.3333333333335
290,1,989.1666666666667,692.0,141,True,-989.1666666666667,-989.1666666666667,-1978.3333333333335
290,2,1049.0,692.0,141,True,-1049.0,-1049.0,-2098.0
290,3,964.6666666666667,692.0,141,True,-964.6666666666667,-964.6666666666667,-1929.3333333333335
291,0,934.0,712.0,141,True,-934.0,-934.0,-1868.0
291,1,979.6666666666666,575.0,138,True,-979.6666666666666,-979.6666666666666,-1959.3333333333333
291,2,1226.0,573.0,139,True,-1226.0,-1226.0,-2452.0
291,3,1000.6666666666667,692.0,141,True,-1000.6666666666667,-1000.6666666666667,-2001.3333333333335
292,0,995.8333333333333,556.0,139,True,-995.8333333333333,-995.8333333333333,-1991.6666666666665
292,1,1107.8333333333333,806.0,143,True,-1107.8333333333333,-1107.8333333333333,-2215.6666666666665
292,2,969.0,636.0,140,True,-969.0,-969.0,-1938.0
292,3,1133.0,750.0,142,True,-1133.0,-1133.0,-2266.0
293,0,1042.6666666666665,692.0,141,True,-1042.6666666666665,-1042.6666666666665,-2085.333333333333
293,1,1029.1666666666665,636.0,140,True,-1029.1666666666665,-1029.1666666666665,-2058.333333333333
293,2,944.6666666666667,743.0,142,True,-944.6666666666667,-944.6666666666667,-1889.3333333333335
293,3,926.6666666666667,881.0,144,True,-926.6666666666667,-926.6666666666667,-1853.3333333333335
294,0,1124.0,711.0,141,True,-1124.0,-1124.0,-2248.0
294,1,932.6666666666667,692.0,141,True,-932.6666666666667,-932.6666666666667,-1865.3333333333335
294,2,1020.0,768.0,142,True,-1020.0,-1020.0,-2040.0
294,3,995.8333333333333,516.0,138,True,-995.8333333333333,-995.8333333333333,-1991.6666666666665
295,0,1080.0,603.0,139,True,-1080.0,-1080.0,-2160.0
295,1,938.0,685.0,141,True,-938.0,-938.0,-1876.0
295,2,1114.0,723.0,140,True,-1114.0,-1114.0,-2228.0
295,3,1077.1666666666667,800.0,142,True,-1077.1666666666667,-1077.1666666666667,-2154.3333333333335
296,0,1044.0,648.0,140,True,-1044.0,-1044.0,-2088.0
296,1,1047.1666666666665,655.0,140,True,-1047.1666666666665,-1047.1666666666665,-2094.333333333333
296,2,932.6666666666667,731.0,142,True,-932.6666666666667,-932.6666666666667,-1865.3333333333335
296,3,929.0,631.0,140,True,-929.0,-929.0,-1858.0
297,0,934.4999999999999,813.0,143,True,-934.4999999999999,-934.4999999999999,-1868.9999999999998
297,1,1021.0,692.0,141,True,-1021.0,-1021.0,-2042.0
297,2,1140.6666666666667,711.0,141,True,-1140.6666666666667,-1140.6666666666667,-2281.3333333333335
297,3,939.6666666666667,692.0,141,True,-939.6666666666667,-939.6666666666667,-1879.3333333333335
298,0,979.0,773.0,142,True,-979.0,-979.0,-1958.0
298,1,976.6666666666667,692.0,141,True,-976.6666666666667,-976.6666666666667,-1953.3333333333335
298,2,997.5,782.0,143,True,-997.5,-997.5,-1995.0
298,3,964.6666666666666,692.0,141,True,-964.6666666666666,-964.6666666666666,-1929.3333333333333
299,0,1043.6666666666667,791.0,143,True,-1043.6666666666667,-1043.6666666666667,-2087.3333333333335
299,1,932.6666666666667,748.0,141,True,-932.6666666666667,-932.6666666666667,-1865.3333333333335
299,2,1043.6666666666667,692.0,141,True,-1043.6666666666667,-1043.6666666666667,-2087.3333333333335
299,3,1043.6666666666667,692.0,141,True,-1043.6666666666667,-1043.6666666666667,-2087.3333333333335
300,0,977.6666666666667,685.0,141,True,-977.6666666666667,-977.6666666666667,-1955.3333333333335
300,1,941.6666666666666,773.0,142,True,-941.6666666666666,-941.6666666666666,-1883.3333333333333
300,2,1045.6666666666667,692.0,141,True,-1045.6666666666667,-1045.6666666666667,-2091.3333333333335
300,3,977.6666666666667,685.0,141,True,-977.6666666666667,-977.6666666666667,-1955.3333333333335
301,0,922.6666666666667,512.0,138,True,-922.6666666666667,-922.6666666666667,-1845.3333333333335
301,1,1005.1666666666667,734.0,142,True,-1005.1666666666667,-1005.1666666666667,-2010.3333333333335
301,2,913.3333333333333,687.0,141,True,-913.3333333333333,-913.3333333333333,-1826.6666666666665
301,3,936.6666666666666,748.0,141,True,-936.6666666666666,-936.6666666666666,-1873.3333333333333
302,0,1020.5,857.0,144,True,-1020.5,-1020.5,-2041.0
302,1,888.6666666666667,575.0,139,True,-888.6666666666667,-888.6666666666667,-1777.3333333333335
302,2,974.6666666666667,631.0,140,True,-974.6666666666667,-974.6666666666667,-1949.3333333333335
302,3,1020.6666666666667,564.0,139,True,-1020.6666666666667,-1020.6666666666667,-2041.3333333333335
303,0,1019.0,687.0,141,True,-1019.0,-1019.0,-2038.0
303,1,952.0,687.0,141,True,-952.0,-952.0,-1904.0
303,2,1015.6666666666666,692.0,141,True,-1015.6666666666666,-1015.6666666666666,-2031.3333333333333
303,3,964.6666666666667,692.0,141,True,-964.6666666666667,-964.6666666666667,-1929.3333333333335
304,0,941.0,712.0,141,True,-941.0,-941.0,-1882.0
304,1,896.6666666666667,512.0,138,True,-896.6666666666667,-896.6666666666667,-1793.3333333333335
304,2,964.0,687.0,141,True,-964.0,-964.0,-1928.0
304,3,903.0,631.0,140,True,-903.0,-903.0,-1806.0
305,0,959.6666666666667,736.0,142,True,-959.6666666666667,-959.6666666666667,-1919.3333333333335
305,1,907.3333333333334,631.0,140,True,-907.3333333333334,-907.3333333333334,-1814.6666666666667
305,2,951.6666666666667,708.0,141,True,-951.6666666666667,-951.6666666666667,-1903.3333333333335
305,3,921.0,554.0,139,True,-921.0,-921.0,-1842.0
306,0,898.6666666666667,778.0,143,True,-898.6666666666667,-898.6666666666667,-1797.3333333333335
306,1,1087.0,719.0,142,True,-1087.0,-1087.0,-2174.0
306,2,909.0,575.0,139,True,-909.0,-909.0,-1818.0
306,3,947.0,692.0,141,True,-947.0,-947.0,-1894.0
307,0,929.6666666666667,575.0,139,True,-929.6666666666667,-929.6666666666667,-1859.3333333333335
307,1,994.1666666666667,638.0,140,True,-994.1666666666667,-994.1666666666667,-1988.3333333333335
307,2,970.1666666666666,722.0,141,True,-970.1666666666666,-970.1666666666666,-1940.3333333333333
307,3,1009.6666666666667,692.0,141,True,-1009.6666666666667,-1009.6666666666667,-2019.3333333333335
308,0,964.0,692.0,141,True,-964.0,-964.0,-1928.0
308,1,896.3333333333333,554.0,139,True,-896.3333333333333,-896.3333333333333,-1792.6666666666665
308,2,988.0,748.0,142,True,-988.0,-988.0,-1976.0
308,3,977.6666666666666,692.0,141,True,-977.6666666666666,-977.6666666666666,-1955.3333333333333
309,0,927.6666666666667,709.0,142,True,-927.6666666666667,-927.6666666666667,-1855.3333333333335
309,1,1034.6666666666665,692.0,141,True,-1034.6666666666665,-1034.6666666666665,-2069.333333333333
309,2,962.6666666666667,631.0,140,True,-962.6666666666667,-962.6666666666667,-1925.3333333333335
309,3,964.6666666666667,554.0,139,True,-964.6666666666667,-964.6666666666667,-1929.3333333333335
310,0,1044.1666666666665,688.0,141,True,-1044.1666666666665,-1044.1666666666665,-2088.333333333333
310,1,967.6666666666666,692.0,141,True,-967.6666666666666,-967.6666666666666,-1935.3333333333333
310,2,933.0,675.0,141,True,-933.0,-933.0,-1866.0
310,3,910.6666666666667,712.0,141,True,-910.6666666666667,-910.6666666666667,-1821.3333333333335
311,0,937.0,636.0,140,True,-937.0,-937.0,-1874.0
311,1,963.6666666666667,631.0,140,True,-963.6666666666667,-963.6666666666667,-1927.3333333333335
311,2,929.6666666666667,631.0,140,True,-929.6666666666667,-929.6666666666667,-1859.3333333333335
311,3,919.5,654.0,141,True,-919.5,-919.5,-1839.0
312,0,913.6666666666667,682.0,141,True,-913.6666666666667,-913.6666666666667,-1827.3333333333335
312,1,967.0,671.0,141,True,-967.0,-967.0,-1934.0
312,2,887.0,631.0,140,True,-887.0,-887.0,-1774.0
312,3,948.0,631.0,140,True,-948.0,-948.0,-1896.0
313,0,974.0,768.0,142,True,-974.0,-974.0,-1948.0
313,1,1012.6666666666667,768.0,142,True,-1012.6666666666667,-1012.6666666666667,-2025.3333333333335
313,2,949.6666666666667,631.0,139,True,-949.6666666666667,-949.6666666666667,-1899.3333333333335
313,3,897.0,631.0,140,True,-897.0,-897.0,-1794.0
314,0,913.3333333333334,631.0,140,True,-913.3333333333334,-913.3333333333334,-1826.6666666666667
314,1,901.0,575.0,139,True,-901.0,-901.0,-1802.0
314,2,952.3333333333334,631.0,140,True,-952.3333333333334,-952.3333333333334,-1904.6666666666667
314,3,931.3333333333333,627.0,140,True,-931.3333333333333,-931.3333333333333,-1862.6666666666665
315,0,947.1666666666667,636.0,140,True,-947.1666666666667,-947.1666666666667,-1894.3333333333335
315,1,991.6666666666667,829.0,143,True,-991.6666666666667,-991.6666666666667,-1983.3333333333335
315,2,985.6666666666667,575.0,138,True,-985.6666666666667,-985.6666666666667,-1971.3333333333335
315,3,929.0,743.0,142,True,-929.0,-929.0,-1858.0
316,0,1003.6666666666667,603.0,139,True,-1003.6666666666667,-1003.6666666666667,-2007.3333333333335
316,1,972.6666666666667,624.0,140,True,-972.6666666666667,-972.6666666666667,-1945.3333333333335
316,2,923.0,743.0,142,True,-923.0,-923.0,-1846.0
316,3,1122.0,647.0,140,True,-1122.0,-1122.0,-2244.0
317,0,974.8333333333333,603.0,139,True,-974.8333333333333,-974.8333333333333,-1949.6666666666665
317,1,1040.8333333333333,647.0,139,True,-1040.8333333333333,-1040.8333333333333,-2081.6666666666665
317,2,1095.6666666666667,577.0,139,True,-1095.6666666666667,-1095.6666666666667,-2191.3333333333335
317,3,1005.8333333333333,603.0,139,True,-1005.8333333333333,-1005.8333333333333,-2011.6666666666665
318,0,920.0,631.0,140,True,-920.0,-920.0,-1840.0
318,1,986.0,633.0,140,True,-986.0,-986.0,-1972.0
318,2,959.6666666666666,666.0,139,True,-959.6666666666666,-959.6666666666666,-1919.3333333333333
318,3,896.6666666666667,631.0,140,True,-896.6666666666667,-896.6666666666667,-1793.3333333333335
319,0,920.0,631.0,140,True,-920.0,-920.0,-1840.0
319,1,1038.0,646.0,140,True,-1038.0,-1038.0,-2076.0
319,2,1007.1666666666666,715.0,141,True,-1007.1666666666666,-1007.1666666666666,-2014.3333333333333
319,3,956.6666666666667,631.0,140,True,-956.6666666666667,-956.6666666666667,-1913.3333333333335
320,0,941.0,615.0,140,True,-941.0,-941.0,-1882.0
320,1,1174.1666666666665,739.0,141,True,-1174.1666666666665,-1174.1666666666665,-2348.333333333333
320,2,936.0,575.0,139,True,-936.0,-936.0,-1872.0
320,3,1076.0,588.0,139,True,-1076.0,-1076.0,-2152.0
321,0,955.3333333333334,631.0,140,True,-955.3333333333334,-955.3333333333334,-1910.6666666666667
321,1,1041.1666666666665,516.0,138,True,-1041.1666666666665,-1041.1666666666665,-2082.333333333333
321,2,964.6666666666667,652.0,140,True,-964.6666666666667,-964.6666666666667,-1929.3333333333335
321,3,1013.1666666666666,603.0,138,True,-1013.1666666666666,-1013.1666666666666,-2026.3333333333333
322,0,929.6666666666667,687.0,141,True,-929.6666666666667,-929.6666666666667,-1859.3333333333335
322,1,861.0,575.0,139,True,-861.0,-861.0,-1722.0
322,2,919.0,631.0,140,True,-919.0,-919.0,-1838.0
322,3,908.3333333333334,631.0,140,True,-908.3333333333334,-908.3333333333334,-1816.6666666666667
323,0,965.0,687.0,141,True,-965.0,-965.0,-1930.0
323,1,989.6666666666667,722.0,141,True,-989.6666666666667,-989.6666666666667,-1979.3333333333335
323,2,955.6666666666667,666.0,140,True,-955.6666666666667,-955.6666666666667,-1911.3333333333335
323,3,933.6666666666667,631.0,140,True,-933.6666666666667,-933.6666666666667,-1867.3333333333335
324,0,929.6666666666667,712.0,141,True,-929.6666666666667,-929.6666666666667,-1859.3333333333335
324,1,949.6666666666666,687.0,140,True,-949.6666666666666,-949.6666666666666,-1899.3333333333333
324,2,931.6666666666666,712.0,141,True,-931.6666666666666,-931.6666666666666,-1863.3333333333333
324,3,979.6666666666667,789.0,142,True,-979.6666666666667,-979.6666666666667,-1959.3333333333335
325,0,929.5,691.0,141,True,-929.5,-929.5,-1859.0
325,1,898.6666666666667,575.0,139,True,-898.6666666666667,-898.6666666666667,-1797.3333333333335
325,2,966.6666666666666,687.0,141,True,-966.6666666666666,-966.6666666666666,-1933.3333333333333
325,3,961.6666666666666,687.0,141,True,-961.6666666666666,-961.6666666666666,-1923.3333333333333
326,0,929.6666666666667,554.0,139,True,-929.6666666666667,-929.6666666666667,-1859.3333333333335
326,1,874.3333333333333,554.0,139,True,-874.3333333333333,-874.3333333333333,-1748.6666666666665
326,2,1026.0,631.0,140,True,-1026.0,-1026.0,-2052.0
326,3,919.8333333333334,696.0,142,True,-919.8333333333334,-919.8333333333334,-1839.6666666666667
327,0,903.0,731.0,142,True,-903.0,-903.0,-1806.0
327,1,1076.1666666666665,668.0,141,True,-1076.1666666666665,-1076.1666666666665,-2152.333333333333
327,2,945.0,631.0,140,True,-945.0,-945.0,-1890.0
327,3,957.6666666666667,666.0,141,True,-957.6666666666667,-957.6666666666667,-1915.3333333333335
328,0,881.6666666666667,731.0,142,True,-881.6666666666667,-881.6666666666667,-1763.3333333333335
328,1,947.6666666666667,631.0,140,True,-947.6666666666667,-947.6666666666667,-1895.3333333333335
328,2,919.8333333333334,740.0,143,True,-919.8333333333334,-919.8333333333334,-1839.6666666666667
328,3,875.0,554.0,139,True,-875.0,-875.0,-1750.0
329,0,976.0,575.0,139,True,-976.0,-976.0,-1952.0
329,1,907.3333333333334,631.0,140,True,-907.3333333333334,-907.3333333333334,-1814.6666666666667
329,2,908.5,687.0,141,True,-908.5,-908.5,-1817.0
329,3,903.0,687.0,141,True,-903.0,-903.0,-1806.0
330,0,911.8333333333334,654.0,141,True,-911.8333333333334,-911.8333333333334,-1823.6666666666667
330,1,919.6666666666667,654.0,141,True,-919.6666666666667,-919.6666666666667,-1839.3333333333335
330,2,919.8333333333334,675.0,141,True,-919.8333333333334,-919.8333333333334,-1839.6666666666667
330,3,872.0,654.0,141,True,-872.0,-872.0,-1744.0
331,0,912.6666666666667,687.0,141,True,-912.6666666666667,-912.6666666666667,-1825.3333333333335
331,1,919.0,554.0,139,True,-919.0,-919.0,-1838.0
331,2,895.0,631.0,140,True,-895.0,-895.0,-1790.0
331,3,908.3333333333334,631.0,140,True,-908.3333333333334,-908.3333333333334,-1816.6666666666667
332,0,955.0,691.0,141,True,-955.0,-955.0,-1910.0
332,1,900.0,698.0,142,True,-900.0,-900.0,-1800.0
332,2,912.6666666666667,610.0,140,True,-912.6666666666667,-912.6666666666667,-1825.3333333333335
332,3,916.3333333333334,610.0,140,True,-916.3333333333334,-916.3333333333334,-1832.6666666666667
333,0,941.0,650.0,141,True,-941.0,-941.0,-1882.0
333,1,971.0,687.0,141,True,-971.0,-971.0,-1942.0
333,2,895.0,631.0,140,True,-895.0,-895.0,-1790.0
333,3,931.0,691.0,141,True,-931.0,-931.0,-1862.0
334,0,923.0,554.0,139,True,-923.0,-923.0,-1846.0
334,1,895.6666666666667,554.0,139,True,-895.6666666666667,-895.6666666666667,-1791.3333333333335
334,2,947.6666666666667,749.0,142,True,-947.6666666666667,-947.6666666666667,-1895.3333333333335
334,3,897.5,554.0,139,True,-897.5,-897.5,-1795.0
335,0,897.8333333333334,654.0,141,True,-897.8333333333334,-897.8333333333334,-1795.6666666666667
335,1,927.6666666666667,554.0,139,True,-927.6666666666667,-927.6666666666667,-1855.3333333333335
335,2,876.6666666666667,631.0,138,True,-876.6666666666667,-876.6666666666667,-1753.3333333333335
335,3,925.0,554.0,139,True,-925.0,-925.0,-1850.0
336,0,897.0,631.0,140,True,-897.0,-897.0,-1794.0
336,1,898.0,554.0,139,True,-898.0,-898.0,-1796.0
336,2,972.8333333333334,815.0,143,True,-972.8333333333334,-972.8333333333334,-1945.6666666666667
336,3,919.8333333333334,736.0,142,True,-919.8333333333334,-919.8333333333334,-1839.6666666666667
337,0,884.6666666666667,731.0,142,True,-884.6666666666667,-884.6666666666667,-1769.3333333333335
337,1,972.6666666666667,748.0,142,True,-972.6666666666667,-972.6666666666667,-1945.3333333333335
337,2,948.0,631.0,140,True,-948.0,-948.0,-1896.0
337,3,886.6666666666667,631.0,140,True,-886.6666666666667,-886.6666666666667,-1773.3333333333335
338,0,898.0,654.0,141,True,-898.0,-898.0,-1796.0
338,1,962.0,744.0,143,True,-962.0,-962.0,-1924.0
338,2,965.0,702.0,142,True,-965.0,-965.0,-1930.0
338,3,1011.0,719.0,142,True,-1011.0,-1011.0,-2022.0
339,0,881.0,654.0,141,True,-881.0,-881.0,-1762.0
339,1,964.0,554.0,139,True,-964.0,-964.0,-1928.0
339,2,900.3333333333333,602.0,140,True,-900.3333333333333,-900.3333333333333,-1800.6666666666665
339,3,872.5,654.0,141,True,-872.5,-872.5,-1745.0
340,0,947.0,692.0,141,True,-947.0,-947.0,-1894.0
340,1,1000.3333333333334,724.0,140,True,-1000.3333333333334,-1000.3333333333334,-2000.6666666666667
340,2,946.6666666666667,610.0,140,True,-946.6666666666667,-946.6666666666667,-1893.3333333333335
340,3,1007.0,748.0,142,True,-1007.0,-1007.0,-2014.0
341,0,964.0,658.0,140,True,-964.0,-964.0,-1928.0
341,1,1048.0,715.0,142,True,-1048.0,-1048.0,-2096.0
341,2,981.8333333333334,808.0,143,True,-981.8333333333334,-981.8333333333334,-1963.6666666666667
341,3,908.3333333333334,542.0,139,True,-908.3333333333334,-908.3333333333334,-1816.6666666666667
342,0,908.0,702.0,142,True,-908.0,-908.0,-1816.0
342,1,1011.0,682.0,141,True,-1011.0,-1011.0,-2022.0
342,2,1054.3333333333335,719.0,142,True,-1054.3333333333335,-1054.3333333333335,-2108.666666666667
342,3,947.0,687.0,141,True,-947.0,-947.0,-1894.0
343,0,989.0,658.0,141,True,-989.0,-989.0,-1978.0
343,1,941.5,736.0,142,True,-941.5,-941.5,-1883.0
343,2,864.6666666666667,687.0,141,True,-864.6666666666667,-864.6666666666667,-1729.3333333333335
343,3,855.3333333333334,554.0,139,True,-855.3333333333334,-855.3333333333334,-1710.6666666666667
344,0,994.6666666666667,832.0,142,True,-994.6666666666667,-994.6666666666667,-1989.3333333333335
344,1,963.6666666666667,687.0,141,True,-963.6666666666667,-963.6666666666667,-1927.3333333333335
344,2,914.0,738.0,142,True,-914.0,-914.0,-1828.0
344,3,906.5,710.0,142,True,-906.5,-906.5,-1813.0
345,0,939.6666666666667,738.0,142,True,-939.6666666666667,-939.6666666666667,-1879.3333333333335
345,1,966.0,631.0,140,True,-966.0,-966.0,-1932.0
345,2,982.0,692.0,141,True,-982.0,-982.0,-1964.0
345,3,928.0,631.0,140,True,-928.0,-928.0,-1856.0
346,0,1009.6666666666667,736.0,142,True,-1009.6666666666667,-1009.6666666666667,-2019.3333333333335
346,1,946.3333333333334,631.0,140,True,-946.3333333333334,-946.3333333333334,-1892.6666666666667
346,2,1019.0,700.0,142,True,-1019.0,-1019.0,-2038.0
346,3,976.6666666666667,854.0,144,True,-976.6666666666667,-976.6666666666667,-1953.3333333333335
347,0,954.0,696.0,142,True,-954.0,-954.0,-1908.0
347,1,1014.6666666666666,687.0,140,True,-1014.6666666666666,-1014.6666666666666,-2029.3333333333333
347,2,990.0,658.0,141,True,-990.0,-990.0,-1980.0
347,3,931.6666666666667,591.0,140,True,-931.6666666666667,-931.6666666666667,-1863.3333333333335
348,0,980.3333333333334,821.0,144,True,-980.3333333333334,-980.3333333333334,-1960.6666666666667
348,1,951.0,702.0,142,True,-951.0,-951.0,-1902.0
348,2,927.6666666666667,666.0,141,True,-927.6666666666667,-927.6666666666667,-1855.3333333333335
348,3,919.8333333333334,696.0,142,True,-919.8333333333334,-919.8333333333334,-1839.6666666666667
349,0,976.6666666666667,654.0,141,True,-976.6666666666667,-976.6666666666667,-1953.3333333333335
349,1,1010.0,631.0,140,True,-1010.0,-1010.0,-2020.0
349,2,950.0,817.0,144,True,-950.0,-950.0,-1900.0
349,3,869.6666666666667,675.0,141,True,-869.6666666666667,-869.6666666666667,-1739.3333333333335
350,0,928.0,606.0,140,True,-928.0,-928.0,-1856.0
350,1,921.6666666666667,587.0,140,True,-921.6666666666667,-921.6666666666667,-1843.3333333333335
350,2,1091.3333333333335,668.0,141,True,-1091.3333333333335,-1091.3333333333335,-2182.666666666667
350,3,911.3333333333333,731.0,142,True,-911.3333333333333,-911.3333333333333,-1822.6666666666665
351,0,939.3333333333333,833.0,144,True,-939.3333333333333,-939.3333333333333,-1878.6666666666665
351,1,909.3333333333334,631.0,140,True,-909.3333333333334,-909.3333333333334,-1818.6666666666667
351,2,919.8333333333334,854.0,144,True,-919.8333333333334,-919.8333333333334,-1839.6666666666667
351,3,897.5,612.0,140,True,-897.5,-897.5,-1795.0
352,0,959.3333333333333,904.0,145,True,-959.3333333333333,-959.3333333333333,-1918.6666666666665
352,1,919.8333333333334,731.0,141,True,-919.8333333333334,-919.8333333333334,-1839.6666666666667
352,2,922.6666666666667,687.0,141,True,-922.6666666666667,-922.6666666666667,-1845.3333333333335
352,3,900.6666666666667,631.0,139,True,-900.6666666666667,-900.6666666666667,-1801.3333333333335
353,0,927.6666666666667,743.0,142,True,-927.6666666666667,-927.6666666666667,-1855.3333333333335
353,1,951.0,554.0,139,True,-951.0,-951.0,-1902.0
353,2,984.0,512.0,138,True,-984.0,-984.0,-1968.0
353,3,894.6666666666667,554.0,139,True,-894.6666666666667,-894.6666666666667,-1789.3333333333335
354,0,940.0,787.0,143,True,-940.0,-940.0,-1880.0
354,1,1017.3333333333334,775.0,143,True,-1017.3333333333334,-1017.3333333333334,-2034.6666666666667
354,2,945.5,666.0,141,True,-945.5,-945.5,-1891.0
354,3,957.5,738.0,142,True,-957.5,-957.5,-1915.0
355,0,877.0,610.0,140,True,-877.0,-877.0,-1754.0
355,1,934.0,512.0,138,True,-934.0,-934.0,-1868.0
355,2,976.0,631.0,140,True,-976.0,-976.0,-1952.0
355,3,884.6666666666667,654.0,141,True,-884.6666666666667,-884.6666666666667,-1769.3333333333335
356,0,948.0,654.0,141,True,-948.0,-948.0,-1896.0
356,1,984.0,631.0,140,True,-984.0,-984.0,-1968.0
356,2,895.0,610.0,140,True,-895.0,-895.0,-1790.0
356,3,892.5,654.0,141,True,-892.5,-892.5,-1785.0
357,0,903.0,610.0,140,True,-903.0,-903.0,-1806.0
357,1,937.0,554.0,139,True,-937.0,-937.0,-1874.0
357,2,903.6666666666667,666.0,141,True,-903.6666666666667,-903.6666666666667,-1807.3333333333335
357,3,986.3333333333334,612.0,140,True,-986.3333333333334,-986.3333333333334,-1972.6666666666667
358,0,866.8333333333334,654.0,141,True,-866.8333333333334,-866.8333333333334,-1733.6666666666667
358,1,895.0,731.0,142,True,-895.0,-895.0,-1790.0
358,2,889.0,554.0,139,True,-889.0,-889.0,-1778.0
358,3,866.8333333333334,654.0,141,True,-866.8333333333334,-866.8333333333334,-1733.6666666666667
359,0,885.0,715.0,142,True,-885.0,-885.0,-1770.0
359,1,958.8333333333334,740.0,143,True,-958.8333333333334,-958.8333333333334,-1917.6666666666667
359,2,981.0,691.0,141,True,-981.0,-981.0,-1962.0
359,3,905.0,666.0,141,True,-905.0,-905.0,-1810.0
360,0,895.6666666666667,598.0,140,True,-895.6666666666667,-895.6666666666667,-1791.3333333333335
360,1,927.6666666666667,654.0,141,True,-927.6666666666667,-927.6666666666667,-1855.3333333333335
360,2,866.8333333333334,654.0,141,True,-866.8333333333334,-866.8333333333334,-1733.6666666666667
360,3,867.0,654.0,141,True,-867.0,-867.0,-1734.0
361,0,969.6666666666667,605.0,140,True,-969.6666666666667,-969.6666666666667,-1939.3333333333335
361,1,885.0,731.0,142,True,-885.0,-885.0,-1770.0
361,2,915.0,654.0,141,True,-915.0,-915.0,-1830.0
361,3,889.0,610.0,140,True,-889.0,-889.0,-1778.0
362,0,950.5,691.0,141,True,-950.5,-950.5,-1901.0
362,1,915.0,691.0,141,True,-915.0,-915.0,-1830.0
362,2,910.0,606.0,140,True,-910.0,-910.0,-1820.0
362,3,919.0,554.0,139,True,-919.0,-919.0,-1838.0
363,0,919.8333333333334,744.0,142,True,-919.8333333333334,-919.8333333333334,-1839.6666666666667
363,1,920.6666666666667,726.0,142,True,-920.6666666666667,-920.6666666666667,-1841.3333333333335
363,2,919.8333333333334,744.0,143,True,-919.8333333333334,-919.8333333333334,-1839.6666666666667
363,3,898.0,675.0,141,True,-898.0,-898.0,-1796.0
364,0,884.6666666666667,696.0,142,True,-884.6666666666667,-884.6666666666667,-1769.3333333333335
364,1,886.6666666666667,654.0,140,True,-886.6666666666667,-886.6666666666667,-1773.3333333333335
364,2,874.0,696.0,141,True,-874.0,-874.0,-1748.0
364,3,903.0,633.0,141,True,-903.0,-903.0,-1806.0
365,0,855.3333333333334,687.0,141,True,-855.3333333333334,-855.3333333333334,-1710.6666666666667
365,1,906.0,661.0,141,True,-906.0,-906.0,-1812.0
365,2,867.3333333333333,654.0,141,True,-867.3333333333333,-867.3333333333333,-1734.6666666666665
365,3,910.0,715.0,141,True,-910.0,-910.0,-1820.0
366,0,875.0,575.0,139,True,-875.0,-875.0,-1750.0
366,1,881.0,675.0,141,True,-881.0,-881.0,-1762.0
366,2,919.8333333333334,717.0,142,True,-919.8333333333334,-919.8333333333334,-1839.6666666666667
366,3,876.3333333333334,631.0,139,True,-876.3333333333334,-876.3333333333334,-1752.6666666666667
367,0,949.3333333333333,780.0,143,True,-949.3333333333333,-949.3333333333333,-1898.6666666666665
367,1,931.6666666666666,631.0,140,True,-931.6666666666666,-931.6666666666666,-1863.3333333333333
367,2,958.8333333333334,717.0,141,True,-958.8333333333334,-958.8333333333334,-1917.6666666666667
367,3,901.0,575.0,139,True,-901.0,-901.0,-1802.0
368,0,927.6666666666667,675.0,141,True,-927.6666666666667,-927.6666666666667,-1855.3333333333335
368,1,944.0,821.0,144,True,-944.0,-944.0,-1888.0
368,2,906.0,738.0,141,True,-906.0,-906.0,-1812.0
368,3,924.0,717.0,142,True,-924.0,-924.0,-1848.0
369,0,946.3333333333334,631.0,140,True,-946.3333333333334,-946.3333333333334,-1892.6666666666667
369,1,919.6666666666667,610.0,140,True,-919.6666666666667,-919.6666666666667,-1839.3333333333335
369,2,1011.6666666666667,844.0,144,True,-1011.6666666666667,-1011.6666666666667,-2023.3333333333335
369,3,1047.0,719.0,142,True,-1047.0,-1047.0,-2094.0
370,0,973.6666666666666,687.0,140,True,-973.6666666666666,-973.6666666666666,-1947.3333333333333
370,1,915.6666666666666,766.0,142,True,-915.6666666666666,-915.6666666666666,-1831.3333333333333
370,2,966.3333333333334,652.0,140,True,-966.3333333333334,-966.3333333333334,-1932.6666666666667
370,3,889.6666666666667,575.0,139,True,-889.6666666666667,-889.6666666666667,-1779.3333333333335
371,0,958.0,589.0,139,True,-958.0,-958.0,-1916.0
371,1,887.0,675.0,141,True,-887.0,-887.0,-1774.0
371,2,939.0,666.0,141,True,-939.0,-939.0,-1878.0
371,3,947.6666666666666,762.0,142,True,-947.6666666666666,-947.6666666666666,-1895.3333333333333
372,0,964.0,855.0,144,True,-964.0,-964.0,-1928.0
372,1,894.0,631.0,140,True,-894.0,-894.0,-1788.0
372,2,918.6666666666667,631.0,140,True,-918.6666666666667,-918.6666666666667,-1837.3333333333335
372,3,985.6666666666666,808.0,143,True,-985.6666666666666,-985.6666666666666,-1971.3333333333333
373,0,986.0,858.0,144,True,-986.0,-986.0,-1972.0
373,1,1003.3333333333334,944.0,147,True,-1003.3333333333334,-1003.3333333333334,-2006.6666666666667
373,2,896.6666666666667,716.0,142,True,-896.6666666666667,-896.6666666666667,-1793.3333333333335
373,3,981.1666666666666,894.0,145,True,-981.1666666666666,-981.1666666666666,-1962.3333333333333
374,0,941.6666666666667,606.0,140,True,-941.6666666666667,-941.6666666666667,-1883.3333333333335
374,1,921.6666666666667,731.0,142,True,-921.6666666666667,-921.6666666666667,-1843.3333333333335
374,2,985.0,886.0,145,True,-985.0,-985.0,-1970.0
374,3,965.6666666666667,585.0,140,True,-965.6666666666667,-965.6666666666667,-1931.3333333333335
375,0,978.6666666666666,631.0,140,True,-978.6666666666666,-978.6666666666666,-1957.3333333333333
375,1,995.6666666666666,712.0,140,True,-995.6666666666666,-995.6666666666666,-1991.3333333333333
375,2,999.3333333333334,603.0,139,True,-999.3333333333334,-999.3333333333334,-1998.6666666666667
375,3,971.6666666666667,685.0,141,True,-971.6666666666667,-971.6666666666667,-1943.3333333333335
376,0,894.0,552.0,139,True,-894.0,-894.0,-1788.0
376,1,890.6666666666667,727.0,142,True,-890.6666666666667,-890.6666666666667,-1781.3333333333335
376,2,902.0,631.0,140,True,-902.0,-902.0,-1804.0
376,3,1069.6666666666665,687.0,141,True,-1069.6666666666665,-1069.6666666666665,-2139.333333333333
377,0,1019.6666666666667,782.0,141,True,-1019.6666666666667,-1019.6666666666667,-2039.3333333333335
377,1,919.0,812.0,143,True,-919.0,-919.0,-1838.0
377,2,967.6666666666667,713.0,142,True,-967.6666666666667,-967.6666666666667,-1935.3333333333335
377,3,917.6666666666666,631.0,140,True,-917.6666666666666,-917.6666666666666,-1835.3333333333333
378,0,961.3333333333333,792.0,143,True,-961.3333333333333,-961.3333333333333,-1922.6666666666665
378,1,999.3333333333334,666.0,140,True,-999.3333333333334,-999.3333333333334,-1998.6666666666667
378,2,958.8333333333334,857.0,144,True,-958.8333333333334,-958.8333333333334,-1917.6666666666667
378,3,964.3333333333334,939.0,145,True,-964.3333333333334,-964.3333333333334,-1928.6666666666667
379,0,918.6666666666667,692.0,141,True,-918.6666666666667,-918.6666666666667,-1837.3333333333335
379,1,916.3333333333334,744.0,143,True,-916.3333333333334,-916.3333333333334,-1832.6666666666667
379,2,876.0,671.0,140,True,-876.0,-876.0,-1752.0
379,3,899.6666666666666,778.0,142,True,-899.6666666666666,-899.6666666666666,-1799.3333333333333
380,0,919.8333333333334,727.0,142,True,-919.8333333333334,-919.8333333333334,-1839.6666666666667
380,1,860.3333333333333,731.0,142,True,-860.3333333333333,-860.3333333333333,-1720.6666666666665
380,2,960.6666666666667,702.0,141,True,-960.6666666666667,-960.6666666666667,-1921.3333333333335
380,3,980.0,740.0,143,True,-980.0,-980.0,-1960.0
381,0,894.6666666666667,731.0,142,True,-894.6666666666667,-894.6666666666667,-1789.3333333333335
381,1,964.6666666666667,642.0,140,True,-964.6666666666667,-964.6666666666667,-1929.3333333333335
381,2,847.0,575.0,139,True,-847.0,-847.0,-1694.0
381,3,967.1666666666666,857.0,144,True,-967.1666666666666,-967.1666666666666,-1934.3333333333333
382,0,928.0,798.0,142,True,-928.0,-928.0,-1856.0
382,1,904.3333333333334,712.0,140,True,-904.3333333333334,-904.3333333333334,-1808.6666666666667
382,2,936.8333333333334,773.0,142,True,-936.8333333333334,-936.8333333333334,-1873.6666666666667
382,3,915.6666666666666,575.0,139,True,-915.6666666666666,-915.6666666666666,-1831.3333333333333
383,0,946.6666666666667,687.0,141,True,-946.6666666666667,-946.6666666666667,-1893.3333333333335
383,1,898.6666666666667,631.0,140,True,-898.6666666666667,-898.6666666666667,-1797.3333333333335
383,2,934.6666666666666,575.0,139,True,-934.6666666666666,-934.6666666666666,-1869.3333333333333
383,3,907.6666666666666,712.0,141,True,-907.6666666666666,-907.6666666666666,-1815.3333333333333
384,0,895.0,762.0,142,True,-895.0,-895.0,-1790.0
384,1,937.6666666666666,575.0,139,True,-937.6666666666666,-937.6666666666666,-1875.3333333333333
384,2,1027.6666666666665,712.0,141,True,-1027.6666666666665,-1027.6666666666665,-2055.333333333333
384,3,910.6666666666667,687.0,141,True,-910.6666666666667,-910.6666666666667,-1821.3333333333335
385,0,875.6666666666667,687.0,141,True,-875.6666666666667,-875.6666666666667,-1751.3333333333335
385,1,943.6666666666666,631.0,140,True,-943.6666666666666,-943.6666666666666,-1887.3333333333333
385,2,893.6666666666667,687.0,141,True,-893.6666666666667,-893.6666666666667,-1787.3333333333335
385,3,857.6666666666667,752.0,141,True,-857.6666666666667,-857.6666666666667,-1715.3333333333335
386,0,977.6666666666667,712.0,140,True,-977.6666666666667,-977.6666666666667,-1955.3333333333335
386,1,921.0,712.0,141,True,-921.0,-921.0,-1842.0
386,2,923.0,631.0,139,True,-923.0,-923.0,-1846.0
386,3,936.6666666666666,687.0,141,True,-936.6666666666666,-936.6666666666666,-1873.3333333333333
387,0,913.3333333333333,666.0,141,True,-913.3333333333333,-913.3333333333333,-1826.6666666666665
387,1,917.6666666666666,687.0,141,True,-917.6666666666666,-917.6666666666666,-1835.3333333333333
387,2,907.3333333333334,687.0,141,True,-907.3333333333334,-907.3333333333334,-1814.6666666666667
387,3,886.6666666666667,692.0,141,True,-886.6666666666667,-886.6666666666667,-1773.3333333333335
388,0,975.0,815.0,143,True,-975.0,-975.0,-1950.0
388,1,907.0,687.0,140,True,-907.0,-907.0,-1814.0
388,2,896.6666666666667,712.0,141,True,-896.6666666666667,-896.6666666666667,-1793.3333333333335
388,3,915.6666666666667,554.0,139,True,-915.6666666666667,-915.6666666666667,-1831.3333333333335
389,0,847.6666666666667,575.0,138,True,-847.6666666666667,-847.6666666666667,-1695.3333333333335
389,1,980.6666666666667,708.0,141,True,-980.6666666666667,-980.6666666666667,-1961.3333333333335
389,2,850.6666666666667,710.0,142,True,-850.6666666666667,-850.6666666666667,-1701.3333333333335
389,3,922.6666666666667,687.0,141,True,-922.6666666666667,-922.6666666666667,-1845.3333333333335
390,0,886.6666666666667,598.0,140,True,-886.6666666666667,-886.6666666666667,-1773.3333333333335
390,1,915.0,710.0,142,True,-915.0,-915.0,-1830.0
390,2,957.0,554.0,139,True,-957.0,-957.0,-1914.0
390,3,865.5,554.0,139,True,-865.5,-865.5,-1731.0
391,0,919.0,550.0,139,True,-919.0,-919.0,-1838.0
391,1,988.1666666666666,850.0,145,True,-988.1666666666666,-988.1666666666666,-1976.3333333333333
391,2,921.0,756.0,142,True,-921.0,-921.0,-1842.0
391,3,881.6666666666667,654.0,141,True,-881.6666666666667,-881.6666666666667,-1763.3333333333335
392,0,890.6666666666667,554.0,139,True,-890.6666666666667,-890.6666666666667,-1781.3333333333335
392,1,874.0,731.0,142,True,-874.0,-874.0,-1748.0
392,2,934.0,602.0,140,True,-934.0,-934.0,-1868.0
392,3,961.3333333333334,554.0,139,True,-961.3333333333334,-961.3333333333334,-1922.6666666666667
393,0,939.6666666666667,736.0,142,True,-939.6666666666667,-939.6666666666667,-1879.3333333333335
393,1,891.0,731.0,142,True,-891.0,-891.0,-1782.0
393,2,915.0,666.0,141,True,-915.0,-915.0,-1830.0
393,3,903.0,494.0,138,True,-903.0,-903.0,-1806.0
394,0,888.6666666666667,610.0,140,True,-888.6666666666667,-888.6666666666667,-1777.3333333333335
394,1,855.0,675.0,141,True,-855.0,-855.0,-1710.0
394,2,912.8333333333334,698.0,141,True,-912.8333333333334,-912.8333333333334,-1825.6666666666667
394,3,853.0,687.0,140,True,-853.0,-853.0,-1706.0
395,0,1000.3333333333334,687.0,140,True,-1000.3333333333334,-1000.3333333333334,-2000.6666666666667
395,1,917.6666666666667,517.0,137,True,-917.6666666666667,-917.6666666666667,-1835.3333333333335
395,2,994.0,768.0,142,True,-994.0,-994.0,-1988.0
395,3,918.0,708.0,141,True,-918.0,-918.0,-1836.0
396,0,891.0,712.0,141,True,-891.0,-891.0,-1782.0
396,1,919.8333333333334,755.0,142,True,-919.8333333333334,-919.8333333333334,-1839.6666666666667
396,2,930.6666666666667,712.0,140,True,-930.6666666666667,-930.6666666666667,-1861.3333333333335
396,3,895.0,687.0,140,True,-895.0,-895.0,-1790.0
397,0,895.6666666666667,631.0,140,True,-895.6666666666667,-895.6666666666667,-1791.3333333333335
397,1,949.0,631.0,140,True,-949.0,-949.0,-1898.0
397,2,989.8333333333334,857.0,144,True,-989.8333333333334,-989.8333333333334,-1979.6666666666667
397,3,920.6666666666667,654.0,141,True,-920.6666666666667,-920.6666666666667,-1841.3333333333335
398,0,866.0,568.0,139,True,-866.0,-866.0,-1732.0
398,1,921.0,741.0,142,True,-921.0,-921.0,-1842.0
398,2,929.6666666666666,575.0,139,True,-929.6666666666666,-929.6666666666666,-1859.3333333333333
398,3,940.0,702.0,141,True,-940.0,-940.0,-1880.0
399,0,959.0,812.0,143,True,-959.0,-959.0,-1918.0
399,1,901.0,731.0,142,True,-901.0,-901.0,-1802.0
399,2,910.6666666666667,687.0,140,True,-910.6666666666667,-910.6666666666667,-1821.3333333333335
399,3,953.6666666666667,743.0,142,True,-953.6666666666667,-953.6666666666667,-1907.3333333333335
400,0,947.3333333333334,712.0,141,True,-947.3333333333334,-947.3333333333334,-1894.6666666666667
400,1,897.6666666666667,631.0,140,True,-897.6666666666667,-897.6666666666667,-1795.3333333333335
400,2,977.0,793.0,143,True,-977.0,-977.0,-1954.0
400,3,889.6666666666667,687.0,141,True,-889.6666666666667,-889.6666666666667,-1779.3333333333335
401,0,853.0,631.0,140,True,-853.0,-853.0,-1706.0
401,1,894.3333333333334,633.0,140,True,-894.3333333333334,-894.3333333333334,-1788.6666666666667
401,2,866.0,675.0,141,True,-866.0,-866.0,-1732.0
401,3,989.8333333333334,906.0,145,True,-989.8333333333334,-989.8333333333334,-1979.6666666666667
402,0,902.6666666666667,731.0,141,True,-902.6666666666667,-902.6666666666667,-1805.3333333333335
402,1,967.6666666666666,631.0,140,True,-967.6666666666666,-967.6666666666666,-1935.3333333333333
402,2,897.0,731.0,141,True,-897.0,-897.0,-1794.0
402,3,923.6666666666666,652.0,140,True,-923.6666666666666,-923.6666666666666,-1847.3333333333333
403,0,923.0,631.0,140,True,-923.0,-923.0,-1846.0
403,1,907.3333333333334,631.0,140,True,-907.3333333333334,-907.3333333333334,-1814.6666666666667
403,2,947.0,687.0,141,True,-947.0,-947.0,-1894.0
403,3,893.0,738.0,142,True,-893.0,-893.0,-1786.0
404,0,885.0,752.0,142,True,-885.0,-885.0,-1770.0
404,1,911.6666666666666,575.0,139,True,-911.6666666666666,-911.6666666666666,-1823.3333333333333
404,2,978.0,743.0,142,True,-978.0,-978.0,-1956.0
404,3,974.0,743.0,142,True,-974.0,-974.0,-1948.0
405,0,905.6666666666667,687.0,140,True,-905.6666666666667,-905.6666666666667,-1811.3333333333335
405,1,928.0,708.0,141,True,-928.0,-928.0,-1856.0
405,2,1047.3333333333335,768.0,141,True,-1047.3333333333335,-1047.3333333333335,-2094.666666666667
405,3,909.3333333333334,787.0,142,True,-909.3333333333334,-909.3333333333334,-1818.6666666666667
406,0,878.8333333333334,661.0,140,True,-878.8333333333334,-878.8333333333334,-1757.6666666666667
406,1,916.1666666666666,778.0,142,True,-916.1666666666666,-916.1666666666666,-1832.3333333333333
406,2,925.6666666666667,692.0,141,True,-925.6666666666667,-925.6666666666667,-1851.3333333333335
406,3,887.0,687.0,140,True,-887.0,-887.0,-1774.0
407,0,965.0,708.0,141,True,-965.0,-965.0,-1930.0
407,1,902.1666666666666,722.0,141,True,-902.1666666666666,-902.1666666666666,-1804.3333333333333
407,2,902.6666666666667,743.0,142,True,-902.6666666666667,-902.6666666666667,-1805.3333333333335
407,3,969.6666666666666,802.0,143,True,-969.6666666666666,-969.6666666666666,-1939.3333333333333
408,0,947.3333333333334,768.0,142,True,-947.3333333333334,-947.3333333333334,-1894.6666666666667
408,1,879.0,675.0,141,True,-879.0,-879.0,-1758.0
408,2,884.6666666666667,687.0,141,True,-884.6666666666667,-884.6666666666667,-1769.3333333333335
408,3,946.3333333333334,708.0,141,True,-946.3333333333334,-946.3333333333334,-1892.6666666666667
409,0,979.6666666666666,631.0,140,True,-979.6666666666666,-979.6666666666666,-1959.3333333333333
409,1,979.6666666666666,631.0,140,True,-979.6666666666666,-979.6666666666666,-1959.3333333333333
409,2,907.6666666666666,687.0,141,True,-907.6666666666666,-907.6666666666666,-1815.3333333333333
409,3,854.0,675.0,141,True,-854.0,-854.0,-1708.0
410,0,921.0,631.0,140,True,-921.0,-921.0,-1842.0
410,1,937.0,683.0,141,True,-937.0,-937.0,-1874.0
410,2,915.0,610.0,140,True,-915.0,-915.0,-1830.0
410,3,950.0,612.0,140,True,-950.0,-950.0,-1900.0
411,0,869.6666666666667,687.0,141,True,-869.6666666666667,-869.6666666666667,-1739.3333333333335
411,1,872.0,654.0,141,True,-872.0,-872.0,-1744.0
411,2,880.6666666666667,554.0,139,True,-880.6666666666667,-880.6666666666667,-1761.3333333333335
411,3,911.0,654.0,141,True,-911.0,-911.0,-1822.0
412,0,866.8333333333334,745.0,141,True,-866.8333333333334,-866.8333333333334,-1733.6666666666667
412,1,884.6666666666667,598.0,140,True,-884.6666666666667,-884.6666666666667,-1769.3333333333335
412,2,915.6666666666666,675.0,141,True,-915.6666666666666,-915.6666666666666,-1831.3333333333333
412,3,993.5,850.0,144,True,-993.5,-993.5,-1987.0
413,0,894.0,654.0,140,True,-894.0,-894.0,-1788.0
413,1,986.6666666666667,820.0,143,True,-986.6666666666667,-986.6666666666667,-1973.3333333333335
413,2,884.6666666666667,654.0,141,True,-884.6666666666667,-884.6666666666667,-1769.3333333333335
413,3,877.0,731.0,142,True,-877.0,-877.0,-1754.0
414,0,905.8333333333334,731.0,142,True,-905.8333333333334,-905.8333333333334,-1811.6666666666667
414,1,928.6666666666667,757.0,141,True,-928.6666666666667,-928.6666666666667,-1857.3333333333335
414,2,884.6666666666667,715.0,142,True,-884.6666666666667,-884.6666666666667,-1769.3333333333335
414,3,918.6666666666667,812.0,142,True,-918.6666666666667,-918.6666666666667,-1837.3333333333335
415,0,997.0,612.0,139,True,-997.0,-997.0,-1994.0
415,1,907.0,654.0,140,True,-907.0,-907.0,-1814.0
415,2,958.8333333333334,780.0,143,True,-958.8333333333334,-958.8333333333334,-1917.6666666666667
415,3,897.0,675.0,141,True,-897.0,-897.0,-1794.0
416,0,911.0,661.0,141,True,-911.0,-911.0,-1822.0
416,1,870.6666666666666,631.0,140,True,-870.6666666666666,-870.6666666666666,-1741.3333333333333
416,2,866.8333333333334,661.0,141,True,-866.8333333333334,-866.8333333333334,-1733.6666666666667
416,3,902.6666666666667,687.0,141,True,-902.6666666666667,-902.6666666666667,-1805.3333333333335
417,0,919.8333333333334,738.0,142,True,-919.8333333333334,-919.8333333333334,-1839.6666666666667
417,1,875.0,661.0,141,True,-875.0,-875.0,-1750.0
417,2,911.0,715.0,142,True,-911.0,-911.0,-1822.0
417,3,1029.0,743.0,142,True,-1029.0,-1029.0,-2058.0
418,0,918.6666666666667,715.0,142,True,-918.6666666666667,-918.6666666666667,-1837.3333333333335
418,1,884.6666666666667,729.0,142,True,-884.6666666666667,-884.6666666666667,-1769.3333333333335
418,2,968.0,700.0,142,True,-968.0,-968.0,-1936.0
418,3,912.8333333333334,703.0,142,True,-912.8333333333334,-912.8333333333334,-1825.6666666666667
419,0,919.8333333333334,773.0,143,True,-919.8333333333334,-919.8333333333334,-1839.6666666666667
419,1,863.0,661.0,140,True,-863.0,-863.0,-1726.0
419,2,889.0,554.0,138,True,-889.0,-889.0,-1778.0
419,3,920.6666666666667,675.0,141,True,-920.6666666666667,-920.6666666666667,-1841.3333333333335
420,0,895.0,715.0,142,True,-895.0,-895.0,-1790.0
420,1,928.0,738.0,142,True,-928.0,-928.0,-1856.0
420,2,912.0,694.0,141,True,-912.0,-912.0,-1824.0
420,3,927.0,715.0,142,True,-927.0,-927.0,-1854.0
421,0,872.6666666666667,610.0,140,True,-872.6666666666667,-872.6666666666667,-1745.3333333333335
421,1,885.0,661.0,141,True,-885.0,-885.0,-1770.0
421,2,947.3333333333334,687.0,141,True,-947.3333333333334,-947.3333333333334,-1894.6666666666667
421,3,873.0,661.0,141,True,-873.0,-873.0,-1746.0
422,0,928.0,740.0,143,True,-928.0,-928.0,-1856.0
422,1,963.0,681.0,141,True,-963.0,-963.0,-1926.0
422,2,905.8333333333334,661.0,140,True,-905.8333333333334,-905.8333333333334,-1811.6666666666667
422,3,947.0,792.0,143,True,-947.0,-947.0,-1894.0
423,0,907.6666666666667,731.0,142,True,-907.6666666666667,-907.6666666666667,-1815.3333333333335
423,1,897.8333333333334,661.0,141,True,-897.8333333333334,-897.8333333333334,-1795.6666666666667
423,2,931.0,631.0,140,True,-931.0,-931.0,-1862.0
423,3,897.3333333333333,715.0,140,True,-897.3333333333333,-897.3333333333333,-1794.6666666666665
424,0,870.6666666666667,738.0,142,True,-870.6666666666667,-870.6666666666667,-1741.3333333333335
424,1,919.6666666666667,731.0,141,True,-919.6666666666667,-919.6666666666667,-1839.3333333333335
424,2,999.6666666666666,687.0,141,True,-999.6666666666666,-999.6666666666666,-1999.3333333333333
424,3,883.0,661.0,140,True,-883.0,-883.0,-1766.0
425,0,928.8333333333334,740.0,142,True,-928.8333333333334,-928.8333333333334,-1857.6666666666667
425,1,921.0,738.0,142,True,-921.0,-921.0,-1842.0
425,2,900.6666666666666,575.0,139,True,-900.6666666666666,-900.6666666666666,-1801.3333333333333
425,3,913.0,661.0,141,True,-913.0,-913.0,-1826.0
426,0,884.6666666666667,675.0,141,True,-884.6666666666667,-884.6666666666667,-1769.3333333333335
426,1,946.3333333333334,575.0,139,True,-946.3333333333334,-946.3333333333334,-1892.6666666666667
426,2,941.0,712.0,141,True,-941.0,-941.0,-1882.0
426,3,910.6666666666667,675.0,141,True,-910.6666666666667,-910.6666666666667,-1821.3333333333335
427,0,935.0,743.0,142,True,-935.0,-935.0,-1870.0
427,1,866.8333333333334,654.0,140,True,-866.8333333333334,-866.8333333333334,-1733.6666666666667
427,2,863.0,654.0,141,True,-863.0,-863.0,-1726.0
427,3,893.0,661.0,141,True,-893.0,-893.0,-1786.0
428,0,933.0,654.0,141,True,-933.0,-933.0,-1866.0
428,1,913.0,780.0,143,True,-913.0,-913.0,-1826.0
428,2,864.6666666666667,431.0,137,True,-864.6666666666667,-864.6666666666667,-1729.3333333333335
428,3,913.5,675.0,141,True,-913.5,-913.5,-1827.0
429,0,910.6666666666667,675.0,141,True,-910.6666666666667,-910.6666666666667,-1821.3333333333335
429,1,896.0,654.0,140,True,-896.0,-896.0,-1792.0
429,2,936.1666666666666,778.0,141,True,-936.1666666666666,-936.1666666666666,-1872.3333333333333
429,3,841.6666666666667,631.0,140,True,-841.6666666666667,-841.6666666666667,-1683.3333333333335
430,0,996.6666666666667,631.0,140,True,-996.6666666666667,-996.6666666666667,-1993.3333333333335
430,1,939.0,715.0,141,True,-939.0,-939.0,-1878.0
430,2,904.3333333333334,687.0,141,True,-904.3333333333334,-904.3333333333334,-1808.6666666666667
430,3,928.0,738.0,141,True,-928.0,-928.0,-1856.0
431,0,892.6666666666667,715.0,141,True,-892.6666666666667,-892.6666666666667,-1785.3333333333335
431,1,895.6666666666667,731.0,141,True,-895.6666666666667,-895.6666666666667,-1791.3333333333335
431,2,934.6666666666667,654.0,140,True,-934.6666666666667,-934.6666666666667,-1869.3333333333335
431,3,890.3333333333333,738.0,141,True,-890.3333333333333,-890.3333333333333,-1780.6666666666665
432,0,989.8333333333334,844.0,144,True,-989.8333333333334,-989.8333333333334,-1979.6666666666667
432,1,877.0,738.0,142,True,-877.0,-877.0,-1754.0
432,2,999.3333333333334,631.0,139,True,-999.3333333333334,-999.3333333333334,-1998.6666666666667
432,3,879.6666666666667,654.0,141,True,-879.6666666666667,-879.6666666666667,-1759.3333333333335
433,0,919.8333333333334,744.0,143,True,-919.8333333333334,-919.8333333333334,-1839.6666666666667
433,1,963.0,850.0,144,True,-963.0,-963.0,-1926.0
433,2,941.6666666666667,675.0,140,True,-941.6666666666667,-941.6666666666667,-1883.3333333333335
433,3,941.0,675.0,140,True,-941.0,-941.0,-1882.0
434,0,894.0,654.0,140,True,-894.0,-894.0,-1788.0
434,1,919.8333333333334,740.0,143,True,-919.8333333333334,-919.8333333333334,-1839.6666666666667
434,2,866.8333333333334,715.0,142,True,-866.8333333333334,-866.8333333333334,-1733.6666666666667
434,3,851.0,738.0,142,True,-851.0,-851.0,-1702.0
435,0,1031.6666666666665,631.0,140,True,-1031.6666666666665,-1031.6666666666665,-2063.333333333333
435,1,939.0,743.0,141,True,-939.0,-939.0,-1878.0
435,2,920.6666666666667,687.0,140,True,-920.6666666666667,-920.6666666666667,-1841.3333333333335
435,3,959.3333333333333,885.0,144,True,-959.3333333333333,-959.3333333333333,-1918.6666666666665
436,0,909.3333333333334,687.0,141,True,-909.3333333333334,-909.3333333333334,-1818.6666666666667
436,1,961.6666666666666,687.0,141,True,-961.6666666666666,-961.6666666666666,-1923.3333333333333
436,2,911.0,610.0,139,True,-911.0,-911.0,-1822.0
436,3,907.6666666666667,743.0,142,True,-907.6666666666667,-907.6666666666667,-1815.3333333333335
437,0,881.6666666666667,731.0,142,True,-881.6666666666667,-881.6666666666667,-1763.3333333333335
437,1,982.6666666666666,687.0,141,True,-982.6666666666666,-982.6666666666666,-1965.3333333333333
437,2,936.0,731.0,141,True,-936.0,-936.0,-1872.0
437,3,982.3333333333333,917.0,145,True,-982.3333333333333,-982.3333333333333,-1964.6666666666665
438,0,907.0,738.0,142,True,-907.0,-907.0,-1814.0
438,1,980.6666666666666,577.0,138,True,-980.6666666666666,-980.6666666666666,-1961.3333333333333
438,2,905.0,554.0,139,True,-905.0,-905.0,-1810.0
438,3,907.3333333333334,631.0,140,True,-907.3333333333334,-907.3333333333334,-1814.6666666666667
439,0,960.3333333333334,631.0,140,True,-960.3333333333334,-960.3333333333334,-1920.6666666666667
439,1,919.0,717.0,142,True,-919.0,-919.0,-1838.0
439,2,933.0,687.0,141,True,-933.0,-933.0,-1866.0
439,3,895.6666666666667,715.0,142,True,-895.6666666666667,-895.6666666666667,-1791.3333333333335
440,0,941.0,743.0,142,True,-941.0,-941.0,-1882.0
440,1,902.3333333333334,687.0,141,True,-902.3333333333334,-902.3333333333334,-1804.6666666666667
440,2,869.6666666666666,635.0,140,True,-869.6666666666666,-869.6666666666666,-1739.3333333333333
440,3,966.3333333333334,575.0,139,True,-966.3333333333334,-966.3333333333334,-1932.6666666666667
441,0,920.0,691.0,141,True,-920.0,-920.0,-1840.0
441,1,905.0,743.0,142,True,-905.0,-905.0,-1810.0
441,2,936.0,731.0,141,True,-936.0,-936.0,-1872.0
441,3,876.6666666666667,675.0,140,True,-876.6666666666667,-876.6666666666667,-1753.3333333333335
442,0,1002.6666666666667,702.0,141,True,-1002.6666666666667,-1002.6666666666667,-2005.3333333333335
442,1,895.6666666666667,712.0,139,True,-895.6666666666667,-895.6666666666667,-1791.3333333333335
442,2,915.0,715.0,142,True,-915.0,-915.0,-1830.0
442,3,913.6666666666666,575.0,139,True,-913.6666666666666,-913.6666666666666,-1827.3333333333333
443,0,955.6666666666666,575.0,139,True,-955.6666666666666,-955.6666666666666,-1911.3333333333333
443,1,971.6666666666666,631.0,140,True,-971.6666666666666,-971.6666666666666,-1943.3333333333333
443,2,976.6666666666666,741.0,142,True,-976.6666666666666,-976.6666666666666,-1953.3333333333333
443,3,965.6666666666666,712.0,140,True,-965.6666666666666,-965.6666666666666,-1931.3333333333333
444,0,897.0,731.0,142,True,-897.0,-897.0,-1794.0
444,1,856.0,666.0,141,True,-856.0,-856.0,-1712.0
444,2,947.3333333333334,631.0,140,True,-947.3333333333334,-947.3333333333334,-1894.6666666666667
444,3,999.3333333333334,631.0,140,True,-999.3333333333334,-999.3333333333334,-1998.6666666666667
445,0,919.6666666666667,743.0,141,True,-919.6666666666667,-919.6666666666667,-1839.3333333333335
445,1,929.6666666666667,712.0,141,True,-929.6666666666667,-929.6666666666667,-1859.3333333333335
445,2,883.0,687.0,141,True,-883.0,-883.0,-1766.0
445,3,881.6666666666667,666.0,140,True,-881.6666666666667,-881.6666666666667,-1763.3333333333335
446,0,911.0,654.0,141,True,-911.0,-911.0,-1822.0
446,1,885.0,702.0,142,True,-885.0,-885.0,-1770.0
446,2,917.0,554.0,139,True,-917.0,-917.0,-1834.0
446,3,1038.0,602.0,140,True,-1038.0,-1038.0,-2076.0
447,0,893.6666666666666,575.0,138,True,-893.6666666666666,-893.6666666666666,-1787.3333333333333
447,1,966.6666666666667,743.0,142,True,-966.6666666666667,-966.6666666666667,-1933.3333333333335
447,2,890.6666666666666,575.0,139,True,-890.6666666666666,-890.6666666666666,-1781.3333333333333
447,3,952.3333333333334,666.0,141,True,-952.3333333333334,-952.3333333333334,-1904.6666666666667
448,0,967.6666666666667,768.0,142,True,-967.6666666666667,-967.6666666666667,-1935.3333333333335
448,1,913.0,731.0,142,True,-913.0,-913.0,-1826.0
448,2,1091.3333333333335,575.0,139,True,-1091.3333333333335,-1091.3333333333335,-2182.666666666667
448,3,877.0,554.0,139,True,-877.0,-877.0,-1754.0
449,0,884.6666666666667,631.0,140,True,-884.6666666666667,-884.6666666666667,-1769.3333333333335
449,1,915.0,554.0,139,True,-915.0,-915.0,-1830.0
449,2,911.0,687.0,141,True,-911.0,-911.0,-1822.0
449,3,945.0,714.0,141,True,-945.0,-945.0,-1890.0
450,0,934.6666666666667,812.0,143,True,-934.6666666666667,-934.6666666666667,-1869.3333333333335
450,1,987.0,687.0,140,True,-987.0,-987.0,-1974.0
450,2,853.6666666666667,506.0,138,True,-853.6666666666667,-853.6666666666667,-1707.3333333333335
450,3,1015.0,743.0,142,True,-1015.0,-1015.0,-2030.0
451,0,946.6666666666667,631.0,140,True,-946.6666666666667,-946.6666666666667,-1893.3333333333335
451,1,942.6666666666667,793.0,143,True,-942.6666666666667,-942.6666666666667,-1885.3333333333335
451,2,920.6666666666667,554.0,139,True,-920.6666666666667,-920.6666666666667,-1841.3333333333335
451,3,905.0,575.0,138,True,-905.0,-905.0,-1810.0
452,0,925.6666666666667,631.0,140,True,-925.6666666666667,-925.6666666666667,-1851.3333333333335
452,1,879.6666666666667,554.0,139,True,-879.6666666666667,-879.6666666666667,-1759.3333333333335
452,2,909.6666666666667,666.0,141,True,-909.6666666666667,-909.6666666666667,-1819.3333333333335
452,3,925.0,762.0,142,True,-925.0,-925.0,-1850.0
453,0,925.6666666666667,631.0,140,True,-925.6666666666667,-925.6666666666667,-1851.3333333333335
453,1,935.0,735.0,142,True,-935.0,-935.0,-1870.0
453,2,903.0,554.0,139,True,-903.0,-903.0,-1806.0
453,3,921.6666666666667,708.0,141,True,-921.6666666666667,-921.6666666666667,-1843.3333333333335
454,0,895.0,654.0,141,True,-895.0,-895.0,-1790.0
454,1,946.6666666666667,712.0,141,True,-946.6666666666667,-946.6666666666667,-1893.3333333333335
454,2,906.6666666666667,554.0,139,True,-906.6666666666667,-906.6666666666667,-1813.3333333333335
454,3,908.6666666666667,554.0,139,True,-908.6666666666667,-908.6666666666667,-1817.3333333333335
455,0,916.5,666.0,141,True,-916.5,-916.5,-1833.0
455,1,959.0,710.0,141,True,-959.0,-959.0,-1918.0
455,2,945.0,710.0,142,True,-945.0,-945.0,-1890.0
455,3,907.3333333333334,710.0,141,True,-907.3333333333334,-907.3333333333334,-1814.6666666666667
456,0,904.0,654.0,141,True,-904.0,-904.0,-1808.0
456,1,907.0,654.0,141,True,-907.0,-907.0,-1814.0
456,2,938.0,708.0,140,True,-938.0,-938.0,-1876.0
456,3,918.6666666666667,743.0,142,True,-918.6666666666667,-918.6666666666667,-1837.3333333333335
457,0,893.5,654.0,141,True,-893.5,-893.5,-1787.0
457,1,883.0,654.0,141,True,-883.0,-883.0,-1766.0
457,2,885.0,691.0,141,True,-885.0,-885.0,-1770.0
457,3,887.6666666666667,675.0,141,True,-887.6666666666667,-887.6666666666667,-1775.3333333333335
458,0,877.6666666666667,741.0,142,True,-877.6666666666667,-877.6666666666667,-1755.3333333333335
458,1,933.0,710.0,141,True,-933.0,-933.0,-1866.0
458,2,985.6666666666667,554.0,139,True,-985.6666666666667,-985.6666666666667,-1971.3333333333335
458,3,869.6666666666667,654.0,140,True,-869.6666666666667,-869.6666666666667,-1739.3333333333335
459,0,905.0,666.0,141,True,-905.0,-905.0,-1810.0
459,1,913.0,654.0,141,True,-913.0,-913.0,-1826.0
459,2,958.0,835.0,144,True,-958.0,-958.0,-1916.0
459,3,885.0,654.0,141,True,-885.0,-885.0,-1770.0
460,0,968.0,741.0,142,True,-968.0,-968.0,-1936.0
460,1,867.0,654.0,141,True,-867.0,-867.0,-1734.0
460,2,911.0,654.0,141,True,-911.0,-911.0,-1822.0
460,3,867.0,554.0,139,True,-867.0,-867.0,-1734.0
461,0,897.8333333333334,698.0,142,True,-897.8333333333334,-897.8333333333334,-1795.6666666666667
461,1,876.6666666666667,554.0,139,True,-876.6666666666667,-876.6666666666667,-1753.3333333333335
461,2,972.5,666.0,141,True,-972.5,-972.5,-1945.0
461,3,914.5,614.0,140,True,-914.5,-914.5,-1829.0
462,0,983.3333333333334,724.0,142,True,-983.3333333333334,-983.3333333333334,-1966.6666666666667
462,1,957.4999999999999,867.0,145,True,-957.4999999999999,-957.4999999999999,-1914.9999999999998
462,2,972.6666666666667,664.0,141,True,-972.6666666666667,-972.6666666666667,-1945.3333333333335
462,3,938.0,825.0,143,True,-938.0,-938.0,-1876.0
463,0,920.6666666666667,666.0,141,True,-920.6666666666667,-920.6666666666667,-1841.3333333333335
463,1,888.6666666666667,743.0,142,True,-888.6666666666667,-888.6666666666667,-1777.3333333333335
463,2,914.6666666666667,606.0,140,True,-914.6666666666667,-914.6666666666667,-1829.3333333333335
463,3,918.0,666.0,141,True,-918.0,-918.0,-1836.0
464,0,911.0,589.0,140,True,-911.0,-911.0,-1822.0
464,1,904.3333333333334,631.0,140,True,-904.3333333333334,-904.3333333333334,-1808.6666666666667
464,2,884.6666666666667,741.0,142,True,-884.6666666666667,-884.6666666666667,-1769.3333333333335
464,3,897.0,795.0,143,True,-897.0,-897.0,-1794.0
465,0,884.6666666666667,554.0,139,True,-884.6666666666667,-884.6666666666667,-1769.3333333333335
465,1,933.0,666.0,140,True,-933.0,-933.0,-1866.0
465,2,956.0,687.0,141,True,-956.0,-956.0,-1912.0
465,3,969.0,811.0,143,True,-969.0,-969.0,-1938.0
466,0,906.5,691.0,141,True,-906.5,-906.5,-1813.0
466,1,976.6666666666667,612.0,140,True,-976.6666666666667,-976.6666666666667,-1953.3333333333335
466,2,903.0,654.0,141,True,-903.0,-903.0,-1806.0
466,3,909.3333333333334,743.0,142,True,-909.3333333333334,-909.3333333333334,-1818.6666666666667
467,0,939.5,666.0,141,True,-939.5,-939.5,-1879.0
467,1,959.0,731.0,141,True,-959.0,-959.0,-1918.0
467,2,939.6666666666667,715.0,141,True,-939.6666666666667,-939.6666666666667,-1879.3333333333335
467,3,923.5,691.0,141,True,-923.5,-923.5,-1847.0
468,0,977.0,704.0,142,True,-977.0,-977.0,-1954.0
468,1,951.0,691.0,140,True,-951.0,-951.0,-1902.0
468,2,894.5,654.0,141,True,-894.5,-894.5,-1789.0
468,3,916.6666666666667,554.0,139,True,-916.6666666666667,-916.6666666666667,-1833.3333333333335
469,0,905.0,610.0,139,True,-905.0,-905.0,-1810.0
469,1,884.6666666666667,654.0,141,True,-884.6666666666667,-884.6666666666667,-1769.3333333333335
469,2,921.0,554.0,139,True,-921.0,-921.0,-1842.0
469,3,898.6666666666667,666.0,141,True,-898.6666666666667,-898.6666666666667,-1797.3333333333335
470,0,925.5,654.0,141,True,-925.5,-925.5,-1851.0
470,1,939.0,554.0,139,True,-939.0,-939.0,-1878.0
470,2,863.3333333333334,666.0,141,True,-863.3333333333334,-863.3333333333334,-1726.6666666666667
470,3,874.0,666.0,141,True,-874.0,-874.0,-1748.0
471,0,1034.3333333333335,927.0,146,True,-1034.3333333333335,-1034.3333333333335,-2068.666666666667
471,1,901.6666666666667,787.0,143,True,-901.6666666666667,-901.6666666666667,-1803.3333333333335
471,2,855.3333333333334,612.0,139,True,-855.3333333333334,-855.3333333333334,-1710.6666666666667
471,3,903.0,666.0,140,True,-903.0,-903.0,-1806.0
472,0,863.0,610.0,140,True,-863.0,-863.0,-1726.0
472,1,881.0,589.0,140,True,-881.0,-881.0,-1762.0
472,2,863.0,654.0,141,True,-863.0,-863.0,-1726.0
472,3,885.0,554.0,139,True,-885.0,-885.0,-1770.0
473,0,946.6666666666667,710.0,142,True,-946.6666666666667,-946.6666666666667,-1893.3333333333335
473,1,889.0,554.0,139,True,-889.0,-889.0,-1778.0
473,2,898.0,654.0,141,True,-898.0,-898.0,-1796.0
473,3,911.0,654.0,141,True,-911.0,-911.0,-1822.0
474,0,905.0,554.0,139,True,-905.0,-905.0,-1810.0
474,1,953.5,666.0,140,True,-953.5,-953.5,-1907.0
474,2,894.3333333333334,554.0,138,True,-894.3333333333334,-894.3333333333334,-1788.6666666666667
474,3,875.0,654.0,141,True,-875.0,-875.0,-1750.0
475,0,905.0,610.0,140,True,-905.0,-905.0,-1810.0
475,1,860.6666666666667,610.0,140,True,-860.6666666666667,-860.6666666666667,-1721.3333333333335
475,2,955.3333333333334,612.0,140,True,-955.3333333333334,-955.3333333333334,-1910.6666666666667
475,3,933.0,698.0,142,True,-933.0,-933.0,-1866.0
476,0,869.6666666666667,731.0,142,True,-869.6666666666667,-869.6666666666667,-1739.3333333333335
476,1,872.0,675.0,141,True,-872.0,-872.0,-1744.0
476,2,897.8333333333334,703.0,142,True,-897.8333333333334,-897.8333333333334,-1795.6666666666667
476,3,898.6666666666667,554.0,139,True,-898.6666666666667,-898.6666666666667,-1797.3333333333335
477,0,884.6666666666667,654.0,141,True,-884.6666666666667,-884.6666666666667,-1769.3333333333335
477,1,947.6666666666667,735.0,142,True,-947.6666666666667,-947.6666666666667,-1895.3333333333335
477,2,909.0,731.0,142,True,-909.0,-909.0,-1818.0
477,3,934.0,679.0,141,True,-934.0,-934.0,-1868.0
478,0,855.0,591.0,140,True,-855.0,-855.0,-1710.0
478,1,863.0,654.0,141,True,-863.0,-863.0,-1726.0
478,2,869.0,687.0,141,True,-869.0,-869.0,-1738.0
478,3,909.0,554.0,139,True,-909.0,-909.0,-1818.0
479,0,871.0,631.0,140,True,-871.0,-871.0,-1742.0
479,1,905.6666666666666,731.0,141,True,-905.6666666666666,-905.6666666666666,-1811.3333333333333
479,2,869.0,610.0,140,True,-869.0,-869.0,-1738.0
479,3,893.0,654.0,141,True,-893.0,-893.0,-1786.0
480,0,895.6666666666667,654.0,141,True,-895.6666666666667,-895.6666666666667,-1791.3333333333335
480,1,884.6666666666667,598.0,140,True,-884.6666666666667,-884.6666666666667,-1769.3333333333335
480,2,873.0,731.0,142,True,-873.0,-873.0,-1746.0
480,3,897.0,654.0,141,True,-897.0,-897.0,-1794.0
481,0,851.0,731.0,142,True,-851.0,-851.0,-1702.0
481,1,901.0,654.0,141,True,-901.0,-901.0,-1802.0
481,2,866.8333333333334,654.0,141,True,-866.8333333333334,-866.8333333333334,-1733.6666666666667
481,3,897.8333333333334,675.0,141,True,-897.8333333333334,-897.8333333333334,-1795.6666666666667
482,0,920.6666666666667,654.0,141,True,-920.6666666666667,-920.6666666666667,-1841.3333333333335
482,1,905.8333333333334,702.0,142,True,-905.8333333333334,-905.8333333333334,-1811.6666666666667
482,2,853.0,591.0,140,True,-853.0,-853.0,-1706.0
482,3,884.6666666666667,654.0,141,True,-884.6666666666667,-884.6666666666667,-1769.3333333333335
483,0,969.3333333333334,658.0,141,True,-969.3333333333334,-969.3333333333334,-1938.6666666666667
483,1,949.3333333333333,575.0,139,True,-949.3333333333333,-949.3333333333333,-1898.6666666666665
483,2,926.0,658.0,140,True,-926.0,-926.0,-1852.0
483,3,885.0,606.0,140,True,-885.0,-885.0,-1770.0
484,0,905.8333333333334,717.0,141,True,-905.8333333333334,-905.8333333333334,-1811.6666666666667
484,1,939.0,702.0,142,True,-939.0,-939.0,-1878.0
484,2,931.0,675.0,140,True,-931.0,-931.0,-1862.0
484,3,869.6666666666667,654.0,140,True,-869.6666666666667,-869.6666666666667,-1739.3333333333335
485,0,889.0,698.0,141,True,-889.0,-889.0,-1778.0
485,1,872.0,654.0,141,True,-872.0,-872.0,-1744.0
485,2,900.3333333333333,654.0,141,True,-900.3333333333333,-900.3333333333333,-1800.6666666666665
485,3,913.6666666666667,654.0,141,True,-913.6666666666667,-913.6666666666667,-1827.3333333333335
486,0,897.8333333333334,654.0,141,True,-897.8333333333334,-897.8333333333334,-1795.6666666666667
486,1,898.0,654.0,141,True,-898.0,-898.0,-1796.0
486,2,913.0,654.0,140,True,-913.0,-913.0,-1826.0
486,3,875.8333333333334,731.0,142,True,-875.8333333333334,-875.8333333333334,-1751.6666666666667
487,0,894.3333333333334,610.0,139,True,-894.3333333333334,-894.3333333333334,-1788.6666666666667
487,1,986.0,602.0,140,True,-986.0,-986.0,-1972.0
487,2,947.0,812.0,143,True,-947.0,-947.0,-1894.0
487,3,881.6666666666667,654.0,141,True,-881.6666666666667,-881.6666666666667,-1763.3333333333335
488,0,872.5,654.0,141,True,-872.5,-872.5,-1745.0
488,1,881.0,780.0,143,True,-881.0,-881.0,-1762.0
488,2,911.0,654.0,141,True,-911.0,-911.0,-1822.0
488,3,881.6666666666667,654.0,141,True,-881.6666666666667,-881.6666666666667,-1763.3333333333335
489,0,866.8333333333334,654.0,141,True,-866.8333333333334,-866.8333333333334,-1733.6666666666667
489,1,869.6666666666667,654.0,140,True,-869.6666666666667,-869.6666666666667,-1739.3333333333335
489,2,869.0,654.0,141,True,-869.0,-869.0,-1738.0
489,3,910.5,654.0,141,True,-910.5,-910.5,-1821.0
490,0,844.8333333333334,654.0,141,True,-844.8333333333334,-844.8333333333334,-1689.6666666666667
490,1,842.0,633.0,141,True,-842.0,-842.0,-1684.0
490,2,871.0,731.0,142,True,-871.0,-871.0,-1742.0
490,3,909.3333333333334,654.0,140,True,-909.3333333333334,-909.3333333333334,-1818.6666666666667
491,0,874.0,696.0,142,True,-874.0,-874.0,-1748.0
491,1,879.0,594.0,140,True,-879.0,-879.0,-1758.0
491,2,941.6666666666666,575.0,139,True,-941.6666666666666,-941.6666666666666,-1883.3333333333333
491,3,905.0,654.0,140,True,-905.0,-905.0,-1810.0
492,0,884.6666666666667,654.0,141,True,-884.6666666666667,-884.6666666666667,-1769.3333333333335
492,1,863.6666666666667,687.0,140,True,-863.6666666666667,-863.6666666666667,-1727.3333333333335
492,2,874.0,698.0,141,True,-874.0,-874.0,-1748.0
492,3,903.0,654.0,141,True,-903.0,-903.0,-1806.0
493,0,900.6666666666667,691.0,141,True,-900.6666666666667,-900.6666666666667,-1801.3333333333335
493,1,914.0,682.0,141,True,-914.0,-914.0,-1828.0
493,2,866.8333333333334,675.0,141,True,-866.8333333333334,-866.8333333333334,-1733.6666666666667
493,3,884.6666666666667,654.0,141,True,-884.6666666666667,-884.6666666666667,-1769.3333333333335
494,0,866.3333333333334,654.0,140,True,-866.3333333333334,-866.3333333333334,-1732.6666666666667
494,1,869.6666666666667,675.0,140,True,-869.6666666666667,-869.6666666666667,-1739.3333333333335
494,2,855.6666666666667,654.0,141,True,-855.6666666666667,-855.6666666666667,-1711.3333333333335
494,3,899.0,610.0,140,True,-899.0,-899.0,-1798.0
495,0,844.0,702.0,142,True,-844.0,-844.0,-1688.0
495,1,850.0,654.0,141,True,-850.0,-850.0,-1700.0
495,2,841.6666666666667,610.0,140,True,-841.6666666666667,-841.6666666666667,-1683.3333333333335
495,3,961.0,602.0,139,True,-961.0,-961.0,-1922.0
496,0,901.0,654.0,141,True,-901.0,-901.0,-1802.0
496,1,841.6666666666667,654.0,141,True,-841.6666666666667,-841.6666666666667,-1683.3333333333335
496,2,885.5,654.0,140,True,-885.5,-885.5,-1771.0
496,3,865.3333333333334,506.0,138,True,-865.3333333333334,-865.3333333333334,-1730.6666666666667
497,0,889.0,654.0,141,True,-889.0,-889.0,-1778.0
497,1,866.8333333333334,654.0,141,True,-866.8333333333334,-866.8333333333334,-1733.6666666666667
497,2,864.0,696.0,142,True,-864.0,-864.0,-1728.0
497,3,864.3333333333334,666.0,141,True,-864.3333333333334,-864.3333333333334,-1728.6666666666667
498,0,874.6666666666667,598.0,140,True,-874.6666666666667,-874.6666666666667,-1749.3333333333335
498,1,849.0,654.0,141,True,-849.0,-849.0,-1698.0
498,2,856.5,654.0,140,True,-856.5,-856.5,-1713.0
498,3,933.3333333333334,612.0,140,True,-933.3333333333334,-933.3333333333334,-1866.6666666666667
499,0,850.6666666666667,610.0,140,True,-850.6666666666667,-850.6666666666667,-1701.3333333333335
499,1,905.6666666666667,731.0,141,True,-905.6666666666667,-905.6666666666667,-1811.3333333333335
499,2,900.0,731.0,142,True,-900.0,-900.0,-1800.0
499,3,863.0,654.0,141,True,-863.0,-863.0,-1726.0
500,0,916.0,554.0,139,True,-916.0,-916.0,-1832.0
500,1,900.6666666666667,554.0,139,True,-900.6666666666667,-900.6666666666667,-1801.3333333333335
500,2,841.5,654.0,141,True,-841.5,-841.5,-1683.0
500,3,841.6666666666667,654.0,141,True,-841.6666666666667,-841.6666666666667,-1683.3333333333335
