global_episode,worker_id,makespan,cost,steps,done,upper_reward_sum,lower_reward_sum,total_reward_sum
1,0,2927.6666666666665,7590.0,346,True,-6.221179550858829,-6.221179550858829,-12.442359101717658
1,1,3273.666666666667,8748.0,365,True,-7.1508479946940495,-7.1508479946940495,-14.301695989388099
1,2,4015.0,9543.0,374,True,-7.886635094361243,-7.886635094361243,-15.773270188722487
1,3,4694.5,11449.0,408,True,-9.438113476875339,-9.438113476875339,-18.876226953750677
2,0,4367.0,8930.0,368,True,-7.498120815605695,-7.498120815605695,-14.99624163121139
2,1,3048.0,7995.0,358,True,-6.546191574999378,-6.546191574999378,-13.092383149998756
2,2,2967.0,8636.0,364,True,-7.008035285524663,-7.008035285524663,-14.016070571049326
2,3,4393.0,7858.0,350,True,-6.7045454733038286,-6.7045454733038286,-13.409090946607657
3,0,2815.9999999999995,7000.0,335,True,-5.760025824586867,-5.760025824586867,-11.520051649173734
3,1,2940.5000000000005,7716.0,350,True,-6.317530705300933,-6.317530705300933,-12.635061410601866
3,2,2806.8333333333335,7440.0,350,True,-6.086038436077467,-6.086038436077467,-12.172076872154934
3,3,2769.3333333333335,5662.0,307,True,-4.7542185699751975,-4.7542185699751975,-9.508437139950395
4,0,2604.1666666666665,5088.0,307,True,-4.294625872475896,-4.294625872475896,-8.589251744951792
4,1,2571.6666666666665,5038.0,309,True,-4.251084744914932,-4.251084744914932,-8.502169489829864
4,2,2300.0,5441.0,318,True,-4.498708926915386,-4.498708926915386,-8.997417853830772
4,3,2212.5,4784.0,302,True,-3.9923211936518435,-3.9923211936518435,-7.984642387303687
5,0,2306.166666666667,4661.0,296,True,-3.918825173616122,-3.918825173616122,-7.837650347232244
5,1,2275.5,5485.0,313,True,-4.526744051693471,-4.526744051693471,-9.053488103386941
5,2,2224.333333333333,4288.0,297,True,-3.6251064936064408,-3.6251064936064408,-7.2502129872128815
5,3,2310.1666666666665,5317.0,314,True,-4.408300908427314,-4.408300908427314,-8.816601816854629
6,0,2206.333333333333,3520.0,278,True,-3.0494833179468817,-3.0494833179468817,-6.098966635893763
6,1,2122.166666666667,3716.0,284,True,-3.1792016156585676,-3.1792016156585676,-6.358403231317135
6,2,1887.6666666666665,3332.0,280,True,-2.847729374048417,-2.847729374048417,-5.695458748096834
6,3,2036.0,3431.0,278,True,-2.9502014152221707,-2.9502014152221707,-5.900402830444341
7,0,2073.666666666667,2985.0,273,True,-2.6252370621381598,-2.6252370621381598,-5.2504741242763195
7,1,1904.3333333333333,2716.0,271,True,-2.3920539168063346,-2.3920539168063346,-4.784107833612669
7,2,1929.6666666666665,2925.0,274,True,-2.5526579146218187,-2.5526579146218187,-5.105315829243637
7,3,1883.0,2610.0,270,True,-2.308956445955017,-2.308956445955017,-4.617912891910034
8,0,1716.8333333333333,2038.0,255,True,-1.8506600742512977,-1.8506600742512977,-3.7013201485025955
8,1,1764.0,2126.0,260,True,-1.9253498339562374,-1.9253498339562374,-3.8506996679124748
8,2,1813.3333333333333,1988.0,258,True,-1.832095551291968,-1.832095551291968,-3.664191102583936
8,3,1795.5000000000002,2208.0,262,True,-1.9925364305956255,-1.9925364305956255,-3.985072861191251
9,0,1842.5,2324.0,260,True,-2.0880531211828934,-2.0880531211828934,-4.176106242365787
9,1,1695.8333333333335,2167.0,263,True,-1.9426954314788736,-1.9426954314788736,-3.885390862957747
9,2,1845.8333333333335,2302.0,258,True,-2.072309139741929,-2.072309139741929,-4.144618279483858
9,3,1663.8333333333333,1776.0,253,True,-1.6452158504812577,-1.6452158504812577,-3.2904317009625155
10,0,1790.5,1962.0,254,True,-1.8083053702266547,-1.8083053702266547,-3.6166107404533094
10,1,1736.0,1582.0,252,True,-1.5146640905758724,-1.5146640905758724,-3.0293281811517447
10,2,1650.5000000000002,1834.0,254,True,-1.685842632962281,-1.685842632962281,-3.371685265924562
10,3,1643.8333333333333,1976.0,262,True,-1.7903377972348273,-1.7903377972348273,-3.5806755944696547
11,0,1668.8333333333333,1964.0,259,True,-1.7862385671700696,-1.7862385671700696,-3.572477134340139
11,1,1734.6666666666667,2123.0,262,True,-1.917435484989856,-1.917435484989856,-3.834870969979712
11,2,1721.8333333333335,1795.0,256,True,-1.6706000991099617,-1.6706000991099617,-3.3412001982199233
11,3,1491.6666666666667,1432.0,249,True,-1.3556112651875165,-1.3556112651875165,-2.711222530375033
12,0,1515.0,1966.0,260,True,-1.7579437477205708,-1.7579437477205708,-3.5158874954411417
12,1,1819.6666666666665,1530.0,253,True,-1.4921248720768552,-1.4921248720768552,-2.9842497441537104
12,2,1789.0,1614.0,253,True,-1.5487648825107985,-1.5487648825107985,-3.097529765021597
12,3,1680.6666666666665,1151.0,244,True,-1.1828679197693148,-1.1828679197693148,-2.3657358395386296
13,0,1821.6666666666665,1681.0,252,True,-1.6050027941136902,-1.6050027941136902,-3.2100055882273804
13,1,1930.6666666666665,1859.0,258,True,-1.7587119737281423,-1.7587119737281423,-3.5174239474562845
13,2,1810.3333333333333,1505.0,248,True,-1.4716934931684267,-1.4716934931684267,-2.9433869863368534
13,3,1735.1666666666665,1316.0,248,True,-1.316340339226406,-1.316340339226406,-2.632680678452812
14,0,1773.3333333333335,1365.0,249,True,-1.3602336588542365,-1.3602336588542365,-2.720467317708473
14,1,1785.5,1577.0,255,True,-1.520523279313855,-1.520523279313855,-3.04104655862771
14,2,1740.0,1387.0,251,True,-1.3701691275971484,-1.3701691275971484,-2.7403382551942967
14,3,1685.0,1186.0,248,True,-1.2097809276556828,-1.2097809276556828,-2.4195618553113656
15,0,1726.0,1089.0,245,True,-1.1454569983951703,-1.1454569983951703,-2.2909139967903407
15,1,1772.1666666666665,1567.0,253,True,-1.5104920036871063,-1.5104920036871063,-3.0209840073742127
15,2,1618.666666666667,1769.0,258,True,-1.6312560118198578,-1.6312560118198578,-3.2625120236397156
15,3,1758.1666666666665,1327.0,247,True,-1.3289882181652888,-1.3289882181652888,-2.6579764363305776
16,0,1755.8333333333335,1521.0,254,True,-1.473060904851143,-1.473060904851143,-2.946121809702286
16,1,1632.0,1537.0,253,True,-1.461004198298357,-1.461004198298357,-2.922008396596714
16,2,1854.8333333333335,1304.0,247,True,-1.3305701936755066,-1.3305701936755066,-2.661140387351013
16,3,1779.8333333333335,1907.0,260,True,-1.765266691915473,-1.765266691915473,-3.530533383830946
17,0,1816.1666666666665,1414.0,253,True,-1.4050305249017656,-1.4050305249017656,-2.810061049803531
17,1,1798.1666666666665,1269.0,249,True,-1.293524558082535,-1.293524558082535,-2.58704911616507
17,2,1832.1666666666665,1400.0,252,True,-1.3976987981420683,-1.3976987981420683,-2.7953975962841366
17,3,1715.0,1270.0,250,True,-1.2781670415456898,-1.2781670415456898,-2.5563340830913797
18,0,1810.6666666666665,1480.0,254,True,-1.4531337461293712,-1.4531337461293712,-2.9062674922587424
18,1,1802.5,1657.0,257,True,-1.5834124852636626,-1.5834124852636626,-3.1668249705273253
18,2,1720.6666666666667,1275.0,248,True,-1.2829890622691302,-1.2829890622691302,-2.5659781245382605
18,3,1825.8333333333335,1513.0,254,True,-1.4806543296045125,-1.4806543296045125,-2.961308659209025
19,0,1773.6666666666665,1582.0,254,True,-1.5219570009634291,-1.5219570009634291,-3.0439140019268582
19,1,1914.1666666666665,1892.0,261,True,-1.7801013493553388,-1.7801013493553388,-3.5602026987106776
19,2,1830.1666666666665,1729.0,258,True,-1.6424071686306874,-1.6424071686306874,-3.2848143372613747
19,3,1764.1666666666667,1536.0,253,True,-1.485848952242024,-1.485848952242024,-2.971697904484048
20,0,1600.6666666666665,1456.0,252,True,-1.3945948426167196,-1.3945948426167196,-2.7891896852334392
20,1,1851.1666666666665,1472.0,253,True,-1.4550154667296542,-1.4550154667296542,-2.9100309334593084
20,2,1699.1666666666665,1674.0,258,True,-1.5760699004973067,-1.5760699004973067,-3.1521398009946133
20,3,1758.6666666666667,1318.0,249,True,-1.3223802837254048,-1.3223802837254048,-2.6447605674508097
21,0,1727.3333333333333,1404.0,251,True,-1.380381158984913,-1.380381158984913,-2.760762317969826
21,1,1717.6666666666667,1616.0,255,True,-1.5364434729809484,-1.5364434729809484,-3.072886945961897
21,2,1867.3333333333335,1611.0,255,True,-1.5616966402274335,-1.5616966402274335,-3.123393280454867
21,3,1542.6666666666667,1438.0,251,True,-1.3699555654307765,-1.3699555654307765,-2.739911130861553
22,0,1716.6666666666667,1231.0,248,True,-1.2494358504278895,-1.2494358504278895,-2.498871700855779
22,1,1682.0,1442.0,248,True,-1.3999127657327848,-1.3999127657327848,-2.7998255314655696
22,2,1726.6666666666665,1604.0,253,True,-1.5292463694772298,-1.5292463694772298,-3.0584927389544596
22,3,1712.6666666666667,1717.0,257,True,-1.6107175032501706,-1.6107175032501706,-3.221435006500341
23,0,1727.3333333333335,1164.0,246,True,-1.2015880127221865,-1.2015880127221865,-2.403176025444373
23,1,1622.6666666666667,1090.0,245,True,-1.1261948705446345,-1.1261948705446345,-2.252389741089269
23,2,1662.6666666666667,1280.0,247,True,-1.275484128266699,-1.275484128266699,-2.550968256533398
23,3,1948.6666666666665,1853.0,257,True,-1.757727252690407,-1.757727252690407,-3.515454505380814
24,0,1758.6666666666667,1789.0,259,True,-1.6732618332660039,-1.6732618332660039,-3.3465236665320077
24,1,1506.0,1349.0,251,True,-1.2965538137273944,-1.2965538137273944,-2.593107627454789
24,2,1566.8333333333333,1219.0,248,True,-1.211485899139472,-1.211485899139472,-2.422971798278944
24,3,1761.1666666666665,1397.0,251,True,-1.3817170704283894,-1.3817170704283894,-2.763434140856779
25,0,1627.0,1379.0,251,True,-1.3423306248923863,-1.3423306248923863,-2.6846612497847726
25,1,1773.6666666666667,1574.0,252,True,-1.5159972294213389,-1.5159972294213389,-3.0319944588426777
25,2,1780.3333333333335,1360.0,249,True,-1.3578641212699745,-1.3578641212699745,-2.715728242539949
25,3,1715.3333333333335,1355.0,251,True,-1.3415541532103852,-1.3415541532103852,-2.6831083064207704
26,0,1515.0,1418.0,252,True,-1.349699397087345,-1.349699397087345,-2.69939879417469
26,1,1711.6666666666665,1245.0,246,True,-1.258897365176873,-1.258897365176873,-2.517794730353746
26,2,1651.3333333333335,1118.0,246,True,-1.152604427520093,-1.152604427520093,-2.305208855040186
26,3,1617.6666666666665,1510.0,252,True,-1.4381147910547307,-1.4381147910547307,-2.8762295821094614
27,0,1508.8333333333333,1114.0,244,True,-1.122034106433291,-1.122034106433291,-2.244068212866582
27,1,1600.5000000000002,1347.0,249,True,-1.3133606858407425,-1.3133606858407425,-2.626721371681485
27,2,1610.8333333333333,1124.0,246,True,-1.1492327640342883,-1.1492327640342883,-2.2984655280685766
27,3,1597.6666666666665,1110.0,246,True,-1.1362538721514837,-1.1362538721514837,-2.2725077443029673
28,0,1606.0000000000002,1375.0,251,True,-1.3352847802327035,-1.3352847802327035,-2.670569560465407
28,1,1708.3333333333335,1205.0,247,True,-1.2284531171666344,-1.2284531171666344,-2.456906234333269
28,2,1682.6666666666667,1460.0,250,True,-1.4134513297624471,-1.4134513297624471,-2.8269026595248943
28,3,1596.0000000000002,1489.0,251,True,-1.4182753538081474,-1.4182753538081474,-2.836550707616295
29,0,1612.8333333333333,1409.0,252,True,-1.3619368594011467,-1.3619368594011467,-2.7238737188022935
29,1,1648.0,1299.0,249,True,-1.2867988683601166,-1.2867988683601166,-2.573597736720233
29,2,1643.0,1175.0,246,True,-1.193454324008031,-1.193454324008031,-2.386908648016062
29,3,1734.6666666666665,1354.0,249,True,-1.3445524455063687,-1.3445524455063687,-2.6891048910127373
30,0,1836.3333333333335,1400.0,251,True,-1.398505536016798,-1.398505536016798,-2.797011072033596
30,1,1523.0000000000002,1019.0,245,True,-1.0540047281450422,-1.0540047281450422,-2.1080094562900844
30,2,1783.8333333333335,1316.0,248,True,-1.3257630376032496,-1.3257630376032496,-2.6515260752064993
30,3,1620.1666666666665,1053.0,244,True,-1.0981468844376259,-1.0981468844376259,-2.1962937688752517
31,0,1763.8333333333335,1278.0,249,True,-1.2935817809796135,-1.2935817809796135,-2.587163561959227
31,1,1754.6666666666665,1358.0,251,True,-1.351404673076118,-1.351404673076118,-2.702809346152236
31,2,1622.3333333333335,1314.0,247,True,-1.2930039346932016,-1.2930039346932016,-2.5860078693864033
31,3,1678.6666666666667,1415.0,247,True,-1.3791531464784437,-1.3791531464784437,-2.7583062929568873
32,0,1789.6666666666667,1380.0,253,True,-1.374570642964598,-1.374570642964598,-2.749141285929196
32,1,1840.1666666666667,1574.0,250,True,-1.5288727659020256,-1.5288727659020256,-3.057745531804051
32,2,1634.0000000000002,846.0,240,True,-0.9466161655301271,-0.9466161655301271,-1.8932323310602541
32,3,1545.6666666666665,1312.0,248,True,-1.2766700149126506,-1.2766700149126506,-2.5533400298253013
33,0,1761.6666666666667,1224.0,248,True,-1.2529338193756416,-1.2529338193756416,-2.5058676387512833
33,1,1590.0000000000002,1141.0,245,True,-1.1578635891875828,-1.1578635891875828,-2.3157271783751656
33,2,1682.6666666666667,999.0,243,True,-1.070019494649459,-1.070019494649459,-2.140038989298918
33,3,1788.8333333333335,1490.0,250,True,-1.4563561540934016,-1.4563561540934016,-2.912712308186803
34,0,1674.0,1273.0,249,True,-1.272463655186634,-1.272463655186634,-2.544927310373268
34,1,1691.3333333333335,1216.0,247,True,-1.233356312508112,-1.233356312508112,-2.466712625016224
34,2,1566.0000000000002,930.0,242,True,-0.9960278046064924,-0.9960278046064924,-1.9920556092129849
34,3,1654.0,1236.0,246,True,-1.241027370005761,-1.241027370005761,-2.482054740011522
35,0,1576.0000000000002,1560.0,253,True,-1.4672959844455005,-1.4672959844455005,-2.934591968891001
35,1,1792.5,1116.0,244,True,-1.178446763830414,-1.178446763830414,-2.356893527660828
35,2,1626.8333333333335,977.0,241,True,-1.04281983538733,-1.04281983538733,-2.08563967077466
35,3,1741.0,1104.0,244,True,-1.1595358263856184,-1.1595358263856184,-2.3190716527712367
36,0,1720.8333333333335,1254.0,246,True,-1.26737693148613,-1.26737693148613,-2.53475386297226
36,1,1766.1666666666665,1116.0,245,True,-1.1733481804621229,-1.1733481804621229,-2.3466963609242457
36,2,1667.8333333333335,1170.0,247,True,-1.1945376245276131,-1.1945376245276131,-2.3890752490552263
36,3,1767.0,1211.0,245,True,-1.2442818150993975,-1.2442818150993975,-2.488563630198795
37,0,1538.3333333333335,1223.0,246,True,-1.208947697847365,-1.208947697847365,-2.41789539569473
37,1,1651.3333333333333,1230.0,247,True,-1.2360412291093663,-1.2360412291093663,-2.4720824582187326
37,2,1594.0000000000002,1475.0,251,True,-1.407458519429618,-1.407458519429618,-2.814917038859236
37,3,1606.8333333333333,1333.0,251,True,-1.3041573272116727,-1.3041573272116727,-2.6083146544233453
38,0,1701.1666666666665,1085.0,243,True,-1.1376689548907355,-1.1376689548907355,-2.275337909781471
38,1,1740.3333333333335,1664.0,252,True,-1.5765907562720236,-1.5765907562720236,-3.153181512544047
38,2,1681.8333333333335,1062.0,244,True,-1.1167913479684792,-1.1167913479684792,-2.2335826959369585
38,3,1856.0,1513.0,253,True,-1.4864951118175547,-1.4864951118175547,-2.9729902236351093
39,0,1624.3333333333335,1285.0,248,True,-1.2717869970329911,-1.2717869970329911,-2.5435739940659823
39,1,1805.3333333333335,1528.0,250,True,-1.4878597509022615,-1.4878597509022615,-2.975719501804523
39,2,1609.0,1171.0,247,True,-1.1838914571791916,-1.1838914571791916,-2.3677829143583833
39,3,1674.5000000000002,1275.0,247,True,-1.2740504066171234,-1.2740504066171234,-2.548100813234247
40,0,1537.1666666666665,1049.0,241,True,-1.0790967802019646,-1.0790967802019646,-2.1581935604039293
40,1,1565.0,1673.0,254,True,-1.5493479694882468,-1.5493479694882468,-3.0986959389764936
40,2,1799.1666666666667,1517.0,252,True,-1.4784710929772875,-1.4784710929772875,-2.956942185954575
40,3,1553.5000000000002,1402.0,250,True,-1.3452341119656661,-1.3452341119656661,-2.6904682239313322
41,0,1752.6666666666667,1504.0,250,True,-1.4597832695394055,-1.4597832695394055,-2.919566539078811
41,1,1826.5,1801.0,255,True,-1.6953351831797407,-1.6953351831797407,-3.3906703663594815
41,2,1813.6666666666667,1519.0,250,True,-1.4827684836668693,-1.4827684836668693,-2.9655369673337386
41,3,1856.1666666666667,1636.0,256,True,-1.578158868792193,-1.578158868792193,-3.156317737584386
42,0,1750.0,1150.0,247,True,-1.1955470665620567,-1.1955470665620567,-2.3910941331241133
42,1,1538.1666666666665,1451.0,252,True,-1.3787689172819666,-1.3787689172819666,-2.757537834563933
42,2,1681.6666666666665,1558.0,250,True,-1.486264914063124,-1.486264914063124,-2.972529828126248
42,3,1627.0,1823.0,256,True,-1.6730979454784314,-1.6730979454784314,-3.3461958909568628
43,0,1796.6666666666667,1618.0,250,True,-1.5532291659713475,-1.5532291659713475,-3.106458331942695
43,1,1670.8333333333335,1519.0,251,True,-1.4551135093211345,-1.4551135093211345,-2.910227018642269
43,2,1557.0,1193.0,247,True,-1.1902127402433142,-1.1902127402433142,-2.3804254804866285
43,3,1738.6666666666667,1293.0,247,True,-1.2998836558576674,-1.2998836558576674,-2.599767311715335
44,0,1591.8333333333335,1278.0,245,True,-1.2602796415107702,-1.2602796415107702,-2.5205592830215404
44,1,1632.8333333333333,956.0,241,True,-1.028337137628953,-1.028337137628953,-2.056674275257906
44,2,1766.6666666666667,1663.0,253,True,-1.5809443681975544,-1.5809443681975544,-3.1618887363951087
44,3,1658.8333333333335,1492.0,251,True,-1.4326758752873563,-1.4326758752873563,-2.8653517505747126
45,0,1745.8333333333335,1208.0,246,True,-1.2379486723674864,-1.2379486723674864,-2.475897344734973
45,1,1496.0000000000002,1517.0,247,True,-1.419772845211951,-1.419772845211951,-2.839545690423902
45,2,1816.8333333333335,1729.0,252,True,-1.63982560743155,-1.63982560743155,-3.2796512148631
45,3,1562.8333333333333,1217.0,246,True,-1.209221487894209,-1.209221487894209,-2.418442975788418
46,0,1690.3333333333333,1198.0,246,True,-1.219753209448472,-1.219753209448472,-2.439506418896944
46,1,1474.5000000000002,924.0,239,True,-0.9738420122208593,-0.9738420122208593,-1.9476840244417186
46,2,1652.6666666666665,1035.0,242,True,-1.0910299538908141,-1.0910299538908141,-2.1820599077816283
46,3,1701.0,905.0,239,True,-1.0035418256787019,-1.0035418256787019,-2.0070836513574037
47,0,1564.3333333333333,1529.0,253,True,-1.4419430036706562,-1.4419430036706562,-2.8838860073413124
47,1,1703.0,1326.0,248,True,-1.317562037261106,-1.317562037261106,-2.635124074522212
47,2,1799.6666666666667,1412.0,250,True,-1.400345900032311,-1.400345900032311,-2.800691800064622
47,3,1688.0,812.0,237,True,-0.9317424593327385,-0.9317424593327385,-1.863484918665477
48,0,1646.6666666666667,998.0,243,True,-1.0623043079690335,-1.0623043079690335,-2.124608615938067
48,1,1633.8333333333335,1383.0,249,True,-1.3466335607779885,-1.3466335607779885,-2.693267121555977
48,2,1738.6666666666665,1245.0,245,True,-1.2641250266051216,-1.2641250266051216,-2.528250053210243
48,3,1752.8333333333333,1626.0,256,True,-1.5507020550712807,-1.5507020550712807,-3.1014041101425613
49,0,1778.1666666666665,1213.0,245,True,-1.2479338154891952,-1.2479338154891952,-2.4958676309783905
49,1,1744.8333333333333,1626.0,253,True,-1.5491531183517997,-1.5491531183517997,-3.0983062367035994
49,2,1703.6666666666667,1512.0,250,True,-1.456255803674675,-1.456255803674675,-2.91251160734935
49,3,1440.0,1009.0,242,True,-1.030484795252813,-1.030484795252813,-2.060969590505626
50,0,1499.5000000000002,1312.0,250,True,-1.267731359260646,-1.267731359260646,-2.535462718521292
50,1,1521.3333333333335,938.0,241,True,-0.9933393461314809,-0.9933393461314809,-1.9866786922629618
50,2,1584.3333333333333,1576.0,253,True,-1.4808290032791416,-1.4808290032791416,-2.961658006558283
50,3,1672.3333333333335,1369.0,248,True,-1.3436582185418335,-1.3436582185418335,-2.687316437083667
51,0,1434.0,1308.0,249,True,-1.2520695540988476,-1.2520695540988476,-2.504139108197695
51,1,1755.0,1583.0,249,True,-1.519087786727402,-1.519087786727402,-3.038175573454804
51,2,1755.3333333333333,1305.0,248,True,-1.312050264669722,-1.312050264669722,-2.624100529339444
51,3,1517.3333333333335,1581.0,250,True,-1.4715815154672958,-1.4715815154672958,-2.9431630309345915
52,0,1635.6666666666667,1399.0,246,True,-1.3589080685270518,-1.3589080685270518,-2.7178161370541036
52,1,1669.3333333333335,1336.0,248,True,-1.318493309660902,-1.318493309660902,-2.636986619321804
52,2,1534.0,1706.0,253,True,-1.5679298973113833,-1.5679298973113833,-3.1358597946227666
52,3,1651.6666666666667,1421.0,245,True,-1.3783953137067646,-1.3783953137067646,-2.756790627413529
53,0,1838.5,1777.0,254,True,-1.679779273632691,-1.679779273632691,-3.359558547265382
53,1,1887.8333333333333,2100.0,262,True,-1.9299568260814102,-1.9299568260814102,-3.8599136521628203
53,2,1773.1666666666667,2087.0,260,True,-1.8980707710129492,-1.8980707710129492,-3.7961415420258984
53,3,1756.3333333333333,1960.0,257,True,-1.8002001767683475,-1.8002001767683475,-3.600400353536695
54,0,1803.0,1690.0,254,True,-1.6080933514197542,-1.6080933514197542,-3.2161867028395084
54,1,1829.3333333333335,1841.0,259,True,-1.7256826226450124,-1.7256826226450124,-3.4513652452900248
54,2,1785.8333333333335,2092.0,260,True,-1.9042481113659349,-1.9042481113659349,-3.8084962227318697
54,3,1658.8333333333335,1930.0,257,True,-1.7589733672168313,-1.7589733672168313,-3.5179467344336626
55,0,1901.8333333333335,2153.0,260,True,-1.972150951806855,-1.972150951806855,-3.94430190361371
55,1,1810.8333333333335,1689.0,256,True,-1.6088650471814856,-1.6088650471814856,-3.217730094362971
55,2,1955.5,1972.0,257,True,-1.8477019044935679,-1.8477019044935679,-3.6954038089871357
55,3,1691.8333333333335,1635.0,253,True,-1.545596155570089,-1.545596155570089,-3.091192311140178
56,0,1837.0000000000002,1997.0,259,True,-1.8433825654052873,-1.8433825654052873,-3.6867651308105747
56,1,1591.0,1359.0,246,True,-1.320460980799494,-1.320460980799494,-2.640921961598988
56,2,1902.5,2344.0,268,True,-2.11456957543423,-2.11456957543423,-4.22913915086846
56,3,1983.3333333333335,2494.0,269,True,-2.241966006618191,-2.241966006618191,-4.483932013236382
57,0,1844.3333333333333,1735.0,256,True,-1.6496199060613341,-1.6496199060613341,-3.2992398121226683
57,1,1738.8333333333335,1407.0,252,True,-1.3848426698474505,-1.3848426698474505,-2.769685339694901
57,2,1817.8333333333335,1983.0,261,True,-1.8292419709828704,-1.8292419709828704,-3.658483941965741
57,3,1828.5,2013.0,262,True,-1.8536563632250194,-1.8536563632250194,-3.7073127264500387
58,0,1773.3333333333333,2448.0,268,True,-2.1670377313647897,-2.1670377313647897,-4.334075462729579
58,1,1739.3333333333333,2157.0,265,True,-1.943668060463438,-1.943668060463438,-3.887336120926876
58,2,1785.8333333333335,2074.0,259,True,-1.8908386253962286,-1.8908386253962286,-3.781677250792457
58,3,1941.8333333333335,2535.0,269,True,-2.2644747265390976,-2.2644747265390976,-4.528949453078195
59,0,1853.5,2012.0,260,True,-1.8577518190306368,-1.8577518190306368,-3.7155036380612736
59,1,1860.5,1845.0,258,True,-1.7346969077190357,-1.7346969077190357,-3.4693938154380715
59,2,1734.0,2048.0,264,True,-1.8614335487227958,-1.8614335487227958,-3.7228670974455915
59,3,1661.1666666666667,1753.0,260,True,-1.62756519505792,-1.62756519505792,-3.25513039011584
60,0,1705.0000000000002,1653.0,255,True,-1.5615549332239411,-1.5615549332239411,-3.1231098664478822
60,1,1837.3333333333335,1676.0,257,True,-1.604311271308869,-1.604311271308869,-3.208622542617738
60,2,1843.1666666666665,1758.0,259,True,-1.6665283626399214,-1.6665283626399214,-3.333056725279843
60,3,1738.3333333333335,1768.0,256,True,-1.653680552139334,-1.653680552139334,-3.307361104278668
61,0,1564.6666666666667,1304.0,248,True,-1.274388968079328,-1.274388968079328,-2.548777936158656
61,1,1768.1666666666665,2083.0,260,True,-1.8941227997922292,-1.8941227997922292,-3.7882455995844584
61,2,1831.0,1731.0,256,True,-1.6440584590911542,-1.6440584590911542,-3.2881169181823084
61,3,1597.1666666666665,1310.0,249,True,-1.2851513521587885,-1.2851513521587885,-2.570302704317577
62,0,1782.0,1703.0,254,True,-1.613712021287014,-1.613712021287014,-3.227424042574028
62,1,1572.0,1703.0,254,True,-1.5730524324006354,-1.5730524324006354,-3.146104864801271
62,2,1774.6666666666667,1869.0,259,True,-1.7359574221258753,-1.7359574221258753,-3.4719148442517507
62,3,1648.8333333333335,1481.0,253,True,-1.422545018517629,-1.422545018517629,-2.845090037035258
63,0,1716.1666666666665,1329.0,249,True,-1.3223462432735347,-1.3223462432735347,-2.6446924865470693
63,1,1634.6666666666665,1276.0,247,True,-1.2670829639774694,-1.2670829639774694,-2.534165927954939
63,2,1602.0,1260.0,247,True,-1.2488385959554062,-1.2488385959554062,-2.4976771919108125
63,3,1716.6666666666667,1979.0,262,True,-1.8066744896133884,-1.8066744896133884,-3.613348979226777
64,0,1631.9999999999998,1542.0,254,True,-1.4647290555121641,-1.4647290555121641,-2.9294581110243283
64,1,1712.0000000000002,1137.0,247,True,-1.1785049883886238,-1.1785049883886238,-2.3570099767772477
64,2,1538.3333333333333,1626.0,253,True,-1.5091711892801933,-1.5091711892801933,-3.0183423785603867
64,3,1609.6666666666665,1354.0,250,True,-1.320350309264477,-1.320350309264477,-2.640700618528954
65,0,1657.3333333333333,1589.0,256,True,-1.504647679600305,-1.504647679600305,-3.00929535920061
65,1,1725.0,1173.0,248,True,-1.2078409824971899,-1.2078409824971899,-2.4156819649943797
65,2,1723.5,1607.0,255,True,-1.5308681630207173,-1.5308681630207173,-3.0617363260414345
65,3,1763.6666666666665,1696.0,258,True,-1.6049475745388733,-1.6049475745388733,-3.2098951490777465
66,0,1655.0,1215.0,248,True,-1.2255765867977078,-1.2255765867977078,-2.4511531735954155
66,1,1783.1666666666665,1242.0,248,True,-1.2705060727789512,-1.2705060727789512,-2.5410121455579024
66,2,1664.0,1387.0,253,True,-1.3554542287620777,-1.3554542287620777,-2.7109084575241553
66,3,1689.1666666666667,1513.0,253,True,-1.4541933273133774,-1.4541933273133774,-2.9083866546267547
67,0,1582.8333333333333,1440.0,253,True,-1.379222461428694,-1.379222461428694,-2.758444922857388
67,1,1651.3333333333335,1365.0,251,True,-1.3366123738821494,-1.3366123738821494,-2.6732247477642987
67,2,1765.1666666666665,1325.0,251,True,-1.328853594909313,-1.328853594909313,-2.657707189818626
67,3,1789.5,1372.0,250,True,-1.368578601907517,-1.368578601907517,-2.737157203815034
68,0,1689.1666666666665,1224.0,248,True,-1.2388965803553438,-1.2388965803553438,-2.4777931607106876
68,1,1726.4999999999998,1440.0,253,True,-1.4070387833493765,-1.4070387833493765,-2.814077566698753
68,2,1720.0,1371.0,251,True,-1.3543772427142633,-1.3543772427142633,-2.7087544854285266
68,3,1715.1666666666665,1326.0,250,True,-1.3199177118553167,-1.3199177118553167,-2.6398354237106334
69,0,1752.6666666666667,1330.0,253,True,-1.3301582384989286,-1.3301582384989286,-2.660316476997857
69,1,1833.8333333333335,1099.0,248,True,-1.1737850890207904,-1.1737850890207904,-2.3475701780415807
69,2,1666.8333333333335,1206.0,250,True,-1.221162979377087,-1.221162979377087,-2.442325958754174
69,3,1679.9999999999998,1481.0,254,True,-1.4285794178206066,-1.4285794178206066,-2.857158835641213
70,0,1764.1666666666665,1428.0,253,True,-1.4053920364237975,-1.4053920364237975,-2.810784072847595
70,1,1692.0,1221.0,248,True,-1.2372102477818758,-1.2372102477818758,-2.4744204955637517
70,2,1801.1666666666665,1347.0,249,True,-1.3522131818877268,-1.3522131818877268,-2.7044263637754535
70,3,1842.6666666666667,1438.0,253,True,-1.428040692411319,-1.428040692411319,-2.856081384822638
71,0,1745.8333333333335,938.0,242,True,-1.0368063828219187,-1.0368063828219187,-2.0736127656438375
71,1,1671.0,1344.0,251,True,-1.3247757763528856,-1.3247757763528856,-2.649551552705771
71,2,1831.8333333333335,1345.0,250,True,-1.3566608297602145,-1.3566608297602145,-2.713321659520429
71,3,1712.0,1152.0,246,True,-1.1896795600300456,-1.1896795600300456,-2.379359120060091
72,0,1744.3333333333335,1499.0,253,True,-1.4544449365761385,-1.4544449365761385,-2.908889873152277
72,1,1677.0,1678.0,256,True,-1.57475794077479,-1.57475794077479,-3.14951588154958
72,2,1751.0,1162.0,246,True,-1.2046803409651297,-1.2046803409651297,-2.4093606819302593
72,3,1605.8333333333335,1400.0,252,True,-1.353876796786747,-1.353876796786747,-2.707753593573494
73,0,1716.1666666666665,1516.0,253,True,-1.4616559030699094,-1.4616559030699094,-2.923311806139819
73,1,1688.8333333333335,1902.0,260,True,-1.7439226795175664,-1.7439226795175664,-3.487845359035133
73,2,1742.0,1275.0,249,True,-1.287119560187747,-1.287119560187747,-2.574239120375494
73,3,1594.8333333333335,1440.0,252,True,-1.3815458665079157,-1.3815458665079157,-2.7630917330158313
74,0,1875.6666666666667,1333.0,252,True,-1.356208054889236,-1.356208054889236,-2.712416109778472
74,1,1725.8333333333335,1398.0,251,True,-1.3756209046934427,-1.3756209046934427,-2.7512418093868853
74,2,1708.1666666666665,1074.0,245,True,-1.130829588649907,-1.130829588649907,-2.261659177299814
74,3,1660.6666666666665,1739.0,260,True,-1.617038786314293,-1.617038786314293,-3.234077572628586
75,0,1606.8333333333335,1563.0,254,True,-1.4755007590467846,-1.4755007590467846,-2.951001518093569
75,1,1899.3333333333335,1877.0,260,True,-1.7660547908798814,-1.7660547908798814,-3.5321095817597628
75,2,1615.3333333333335,1224.0,248,True,-1.224601185215132,-1.224601185215132,-2.449202370430264
75,3,1662.6666666666665,1583.0,254,True,-1.5012104754233897,-1.5012104754233897,-3.0024209508467794
76,0,1617.9999999999998,1353.0,251,True,-1.3212188135711753,-1.3212188135711753,-2.6424376271423506
76,1,1791.0,1330.0,250,True,-1.337580226946443,-1.337580226946443,-2.675160453892886
76,2,1720.1666666666665,1923.0,262,True,-1.7656337486335247,-1.7656337486335247,-3.5312674972670495
76,3,1723.1666666666665,1518.0,254,True,-1.464501165584978,-1.464501165584978,-2.929002331169956
77,0,1838.0,1384.0,251,True,-1.3869086880825083,-1.3869086880825083,-2.7738173761650167
77,1,1741.1666666666667,1326.0,249,True,-1.3249517561936304,-1.3249517561936304,-2.6499035123872607
77,2,1719.1666666666665,1260.0,250,True,-1.271524064992807,-1.271524064992807,-2.543048129985614
77,3,1837.6666666666667,1470.0,253,True,-1.4509116931300068,-1.4509116931300068,-2.9018233862600136
78,0,1707.0,1016.0,245,True,-1.0873953583648237,-1.0873953583648237,-2.1747907167296474
78,1,1933.6666666666667,1261.0,251,True,-1.3137999022266549,-1.3137999022266549,-2.6275998044533098
78,2,1481.3333333333335,890.0,242,True,-0.9498360332815291,-0.9498360332815291,-1.8996720665630582
78,3,1785.0,1178.0,245,True,-1.2231828651071048,-1.2231828651071048,-2.4463657302142097
79,0,1636.1666666666665,1215.0,248,True,-1.221930131603929,-1.221930131603929,-2.443860263207858
79,1,1731.8333333333335,1125.0,247,True,-1.1734054033592018,-1.1734054033592018,-2.3468108067184037
79,2,1506.3333333333333,1655.0,255,True,-1.5245796142423498,-1.5245796142423498,-3.0491592284846996
79,3,1675.3333333333335,1742.0,257,True,-1.6221134179616261,-1.6221134179616261,-3.2442268359232522
80,0,1639.3333333333335,1442.0,252,True,-1.3916517698955533,-1.3916517698955533,-2.7833035397911066
80,1,1696.0,1140.0,246,True,-1.1776420292779455,-1.1776420292779455,-2.355284058555891
80,2,1833.8333333333335,1175.0,248,True,-1.230402918670653,-1.230402918670653,-2.460805837341306
80,3,1877.1666666666665,1687.0,256,True,-1.6202183712616594,-1.6202183712616594,-3.2404367425233187
81,0,1737.0,1340.0,251,True,-1.3345746185175582,-1.3345746185175582,-2.6691492370351164
81,1,1637.8333333333335,1136.0,246,True,-1.1634000827756734,-1.1634000827756734,-2.326800165551347
81,2,1738.8333333333335,1700.0,257,True,-1.6031193025765313,-1.6031193025765313,-3.2062386051530627
81,3,1633.3333333333335,1615.0,255,True,-1.5193701269536573,-1.5193701269536573,-3.0387402539073145
82,0,1732.4999999999998,1260.0,249,True,-1.2741056261919417,-1.2741056261919417,-2.5482112523838834
82,1,1815.0,1532.0,253,True,-1.492711268542681,-1.492711268542681,-2.985422537085362
82,2,1769.6666666666665,1206.0,247,True,-1.2410732701254181,-1.2410732701254181,-2.4821465402508363
82,3,1695.0,1274.0,248,True,-1.2772745855180336,-1.2772745855180336,-2.5545491710360673
83,0,1646.6666666666665,1200.0,247,True,-1.2127885394068272,-1.2127885394068272,-2.4255770788136544
83,1,1711.8333333333335,1542.0,254,True,-1.4801861531919862,-1.4801861531919862,-2.9603723063839724
83,2,1761.0,1373.0,250,True,-1.363805486287127,-1.363805486287127,-2.727610972574254
83,3,1691.8333333333335,1196.0,247,True,-1.2185536921978528,-1.2185536921978528,-2.4371073843957056
84,0,1730.8333333333333,1626.0,254,True,-1.546442479092708,-1.546442479092708,-3.092884958185416
84,1,1607.8333333333335,1185.0,248,True,-1.1940951707729257,-1.1940951707729257,-2.3881903415458514
84,2,1661.0,1306.0,249,True,-1.2945306906286025,-1.2945306906286025,-2.589061381257205
84,3,1717.0,1180.0,246,True,-1.2115068458770384,-1.2115068458770384,-2.4230136917540768
85,0,1796.0,1390.0,252,True,-1.3832465989618001,-1.3832465989618001,-2.7664931979236003
85,1,1583.8333333333333,956.0,243,True,-1.0188499002221307,-1.0188499002221307,-2.0376998004442615
85,2,1651.0,1348.0,249,True,-1.3238833203252278,-1.3238833203252278,-2.6477666406504556
85,3,1589.3333333333335,1333.0,250,True,-1.300769028137807,-1.300769028137807,-2.601538056275614
86,0,1748.8333333333335,1152.0,246,True,-1.196811122842656,-1.196811122842656,-2.393622245685312
86,1,1714.8333333333335,986.0,244,True,-1.0665628822864748,-1.0665628822864748,-2.1331257645729496
86,2,1727.1666666666665,1291.0,249,True,-1.296167116437891,-1.296167116437891,-2.592334232875782
86,3,1873.0,1347.0,251,True,-1.3661213428480679,-1.3661213428480679,-2.7322426856961357
87,0,1662.8333333333335,1365.0,250,True,-1.3388389704164034,-1.3388389704164034,-2.677677940832807
87,1,1695.0,1369.0,250,True,-1.3480468725803618,-1.3480468725803618,-2.6960937451607236
87,2,1608.8333333333335,1661.0,257,True,-1.5488951946172678,-1.5488951946172678,-3.0977903892345355
87,3,1708.1666666666665,1328.0,251,True,-1.3200523351112918,-1.3200523351112918,-2.6401046702225837
88,0,1533.3333333333335,1507.0,252,True,-1.4195515021419152,-1.4195515021419152,-2.8391030042838303
88,1,1624.1666666666665,1385.0,252,True,-1.3462518717941392,-1.3462518717941392,-2.6925037435882784
88,2,1638.8333333333335,1473.0,251,True,-1.4146490760761876,-1.4146490760761876,-2.8292981521523752
88,3,1782.1666666666665,1473.0,253,True,-1.4424008589668906,-1.4424008589668906,-2.8848017179337813
89,0,1622.3333333333333,1697.0,257,True,-1.5783279972708022,-1.5783279972708022,-3.1566559945416044
89,1,1665.8333333333333,1769.0,258,True,-1.6403882845617987,-1.6403882845617987,-3.2807765691235975
89,2,1627.6666666666667,1709.0,256,True,-1.5883002790635934,-1.5883002790635934,-3.176600558127187
89,3,1571.3333333333335,1483.0,253,True,-1.4090296369331792,-1.4090296369331792,-2.8180592738663583
90,0,1874.8333333333335,1638.0,253,True,-1.583262997356504,-1.583262997356504,-3.166525994713008
90,1,1787.6666666666667,1511.0,253,True,-1.4717746677864652,-1.4717746677864652,-2.9435493355729303
90,2,1839.0,1560.0,255,True,-1.5182172790984427,-1.5182172790984427,-3.0364345581968855
90,3,1593.8333333333335,1645.0,255,True,-1.5340713951840599,-1.5340713951840599,-3.0681427903681198
91,0,1719.3333333333335,1452.0,251,True,-1.414590851517977,-1.414590851517977,-2.829181703035954
91,1,1649.3333333333335,1582.0,253,True,-1.4978839427814947,-1.4978839427814947,-2.9957678855629895
91,2,1624.6666666666667,1541.0,250,True,-1.4625642254098783,-1.4625642254098783,-2.9251284508197566
91,3,1678.1666666666667,1620.0,252,True,-1.5317754836995559,-1.5317754836995559,-3.0635509673991117
92,0,1766.3333333333333,1581.0,254,True,-1.5197921708611446,-1.5197921708611446,-3.039584341722289
92,1,1631.3333333333335,1089.0,245,True,-1.1271279138813113,-1.1271279138813113,-2.2542558277626226
92,2,1664.8333333333335,1243.0,247,True,-1.2483396885793874,-1.2483396885793874,-2.4966793771587747
92,3,1740.6666666666665,1385.0,250,True,-1.3688082627715823,-1.3688082627715823,-2.7376165255431646
93,0,1775.1666666666667,1981.0,259,True,-1.8194910322601163,-1.8194910322601163,-3.6389820645202327
93,1,1763.0,1261.0,248,True,-1.2807559188777256,-1.2807559188777256,-2.561511837755451
93,2,1743.4999999999998,1331.0,250,True,-1.3291283866172852,-1.3291283866172852,-2.6582567732345703
93,3,1563.8333333333335,1164.0,246,True,-1.1699316185177915,-1.1699316185177915,-2.339863237035583
94,0,1742.6666666666667,1287.0,249,True,-1.296188295560839,-1.296188295560839,-2.592376591121678
94,1,1607.3333333333335,1829.0,258,True,-1.6737599713662743,-1.6737599713662743,-3.3475199427325486
94,2,1620.3333333333335,827.0,241,True,-0.9298156078885481,-0.9298156078885481,-1.8596312157770962
94,3,1567.8333333333335,1280.0,249,True,-1.2571227742378497,-1.2571227742378497,-2.5142455484756994
95,0,1646.0000000000002,1201.0,247,True,-1.2134044327896318,-1.2134044327896318,-2.4268088655792637
95,1,1762.1666666666665,1449.0,253,True,-1.4206492025419144,-1.4206492025419144,-2.841298405083829
95,2,1529.8333333333333,1291.0,248,True,-1.2579600106906894,-1.2579600106906894,-2.515920021381379
95,3,1602.6666666666665,1551.0,252,True,-1.4657543638589188,-1.4657543638589188,-2.9315087277178375
96,0,1742.1666666666667,1386.0,250,True,-1.3698436598492465,-1.3698436598492465,-2.739687319698493
96,1,1638.3333333333335,1252.0,247,True,-1.2499135786809585,-1.2499135786809585,-2.499827157361917
96,2,1635.8333333333335,1310.0,249,True,-1.2926378796362799,-1.2926378796362799,-2.5852757592725597
96,3,1817.0,1221.0,248,True,-1.2614123840237679,-1.2614123840237679,-2.5228247680475357
97,0,1739.8333333333335,1032.0,244,True,-1.105671995901876,-1.105671995901876,-2.211343991803752
97,1,1572.5000000000002,1436.0,250,True,-1.37424186572832,-1.37424186572832,-2.74848373145664
97,2,1882.1666666666665,1863.0,260,True,-1.7523014306373343,-1.7523014306373343,-3.5046028612746687
97,3,1469.3333333333335,1268.0,247,True,-1.2291118335661018,-1.2291118335661018,-2.4582236671322035
98,0,1720.8333333333335,1436.0,251,True,-1.4029617340686984,-1.4029617340686984,-2.805923468137397
98,1,1491.8333333333333,1465.0,251,True,-1.3802275923136298,-1.3802275923136298,-2.7604551846272596
98,2,1584.0000000000002,1403.0,250,True,-1.351884404651449,-1.351884404651449,-2.703768809302898
98,3,1688.1666666666665,1232.0,247,True,-1.244662734807499,-1.244662734807499,-2.489325469614998
99,0,1599.6666666666667,1377.0,250,True,-1.335548481548637,-1.335548481548637,-2.671096963097274
99,1,1589.6666666666667,1138.0,245,True,-1.15556413582932,-1.15556413582932,-2.31112827165864
99,2,1692.1666666666665,1391.0,250,True,-1.363887662566296,-1.363887662566296,-2.727775325132592
99,3,1680.0000000000002,977.0,242,True,-1.0531138106688815,-1.0531138106688815,-2.106227621337763
100,0,1661.0,1517.0,254,True,-1.4517196650512494,-1.4517196650512494,-2.9034393301024988
100,1,1500.8333333333335,1398.0,251,True,-1.3320570594580363,-1.3320570594580363,-2.6641141189160726
100,2,1592.3333333333335,1289.0,247,True,-1.268571135926113,-1.268571135926113,-2.537142271852226
100,3,1606.1666666666665,1224.0,247,True,-1.2228263618907271,-1.2228263618907271,-2.4456527237814543
101,0,1671.0,1591.0,254,True,-1.5087837227149417,-1.5087837227149417,-3.0175674454298833
101,1,1653.3333333333335,1510.0,251,True,-1.445020467262418,-1.445020467262418,-2.890040934524836
101,2,1701.8333333333335,1638.0,256,True,-1.5497672407977252,-1.5497672407977252,-3.0995344815954504
101,3,1694.1666666666665,1209.0,247,True,-1.228690094163599,-1.228690094163599,-2.457380188327198
102,0,1589.8333333333333,1670.0,258,True,-1.551921212893353,-1.551921212893353,-3.103842425786706
102,1,1774.8333333333335,1269.0,250,True,-1.2890068259840484,-1.2890068259840484,-2.5780136519680967
102,2,1710.0,1170.0,248,True,-1.202701811819879,-1.202701811819879,-2.405403623639758
102,3,1631.6666666666665,962.0,244,True,-1.032581079680597,-1.032581079680597,-2.065162159361194
103,0,1686.3333333333335,1234.0,248,True,-1.2457977130281412,-1.2457977130281412,-2.4915954260562825
103,1,1716.8333333333335,1351.0,252,True,-1.338864693074241,-1.338864693074241,-2.677729386148482
103,2,1847.8333333333333,1592.0,255,True,-1.543766649561232,-1.543766649561232,-3.087533299122464
103,3,1665.6666666666667,1877.0,259,True,-1.720812930865036,-1.720812930865036,-3.441625861730072
104,0,1635.3333333333335,1313.0,251,True,-1.2947759854195968,-1.2947759854195968,-2.5895519708391936
104,1,1797.8333333333335,1256.0,249,True,-1.28377539029666,-1.28377539029666,-2.56755078059332
104,2,1672.8333333333333,1224.0,246,True,-1.2357341678864027,-1.2357341678864027,-2.4714683357728053
104,3,1758.0,1514.0,253,True,-1.4682656084466739,-1.4682656084466739,-2.9365312168933477
105,0,1819.8333333333335,1514.0,252,True,-1.4802375985076632,-1.4802375985076632,-2.9604751970153265
105,1,1688.3333333333335,1148.0,247,True,-1.1821174031305342,-1.1821174031305342,-2.3642348062610683
105,2,1682.0,1200.0,246,True,-1.2196296765845358,-1.2196296765845358,-2.4392593531690716
105,3,1749.8333333333335,1482.0,252,True,-1.4428453160438393,-1.4428453160438393,-2.8856906320876785
106,0,1628.0,1474.0,253,True,-1.4132965290446515,-1.4132965290446515,-2.826593058089303
106,1,1872.0,1491.0,253,True,-1.4732036135157678,-1.4732036135157678,-2.9464072270315356
106,2,1784.1666666666665,1238.0,250,True,-1.2677198040978417,-1.2677198040978417,-2.5354396081956834
106,3,1717.3333333333335,1447.0,251,True,-1.4104787601243,-1.4104787601243,-2.8209575202486
107,0,1882.0,1156.0,247,True,-1.2255743510900639,-1.2255743510900639,-2.4511487021801277
107,1,1670.0,873.0,243,True,-0.973700609722349,-0.973700609722349,-1.947401219444698
107,2,1705.1666666666665,1140.0,247,True,-1.179416852602352,-1.179416852602352,-2.358833705204704
107,3,1579.3333333333335,1219.0,248,True,-1.2139061127636608,-1.2139061127636608,-2.4278122255273216
108,0,1747.0,1504.0,255,True,-1.4586861060297738,-1.4586861060297738,-2.9173722120595476
108,1,1668.0,1143.0,248,True,-1.174455665088046,-1.174455665088046,-2.348911330176092
108,2,1678.1666666666665,1505.0,255,True,-1.4461037677819992,-1.4461037677819992,-2.8922075355639985
108,3,1624.1666666666665,1712.0,258,True,-1.589857533577103,-1.589857533577103,-3.179715067154206
109,0,1641.8333333333335,1282.0,250,True,-1.2729403817785732,-1.2729403817785732,-2.5458807635571463
109,1,1845.0,1197.0,248,True,-1.248954347915679,-1.248954347915679,-2.497908695831358
109,2,1649.0,1482.0,255,True,-1.42332225947538,-1.42332225947538,-2.84664451895076
109,3,1675.1666666666665,1242.0,249,True,-1.2495954270659564,-1.2495954270659564,-2.4991908541319128
110,0,1742.8333333333335,1283.0,250,True,-1.2932406793047835,-1.2932406793047835,-2.586481358609567
110,1,1662.8333333333333,1153.0,246,True,-1.1809050245509956,-1.1809050245509956,-2.361810049101991
110,2,1680.0,1566.0,256,True,-1.4919019904553223,-1.4919019904553223,-2.9838039809106447
110,3,1778.0,1007.0,243,True,-1.094437428765366,-1.094437428765366,-2.188874857530732
111,0,1837.8333333333335,1328.0,251,True,-1.3451580177728817,-1.3451580177728817,-2.6903160355457634
111,1,1598.1666666666665,1374.0,250,True,-1.3330231415854499,-1.3330231415854499,-2.6660462831708998
111,2,1604.0,947.0,242,True,-1.016049768550971,-1.016049768550971,-2.032099537101942
111,3,1815.8333333333335,1117.0,247,True,-1.1837094673716622,-1.1837094673716622,-2.3674189347433243
112,0,1826.8333333333335,1350.0,251,True,-1.3594176015243458,-1.3594176015243458,-2.7188352030486915
112,1,1626.1666666666665,1060.0,243,True,-1.104523387076567,-1.104523387076567,-2.209046774153134
112,2,1504.8333333333335,1016.0,244,True,-1.0482524366829367,-1.0482524366829367,-2.0965048733658733
112,3,1824.0,1536.0,253,True,-1.4974337081231428,-1.4974337081231428,-2.9948674162462856
113,0,1784.0,1178.0,248,True,-1.2229892480171696,-1.2229892480171696,-2.445978496034339
113,1,1626.6666666666667,1372.0,249,True,-1.3370512857630787,-1.3370512857630787,-2.6741025715261575
113,2,1746.0,1110.0,245,True,-1.1649737404918619,-1.1649737404918619,-2.3299474809837237
113,3,1762.8333333333335,1306.0,249,True,-1.314247364286997,-1.314247364286997,-2.628494728573994
114,0,1800.0,1698.0,256,True,-1.6134722716920396,-1.6134722716920396,-3.226944543384079
114,1,1844.1666666666665,1519.0,253,True,-1.4886738049098904,-1.4886738049098904,-2.977347609819781
114,2,1704.1666666666665,1388.0,252,True,-1.3639761533172345,-1.3639761533172345,-2.727952306634469
114,3,1794.0000000000002,1608.0,255,True,-1.5452631393039074,-1.5452631393039074,-3.0905262786078147
115,0,1643.8333333333335,1302.0,249,True,-1.288227044813671,-1.288227044813671,-2.576454089627342
115,1,1854.1666666666665,1317.0,249,True,-1.3401257443714492,-1.3401257443714492,-2.6802514887428983
115,2,1743.1666666666665,946.0,243,True,-1.0422498421241826,-1.0422498421241826,-2.084499684248365
115,3,1866.1666666666665,1452.0,252,True,-1.4430202942234533,-1.4430202942234533,-2.8860405884469067
116,0,1929.6666666666667,1267.0,250,True,-1.3174952625234826,-1.3174952625234826,-2.634990525046965
116,1,1764.1666666666665,1270.0,250,True,-1.2876865484675024,-1.2876865484675024,-2.575373096935005
116,2,1558.8333333333333,966.0,242,True,-1.021459187401366,-1.021459187401366,-2.042918374802732
116,3,1859.0,1072.0,246,True,-1.1585435568296014,-1.1585435568296014,-2.317087113659203
117,0,1860.8333333333333,1802.0,259,True,-1.702727674710276,-1.702727674710276,-3.405455349420552
117,1,1802.1666666666665,1468.0,252,True,-1.4425483435517856,-1.4425483435517856,-2.8850966871035713
117,2,1759.1666666666665,1406.0,251,True,-1.3880345792333701,-1.3880345792333701,-2.7760691584667403
117,3,1690.1666666666665,1437.0,252,True,-1.3977691147534481,-1.3977691147534481,-2.7955382295068962
118,0,1875.0,1373.0,251,True,-1.3858778345397338,-1.3858778345397338,-2.7717556690794676
118,1,1871.1666666666665,1318.0,251,True,-1.3441622063431065,-1.3441622063431065,-2.688324412686213
118,2,1746.0,1538.0,253,True,-1.483821517993725,-1.483821517993725,-2.96764303598745
118,3,1906.6666666666667,1377.0,251,True,-1.394988928158723,-1.394988928158723,-2.789977856317446
119,0,1733.6666666666665,1253.0,248,True,-1.2691167126975362,-1.2691167126975362,-2.5382334253950725
119,1,1833.8333333333335,1470.0,252,True,-1.450169494285255,-1.450169494285255,-2.90033898857051
119,2,1738.1666666666665,1504.0,253,True,-1.456975821735346,-1.456975821735346,-2.913951643470692
119,3,1568.6666666666665,1712.0,256,True,-1.5791117850857046,-1.5791117850857046,-3.158223570171409
120,0,1728.8333333333335,1438.0,250,True,-1.4060006136737022,-1.4060006136737022,-2.8120012273474044
120,1,1748.1666666666665,1286.0,248,True,-1.296508218112721,-1.296508218112721,-2.593016436225442
120,2,1598.3333333333335,1053.0,244,True,-1.0939195779740425,-1.0939195779740425,-2.187839155948085
120,3,1734.8333333333335,1402.0,250,True,-1.380343344273904,-1.380343344273904,-2.760686688547808
121,0,1754.8333333333335,1639.0,256,True,-1.5607739180070488,-1.5607739180070488,-3.1215478360140976
121,1,1780.8333333333335,896.0,242,True,-1.0122941803736711,-1.0122941803736711,-2.0245883607473423
121,2,1792.0,967.0,243,True,-1.0673492103140039,-1.0673492103140039,-2.1346984206280077
121,3,1703.3333333333335,1260.0,249,True,-1.2684584610688334,-1.2684584610688334,-2.536916922137667
122,0,1805.1666666666667,1467.0,252,True,-1.4423842233788302,-1.4423842233788302,-2.8847684467576604
122,1,1806.0,1294.0,249,True,-1.313665511356061,-1.313665511356061,-2.627331022712122
122,2,1780.6666666666667,1318.0,251,True,-1.326639859703977,-1.326639859703977,-2.653279719407954
122,3,1520.8333333333333,1345.0,250,True,-1.296445914790387,-1.296445914790387,-2.592891829580774
123,0,1854.8333333333335,1557.0,254,True,-1.5190479686941307,-1.5190479686941307,-3.0380959373882614
123,1,1664.1666666666665,1220.0,248,True,-1.2310762673359184,-1.2310762673359184,-2.4621525346718367
123,2,1869.0,1406.0,249,True,-1.4093001896112471,-1.4093001896112471,-2.8186003792224943
123,3,1722.0,1140.0,246,True,-1.1826760736162594,-1.1826760736162594,-2.3653521472325187
124,0,1816.0,1144.0,246,True,-1.203855965841207,-1.203855965841207,-2.407711931682414
124,1,1840.3333333333335,1571.0,255,True,-1.5266701210887306,-1.5266701210887306,-3.053340242177461
124,2,1837.1666666666665,1170.0,248,True,-1.22732345175663,-1.22732345175663,-2.45464690351326
124,3,1757.8333333333335,1100.0,246,True,-1.1598151616284809,-1.1598151616284809,-2.3196303232569617
125,0,1671.8333333333335,1302.0,248,True,-1.2936483233318548,-1.2936483233318548,-2.5872966466637095
125,1,1926.1666666666665,1306.0,249,True,-1.3458714889764039,-1.3458714889764039,-2.6917429779528077
125,2,1657.0,1438.0,250,True,-1.392092452713361,-1.392092452713361,-2.784184905426722
125,3,1829.6666666666667,1354.0,249,True,-1.3629460690502073,-1.3629460690502073,-2.7258921381004146
126,0,1860.1666666666665,1334.0,249,True,-1.3539519614380018,-1.3539519614380018,-2.7079039228760036
126,1,1847.0,1229.0,247,True,-1.2731806682639129,-1.2731806682639129,-2.5463613365278257
126,2,1716.6666666666665,1324.0,249,True,-1.318718194604696,-1.318718194604696,-2.637436389209392
126,3,1728.8333333333335,1199.0,246,True,-1.2279524388537362,-1.2279524388537362,-2.4559048777074723
127,0,1697.0,1228.0,247,True,-1.2433931333308816,-1.2433931333308816,-2.4867862666617633
127,1,1919.1666666666665,1522.0,252,True,-1.5054300009833108,-1.5054300009833108,-3.0108600019666216
127,2,1769.6666666666667,1537.0,249,True,-1.487658817679428,-1.487658817679428,-2.975317635358856
127,3,1644.3333333333333,1256.0,249,True,-1.2540551669916153,-1.2540551669916153,-2.5081103339832307
128,0,1856.6666666666667,1309.0,252,True,-1.334650015554195,-1.334650015554195,-2.66930003110839
128,1,1806.0,1351.0,248,True,-1.3561288835934586,-1.3561288835934586,-2.7122577671869172
128,2,1895.3333333333335,1514.0,253,True,-1.4948556887977666,-1.4948556887977666,-2.9897113775955333
128,3,1788.3333333333335,1608.0,255,True,-1.5441659757942734,-1.5441659757942734,-3.088331951588547
129,0,1671.8333333333335,1558.0,255,True,-1.484361012678762,-1.484361012678762,-2.968722025357524
129,1,1696.1666666666665,1091.0,245,True,-1.1411706980976286,-1.1411706980976286,-2.282341396195257
129,2,1670.1666666666665,1357.0,249,True,-1.3342990575338374,-1.3342990575338374,-2.6685981150676747
129,3,1590.6666666666667,1571.0,254,True,-1.478330387634924,-1.478330387634924,-2.956660775269848
130,0,1797.8333333333335,1311.0,250,True,-1.3247488196485335,-1.3247488196485335,-2.649497639297067
130,1,1644.0,951.0,243,True,-1.0267743379194214,-1.0267743379194214,-2.053548675838843
130,2,1829.3333333333335,1598.0,253,True,-1.5446545620540004,-1.5446545620540004,-3.089309124108001
130,3,1639.8333333333335,1194.0,249,True,-1.2069956606357022,-1.2069956606357022,-2.4139913212714044
131,0,1887.3333333333335,1601.0,253,True,-1.558119267598524,-1.558119267598524,-3.116238535197048
131,1,1849.8333333333335,1327.0,250,True,-1.3467364514093436,-1.3467364514093436,-2.6934729028186872
131,2,1928.1666666666665,1567.0,253,True,-1.5406962697169881,-1.5406962697169881,-3.0813925394339763
131,3,1775.0,1465.0,248,True,-1.4350534982802647,-1.4350534982802647,-2.8701069965605295
132,0,1615.8333333333335,1071.0,244,True,-1.1107173630176115,-1.1107173630176115,-2.221434726035223
132,1,1604.0,1119.0,247,True,-1.1441848567059238,-1.1441848567059238,-2.2883697134118477
132,2,1858.6666666666667,1296.0,249,True,-1.3253526209781676,-1.3253526209781676,-2.6507052419563353
132,3,1709.8333333333335,1131.0,246,True,-1.1736156560371964,-1.1736156560371964,-2.347231312074393
133,0,1832.6666666666665,1210.0,245,True,-1.2562510325623757,-1.2562510325623757,-2.5125020651247514
133,1,1799.8333333333335,1286.0,247,True,-1.30651176775937,-1.30651176775937,-2.61302353551874
133,2,1589.8333333333333,1216.0,246,True,-1.2137041778796964,-1.2137041778796964,-2.427408355759393
133,3,1576.0,1459.0,252,True,-1.3920538687266035,-1.3920538687266035,-2.784107737453207
134,0,1709.0,1305.0,248,True,-1.3030793395027267,-1.3030793395027267,-2.6061586790054534
134,1,1826.6666666666667,1372.0,249,True,-1.3757747037501062,-1.3757747037501062,-2.7515494075002125
134,2,1733.3333333333335,1203.0,246,True,-1.2318036015294902,-1.2318036015294902,-2.4636072030589804
134,3,1821.6666666666667,1480.0,251,True,-1.4552635341186584,-1.4552635341186584,-2.9105270682373168
135,0,1651.0,1226.0,244,True,-1.2329968043083412,-1.2329968043083412,-2.4659936086166825
135,1,1751.0,1228.0,247,True,-1.25384845618738,-1.25384845618738,-2.50769691237476
135,2,1789.0,1387.0,251,True,-1.3796563650039695,-1.3796563650039695,-2.759312730007939
135,3,1817.8333333333335,1532.0,252,True,-1.4932598502974974,-1.4932598502974974,-2.986519700594995
136,0,1653.6666666666667,1868.0,259,True,-1.7117847828009622,-1.7117847828009622,-3.4235695656019245
136,1,1594.8333333333335,1307.0,247,True,-1.2824646646206541,-1.2824646646206541,-2.5649293292413082
136,2,1732.5,1234.0,245,True,-1.2547363686801472,-1.2547363686801472,-2.5094727373602943
136,3,1803.1666666666667,1752.0,256,True,-1.6543138503859485,-1.6543138503859485,-3.308627700771897
137,0,1646.6666666666667,1485.0,252,True,-1.4251054005938144,-1.4251054005938144,-2.850210801187629
137,1,1564.3333333333333,1400.0,251,True,-1.3458416875544401,-1.3458416875544401,-2.6916833751088802
137,2,1788.3333333333333,1487.0,252,True,-1.4540244312201493,-1.4540244312201493,-2.9080488624402987
137,3,1685.1666666666667,1285.0,247,True,-1.2835653700040464,-1.2835653700040464,-2.5671307400080927
138,0,1677.3333333333335,1196.0,248,True,-1.215746244393793,-1.215746244393793,-2.431492488787586
138,1,1887.3333333333335,1625.0,251,True,-1.5759985822247973,-1.5759985822247973,-3.1519971644495945
138,2,1688.0000000000002,1508.0,253,True,-1.4502425834946453,-1.4502425834946453,-2.9004851669892906
138,3,1553.0,1270.0,249,True,-1.2468010729761982,-1.2468010729761982,-2.4936021459523965
139,0,1729.1666666666665,1410.0,252,True,-1.385205952306362,-1.385205952306362,-2.770411904612724
139,1,1695.3333333333335,1251.0,249,True,-1.260204781364499,-1.260204781364499,-2.520409562728998
139,2,1804.3333333333333,1958.0,260,True,-1.8080038541997128,-1.8080038541997128,-3.6160077083994255
139,3,1738.6666666666667,1758.0,258,True,-1.6462953767416981,-1.6462953767416981,-3.2925907534833962
140,0,1615.0,1533.0,252,True,-1.4547328219984152,-1.4547328219984152,-2.9094656439968305
140,1,1590.0000000000002,1100.0,244,True,-1.1273197600343674,-1.1273197600343674,-2.254639520068735
140,2,1796.6666666666667,854.0,242,True,-0.9840709837016671,-0.9840709837016671,-1.9681419674033342
140,3,1576.3333333333333,1651.0,256,True,-1.5351529247667624,-1.5351529247667624,-3.0703058495335247
141,0,1749.0,1613.0,254,True,-1.5402752274706328,-1.5402752274706328,-3.0805504549412657
141,1,1667.3333333333333,1082.0,244,True,-1.1288833290196456,-1.1288833290196456,-2.257766658039291
141,2,1739.6666666666667,1432.0,251,True,-1.4036283034914308,-1.4036283034914308,-2.8072566069828615
141,3,1665.0,1210.0,249,True,-1.2237879004832517,-1.2237879004832517,-2.4475758009665034
142,0,1611.0,1779.0,258,True,-1.6372213285579689,-1.6372213285579689,-3.2744426571159377
142,1,1701.4999999999998,1483.0,253,True,-1.4342321281397363,-1.4342321281397363,-2.8684642562794727
142,2,1635.0,1389.0,250,True,-1.3513292760394822,-1.3513292760394822,-2.7026585520789643
142,3,1661.6666666666667,1488.0,251,True,-1.4302445712711267,-1.4302445712711267,-2.8604891425422534
143,0,1688.6666666666667,1416.0,252,True,-1.3818342888205575,-1.3818342888205575,-2.763668577641115
143,1,1738.1666666666667,1581.0,255,True,-1.5143386228279707,-1.5143386228279707,-3.0286772456559414
143,2,1592.8333333333335,1176.0,248,True,-1.1844861714390464,-1.1844861714390464,-2.368972342878093
143,3,1644.0,1590.0,256,True,-1.5028110898439313,-1.5028110898439313,-3.0056221796878626
144,0,1770.0,1029.0,244,True,-1.1092778637866354,-1.1092778637866354,-2.218555727573271
144,1,1628.8333333333335,1170.0,247,True,-1.1869865580201442,-1.1869865580201442,-2.3739731160402884
144,2,1577.0,1177.0,247,True,-1.1821655389578356,-1.1821655389578356,-2.364331077915671
144,3,1696.8333333333335,1294.0,251,True,-1.2925289790381407,-1.2925289790381407,-2.5850579580762814
145,0,1754.0,1402.0,251,True,-1.3840543384976602,-1.3840543384976602,-2.7681086769953205
145,1,1792.1666666666665,1624.0,255,True,-1.5568277177232073,-1.5568277177232073,-3.1136554354464145
145,2,1762.6666666666667,1631.0,255,True,-1.5563308136694503,-1.5563308136694503,-3.1126616273389005
145,3,1646.1666666666665,1329.0,251,True,-1.308793046978076,-1.308793046978076,-2.617586093956152
146,0,1688.1666666666665,1418.0,251,True,-1.3832274231611117,-1.3832274231611117,-2.7664548463222234
146,1,1730.0,1502.0,253,True,-1.4539046726153537,-1.4539046726153537,-2.9078093452307074
146,2,1660.8333333333335,1709.0,256,True,-1.5947219125464414,-1.5947219125464414,-3.1894438250928827
146,3,1597.8333333333333,1181.0,246,True,-1.1891791141025299,-1.1891791141025299,-2.3783582282050597
147,0,1899.3333333333335,1892.0,262,True,-1.7772293625213007,-1.7772293625213007,-3.5544587250426014
147,1,1730.0,1064.0,245,True,-1.127607180685878,-1.127607180685878,-2.255214361371756
147,2,1689.1666666666665,1349.0,250,True,-1.3320180107005144,-1.3320180107005144,-2.664036021401029
147,3,1647.8333333333335,1167.0,247,True,-1.1884303684006272,-1.1884303684006272,-2.3768607368012544
148,0,1695.3333333333335,1335.0,251,True,-1.322782382556454,-1.322782382556454,-2.645564765112908
148,1,1696.6666666666667,1150.0,246,True,-1.1852208217655178,-1.1852208217655178,-2.3704416435310356
148,2,1709.1666666666665,1260.0,250,True,-1.269587894093456,-1.269587894093456,-2.539175788186912
148,3,1747.1666666666665,1746.0,258,True,-1.639001464693011,-1.639001464693011,-3.278002929386022
149,0,1775.0,1487.0,249,True,-1.4514428700210142,-1.4514428700210142,-2.9028857400420285
149,1,1539.3333333333333,1309.0,249,True,-1.2732088590147788,-1.2732088590147788,-2.5464177180295575
149,2,1716.6666666666667,1231.0,247,True,-1.2494358504278893,-1.2494358504278893,-2.4988717008557786
149,3,1755.8333333333335,1597.0,253,True,-1.5296787345010083,-1.5296787345010083,-3.0593574690020167
150,0,1770.6666666666667,1322.0,249,True,-1.3276835745756712,-1.3276835745756712,-2.6553671491513424
150,1,1694.8333333333335,1495.0,252,True,-1.441881004853304,-1.441881004853304,-2.883762009706608
150,2,1636.3333333333335,1437.0,252,True,-1.3873460614119395,-1.3873460614119395,-2.774692122823879
150,3,1668.1666666666667,1037.0,245,True,-1.0955209616703312,-1.0955209616703312,-2.1910419233406624
151,0,1739.8333333333335,1269.0,248,True,-1.2822302278363185,-1.2822302278363185,-2.564460455672637
151,1,1793.1666666666665,1114.0,246,True,-1.1770858990048478,-1.1770858990048478,-2.3541717980096957
151,2,1899.0,1367.0,249,True,-1.3860548160416086,-1.3860548160416086,-2.7721096320832173
151,3,1531.1666666666665,1272.0,249,True,-1.2440637093981377,-1.2440637093981377,-2.4881274187962754
152,0,1852.8333333333333,1242.0,248,True,-1.2839947300444325,-1.2839947300444325,-2.567989460088865
152,1,1812.6666666666667,1944.0,260,True,-1.7991877297505137,-1.7991877297505137,-3.5983754595010273
152,2,1677.6666666666667,2009.0,264,True,-1.821472566388758,-1.821472566388758,-3.642945132777516
152,3,1752.8333333333335,1329.0,251,True,-1.3294455365711573,-1.3294455365711573,-2.6588910731423145
153,0,1726.8333333333335,1475.0,252,True,-1.4331773228760023,-1.4331773228760023,-2.8663546457520046
153,1,1631.8333333333335,1360.0,250,True,-1.3291119834146081,-1.3291119834146081,-2.6582239668292162
153,2,1741.6666666666667,1596.0,252,True,-1.5261908542841647,-1.5261908542841647,-3.0523817085683294
153,3,1778.0,1163.0,248,True,-1.2106529738361385,-1.2106529738361385,-2.421305947672277
154,0,1791.8333333333335,1120.0,245,True,-1.1812975715415017,-1.1812975715415017,-2.3625951430830034
154,1,1714.0,1104.0,246,True,-1.1543081649573692,-1.1543081649573692,-2.3086163299147384
154,2,1551.8333333333335,1383.0,252,True,-1.3307569594033073,-1.3307569594033073,-2.6615139188066146
154,3,1578.0,1117.0,245,True,-1.1376608694820878,-1.1376608694820878,-2.2753217389641756
155,0,1644.0,1717.0,256,True,-1.5974224630746245,-1.5974224630746245,-3.194844926149249
155,1,1786.6666666666665,1708.0,256,True,-1.618340424920517,-1.618340424920517,-3.236680849841034
155,2,1754.6666666666667,1445.0,251,True,-1.416217188596356,-1.416217188596356,-2.832434377192712
155,3,1647.8333333333333,1209.0,247,True,-1.219719168996604,-1.219719168996604,-2.439438337993208
156,0,1612.8333333333335,1395.0,249,True,-1.3515072592024877,-1.3515072592024877,-2.7030145184049754
156,1,1602.0,1284.0,248,True,-1.2667179105816788,-1.2667179105816788,-2.5334358211633576
156,2,1581.8333333333335,1544.0,252,True,-1.45650587438594,-1.45650587438594,-2.91301174877188
156,3,1676.6666666666667,1168.0,245,True,-1.194757965936518,-1.194757965936518,-2.389515931873036
157,0,1801.1666666666665,1294.0,249,True,-1.3127296954213745,-1.3127296954213745,-2.625459390842749
157,1,1807.1666666666665,1707.0,256,True,-1.6215646038214269,-1.6215646038214269,-3.2431292076428537
157,2,1597.1666666666665,1267.0,247,True,-1.2531175801200498,-1.2531175801200498,-2.5062351602400996
157,3,1735.4999999999998,1301.0,249,True,-1.305230306614963,-1.305230306614963,-2.610460613229926
158,0,1799.1666666666665,1075.0,246,True,-1.149193715276767,-1.149193715276767,-2.298387430553534
158,1,1742.6666666666667,1225.0,248,True,-1.2500000661096344,-1.2500000661096344,-2.500000132219269
158,2,1671.8333333333335,1105.0,243,True,-1.146888949107865,-1.146888949107865,-2.29377789821573
158,3,1592.3333333333333,1596.0,252,True,-1.497277368853851,-1.497277368853851,-2.994554737707702
159,0,1879.6666666666667,1560.0,254,True,-1.526091040755805,-1.526091040755805,-3.05218208151161
159,1,1756.8333333333333,1441.0,253,True,-1.4136568065201693,-1.4136568065201693,-2.8273136130403387
159,2,1787.8333333333335,1174.0,247,True,-1.2207515610908752,-1.2207515610908752,-2.4415031221817505
159,3,1864.1666666666665,1279.0,249,True,-1.3137530004458666,-1.3137530004458666,-2.6275060008917333
160,0,1819.0,1235.0,248,True,-1.2722292184022967,-1.2722292184022967,-2.5444584368045935
160,1,1829.6666666666667,1364.0,250,True,-1.3703957834778213,-1.3703957834778213,-2.7407915669556426
160,2,1508.0000000000002,1041.0,245,True,-1.0674898435367652,-1.0674898435367652,-2.1349796870735305
160,3,1731.0,1052.0,245,True,-1.1188611404626758,-1.1188611404626758,-2.2377222809253516
161,0,1762.8333333333335,1252.0,249,True,-1.2740189063778833,-1.2740189063778833,-2.5480378127557666
161,1,1820.8333333333335,1547.0,254,True,-1.5050152732087227,-1.5050152732087227,-3.0100305464174455
161,2,1542.0,1431.0,252,True,-1.3646116872714908,-1.3646116872714908,-2.7292233745429817
161,3,1676.6666666666665,1428.0,253,True,-1.3884505410544719,-1.3884505410544719,-2.7769010821089437
162,0,1730.0,973.0,243,True,-1.0598147793945938,-1.0598147793945938,-2.1196295587891876
162,1,1815.1666666666665,1339.0,247,True,-1.348964049604727,-1.348964049604727,-2.697928099209454
162,2,1729.8333333333335,1752.0,255,True,-1.6401152637907046,-1.6401152637907046,-3.280230527581409
162,3,1551.3333333333333,1722.0,256,True,-1.5832054699544422,-1.5832054699544422,-3.1664109399088844
163,0,1771.0,1550.0,253,True,-1.4976016025552394,-1.4976016025552394,-2.995203205110479
163,1,1849.8333333333335,1449.0,252,True,-1.437622967426228,-1.437622967426228,-2.875245934852456
163,2,1772.8333333333335,1150.0,245,True,-1.1999679901155762,-1.1999679901155762,-2.3999359802311524
163,3,1762.1666666666665,1177.0,248,True,-1.2180169701108248,-1.2180169701108248,-2.4360339402216495
164,0,1708.8333333333335,925.0,240,True,-1.019957921738421,-1.019957921738421,-2.039915843476842
164,1,1738.4999999999998,1728.0,257,True,-1.6239139639438702,-1.6239139639438702,-3.2478279278877404
164,2,1608.3333333333333,1205.0,245,True,-1.2090914081731206,-1.2090914081731206,-2.418182816346241
164,3,1583.8333333333335,1132.0,245,True,-1.14996487414813,-1.14996487414813,-2.29992974829626
165,0,1691.6666666666667,1762.0,255,True,-1.6401752592857939,-1.6401752592857939,-3.2803505185715878
165,1,1811.3333333333335,1409.0,250,True,-1.4003698517532719,-1.4003698517532719,-2.8007397035065438
165,2,1543.0,1343.0,249,True,-1.2992478173984263,-1.2992478173984263,-2.5984956347968526
165,3,1715.8333333333335,1670.0,254,True,-1.5763169662251808,-1.5763169662251808,-3.1526339324503616
166,0,1785.0,1460.0,250,True,-1.4332648119658091,-1.4332648119658091,-2.8665296239316183
166,1,1750.0,1083.0,245,True,-1.1456339798970474,-1.1456339798970474,-2.291267959794095
166,2,1743.3333333333335,1448.0,250,True,-1.416257775905375,-1.416257775905375,-2.83251555181075
166,3,1608.8333333333333,1264.0,248,True,-1.253141531841009,-1.253141531841009,-2.506283063682018
167,0,1616.8333333333335,1578.0,253,True,-1.4886115015875554,-1.4886115015875554,-2.977223003175111
167,1,1513.3333333333335,1410.0,248,True,-1.3434169303953614,-1.3434169303953614,-2.6868338607907227
167,2,1578.8333333333335,1066.0,244,True,-1.0998286734762055,-1.0998286734762055,-2.199657346952411
167,3,1612.8333333333335,1581.0,253,True,-1.4900719475561022,-1.4900719475561022,-2.9801438951122043
168,0,1710.0,1292.0,247,True,-1.293588327836764,-1.293588327836764,-2.587176655673528
168,1,1677.3333333333335,1863.0,255,True,-1.7126421967156205,-1.7126421967156205,-3.425284393431241
168,2,1605.8333333333335,1351.0,247,True,-1.3173731960914419,-1.3173731960914419,-2.6347463921828838
168,3,1629.8333333333335,1833.0,257,True,-1.68109624166086,-1.68109624166086,-3.36219248332172
169,0,1695.8333333333335,1167.0,244,True,-1.1977239887175137,-1.1977239887175137,-2.3954479774350275
169,1,1688.3333333333333,1466.0,251,True,-1.4190183219286467,-1.4190183219286467,-2.8380366438572935
169,2,1553.8333333333335,1533.0,253,True,-1.4428899099973824,-1.4428899099973824,-2.885779819994765
169,3,1419.3333333333335,953.0,241,True,-0.9847649745995168,-0.9847649745995168,-1.9695299491990337
170,0,1537.8333333333333,1295.0,248,True,-1.2624888331812156,-1.2624888331812156,-2.5249776663624313
170,1,1550.3333333333333,1009.0,244,True,-1.051847214175655,-1.051847214175655,-2.10369442835131
170,2,1708.8333333333335,1307.0,249,True,-1.304537012873261,-1.304537012873261,-2.609074025746522
170,3,1669.0,1265.0,247,True,-1.2655357981948676,-1.2655357981948676,-2.5310715963897352
171,0,1817.8333333333335,1162.0,246,True,-1.2176204164757927,-1.2176204164757927,-2.4352408329515853
171,1,1600.3333333333335,1420.0,250,True,-1.3677113316473326,-1.3677113316473326,-2.735422663294665
171,2,1608.3333333333335,1262.0,248,True,-1.2515547804105178,-1.2515547804105178,-2.5031095608210356
171,3,1811.8333333333335,1230.0,247,True,-1.2671167720439553,-1.2671167720439553,-2.5342335440879107
172,0,1884.8333333333335,1718.0,257,True,-1.6447968836767637,-1.6447968836767637,-3.2895937673535274
172,1,1597.1666666666665,1250.0,249,True,-1.2404530655931056,-1.2404530655931056,-2.4809061311862113
172,2,1570.1666666666665,1203.0,245,True,-1.200211746355074,-1.200211746355074,-2.400423492710148
172,3,1794.8333333333333,1301.0,249,True,-1.3167182539511133,-1.3167182539511133,-2.6334365079022266
173,0,1717.8333333333335,1955.0,261,True,-1.7890210615920386,-1.7890210615920386,-3.578042123184077
173,1,1877.8333333333335,2036.0,262,True,-1.8803424828453326,-1.8803424828453326,-3.760684965690665
173,2,1688.3333333333335,1383.0,249,True,-1.3571856921794545,-1.3571856921794545,-2.714371384358909
173,3,1736.3333333333335,1537.0,255,True,-1.4812049146815887,-1.4812049146815887,-2.9624098293631773
174,0,1792.8333333333333,1224.0,249,True,-1.25896821867862,-1.25896821867862,-2.51793643735724
174,1,1672.3333333333333,1711.0,259,True,-1.5984384519662183,-1.5984384519662183,-3.1968769039324365
174,2,1710.0,1105.0,247,True,-1.15427866804039,-1.15427866804039,-2.30855733608078
174,3,1835.8333333333335,1446.0,251,True,-1.432677413838853,-1.432677413838853,-2.865354827677706
175,0,1614.0,1519.0,252,True,-1.4441096047098207,-1.4441096047098207,-2.8882192094196415
175,1,1761.8333333333335,1257.0,250,True,-1.2775501465017556,-1.2775501465017556,-2.555100293003511
175,2,1744.0,1087.0,245,True,-1.1474521631284798,-1.1474521631284798,-2.2949043262569595
175,3,1714.0,1144.0,247,True,-1.1841070226678245,-1.1841070226678245,-2.368214045335649
176,0,1567.3333333333333,1184.0,246,True,-1.185508707187792,-1.185508707187792,-2.371017414375584
176,1,1832.8333333333335,1562.0,255,True,-1.5185132499293634,-1.5185132499293634,-3.037026499858727
176,2,1793.6666666666667,1313.0,250,True,-1.3254320246593267,-1.3254320246593267,-2.6508640493186535
176,3,1721.1666666666665,1381.0,249,True,-1.3620528437468018,-1.3620528437468018,-2.7241056874936036
177,0,1607.6666666666665,1137.0,246,True,-1.158304272005391,-1.158304272005391,-2.316608544010782
177,1,1640.0000000000002,1206.0,248,True,-1.2159675874638274,-1.2159675874638274,-2.4319351749276548
177,2,1816.8333333333335,1003.0,244,True,-1.0989763399868016,-1.0989763399868016,-2.197952679973603
177,3,1709.3333333333335,1427.0,252,True,-1.3940303945495907,-1.3940303945495907,-2.7880607890991813
178,0,1805.6666666666665,1322.0,251,True,-1.3344601727234002,-1.3344601727234002,-2.6689203454468005
178,1,1734.0,1115.0,246,True,-1.1663751926264478,-1.1663751926264478,-2.3327503852528957
178,2,1835.0,1370.0,251,True,-1.3758982366140424,-1.3758982366140424,-2.751796473228085
178,3,1722.3333333333335,1365.0,251,True,-1.350359187267545,-1.350359187267545,-2.70071837453509
179,0,1640.1666666666665,1455.0,253,True,-1.4014977462263958,-1.4014977462263958,-2.8029954924527916
179,1,1784.1666666666665,1830.0,257,True,-1.7087428982125665,-1.7087428982125665,-3.417485796425133
179,2,1754.1666666666665,1806.0,259,True,-1.6850550708882392,-1.6850550708882392,-3.3701101417764785
179,3,1747.0,1568.0,254,True,-1.5063642783664999,-1.5063642783664999,-3.0127285567329998
180,0,1839.6666666666665,1930.0,260,True,-1.7939857909801018,-1.7939857909801018,-3.5879715819602036
180,1,1680.1666666666665,1852.0,260,True,-1.7049960926000607,-1.7049960926000607,-3.4099921852001214
180,2,1726.1666666666665,1812.0,260,True,-1.6841036210266238,-1.6841036210266238,-3.3682072420532476
180,3,1657.1666666666665,1312.0,250,True,-1.298258320440419,-1.298258320440419,-2.596516640880838
181,0,1695.0,1294.0,249,True,-1.2921740143732598,-1.2921740143732598,-2.5843480287465197
181,1,1830.0,1728.0,257,True,-1.6416299276729356,-1.6416299276729356,-3.283259855345871
181,2,1689.1666666666665,1282.0,249,True,-1.282104924035503,-1.282104924035503,-2.564209848071006
181,3,1752.0,1857.0,258,True,-1.722629110774209,-1.722629110774209,-3.445258221548418
182,0,1535.0,1490.0,252,True,-1.407209682764865,-1.407209682764865,-2.81441936552973
182,1,1633.1666666666665,1277.0,247,True,-1.2675375097853285,-1.2675375097853285,-2.535075019570657
182,2,1720.8333333333333,1468.0,253,True,-1.426800820237061,-1.426800820237061,-2.853601640474122
182,3,1708.8333333333335,1380.0,250,True,-1.358919928194841,-1.358919928194841,-2.717839856389682
183,0,1647.5,1805.0,258,True,-1.6636576098523959,-1.6636576098523959,-3.3273152197047917
183,1,1568.8333333333335,1548.0,252,True,-1.4569687379878287,-1.4569687379878287,-2.9139374759756573
183,2,1738.4999999999998,1740.0,257,True,-1.632853621257007,-1.632853621257007,-3.265707242514014
183,3,1763.6666666666667,1475.0,254,True,-1.440308885688612,-1.440308885688612,-2.880617771377224
184,0,1751.6666666666665,1888.0,260,True,-1.7456586864698325,-1.7456586864698325,-3.491317372939665
184,1,1758.1666666666665,2189.0,268,True,-1.9711536018255815,-1.9711536018255815,-3.942307203651163
184,2,1600.8333333333335,1655.0,253,True,-1.5428764292412196,-1.5428764292412196,-3.085752858482439
184,3,1955.0000000000002,1985.0,261,True,-1.8572897247044973,-1.8572897247044973,-3.7145794494089945
185,0,1570.1666666666665,1258.0,248,True,-1.2411851757069483,-1.2411851757069483,-2.4823703514138966
185,1,1555.8333333333335,1403.0,249,True,-1.3464308566182752,-1.3464308566182752,-2.6928617132365504
185,2,1745.8333333333333,1391.0,252,True,-1.374278446392815,-1.374278446392815,-2.74855689278563
185,3,1717.4999999999998,1732.0,256,True,-1.6228278908262783,-1.6228278908262783,-3.2456557816525566
186,0,1635.5,1747.0,256,True,-1.6181258610930167,-1.6181258610930167,-3.2362517221860334
186,1,1780.0,1462.0,251,True,-1.4337866694016554,-1.4337866694016554,-2.867573338803311
186,2,1724.0,1180.0,247,True,-1.2128621655065832,-1.2128621655065832,-2.4257243310131664
186,3,1632.8333333333335,1828.0,260,True,-1.6779522357168595,-1.6779522357168595,-3.355904471433719
187,0,1657.1666666666665,1661.0,254,True,-1.5582533539641346,-1.5582533539641346,-3.116506707928269
187,1,1668.0,1728.0,256,True,-1.6102639591034436,-1.6102639591034436,-3.220527918206887
187,2,1626.8333333333335,1393.0,249,True,-1.352727955576057,-1.352727955576057,-2.705455911152114
187,3,1637.0,1534.0,254,True,-1.4597373694197495,-1.4597373694197495,-2.919474738839499
188,0,1703.0,1577.0,255,True,-1.5045498693942059,-1.5045498693942059,-3.0090997387884117
188,1,1615.8333333333333,1186.0,246,True,-1.1963890789351685,-1.1963890789351685,-2.392778157870337
188,2,1595.3333333333333,1660.0,257,True,-1.545536392460383,-1.545536392460383,-3.091072784920766
188,3,1668.1666666666665,1637.0,255,True,-1.542503827327147,-1.542503827327147,-3.085007654654294
189,0,1845.1666666666665,1474.0,254,True,-1.455343707075565,-1.455343707075565,-2.91068741415113
189,1,1711.8333333333335,1209.0,246,True,-1.2321106627524536,-1.2321106627524536,-2.4642213255049072
189,2,1779.0,1247.0,249,True,-1.2734241921180285,-1.2734241921180285,-2.546848384236057
189,3,1913.3333333333335,1698.0,256,True,-1.6354155418846883,-1.6354155418846883,-3.2708310837693766
190,0,1763.8333333333335,1480.0,252,True,-1.4440660124174085,-1.4440660124174085,-2.888132024834817
190,1,1779.8333333333335,1106.0,246,True,-1.1685445662636211,-1.1685445662636211,-2.3370891325272423
190,2,1742.3333333333335,1181.0,247,True,-1.2171567835981565,-1.2171567835981565,-2.434313567196313
190,3,1889.1666666666665,1481.0,253,True,-1.469077659132041,-1.469077659132041,-2.938155318264082
191,0,1744.1666666666665,1280.0,249,True,-1.2912639210964125,-1.2912639210964125,-2.582527842192825
191,1,1727.4999999999998,1485.0,253,True,-1.440756115363573,-1.440756115363573,-2.881512230727146
191,2,1649.3333333333333,1255.0,249,True,-1.2542782809985291,-1.2542782809985291,-2.5085565619970582
191,3,1741.1666666666665,1701.0,259,True,-1.6043160472291407,-1.6043160472291407,-3.2086320944582813
192,0,1607.0000000000002,1174.0,248,True,-1.185739137327604,-1.185739137327604,-2.371478274655208
192,1,1884.3333333333335,1623.0,255,True,-1.5739277880694686,-1.5739277880694686,-3.1478555761389373
192,2,1861.1666666666665,1489.0,253,True,-1.4696161521559477,-1.4696161521559477,-2.9392323043118953
192,3,1630.0,1158.0,247,True,-1.1782727873119305,-1.1782727873119305,-2.356545574623861
193,0,1756.1666666666665,1176.0,247,True,-1.216110296128453,-1.216110296128453,-2.432220592256906
193,1,1584.8333333333335,1186.0,247,True,-1.1903869491471795,-1.1903869491471795,-2.380773898294359
193,2,1658.0,1493.0,252,True,-1.4332594991551713,-1.4332594991551713,-2.8665189983103425
193,3,1838.0,1233.0,246,True,-1.2744180002255432,-1.2744180002255432,-2.5488360004510864
194,0,1630.8333333333335,1569.0,256,True,-1.4846173978617967,-1.4846173978617967,-2.9692347957235934
194,1,1803.0,1539.0,254,True,-1.4956026635627906,-1.4956026635627906,-2.991205327125581
194,2,1629.8333333333335,1583.0,255,True,-1.4948533809705205,-1.4948533809705205,-2.989706761941041
194,3,1786.1666666666665,1565.0,253,True,-1.5117127000606763,-1.5117127000606763,-3.0234254001213525
195,0,1686.0,1388.0,252,True,-1.3604587761834122,-1.3604587761834122,-2.7209175523668243
195,1,1864.8333333333335,1492.0,255,True,-1.4725609958139945,-1.4725609958139945,-2.945121991627989
195,2,1801.1666666666667,1819.0,258,True,-1.703839702871089,-1.703839702871089,-3.407679405742178
195,3,1881.0000000000002,1293.0,250,True,-1.3274418216584343,-1.3274418216584343,-2.6548836433168685
196,0,1820.6666666666667,1040.0,245,True,-1.1272824822137228,-1.1272824822137228,-2.2545649644274457
196,1,1747.1666666666665,1304.0,249,True,-1.3097240869924907,-1.3097240869924907,-2.6194481739849813
196,2,1683.3333333333333,1097.0,247,True,-1.143155774100028,-1.143155774100028,-2.286311548200056
196,3,1871.8333333333335,1409.0,253,True,-1.4120836856943475,-1.4120836856943475,-2.824167371388695
197,0,1765.0,1265.0,251,True,-1.2841230388286404,-1.2841230388286404,-2.568246077657281
197,1,1869.6666666666667,1403.0,253,True,-1.4071943533429183,-1.4071943533429183,-2.8143887066858366
197,2,1743.8333333333335,1129.0,246,True,-1.1787086942094682,-1.1787086942094682,-2.3574173884189364
197,3,1754.0,985.0,243,True,-1.073401246866173,-1.073401246866173,-2.146802493732346
198,0,1741.0,1643.0,256,True,-1.5610754340339916,-1.5610754340339916,-3.1221508680679833
198,1,1878.1666666666665,1820.0,258,True,-1.7194931902388557,-1.7194931902388557,-3.4389863804777114
198,2,1915.3333333333335,1463.0,253,True,-1.4607344870156402,-1.4607344870156402,-2.9214689740312805
198,3,1844.0,1294.0,250,True,-1.3210229607735962,-1.3210229607735962,-2.6420459215471923
199,0,1656.0,1109.0,246,True,-1.146803230954939,-1.146803230954939,-2.293606461909878
199,1,1818.8333333333335,1585.0,254,True,-1.5329369538537838,-1.5329369538537838,-3.0658739077075676
199,2,1690.8333333333335,1033.0,244,True,-1.0969297299378156,-1.0969297299378156,-2.193859459875631
199,3,1624.0,1321.0,250,True,-1.298541429942422,-1.298541429942422,-2.597082859884844
200,0,1794.0,1484.0,253,True,-1.452886680401497,-1.452886680401497,-2.905773360802994
200,1,1864.8333333333335,1505.0,254,True,-1.4822456245698918,-1.4822456245698918,-2.9644912491397837
200,2,1589.3333333333335,1441.0,253,True,-1.381225943956034,-1.381225943956034,-2.762451887912068
200,3,1809.8333333333335,1328.0,249,True,-1.3397367392546982,-1.3397367392546982,-2.6794734785093963
201,0,1784.1666666666665,1070.0,245,True,-1.142564601713932,-1.142564601713932,-2.285129203427864
201,1,1740.8333333333335,1166.0,248,True,-1.2056917863218337,-1.2056917863218337,-2.4113835726436674
201,2,1820.6666666666667,1077.0,245,True,-1.1548464255958943,-1.1548464255958943,-2.3096928511917887
201,3,1760.1666666666665,1101.0,246,True,-1.161011906281091,-1.161011906281091,-2.322023812562182
202,0,1597.3333333333333,1047.0,244,True,-1.0892561322275391,-1.0892561322275391,-2.1785122644550783
202,1,1567.3333333333335,1305.0,249,True,-1.2756502517619164,-1.2756502517619164,-2.5513005035238328
202,2,1478.3333333333333,1415.0,251,True,-1.3403651894614372,-1.3403651894614372,-2.6807303789228745
202,3,1801.1666666666665,1189.0,247,True,-1.2345076939314314,-1.2345076939314314,-2.469015387862863
203,0,1508.3333333333335,719.0,237,True,-0.8276735779975853,-0.8276735779975853,-1.6553471559951707
203,1,1560.3333333333335,1124.0,244,True,-1.139455100992564,-1.139455100992564,-2.278910201985128
203,2,1444.3333333333335,1371.0,250,True,-1.3010034649221434,-1.3010034649221434,-2.6020069298442867
203,3,1713.0,926.0,243,True,-1.021509631055912,-1.021509631055912,-2.043019262111824
204,0,1649.3333333333335,1332.0,248,True,-1.3116410820911537,-1.3116410820911537,-2.6232821641823074
204,1,1798.6666666666667,1126.0,246,True,-1.1870904503126285,-1.1870904503126285,-2.374180900625257
204,2,1501.3333333333335,1182.0,245,True,-1.1712400363665498,-1.1712400363665498,-2.3424800727330997
204,3,1689.6666666666667,1259.0,248,True,-1.2650673893969586,-1.2650673893969586,-2.5301347787939172
205,0,1786.6666666666667,1539.0,252,True,-1.492440251093848,-1.492440251093848,-2.984880502187696
205,1,1688.1666666666665,1259.0,247,True,-1.2647769637620565,-1.2647769637620565,-2.529553927524113
205,2,1744.8333333333335,1140.0,247,True,-1.1870969971697793,-1.1870969971697793,-2.3741939943395587
205,3,1775.1666666666665,1046.0,244,True,-1.122942733278243,-1.122942733278243,-2.245885466556486
206,0,1739.0,1261.0,248,True,-1.2761091087192822,-1.2761091087192822,-2.5522182174385644
206,1,1818.8333333333335,1474.0,253,True,-1.4502451237072718,-1.4502451237072718,-2.9004902474145435
206,2,1838.6666666666667,1453.0,254,True,-1.4384407956929983,-1.4384407956929983,-2.8768815913859966
206,3,1704.8333333333335,1111.0,245,True,-1.1577481417322946,-1.1577481417322946,-2.315496283464589
207,0,1613.6666666666665,1541.0,252,True,-1.4604344374205913,-1.4604344374205913,-2.9208688748411826
207,1,1721.0,1278.0,249,True,-1.2852885156273917,-1.2852885156273917,-2.5705770312547833
207,2,1682.8333333333335,1297.0,249,True,-1.292053254107334,-1.292053254107334,-2.584106508214668
207,3,1648.0,1057.0,244,True,-1.106515779211865,-1.106515779211865,-2.21303155842373
208,0,1644.8333333333333,1113.0,246,True,-1.1476210592217089,-1.1476210592217089,-2.2952421184434177
208,1,1545.6666666666665,1522.0,255,True,-1.433114017892536,-1.433114017892536,-2.866228035785072
208,2,1694.8333333333335,1050.0,245,True,-1.1103687128244988,-1.1103687128244988,-2.2207374256489976
208,3,1622.3333333333335,1134.0,247,True,-1.158909074996156,-1.158909074996156,-2.317818149992312
209,0,1735.0,1221.0,246,True,-1.2455357826490865,-1.2455357826490865,-2.491071565298173
209,1,1577.8333333333335,927.0,242,True,-0.996084025842441,-0.996084025842441,-1.992168051684882
209,2,1832.6666666666665,1527.0,254,True,-1.4924069799177284,-1.4924069799177284,-2.984813959835457
209,3,1653.8333333333335,1215.0,246,True,-1.2253507001927826,-1.2253507001927826,-2.450701400385565
210,0,1671.8333333333335,1248.0,249,True,-1.2534198654227402,-1.2534198654227402,-2.5068397308454804
210,1,1783.0,1354.0,250,True,-1.3539106048532343,-1.3539106048532343,-2.7078212097064687
210,2,1852.3333333333335,1615.0,255,True,-1.5617722696494527,-1.5617722696494527,-3.1235445392989054
210,3,1577.3333333333335,1008.0,243,True,-1.056329904161143,-1.056329904161143,-2.112659808322286
211,0,1665.8333333333335,1403.0,252,True,-1.36772873651114,-1.36772873651114,-2.73545747302228
211,1,1664.5,1149.0,246,True,-1.1782478339298414,-1.1782478339298414,-2.356495667859683
211,2,1764.0,1159.0,247,True,-1.2049624488060005,-1.2049624488060005,-2.409924897612001
211,3,1621.0,1173.0,247,True,-1.1877048051439347,-1.1877048051439347,-2.3754096102878695
212,0,1656.0000000000002,1327.0,249,True,-1.3092070054769163,-1.3092070054769163,-2.6184140109538325
212,1,1597.3333333333335,1361.0,250,True,-1.3231771652546067,-1.3231771652546067,-2.6463543305092134
212,2,1647.8333333333335,1355.0,250,True,-1.328484999639763,-1.328484999639763,-2.656969999279526
212,3,1752.6666666666667,1173.0,247,True,-1.2131977219853955,-1.2131977219853955,-2.426395443970791
213,0,1685.8333333333335,1173.0,247,True,-1.20025764647473,-1.20025764647473,-2.40051529294946
213,1,1655.8333333333335,1312.0,249,True,-1.298000164320506,-1.298000164320506,-2.596000328641012
213,2,1736.8333333333335,1099.0,245,True,-1.1550042312970814,-1.1550042312970814,-2.310008462594163
213,3,1769.6666666666667,1366.0,251,True,-1.3602687009672356,-1.3602687009672356,-2.7205374019344712
214,0,1605.8333333333335,1474.0,252,True,-1.4090046835510883,-1.4090046835510883,-2.8180093671021766
214,1,1765.6666666666667,1433.0,252,True,-1.4094073192725063,-1.4094073192725063,-2.8188146385450126
214,2,1502.0000000000002,969.0,242,True,-1.0126901971183369,-1.0126901971183369,-2.0253803942366737
214,3,1601.3333333333333,1842.0,259,True,-1.6822828975825612,-1.6822828975825612,-3.3645657951651224
215,0,1661.1666666666665,1108.0,246,True,-1.1470586144768415,-1.1470586144768415,-2.294117228953683
215,1,1754.8333333333335,1648.0,257,True,-1.567478660991902,-1.567478660991902,-3.134957321983804
215,2,1707.8333333333333,1384.0,252,True,-1.3617061968759505,-1.3617061968759505,-2.723412393751901
215,3,1728.0,1279.0,249,True,-1.2873888066996988,-1.2873888066996988,-2.5747776133993976
216,0,1834.1666666666665,1276.0,250,True,-1.3057095734195296,-1.3057095734195296,-2.6114191468390593
216,1,1692.3333333333333,1490.0,252,True,-1.4376721049146601,-1.4376721049146601,-2.8753442098293203
216,2,1783.8333333333335,1360.0,251,True,-1.3585417810847489,-1.3585417810847489,-2.7170835621694978
216,3,1659.3333333333335,1256.0,250,True,-1.2569594233406418,-1.2569594233406418,-2.5139188466812836
217,0,1618.3333333333333,1147.0,246,True,-1.1678192353923136,-1.1678192353923136,-2.335638470784627
217,1,1715.8333333333333,1831.0,259,True,-1.6962573685097586,-1.6962573685097586,-3.3925147370195172
217,2,1542.3333333333333,1237.0,249,True,-1.2201517664057642,-1.2201517664057642,-2.4403035328115283
217,3,1668.8333333333335,1330.0,250,True,-1.313926672459367,-1.313926672459367,-2.627853344918734
218,0,1612.8333333333333,919.0,243,True,-0.99690085244808,-0.99690085244808,-1.99380170489616
218,1,1758.8333333333335,1524.0,253,True,-1.475876670449233,-1.475876670449233,-2.951753340898466
218,2,1716.3333333333333,1522.0,254,True,-1.4661580012414663,-1.4661580012414663,-2.9323160024829327
218,3,1717.0,1282.0,248,True,-1.287493933038697,-1.287493933038697,-2.574987866077394
219,0,1783.8333333333335,1141.0,246,True,-1.195393035120009,-1.195393035120009,-2.390786070240018
219,1,1608.3333333333333,1221.0,247,True,-1.221010951257303,-1.221010951257303,-2.442021902514606
219,2,1636.8333333333335,1621.0,255,True,-1.524517615424998,-1.524517615424998,-3.049035230849996
219,3,1580.0000000000002,1178.0,247,True,-1.183491361670402,-1.183491361670402,-2.366982723340804
220,0,1705.8333333333335,1343.0,251,True,-1.3307751335428644,-1.3307751335428644,-2.6615502670857287
220,1,1660.8333333333333,1044.0,245,True,-1.099315903110136,-1.099315903110136,-2.198631806220272
220,2,1610.3333333333335,1122.0,246,True,-1.147646012603799,-1.147646012603799,-2.295292025207598
220,3,1565.3333333333333,1301.0,249,True,-1.2722831318110006,-1.2722831318110006,-2.5445662636220012
221,0,1617.8333333333335,1299.0,249,True,-1.2809580861470724,-1.2809580861470724,-2.561916172294145
221,1,1607.8333333333335,1269.0,248,True,-1.2566727719648805,-1.2566727719648805,-2.513345543929761
221,2,1684.0,1297.0,250,True,-1.2922791407122576,-1.2922791407122576,-2.584558281424515
221,3,1641.8333333333335,1059.0,244,True,-1.1068117500427896,-1.1068117500427896,-2.2136235000855793
222,0,1533.8333333333335,1377.0,251,True,-1.3228020231279067,-1.3228020231279067,-2.6456040462558135
222,1,1650.4999999999998,1494.0,253,True,-1.4325523424234199,-1.4325523424234199,-2.8651046848468398
222,2,1729.0,1535.0,254,True,-1.478295113136542,-1.478295113136542,-2.956590226273084
222,3,1603.8333333333335,1071.0,246,True,-1.10839395793839,-1.10839395793839,-2.21678791587678
223,0,1626.8333333333335,1109.0,246,True,-1.14115606583183,-1.14115606583183,-2.28231213166366
223,1,1732.8333333333335,1495.0,255,True,-1.4492384542708385,-1.4492384542708385,-2.898476908541677
223,2,1808.8333333333335,1284.0,248,True,-1.3067643786832632,-1.3067643786832632,-2.6135287573665265
223,3,1784.3333333333335,1374.0,252,True,-1.369068189828375,-1.369068189828375,-2.73813637965675
224,0,1751.8333333333335,1239.0,248,True,-1.2622044896327007,-1.2622044896327007,-2.5244089792654014
224,1,1769.8333333333335,1285.0,249,True,-1.2999582836185535,-1.2999582836185535,-2.599916567237107
224,2,1768.8333333333335,1101.0,244,True,-1.1626899210605288,-1.1626899210605288,-2.3253798421210576
224,3,1742.0,1230.0,249,True,-1.2535958452634843,-1.2535958452634843,-2.5071916905269687
225,0,1546.3333333333335,1474.0,252,True,-1.3974844666999482,-1.3974844666999482,-2.7949689333998964
225,1,1587.3333333333335,1452.0,250,True,-1.3890333956465393,-1.3890333956465393,-2.7780667912930785
225,2,1510.8333333333335,1601.0,254,True,-1.4852224332379438,-1.4852224332379438,-2.9704448664758876
225,3,1740.8333333333335,1261.0,247,True,-1.2764640733841628,-1.2764640733841628,-2.5529281467683256
226,0,1604.3333333333333,1075.0,245,True,-1.111470652254404,-1.111470652254404,-2.222941304508808
226,1,1623.0,1156.0,246,True,-1.1754275247968626,-1.1754275247968626,-2.3508550495937253
226,2,1755.8333333333335,1200.0,247,True,-1.2339250717247474,-1.2339250717247474,-2.467850143449495
226,3,1658.8333333333335,1164.0,247,True,-1.1883252420616295,-1.1883252420616295,-2.376650484123259
227,0,1778.8333333333335,1472.0,252,True,-1.4410104972243456,-1.4410104972243456,-2.882020994448691
227,1,1737.0,1176.0,247,True,-1.2123993019046961,-1.2123993019046961,-2.4247986038093923
227,2,1735.0,1492.0,253,True,-1.4474230436374163,-1.4474230436374163,-2.8948460872748325
227,3,1664.6666666666665,928.0,242,True,-1.0136414145945698,-1.0136414145945698,-2.0272828291891396
228,0,1692.8333333333335,1012.0,243,True,-1.081672563819697,-1.081672563819697,-2.163345127639394
228,1,1771.0,1245.0,248,True,-1.2703853125130247,-1.2703853125130247,-2.5407706250260493
228,2,1564.3333333333335,1396.0,252,True,-1.3428618017833944,-1.3428618017833944,-2.685723603566789
228,3,1688.3333333333335,804.0,240,True,-0.9258472268206263,-0.9258472268206263,-1.8516944536412525
229,0,1516.8333333333335,1348.0,251,True,-1.2979063607589305,-1.2979063607589305,-2.595812721517861
229,1,1571.8333333333335,1045.0,244,True,-1.0828289535486701,-1.0828289535486701,-2.1656579070973403
229,2,1751.0,1423.0,252,True,-1.399117887525844,-1.399117887525844,-2.798235775051688
229,3,1681.0,1033.0,244,True,-1.0950258285534527,-1.0950258285534527,-2.1900516571069053
230,0,1603.8333333333333,1014.0,243,True,-1.0659305857009933,-1.0659305857009933,-2.1318611714019866
230,1,1890.8333333333335,1254.0,248,True,-1.300291836775105,-1.300291836775105,-2.60058367355021
230,2,1643.3333333333333,1183.0,247,True,-1.1994786345801003,-1.1994786345801003,-2.3989572691602006
230,3,1633.0,1144.0,246,True,-1.1684240383830775,-1.1684240383830775,-2.336848076766155
231,0,1616.0,1314.0,251,True,-1.2917776931236122,-1.2917776931236122,-2.5835553862472245
231,1,1668.8333333333335,985.0,244,True,-1.056911524706697,-1.056911524706697,-2.113823049413394
231,2,1603.3333333333333,1154.0,247,True,-1.170129779142615,-1.170129779142615,-2.34025955828523
231,3,1689.1666666666665,1616.0,255,True,-1.530925385917797,-1.530925385917797,-3.061850771835594
232,0,1730.0,958.0,243,True,-1.0486402077531727,-1.0486402077531727,-2.0972804155063454
232,1,1666.1666666666665,1219.0,247,True,-1.2307185300730292,-1.2307185300730292,-2.4614370601460585
232,2,1792.8333333333335,1179.0,247,True,-1.2254445037543584,-1.2254445037543584,-2.450889007508717
232,3,1654.8333333333333,955.0,243,True,-1.0318517421647644,-1.0318517421647644,-2.0637034843295288
233,0,1689.1666666666665,1487.0,254,True,-1.434824069801582,-1.434824069801582,-2.869648139603164
233,1,1775.1666666666665,1089.0,245,True,-1.154976505316982,-1.154976505316982,-2.309953010633964
233,2,1646.3333333333333,1049.0,245,True,-1.1002333125198844,-1.1002333125198844,-2.200466625039769
233,3,1570.0,1059.0,245,True,-1.0929035890824483,-1.0929035890824483,-2.1858071781648967
234,0,1905.6666666666667,1669.0,257,True,-1.6123269723551061,-1.6123269723551061,-3.2246539447102123
234,1,1821.3333333333335,1665.0,257,True,-1.5930187119995312,-1.5930187119995312,-3.1860374239990623
234,2,1740.6666666666667,1274.0,248,True,-1.2861164326250702,-1.2861164326250702,-2.5722328652501405
234,3,1642.0,964.0,243,True,-1.0360717324954494,-1.0360717324954494,-2.0721434649908987
235,0,1598.8333333333335,1191.0,248,True,-1.1968224456200771,-1.1968224456200771,-2.3936448912401542
235,1,1575.8333333333333,948.0,243,True,-1.0113411919605586,-1.0113411919605586,-2.022682383921117
235,2,1835.0,1483.0,255,True,-1.4600800096460762,-1.4600800096460762,-2.9201600192921524
235,3,1733.1666666666667,991.0,244,True,-1.0738373861490929,-1.0738373861490929,-2.1476747722981857
236,0,1860.0,1008.0,244,True,-1.111059001582809,-1.111059001582809,-2.222118003165618
236,1,1853.3333333333335,1341.0,250,True,-1.357843711422775,-1.357843711422775,-2.71568742284555
236,2,1806.0,1136.0,246,True,-1.1959600233997667,-1.1959600233997667,-2.3919200467995334
236,3,1800.0,1067.0,245,True,-1.143395291309621,-1.143395291309621,-2.286790582619242
237,0,1790.0,1165.0,248,True,-1.2144663218008829,-1.2144663218008829,-2.4289326436017658
237,1,1747.0,1143.0,246,True,-1.1897514151929223,-1.1897514151929223,-2.3795028303858445
237,2,1756.1666666666665,1211.0,247,True,-1.2421842966251002,-1.2421842966251002,-2.4843685932502004
237,3,1717.0,1191.0,248,True,-1.2197015317474136,-1.2197015317474136,-2.439403063494827
238,0,1676.8333333333335,1075.0,245,True,-1.1255078912747005,-1.1255078912747005,-2.251015782549401
238,1,1769.3333333333335,1310.0,250,True,-1.3184857611426208,-1.3184857611426208,-2.6369715222852417
238,2,1664.3333333333335,1102.0,246,True,-1.1432019066050674,-1.1432019066050674,-2.2864038132101348
238,3,1821.8333333333335,1270.0,251,True,-1.2988518006537622,-1.2988518006537622,-2.5977036013075243
239,0,1861.1666666666665,1294.0,250,True,-1.324346720817482,-1.324346720817482,-2.648693441634964
239,1,1562.0000000000002,1320.0,250,True,-1.2857921989236822,-1.2857921989236822,-2.5715843978473645
239,2,1590.8333333333335,1277.0,249,True,-1.2593410529780735,-1.2593410529780735,-2.518682105956147
239,3,1796.0,1056.0,247,True,-1.1344261370795052,-1.1344261370795052,-2.2688522741590105
240,0,1648.0,1687.0,257,True,-1.5758477881515234,-1.5758477881515234,-3.1516955763030468
240,1,1573.8333333333333,1586.0,256,True,-1.4862457382624374,-1.4862457382624374,-2.972491476524875
240,2,1716.8333333333335,1242.0,247,True,-1.257662805813253,-1.257662805813253,-2.515325611626506
240,3,1726.1666666666665,1253.0,248,True,-1.2676645845230232,-1.2676645845230232,-2.5353291690460464
241,0,1688.8333333333335,961.0,243,True,-1.042904551879127,-1.042904551879127,-2.085809103758254
241,1,1629.8333333333335,1020.0,245,True,-1.0754344586958742,-1.0754344586958742,-2.1508689173917483
241,2,1789.0,1474.0,255,True,-1.4444688805242079,-1.4444688805242079,-2.8889377610484157
241,3,1784.0,1096.0,247,True,-1.1619015897107385,-1.1619015897107385,-2.323803179421477
242,0,1575.0000000000002,771.0,239,True,-0.8793198990168523,-0.8793198990168523,-1.7586397980337045
242,1,1609.0000000000002,1077.0,245,True,-1.1138641415596235,-1.1138641415596235,-2.227728283119247
242,2,1722.8333333333335,1049.0,245,True,-1.1150450198999216,-1.1150450198999216,-2.230090039799843
242,3,1667.0,1161.0,248,True,-1.1876715339678152,-1.1876715339678152,-2.3753430679356304
243,0,1689.0,1267.0,249,True,-1.270898082879093,-1.270898082879093,-2.541796165758186
243,1,1665.6666666666665,1294.0,249,True,-1.2864945797351637,-1.2864945797351637,-2.5729891594703274
243,2,1575.0000000000002,1037.0,245,True,-1.077482302791374,-1.077482302791374,-2.154964605582748
243,3,1658.3333333333333,1296.0,249,True,-1.2865646639611619,-1.2865646639611619,-2.5731293279223237
244,0,1783.3333333333333,1480.0,253,True,-1.4478415456711444,-1.4478415456711444,-2.895683091342289
244,1,1623.8333333333333,1162.0,247,True,-1.1800587010283765,-1.1800587010283765,-2.360117402056753
244,2,1783.4999999999998,1304.0,251,True,-1.3167588412601345,-1.3167588412601345,-2.633517682520269
244,3,1769.0,1406.0,252,True,-1.3899384806177335,-1.3899384806177335,-2.779876961235467
245,0,1643.6666666666667,1441.0,252,True,-1.3917458058425092,-1.3917458058425092,-2.7834916116850184
245,1,1539.3333333333335,1310.0,249,True,-1.2739538304575384,-1.2739538304575384,-2.547907660915077
245,2,1821.0,1258.0,250,True,-1.2897507957656784,-1.2897507957656784,-2.579501591531357
245,3,1667.8333333333335,1472.0,250,True,-1.4195190002415439,-1.4195190002415439,-2.8390380004830877
246,0,1663.6666666666667,1522.0,254,True,-1.4559608345048827,-1.4559608345048827,-2.9119216690097653
246,1,1744.6666666666667,1451.0,252,True,-1.418750846353573,-1.418750846353573,-2.837501692707146
246,2,1660.0,1164.0,247,True,-1.1885511286665538,-1.1885511286665538,-2.3771022573331075
246,3,1617.0,1174.0,246,True,-1.1876753082269562,-1.1876753082269562,-2.3753506164539124
247,0,1661.8333333333335,1045.0,244,True,-1.1002544916428334,-1.1002544916428334,-2.200508983285667
247,1,1750.8333333333335,1473.0,252,True,-1.4363341901489222,-1.4363341901489222,-2.8726683802978443
247,2,1597.8333333333335,1500.0,252,True,-1.4268250043434025,-1.4268250043434025,-2.853650008686805
247,3,1762.4999999999998,1671.0,256,True,-1.5860974018649154,-1.5860974018649154,-3.172194803729831
248,0,1680.8333333333335,1196.0,247,True,-1.216423904208566,-1.216423904208566,-2.432847808417132
248,1,1795.8333333333335,1340.0,250,True,-1.3459657573087425,-1.3459657573087425,-2.691931514617485
248,2,1698.8333333333335,1233.0,248,True,-1.2474729552095678,-1.2474729552095678,-2.4949459104191356
248,3,1639.8333333333335,1484.0,252,True,-1.423037379036497,-1.423037379036497,-2.846074758072994
249,0,1639.6666666666665,1164.0,248,True,-1.1846142478378723,-1.1846142478378723,-2.3692284956757446
249,1,1738.6666666666667,1263.0,248,True,-1.2775345125748268,-1.2775345125748268,-2.5550690251496535
249,2,1695.3333333333333,1508.0,253,True,-1.45166244215417,-1.45166244215417,-2.90332488430834
249,3,1804.0,1208.0,248,True,-1.2492107330987132,-1.2492107330987132,-2.4984214661974264
250,0,1699.6666666666667,1378.0,251,True,-1.3556551619849118,-1.3556551619849118,-2.7113103239698235
250,1,1605.6666666666665,1346.0,249,True,-1.3136160693626462,-1.3136160693626462,-2.6272321387252924
250,2,1676.6666666666667,1379.0,250,True,-1.3519469403591657,-1.3519469403591657,-2.7038938807183315
250,3,1587.5,1707.0,255,True,-1.5790333830656755,-1.5790333830656755,-3.158066766131351
251,0,1719.4999999999998,1755.0,257,True,-1.6403494681896584,-1.6403494681896584,-3.280698936379317
251,1,1404.3333333333333,1062.0,245,True,-1.0630626055114785,-1.0630626055114785,-2.126125211022957
251,2,1466.0,1398.0,251,True,-1.3253127308252948,-1.3253127308252948,-2.6506254616505895
251,3,1686.3333333333333,1662.0,256,True,-1.564645490530004,-1.564645490530004,-3.129290981060008
252,0,1682.1666666666667,1413.0,251,True,-1.3783408634076955,-1.3783408634076955,-2.756681726815391
252,1,1750.4999999999998,1439.0,253,True,-1.410940622065057,-1.410940622065057,-2.821881244130114
252,2,1651.0,1504.0,255,True,-1.4400988653959994,-1.4400988653959994,-2.880197730791999
252,3,1619.8333333333333,1287.0,249,True,-1.272405663013806,-1.272405663013806,-2.544811326027612
253,0,1475.3333333333335,1357.0,250,True,-1.2965759945114737,-1.2965759945114737,-2.5931519890229473
253,1,1795.1666666666665,1406.0,252,True,-1.395004794471035,-1.395004794471035,-2.79000958894207
253,2,1580.8333333333333,1697.0,257,True,-1.5702928880384937,-1.5702928880384937,-3.1405857760769873
253,3,1765.8333333333335,1233.0,248,True,-1.2604453002352232,-1.2604453002352232,-2.5208906004704463
254,0,1617.8333333333333,1567.0,256,True,-1.4806104328071175,-1.4806104328071175,-2.961220865614235
254,1,1815.8333333333335,1390.0,252,True,-1.387086671245513,-1.387086671245513,-2.774173342491026
254,2,1731.8333333333335,1552.0,255,True,-1.4915082094183032,-1.4915082094183032,-2.9830164188366064
254,3,1562.0,1133.0,246,True,-1.1464825391273081,-1.1464825391273081,-2.2929650782546163
255,0,1790.1666666666665,1401.0,253,True,-1.3903118518075532,-1.3903118518075532,-2.7806237036151065
255,1,1649.0,1326.0,249,True,-1.3071067144046082,-1.3071067144046082,-2.6142134288092165
255,2,1577.6666666666667,1391.0,252,True,-1.3417185057687226,-1.3417185057687226,-2.6834370115374453
255,3,1829.8333333333335,1433.0,252,True,-1.4218310825433442,-1.4218310825433442,-2.8436621650866885
256,0,1649.8333333333335,1247.0,248,True,-1.2484153180014061,-1.2484153180014061,-2.4968306360028123
256,1,1670.0,1104.0,247,True,-1.1457890130002233,-1.1457890130002233,-2.2915780260004466
256,2,1710.8333333333333,1323.0,251,True,-1.3168437901373136,-1.3168437901373136,-2.633687580274627
256,3,1649.1666666666665,1636.0,256,True,-1.538080131175618,-1.538080131175618,-3.076160262351236
257,0,1624.0,1167.0,248,True,-1.1838158277571722,-1.1838158277571722,-2.3676316555143444
257,1,1633.3333333333335,1371.0,251,True,-1.3375970949198845,-1.3375970949198845,-2.675194189839769
257,2,1725.6666666666667,1728.0,257,True,-1.6214292112897017,-1.6214292112897017,-3.2428584225794035
257,3,1685.1666666666667,1266.0,250,True,-1.26941091259158,-1.26941091259158,-2.53882182518316
258,0,1755.9999999999998,1197.0,248,True,-1.231722426911452,-1.231722426911452,-2.463444853822904
258,1,1575.1666666666665,1503.0,253,True,-1.4246712646331572,-1.4246712646331572,-2.8493425292663144
258,2,1564.0,1281.0,249,True,-1.2571255468358595,-1.2571255468358595,-2.514251093671719
258,3,1749.8333333333335,1517.0,255,True,-1.4689193165404868,-1.4689193165404868,-2.9378386330809736
259,0,1659.0,1225.0,248,True,-1.233800769585062,-1.233800769585062,-2.467601539170124
259,1,1586.3333333333333,1334.0,250,True,-1.300933148310764,-1.300933148310764,-2.601866296621528
259,2,1771.6666666666667,1503.0,253,True,-1.462717022805412,-1.462717022805412,-2.925434045610824
259,3,1756.8333333333335,1273.0,249,True,-1.2885016041362616,-1.2885016041362616,-2.577003208272523
260,0,1574.0,1122.0,246,True,-1.1406112583361538,-1.1406112583361538,-2.2812225166723077
260,1,1604.0,1323.0,252,True,-1.2961590310292415,-1.2961590310292415,-2.592318062058483
260,2,1591.8333333333335,1283.0,249,True,-1.2640044987245778,-1.2640044987245778,-2.5280089974491555
260,3,1582.8333333333335,1422.0,250,True,-1.3658129754589903,-1.3658129754589903,-2.7316259509179805
261,0,1654.4999999999998,1249.0,247,True,-1.2508088073066264,-1.2508088073066264,-2.5016176146132527
261,1,1607.3333333333333,1373.0,251,True,-1.334052993467094,-1.334052993467094,-2.668105986934188
261,2,1549.0,1255.0,248,True,-1.2348520329750379,-1.2348520329750379,-2.4697040659500757
261,3,1687.8333333333333,1231.0,247,True,-1.24385322433476,-1.24385322433476,-2.48770644866952
262,0,1527.3333333333333,1254.0,247,True,-1.2299120245836808,-1.2299120245836808,-2.4598240491673615
262,1,1678.4999999999998,1258.0,248,True,-1.2621603604499223,-1.2621603604499223,-2.5243207208998446
262,2,1583.8333333333333,1240.0,247,True,-1.2304217899663572,-1.2304217899663572,-2.4608435799327144
262,3,1588.0,1617.0,253,True,-1.5120827617621213,-1.5120827617621213,-3.0241655235242426
263,0,1671.6666666666665,999.0,243,True,-1.0678897066601727,-1.0678897066601727,-2.1357794133203454
263,1,1583.8333333333333,1578.0,254,True,-1.4822221376196973,-1.4822221376196973,-2.9644442752393947
263,2,1648.0,1047.0,244,True,-1.0990660647842527,-1.0990660647842527,-2.1981321295685055
263,3,1389.8333333333335,1141.0,247,True,-1.1191079016855663,-1.1191079016855663,-2.2382158033711326
264,0,1667.1666666666665,1311.0,251,True,-1.2994495198970084,-1.2994495198970084,-2.598899039794017
264,1,1627.8333333333333,1585.0,254,True,-1.4959560896761726,-1.4959560896761726,-2.991912179352345
264,2,1635.3333333333333,1041.0,244,True,-1.0921437529885067,-1.0921437529885067,-2.1842875059770135
264,3,1566.1666666666665,1047.0,245,True,-1.0832217329245601,-1.0832217329245601,-2.1664434658491203
265,0,1725.6666666666665,1414.0,251,True,-1.3875081782626342,-1.3875081782626342,-2.7750163565252683
265,1,1702.8333333333335,1297.0,248,True,-1.2959255959060358,-1.2959255959060358,-2.5918511918120717
265,2,1666.8333333333335,1286.0,248,True,-1.2807606947979964,-1.2807606947979964,-2.5615213895959927
265,3,1822.1666666666665,1519.0,253,True,-1.4844142289313187,-1.4844142289313187,-2.9688284578626374
266,0,1476.0,1384.0,252,True,-1.316819301525987,-1.316819301525987,-2.633638603051974
266,1,1619.6666666666665,1131.0,245,True,-1.156157848428045,-1.156157848428045,-2.31231569685609
266,2,1689.3333333333335,1335.0,250,True,-1.321620680016845,-1.321620680016845,-2.64324136003369
266,3,1513.8333333333335,1304.0,249,True,-1.2645467660076242,-1.2645467660076242,-2.5290935320152483
267,0,1713.8333333333335,1337.0,247,True,-1.3278542416057777,-1.3278542416057777,-2.6557084832115554
267,1,1448.8333333333333,1203.0,248,True,-1.176719539442943,-1.176719539442943,-2.353439078885886
267,2,1592.0,1515.0,253,True,-1.4368701429602029,-1.4368701429602029,-2.8737402859204058
267,3,1692.6666666666665,1290.0,249,True,-1.2887423553923674,-1.2887423553923674,-2.5774847107847347
268,0,1582.0,1197.0,246,True,-1.1980330532627386,-1.1980330532627386,-2.396066106525477
268,1,1680.8333333333333,1206.0,247,True,-1.2238736186361805,-1.2238736186361805,-2.447747237272361
268,2,1547.8333333333335,1046.0,244,True,-1.0789271148329873,-1.0789271148329873,-2.1578542296659746
268,3,1571.1666666666665,1232.0,247,True,-1.222009535285088,-1.222009535285088,-2.444019070570176
269,0,1653.0,1076.0,244,True,-1.1216383220740076,-1.1216383220740076,-2.243276644148015
269,1,1593.8333333333335,1471.0,253,True,-1.4044463641435831,-1.4044463641435831,-2.8088927282871663
269,2,1720.8333333333335,1380.0,250,True,-1.3612433332740623,-1.3612433332740623,-2.7224866665481247
269,3,1593.1666666666665,1378.0,252,True,-1.33503494190682,-1.33503494190682,-2.67006988381364
270,0,1631.3333333333333,1800.0,257,True,-1.6568026096846387,-1.6568026096846387,-3.3136052193692773
270,1,1833.3333333333335,1467.0,251,True,-1.4478377714120032,-1.4478377714120032,-2.8956755428240064
270,2,1591.8333333333335,1546.0,252,True,-1.4599319881708142,-1.4599319881708142,-2.9198639763416283
270,3,1630.8333333333335,1460.0,250,True,-1.4034155106008088,-1.4034155106008088,-2.8068310212016176
271,0,1506.3333333333333,1442.0,251,True,-1.3659006969341787,-1.3659006969341787,-2.7318013938683574
271,1,1599.0,1450.0,252,True,-1.3898023188102602,-1.3898023188102602,-2.7796046376205203
271,2,1502.3333333333335,1093.0,245,True,-1.1051311950507237,-1.1051311950507237,-2.2102623901014473
271,3,1647.8333333333335,1275.0,247,True,-1.2688872842188539,-1.2688872842188539,-2.5377745684377078
272,0,1764.1666666666665,1554.0,252,True,-1.4992584382117276,-1.4992584382117276,-2.998516876423455
272,1,1611.8333333333335,1163.0,245,True,-1.1784802673919164,-1.1784802673919164,-2.3569605347838327
272,2,1661.0,1569.0,254,True,-1.4904581800748398,-1.4904581800748398,-2.9809163601496795
272,3,1603.1666666666665,1427.0,251,True,-1.3734747135014787,-1.3734747135014787,-2.7469494270029573
273,0,1589.0,1316.0,249,True,-1.2880399745808855,-1.2880399745808855,-2.576079949161771
273,1,1678.3333333333333,1499.0,253,True,-1.4416662086404204,-1.4416662086404204,-2.8833324172808408
273,2,1870.3333333333335,1492.0,252,True,-1.4736258898086365,-1.4736258898086365,-2.947251779617273
273,3,1579.8333333333335,1332.0,251,True,-1.2981846943406614,-1.2981846943406614,-2.596369388681323
274,0,1635.1666666666665,1494.0,252,True,-1.4295835470444138,-1.4295835470444138,-2.8591670940888276
274,1,1584.8333333333335,1562.0,255,True,-1.4704962116254507,-1.4704962116254507,-2.9409924232509015
274,2,1764.3333333333335,1397.0,251,True,-1.382330191213184,-1.382330191213184,-2.764660382426368
274,3,1602.5,1338.0,251,True,-1.3070431770357598,-1.3070431770357598,-2.6140863540715196
275,0,1791.0,1374.0,251,True,-1.3703589704279422,-1.3703589704279422,-2.7407179408558844
275,1,1668.4999999999998,1345.0,251,True,-1.3250367050708087,-1.3250367050708087,-2.6500734101416175
275,2,1657.0,1233.0,248,True,-1.2393733069472816,-1.2393733069472816,-2.4787466138945633
275,3,1650.8333333333335,1161.0,246,True,-1.1845413910138638,-1.1845413910138638,-2.3690827820277276
276,0,1710.3333333333335,1422.0,252,True,-1.3904991544257208,-1.3904991544257208,-2.7809983088514416
276,1,1585.8333333333333,1329.0,250,True,-1.2971114825519887,-1.2971114825519887,-2.5942229651039774
276,2,1599.1666666666665,1428.0,250,True,-1.3734452165844993,-1.3734452165844993,-2.7468904331689985
276,3,1536.8333333333335,1492.0,253,True,-1.4090545903152691,-1.4090545903152691,-2.8181091806305383
277,0,1702.8333333333335,1003.0,244,True,-1.0769039917341967,-1.0769039917341967,-2.1538079834683934
277,1,1595.0,1216.0,247,True,-1.21470453284436,-1.21470453284436,-2.42940906568872
277,2,1674.8333333333335,982.0,243,True,-1.0558383129180242,-1.0558383129180242,-2.1116766258360484
277,3,1597.6666666666667,1322.0,250,True,-1.2941878180168926,-1.2941878180168926,-2.5883756360337853
278,0,1703.3333333333333,1501.0,253,True,-1.4479965787743219,-1.4479965787743219,-2.8959931575486437
278,1,1727.8333333333335,781.0,239,True,-0.9163607586895526,-0.9163607586895526,-1.8327215173791052
278,2,1645.0,747.0,239,True,-0.874993780686039,-0.874993780686039,-1.749987561372078
278,3,1736.0,1276.0,249,True,-1.2867028290908962,-1.2867028290908962,-2.5734056581817923
279,0,1836.6666666666665,1788.0,259,True,-1.6876189948381841,-1.6876189948381841,-3.3752379896763682
279,1,1650.0,981.0,242,True,-1.0502851837418736,-1.0502851837418736,-2.1005703674837473
279,2,1838.8333333333335,1369.0,250,True,-1.375895464016033,-1.375895464016033,-2.751790928032066
279,3,1637.0,934.0,241,True,-1.0127545037629326,-1.0127545037629326,-2.0255090075258653
280,0,1677.0,1166.0,246,True,-1.193332562080974,-1.193332562080974,-2.386665124161948
280,1,1743.0,857.0,240,True,-0.9759151142034328,-0.9759151142034328,-1.9518302284068656
280,2,1706.1666666666665,886.0,241,True,-0.990387723230901,-0.990387723230901,-1.980775446461802
280,3,1695.8333333333335,1047.0,244,True,-1.1083274155861502,-1.1083274155861502,-2.2166548311723004
281,0,1783.6666666666667,1013.0,244,True,-1.1000044209315674,-1.1000044209315674,-2.2000088418631347
281,1,1598.6666666666667,1497.0,254,True,-1.4247514375900645,-1.4247514375900645,-2.849502875180129
281,2,1636.1666666666665,1337.0,249,True,-1.3128166476208152,-1.3128166476208152,-2.6256332952416304
281,3,1734.8333333333335,1000.0,243,True,-1.080864824283837,-1.080864824283837,-2.161729648567674
282,0,1736.1666666666665,1124.0,245,True,-1.1734994393061593,-1.1734994393061593,-2.3469988786123186
282,1,1454.8333333333333,940.0,243,True,-0.9819537525363162,-0.9819537525363162,-1.9639075050726325
282,2,1668.0,928.0,242,True,-1.0142868048943532,-1.0142868048943532,-2.0285736097887064
282,3,1505.1666666666665,1313.0,250,True,-1.2695734942130403,-1.2695734942130403,-2.5391469884260807
283,0,1656.6666666666667,1148.0,247,True,-1.1759861952825867,-1.1759861952825867,-2.3519723905651735
283,1,1458.3333333333333,1112.0,247,True,-1.1107665005060423,-1.1107665005060423,-2.2215330010120846
283,2,1681.8333333333335,830.0,240,True,-0.9439579732478434,-0.9439579732478434,-1.8879159464956867
283,3,1793.6666666666667,1234.0,250,True,-1.2665792806811789,-1.2665792806811789,-2.5331585613623577
284,0,1615.0,1046.0,245,True,-1.0919317293736317,-1.0919317293736317,-2.1838634587472634
284,1,1708.6666666666667,974.0,242,True,-1.0564292529187387,-1.0564292529187387,-2.1128585058374774
284,2,1728.0,1387.0,253,True,-1.3678457225179261,-1.3678457225179261,-2.7356914450358523
284,3,1663.0,1042.0,245,True,-1.0982454639194732,-1.0982454639194732,-2.1964909278389464
285,0,1448.3333333333333,1411.0,252,True,-1.3315767909923388,-1.3315767909923388,-2.6631535819846777
285,1,1870.1666666666665,1190.0,249,True,-1.2486122445797179,-1.2486122445797179,-2.4972244891594357
285,2,1702.0,1119.0,245,True,-1.1631593315195692,-1.1631593315195692,-2.3263186630391384
285,3,1759.8333333333335,1070.0,244,True,-1.13785325252551,-1.13785325252551,-2.27570650505102
286,0,1756.1666666666665,1254.0,249,True,-1.274218068663839,-1.274218068663839,-2.548436137327678
286,1,1755.0,1215.0,249,True,-1.2449382957912214,-1.2449382957912214,-2.489876591582443
286,2,1669.0,806.0,241,True,-0.9235939059674033,-0.9235939059674033,-1.8471878119348066
286,3,1657.1666666666665,1011.0,244,True,-1.074021916169249,-1.074021916169249,-2.148043832338498
287,0,1788.0,947.0,243,True,-1.0516753130990362,-1.0516753130990362,-2.1033506261980723
287,1,1784.0,1500.0,256,True,-1.462870052586328,-1.462870052586328,-2.925740105172656
287,2,1594.3333333333333,1007.0,243,True,-1.0588764232472792,-1.0588764232472792,-2.1177528464945583
287,3,1710.0,923.0,242,True,-1.0186938654578226,-1.0186938654578226,-2.037387730915645
288,0,1520.0,1118.0,246,True,-1.127176049708611,-1.127176049708611,-2.254352099417222
288,1,1570.8333333333333,1138.0,247,True,-1.1519176806355411,-1.1519176806355411,-2.3038353612710822
288,2,1654.0,994.0,242,True,-1.060744280857512,-1.060744280857512,-2.121488561715024
288,3,1667.0,1071.0,245,True,-1.1206241041192933,-1.1206241041192933,-2.2412482082385865
289,0,1670.8333333333335,1179.0,248,True,-1.2018232187822717,-1.2018232187822717,-2.4036464375645434
289,1,1507.8333333333333,998.0,244,True,-1.0354238019830377,-1.0354238019830377,-2.0708476039660755
289,2,1571.0,1042.0,245,True,-1.0804326916454399,-1.0804326916454399,-2.1608653832908797
289,3,1502.8333333333333,1410.0,251,True,-1.341383950951043,-1.341383950951043,-2.682767901902086
290,0,1714.0,1226.0,248,True,-1.2451946809742556,-1.2451946809742556,-2.490389361948511
290,1,1696.8333333333335,893.0,241,True,-0.9937954304908353,-0.9937954304908353,-1.9875908609816706
290,2,1647.8333333333335,911.0,242,True,-0.9977176790537182,-0.9977176790537182,-1.9954353581074364
290,3,1543.8333333333335,848.0,240,True,-0.9306483008064984,-0.9306483008064984,-1.8612966016129968
291,0,1662.1666666666665,1538.0,255,True,-1.467589951954161,-1.467589951954161,-2.935179903908322
291,1,1640.8333333333335,1231.0,248,True,-1.2347532211078092,-1.2347532211078092,-2.4695064422156183
291,2,1670.0,1072.0,245,True,-1.12194992683186,-1.12194992683186,-2.24389985366372
291,3,1713.0,958.0,243,True,-1.0453487172242755,-1.0453487172242755,-2.090697434448551
292,0,1637.0,1059.0,245,True,-1.1058759341081017,-1.1058759341081017,-2.2117518682162034
292,1,1781.8333333333335,1124.0,246,True,-1.1823412864131957,-1.1823412864131957,-2.3646825728263914
292,2,1639.0,1602.0,256,True,-1.510782661707393,-1.510782661707393,-3.021565323414786
292,3,1760.8333333333335,1181.0,249,True,-1.2207386997619558,-1.2207386997619558,-2.4414773995239116
293,0,1695.8333333333335,1284.0,250,True,-1.2848856475205928,-1.2848856475205928,-2.5697712950411855
293,1,1732.0,1268.0,250,True,-1.2799685891890644,-1.2799685891890644,-2.559937178378129
293,2,1639.8333333333335,1366.0,252,True,-1.3351307487906559,-1.3351307487906559,-2.6702614975813117
293,3,1568.0,1009.0,244,True,-1.0552677827645105,-1.0552677827645105,-2.110535565529021
294,0,1718.1666666666665,998.0,244,True,-1.076147929899395,-1.076147929899395,-2.15229585979879
294,1,1768.8333333333335,1372.0,250,True,-1.3645771820488575,-1.3645771820488575,-2.729154364097715
294,2,1700.6666666666667,1151.0,246,True,-1.186740261568019,-1.186740261568019,-2.373480523136038
294,3,1780.6666666666667,1352.0,250,True,-1.3519688887578638,-1.3519688887578638,-2.7039377775157276
295,0,1705.0,1431.0,252,True,-1.3961712729309173,-1.3961712729309173,-2.7923425458618345
295,1,1663.0,1183.0,247,True,-1.2032864373488248,-1.2032864373488248,-2.4065728746976496
295,2,1594.6666666666667,1155.0,246,True,-1.1691967358059396,-1.1691967358059396,-2.3383934716118793
295,3,1672.1666666666667,1337.0,251,True,-1.3197868628584801,-1.3197868628584801,-2.6395737257169603
296,0,1696.0,1079.0,244,True,-1.1321987712695032,-1.1321987712695032,-2.2643975425390064
296,1,1682.8333333333335,1340.0,251,True,-1.3240870261460718,-1.3240870261460718,-2.6481740522921435
296,2,1685.0,1077.0,245,True,-1.1285790403946938,-1.1285790403946938,-2.2571580807893876
296,3,1673.8333333333335,868.0,241,True,-0.9707179513532936,-0.9707179513532936,-1.9414359027065873
297,0,1538.6666666666665,1011.0,243,True,-1.0510782910119358,-1.0510782910119358,-2.1021565820238717
297,1,1611.8333333333335,1146.0,245,True,-1.1658157528649742,-1.1658157528649742,-2.3316315057299484
297,2,1648.0,1020.0,244,True,-1.0789518358296961,-1.0789518358296961,-2.1579036716593922
297,3,1797.1666666666665,1080.0,246,True,-1.152531338310701,-1.152531338310701,-2.305062676621402
298,0,1713.0,794.0,239,True,-0.9231734006114134,-0.9231734006114134,-1.8463468012228268
298,1,1668.8333333333335,1216.0,247,True,-1.228999927984572,-1.228999927984572,-2.457999855969144
298,2,1606.1666666666665,1635.0,255,True,-1.5290096248656468,-1.5290096248656468,-3.0580192497312937
298,3,1728.1666666666665,1085.0,246,True,-1.1428966163189855,-1.1428966163189855,-2.285793232637971
299,0,1690.8333333333335,1360.0,251,True,-1.3405353917207814,-1.3405353917207814,-2.681070783441563
299,1,1676.0,1140.0,247,True,-1.1737696874792432,-1.1737696874792432,-2.3475393749584863
299,2,1727.0,1584.0,255,True,-1.5144114796519805,-1.5144114796519805,-3.028822959303961
299,3,1714.8333333333335,1332.0,251,True,-1.3243230014819056,-1.3243230014819056,-2.6486460029638113
300,0,1622.0,1446.0,253,True,-1.3912756261077215,-1.3912756261077215,-2.782551252215443
300,1,1705.8333333333335,766.0,238,True,-0.900926611069559,-0.900926611069559,-1.801853222139118
300,2,1700.8333333333333,1342.0,250,True,-1.3290620766504273,-1.3290620766504273,-2.6581241533008546
300,3,1666.8333333333335,1172.0,246,True,-1.1958339503232007,-1.1958339503232007,-2.3916679006464014
301,0,1749.0,1111.0,245,True,-1.1662995632044284,-1.1662995632044284,-2.332599126408857
301,1,1553.3333333333333,1172.0,247,True,-1.1738584106155632,-1.1738584106155632,-2.3477168212311263
301,2,1707.0,1003.0,242,True,-1.0777107296089252,-1.0777107296089252,-2.1554214592178504
301,3,1690.8333333333335,1049.0,243,True,-1.108849273021997,-1.108849273021997,-2.217698546043994
302,0,1674.8333333333335,1120.0,247,True,-1.158644372019092,-1.158644372019092,-2.317288744038184
302,1,1721.0,1207.0,248,True,-1.2323955431913367,-1.2323955431913367,-2.4647910863826734
302,2,1804.6666666666667,1389.0,249,True,-1.384179642298477,-1.384179642298477,-2.768359284596954
302,3,1685.0,1095.0,246,True,-1.1419885263643978,-1.1419885263643978,-2.2839770527287957
303,0,1616.8333333333333,1341.0,250,True,-1.3120532696531135,-1.3120532696531135,-2.624106539306227
303,1,1690.0,1105.0,245,True,-1.1504063262416864,-1.1504063262416864,-2.3008126524833727
303,2,1625.6666666666667,822.0,239,True,-0.9271233751543954,-0.9271233751543954,-1.8542467503087907
303,3,1533.0,787.0,239,True,-0.8831075243237579,-0.8831075243237579,-1.7662150486475159
304,0,1593.8333333333335,720.0,238,True,-0.844972810629801,-0.844972810629801,-1.689945621259602
304,1,1681.8333333333335,1217.0,247,True,-1.2322619215964896,-1.2322619215964896,-2.4645238431929792
304,2,1757.0,1316.0,250,True,-1.3205676456899893,-1.3205676456899893,-2.6411352913799786
304,3,1623.8333333333335,855.0,240,True,-0.9513524681006394,-0.9513524681006394,-1.902704936201279
305,0,1742.0,871.0,240,True,-0.9861510973121562,-0.9861510973121562,-1.9723021946243124
305,1,1716.0,1245.0,248,True,-1.2597363725665915,-1.2597363725665915,-2.519472745133183
305,2,1629.3333333333333,1243.0,249,True,-1.2414662818866915,-1.2414662818866915,-2.482932563773383
305,3,1584.0,1261.0,248,True,-1.246098459779334,-1.246098459779334,-2.492196919558668
306,0,1652.4999999999998,1254.0,249,True,-1.2541464303405634,-1.2541464303405634,-2.508292860681127
306,1,1645.0,1273.0,250,True,-1.266848759578514,-1.266848759578514,-2.533697519157028
306,2,1744.8333333333335,849.0,240,True,-0.9703103073262218,-0.9703103073262218,-1.9406206146524436
306,3,1525.6666666666665,1308.0,249,True,-1.2698177873429033,-1.2698177873429033,-2.5396355746858066
307,0,1692.3333333333333,1425.0,251,True,-1.389248961135173,-1.389248961135173,-2.778497922270346
307,1,1619.0,1179.0,248,True,-1.1917873996206332,-1.1917873996206332,-2.3835747992412664
307,2,1565.8333333333333,1296.0,248,True,-1.268655083142162,-1.268655083142162,-2.537310166284324
307,3,1709.8333333333335,1200.0,246,True,-1.2250186855877299,-1.2250186855877299,-2.4500373711754597
308,0,1742.8333333333335,1023.0,244,True,-1.099548104186829,-1.099548104186829,-2.199096208373658
308,1,1764.0,1037.0,243,True,-1.1140759327891159,-1.1140759327891159,-2.2281518655782317
308,2,1590.8333333333335,763.0,239,True,-0.8764257313987344,-0.8764257313987344,-1.7528514627974687
308,3,1706.0,1082.0,246,True,-1.1363698564971383,-1.1363698564971383,-2.2727397129942766
309,0,1693.0,1386.0,252,True,-1.3603241529274355,-1.3603241529274355,-2.720648305854871
309,1,1776.0,1221.0,247,True,-1.2534740833364268,-1.2534740833364268,-2.5069481666728537
309,2,1648.0,1227.0,248,True,-1.2331609244812973,-1.2331609244812973,-2.4663218489625947
309,3,1603.8333333333335,1043.0,244,True,-1.0875347575410723,-1.0875347575410723,-2.1750695150821446
310,0,1709.0,976.0,242,True,-1.057983734834239,-1.057983734834239,-2.115967469668478
310,1,1706.8333333333335,1251.0,249,True,-1.2624313778987546,-1.2624313778987546,-2.524862755797509
310,2,1647.3333333333335,1240.0,248,True,-1.2427164751772386,-1.2427164751772386,-2.485432950354477
310,3,1757.1666666666665,1215.0,247,True,-1.2453577994860814,-1.2453577994860814,-2.4907155989721628
311,0,1639.3333333333333,1105.0,245,True,-1.1405963936849746,-1.1405963936849746,-2.281192787369949
311,1,1748.0,1121.0,246,True,-1.1735556605421078,-1.1735556605421078,-2.3471113210842156
311,2,1727.8333333333335,1331.0,249,True,-1.3260950522083017,-1.3260950522083017,-2.6521901044166034
311,3,1728.0,1103.0,245,True,-1.1562738327736999,-1.1562738327736999,-2.3125476655473998
312,0,1742.8333333333335,997.0,243,True,-1.0801788466750337,-1.0801788466750337,-2.1603576933500674
312,1,1808.0,1373.0,250,True,-1.3729054895140784,-1.3729054895140784,-2.745810979028157
312,2,1759.8333333333335,1070.0,244,True,-1.1378532525255103,-1.1378532525255103,-2.2757065050510206
312,3,1647.6666666666667,1194.0,248,True,-1.208512327840194,-1.208512327840194,-2.417024655680388
313,0,1622.8333333333335,1311.0,251,True,-1.2908658289098842,-1.2908658289098842,-2.5817316578197684
313,1,1696.0,858.0,240,True,-0.9675600824192422,-0.9675600824192422,-1.9351201648384844
313,2,1745.8333333333335,1214.0,248,True,-1.2424185010240545,-1.2424185010240545,-2.484837002048109
313,3,1739.8333333333335,1104.0,244,True,-1.159309939780695,-1.159309939780695,-2.31861987956139
314,0,1652.0,1047.0,245,True,-1.099840533143993,-1.099840533143993,-2.199681066287986
314,1,1696.8333333333335,1564.0,256,True,-1.4936712685837088,-1.4936712685837088,-2.9873425371674176
314,2,1772.0,1504.0,254,True,-1.4635265332781513,-1.4635265332781513,-2.9270530665563026
314,3,1730.8333333333335,983.0,242,True,-1.0674258413971525,-1.0674258413971525,-2.134851682794305
315,0,1704.0,1075.0,245,True,-1.1307678222179391,-1.1307678222179391,-2.2615356444358783
315,1,1613.0,1275.0,248,True,-1.2621429555861126,-1.2621429555861126,-2.524285911172225
315,2,1735.0,1194.0,248,True,-1.22542155369453,-1.22542155369453,-2.45084310738906
315,3,1693.8333333333333,1109.0,246,True,-1.154128410857485,-1.154128410857485,-2.30825682171497
316,0,1771.6666666666667,1229.0,249,True,-1.2585948474887998,-1.2585948474887998,-2.5171896949775996
316,1,1641.8333333333335,1087.0,247,True,-1.1276709504401072,-1.1276709504401072,-2.2553419008802145
316,2,1681.8333333333335,1165.0,246,True,-1.1935234065729001,-1.1935234065729001,-2.3870468131458003
316,3,1740.8333333333335,961.0,242,True,-1.0529726405557545,-1.0529726405557545,-2.105945281111509
317,0,1739.0,858.0,240,True,-0.9758856172864533,-0.9758856172864533,-1.9517712345729066
317,1,1774.0,1507.0,255,True,-1.4661486817863072,-1.4661486817863072,-2.9322973635726144
317,2,1755.0,1087.0,247,True,-1.1495819511177667,-1.1495819511177667,-2.2991639022355335
317,3,1672.0,835.0,241,True,-0.9457789290772879,-0.9457789290772879,-1.8915578581545758
318,0,1835.8333333333333,1505.0,254,True,-1.4766307289617728,-1.4766307289617728,-2.9532614579235457
318,1,1755.0,1219.0,248,True,-1.2479181815622673,-1.2479181815622673,-2.4958363631245346
318,2,1764.0,1493.0,253,True,-1.453782910688295,-1.453782910688295,-2.90756582137659
318,3,1683.0,833.0,240,True,-0.9464187741810515,-0.9464187741810515,-1.892837548362103
319,0,1746.0,913.0,241,True,-1.0182143662678738,-1.0182143662678738,-2.0364287325357475
319,1,1775.0,1445.0,254,True,-1.4201540694250365,-1.4201540694250365,-2.840308138850073
319,2,1785.1666666666665,1241.0,248,True,-1.27014833551606,-1.27014833551606,-2.54029667103212
319,3,1720.0,1250.0,250,True,-1.2642356981401388,-1.2642356981401388,-2.5284713962802776
320,0,1648.8333333333335,1168.0,245,True,-1.189368956933322,-1.189368956933322,-2.378737913866644
320,1,1812.8333333333335,1096.0,246,True,-1.167484215803868,-1.167484215803868,-2.334968431607736
320,2,1737.8333333333335,1327.0,250,True,-1.3250513373366068,-1.3250513373366068,-2.6501026746732137
320,3,1719.0,1217.0,247,True,-1.23945802343908,-1.23945802343908,-2.47891604687816
321,0,1703.8333333333335,1290.0,249,True,-1.2909044128966418,-1.2909044128966418,-2.5818088257932836
321,1,1553.0,1168.0,247,True,-1.1708139858145394,-1.1708139858145394,-2.341627971629079
321,2,1620.8333333333333,961.0,242,True,-1.0297385897635372,-1.0297385897635372,-2.0594771795270743
321,3,1650.1666666666665,1112.0,246,True,-1.1479087122586003,-1.1479087122586003,-2.2958174245172005
322,0,1510.8333333333335,1236.0,249,True,-1.213307856630047,-1.213307856630047,-2.426615713260094
322,1,1718.0,1011.0,243,True,-1.0858002891403036,-1.0858002891403036,-2.171600578280607
322,2,1764.8333333333335,1426.0,251,True,-1.4040311715982312,-1.4040311715982312,-2.8080623431964624
322,3,1760.0,1086.0,245,True,-1.1498050651246816,-1.1498050651246816,-2.2996101302493632
323,0,1847.6666666666665,1513.0,254,True,-1.4848816360680963,-1.4848816360680963,-2.9697632721361926
323,1,1616.1666666666665,1218.0,248,True,-1.2202927041335108,-1.2202927041335108,-2.4405854082670215
323,2,1467.0,1179.0,246,True,-1.1623576019504924,-1.1623576019504924,-2.324715203900985
323,3,1653.0,1253.0,249,True,-1.2534982674427684,-1.2534982674427684,-2.5069965348855368
324,0,1709.0,1072.0,244,True,-1.1295009933393305,-1.1295009933393305,-2.259001986678661
324,1,1764.6666666666667,987.0,244,True,-1.0769564387110038,-1.0769564387110038,-2.1539128774220075
324,2,1708.0,976.0,243,True,-1.0577901177443036,-1.0577901177443036,-2.1155802354886073
324,3,1674.8333333333335,1229.0,247,True,-1.2398462592800794,-1.2398462592800794,-2.479692518560159
325,0,1739.0,1205.0,247,True,-1.2343907079246454,-1.2343907079246454,-2.468781415849291
325,1,1749.0,1042.0,244,True,-1.1148965336538947,-1.1148965336538947,-2.2297930673077895
325,2,1845.0,1498.0,252,True,-1.4731907521868486,-1.4731907521868486,-2.946381504373697
325,3,1557.8333333333335,907.0,241,True,-0.9773122551885105,-0.9773122551885105,-1.954624510377021
326,0,1797.6666666666667,1149.0,245,True,-1.204031176406205,-1.204031176406205,-2.40806235281241
326,1,1707.0,1019.0,244,True,-1.0896302726931077,-1.0896302726931077,-2.1792605453862155
326,2,1673.0,961.0,242,True,-1.0398389479551535,-1.0398389479551535,-2.079677895910307
326,3,1671.8333333333335,1180.0,247,True,-1.2027618073149682,-1.2027618073149682,-2.4055236146299364
327,0,1666.0,987.0,243,True,-1.0578528858374043,-1.0578528858374043,-2.1157057716748087
327,1,1723.1666666666665,1015.0,243,True,-1.089780529876014,-1.089780529876014,-2.179561059752028
327,2,1744.0,1050.0,244,True,-1.1198882197463105,-1.1198882197463105,-2.239776439492621
327,3,1642.0,911.0,242,True,-0.9965882460290971,-0.9965882460290971,-1.9931764920581942
328,0,1753.1666666666665,1164.0,247,True,-1.2065897875455112,-1.2065897875455112,-2.4131795750910223
328,1,1768.0,961.0,242,True,-1.0582325714989926,-1.0582325714989926,-2.1164651429979853
328,2,1774.0,1390.0,250,True,-1.378987022983227,-1.378987022983227,-2.757974045966454
328,3,1682.0,1757.0,258,True,-1.6345787702026142,-1.6345787702026142,-3.2691575404052284
329,0,1649.0,960.0,243,True,-1.0344471663539494,-1.0344471663539494,-2.068894332707899
329,1,1688.1666666666665,1063.0,244,True,-1.1187625609808287,-1.1187625609808287,-2.2375251219616574
329,2,1747.0,1021.0,244,True,-1.0988648991760357,-1.0988648991760357,-2.1977297983520714
329,3,1716.8333333333335,1041.0,244,True,-1.10792354581822,-1.10792354581822,-2.21584709163644
330,0,1776.6666666666667,1285.0,250,True,-1.301281333733111,-1.301281333733111,-2.602562667466222
330,1,1679.3333333333333,1177.0,246,True,-1.2019790211611963,-1.2019790211611963,-2.4039580423223925
330,2,1745.0,976.0,243,True,-1.064953950071904,-1.064953950071904,-2.129907900143808
330,3,1692.0,1047.0,244,True,-1.1075852167413984,-1.1075852167413984,-2.215170433482797
331,0,1680.8333333333335,1079.0,246,True,-1.1292622454054866,-1.1292622454054866,-2.258524490810973
331,1,1809.8333333333335,1156.0,247,True,-1.211601651099745,-1.211601651099745,-2.42320330219949
331,2,1776.1666666666665,1173.0,246,True,-1.2177477235988716,-1.2177477235988716,-2.4354954471977432
331,3,1723.8333333333335,959.0,242,True,-1.0481912071413346,-1.0481912071413346,-2.0963824142826692
332,0,1747.0,970.0,242,True,-1.0608713555952065,-1.0608713555952065,-2.121742711190413
332,1,1704.8333333333335,1101.0,245,True,-1.1502984273046797,-1.1502984273046797,-2.3005968546093594
332,2,1735.1666666666665,976.0,243,True,-1.0630500486875425,-1.0630500486875425,-2.126100097375085
332,3,1725.0,1174.0,246,True,-1.2085859539399513,-1.2085859539399513,-2.4171719078799025
333,0,1783.0,1117.0,245,True,-1.177352372918793,-1.177352372918793,-2.354704745837586
333,1,1461.6666666666665,1179.0,247,True,-1.1613249774708383,-1.1613249774708383,-2.3226499549416766
333,2,1525.9999999999998,1474.0,252,True,-1.3935475858712667,-1.3935475858712667,-2.7870951717425334
333,3,1505.0,1340.0,250,True,-1.2896554536526064,-1.2896554536526064,-2.5793109073052127
334,0,1649.6666666666667,1580.0,254,True,-1.4964585389259508,-1.4964585389259508,-2.9929170778519016
334,1,1529.3333333333335,1110.0,247,True,-1.1230233710059154,-1.1230233710059154,-2.246046742011831
334,2,1738.1666666666665,1618.0,253,True,-1.5419025662101415,-1.5419025662101415,-3.083805132420283
334,3,1641.8333333333333,1544.0,251,True,-1.4681228997820488,-1.4681228997820488,-2.9362457995640976
335,0,1711.8333333333335,1020.0,246,True,-1.0913110600705553,-1.0913110600705553,-2.1826221201411107
335,1,1629.0,1407.0,252,True,-1.3635770594695746,-1.3635770594695746,-2.7271541189391493
335,2,1659.0,1119.0,246,True,-1.1548337966523567,-1.1548337966523567,-2.3096675933047135
335,3,1729.1666666666665,1255.0,248,True,-1.2697353786783512,-1.2697353786783512,-2.5394707573567024
336,0,1553.8333333333333,1113.0,246,True,-1.1300019040376101,-1.1300019040376101,-2.2600038080752203
336,1,1750.0,1087.0,246,True,-1.1486138656680915,-1.1486138656680915,-2.297227731336183
336,2,1588.1666666666665,1115.0,246,True,-1.1381393670109055,-1.1381393670109055,-2.276278734021811
336,3,1807.0,1267.0,249,True,-1.2937448994914398,-1.2937448994914398,-2.5874897989828796
337,0,1684.8333333333335,1140.0,247,True,-1.17547997177367,-1.17547997177367,-2.35095994354734
337,1,1803.0,1087.0,247,True,-1.1588755714346544,-1.1588755714346544,-2.3177511428693087
337,2,1523.6666666666665,1154.0,248,True,-1.1547049509777831,-1.1547049509777831,-2.3094099019555663
337,3,1724.0,1164.0,248,True,-1.2009426224224018,-1.2009426224224018,-2.4018852448448036
338,0,1517.8333333333333,1349.0,252,True,-1.2988449492916267,-1.2988449492916267,-2.5976898985832535
338,1,1755.0,1425.0,253,True,-1.4013822987711073,-1.4013822987711073,-2.8027645975422146
338,2,1673.8333333333335,1125.0,246,True,-1.1621756121429636,-1.1621756121429636,-2.324351224285927
338,3,1525.3333333333335,1138.0,247,True,-1.1431081030434924,-1.1431081030434924,-2.286216206086985
339,0,1701.6666666666667,1181.0,246,True,-1.2092830219407946,-1.2092830219407946,-2.4185660438815892
339,1,1639.0,1005.0,245,True,-1.0660347103788599,-1.0660347103788599,-2.1320694207577198
339,2,1587.0,1501.0,253,True,-1.4254724573118664,-1.4254724573118664,-2.850944914623733
339,3,1700.1666666666665,1336.0,250,True,-1.324463169933902,-1.324463169933902,-2.648926339867804
340,0,1449.6666666666665,1240.0,249,True,-1.2044448304000595,-1.2044448304000595,-2.408889660800119
340,1,1610.8333333333333,1146.0,248,True,-1.1656221357750376,-1.1656221357750376,-2.331244271550075
340,2,1671.0,1112.0,246,True,-1.1519424016322495,-1.1519424016322495,-2.303884803264499
340,3,1573.6666666666665,1353.0,251,True,-1.3126351225840505,-1.3126351225840505,-2.625270245168101
341,0,1602.6666666666667,1635.0,255,True,-1.5283319650508742,-1.5283319650508742,-3.0566639301017484
341,1,1535.8333333333335,1332.0,251,True,-1.2896655423835162,-1.2896655423835162,-2.5793310847670323
341,2,1732.1666666666665,1050.0,245,True,-1.1175970841820777,-1.1175970841820777,-2.2351941683641554
341,3,1650.6666666666665,1052.0,244,True,-1.1033072342378867,-1.1033072342378867,-2.2066144684757734
342,0,1561.3333333333333,1371.0,252,True,-1.3236566644445547,-1.3236566644445547,-2.6473133288891093
342,1,1652.8333333333335,1377.0,251,True,-1.3458424568301883,-1.3458424568301883,-2.6916849136603767
342,2,1561.3333333333335,1062.0,246,True,-1.0934604886312942,-1.0934604886312942,-2.1869209772625884
342,3,1558.8333333333333,1355.0,251,True,-1.3112530786355359,-1.3112530786355359,-2.6225061572710717
343,0,1588.8333333333333,991.0,245,True,-1.0458919861684544,-1.0458919861684544,-2.0917839723369087
343,1,1716.8333333333335,1545.0,252,True,-1.4833891529699454,-1.4833891529699454,-2.966778305939891
343,2,1598.8333333333335,1114.0,246,True,-1.1394596445274527,-1.1394596445274527,-2.2789192890549055
343,3,1646.0,958.0,243,True,-1.0323763721986212,-1.0323763721986212,-2.0647527443972424
344,0,1674.0,1025.0,244,True,-1.0877107373818158,-1.0877107373818158,-2.1754214747636316
344,1,1650.6666666666665,1219.0,249,True,-1.2277174651790337,-1.2277174651790337,-2.4554349303580674
344,2,1619.0,1152.0,247,True,-1.1716731706660766,-1.1716731706660766,-2.343346341332153
344,3,1643.0,1074.0,245,True,-1.118212208289134,-1.118212208289134,-2.236424416578268
345,0,1414.8333333333335,1216.0,247,True,-1.1798211871410458,-1.1798211871410458,-2.3596423742820916
345,1,1637.8333333333333,1215.0,247,True,-1.2222528267538209,-1.2222528267538209,-2.4445056535076417
345,2,1819.6666666666665,1210.0,246,True,-1.2537340103932202,-1.2537340103932202,-2.5074680207864404
345,3,1549.3333333333335,1313.0,250,True,-1.2781249156851746,-1.2781249156851746,-2.5562498313703492
346,0,1585.6666666666667,1467.0,251,True,-1.3998852721380672,-1.3998852721380672,-2.7997705442761345
346,1,1506.8333333333335,1043.0,245,True,-1.0687538998173636,-1.0687538998173636,-2.137507799634727
346,2,1509.8333333333335,1213.0,245,True,-1.1959798963566004,-1.1959798963566004,-2.391959792713201
346,3,1813.0,1059.0,244,True,-1.139952541936687,-1.139952541936687,-2.279905083873374
347,0,1711.3333333333335,1360.0,250,True,-1.34450454206445,-1.34450454206445,-2.6890090841289
347,1,1766.1666666666665,1676.0,256,True,-1.5905321884084833,-1.5905321884084833,-3.1810643768169666
347,2,1896.1666666666665,1903.0,259,True,-1.7848109276068798,-1.7848109276068798,-3.5696218552137595
347,3,1507.3333333333335,1025.0,242,True,-1.0554412223926268,-1.0554412223926268,-2.1108824447852537
348,0,1662.8333333333335,1374.0,251,True,-1.3455437134012558,-1.3455437134012558,-2.6910874268025116
348,1,1656.5,1355.0,251,True,-1.3301630144192014,-1.3301630144192014,-2.6603260288384027
348,2,1724.1666666666665,1187.0,248,True,-1.2181092351209029,-1.2181092351209029,-2.4362184702418057
348,3,1763.6666666666667,1422.0,251,True,-1.400825399222261,-1.400825399222261,-2.801650798444522
349,0,1639.8333333333335,1330.0,251,True,-1.3083117768512476,-1.3083117768512476,-2.616623553702495
349,1,1731.0,1015.0,244,True,-1.0912971970805063,-1.0912971970805063,-2.1825943941610126
349,2,1661.0,1718.0,258,True,-1.601458925046284,-1.601458925046284,-3.202917850092568
349,3,1625.1666666666665,1182.0,247,True,-1.1952162860035171,-1.1952162860035171,-2.3904325720070343
350,0,1746.0,1045.0,243,True,-1.116550596712374,-1.116550596712374,-2.233101193424748
350,1,1770.6666666666667,1126.0,245,True,-1.1816691717944432,-1.1816691717944432,-2.3633383435888864
350,2,1584.8333333333333,1269.0,248,True,-1.2522195788963724,-1.2522195788963724,-2.5044391577927447
350,3,1662.666666666667,1218.0,247,True,-1.229295898815494,-1.229295898815494,-2.458591797630988
351,0,1840.0,1539.0,257,True,-1.5027664958903888,-1.5027664958903888,-3.0055329917807776
351,1,1794.3333333333333,1597.0,255,True,-1.5371329924635104,-1.5371329924635104,-3.074265984927021
351,2,1753.0,1188.0,247,True,-1.2244368326567938,-1.2244368326567938,-2.4488736653135876
351,3,1636.3333333333335,988.0,243,True,-1.0528538836120902,-1.0528538836120902,-2.1057077672241804
352,0,1820.0,1288.0,251,True,-1.311906321958584,-1.311906321958584,-2.623812643917168
352,1,1631.8333333333335,1299.0,251,True,-1.2836687254061645,-1.2836687254061645,-2.567337450812329
352,2,1758.6666666666665,1097.0,245,True,-1.1577415948751428,-1.1577415948751428,-2.3154831897502857
352,3,1568.1666666666665,1522.0,253,True,-1.4374704024160772,-1.4374704024160772,-2.8749408048321543
353,0,1826.0,1096.0,248,True,-1.1700335074880144,-1.1700335074880144,-2.3400670149760288
353,1,1720.3333333333335,1160.0,247,True,-1.1972528073215951,-1.1972528073215951,-2.3945056146431902
353,2,1741.0,1451.0,253,True,-1.4180409170238106,-1.4180409170238106,-2.8360818340476213
353,3,1493.8333333333333,1245.0,249,True,-1.2167211090860024,-1.2167211090860024,-2.433442218172005
354,0,1713.5,1520.0,253,True,-1.4641194766011285,-1.4641194766011285,-2.928238953202257
354,1,1605.6666666666665,1067.0,244,True,-1.1057690368322262,-1.1057690368322262,-2.2115380736644523
354,2,1791.6666666666667,1171.0,248,True,-1.2192588456073443,-1.2192588456073443,-2.4385176912146886
354,3,1747.1666666666665,1391.0,250,True,-1.374536602512728,-1.374536602512728,-2.749073205025456
355,0,1783.6666666666667,1445.0,252,True,-1.4218320842044745,-1.4218320842044745,-2.843664168408949
355,1,1622.8333333333335,1469.0,252,True,-1.40857131686618,-1.40857131686618,-2.81714263373236
355,2,1497.8333333333333,1143.0,247,True,-1.141508490284083,-1.141508490284083,-2.283016980568166
355,3,1884.0,1271.0,248,True,-1.3116333011874908,-1.3116333011874908,-2.6232666023749815
356,0,1826.1666666666665,1229.0,248,True,-1.2691469788902634,-1.2691469788902634,-2.538293957780527
356,1,1606.3333333333335,1097.0,245,True,-1.1282472581750236,-1.1282472581750236,-2.256494516350047
356,2,1648.8333333333333,1331.0,249,True,-1.3107993021034257,-1.3107993021034257,-2.6215986042068513
356,3,1625.5000000000002,1319.0,248,True,-1.297341912691802,-1.297341912691802,-2.594683825383604
357,0,1883.1666666666665,1462.0,254,True,-1.4537614991799646,-1.4537614991799646,-2.907522998359929
357,1,1688.0,1139.0,247,True,-1.1753481211157026,-1.1753481211157026,-2.3506962422314053
357,2,1634.0,1350.0,251,True,-1.3220817726818535,-1.3220817726818535,-2.644163545363707
357,3,1663.3333333333335,1417.0,251,True,-1.3776742939849613,-1.3776742939849613,-2.7553485879699227
358,0,1686.0,1269.0,249,True,-1.2718071744948103,-1.2718071744948103,-2.5436143489896206
358,1,1609.6666666666667,1047.0,245,True,-1.0916440763367392,-1.0916440763367392,-2.1832881526734784
358,2,1670.8333333333335,1271.0,248,True,-1.2703605915163163,-1.2703605915163163,-2.5407211830326326
358,3,1887.8333333333335,1074.0,245,True,-1.1656161258082545,-1.1656161258082545,-2.331232251616509
359,0,1764.1666666666665,1471.0,253,True,-1.437425808462534,-1.437425808462534,-2.874851616925068
359,1,1614.0,1171.0,246,True,-1.184859542628868,-1.184859542628868,-2.369719085257736
359,2,1592.0,893.0,241,True,-0.9734979055626348,-0.9734979055626348,-1.9469958111252696
359,3,1867.1666666666665,1695.0,257,True,-1.6242419719043995,-1.6242419719043995,-3.248483943808799
360,0,1899.3333333333335,1554.0,255,True,-1.5254290148679615,-1.5254290148679615,-3.050858029735923
360,1,1729.0,1381.0,252,True,-1.3635695109512938,-1.3635695109512938,-2.7271390219025875
360,2,1576.8333333333335,1305.0,251,True,-1.2774896141162986,-1.2774896141162986,-2.554979228232597
360,3,1547.0,1254.0,249,True,-1.233719827352405,-1.233719827352405,-2.46743965470481
361,0,1610.0,991.0,243,True,-1.0499902145720807,-1.0499902145720807,-2.0999804291441615
361,1,1608.0,875.0,241,True,-0.9631862930318931,-0.9631862930318931,-1.9263725860637861
361,2,1663.6666666666665,1011.0,244,True,-1.075280427253828,-1.075280427253828,-2.150560854507656
361,3,1647.6666666666667,1263.0,250,True,-1.2599153573907294,-1.2599153573907294,-2.5198307147814587
362,0,1790.8333333333335,1152.0,248,True,-1.2049430406199324,-1.2049430406199324,-2.409886081239865
362,1,1623.0,716.0,238,True,-0.8476400899818641,-0.8476400899818641,-1.6952801799637283
362,2,1692.0,1158.0,247,True,-1.1902770468879098,-1.1902770468879098,-2.3805540937758196
362,3,1775.1666666666665,1408.0,250,True,-1.3926223955578554,-1.3926223955578554,-2.7852447911157108
363,0,1729.8333333333335,1254.0,251,True,-1.269119485295547,-1.269119485295547,-2.538238970591094
363,1,1843.1666666666665,1141.0,248,True,-1.206880982456161,-1.206880982456161,-2.413761964912322
363,2,1605.0,1010.0,244,True,-1.0631765865348715,-1.0631765865348715,-2.126353173069743
363,3,1758.1666666666665,1352.0,252,True,-1.3476125042343234,-1.3476125042343234,-2.695225008468647
364,0,1797.0,959.0,243,True,-1.0623575242215888,-1.0623575242215888,-2.1247150484431776
364,1,1566.8333333333333,836.0,240,True,-0.9261618365618695,-0.9261618365618695,-1.852323673123739
364,2,1760.8333333333335,1122.0,246,True,-1.1767853846390361,-1.1767853846390361,-2.3535707692780723
364,3,1805.0,1207.0,249,True,-1.248659378745887,-1.248659378745887,-2.497318757491774
365,0,1647.0,1024.0,245,True,-1.0817381045108063,-1.0817381045108063,-2.1634762090216126
365,1,1728.666666666667,1015.0,245,True,-1.0908454238706573,-1.0908454238706573,-2.1816908477413146
365,2,1827.8333333333335,922.0,242,True,-1.040763441112419,-1.040763441112419,-2.081526882224838
365,3,1796.0,958.0,242,True,-1.0614189356888917,-1.0614189356888917,-2.1228378713777833
366,0,1745.0,1040.0,245,True,-1.1126321224086326,-1.1126321224086326,-2.2252642448172653
366,1,1733.1666666666665,945.0,243,True,-1.0395686997820701,-1.0395686997820701,-2.0791373995641402
366,2,1771.0,1105.0,245,True,-1.166089310526434,-1.166089310526434,-2.332178621052868
366,3,1769.1666666666665,893.0,242,True,-1.0078003999961436,-1.0078003999961436,-2.015600799992287
367,0,1725.0,1070.0,245,True,-1.13110892389277,-1.13110892389277,-2.26221784778554
367,1,1594.0,935.0,243,True,-1.0051739403384832,-1.0051739403384832,-2.0103478806769663
367,2,1646.0,904.0,241,True,-0.9921479142895083,-0.9921479142895083,-1.9842958285790167
367,3,1695.8333333333335,1208.0,247,True,-1.2282678178707291,-1.2282678178707291,-2.4565356357414583
368,0,1835.8333333333335,1153.0,246,True,-1.2144007811097748,-1.2144007811097748,-2.4288015622195496
368,1,1621.0,915.0,242,True,-0.9955021729115047,-0.9955021729115047,-1.9910043458230093
368,2,1694.1666666666665,894.0,242,True,-0.9940240896937705,-0.9940240896937705,-1.988048179387541
368,3,1779.6666666666665,1158.0,246,True,-1.2072508117722243,-1.2072508117722243,-2.4145016235444485
369,0,1590.3333333333335,1015.0,244,True,-1.0640617264296284,-1.0640617264296284,-2.1281234528592567
369,1,1671.0,1180.0,247,True,-1.2026004597400217,-1.2026004597400217,-2.4052009194800434
369,2,1735.3333333333335,925.0,241,True,-1.025088774621702,-1.025088774621702,-2.050177549243404
369,3,1597.0,1137.0,246,True,-1.156239023046083,-1.156239023046083,-2.312478046092166
370,0,1712.1666666666665,1102.0,247,True,-1.152463257406966,-1.152463257406966,-2.304926514813932
370,1,1518.6666666666665,942.0,242,True,-0.9958029196626988,-0.9958029196626988,-1.9916058393253977
370,2,1503.8333333333335,1145.0,247,True,-1.1441601357092177,-1.1441601357092177,-2.2883202714184354
370,3,1805.8333333333335,1345.0,250,True,-1.3516267854219006,-1.3516267854219006,-2.7032535708438012
371,0,1789.0,1262.0,249,True,-1.2865349346588004,-1.2865349346588004,-2.573069869317601
371,1,1519.0,1072.0,245,True,-1.092713746251654,-1.092713746251654,-2.185427492503308
371,2,1560.3333333333335,1051.0,245,True,-1.085072185670985,-1.085072185670985,-2.17014437134197
371,3,1593.0000000000002,1144.0,247,True,-1.1606793547856724,-1.1606793547856724,-2.321358709571345
372,0,1526.3333333333335,835.0,240,True,-0.9175753729767361,-0.9175753729767361,-1.8351507459534722
372,1,1719.8333333333335,866.0,241,True,-0.9781343946047878,-0.9781343946047878,-1.9562687892095756
372,2,1498.1666666666665,901.0,242,True,-0.9612899401658128,-0.9612899401658128,-1.9225798803316256
372,3,1741.8333333333335,1060.0,244,True,-1.1269184304790654,-1.1269184304790654,-2.2538368609581307
373,0,1679.8333333333335,903.0,242,True,-0.9979536543895524,-0.9979536543895524,-1.9959073087791048
373,1,1629.0,1060.0,246,True,-1.105071968831383,-1.105071968831383,-2.210143937662766
373,2,1685.0,1160.0,248,True,-1.1904116701438874,-1.1904116701438874,-2.3808233402877748
373,3,1600.8333333333333,1230.0,248,True,-1.2262635660676409,-1.2262635660676409,-2.4525271321352817
374,0,1321.3333333333335,1006.0,244,True,-1.0052739862522255,-1.0052739862522255,-2.010547972504451
374,1,1391.5000000000002,1131.0,246,True,-1.1119808824078443,-1.1119808824078443,-2.2239617648156886
374,2,1447.3333333333335,1018.0,244,True,-1.0386093968971886,-1.0386093968971886,-2.077218793794377
374,3,1664.0,1032.0,245,True,-1.0909893665817951,-1.0909893665817951,-2.1819787331635903
375,0,1660.8333333333335,1092.0,245,True,-1.135074532362681,-1.135074532362681,-2.270149064725362
375,1,1623.8333333333335,1083.0,246,True,-1.1212059570502293,-1.1212059570502293,-2.2424119141004586
375,2,1777.0,1418.0,252,True,-1.40042707465035,-1.40042707465035,-2.8008541493007
375,3,1730.0,1252.0,248,True,-1.2676618119250136,-1.2676618119250136,-2.535323623850027
376,0,1636.3333333333335,1360.0,249,True,-1.329983260319316,-1.329983260319316,-2.659966520638632
376,1,1467.3333333333335,973.0,243,True,-1.0089580237716302,-1.0089580237716302,-2.0179160475432605
376,2,1660.3333333333333,1110.0,245,True,-1.1483872097874193,-1.1483872097874193,-2.2967744195748385
376,3,1670.0,948.0,242,True,-1.0295734679294513,-1.0295734679294513,-2.0591469358589025
377,0,1532.3333333333335,1139.0,246,True,-1.1452083941158002,-1.1452083941158002,-2.2904167882316004
377,1,1619.1666666666665,1285.0,248,True,-1.2707866420683267,-1.2707866420683267,-2.5415732841366534
377,2,1703.0,1231.0,249,True,-1.2467897501987766,-1.2467897501987766,-2.493579500397553
377,3,1506.0,1205.0,248,True,-1.1892779259697581,-1.1892779259697581,-2.3785558519395162
378,0,1802.1666666666665,1044.0,245,True,-1.1266804518209692,-1.1266804518209692,-2.2533609036419384
378,1,1690.0,1394.0,252,True,-1.365703073199721,-1.365703073199721,-2.731406146399442
378,2,1642.0,1066.0,245,True,-1.1120588196571066,-1.1120588196571066,-2.2241176393142132
378,3,1565.3333333333335,1249.0,246,True,-1.2335446167874098,-1.2335446167874098,-2.4670892335748196
379,0,1665.0,998.0,245,True,-1.0658539546178443,-1.0658539546178443,-2.1317079092356885
379,1,1558.8333333333333,1042.0,245,True,-1.0780770170512304,-1.0780770170512304,-2.1561540341024608
379,2,1870.6666666666667,1200.0,250,True,-1.2561587675522987,-1.2561587675522987,-2.5123175351045974
379,3,1847.0,1181.0,247,True,-1.2374220390113686,-1.2374220390113686,-2.474844078022737
380,0,1873.0,1608.0,255,True,-1.560558889408781,-1.560558889408781,-3.121117778817562
380,1,1667.8333333333335,1389.0,251,True,-1.3576863704923523,-1.3576863704923523,-2.7153727409847046
380,2,1794.0,1359.0,252,True,-1.359765250056327,-1.359765250056327,-2.719530500112654
380,3,1639.0,1359.0,252,True,-1.3297546011163817,-1.3297546011163817,-2.6595092022327633
381,0,1633.3333333333335,1326.0,252,True,-1.3040733799956234,-1.3040733799956234,-2.608146759991247
381,1,1706.0,1095.0,246,True,-1.1460544852530372,-1.1460544852530372,-2.2921089705060744
381,2,1641.8333333333335,1387.0,250,True,-1.3511623832685156,-1.3511623832685156,-2.702324766537031
381,3,1614.5,1152.0,247,True,-1.1708018937613685,-1.1708018937613685,-2.341603787522737
382,0,1722.8333333333335,904.0,242,True,-1.0070241606995243,-1.0070241606995243,-2.0140483213990485
382,1,1535.3333333333335,970.0,243,True,-1.0198890715589355,-1.0198890715589355,-2.039778143117871
382,2,1521.3333333333335,1049.0,245,True,-1.0760311762779917,-1.0760311762779917,-2.1520623525559834
382,3,1608.0,1183.0,247,True,-1.192637497402393,-1.192637497402393,-2.385274994804786
383,0,1675.1666666666665,984.0,244,True,-1.057392794833525,-1.057392794833525,-2.11478558966705
383,1,1566.8333333333333,795.0,240,True,-0.8956180074086545,-0.8956180074086545,-1.791236014817309
383,2,1639.0,1083.0,245,True,-1.1241424829142457,-1.1241424829142457,-2.2482849658284914
383,3,1682.0,865.0,241,True,-0.9700642432594804,-0.9700642432594804,-1.9401284865189607
384,0,1673.6666666666667,1100.0,246,True,-1.14351905655894,-1.14351905655894,-2.28703811311788
384,1,1532.3333333333335,1059.0,245,True,-1.0856106786948916,-1.0856106786948916,-2.171221357389783
384,2,1582.1666666666665,1060.0,244,True,-1.0960042351194206,-1.0960042351194206,-2.192008470238841
384,3,1738.8333333333335,1080.0,245,True,-1.1412370080644862,-1.1412370080644862,-2.2824740161289725
385,0,1730.1666666666665,1448.0,254,True,-1.4137084842212282,-1.4137084842212282,-2.8274169684424564
385,1,1546.0,956.0,245,True,-1.011524720319585,-1.011524720319585,-2.02304944063917
385,2,1568.8333333333335,1069.0,245,True,-1.1001274169051378,-1.1001274169051378,-2.2002548338102756
385,3,1774.0,933.0,242,True,-1.0385350736412855,-1.0385350736412855,-2.077070147282571
386,0,1552.3333333333335,1057.0,245,True,-1.087993077608071,-1.087993077608071,-2.175986155216142
386,1,1813.8333333333335,1222.0,248,True,-1.2615442346817345,-1.2615442346817345,-2.523088469363469
386,2,1565.3333333333335,1075.0,245,True,-1.1039195857469326,-1.1039195857469326,-2.207839171493865
386,3,1824.1666666666665,1001.0,244,True,-1.098906255760804,-1.098906255760804,-2.197812511521608
387,0,1729.1666666666665,1126.0,245,True,-1.173634062562135,-1.173634062562135,-2.34726812512427
387,1,1509.3333333333333,1019.0,243,True,-1.051358627915928,-1.051358627915928,-2.102717255831856
387,2,1745.0,1543.0,255,True,-1.4873527581175954,-1.4873527581175954,-2.9747055162351907
387,3,1693.8333333333335,923.0,242,True,-1.015563722503871,-1.015563722503871,-2.031127445007742
388,0,1811.8333333333335,985.0,243,True,-1.084598768567423,-1.084598768567423,-2.169197537134846
388,1,1848.8333333333335,1182.0,247,True,-1.2385219751190106,-1.2385219751190106,-2.4770439502380213
388,2,1769.1666666666665,912.0,242,True,-1.0219548574086101,-1.0219548574086101,-2.0439097148172203
388,3,1836.0,1015.0,244,True,-1.111626991523695,-1.111626991523695,-2.22325398304739
389,0,1846.8333333333335,1113.0,248,True,-1.186731711388606,-1.186731711388606,-2.373463422777212
389,1,1797.8333333333335,939.0,243,True,-1.0476194429413068,-1.0476194429413068,-2.0952388858826136
389,2,1841.1666666666665,1143.0,248,True,-1.207983691161814,-1.207983691161814,-2.415967382323628
389,3,1625.8333333333335,963.0,243,True,-1.0321966180987363,-1.0321966180987363,-2.0643932361974726
390,0,1839.1666666666665,1277.0,251,True,-1.3074226303119665,-1.3074226303119665,-2.614845260623933
390,1,1594.3333333333335,1076.0,245,True,-1.1102794527978124,-1.1102794527978124,-2.2205589055956247
390,2,1888.1666666666665,1154.0,248,True,-1.2252783802591416,-1.2252783802591416,-2.450556760518283
390,3,1735.0,1115.0,246,True,-1.1665688097163824,-1.1665688097163824,-2.333137619432765
391,0,1819.8333333333335,1076.0,247,True,-1.153940106578187,-1.153940106578187,-2.307880213156374
391,1,1824.0,1229.0,249,True,-1.2687274751954047,-1.2687274751954047,-2.5374549503908095
391,2,1801.0,1270.0,250,True,-1.294818111280113,-1.294818111280113,-2.589636222560226
391,3,1773.0,1260.0,250,True,-1.2819471183343152,-1.2819471183343152,-2.5638942366686304
392,0,1713.0,1112.0,248,True,-1.1600743194095253,-1.1600743194095253,-2.3201486388190506
392,1,1898.1666666666665,1534.0,253,True,-1.51030369940781,-1.51030369940781,-3.02060739881562
392,2,1754.8333333333335,1505.0,254,True,-1.4609477446770267,-1.4609477446770267,-2.9218954893540534
392,3,1851.0,913.0,243,True,-1.038544160711063,-1.038544160711063,-2.077088321422126
393,0,1791.0,1224.0,249,True,-1.258613254013739,-1.258613254013739,-2.517226508027478
393,1,1711.3333333333335,1153.0,248,True,-1.1902954534128487,-1.1902954534128487,-2.3805909068256974
393,2,1720.0,1180.0,247,True,-1.2120876971468433,-1.2120876971468433,-2.4241753942936866
393,3,1811.0,914.0,243,True,-1.0315444485564194,-1.0315444485564194,-2.0630888971128387
394,0,1691.8333333333335,1052.0,245,True,-1.1112778044402163,-1.1112778044402163,-2.2225556088804326
394,1,1510.3333333333333,1149.0,248,True,-1.1483985325648403,-1.1483985325648403,-2.2967970651296805
394,2,1788.8333333333335,1067.0,245,True,-1.1412332338053457,-1.1412332338053457,-2.2824664676106914
394,3,1668.8333333333335,1153.0,246,True,-1.1820667270906047,-1.1820667270906047,-2.3641334541812093
395,0,1720.0,882.0,242,True,-0.9900862072039582,-0.9900862072039582,-1.9801724144079165
395,1,1606.6666666666665,1378.0,252,True,-1.3376487726209452,-1.3376487726209452,-2.6752975452418903
395,2,1768.0,1191.0,248,True,-1.2295760033341048,-1.2295760033341048,-2.4591520066682095
395,3,1681.3333333333333,1194.0,248,True,-1.2150307698680103,-1.2150307698680103,-2.4300615397360206
396,0,1534.3333333333335,923.0,243,True,-0.9846817966592167,-0.9846817966592167,-1.9693635933184335
396,1,1628.0,999.0,244,True,-1.0594350937330046,-1.0594350937330046,-2.118870187466009
396,2,1663.3333333333335,1109.0,247,True,-1.1482230896144623,-1.1482230896144623,-2.2964461792289246
396,3,1542.3333333333333,1224.0,247,True,-1.210467137649867,-1.210467137649867,-2.420934275299734
397,0,1624.6666666666665,1156.0,248,True,-1.1757502199467542,-1.1757502199467542,-2.3515004398935084
397,1,1735.0,1525.0,256,True,-1.4720071012485407,-1.4720071012485407,-2.9440142024970815
397,2,1514.8333333333335,1019.0,245,True,-1.052423521910572,-1.052423521910572,-2.104847043821144
397,3,1571.1666666666665,1094.0,244,True,-1.1192034761840202,-1.1192034761840202,-2.2384069523680403
398,0,1505.6666666666665,1305.0,250,True,-1.2637105312159158,-1.2637105312159158,-2.5274210624318316
398,1,1686.8333333333335,1102.0,246,True,-1.1475582911286084,-1.1475582911286084,-2.295116582257217
398,2,1679.0,1168.0,249,True,-1.1952097391463667,-1.1952097391463667,-2.3904194782927335
398,3,1724.8333333333335,1240.0,249,True,-1.2577217996472128,-1.2577217996472128,-2.5154435992944255
399,0,1601.8333333333335,1033.0,244,True,-1.0796978089335887,-1.0796978089335887,-2.1593956178671774
399,1,1733.0,1372.0,253,True,-1.3576392363261822,-1.3576392363261822,-2.7152784726523644
399,2,1740.6666666666667,955.0,244,True,-1.0484705423841973,-1.0484705423841973,-2.0969410847683947
399,3,1732.8333333333335,1048.0,245,True,-1.1162362193565118,-1.1162362193565118,-2.2324724387130237
400,0,1639.8333333333335,945.0,243,True,-1.021497771388124,-1.021497771388124,-2.042995542776248
400,1,1564.8333333333335,1602.0,257,True,-1.4964227275372024,-1.4964227275372024,-2.992845455074405
400,2,1717.0,881.0,242,True,-0.9887603844913921,-0.9887603844913921,-1.9775207689827843
400,3,1637.0,919.0,242,True,-1.0015799321215126,-1.0015799321215126,-2.0031598642430253
401,0,1877.0,1255.0,250,True,-1.2983584384737628,-1.2983584384737628,-2.5967168769475255
401,1,1866.0,1454.0,256,True,-1.4444779675939872,-1.4444779675939872,-2.8889559351879743
401,2,1667.0,848.0,241,True,-0.9544954723835097,-0.9544954723835097,-1.9089909447670195
401,3,1455.8333333333333,966.0,244,True,-1.0015166271380465,-1.0015166271380465,-2.003033254276093
402,0,1562.8333333333335,1612.0,257,True,-1.5034852077849452,-1.5034852077849452,-3.0069704155698904
402,1,1637.8333333333335,1094.0,246,True,-1.1321112821796966,-1.1321112821796966,-2.264222564359393
402,2,1634.0,982.0,243,True,-1.047932281745672,-1.047932281745672,-2.095864563491344
402,3,1494.6666666666665,1010.0,244,True,-1.0418141676120278,-1.0418141676120278,-2.0836283352240557
403,0,1811.3333333333333,1826.0,262,True,-1.711022943384759,-1.711022943384759,-3.422045886769518
403,1,1522.8333333333333,871.0,242,True,-0.9437166851013719,-0.9437166851013719,-1.8874333702027437
403,2,1692.0,929.0,243,True,-1.0196785864955589,-1.0196785864955589,-2.0393571729911177
403,3,1630.8333333333335,1128.0,248,True,-1.1560849916040359,-1.1560849916040359,-2.3121699832080718
404,0,1744.0,1324.0,251,True,-1.3240103950629234,-1.3240103950629234,-2.648020790125847
404,1,1719.0,1126.0,247,True,-1.1716656221477948,-1.1716656221477948,-2.3433312442955896
404,2,1588.3333333333333,1266.0,249,True,-1.2506623243828614,-1.2506623243828614,-2.501324648765723
404,3,1633.0,1374.0,251,True,-1.3397674702181905,-1.3397674702181905,-2.679534940436381
405,0,1728.0,1464.0,251,True,-1.425208523610551,-1.425208523610551,-2.850417047221102
405,1,1732.8333333333335,1590.0,254,True,-1.5200107413331698,-1.5200107413331698,-3.0400214826663396
405,2,1580.8333333333335,1124.0,245,True,-1.1434242513362338,-1.1434242513362338,-2.2868485026724676
405,3,1589.6666666666665,1205.0,250,True,-1.2054772224943322,-1.2054772224943322,-2.4109544449886644
406,0,1724.0,1217.0,248,True,-1.2404261088887547,-1.2404261088887547,-2.4808522177775094
406,1,1364.3333333333333,1464.0,253,True,-1.3547964419041396,-1.3547964419041396,-2.7095928838082792
406,2,1643.3333333333335,927.0,243,True,-1.008765945233192,-1.008765945233192,-2.017531890466384
406,3,1483.3333333333333,1419.0,251,True,-1.3443131606821603,-1.3443131606821603,-2.6886263213643207
407,0,1583.8333333333335,1226.0,250,True,-1.2199921897676982,-1.2199921897676982,-2.4399843795353964
407,1,1567.0,1087.0,246,True,-1.1131819382099601,-1.1131819382099601,-2.2263638764199203
407,2,1574.1666666666665,1433.0,253,True,-1.3723296465499273,-1.3723296465499273,-2.7446592930998546
407,3,1467.3333333333333,1552.0,255,True,-1.4402964891304575,-1.4402964891304575,-2.880592978260915
408,0,1441.8333333333333,1311.0,251,True,-1.2558211356316242,-1.2558211356316242,-2.5116422712632485
408,1,1506.0,1314.0,250,True,-1.2704798132307464,-1.2704798132307464,-2.540959626461493
408,2,1451.8333333333333,1324.0,250,True,-1.267441935286874,-1.267441935286874,-2.534883870573748
408,3,1627.8333333333335,1319.0,249,True,-1.297793685901651,-1.297793685901651,-2.595587371803302
409,0,1558.0,1003.0,244,True,-1.0488617832085902,-1.0488617832085902,-2.0977235664171805
409,1,1580.0,1136.0,246,True,-1.1522025610744235,-1.1522025610744235,-2.304405122148847
409,2,1694.0,1553.0,255,True,-1.4849280009585182,-1.4849280009585182,-2.9698560019170364
409,3,1440.8333333333333,886.0,241,True,-0.9390146553681107,-0.9390146553681107,-1.8780293107362214
410,0,1530.0,1338.0,250,True,-1.2930059380154628,-1.2930059380154628,-2.5860118760309256
410,1,1792.8333333333335,1130.0,246,True,-1.1889409030590523,-1.1889409030590523,-2.3778818061181046
410,2,1530.0,1204.0,248,True,-1.19317976468544,-1.19317976468544,-2.38635952937088
410,3,1676.0,1173.0,248,True,-1.198353745090368,-1.198353745090368,-2.396707490180736
411,0,1465.0,944.0,243,True,-0.9869020787217027,-0.9869020787217027,-1.9738041574434053
411,1,1601.8333333333335,1063.0,246,True,-1.1020469522164291,-1.1020469522164291,-2.2040939044328582
411,2,1709.0,1122.0,247,True,-1.1667495654773978,-1.1667495654773978,-2.3334991309547957
411,3,1714.0,986.0,244,True,-1.0664015347115288,-1.0664015347115288,-2.1328030694230575
412,0,1534.8333333333333,1574.0,255,True,-1.4697550144418299,-1.4697550144418299,-2.9395100288836598
412,1,1660.8333333333335,1330.0,251,True,-1.312377735739886,-1.312377735739886,-2.624755471479772
412,2,1625.8333333333335,1133.0,246,True,-1.1588417633681676,-1.1588417633681676,-2.317683526736335
412,3,1659.8333333333335,1210.0,248,True,-1.2227875455185875,-1.2227875455185875,-2.445575091037175
413,0,1716.8333333333335,1378.0,250,True,-1.3589789220287989,-1.3589789220287989,-2.7179578440575978
413,1,1610.0000000000002,1517.0,254,True,-1.441845193464558,-1.441845193464558,-2.883690386929116
413,2,1492.8333333333335,1368.0,250,True,-1.3081589794557138,-1.3081589794557138,-2.6163179589114276
413,3,1723.0,1107.0,246,True,-1.15828563309507,-1.15828563309507,-2.31657126619014
414,0,1783.3333333333335,1175.0,248,True,-1.22062525562893,-1.22062525562893,-2.44125051125786
414,1,1563.8333333333335,1035.0,246,True,-1.0738303024015752,-1.0738303024015752,-2.1476606048031504
414,2,1452.8333333333335,1304.0,249,True,-1.2527361235215815,-1.2527361235215815,-2.505472247043163
414,3,1612.8333333333335,1101.0,246,True,-1.1324856550306477,-1.1324856550306477,-2.2649713100612954
415,0,1706.8333333333333,1758.0,256,True,-1.640131899378765,-1.640131899378765,-3.28026379875753
415,1,1671.1666666666665,1245.0,249,True,-1.2510558730344998,-1.2510558730344998,-2.5021117460689997
415,2,1752.5,1560.0,254,True,-1.5014694008190526,-1.5014694008190526,-3.002938801638105
415,3,1748.3333333333335,1467.0,253,True,-1.4313803187675174,-1.4313803187675174,-2.8627606375350347
416,0,1641.0,1241.0,250,True,-1.2422352050504117,-1.2422352050504117,-2.4844704101008235
416,1,1743.1666666666665,1240.0,249,True,-1.2612714462960224,-1.2612714462960224,-2.522542892592045
416,2,1667.1666666666665,1654.0,256,True,-1.5549747247641568,-1.5549747247641568,-3.1099494495283135
416,3,1671.0,1447.0,252,True,-1.4015078349573058,-1.4015078349573058,-2.8030156699146116
417,0,1515.3333333333333,1231.0,249,True,-1.2104542763209487,-1.2104542763209487,-2.4209085526418974
417,1,1559.8333333333333,1352.0,251,True,-1.309211781397186,-1.309211781397186,-2.618423562794372
417,2,1640.1666666666665,1092.0,246,True,-1.1310731125040232,-1.1310731125040232,-2.2621462250080464
417,3,1619.8333333333333,1342.0,251,True,-1.3133790923656814,-1.3133790923656814,-2.626758184731363
418,0,1675.8333333333335,1198.0,248,True,-1.2169457616444126,-1.2169457616444126,-2.433891523288825
418,1,1691.0,1224.0,248,True,-1.239251545020224,-1.239251545020224,-2.478503090040448
418,2,1552.8333333333333,1376.0,252,True,-1.3257357763939142,-1.3257357763939142,-2.6514715527878283
418,3,1730.1666666666665,1283.0,249,True,-1.2907881961656047,-1.2907881961656047,-2.5815763923312094
419,0,1722.0,1276.0,249,True,-1.283992189831805,-1.283992189831805,-2.56798437966361
419,1,1595.8333333333335,909.0,242,True,-0.986159647491569,-0.986159647491569,-1.972319294983138
419,2,1693.1666666666665,1005.0,244,True,-1.0765223027503454,-1.0765223027503454,-2.153044605500691
419,3,1604.8333333333335,1302.0,251,True,-1.2806759783061994,-1.2806759783061994,-2.561351956612399
420,0,1667.0,1389.0,251,True,-1.3575250229174056,-1.3575250229174056,-2.7150500458348112
420,1,1897.0,1556.0,257,True,-1.5264671845436348,-1.5264671845436348,-3.0529343690872697
420,2,1680.0,1130.0,247,True,-1.1670944414113695,-1.1670944414113695,-2.334188882822739
420,3,1672.1666666666665,1509.0,255,True,-1.447921951013435,-1.447921951013435,-2.89584390202687
421,0,1589.8333333333335,985.0,244,True,-1.0416157746018213,-1.0416157746018213,-2.0832315492036426
421,1,1725.0,844.0,241,True,-0.9627453778287023,-0.9627453778287023,-1.9254907556574046
421,2,1767.8333333333333,1259.0,250,True,-1.2802017919268887,-1.2802017919268887,-2.5604035838537773
421,3,1749.0,1157.0,247,True,-1.2005682495714518,-1.2005682495714518,-2.4011364991429036
422,0,1793.6666666666667,1415.0,252,True,-1.401419111820985,-1.401419111820985,-2.80283822364197
422,1,1635.1666666666665,887.0,242,True,-0.9773858812882673,-0.9773858812882673,-1.9547717625765346
422,2,1608.0,931.0,243,True,-1.0049046938265291,-1.0049046938265291,-2.0098093876530583
422,3,1541.8333333333333,1214.0,248,True,-1.2029206146772864,-1.2029206146772864,-2.405841229354573
423,0,1598.1666666666665,1527.0,254,True,-1.4470037723279383,-1.4470037723279383,-2.8940075446558766
423,1,1601.0,1212.0,248,True,-1.2128863496129263,-1.2128863496129263,-2.4257726992258526
423,2,1586.1666666666665,985.0,244,True,-1.0409058452720599,-1.0409058452720599,-2.0818116905441197
423,3,1634.8333333333335,878.0,242,True,-0.9706165992734364,-0.9706165992734364,-1.9412331985468727
424,0,1684.0,1319.0,250,True,-1.3086685124530075,-1.3086685124530075,-2.617337024906015
424,1,1646.0,1099.0,246,True,-1.137417345627973,-1.137417345627973,-2.274834691255946
424,2,1702.0,1157.0,248,True,-1.1914682463444997,-1.1914682463444997,-2.3829364926889993
424,3,1727.0,949.0,244,True,-1.0413546134985154,-1.0413546134985154,-2.082709226997031
425,0,1625.0,1269.0,250,True,-1.2599965320087665,-1.2599965320087665,-2.519993064017533
425,1,1770.8333333333335,1247.0,249,True,-1.2718429858835576,-1.2718429858835576,-2.543685971767115
425,2,1645.8333333333335,897.0,243,True,-0.9869008446751888,-0.9869008446751888,-1.9738016893503776
425,3,1681.0,985.0,245,True,-1.059267199300908,-1.059267199300908,-2.118534398601816
426,0,1585.0,847.0,241,True,-0.9378738995660678,-0.9378738995660678,-1.8757477991321356
426,1,1668.0,1153.0,247,True,-1.1819053795156593,-1.1819053795156593,-2.3638107590313187
426,2,1754.1666666666665,1889.0,262,True,-1.7468877006374324,-1.7468877006374324,-3.4937754012748647
426,3,1762.6666666666667,1166.0,247,True,-1.2099190927854169,-1.2099190927854169,-2.4198381855708337
427,0,1648.8333333333333,1498.0,254,True,-1.4352095330445729,-1.4352095330445729,-2.8704190660891458
427,1,1617.8333333333333,1067.0,245,True,-1.1081247114264365,-1.1081247114264365,-2.216249422852873
427,2,1717.3333333333335,907.0,243,True,-1.0081941810331645,-1.0081941810331645,-2.016388362066329
427,3,1620.3333333333333,1074.0,246,True,-1.1138235542506045,-1.1138235542506045,-2.227647108501209
428,0,1717.8333333333335,967.0,244,True,-1.0529892761438147,-1.0529892761438147,-2.1059785522876293
428,1,1712.0,1129.0,247,True,-1.172545216846533,-1.172545216846533,-2.345090433693066
428,2,1612.8333333333335,1031.0,246,True,-1.0803376540373517,-1.0803376540373517,-2.1606753080747034
428,3,1733.1666666666665,1400.0,253,True,-1.3785307062384893,-1.3785307062384893,-2.7570614124769786
429,0,1860.0,1500.0,255,True,-1.4775849514213997,-1.4775849514213997,-2.9551699028427993
429,1,1645.1666666666665,1081.0,246,True,-1.123846512083323,-1.123846512083323,-2.247693024166646
429,2,1637.6666666666667,1163.0,246,True,-1.1834820422152412,-1.1834820422152412,-2.3669640844304825
429,3,1762.1666666666665,1318.0,250,True,-1.3230579435401766,-1.3230579435401766,-2.646115887080353
430,0,1712.0,1114.0,247,True,-1.161370645205113,-1.161370645205113,-2.322741290410226
430,1,1761.0,1068.0,246,True,-1.1365891962449122,-1.1365891962449122,-2.2731783924898243
430,2,1719.1666666666665,975.0,243,True,-1.0592072038058187,-1.0592072038058187,-2.1184144076116374
430,3,1696.1666666666665,977.0,244,True,-1.0562439536228334,-1.0562439536228334,-2.112487907245667
431,0,1582.8333333333335,1105.0,246,True,-1.1296570281036389,-1.1296570281036389,-2.2593140562072778
431,1,1772.0,1036.0,245,True,-1.1148798980658345,-1.1148798980658345,-2.229759796131669
431,2,1639.0,1069.0,245,True,-1.1137128827155864,-1.1137128827155864,-2.227425765431173
431,3,1639.0,1029.0,245,True,-1.0839140250051318,-1.0839140250051318,-2.1678280500102636
432,0,1715.0,924.0,243,True,-1.0204069223502599,-1.0204069223502599,-2.0408138447005197
432,1,1742.8333333333335,1161.0,247,True,-1.2023541632878967,-1.2023541632878967,-2.4047083265757934
432,2,1726.0,845.0,241,True,-0.9636839663613982,-0.9636839663613982,-1.9273679327227964
432,3,1748.1666666666665,1050.0,245,True,-1.12069495762104,-1.12069495762104,-2.24138991524208
433,0,1714.5,1202.0,246,True,-1.2274121748929505,-1.2274121748929505,-2.454824349785901
433,1,1837.1666666666665,1202.0,248,True,-1.2511625379249929,-1.2511625379249929,-2.5023250758499858
433,2,1808.1666666666665,1158.0,248,True,-1.212768898835375,-1.212768898835375,-2.42553779767075
433,3,1809.6666666666667,1196.0,249,True,-1.2413682392952108,-1.2413682392952108,-2.4827364785904216
434,0,1753.8333333333335,1114.0,246,True,-1.1694702934673993,-1.1694702934673993,-2.3389405869347986
434,1,1698.8333333333335,993.0,245,True,-1.0686798089468423,-1.0686798089468423,-2.1373596178936847
434,2,1734.0,1191.0,247,True,-1.2229930222763106,-1.2229930222763106,-2.445986044552621
434,3,1816.8333333333335,1052.0,247,True,-1.135479940682108,-1.135479940682108,-2.270959881364216
435,0,1645.0,1625.0,256,True,-1.5290787074305139,-1.5290787074305139,-3.0581574148610278
435,1,1718.0,976.0,243,True,-1.0597262886436556,-1.0597262886436556,-2.119452577287311
435,2,1787.0,1197.0,247,True,-1.2377245566994408,-1.2377245566994408,-2.4754491133988816
435,3,1733.6666666666667,1126.0,246,True,-1.1745053394668439,-1.1745053394668439,-2.3490106789336878
436,0,1844.1666666666665,1223.0,248,True,-1.2681622578525293,-1.2681622578525293,-2.5363245157050587
436,1,1676.1666666666665,1003.0,245,True,-1.071740869335926,-1.071740869335926,-2.143481738671852
436,2,1732.0,962.0,243,True,-1.0520073277040878,-1.0520073277040878,-2.1040146554081756
436,3,1592.1666666666665,1142.0,247,True,-1.1590280643252038,-1.1590280643252038,-2.3180561286504076
437,0,1701.8333333333335,1002.0,245,True,-1.0759654032014994,-1.0759654032014994,-2.1519308064029987
437,1,1741.0,1206.0,248,True,-1.2355229135472767,-1.2355229135472767,-2.4710458270945534
437,2,1784.1666666666665,1066.0,245,True,-1.1395847159428865,-1.1395847159428865,-2.279169431885773
437,3,1696.1666666666665,1125.0,247,True,-1.166499727151514,-1.166499727151514,-2.332999454303028
438,0,1698.0,1132.0,247,True,-1.172069491915726,-1.172069491915726,-2.344138983831452
438,1,1717.8333333333335,1002.0,243,True,-1.0790632766404613,-1.0790632766404613,-2.1581265532809226
438,2,1726.0,978.0,243,True,-1.0627651682486599,-1.0627651682486599,-2.1255303364973197
438,3,1710.1666666666665,1004.0,245,True,-1.0790688218364826,-1.0790688218364826,-2.158137643672965
439,0,1765.1666666666665,1035.0,244,True,-1.1128118765085173,-1.1128118765085173,-2.2256237530170346
439,1,1712.0,1056.0,245,True,-1.1181623015249536,-1.1181623015249536,-2.236324603049907
439,2,1841.0,1110.0,246,True,-1.1833673640357008,-1.1833673640357008,-2.3667347280714015
439,3,1634.0000000000002,1077.0,245,True,-1.1187045688080017,-1.1187045688080017,-2.2374091376160035
440,0,1640.0,768.0,239,True,-0.8896700955343522,-0.8896700955343522,-1.7793401910687043
440,1,1753.8333333333335,1069.0,245,True,-1.135946578543138,-1.135946578543138,-2.271893157086276
440,2,1696.1666666666665,897.0,242,True,-0.9966462382019242,-0.9966462382019242,-1.9932924764038484
440,3,1769.0,1130.0,247,True,-1.1843263624155973,-1.1843263624155973,-2.3686527248311946
441,0,1641.0,977.0,243,True,-1.0455627441614117,-1.0455627441614117,-2.0911254883228234
441,1,1676.1666666666665,948.0,243,True,-1.0307674399840512,-1.0307674399840512,-2.0615348799681024
441,2,1650.1666666666665,1000.0,244,True,-1.0644719106693288,-1.0644719106693288,-2.1289438213386576
441,3,1741.0,987.0,244,True,-1.0723741675825398,-1.0723741675825398,-2.1447483351650796
442,0,1629.0,910.0,242,True,-0.9933262524171783,-0.9933262524171783,-1.9866525048343566
442,1,1660.8333333333333,1042.0,246,True,-1.0978259602246132,-1.0978259602246132,-2.1956519204492264
442,2,1665.1666666666665,1064.0,246,True,-1.1150543393550827,-1.1150543393550827,-2.2301086787101654
442,3,1813.6666666666667,1123.0,248,True,-1.1877597923333705,-1.1877597923333705,-2.375519584666741
443,0,1657.6666666666667,915.0,243,True,-1.0026014662091265,-1.0026014662091265,-2.005202932418253
443,1,1780.6666666666667,1083.0,245,True,-1.1515715706550567,-1.1515715706550567,-2.3031431413101133
443,2,1687.0,1051.0,245,True,-1.1095970170627678,-1.1095970170627678,-2.2191940341255356
443,3,1663.0,937.0,243,True,-1.0200234624295301,-1.0200234624295301,-2.0400469248590603
444,0,1665.0,962.0,243,True,-1.0390349826784344,-1.0390349826784344,-2.078069965356869
444,1,1681.0,980.0,244,True,-1.055542342087101,-1.055542342087101,-2.111084684174202
444,2,1629.6666666666667,1004.0,245,True,-1.0634826460967035,-1.0634826460967035,-2.126965292193407
444,3,1621.1666666666665,953.0,243,True,-1.0238433572514256,-1.0238433572514256,-2.0476867145028512
445,0,1666.8333333333335,1033.0,246,True,-1.092282919779372,-1.092282919779372,-2.184565839558744
445,1,1678.6666666666667,1178.0,249,True,-1.2025949145440027,-1.2025949145440027,-2.4051898290880054
445,2,1613.0000000000002,1095.0,246,True,-1.1280480958890682,-1.1280480958890682,-2.2560961917781364
445,3,1725.0,1118.0,248,True,-1.1668675531453152,-1.1668675531453152,-2.3337351062906304
446,0,1764.0,936.0,242,True,-1.0388338170702178,-1.0388338170702178,-2.0776676341404356
446,1,1851.0,1348.0,249,True,-1.3626067383122558,-1.3626067383122558,-2.7252134766245115
446,2,1805.8333333333335,1226.0,249,True,-1.2629751837332999,-1.2629751837332999,-2.5259503674665997
446,3,1721.8333333333335,1462.0,252,True,-1.422524608670429,-1.422524608670429,-2.845049217340858
447,0,1615.8333333333335,922.0,242,True,-0.9997166180461693,-0.9997166180461693,-1.9994332360923386
447,1,1669.0,951.0,244,True,-1.0316147651678003,-1.0316147651678003,-2.0632295303356005
447,2,1713.6666666666667,1180.0,249,True,-1.2108614555772546,-1.2108614555772546,-2.421722911154509
447,3,1595.8333333333333,1417.0,253,True,-1.3646051404143396,-1.3646051404143396,-2.729210280828679
448,0,1831.0,1412.0,254,True,-1.4064125688502809,-1.4064125688502809,-2.8128251377005618
448,1,1815.0,1130.0,247,True,-1.193232748552614,-1.193232748552614,-2.386465497105228
448,2,1709.0,953.0,244,True,-1.040849391650729,-1.040849391650729,-2.081698783301458
448,3,1715.0,1132.0,247,True,-1.1753609824446234,-1.1753609824446234,-2.350721964889247
449,0,1754.6666666666667,1369.0,250,True,-1.3595993589464916,-1.3595993589464916,-2.7191987178929833
449,1,1689.8333333333335,1215.0,246,True,-1.2323209154304477,-1.2323209154304477,-2.4646418308608955
449,2,1548.0000000000002,1287.0,249,True,-1.2584975020534657,-1.2584975020534657,-2.5169950041069313
449,3,1845.1666666666665,1273.0,248,True,-1.3056044470805326,-1.3056044470805326,-2.611208894161065
450,0,1536.1666666666665,1377.0,252,True,-1.3232537963377566,-1.3232537963377566,-2.6465075926755133
450,1,1749.1666666666665,1433.0,251,True,-1.4062126372885766,-1.4062126372885766,-2.812425274577153
450,2,1673.8333333333333,1221.0,247,True,-1.233692870648054,-1.233692870648054,-2.467385741296108
450,3,1766.1666666666665,1128.0,248,True,-1.1822878377752586,-1.1822878377752586,-2.364575675550517
451,0,1681.8333333333333,1018.0,244,True,-1.0840126044869784,-1.0840126044869784,-2.168025208973957
451,1,1596.5,1479.0,251,True,-1.4109224479255014,-1.4109224479255014,-2.8218448958510027
451,2,1712.0,1086.0,246,True,-1.1405114448077949,-1.1405114448077949,-2.2810228896155897
451,3,1613.0,1139.0,246,True,-1.1608268393705687,-1.1608268393705687,-2.3216536787411375
452,0,1693.8333333333335,1063.0,246,True,-1.1198597244904618,-1.1198597244904618,-2.2397194489809236
452,1,1819.0,1444.0,252,True,-1.427928249939421,-1.427928249939421,-2.855856499878842
452,2,1869.0,1379.0,252,True,-1.38918596065669,-1.38918596065669,-2.77837192131338
452,3,1770.3333333333333,1380.0,251,True,-1.3708273792258518,-1.3708273792258518,-2.7416547584517037
453,0,1641.8333333333335,1184.0,248,True,-1.1999331803879594,-1.1999331803879594,-2.3998663607759187
453,1,1685.0000000000002,1398.0,251,True,-1.367714873521091,-1.367714873521091,-2.735429747042182
453,2,1611.8333333333333,1298.0,249,True,-1.2790514121646996,-1.2790514121646996,-2.5581028243293993
453,3,1499.3333333333335,1045.0,244,True,-1.0687917145283725,-1.0687917145283725,-2.137583429056745
454,0,1697.0,1019.0,243,True,-1.0876941017937565,-1.0876941017937565,-2.175388203587513
454,1,1734.1666666666665,1348.0,250,True,-1.3399858083048333,-1.3399858083048333,-2.6799716166096665
454,2,1753.8333333333335,1241.0,247,True,-1.264081666698092,-1.264081666698092,-2.528163333396184
454,3,1593.0,1400.0,252,True,-1.3513920441325802,-1.3513920441325802,-2.7027840882651604
455,0,1694.0,1105.0,247,True,-1.1511807946014287,-1.1511807946014287,-2.3023615892028575
455,1,1789.0,1151.0,247,True,-1.2038431045122884,-1.2038431045122884,-2.4076862090245768
455,2,1549.8333333333333,1018.0,244,True,-1.0584551486155411,-1.0584551486155411,-2.1169102972310823
455,3,1630.8333333333335,1159.0,247,True,-1.1791791063296386,-1.1791791063296386,-2.3583582126592773
456,0,1643.8333333333335,1335.0,250,True,-1.3128111024247946,-1.3128111024247946,-2.625622204849589
456,1,1647.8333333333335,883.0,241,True,-0.9768584786564001,-0.9768584786564001,-1.9537169573128002
456,2,1651.0,1040.0,245,True,-1.0944321159547288,-1.0944321159547288,-2.1888642319094576
456,3,1708.0,1180.0,248,True,-1.2097642920676217,-1.2097642920676217,-2.4195285841352434
457,0,1693.8333333333335,869.0,242,True,-0.9753352645947577,-0.9753352645947577,-1.9506705291895154
457,1,1682.0,1208.0,246,True,-1.2255894481266265,-1.2255894481266265,-2.451178896253253
457,2,1681.0,1632.0,257,True,-1.5412637227675088,-1.5412637227675088,-3.0825274455350176
457,3,1551.8333333333333,1388.0,252,True,-1.3344818166171142,-1.3344818166171142,-2.6689636332342284
458,0,1651.1666666666665,1170.0,247,True,-1.1913106730286944,-1.1913106730286944,-2.382621346057389
458,1,1688.1666666666665,1359.0,252,True,-1.3392741080381918,-1.3392741080381918,-2.6785482160763836
458,2,1644.8333333333333,1018.0,245,True,-1.0768487721593787,-1.0768487721593787,-2.1536975443187574
458,3,1702.0,1268.0,250,True,-1.2741600764910113,-1.2741600764910113,-2.5483201529820225
459,0,1792.0,1361.0,252,True,-1.36086795876198,-1.36086795876198,-2.72173591752396
459,1,1640.8333333333335,1270.0,249,True,-1.2638071073755002,-1.2638071073755002,-2.5276142147510003
459,2,1673.0000000000002,1269.0,248,True,-1.2692901523256537,-1.2692901523256537,-2.5385803046513074
459,3,1624.8333333333335,1370.0,251,True,-1.3352063782126753,-1.3352063782126753,-2.6704127564253506
460,0,1509.8333333333335,1292.0,249,True,-1.2548326403347483,-1.2548326403347483,-2.5096652806694966
460,1,1662.0,1223.0,249,True,-1.2328916779693448,-1.2328916779693448,-2.4657833559386897
460,2,1496.0,973.0,244,True,-1.014508380349771,-1.014508380349771,-2.029016760699542
460,3,1759.0,977.0,244,True,-1.0684095607737574,-1.0684095607737574,-2.1368191215475147
461,0,1669.8333333333335,1281.0,249,True,-1.2776166888539953,-1.2776166888539953,-2.5552333777079905
461,1,1782.0,1033.0,245,True,-1.1145811546369022,-1.1145811546369022,-2.2291623092738044
461,2,1490.8333333333333,1305.0,250,True,-1.2608385443818786,-1.2608385443818786,-2.521677088763757
461,3,1671.3333333333333,1300.0,250,True,-1.2920615719013635,-1.2920615719013635,-2.584123143802727
462,0,1660.8333333333335,1363.0,252,True,-1.3369617933510098,-1.3369617933510098,-2.6739235867020197
462,1,1768.1666666666665,1493.0,254,True,-1.454589648563026,-1.454589648563026,-2.909179297126052
462,2,1696.1666666666665,1088.0,246,True,-1.1389357837693452,-1.1389357837693452,-2.2778715675386905
462,3,1682.8333333333335,970.0,244,True,-1.0484475923243688,-1.0484475923243688,-2.0968951846487376
463,0,1633.0,1111.0,247,True,-1.1438399807719528,-1.1438399807719528,-2.2876799615439056
463,1,1639.3333333333335,1322.0,247,True,-1.302255196764189,-1.302255196764189,-2.604510393528378
463,2,1691.6666666666667,1062.0,244,True,-1.1186952493528415,-1.1186952493528415,-2.237390498705683
463,3,1427.8333333333333,1430.0,252,True,-1.3417620980611344,-1.3417620980611344,-2.683524196122269
464,0,1679.6666666666665,1317.0,251,True,-1.3063395621777663,-1.3063395621777663,-2.6126791243555325
464,1,1796.6666666666665,1807.0,258,True,-1.6940287686532458,-1.6940287686532458,-3.3880575373064916
464,2,1666.0,1449.0,252,True,-1.4020296923931521,-1.4020296923931521,-2.8040593847863042
464,3,1579.1666666666665,1354.0,251,True,-1.3144449880214548,-1.3144449880214548,-2.6288899760429096
465,0,1500.0,1052.0,245,True,-1.0741355926876595,-1.0741355926876595,-2.148271185375319
465,1,1675.0,1027.0,245,True,-1.0893942973572746,-1.0893942973572746,-2.178788594714549
465,2,1675.8333333333335,1489.0,252,True,-1.4337324514879703,-1.4337324514879703,-2.8674649029759407
465,3,1594.1666666666665,934.0,243,True,-1.0044612384107103,-1.0044612384107103,-2.0089224768214207
466,0,1604.0,1353.0,250,True,-1.3185081743120832,-1.3185081743120832,-2.6370163486241665
466,1,1712.1666666666665,989.0,245,True,-1.0682814843749318,-1.0682814843749318,-2.1365629687498635
466,2,1721.5,1111.0,245,True,-1.1609750932312126,-1.1609750932312126,-2.3219501864624252
466,3,1672.1666666666665,1227.0,248,True,-1.2378400041547302,-1.2378400041547302,-2.4756800083094603
467,0,1905.6666666666667,1458.0,252,True,-1.455137997932459,-1.455137997932459,-2.910275995864918
467,1,1590.8333333333333,1059.0,245,True,-1.0969372784560967,-1.0969372784560967,-2.1938745569121934
467,2,1684.8333333333335,1269.0,248,True,-1.2715812878898862,-1.2715812878898862,-2.5431625757797724
467,3,1841.6666666666665,1319.0,251,True,-1.33919547363278,-1.33919547363278,-2.67839094726556
468,0,1713.1666666666665,1114.0,246,True,-1.1615965318100365,-1.1615965318100365,-2.323193063620073
468,1,1783.1666666666665,1192.0,247,True,-1.233257500640884,-1.233257500640884,-2.466515001281768
468,2,1934.6666666666667,1747.0,259,True,-1.6760496404986127,-1.6760496404986127,-3.3520992809972254
468,3,1856.6666666666667,1699.0,257,True,-1.6251888782311255,-1.6251888782311255,-3.250377756462251
469,0,1720.1666666666665,1214.0,248,True,-1.2374489957157189,-1.2374489957157189,-2.4748979914314377
469,1,1623.3333333333333,891.0,242,True,-0.9780746314950802,-0.9780746314950802,-1.9561492629901605
469,2,1664.8333333333335,1332.0,251,True,-1.3146421469851493,-1.3146421469851493,-2.6292842939702985
469,3,1608.1666666666665,1319.0,249,True,-1.2939858831329256,-1.2939858831329256,-2.5879717662658512
470,0,1631.8333333333335,1181.0,245,True,-1.1957620951603247,-1.1957620951603247,-2.3915241903206494
470,1,1618.3333333333333,1210.0,249,True,-1.2147524362862798,-1.2147524362862798,-2.4295048725725596
470,2,1758.6666666666665,1013.0,245,True,-1.0951639936831885,-1.0951639936831885,-2.190327987366377
470,3,1684.1666666666665,1082.0,245,True,-1.1321425500335542,-1.1321425500335542,-2.2642851000671085
471,0,1726.0,924.0,242,True,-1.0225367103395462,-1.0225367103395462,-2.0450734206790924
471,1,1763.1666666666665,1657.0,256,True,-1.575796879726213,-1.575796879726213,-3.151593759452426
471,2,1525.3333333333335,936.0,243,True,-0.992623871605698,-0.992623871605698,-1.985247743211396
471,3,1818.0,1402.0,251,True,-1.396445832253509,-1.396445832253509,-2.792891664507018
472,0,1517.1666666666665,1027.0,244,True,-1.0588350666625115,-1.0588350666625115,-2.117670133325023
472,1,1509.8333333333335,1234.0,248,True,-1.2116242966545887,-1.2116242966545887,-2.4232485933091774
472,2,1714.1666666666667,910.0,242,True,-1.0098159745766542,-1.0098159745766542,-2.0196319491533083
472,3,1632.3333333333335,1033.0,244,True,-1.0856031301766096,-1.0856031301766096,-2.171206260353219
473,0,1601.3333333333335,1348.0,249,True,-1.31426700485845,-1.31426700485845,-2.6285340097169
473,1,1806.0,1318.0,249,True,-1.3315448259823337,-1.3315448259823337,-2.6630896519646674
473,2,1641.1666666666665,1087.0,245,True,-1.127541872380151,-1.127541872380151,-2.255083744760302
473,3,1621.0000000000002,1674.0,255,True,-1.5609354979673786,-1.5609354979673786,-3.1218709959347573
474,0,1860.1666666666665,1342.0,250,True,-1.3599117329800914,-1.3599117329800914,-2.7198234659601828
474,1,1552.3333333333335,1458.0,251,True,-1.3867266261553777,-1.3867266261553777,-2.7734532523107553
474,2,1749.1666666666665,1253.0,248,True,-1.2721177775915302,-1.2721177775915302,-2.5442355551830604
474,3,1802.1666666666665,1275.0,249,True,-1.2987688550988428,-1.2987688550988428,-2.5975377101976855
475,0,1538.8333333333333,1522.0,253,True,-1.4317909677779792,-1.4317909677779792,-2.8635819355559584
475,1,1777.6666666666667,1207.0,249,True,-1.2433671782876605,-1.2433671782876605,-2.486734356575321
475,2,1569.6666666666667,1198.0,247,True,-1.1963900805962988,-1.1963900805962988,-2.3927801611925976
475,3,1645.1666666666665,1301.0,250,True,-1.2877402294908218,-1.2877402294908218,-2.5754804589816436
476,0,1784.1666666666665,1336.0,250,True,-1.3407270054884544,-1.3407270054884544,-2.6814540109769087
476,1,1570.0,1275.0,249,True,-1.2538174207189021,-1.2538174207189021,-2.5076348414378042
476,2,1628.1666666666665,1139.0,247,True,-1.1637633652345847,-1.1637633652345847,-2.3275267304691694
476,3,1834.1666666666665,1097.0,245,True,-1.172359685165244,-1.172359685165244,-2.344719370330488
477,0,1761.8333333333333,1525.0,253,True,-1.4772024931617993,-1.4772024931617993,-2.9544049863235986
477,1,1728.0,1196.0,247,True,-1.2255561769505072,-1.2255561769505072,-2.4511123539010145
477,2,1621.8333333333335,1393.0,250,True,-1.3517598701263818,-1.3517598701263818,-2.7035197402527635
477,3,1567.8333333333335,1127.0,246,True,-1.1431421434953613,-1.1431421434953613,-2.2862842869907225
478,0,1611.6666666666667,1216.0,247,True,-1.2179314843432798,-1.2179314843432798,-2.4358629686865596
478,1,1662.0,1093.0,246,True,-1.1360453904103662,-1.1360453904103662,-2.2720907808207325
478,2,1709.8333333333335,1152.0,246,True,-1.189260056335185,-1.189260056335185,-2.37852011267037
478,3,1805.1666666666665,1337.0,249,True,-1.345537935819853,-1.345537935819853,-2.691075871639706
479,0,1883.1666666666667,1573.0,253,True,-1.5364533293264753,-1.5364533293264753,-3.0729066586529505
479,1,1642.1666666666665,1039.0,245,True,-1.09197686021754,-1.09197686021754,-2.18395372043508
479,2,1765.0,1061.0,245,True,-1.132148864505323,-1.132148864505323,-2.264297729010646
479,3,1637.8333333333335,1531.0,253,True,-1.4576638026664104,-1.4576638026664104,-2.9153276053328208
480,0,1724.8333333333335,1125.0,246,True,-1.1720500837296541,-1.1720500837296541,-2.3441001674593083
480,1,1804.1666666666665,1263.0,248,True,-1.2902164319655773,-1.2902164319655773,-2.5804328639311547
480,2,1770.8333333333335,1271.0,248,True,-1.2897223005098295,-1.2897223005098295,-2.579444601019659
480,3,1716.6666666666667,1152.0,245,True,-1.1905831064497416,-1.1905831064497416,-2.3811662128994833
481,0,1665.0,1128.0,247,True,-1.16270024217682,-1.16270024217682,-2.32540048435364
481,1,1756.6666666666667,1279.0,249,True,-1.2929391632778398,-1.2929391632778398,-2.5858783265556795
481,2,1647.0,854.0,241,True,-0.955092959241375,-0.955092959241375,-1.91018591848275
481,3,1661.0,1165.0,246,True,-1.1894897171992493,-1.1894897171992493,-2.3789794343984987
482,0,1760.1666666666665,1014.0,244,True,-1.0961993907608525,-1.0961993907608525,-2.192398781521705
482,1,1565.5,1418.0,252,True,-1.359477060129068,-1.359477060129068,-2.718954120258136
482,2,1640.8333333333335,1194.0,247,True,-1.2071892777256379,-1.2071892777256379,-2.4143785554512758
482,3,1825.0,1254.0,247,True,-1.2875453783543744,-1.2875453783543744,-2.575090756708749
483,0,1643.0,1115.0,247,True,-1.14875603744235,-1.14875603744235,-2.2975120748847
483,1,1675.8333333333335,912.0,242,True,-1.0038839290146635,-1.0038839290146635,-2.007767858029327
483,2,1738.0,876.0,242,True,-0.9891014861662225,-0.9891014861662225,-1.978202972332445
483,3,1723.8333333333335,1356.0,250,True,-1.3439448699175962,-1.3439448699175962,-2.6878897398351924
484,0,1610.1666666666665,1056.0,246,True,-1.0984456278665595,-1.0984456278665595,-2.196891255733119
484,1,1787.1666666666665,1091.0,246,True,-1.1587898532817256,-1.1587898532817256,-2.317579706563451
484,2,1735.8333333333335,1478.0,252,True,-1.4371547910137028,-1.4371547910137028,-2.8743095820274056
484,3,1595.8333333333335,1077.0,245,True,-1.1113148498754766,-1.1113148498754766,-2.222629699750953
485,0,1788.1666666666665,1042.0,243,True,-1.1224798696763543,-1.1224798696763543,-2.2449597393527085
485,1,1793.1666666666665,1200.0,247,True,-1.2411534430823248,-1.2411534430823248,-2.4823068861646496
485,2,1776.1666666666665,1263.0,249,True,-1.284795153447394,-1.284795153447394,-2.569590306894788
485,3,1667.0,1162.0,246,True,-1.1884165054105773,-1.1884165054105773,-2.3768330108211546
486,0,1777.1666666666665,1014.0,244,True,-1.099490881289749,-1.099490881289749,-2.198981762579498
486,1,1716.6666666666667,1058.0,243,True,-1.120555790830174,-1.120555790830174,-2.241111581660348
486,2,1676.8333333333335,1104.0,246,True,-1.1471120631147806,-1.1471120631147806,-2.2942241262295613
486,3,1762.0,1022.0,245,True,-1.102514126967824,-1.102514126967824,-2.205028253935648
487,0,1696.1666666666665,1118.0,248,True,-1.1612849270521852,-1.1612849270521852,-2.3225698541043704
487,1,1589.8333333333335,1327.0,250,True,-1.2963960080262065,-1.2963960080262065,-2.592792016052413
487,2,1572.0,1109.0,244,True,-1.1305393954003866,-1.1305393954003866,-2.2610787908007732
487,3,1786.6666666666667,1242.0,247,True,-1.271183732593723,-1.271183732593723,-2.542367465187446
488,0,1738.1666666666665,858.0,241,True,-0.9757242697115076,-0.9757242697115076,-1.9514485394230152
488,1,1747.6666666666667,1117.0,246,True,-1.1705112357410838,-1.1705112357410838,-2.3410224714821677
488,2,1571.0,1095.0,246,True,-1.119916178111793,-1.119916178111793,-2.239832356223586
488,3,1745.6666666666667,1774.0,258,True,-1.6595702394554281,-1.6595702394554281,-3.3191404789108563
489,0,1744.8333333333335,1275.0,250,True,-1.2876681419425617,-1.2876681419425617,-2.5753362838851235
489,1,1697.8333333333333,1041.0,245,True,-1.104244821109452,-1.104244821109452,-2.208489642218904
489,2,1701.8333333333335,1250.0,248,True,-1.2607183210063175,-1.2607183210063175,-2.521436642012635
489,3,1752.1666666666665,1175.0,247,True,-1.2145908563259515,-1.2145908563259515,-2.429181712651903
490,0,1695.0,1230.0,248,True,-1.244495842036533,-1.244495842036533,-2.488991684073066
490,1,1593.8333333333335,1442.0,251,True,-1.3828421923035026,-1.3828421923035026,-2.765684384607005
490,2,1600.1666666666665,1252.0,248,True,-1.2425238597484345,-1.2425238597484345,-2.485047719496869
490,3,1774.8333333333335,1227.0,248,True,-1.2577180253880724,-1.2577180253880724,-2.515436050776145
491,0,1577.6666666666665,920.0,242,True,-0.9908369562281217,-0.9908369562281217,-1.9816739124562435
491,1,1589.8333333333335,954.0,243,True,-1.0185216598762197,-1.0185216598762197,-2.0370433197524394
491,2,1738.8333333333333,1547.0,252,True,-1.489138671834042,-1.489138671834042,-2.978277343668084
491,3,1629.8333333333335,897.0,242,True,-0.9838029712362266,-0.9838029712362266,-1.9676059424724532
492,0,1718.1666666666665,1096.0,245,True,-1.1491551312900081,-1.1491551312900081,-2.2983102625800162
492,1,1673.8333333333335,1359.0,251,True,-1.3364989297491217,-1.3364989297491217,-2.6729978594982433
492,2,1773.0,1187.0,247,True,-1.2275642030127365,-1.2275642030127365,-2.455128406025473
492,3,1489.8333333333335,1574.0,254,True,-1.4610422453947487,-1.4610422453947487,-2.9220844907894974
493,0,1781.6666666666667,1308.0,250,True,-1.3193837623662976,-1.3193837623662976,-2.6387675247325952
493,1,1780.0,979.0,244,True,-1.0739654625479185,-1.0739654625479185,-2.147930925095837
493,2,1729.8333333333333,1353.0,250,True,-1.3428716581289215,-1.3428716581289215,-2.685743316257843
493,3,1776.6666666666667,1063.0,244,True,-1.1358976734400894,-1.1358976734400894,-2.271795346880179
494,0,1522.8333333333335,1300.0,251,True,-1.2633094340459958,-1.2633094340459958,-2.5266188680919917
494,1,1755.6666666666667,1554.0,254,True,-1.4976126929472788,-1.4976126929472788,-2.9952253858945577
494,2,1744.1666666666665,1181.0,249,True,-1.217511748263038,-1.217511748263038,-2.435023496526076
494,3,1720.1666666666665,1145.0,246,True,-1.1860459661651859,-1.1860459661651859,-2.3720919323303717
495,0,1579.8333333333333,1050.0,245,True,-1.088102747481958,-1.088102747481958,-2.176205494963916
495,1,1659.8333333333333,1120.0,246,True,-1.1557401156700646,-1.1557401156700646,-2.3114802313401293
495,2,1667.8333333333335,833.0,241,True,-0.9434822483170353,-0.9434822483170353,-1.8869644966340706
495,3,1659.8333333333335,1303.0,250,True,-1.2920698896953933,-1.2920698896953933,-2.5841397793907865
496,0,1697.0,1217.0,248,True,-1.2351984474605056,-1.2351984474605056,-2.470396894921011
496,1,1746.0,929.0,242,True,-1.030133909352056,-1.030133909352056,-2.060267818704112
496,2,1636.6666666666665,1342.0,250,True,-1.31663831337959,-1.31663831337959,-2.63327662675918
496,3,1640.0,957.0,243,True,-1.030469698216249,-1.030469698216249,-2.060939396432498
497,0,1755.8333333333333,1228.0,247,True,-1.254784272122065,-1.254784272122065,-2.50956854424413
497,1,1685.6666666666667,1151.0,247,True,-1.1838360052189918,-1.1838360052189918,-2.3676720104379836
497,2,1755.4999999999998,1308.0,250,True,-1.314317448512996,-1.314317448512996,-2.628634897025992
497,3,1613.8333333333333,1293.0,250,True,-1.2757137891307644,-1.2757137891307644,-2.5514275782615288
498,0,1599.8333333333335,1229.0,248,True,-1.2253249775349437,-1.2253249775349437,-2.4506499550698875
498,1,1735.6666666666667,1668.0,257,True,-1.578667095623372,-1.578667095623372,-3.157334191246744
498,2,1559.8333333333335,1294.0,249,True,-1.2660034377170275,-1.2660034377170275,-2.532006875434055
498,3,1649.8333333333335,1254.0,249,True,-1.2536301181007357,-1.2536301181007357,-2.5072602362014713
499,0,1722.0,951.0,244,True,-1.0418764709343622,-1.0418764709343622,-2.0837529418687244
499,1,1750.6666666666667,1181.0,248,True,-1.2187702593476166,-1.2187702593476166,-2.4375405186952332
499,2,1737.0,1242.0,248,True,-1.261567417126945,-1.261567417126945,-2.52313483425389
499,3,1429.1666666666667,1468.0,252,True,-1.3703291690059791,-1.3703291690059791,-2.7406583380119582
500,0,1674.6666666666667,1507.0,254,True,-1.4469160508527485,-1.4469160508527485,-2.893832101705497
500,1,1708.6666666666665,962.0,243,True,-1.0474895956056023,-1.0474895956056023,-2.0949791912112046
500,2,1725.4999999999998,1077.0,245,True,-1.1364205325370664,-1.1364205325370664,-2.272841065074133
500,3,1670.0,1282.0,249,True,-1.2783939298117453,-1.2783939298117453,-2.5567878596234905
