global_episode,worker_id,makespan,cost,steps,done,upper_reward_sum,lower_reward_sum,total_reward_sum
1,0,8917.500000000004,11832.0,382,True,-18.984840352230886,-18.984840352230886,-37.96968070446177
1,1,8070.833333333335,10729.0,373,True,-17.213773826874288,-17.213773826874288,-34.427547653748576
1,2,8033.500000000002,10255.0,365,True,-16.47959146307378,-16.47959146307378,-32.95918292614756
1,3,8812.333333333336,13284.0,414,True,-21.21576133969749,-21.21576133969749,-42.43152267939498
2,0,6768.833333333334,8714.0,351,True,-13.99849550886864,-13.99849550886864,-27.99699101773728
2,1,7512.833333333335,8946.0,346,True,-14.417655649455071,-14.417655649455071,-28.835311298910142
2,2,6746.166666666668,8040.0,339,True,-12.957038662393,-12.957038662393,-25.914077324786
2,3,7207.333333333334,8386.0,344,True,-13.528723518794628,-13.528723518794628,-27.057447037589256
3,0,6246.500000000001,7107.0,331,True,-11.476782227897916,-11.476782227897916,-22.95356445579583
3,1,5576.833333333333,5921.0,321,True,-9.5922832494627,-9.5922832494627,-19.1845664989254
3,2,6256.500000000001,6284.0,312,True,-10.208197674683445,-10.208197674683445,-20.41639534936689
3,3,6298.833333333334,6584.0,321,True,-10.674411669331741,-10.674411669331741,-21.348823338663482
4,0,5259.333333333334,5245.0,312,True,-8.523441785744463,-8.523441785744463,-17.046883571488927
4,1,5701.833333333334,6271.0,326,True,-10.142431347135306,-10.142431347135306,-20.28486269427061
4,2,5418.166666666666,4996.0,307,True,-8.152470928246249,-8.152470928246249,-16.304941856492498
4,3,5325.666666666667,5731.0,317,True,-9.278523289696027,-9.278523289696027,-18.557046579392054
5,0,4675.5,3682.0,292,True,-6.064526077736807,-6.064526077736807,-12.129052155473614
5,1,4957.999999999999,3912.0,292,True,-6.442565148656842,-6.442565148656842,-12.885130297313683
5,2,5175.166666666667,3823.0,292,True,-6.323188681897696,-6.323188681897696,-12.646377363795391
5,3,5191.166666666667,3797.0,287,True,-6.284404553566886,-6.284404553566886,-12.568809107133772
6,0,4193.0,2369.0,271,True,-3.999566245913363,-3.999566245913363,-7.999132491826726
6,1,4254.500000000001,2533.0,274,True,-4.257591295058256,-4.257591295058256,-8.515182590116511
6,2,4039.8333333333335,2496.0,275,True,-4.182829335596044,-4.182829335596044,-8.365658671192088
6,3,4572.333333333334,2483.0,274,True,-4.2066658872083265,-4.2066658872083265,-8.413331774416653
7,0,3938.8333333333335,1821.0,266,True,-3.1333739400287657,-3.1333739400287657,-6.266747880057531
7,1,4432.333333333334,2262.0,271,True,-3.8542532311826214,-3.8542532311826214,-7.708506462365243
7,2,3773.833333333333,1611.0,263,True,-2.7958673971163566,-2.7958673971163566,-5.591734794232713
7,3,3767.8333333333335,1473.0,261,True,-2.5825194143920807,-2.5825194143920807,-5.165038828784161
8,0,3923.166666666667,1477.0,262,True,-2.6014914538608265,-2.6014914538608265,-5.202982907721653
8,1,4066.0,1375.0,260,True,-2.455937115438922,-2.455937115438922,-4.911874230877844
8,2,3423.8333333333335,997.0,255,True,-1.8199771452268967,-1.8199771452268967,-3.6399542904537934
8,3,3706.6666666666665,495.0,248,True,-1.0689948458641145,-1.0689948458641145,-2.137989691728229
9,0,3853.3333333333335,1041.0,256,True,-1.9232423070304756,-1.9232423070304756,-3.846484614060951
9,1,3608.166666666667,1126.0,257,True,-2.034141383972654,-2.034141383972654,-4.068282767945308
9,2,3797.1666666666665,1352.0,259,True,-2.398304639273166,-2.398304639273166,-4.796609278546332
9,3,4422.166666666666,1492.0,262,True,-2.6657546392043083,-2.6657546392043083,-5.331509278408617
10,0,4475.166666666666,1776.0,265,True,-3.108169103568649,-3.108169103568649,-6.216338207137298
10,1,4672.166666666666,2032.0,265,True,-3.51926420215877,-3.51926420215877,-7.03852840431754
10,2,4281.666666666666,1579.0,262,True,-2.788365041173516,-2.788365041173516,-5.576730082347032
10,3,4826.0,2587.0,274,True,-4.387984078851333,-4.387984078851333,-8.775968157702666
11,0,4267.166666666667,1237.0,254,True,-2.2596635430774272,-2.2596635430774272,-4.5193270861548545
11,1,3842.8333333333335,1167.0,257,True,-2.116721383535487,-2.116721383535487,-4.233442767070974
11,2,4595.0,1798.0,266,True,-3.151978774815086,-3.151978774815086,-6.303957549630172
11,3,4054.5,1518.0,263,True,-2.675554852920909,-2.675554852920909,-5.351109705841818
12,0,4094.166666666666,1403.0,260,True,-2.5014462365669234,-2.5014462365669234,-5.002892473133847
12,1,4059.3333333333335,952.0,254,True,-1.8029454979589359,-1.8029454979589359,-3.6058909959178718
12,2,3642.333333333333,729.0,252,True,-1.4246180250999938,-1.4246180250999938,-2.8492360501999876
12,3,4152.833333333333,1121.0,257,True,-2.071320028231411,-2.071320028231411,-4.142640056462822
13,0,3504.833333333333,1325.0,260,True,-2.3325656575058877,-2.3325656575058877,-4.6651313150117755
13,1,4026.166666666667,1824.0,264,True,-3.145199090456164,-3.145199090456164,-6.290398180912328
13,2,4458.833333333334,1904.0,268,True,-3.3042522371437117,-3.3042522371437117,-6.6085044742874235
13,3,3915.3333333333335,1955.0,267,True,-3.33812090486426,-3.33812090486426,-6.67624180972852
14,0,4048.6666666666665,1004.0,255,True,-1.8822720205308043,-1.8822720205308043,-3.7645440410616087
14,1,3346.6666666666665,662.0,251,True,-1.296907656186554,-1.296907656186554,-2.593815312373108
14,2,3409.166666666667,877.0,254,True,-1.6336783631205418,-1.6336783631205418,-3.2673567262410836
14,3,3821.3333333333335,952.0,255,True,-1.7833298438977532,-1.7833298438977532,-3.5666596877955064
15,0,3570.8333333333335,666.0,251,True,-1.3215528505063294,-1.3215528505063294,-2.643105701012659
15,1,3955.3333333333335,1030.0,255,True,-1.9146824349369747,-1.9146824349369747,-3.8293648698739493
15,2,3755.5,707.0,251,True,-1.4000119143420244,-1.4000119143420244,-2.800023828684049
15,3,3741.5,792.0,253,True,-1.5299634507960098,-1.5299634507960098,-3.0599269015920196
16,0,4836.833333333334,4225.0,299,True,-6.915355097359141,-6.915355097359141,-13.830710194718282
16,1,4463.166666666666,3240.0,284,True,-5.365277765369455,-5.365277765369455,-10.73055553073891
16,2,4927.833333333334,3685.0,288,True,-6.0899503160637645,-6.0899503160637645,-12.179900632127529
16,3,4770.833333333333,3485.0,287,True,-5.768527287392119,-5.768527287392119,-11.537054574784237
17,0,4081.3333333333335,1868.0,267,True,-3.217612180115895,-3.217612180115895,-6.43522436023179
17,1,4201.5,2572.0,275,True,-4.313377344832732,-4.313377344832732,-8.626754689665464
17,2,4052.8333333333335,2327.0,273,True,-3.9232323984223756,-3.9232323984223756,-7.846464796844751
17,3,3836.5,1295.0,258,True,-2.3136287042559793,-2.3136287042559793,-4.627257408511959
18,0,4071.666666666667,1518.0,261,True,-2.6769697075205623,-2.6769697075205623,-5.353939415041125
18,1,3960.8333333333335,2074.0,269,True,-3.5254185142165726,-3.5254185142165726,-7.050837028433145
18,2,3872.6666666666665,1731.0,265,True,-2.989103087696724,-2.989103087696724,-5.978206175393448
18,3,3803.3333333333335,1722.0,265,True,-2.969506975416448,-2.969506975416448,-5.939013950832896
19,0,3673.3333333333335,1351.0,261,True,-2.386556038669843,-2.386556038669843,-4.773112077339686
19,1,3982.0,1412.0,261,True,-2.506083352157688,-2.506083352157688,-5.012166704315376
19,2,3973.333333333333,2021.0,267,True,-3.444700676168924,-3.444700676168924,-6.889401352337848
19,3,4455.833333333334,2676.0,278,True,-4.494750482285434,-4.494750482285434,-8.989500964570867
20,0,3467.8333333333335,1002.0,256,True,-1.831315650928987,-1.831315650928987,-3.662631301857974
20,1,4103.833333333334,1271.0,259,True,-2.29864397908514,-2.29864397908514,-4.59728795817028
20,2,3817.8333333333335,1273.0,260,True,-2.278157059630787,-2.278157059630787,-4.556314119261574
20,3,3335.9999999999995,1026.0,256,True,-1.8574681119203766,-1.8574681119203766,-3.7149362238407533
21,0,3469.3333333333335,636.0,251,True,-1.2669148574069726,-1.2669148574069726,-2.5338297148139453
21,1,3479.8333333333335,935.0,255,True,-1.7289627731898776,-1.7289627731898776,-3.457925546379755
21,2,4073.6666666666665,794.0,253,True,-1.560425033381522,-1.560425033381522,-3.120850066763044
21,3,3986.5,653.0,251,True,-1.3357601489695308,-1.3357601489695308,-2.6715202979390615
22,0,3708.0,707.0,252,True,-1.3960970254012428,-1.3960970254012428,-2.7921940508024856
22,1,3793.3333333333335,1399.0,260,True,-2.4704822741322023,-2.4704822741322023,-4.940964548264405
22,2,3533.3333333333335,1095.0,257,True,-1.9801588068086615,-1.9801588068086615,-3.960317613617323
22,3,3482.1666666666665,1202.0,258,True,-2.140980276325867,-2.140980276325867,-4.281960552651734
23,0,3749.1666666666665,965.0,255,True,-1.7974333738799981,-1.7974333738799981,-3.5948667477599963
23,1,3806.5,707.0,252,True,-1.4042152687837068,-1.4042152687837068,-2.8084305375674137
23,2,3621.8333333333335,939.0,254,True,-1.7468358964647204,-1.7468358964647204,-3.4936717929294407
23,3,3434.5,651.0,251,True,-1.2871801856370313,-1.2871801856370313,-2.5743603712740626
24,0,3586.3333333333335,716.0,252,True,-1.3999511632038506,-1.3999511632038506,-2.799902326407701
24,1,3472.3333333333335,497.0,248,True,-1.05276622666114,-1.05276622666114,-2.10553245332228
24,2,3983.5,796.0,251,True,-1.5560784455251315,-1.5560784455251315,-3.112156891050263
24,3,3642.833333333333,1104.0,257,True,-2.003065404123075,-2.003065404123075,-4.00613080824615
25,0,3640.3333333333335,497.0,249,True,-1.0666125707043277,-1.0666125707043277,-2.1332251414086554
25,1,3732.5,497.0,249,True,-1.0742088288946872,-1.0742088288946872,-2.1484176577893743
25,2,3533.0,577.0,249,True,-1.181159611538775,-1.181159611538775,-2.36231922307755
25,3,3927.5,781.0,252,True,-1.5283267507241034,-1.5283267507241034,-3.056653501448207
26,0,4038.5,666.0,251,True,-1.3600973360075037,-1.3600973360075037,-2.7201946720150074
26,1,3330.166666666667,825.0,253,True,-1.5469616291446693,-1.5469616291446693,-3.0939232582893386
26,2,3813.6666666666665,924.0,255,True,-1.7395103064178783,-1.7395103064178783,-3.4790206128357566
26,3,3867.5,577.0,250,True,-1.2087286715533359,-1.2087286715533359,-2.4174573431066717
27,0,3653.5,497.0,249,True,-1.0676977504458074,-1.0676977504458074,-2.135395500891615
27,1,4126.666666666667,920.0,253,True,-1.7591376982600009,-1.7591376982600009,-3.5182753965200018
27,2,3514.5,586.0,250,True,-1.1935166133917139,-1.1935166133917139,-2.3870332267834278
27,3,3343.8333333333335,638.0,250,True,-1.2596561416367373,-1.2596561416367373,-2.5193122832734747
28,0,3535.0,497.0,248,True,-1.0579311327724883,-1.0579311327724883,-2.1158622655449766
28,1,3579.0,627.0,250,True,-1.2620716950298507,-1.2620716950298507,-2.5241433900597015
28,2,3686.6666666666665,653.0,250,True,-1.3110482710591196,-1.3110482710591196,-2.622096542118239
28,3,3544.5,781.0,251,True,-1.4967603830542178,-1.4967603830542178,-2.9935207661084355
29,0,3527.1666666666665,937.0,255,True,-1.7359487585831204,-1.7359487585831204,-3.4718975171662407
29,1,3123.6666666666665,443.0,248,True,-0.9407390797586793,-0.9407390797586793,-1.8814781595173586
29,2,3652.0000000000005,894.0,253,True,-1.67991345399353,-1.67991345399353,-3.35982690798706
29,3,3814.5,662.0,250,True,-1.335465878140152,-1.335465878140152,-2.670931756280304
30,0,3653.8333333333335,1369.0,260,True,-2.412712369880219,-2.412712369880219,-4.825424739760438
30,1,3769.8333333333335,1163.0,258,True,-2.1045351515640967,-2.1045351515640967,-4.209070303128193
30,2,3441.5,942.0,255,True,-1.7366003042994989,-1.7366003042994989,-3.4732006085989977
30,3,3503.5,1044.0,256,True,-1.8990367427502515,-1.8990367427502515,-3.798073485500503
31,0,3684.5,577.0,250,True,-1.1936460467920058,-1.1936460467920058,-2.3872920935840116
31,1,3834.6666666666665,653.0,251,True,-1.323246240811452,-1.323246240811452,-2.646492481622904
31,2,3616.5,627.0,251,True,-1.2651623968252057,-1.2651623968252057,-2.5303247936504114
31,3,3922.5,577.0,249,True,-1.2132617008531887,-1.2132617008531887,-2.4265234017063775
32,0,3633.0,497.0,248,True,-1.0660081667976804,-1.0660081667976804,-2.132016333595361
32,1,3655.5,586.0,248,True,-1.205137652142245,-1.205137652142245,-2.41027530428449
32,2,3327.5,627.0,251,True,-1.241343388322342,-1.241343388322342,-2.482686776644684
32,3,3683.5,497.0,247,True,-1.0701703118820909,-1.0701703118820909,-2.1403406237641818
33,0,3333.6666666666665,638.0,251,True,-1.2588182180388858,-1.2588182180388858,-2.5176364360777717
33,1,3590.3333333333335,1258.0,259,True,-2.2362705552856728,-2.2362705552856728,-4.4725411105713455
33,2,3499.6666666666665,1343.0,260,True,-2.3599033236247116,-2.3599033236247116,-4.719806647249423
33,3,3592.8333333333335,1419.0,261,True,-2.484805650915215,-2.484805650915215,-4.96961130183043
34,0,3263.8333333333335,1097.0,257,True,-1.9610317961442656,-1.9610317961442656,-3.922063592288531
34,1,3425.0,577.0,249,True,-1.1722583903681543,-1.1722583903681543,-2.3445167807363085
34,2,3342.3333333333335,742.0,253,True,-1.4199438246189076,-1.4199438246189076,-2.839887649237815
34,3,3253.8333333333335,928.0,254,True,-1.6995392285361133,-1.6995392285361133,-3.3990784570722266
35,0,3456.5,586.0,250,True,-1.1887363279482315,-1.1887363279482315,-2.377472655896463
35,1,3463.3333333333335,768.0,253,True,-1.4700193168420805,-1.4700193168420805,-2.940038633684161
35,2,3201.6666666666665,638.0,251,True,-1.2479389477192382,-1.2479389477192382,-2.4958778954384764
35,3,3319.8333333333335,898.0,255,True,-1.6587063701226725,-1.6587063701226725,-3.317412740245345
36,0,3671.0,627.0,250,True,-1.2696542167677871,-1.2696542167677871,-2.5393084335355742
36,1,3364.8333333333335,828.0,253,True,-1.554446060606146,-1.554446060606146,-3.108892121212292
36,2,3605.5,768.0,252,True,-1.4817365107595784,-1.4817365107595784,-2.9634730215191567
36,3,3629.0,651.0,250,True,-1.3032106256156017,-1.3032106256156017,-2.6064212512312035
37,0,4287.166666666666,1208.0,254,True,-2.216581840247459,-2.216581840247459,-4.433163680494918
37,1,3545.0,651.0,250,True,-1.2962874535940085,-1.2962874535940085,-2.592574907188017
37,2,3915.666666666667,755.0,249,True,-1.4872486348385172,-1.4872486348385172,-2.9744972696770344
37,3,3596.5,781.0,250,True,-1.501046156210443,-1.501046156210443,-3.002092312420886
38,0,4080.6666666666665,1503.0,261,True,-2.654575229164812,-2.654575229164812,-5.309150458329624
38,1,3653.6666666666665,913.0,254,True,-1.70935673111417,-1.70935673111417,-3.41871346222834
38,2,3989.8333333333335,911.0,252,True,-1.7339783227480836,-1.7339783227480836,-3.4679566454961672
38,3,4014.8333333333335,1438.0,258,True,-2.548892261048672,-2.548892261048672,-5.097784522097344
39,0,3720.3333333333335,1273.0,257,True,-2.2701212349628648,-2.2701212349628648,-4.5402424699257296
39,1,4197.666666666667,1191.0,255,True,-2.182984285604363,-2.182984285604363,-4.365968571208726
39,2,3368.3333333333335,662.0,251,True,-1.298693395001648,-1.298693395001648,-2.597386790003296
39,3,3903.6666666666665,900.0,252,True,-1.709909995868116,-1.709909995868116,-3.419819991736232
40,0,4000.333333333333,1026.0,256,True,-1.912221611281632,-1.912221611281632,-3.824443222563264
40,1,3519.166666666667,872.0,253,True,-1.6350323394580373,-1.6350323394580373,-3.2700646789160746
40,2,3951.8333333333335,1507.0,262,True,-2.650126617250986,-2.650126617250986,-5.300253234501972
40,3,3558.333333333333,1013.0,256,True,-1.8557411255719733,-1.8557411255719733,-3.7114822511439467
41,0,3167.0,831.0,253,True,-1.5427681409364258,-1.5427681409364258,-3.0855362818728516
41,1,3525.5,497.0,248,True,-1.0571481549843313,-1.0571481549843313,-2.1142963099686627
41,2,3529.5,811.0,253,True,-1.54179659590934,-1.54179659590934,-3.08359319181868
41,3,3219.6666666666665,573.0,250,True,-1.1491654151722681,-1.1491654151722681,-2.2983308303445362
42,0,3629.6666666666665,1260.0,257,True,-2.242597190962574,-2.242597190962574,-4.485194381925148
42,1,3877.666666666667,1106.0,255,True,-2.025504898493089,-2.025504898493089,-4.051009796986178
42,2,3742.9999999999995,1171.0,257,True,-2.114662914343404,-2.114662914343404,-4.229325828686808
42,3,3858.6666666666665,1117.0,257,True,-2.0409055238936396,-2.0409055238936396,-4.081811047787279
43,0,3366.8333333333335,733.0,252,True,-1.4080813350532269,-1.4080813350532269,-2.8161626701064537
43,1,3385.5,447.0,248,True,-0.9684887123262336,-0.9684887123262336,-1.9369774246524671
43,2,3745.6666666666665,939.0,254,True,-1.7570420806156017,-1.7570420806156017,-3.5140841612312035
43,3,3585.1666666666665,523.0,248,True,-1.1021686327155473,-1.1021686327155473,-2.2043372654310947
44,0,3537.333333333333,900.0,253,True,-1.679717273440611,-1.679717273440611,-3.359434546881222
44,1,3416.5,1026.0,256,True,-1.8641028184410704,-1.8641028184410704,-3.728205636882141
44,2,3601.333333333333,885.0,254,True,-1.6618558243847181,-1.6618558243847181,-3.3237116487694363
44,3,3462.6666666666665,690.0,251,True,-1.3496558877418965,-1.3496558877418965,-2.699311775483793
45,0,3336.6666666666665,512.0,249,True,-1.064721001174803,-1.064721001174803,-2.129442002349606
45,1,3577.8333333333335,642.0,251,True,-1.285111786649517,-1.285111786649517,-2.570223573299034
45,2,3508.166666666667,731.0,250,True,-1.4166450138037219,-1.4166450138037219,-2.8332900276074438
45,3,3960.1666666666665,1030.0,255,True,-1.9150807920572652,-1.9150807920572652,-3.8301615841145304
46,0,3914.8333333333335,1108.0,257,True,-2.0316529602884827,-2.0316529602884827,-4.0633059205769655
46,1,4219.833333333334,1271.0,258,True,-2.308204549972101,-2.308204549972101,-4.616409099944202
46,2,3401.833333333333,933.0,255,True,-1.7194492805506543,-1.7194492805506543,-3.4388985611013085
46,3,3230.8333333333335,843.0,253,True,-1.566538199644046,-1.566538199644046,-3.133076399288092
47,0,3375.6666666666665,508.0,249,True,-1.0617656652322023,-1.0617656652322023,-2.1235313304644046
47,1,3241.0000000000005,729.0,252,True,-1.3915406476634917,-1.3915406476634917,-2.7830812953269835
47,2,3594.6666666666665,874.0,254,True,-1.6443397853109014,-1.6443397853109014,-3.288679570621803
47,3,3800.4999999999995,1108.0,257,True,-2.0222297539257554,-2.0222297539257554,-4.044459507851511
48,0,3649.6666666666665,887.0,254,True,-1.668924228492502,-1.668924228492502,-3.337848456985004
48,1,3759.6666666666665,874.0,253,True,-1.657938873210461,-1.657938873210461,-3.315877746420922
48,2,3657.5,1123.0,257,True,-2.0335801245327714,-2.0335801245327714,-4.067160249065543
48,3,3387.6666666666665,742.0,252,True,-1.4236801396781809,-1.4236801396781809,-2.8473602793563617
49,0,3401.6666666666665,653.0,251,True,-1.287558937414427,-1.287558937414427,-2.575117874828854
49,1,3282.6666666666665,833.0,253,True,-1.5553860718234256,-1.5553860718234256,-3.110772143646851
49,2,3157.8333333333335,512.0,249,True,-1.0499817877240678,-1.0499817877240678,-2.0999635754481356
49,3,3269.5,551.0,250,True,-1.119339452493257,-1.119339452493257,-2.238678904986514
50,0,3519.8333333333335,783.0,253,True,-1.4978122210003812,-1.4978122210003812,-2.9956244420007625
50,1,3259.8333333333335,653.0,251,True,-1.2758692164017755,-1.2758692164017755,-2.551738432803551
50,2,3312.0,767.0,251,True,-1.4560042015888306,-1.4560042015888306,-2.912008403177661
50,3,3398.3333333333335,767.0,252,True,-1.4631196839443572,-1.4631196839443572,-2.9262393678887144
51,0,3387.8333333333335,668.0,251,True,-1.309555058649884,-1.309555058649884,-2.619110117299768
51,1,3411.3333333333335,753.0,252,True,-1.4425972968992242,-1.4425972968992242,-2.8851945937984484
51,2,3792.8333333333335,1110.0,257,True,-2.024682710019147,-2.024682710019147,-4.049365420038294
51,3,3326.3333333333335,780.0,252,True,-1.4772369503790248,-1.4772369503790248,-2.9544739007580496
52,0,3302.333333333333,742.0,252,True,-1.4166470760371965,-1.4166470760371965,-2.833294152074393
52,1,3637.0,642.0,251,True,-1.2899882272599645,-1.2899882272599645,-2.579976454519929
52,2,3218.8333333333335,748.0,252,True,-1.4190196120875274,-1.4190196120875274,-2.8380392241750547
52,3,3617.666666666667,731.0,252,True,-1.425669863046156,-1.425669863046156,-2.851339726092312
53,0,3477.5,983.0,255,True,-1.802806452573168,-1.802806452573168,-3.605612905146336
53,1,3502.3333333333335,1037.0,256,True,-1.88814367241619,-1.88814367241619,-3.77628734483238
53,2,3588.0,642.0,251,True,-1.285949710247368,-1.285949710247368,-2.571899420494736
53,3,3658.0,642.0,251,True,-1.2917190202653623,-1.2917190202653623,-2.5834380405307247
54,0,3525.5,642.0,250,True,-1.2807985405884452,-1.2807985405884452,-2.5615970811768904
54,1,3631.5,913.0,255,True,-1.7075297829418041,-1.7075297829418041,-3.4150595658836083
54,2,3782.5,642.0,250,True,-1.3019801502259396,-1.3019801502259396,-2.603960300451879
54,3,3240.8333333333335,1008.0,255,True,-1.8218611014424293,-1.8218611014424293,-3.6437222028848586
55,0,3145.6666666666665,653.0,251,True,-1.2664597464914755,-1.2664597464914755,-2.532919492982951
55,1,3220.3333333333335,809.0,253,True,-1.5132306437583125,-1.5132306437583125,-3.026461287516625
55,2,3693.5,642.0,250,True,-1.2946448846316325,-1.2946448846316325,-2.589289769263265
55,3,3484.8333333333335,887.0,254,True,-1.6553388770453668,-1.6553388770453668,-3.3106777540907335
56,0,3356.8333333333335,718.0,252,True,-1.3841209011211661,-1.3841209011211661,-2.7682418022423323
56,1,3412.3333333333335,1182.0,258,True,-2.1043763737114536,-2.1043763737114536,-4.208752747422907
56,2,3171.1666666666665,1004.0,255,True,-1.8099495985195142,-1.8099495985195142,-3.6198991970390284
56,3,3510.5,562.0,249,True,-1.1561689436749294,-1.1561689436749294,-2.312337887349859
57,0,3257.3333333333335,885.0,253,True,-1.6335037865819997,-1.6335037865819997,-3.2670075731639994
57,1,3341.8333333333335,883.0,254,True,-1.6373833350559808,-1.6373833350559808,-3.2747666701119615
57,2,3546.8333333333335,1061.0,256,True,-1.9288293000719559,-1.9288293000719559,-3.8576586001439117
57,3,3582.5,642.0,249,True,-1.2854964073173831,-1.2854964073173831,-2.5709928146347663
58,0,3454.666666666667,651.0,250,True,-1.2888422963803106,-1.2888422963803106,-2.577684592760621
58,1,3384.3333333333335,1102.0,257,True,-1.9786753335088818,-1.9786753335088818,-3.9573506670177636
58,2,3470.3333333333335,1013.0,256,True,-1.8484882786922086,-1.8484882786922086,-3.696976557384417
58,3,3372.5,562.0,248,True,-1.144795161068026,-1.144795161068026,-2.289590322136052
59,0,3644.1666666666665,1167.0,257,True,-2.100347532246323,-2.100347532246323,-4.200695064492646
59,1,3471.666666666667,1156.0,257,True,-2.069163723010829,-2.069163723010829,-4.138327446021658
59,2,3361.8333333333335,703.0,252,True,-1.361396747907248,-1.361396747907248,-2.722793495814496
59,3,3407.8333333333335,991.0,256,True,-1.8094039470795575,-1.8094039470795575,-3.618807894159115
60,0,3419.3333333333335,985.0,255,True,-1.8010972635821465,-1.8010972635821465,-3.602194527164293
60,1,3341.3333333333335,1078.0,256,True,-1.938113333924931,-1.938113333924931,-3.876226667849862
60,2,3500.166666666667,1282.0,259,True,-2.2658571293830083,-2.2658571293830083,-4.531714258766017
60,3,3191.8333333333335,601.0,250,True,-1.1900590882858753,-1.1900590882858753,-2.3801181765717505
61,0,3491.8333333333335,976.0,255,True,-1.7931908723145198,-1.7931908723145198,-3.5863817446290396
61,1,3721.3333333333335,807.0,252,True,-1.5514375868393617,-1.5514375868393617,-3.1028751736787235
61,2,3587.0,781.0,253,True,-1.5002631784222864,-1.5002631784222864,-3.000526356844573
61,3,3508.3333333333335,948.0,254,True,-1.7513631204360944,-1.7513631204360944,-3.502726240872189
62,0,3885.8333333333335,976.0,254,True,-1.8256638458443737,-1.8256638458443737,-3.6513276916887474
62,1,3596.3333333333335,972.0,254,True,-1.7956339621744712,-1.7956339621744712,-3.5912679243489425
62,2,3436.0,905.0,253,True,-1.6790775926291537,-1.6790775926291537,-3.3581551852583074
62,3,3579.666666666667,820.0,252,True,-1.5598130161608832,-1.5598130161608832,-3.1196260323217664
63,0,3671.166666666667,872.0,253,True,-1.6475599840685404,-1.6475599840685404,-3.295119968137081
63,1,3431.8333333333335,870.0,254,True,-1.6247496054830834,-1.6247496054830834,-3.249499210966167
63,2,3765.1666666666665,952.0,254,True,-1.778700659430934,-1.778700659430934,-3.557401318861868
63,3,3513.5000000000005,1217.0,257,True,-2.1666989761681736,-2.1666989761681736,-4.333397952336347
64,0,3689.3333333333335,892.0,253,True,-1.6799055864315766,-1.6799055864315766,-3.3598111728631532
64,1,3610.8333333333335,892.0,253,True,-1.6734357173399683,-1.6734357173399683,-3.3468714346799366
64,2,3585.333333333333,1102.0,256,True,-1.9952414951319821,-1.9952414951319821,-3.9904829902639642
64,3,3649.3333333333335,881.0,253,True,-1.6596422568730016,-1.6596422568730016,-3.319284513746003
65,0,3557.8333333333335,727.0,252,True,-1.4145688108162453,-1.4145688108162453,-2.8291376216324906
65,1,3624.166666666667,870.0,254,True,-1.6406014715801442,-1.6406014715801442,-3.2812029431602885
65,2,3475.166666666667,651.0,251,True,-1.2905318800284367,-1.2905318800284367,-2.5810637600568733
65,3,3499.3333333333335,1061.0,256,True,-1.9249144111311733,-1.9249144111311733,-3.8498288222623467
66,0,3624.5,707.0,252,True,-1.3892150627369206,-1.3892150627369206,-2.7784301254738413
66,1,2979.3333333333335,447.0,248,True,-0.9350129777694411,-0.9350129777694411,-1.8700259555388823
66,2,3466.5,796.0,253,True,-1.5134679701065124,-1.5134679701065124,-3.0269359402130247
66,3,3282.8333333333335,796.0,253,True,-1.4983303995354873,-1.4983303995354873,-2.9966607990709746
67,0,3132.8333333333335,711.0,251,True,-1.3548621938964882,-1.3548621938964882,-2.7097243877929764
67,1,3175.8333333333335,729.0,252,True,-1.3861696947657858,-1.3861696947657858,-2.7723393895315716
67,2,3162.8333333333335,601.0,250,True,-1.1876689455641345,-1.1876689455641345,-2.375337891128269
67,3,3393.6666666666665,863.0,254,True,-1.6108070427109389,-1.6108070427109389,-3.2216140854218778
68,0,3479.1666666666665,963.0,255,True,-1.772095488048562,-1.772095488048562,-3.544190976097124
68,1,3832.666666666667,896.0,253,True,-1.6978886013258117,-1.6978886013258117,-3.3957772026516233
68,2,3311.6666666666665,1158.0,258,True,-2.0590615615888668,-2.0590615615888668,-4.1181231231777335
68,3,3394.8333333333335,1145.0,257,True,-2.0458646374665945,-2.0458646374665945,-4.091729274933189
69,0,3480.5,1221.0,257,True,-2.1701488243980287,-2.1701488243980287,-4.340297648796057
69,1,3947.5,1184.0,258,True,-2.1515689553491497,-2.1515689553491497,-4.303137910698299
69,2,3169.333333333333,681.0,251,True,-1.311597983404034,-1.311597983404034,-2.623195966808068
69,3,3410.0,1056.0,256,True,-1.9098395903698082,-1.9098395903698082,-3.8196791807396164
70,0,3778.6666666666665,900.0,253,True,-1.6996076565502682,-1.6996076565502682,-3.3992153131005365
70,1,3278.5,713.0,251,True,-1.3699526862197708,-1.3699526862197708,-2.7399053724395417
70,2,3671.6666666666665,1386.0,260,True,-2.440403249981082,-2.440403249981082,-4.880806499962164
70,3,3708.833333333333,976.0,255,True,-1.8110757333703014,-1.8110757333703014,-3.6221514667406027
71,0,3517.5,967.0,254,True,-1.781424537915805,-1.781424537915805,-3.56284907583161
71,1,3784.1666666666665,1106.0,257,True,-2.0177987486833406,-2.0177987486833406,-4.035597497366681
71,2,3818.6666666666665,911.0,254,True,-1.7198709861088433,-1.7198709861088433,-3.4397419722176865
71,3,3167.5,681.0,251,True,-1.3114468824273733,-1.3114468824273733,-2.6228937648547466
72,0,3330.8333333333335,1142.0,257,True,-2.035962590378529,-2.035962590378529,-4.071925180757058
72,1,4014.3333333333335,1106.0,257,True,-2.0367687894806035,-2.0367687894806035,-4.073537578961207
72,2,3568.3333333333335,822.0,253,True,-1.5619637703009495,-1.5619637703009495,-3.123927540601899
72,3,3376.3333333333335,816.0,253,True,-1.5368848783940823,-1.5368848783940823,-3.0737697567881646
73,0,3357.3333333333335,805.0,253,True,-1.5183523418409048,-1.5183523418409048,-3.0367046836818097
73,1,3956.0000000000005,1052.0,255,True,-1.9486705427003974,-1.9486705427003974,-3.897341085400795
73,2,3418.5,1176.0,258,True,-2.09563012373648,-2.09563012373648,-4.19126024747296
73,3,3526.3333333333335,1141.0,257,True,-2.050533032619201,-2.050533032619201,-4.101066065238402
74,0,3119.0,531.0,249,True,-1.076087106905725,-1.076087106905725,-2.15217421381145
74,1,3501.5,882.0,254,True,-1.6490004400255356,-1.6490004400255356,-3.298000880051071
74,2,3424.3333333333335,905.0,254,True,-1.6781160409594882,-1.6781160409594882,-3.3562320819189764
74,3,3928.8333333333335,1102.0,257,True,-2.0235523235774266,-2.0235523235774266,-4.047104647154853
75,0,3717.3333333333335,996.0,254,True,-1.8426246214927604,-1.8426246214927604,-3.685249242985521
75,1,3629.8333333333335,1306.0,259,True,-2.313562084227337,-2.313562084227337,-4.627124168454674
75,2,3779.5000000000005,1029.0,255,True,-1.8986480611774275,-1.8986480611774275,-3.797296122354855
75,3,3959.5,1165.0,256,True,-2.123252067327263,-2.123252067327263,-4.246504134654526
76,0,4398.666666666666,2431.0,275,True,-4.112146848255739,-4.112146848255739,-8.224293696511477
76,1,4543.666666666666,2601.0,275,True,-4.386308358779611,-4.386308358779611,-8.772616717559222
76,2,4062.999999999999,1980.0,268,True,-3.388851813022799,-3.388851813022799,-6.777703626045598
76,3,4655.166666666666,2616.0,276,True,-4.418634292237761,-4.418634292237761,-8.837268584475522
77,0,4840.666666666666,2871.0,279,True,-4.8272391591582045,-4.8272391591582045,-9.654478318316409
77,1,4325.833333333333,2197.0,271,True,-3.745218568675078,-3.745218568675078,-7.490437137350156
77,2,4174.333333333334,2989.0,282,True,-4.9543259637560375,-4.9543259637560375,-9.908651927512075
77,3,4294.5,2208.0,270,True,-3.7596026965962652,-3.7596026965962652,-7.5192053931925305
78,0,4160.0,1933.0,268,True,-3.324352855068668,-3.324352855068668,-6.648705710137336
78,1,4357.166666666666,2915.0,281,True,-4.855256034584219,-4.855256034584219,-9.710512069168438
78,2,4091.9999999999995,2737.0,278,True,-4.558851210243257,-4.558851210243257,-9.117702420486514
78,3,4457.833333333334,2653.0,277,True,-4.459439741308348,-4.459439741308348,-8.918879482616695
79,0,3782.3333333333335,1510.0,262,True,-2.640783894493311,-2.640783894493311,-5.281567788986622
79,1,3520.0,1516.0,262,True,-2.6284172170929074,-2.6284172170929074,-5.256834434185815
79,2,3556.3333333333335,1312.0,260,True,-2.3167588074230947,-2.3167588074230947,-4.633517614846189
79,3,3828.3333333333335,1833.0,267,True,-3.1427756695010935,-3.1427756695010935,-6.285551339002187
80,0,3882.8333333333335,1215.0,258,True,-2.1940541218344243,-2.1940541218344243,-4.3881082436688486
80,1,3814.1666666666665,1089.0,257,True,-1.9940502304281067,-1.9940502304281067,-3.9881004608562134
80,2,4187.833333333333,1590.0,263,True,-2.7975979994357836,-2.7975979994357836,-5.595195998871567
80,3,3856.166666666667,1796.0,266,True,-3.0880002483155087,-3.0880002483155087,-6.176000496631017
81,0,4077.666666666667,1759.0,266,True,-3.0491865848463786,-3.0491865848463786,-6.098373169692757
81,1,4003.5000000000005,2251.0,272,True,-3.80194275811933,-3.80194275811933,-7.60388551623866
81,2,4045.5000000000005,1670.0,264,True,-2.9092603852612333,-2.9092603852612333,-5.818520770522467
81,3,3748.4999999999995,1935.0,268,True,-3.293522386939198,-3.293522386939198,-6.587044773878396
82,0,4468.166666666667,2561.0,276,True,-4.318389087733943,-4.318389087733943,-8.636778175467885
82,1,3752.333333333333,1516.0,261,True,-2.647565831771677,-2.647565831771677,-5.295131663543354
82,2,3787.5,2037.0,268,True,-3.4540631949554643,-3.4540631949554643,-6.908126389910929
82,3,3796.0,1703.0,265,True,-2.9395966589133984,-2.9395966589133984,-5.879193317826797
83,0,3762.6666666666665,1115.0,257,True,-2.0299084943926498,-2.0299084943926498,-4.0598169887852995
83,1,3695.833333333334,1675.0,263,True,-2.888153390338315,-2.888153390338315,-5.77630678067663
83,2,3663.8333333333335,1189.0,258,True,-2.13590159558606,-2.13590159558606,-4.27180319117212
83,3,3680.3333333333335,1701.0,264,True,-2.9269787280263992,-2.9269787280263992,-5.8539574560527985
84,0,3871.3333333333335,1477.0,261,True,-2.597219417157026,-2.597219417157026,-5.194438834314052
84,1,3225.1666666666665,893.0,254,True,-1.6431919828837454,-1.6431919828837454,-3.2863839657674907
84,2,3518.8333333333335,992.0,255,True,-1.8200948408462485,-1.8200948408462485,-3.640189681692497
84,3,3621.3333333333335,1239.0,258,True,-2.2095196228400984,-2.2095196228400984,-4.419039245680197
85,0,3301.1666666666665,640.0,251,True,-1.2592244427211292,-1.2592244427211292,-2.5184488854422584
85,1,3427.333333333333,892.0,254,True,-1.6583118832213688,-1.6583118832213688,-3.3166237664427376
85,2,3441.8333333333335,1115.0,256,True,-2.00346582347684,-2.00346582347684,-4.00693164695368
85,3,3134.8333333333335,701.0,251,True,-1.3396028668011524,-1.3396028668011524,-2.6792057336023047
86,0,3395.8333333333335,742.0,252,True,-1.4243532258469473,-1.4243532258469473,-2.8487064516938947
86,1,3482.3333333333335,749.0,252,True,-1.4422793598219918,-1.4422793598219918,-2.8845587196439837
86,2,3993.6666666666665,1004.0,256,True,-1.877738991230952,-1.877738991230952,-3.755477982461904
86,3,3656.666666666667,1135.0,256,True,-2.052020439699956,-2.052020439699956,-4.104040879399912
87,0,3195.6666666666665,443.0,248,True,-0.9466732272057605,-0.9466732272057605,-1.893346454411521
87,1,3639.0,601.0,250,True,-1.2269139901389214,-1.2269139901389214,-2.453827980277843
87,2,3382.6666666666665,898.0,254,True,-1.663885012686443,-1.663885012686443,-3.327770025372886
87,3,3406.3333333333335,671.0,251,True,-1.315707054226252,-1.315707054226252,-2.631414108452504
88,0,3604.6666666666665,842.0,253,True,-1.5958066459781792,-1.5958066459781792,-3.1916132919563585
88,1,3052.8333333333335,367.0,247,True,-0.8176774370929631,-0.8176774370929631,-1.6353548741859263
88,2,3119.3333333333335,805.0,253,True,-1.4987366877797228,-1.4987366877797228,-2.9974733755594456
88,3,3160.3333333333335,571.0,250,True,-1.141190405204512,-1.141190405204512,-2.282380810409024
89,0,3493.5,716.0,252,True,-1.3922999592037948,-1.3922999592037948,-2.7845999184075896
89,1,3337.8333333333335,763.0,252,True,-1.4519636859047511,-1.4519636859047511,-2.9039273718095022
89,2,3330.8333333333335,597.0,249,True,-1.1953456237975517,-1.1953456237975517,-2.3906912475951034
89,3,3358.3333333333335,660.0,251,True,-1.2947843749513352,-1.2947843749513352,-2.5895687499026705
90,0,3347.166666666667,495.0,249,True,-1.0393653179859845,-1.0393653179859845,-2.078730635971969
90,1,3133.6666666666665,597.0,250,True,-1.1790954005802003,-1.1790954005802003,-2.3581908011604007
90,2,3509.5,627.0,251,True,-1.256343594369128,-1.256343594369128,-2.512687188738256
90,3,3619.5,586.0,250,True,-1.2021705784187053,-1.2021705784187053,-2.4043411568374107
91,0,3498.5,497.0,248,True,-1.0549228496916758,-1.0549228496916758,-2.1098456993833516
91,1,3582.3333333333335,586.0,249,True,-1.199107349528198,-1.199107349528198,-2.398214699056396
91,2,3227.8333333333335,755.0,252,True,-1.4305582956855079,-1.4305582956855079,-2.8611165913710157
91,3,3487.5,627.0,250,True,-1.2545303826491865,-1.2545303826491865,-2.509060765298373
92,0,3227.333333333333,816.0,253,True,-1.5246044899272089,-1.5246044899272089,-3.0492089798544177
92,1,3796.8333333333335,738.0,251,True,-1.4512334645688336,-1.4512334645688336,-2.9024669291376672
92,2,3607.8333333333335,738.0,252,True,-1.4356563275202476,-1.4356563275202476,-2.8713126550404953
92,3,3656.8333333333335,738.0,252,True,-1.4396948445328444,-1.4396948445328444,-2.8793896890656887
93,0,3780.8333333333335,738.0,251,True,-1.4499147651361497,-1.4499147651361497,-2.8998295302722994
93,1,3421.8333333333335,827.0,252,True,-1.557601510882642,-1.557601510882642,-3.115203021765284
93,2,3353.333333333333,571.0,250,True,-1.1570972171112692,-1.1570972171112692,-2.3141944342225385
93,3,3536.8333333333335,903.0,254,True,-1.684303313440667,-1.684303313440667,-3.368606626881334
94,0,3733.8333333333335,827.0,251,True,-1.5833161498199886,-1.5833161498199886,-3.166632299639977
94,1,3402.8333333333335,662.0,251,True,-1.3015368406533732,-1.3015368406533732,-2.6030736813067463
94,2,3448.8333333333335,983.0,255,True,-1.8004437827562756,-1.8004437827562756,-3.600887565512551
94,3,3570.8333333333335,903.0,254,True,-1.6871055497351215,-1.6871055497351215,-3.374211099470243
95,0,3321.3333333333335,660.0,251,True,-1.291734882513252,-1.291734882513252,-2.583469765026504
95,1,3349.3333333333335,701.0,252,True,-1.3572816810705783,-1.3572816810705783,-2.7145633621411567
95,2,3405.6666666666665,636.0,251,True,-1.2616675325810824,-1.2616675325810824,-2.523335065162165
95,3,3234.3333333333335,612.0,250,True,-1.210528464630807,-1.210528464630807,-2.421056929261614
96,0,3509.3333333333335,907.0,253,True,-1.6882064646005086,-1.6882064646005086,-3.376412929201017
96,1,3380.3333333333335,651.0,251,True,-1.2827158385992963,-1.2827158385992963,-2.5654316771985926
96,2,3760.5,577.0,249,True,-1.1999098690972574,-1.1999098690972574,-2.3998197381945148
96,3,3249.5,807.0,253,True,-1.5125496900275919,-1.5125496900275919,-3.0250993800551838
97,0,3929.3333333333335,844.0,252,True,-1.6256500882046199,-1.6256500882046199,-3.2513001764092397
97,1,3601.166666666667,666.0,251,True,-1.3240528848474606,-1.3240528848474606,-2.6481057696949213
97,2,3789.666666666667,742.0,251,True,-1.4568124629243793,-1.4568124629243793,-2.9136249258487585
97,3,3239.3333333333335,597.0,250,True,-1.1878043114168872,-1.1878043114168872,-2.3756086228337745
98,0,3143.6666666666665,597.0,250,True,-1.1799195877256292,-1.1799195877256292,-2.3598391754512584
98,1,3745.666666666667,733.0,251,True,-1.4393042914125174,-1.4393042914125174,-2.8786085828250347
98,2,3854.5,666.0,250,True,-1.3449322925316312,-1.3449322925316312,-2.6898645850632623
98,3,3426.4999999999995,972.0,255,True,-1.7816365171546222,-1.7816365171546222,-3.5632730343092445
99,0,3401.166666666667,900.0,254,True,-1.6684945918103682,-1.6684945918103682,-3.3369891836207364
99,1,3220.5,763.0,252,True,-1.4422932233983978,-1.4422932233983978,-2.8845864467967957
99,2,3373.3333333333335,1054.0,256,True,-1.9037327379316868,-1.9037327379316868,-3.8074654758633737
99,3,3166.0000000000005,770.0,252,True,-1.4485983186229114,-1.4485983186229114,-2.897196637245823
100,0,3353.0,935.0,254,True,-1.718509332895368,-1.718509332895368,-3.437018665790736
100,1,3229.8333333333335,964.0,254,True,-1.7530881716750046,-1.7530881716750046,-3.5061763433500093
100,2,3276.5,601.0,250,True,-1.1970372061171635,-1.1970372061171635,-2.394074412234327
100,3,3212.3333333333335,831.0,253,True,-1.5465044559956982,-1.5465044559956982,-3.0930089119913964
101,0,3188.1666666666665,716.0,252,True,-1.3671347783633996,-1.3671347783633996,-2.734269556726799
101,1,3041.3333333333335,432.0,248,True,-0.9169866912844618,-0.9169866912844618,-1.8339733825689235
101,2,3433.833333333333,742.0,252,True,-1.4274851369995716,-1.4274851369995716,-2.854970273999143
101,3,3283.5,523.0,249,True,-1.0773056538284753,-1.0773056538284753,-2.1546113076569506
102,0,3211.3333333333335,781.0,253,True,-1.4693012146590474,-1.4693012146590474,-2.938602429318095
102,1,3197.333333333333,662.0,251,True,-1.284599794814831,-1.284599794814831,-2.569199589629662
102,2,3199.6666666666665,597.0,250,True,-1.1845350357400246,-1.1845350357400246,-2.3690700714800492
102,3,2943.8333333333335,631.0,250,True,-1.2158917406525298,-1.2158917406525298,-2.4317834813050596
103,0,3270.1666666666665,816.0,253,True,-1.5281347582001241,-1.5281347582001241,-3.0562695164002482
103,1,3054.3333333333335,816.0,253,True,-1.5103460523113064,-1.5103460523113064,-3.0206921046226127
103,2,3758.3333333333335,987.0,255,True,-1.832122040717035,-1.832122040717035,-3.66424408143407
103,3,3293.1666666666665,816.0,253,True,-1.5300303886346074,-1.5300303886346074,-3.0600607772692148
104,0,3185.6666666666665,857.0,254,True,-1.5844094513713878,-1.5844094513713878,-3.1688189027427756
104,1,3197.6666666666665,913.0,254,True,-1.6717737972826607,-1.6717737972826607,-3.3435475945653215
104,2,3446.166666666667,1007.0,255,True,-1.8372419943761062,-1.8372419943761062,-3.6744839887522125
104,3,3246.333333333333,662.0,251,True,-1.288638311827428,-1.288638311827428,-2.577276623654856
105,0,3345.5,651.0,251,True,-1.2798449200427233,-1.2798449200427233,-2.5596898400854466
105,1,3447.333333333333,1111.0,257,True,-1.9977494605970558,-1.9977494605970558,-3.9954989211941117
105,2,3253.6666666666665,662.0,251,True,-1.2892427157340753,-1.2892427157340753,-2.5784854314681507
105,3,3308.3333333333335,987.0,255,True,-1.7950336191727823,-1.7950336191727823,-3.5900672383455645
106,0,3130.8333333333335,816.0,253,True,-1.5166510839738299,-1.5166510839738299,-3.0333021679476597
106,1,3373.3333333333335,597.0,250,True,-1.198848419165621,-1.198848419165621,-2.397696838331242
106,2,3234.6666666666665,597.0,250,True,-1.187419690749021,-1.187419690749021,-2.374839381498042
106,3,3187.5,968.0,255,True,-1.755768778569129,-1.755768778569129,-3.511537557138258
107,0,3273.6666666666665,727.0,252,True,-1.3911481594336712,-1.3911481594336712,-2.7822963188673424
107,1,3207.3333333333335,597.0,250,True,-1.185166912551519,-1.185166912551519,-2.370333825103038
107,2,3382.1666666666665,991.0,255,True,-1.8072885334062925,-1.8072885334062925,-3.614577066812585
107,3,3303.5000000000005,838.0,253,True,-1.564815210638611,-1.564815210638611,-3.129630421277222
108,0,3202.333333333333,662.0,251,True,-1.2850118883875457,-1.2850118883875457,-2.5700237767750913
108,1,3241.6666666666665,662.0,251,True,-1.2882536911595608,-1.2882536911595608,-2.5765073823191216
108,2,3111.3333333333335,597.0,250,True,-1.177254715955412,-1.177254715955412,-2.354509431910824
108,3,3307.4999999999995,983.0,255,True,-1.788795271100894,-1.788795271100894,-3.577590542201788
109,0,3135.6666666666665,727.0,252,True,-1.3797743768267672,-1.3797743768267672,-2.7595487536535344
109,1,3213.3333333333335,827.0,253,True,-1.5404172089004726,-1.5404172089004726,-3.0808344178009452
109,2,3327.6666666666665,662.0,251,True,-1.2953417006102412,-1.2953417006102412,-2.5906834012204825
109,3,3354.3333333333335,597.0,250,True,-1.1972824635893073,-1.1972824635893073,-2.3945649271786147
110,0,3299.3333333333335,916.0,254,True,-1.6847802826185039,-1.6847802826185039,-3.3695605652370078
110,1,3154.1666666666665,586.0,250,True,-1.163818403251465,-1.163818403251465,-2.32763680650293
110,2,3160.6666666666665,727.0,252,True,-1.381834844690337,-1.381834844690337,-2.763669689380674
110,3,3218.6666666666665,727.0,252,True,-1.3866151301338183,-1.3866151301338183,-2.7732302602676366
111,0,3144.3333333333335,727.0,252,True,-1.380488672352805,-1.380488672352805,-2.76097734470561
111,1,3193.6666666666665,597.0,250,True,-1.1840405234527673,-1.1840405234527673,-2.3680810469055347
111,2,3301.3333333333335,597.0,250,True,-1.1929142717185406,-1.1929142717185406,-2.385828543437081
111,3,3199.3333333333335,727.0,252,True,-1.3850217016526574,-1.3850217016526574,-2.7700434033053147
112,0,3186.833333333333,959.0,255,True,-1.7418320846874533,-1.7418320846874533,-3.4836641693749066
112,1,3312.3333333333335,1133.0,257,True,-2.020556096087507,-2.020556096087507,-4.041112192175014
112,2,3178.4999999999995,1033.0,256,True,-1.8552840795469834,-1.8552840795469834,-3.7105681590939668
112,3,3285.3333333333335,827.0,253,True,-1.5463513563475528,-1.5463513563475528,-3.0927027126951057
113,0,2943.8333333333335,672.0,251,True,-1.2791308152026584,-1.2791308152026584,-2.5582616304053167
113,1,3135.3333333333335,831.0,253,True,-1.5401582149759043,-1.5401582149759043,-3.0803164299518087
113,2,3259.3333333333335,920.0,254,True,-1.6876531998465618,-1.6876531998465618,-3.3753063996931236
113,3,3220.3333333333335,831.0,253,True,-1.5471638057120405,-1.5471638057120405,-3.094327611424081
114,0,3083.6666666666665,597.0,249,True,-1.1749744648530613,-1.1749744648530613,-2.3499489297061227
114,1,3144.3333333333335,597.0,250,True,-1.1799745335353238,-1.1799745335353238,-2.3599490670706476
114,2,3015.6666666666665,573.0,250,True,-1.1323519974055412,-1.1323519974055412,-2.2647039948110823
114,3,3080.8333333333335,597.0,250,True,-1.1747409451618571,-1.1747409451618571,-2.3494818903237142
115,0,3083.8333333333335,816.0,253,True,-1.5127774043903182,-1.5127774043903182,-3.0255548087806363
115,1,3034.6666666666665,716.0,252,True,-1.3544835056810829,-1.3544835056810829,-2.7089670113621658
115,2,3168.333333333333,662.0,251,True,-1.2822096520930917,-1.2822096520930917,-2.5644193041861834
115,3,3063.3333333333335,727.0,252,True,-1.373812756474839,-1.373812756474839,-2.747625512949678
116,0,3852.0,1608.0,263,True,-2.7976825439457893,-2.7976825439457893,-5.595365087891579
116,1,3418.166666666667,1057.0,256,True,-1.9120550929910165,-1.9120550929910165,-3.824110185982033
116,2,3855.166666666667,1332.0,258,True,-2.3722365956678044,-2.3722365956678044,-4.744473191335609
116,3,3620.8333333333344,1751.0,265,True,-2.999195637133212,-2.999195637133212,-5.998391274266424
117,0,3836.0,1621.0,263,True,-2.816415258394851,-2.816415258394851,-5.632830516789702
117,1,3654.833333333333,1397.0,260,True,-2.4559824492631415,-2.4559824492631415,-4.911964898526283
117,2,3549.1666666666665,1356.0,258,True,-2.384034463876327,-2.384034463876327,-4.768068927752654
117,3,3550.5,1222.0,258,True,-2.1774605508684672,-2.1774605508684672,-4.3549211017369345
118,0,3556.5,1187.0,256,True,-2.1239704873202485,-2.1239704873202485,-4.247940974640497
118,1,3411.5,927.0,253,True,-1.710991496076584,-1.710991496076584,-3.421982992153168
118,2,3544.5000000000005,1187.0,256,True,-2.1229814627457335,-2.1229814627457335,-4.245962925491467
118,3,3533.5,1022.0,255,True,-1.8675761422328079,-1.8675761422328079,-3.7351522844656158
119,0,3745.1666666666665,1480.0,260,True,-2.5914481720295397,-2.5914481720295397,-5.182896344059079
119,1,3635.5,1137.0,256,True,-2.0533607431470204,-2.0533607431470204,-4.106721486294041
119,2,3538.3333333333335,1850.0,266,True,-3.145095321975205,-3.145095321975205,-6.29019064395041
119,3,3885.3333333333335,1764.0,263,True,-3.041046801011527,-3.041046801011527,-6.082093602023054
120,0,3413.6666666666665,896.0,253,True,-1.663355159932386,-1.663355159932386,-3.326710319864772
120,1,3895.333333333333,1993.0,266,True,-3.395084355766209,-3.395084355766209,-6.790168711532418
120,2,4025.3333333333335,1725.0,262,True,-2.99243117940227,-2.99243117940227,-5.98486235880454
120,3,3714.0,1061.0,255,True,-1.942606961853023,-1.942606961853023,-3.885213923706046
121,0,3536.4999999999995,1356.0,259,True,-2.3829904934921156,-2.3829904934921156,-4.765980986984231
121,1,3546.9999999999995,1850.0,266,True,-3.1458096175012447,-3.1458096175012447,-6.291619235002489
121,2,3749.666666666667,1651.0,264,True,-2.855572269612591,-2.855572269612591,-5.711144539225182
121,3,3840.6666666666665,1824.0,265,True,-3.1299104189084788,-3.1299104189084788,-6.2598208378169575
122,0,3491.1666666666665,1492.0,262,True,-2.5890228159649777,-2.5890228159649777,-5.1780456319299555
122,1,3644.0,1311.0,259,True,-2.3224417649455695,-2.3224417649455695,-4.644883529891139
122,2,3596.0,1822.0,266,True,-3.1066604738454586,-3.1066604738454586,-6.213320947690917
122,3,3819.666666666667,1517.0,262,True,-2.6546577750033364,-2.6546577750033364,-5.309315550006673
123,0,3435.166666666667,1616.0,264,True,-2.7756670080534107,-2.7756670080534107,-5.551334016106821
123,1,3562.8333333333335,1594.0,263,True,-2.752255968656312,-2.752255968656312,-5.504511937312624
123,2,3369.5000000000005,1516.0,263,True,-2.616013200554217,-2.616013200554217,-5.232026401108434
123,3,3468.4999999999995,1568.0,264,True,-2.7043783088209477,-2.7043783088209477,-5.408756617641895
124,0,4065.1666666666665,2152.0,269,True,-3.6543260167243594,-3.6543260167243594,-7.308652033448719
124,1,3747.666666666666,1757.0,264,True,-3.0189035761423733,-3.0189035761423733,-6.0378071522847465
124,2,4184.666666666666,2326.0,271,True,-3.932555515837156,-3.932555515837156,-7.865111031674312
124,3,3605.666666666666,1560.0,263,True,-2.703344077546193,-2.703344077546193,-5.406688155092386
125,0,3947.6666666666665,2253.0,273,True,-3.8004258794622405,-3.8004258794622405,-7.600851758924481
125,1,3718.166666666666,1711.0,264,True,-2.9455210672510246,-2.9455210672510246,-5.891042134502049
125,2,3786.333333333333,1080.0,256,True,-1.9778744948013522,-1.9778744948013522,-3.9557489896027045
125,3,3985.3333333333335,1867.0,267,True,-3.208157567067343,-3.208157567067343,-6.416315134134686
126,0,4139.833333333334,1761.0,264,True,-3.057395114505336,-3.057395114505336,-6.114790229010672
126,1,4094.1666666666665,1785.0,265,True,-3.090649321399827,-3.090649321399827,-6.181298642799654
126,2,4276.333333333333,1984.0,268,True,-3.412604137935027,-3.412604137935027,-6.825208275870054
126,3,3794.333333333333,1269.0,258,True,-2.2700505540292615,-2.2700505540292615,-4.540101108058523
127,0,3618.1666666666665,1371.0,260,True,-2.4128576019664063,-2.4128576019664063,-4.825715203932813
127,1,3698.166666666666,1349.0,260,True,-2.3855179371761035,-2.3855179371761035,-4.771035874352207
127,2,4106.333333333334,1808.0,265,True,-3.127127660832935,-3.127127660832935,-6.25425532166587
127,3,3763.166666666667,1648.0,264,True,-2.8520576729015903,-2.8520576729015903,-5.704115345803181
128,0,4130.5,1345.0,259,True,-2.4149806289536664,-2.4149806289536664,-4.829961257907333
128,1,3462.6666666666665,820.0,253,True,-1.5501700265593776,-1.5501700265593776,-3.1003400531187553
128,2,3590.1666666666665,1154.0,257,True,-2.075845507779262,-2.075845507779262,-4.151691015558524
128,3,3830.0,731.0,251,True,-1.4431701034340738,-1.4431701034340738,-2.8863402068681476
129,0,3768.0,677.0,250,True,-1.354769654700545,-1.354769654700545,-2.70953930940109
129,1,3961.166666666667,1050.0,253,True,-1.946011539820651,-1.946011539820651,-3.892023079641302
129,2,3865.0,731.0,251,True,-1.4460547584430712,-1.4460547584430712,-2.8921095168861424
129,3,3930.666666666667,1217.0,256,True,-2.2010813165849368,-2.2010813165849368,-4.4021626331698736
130,0,3933.4999999999995,1065.0,254,True,-1.9668675355049325,-1.9668675355049325,-3.933735071009865
130,1,3836.166666666667,831.0,252,True,-1.5979199974179699,-1.5979199974179699,-3.1958399948359397
130,2,4087.666666666667,820.0,252,True,-1.601681723148617,-1.601681723148617,-3.203363446297234
130,3,3645.666666666667,690.0,251,True,-1.3647385125032254,-1.3647385125032254,-2.729477025006451
131,0,3671.0,601.0,249,True,-1.2295513890042904,-1.2295513890042904,-2.459102778008581
131,1,3580.0,601.0,249,True,-1.2220512859808979,-1.2220512859808979,-2.4441025719617957
131,2,3831.0,731.0,250,True,-1.4432525221486174,-1.4432525221486174,-2.886505044297235
131,3,3666.666666666667,755.0,251,True,-1.4667263749173647,-1.4667263749173647,-2.9334527498347294
132,0,3676.666666666667,946.0,255,True,-1.7621521044792459,-1.7621521044792459,-3.5243042089584917
132,1,3623.166666666667,994.0,254,True,-1.8317786929684308,-1.8317786929684308,-3.6635573859368615
132,2,3868.833333333333,1037.0,254,True,-1.9183501312961198,-1.9183501312961198,-3.8367002625922395
132,3,3884.666666666667,1310.0,259,True,-2.34073478579309,-2.34073478579309,-4.68146957158618
133,0,3396.1666666666665,599.0,250,True,-1.2038151460525657,-1.2038151460525657,-2.4076302921051314
133,1,3800.6666666666665,1080.0,256,True,-1.9790558297097975,-1.9790558297097975,-3.958111659419595
133,2,4058.0,1449.0,260,True,-2.5694165832033,-2.5694165832033,-5.1388331664066
133,3,3209.166666666667,469.0,248,True,-0.9878887076155841,-0.9878887076155841,-1.9757774152311682
134,0,3415.0,825.0,253,True,-1.5539534834283826,-1.5539534834283826,-3.107906966856765
134,1,3717.3333333333335,981.0,255,True,-1.819488374706127,-1.819488374706127,-3.638976749412254
134,2,3630.666666666667,792.0,253,True,-1.5208287099341853,-1.5208287099341853,-3.0416574198683706
134,3,3982.6666666666665,885.0,254,True,-1.693284827530364,-1.693284827530364,-3.386569655060728
135,0,3528.166666666667,675.0,251,True,-1.3319180667578172,-1.3319180667578172,-2.6638361335156344
135,1,3946.6666666666665,950.0,254,True,-1.790574823215564,-1.790574823215564,-3.581149646431128
135,2,3385.8333333333335,534.0,249,True,-1.1027064165935483,-1.1027064165935483,-2.2054128331870966
135,3,3480.166666666667,664.0,251,True,-1.3109953874829006,-1.3109953874829006,-2.621990774965801
136,0,3355.8333333333335,586.0,250,True,-1.1804395106842582,-1.1804395106842582,-2.3608790213685165
136,1,3838.666666666667,920.0,253,True,-1.7354011084716792,-1.7354011084716792,-3.4708022169433583
136,2,3600.666666666667,690.0,250,True,-1.3610296703487998,-1.3610296703487998,-2.7220593406975997
136,3,3865.666666666667,1089.0,256,True,-1.9982947942270595,-1.9982947942270595,-3.996589588454119
137,0,3575.1666666666665,820.0,253,True,-1.5594421319454403,-1.5594421319454403,-3.1188842638908807
137,1,3346.8333333333335,675.0,250,True,-1.3169728065207253,-1.3169728065207253,-2.6339456130414507
137,2,3412.1666666666665,599.0,250,True,-1.2051338454852498,-1.2051338454852498,-2.4102676909704996
137,3,4148.166666666666,1015.0,256,True,-1.9074392636046753,-1.9074392636046753,-3.8148785272093506
138,0,3236.1666666666665,534.0,249,True,-1.0903710823169799,-1.0903710823169799,-2.1807421646339598
138,1,3306.1666666666665,534.0,249,True,-1.0961403923349753,-1.0961403923349753,-2.1922807846699506
138,2,3489.166666666667,729.0,252,True,-1.4119942253225253,-1.4119942253225253,-2.8239884506450506
138,3,3410.0,521.0,247,True,-1.0846467883132525,-1.0846467883132525,-2.169293576626505
139,0,3923.0,601.0,249,True,-1.2503209050690718,-1.2503209050690718,-2.5006418101381436
139,1,3834.0,601.0,249,True,-1.2429856394747636,-1.2429856394747636,-2.485971278949527
139,2,3960.666666666667,755.0,251,True,-1.4909574769929423,-1.4909574769929423,-2.9819149539858847
139,3,3470.1666666666665,720.0,252,True,-1.3965465216742314,-1.3965465216742314,-2.793093043348463
140,0,3249.166666666667,690.0,251,True,-1.3320594921870132,-1.3320594921870132,-2.6641189843740265
140,1,3521.1666666666665,1041.0,256,True,-1.8958655573498473,-1.8958655573498473,-3.7917311146996946
140,2,3574.166666666667,976.0,255,True,-1.7999766798118735,-1.7999766798118735,-3.599953359623747
140,3,3717.166666666667,1301.0,258,True,-2.313047903035193,-2.313047903035193,-4.626095806070386
141,0,3841.0,601.0,250,True,-1.2435625704765632,-1.2435625704765632,-2.4871251409531263
141,1,3242.3333333333335,686.0,251,True,-1.3253266318278691,-1.3253266318278691,-2.6506532636557383
141,2,3770.0,601.0,250,True,-1.2377108417440255,-1.2377108417440255,-2.475421683488051
141,3,3773.0,731.0,251,True,-1.4384722367051344,-1.4384722367051344,-2.8769444734102687
142,0,3523.1666666666665,952.0,255,True,-1.75875533051158,-1.75875533051158,-3.51751066102316
142,1,3532.166666666667,796.0,253,True,-1.5188801323614882,-1.5188801323614882,-3.0377602647229764
142,2,3594.166666666667,976.0,255,True,-1.80162505410273,-1.80162505410273,-3.60325010820546
142,3,3309.166666666667,601.0,249,True,-1.1997295507922283,-1.1997295507922283,-2.3994591015844566
143,0,3181.6666666666665,601.0,250,True,-1.1892211646880226,-1.1892211646880226,-2.3784423293760453
143,1,3389.0,664.0,251,True,-1.3034815480070832,-1.3034815480070832,-2.6069630960141663
143,2,3688.3333333333335,751.0,252,True,-1.4623424479226899,-1.4623424479226899,-2.9246848958453797
143,3,3364.333333333333,495.0,249,True,-1.0407801725856363,-1.0407801725856363,-2.0815603451712725
144,0,3630.666666666667,690.0,250,True,-1.3635022317850838,-1.3635022317850838,-2.7270044635701676
144,1,3290.166666666667,601.0,250,True,-1.1981635952159142,-1.1981635952159142,-2.3963271904318284
144,2,3774.5,577.0,250,True,-1.2010637311008563,-1.2010637311008563,-2.4021274622017126
144,3,3554.5,796.0,253,True,-1.520720816986277,-1.520720816986277,-3.041441633972554
145,0,3650.0,601.0,250,True,-1.2278205959988922,-1.2278205959988922,-2.4556411919977843
145,1,3725.6666666666665,952.0,254,True,-1.7754451202064938,-1.7754451202064938,-3.5508902404129876
145,2,3381.3333333333335,686.0,251,True,-1.3367828331493143,-1.3367828331493143,-2.6735656662986287
145,3,3432.0,690.0,251,True,-1.347128380495918,-1.347128380495918,-2.694256760991836
146,0,3392.5,430.0,248,True,-0.9428445636365168,-0.9428445636365168,-1.8856891272730336
146,1,3865.5,796.0,253,True,-1.5463530372090832,-1.5463530372090832,-3.0927060744181665
146,2,3673.5,666.0,251,True,-1.3300145051993884,-1.3300145051993884,-2.6600290103987767
146,3,3958.5,731.0,252,True,-1.4537609082528213,-1.4537609082528213,-2.9075218165056427
147,0,3380.3333333333335,1193.0,258,True,-2.1187055558229484,-2.1187055558229484,-4.237411111645897
147,1,3190.8333333333335,733.0,252,True,-1.3935756412936973,-1.3935756412936973,-2.7871512825873945
147,2,3798.333333333333,1045.0,254,True,-1.9248789435403897,-1.9248789435403897,-3.8497578870807794
147,3,3943.5,1145.0,256,True,-2.0910850388457325,-2.0910850388457325,-4.182170077691465
148,0,3880.8333333333335,1377.0,259,True,-2.443760749700967,-2.443760749700967,-4.887521499401934
148,1,3227.8333333333335,1008.0,255,True,-1.820789658153374,-1.820789658153374,-3.641579316306748
148,2,4004.5,1481.0,260,True,-2.6143645084534097,-2.6143645084534097,-5.2287290169068195
148,3,3871.666666666667,965.0,254,True,-1.807529666411488,-1.807529666411488,-3.615059332822976
149,0,3385.666666666667,809.0,252,True,-1.5268572045627196,-1.5268572045627196,-3.053714409125439
149,1,3784.166666666667,1130.0,256,True,-2.0548167435419513,-2.0548167435419513,-4.109633487083903
149,2,3842.6666666666665,1087.0,255,True,-1.9933143308876908,-1.9933143308876908,-3.9866286617753817
149,3,3821.5,1000.0,254,True,-1.8573795700674003,-1.8573795700674003,-3.7147591401348006
150,0,3868.833333333333,1045.0,255,True,-1.9306894629156583,-1.9306894629156583,-3.8613789258313167
150,1,3497.166666666667,822.0,253,True,-1.556098305115988,-1.556098305115988,-3.112196610231976
150,2,3627.666666666667,822.0,252,True,-1.566853947363821,-1.566853947363821,-3.133707894727642
150,3,3198.8333333333335,638.0,251,True,-1.2477054280280337,-1.2477054280280337,-2.4954108560560675
151,0,3894.6666666666665,835.0,252,True,-1.6089111580284903,-1.6089111580284903,-3.2178223160569805
151,1,3360.0,951.0,255,True,-1.7437649271362405,-1.7437649271362405,-3.487529854272481
151,2,3131.1666666666665,668.0,250,True,-1.2884009219172372,-1.2884009219172372,-2.5768018438344744
151,3,3712.5,755.0,251,True,-1.4705038993339086,-1.4705038993339086,-2.941007798667817
152,0,3218.5,629.0,251,True,-1.2354445813420623,-1.2354445813420623,-2.4708891626841245
152,1,3380.5,510.0,248,True,-1.0652488552573764,-1.0652488552573764,-2.130497710514753
152,2,3714.0,926.0,254,True,-1.7343807407733305,-1.7343807407733305,-3.468761481546661
152,3,3462.5,666.0,250,True,-1.3126241564308616,-1.3126241564308616,-2.625248312861723
153,0,3469.3333333333335,751.0,252,True,-1.4442927494378197,-1.4442927494378197,-2.8885854988756394
153,1,3144.166666666667,519.0,249,True,-1.059652313792411,-1.059652313792411,-2.119304627584822
153,2,3309.3333333333335,686.0,250,True,-1.3308486857022352,-1.3308486857022352,-2.6616973714044705
153,3,3401.5,586.0,249,True,-1.1842032986483784,-1.1842032986483784,-2.3684065972967567
154,0,3497.0,601.0,249,True,-1.215210532673847,-1.215210532673847,-2.430421065347694
154,1,3301.3333333333335,751.0,252,True,-1.4304464053946333,-1.4304464053946333,-2.8608928107892666
154,2,3846.6666666666665,926.0,252,True,-1.7453149569026742,-1.7453149569026742,-3.4906299138053485
154,3,3355.3333333333335,610.0,250,True,-1.2174162961855983,-1.2174162961855983,-2.4348325923711966
155,0,3258.5,586.0,250,True,-1.1724174224687613,-1.1724174224687613,-2.3448348449375227
155,1,3339.5,727.0,252,True,-1.3965740581410708,-1.3965740581410708,-2.7931481162821417
155,2,3376.3333333333335,586.0,250,True,-1.1821290943323846,-1.1821290943323846,-2.364258188664769
155,3,3294.3333333333335,662.0,251,True,-1.29259441012548,-1.29259441012548,-2.58518882025096
156,0,3775.3333333333335,881.0,253,True,-1.6700270149053917,-1.6700270149053917,-3.3400540298107835
156,1,3631.3333333333335,892.0,253,True,-1.6751253009880958,-1.6751253009880958,-3.3502506019761915
156,2,3599.1666666666665,751.0,251,True,-1.4549934458759581,-1.4549934458759581,-2.9099868917519163
156,3,3615.1666666666665,675.0,250,True,-1.3390884949230393,-1.3390884949230393,-2.6781769898460785
157,0,3586.333333333333,881.0,253,True,-1.6544498778568064,-1.6544498778568064,-3.308899755713613
157,1,3174.8333333333335,557.0,249,True,-1.1207916462311922,-1.1207916462311922,-2.2415832924623844
157,2,3401.5,577.0,249,True,-1.1703215505763993,-1.1703215505763993,-2.3406431011527986
157,3,3649.3333333333335,892.0,253,True,-1.6766088378498656,-1.6766088378498656,-3.353217675699731
158,0,3249.1666666666665,586.0,250,True,-1.171648181133029,-1.171648181133029,-2.343296362266058
158,1,3409.6666666666665,651.0,251,True,-1.285133454225886,-1.285133454225886,-2.570266908451772
158,2,3175.3333333333335,827.0,253,True,-1.5372852977478477,-1.5372852977478477,-3.0745705954956954
158,3,3081.8333333333335,432.0,248,True,-0.9203246492234437,-0.9203246492234437,-1.8406492984468874
159,0,3710.666666666667,874.0,253,True,-1.6539003561978636,-1.6539003561978636,-3.307800712395727
159,1,3732.1666666666665,898.0,253,True,-1.6926903534191453,-1.6926903534191453,-3.3853807068382906
159,2,3692.666666666667,1479.0,261,True,-2.585578773063601,-2.585578773063601,-5.171157546127202
159,3,3398.666666666667,887.0,253,True,-1.6482371311422646,-1.6482371311422646,-3.296474262284529
160,0,3371.0,896.0,254,True,-1.6598386281118946,-1.6598386281118946,-3.3196772562237893
160,1,3710.5,666.0,251,True,-1.333063997637471,-1.333063997637471,-2.666127995274942
160,2,3332.0,1000.0,255,True,-1.817035609298709,-1.817035609298709,-3.634071218597418
160,3,3621.1666666666665,872.0,254,True,-1.6434390483414019,-1.6434390483414019,-3.2868780966828037
161,0,3549.666666666667,807.0,253,True,-1.5372890408428515,-1.5372890408428515,-3.074578081685703
161,1,3553.5,1258.0,259,True,-2.2332347993000132,-2.2332347993000132,-4.4664695986000265
161,2,3635.5,642.0,251,True,-1.289864599188151,-1.289864599188151,-2.579729198376302
161,3,3357.8333333333335,948.0,255,True,-1.7389591038974073,-1.7389591038974073,-3.4779182077948145
162,0,3193.8333333333335,592.0,250,True,-1.176342177642981,-1.176342177642981,-2.352684355285962
162,1,3039.3333333333335,367.0,247,True,-0.8165647844466348,-0.8165647844466348,-1.6331295688932697
162,2,3417.5,586.0,250,True,-1.1855219980810632,-1.1855219980810632,-2.3710439961621264
162,3,3451.3333333333335,902.0,254,True,-1.6757140968948168,-1.6757140968948168,-3.3514281937896335
163,0,3285.8333333333335,731.0,252,True,-1.3983205862703763,-1.3983205862703763,-2.7966411725407525
163,1,2941.3333333333335,512.0,249,True,-1.0321381360255555,-1.0321381360255555,-2.064276272051111
163,2,3245.333333333333,872.0,254,True,-1.6124633481257395,-1.6124633481257395,-3.224926696251479
163,3,3303.8333333333335,642.0,251,True,-1.2625290588647944,-1.2625290588647944,-2.5250581177295888
164,0,3173.0,831.0,253,True,-1.5432626532236837,-1.5432626532236837,-3.0865253064473674
164,1,3591.666666666667,807.0,253,True,-1.5407506268536493,-1.5407506268536493,-3.0815012537072985
164,2,3479.1666666666665,742.0,251,True,-1.431221452058845,-1.431221452058845,-2.86244290411769
164,3,3519.1666666666665,603.0,250,True,-1.220122313751096,-1.220122313751096,-2.440244627502192
165,0,3677.166666666667,820.0,253,True,-1.5678488408288047,-1.5678488408288047,-3.1356976816576094
165,1,3136.8333333333335,792.0,253,True,-1.4801276014024742,-1.4801276014024742,-2.9602552028049485
165,2,3287.166666666667,521.0,249,True,-1.074523022876915,-1.074523022876915,-2.14904604575383
165,3,3651.0,642.0,251,True,-1.2911420892635637,-1.2911420892635637,-2.5822841785271273
166,0,3493.3333333333335,707.0,252,True,-1.3784044746793915,-1.3784044746793915,-2.756808949358783
166,1,3248.3333333333335,727.0,252,True,-1.389060218665254,-1.389060218665254,-2.778120437330508
166,2,3126.3333333333335,595.0,250,True,-1.1754061637686697,-1.1754061637686697,-2.3508123275373394
166,3,3214.3333333333335,651.0,251,True,-1.2690343319851953,-1.2690343319851953,-2.5380686639703907
167,0,3253.5,586.0,250,True,-1.1720053288960472,-1.1720053288960472,-2.3440106577920945
167,1,3749.3333333333335,972.0,255,True,-1.8082440254995162,-1.8082440254995162,-3.6164880509990325
167,2,3306.5,818.0,253,True,-1.534214137733395,-1.534214137733395,-3.06842827546679
167,3,3054.8333333333335,406.0,248,True,-0.8779965161672922,-0.8779965161672922,-1.7559930323345845
168,0,3107.166666666667,763.0,251,True,-1.4329524357502161,-1.4329524357502161,-2.8659048715004323
168,1,3157.8333333333335,854.0,253,True,-1.5774882144592859,-1.5774882144592859,-3.1549764289185718
168,2,3152.8333333333335,676.0,251,True,-1.302525992351868,-1.302525992351868,-2.605051984703736
168,3,3439.3333333333335,796.0,252,True,-1.5112289283614342,-1.5112289283614342,-3.0224578567228684
169,0,3253.5,903.0,254,True,-1.6609513443202126,-1.6609513443202126,-3.3219026886404253
169,1,3338.5,796.0,253,True,-1.502918374645037,-1.502918374645037,-3.005836749290074
169,2,3106.8333333333335,881.0,254,True,-1.6149301042335418,-1.6149301042335418,-3.2298602084670835
169,3,3099.3333333333335,677.0,251,True,-1.2996590075762724,-1.2996590075762724,-2.599318015152545
170,0,3296.166666666667,521.0,249,True,-1.075264791307799,-1.075264791307799,-2.150529582615598
170,1,3408.5,577.0,250,True,-1.1708984815781986,-1.1708984815781986,-2.3417969631563973
170,2,3282.3333333333335,677.0,251,True,-1.3147416323376004,-1.3147416323376004,-2.629483264675201
170,3,3205.3333333333335,597.0,250,True,-1.1850020751224333,-1.1850020751224333,-2.3700041502448665
171,0,3548.5,666.0,251,True,-1.3197121658815403,-1.3197121658815403,-2.6394243317630806
171,1,3537.5,666.0,251,True,-1.3188055600215696,-1.3188055600215696,-2.637611120043139
171,2,3297.3333333333335,677.0,251,True,-1.3159779130557423,-1.3159779130557423,-2.6319558261114846
171,3,3242.6666666666665,677.0,251,True,-1.3114723566607365,-1.3114723566607365,-2.622944713321473
172,0,3586.5,731.0,252,True,-1.4231011464429066,-1.4231011464429066,-2.8462022928858133
172,1,3235.5000000000005,762.0,252,True,-1.441987087664097,-1.441987087664097,-2.883974175328194
172,2,3154.6666666666665,742.0,252,True,-1.4044765791897127,-1.4044765791897127,-2.8089531583794254
172,3,3388.166666666667,731.0,252,True,-1.4067547680585886,-1.4067547680585886,-2.813509536117177
173,0,3386.3333333333335,972.0,255,True,-1.7783260321204875,-1.7783260321204875,-3.556652064240975
173,1,3525.5,707.0,252,True,-1.3810556099971851,-1.3810556099971851,-2.7621112199943703
173,2,3420.5,577.0,250,True,-1.171887506152712,-1.171887506152712,-2.343775012305424
173,3,3279.5,497.0,249,True,-1.0368731512068077,-1.0368731512068077,-2.0737463024136153
174,0,3434.5,586.0,250,True,-1.1869231162282912,-1.1869231162282912,-2.3738462324565823
174,1,3425.5,937.0,255,True,-1.7275695226046035,-1.7275695226046035,-3.455139045209207
174,2,3454.8333333333335,857.0,254,True,-1.6065938220358182,-1.6065938220358182,-3.2131876440716365
174,3,3647.5,837.0,254,True,-1.5916248319888855,-1.5916248319888855,-3.183249663977771
175,0,3201.3333333333335,595.0,250,True,-1.1815875673593779,-1.1815875673593779,-2.3631751347187557
175,1,3094.8333333333335,607.0,250,True,-1.1913189716898775,-1.1913189716898775,-2.382637943379755
175,2,3223.3333333333335,612.0,250,True,-1.2096218587708363,-1.2096218587708363,-2.4192437175416726
175,3,3198.8333333333335,677.0,251,True,-1.3078596696732783,-1.3078596696732783,-2.6157193393465565
176,0,3759.8333333333335,1738.0,265,True,-2.990600424572911,-2.990600424572911,-5.981200849145822
176,1,3660.8333333333335,1681.0,265,True,-2.8945232340439695,-2.8945232340439695,-5.789046468087939
176,2,3191.1666666666665,1081.0,256,True,-1.9303640396484176,-1.9303640396484176,-3.8607280792968353
176,3,3606.3333333333335,1861.0,266,True,-3.1676663755409775,-3.1676663755409775,-6.335332751081955
177,0,3636.8333333333335,1384.0,261,True,-2.4344474985196243,-2.4344474985196243,-4.8688949970392486
177,1,3508.0000000000005,1046.0,256,True,-1.9024924598705788,-1.9024924598705788,-3.8049849197411576
177,2,3476.8333333333335,1022.0,256,True,-1.8629057484087175,-1.8629057484087175,-3.725811496817435
177,3,3290.3333333333335,1150.0,257,True,-2.044963964059084,-2.044963964059084,-4.089927928118168
178,0,3541.5,707.0,252,True,-1.3823743094298695,-1.3823743094298695,-2.764748618859739
178,1,3385.1666666666665,857.0,252,True,-1.6008519849226719,-1.6008519849226719,-3.2017039698453438
178,2,3521.3333333333335,948.0,255,True,-1.7524345637251513,-1.7524345637251513,-3.5048691274503025
178,3,3447.3333333333335,1013.0,256,True,-1.846592648257725,-1.846592648257725,-3.69318529651545
179,0,3134.6666666666665,612.0,250,True,-1.202314066081377,-1.202314066081377,-2.404628132162754
179,1,3574.3333333333335,892.0,254,True,-1.6704274342591574,-1.6704274342591574,-3.340854868518315
179,2,3351.5,961.0,255,True,-1.7584885325870494,-1.7584885325870494,-3.516977065174099
179,3,3652.666666666667,666.0,251,True,-1.3282974486464136,-1.3282974486464136,-2.6565948972928273
180,0,3567.1666666666665,937.0,254,True,-1.7392455071648314,-1.7392455071648314,-3.478491014329663
180,1,3668.8333333333335,905.0,253,True,-1.6982674166651994,-1.6982674166651994,-3.396534833330399
180,2,3112.1666666666665,921.0,254,True,-1.6770663288087904,-1.6770663288087904,-3.3541326576175807
180,3,3247.8333333333335,716.0,252,True,-1.372052428331118,-1.372052428331118,-2.744104856662236
181,0,3379.333333333333,1102.0,256,True,-1.9782632399361681,-1.9782632399361681,-3.9565264798723363
181,1,3053.8333333333335,592.0,250,True,-1.1648035576069915,-1.1648035576069915,-2.329607115213983
181,2,3362.8333333333335,1013.0,255,True,-1.8396282668788606,-1.8396282668788606,-3.679256533757721
181,3,3171.8333333333335,803.0,253,True,-1.499978837388335,-1.499978837388335,-2.99995767477667
182,0,3154.3333333333335,495.0,249,True,-1.0234722425316505,-1.0234722425316505,-2.046944485063301
182,1,3233.3333333333335,495.0,249,True,-1.0299833209805316,-1.0299833209805316,-2.059966641961063
182,2,3307.8333333333335,686.0,251,True,-1.330725057630421,-1.330725057630421,-2.661450115260842
182,3,3191.6666666666665,506.0,249,True,-1.0435157888514457,-1.0435157888514457,-2.0870315777028914
183,0,3359.6666666666665,675.0,250,True,-1.3180305133573573,-1.3180305133573573,-2.6360610267147147
183,1,3135.3333333333335,571.0,250,True,-1.139129937340942,-1.139129937340942,-2.278259874681884
183,2,3307.6666666666665,651.0,251,True,-1.2767267453425213,-1.2767267453425213,-2.5534534906850426
183,3,3631.3333333333335,1163.0,257,True,-2.0931201595999207,-2.0931201595999207,-4.186240319199841
184,0,3217.666666666667,592.0,250,True,-1.1783064903395843,-1.1783064903395843,-2.3566129806791687
184,1,3081.666666666667,443.0,248,True,-0.937277493747884,-0.937277493747884,-1.874554987495768
184,2,3499.3333333333335,666.0,251,True,-1.3156599124165191,-1.3156599124165191,-2.6313198248330383
184,3,3380.8333333333335,916.0,254,True,-1.6914974078537406,-1.6914974078537406,-3.382994815707481
185,0,3098.5,495.0,249,True,-1.0188705309696795,-1.0188705309696795,-2.037741061939359
185,1,3251.3333333333335,725.0,252,True,-1.3862226419039967,-1.3862226419039967,-2.7724452838079934
185,2,3409.8333333333335,770.0,252,True,-1.4686947485189257,-1.4686947485189257,-2.9373894970378513
185,3,3644.3333333333335,1037.0,256,True,-1.8998471298812647,-1.8998471298812647,-3.7996942597625294
186,0,3373.0,610.0,249,True,-1.218872360142521,-1.218872360142521,-2.437744720285042
186,1,3513.6666666666665,755.0,252,True,-1.45411631159232,-1.45411631159232,-2.90823262318464
186,2,3365.8333333333335,727.0,252,True,-1.3987444176240305,-1.3987444176240305,-2.797488835248061
186,3,3476.666666666667,610.0,250,True,-1.2274164335501225,-1.2274164335501225,-2.454832867100245
187,0,3271.6666666666665,597.0,250,True,-1.1904691831871046,-1.1904691831871046,-2.380938366374209
187,1,3131.3333333333335,686.0,251,True,-1.3161781545136193,-1.3161781545136193,-2.6323563090272386
187,2,3256.8333333333335,586.0,250,True,-1.1722800579445232,-1.1722800579445232,-2.3445601158890463
187,3,3423.0,762.0,252,True,-1.4574405966408677,-1.4574405966408677,-2.9148811932817353
188,0,3414.5,777.0,252,True,-1.4798762843538888,-1.4798762843538888,-2.9597525687077777
188,1,3309.3333333333335,621.0,250,True,-1.2305916162934951,-1.2305916162934951,-2.4611832325869902
188,2,3209.166666666667,519.0,249,True,-1.0650095302376914,-1.0650095302376914,-2.130019060475383
188,3,3140.666666666667,597.0,250,True,-1.1796723315820004,-1.1796723315820004,-2.3593446631640007
189,0,3356.1666666666665,751.0,251,True,-1.4349656982420622,-1.4349656982420622,-2.8699313964841244
189,1,3289.166666666667,560.0,250,True,-1.1348421019512427,-1.1348421019512427,-2.2696842039024854
189,2,3582.5,577.0,249,True,-1.1852393379086419,-1.1852393379086419,-2.3704786758172838
189,3,3542.5,510.0,248,True,-1.0786006870133074,-1.0786006870133074,-2.1572013740266147
190,0,3291.3333333333335,677.0,251,True,-1.3154834007684864,-1.3154834007684864,-2.6309668015369727
190,1,3257.3333333333335,686.0,251,True,-1.32656291254601,-1.32656291254601,-2.65312582509202
190,2,3165.3333333333335,722.0,251,True,-1.3745073830959913,-1.3745073830959913,-2.7490147661919826
190,3,3597.5,577.0,250,True,-1.1864756186267844,-1.1864756186267844,-2.372951237253569
191,0,3322.5,430.0,248,True,-0.9370752536185222,-0.9370752536185222,-1.8741505072370443
191,1,3127.3333333333335,698.0,251,True,-1.3343574770847548,-1.3343574770847548,-2.6687149541695097
191,2,3191.6666666666665,586.0,250,True,-1.166909105046818,-1.166909105046818,-2.333818210093636
191,3,3354.3333333333335,766.0,252,True,-1.4579508440520337,-1.4579508440520337,-2.9159016881040674
192,0,3429.5,922.0,254,True,-1.7047629506761426,-1.7047629506761426,-3.409525901352285
192,1,3392.1666666666665,625.0,250,True,-1.2435882989578906,-1.2435882989578906,-2.487176597915781
192,2,3204.0,595.0,250,True,-1.1818073505981588,-1.1818073505981588,-2.3636147011963176
192,3,3215.666666666667,521.0,249,True,-1.068630084787105,-1.068630084787105,-2.13726016957421
193,0,3287.6666666666665,506.0,249,True,-1.051427985447553,-1.051427985447553,-2.102855970895106
193,1,3347.3333333333335,477.0,248,True,-1.01161555829445,-1.01161555829445,-2.0232311165889
193,2,3237.0,655.0,250,True,-1.2770721553246,-1.2770721553246,-2.5541443106492
193,3,3281.6666666666665,677.0,251,True,-1.3146866865279054,-1.3146866865279054,-2.629373373055811
194,0,3189.5,705.0,251,True,-1.3502780890059265,-1.3502780890059265,-2.700556178011853
194,1,3701.166666666667,731.0,251,True,-1.4325518257104797,-1.4325518257104797,-2.8651036514209594
194,2,3306.166666666667,521.0,249,True,-1.076088978453227,-1.076088978453227,-2.152177956906454
194,3,3292.6666666666665,586.0,250,True,-1.1752333952156397,-1.1752333952156397,-2.3504667904312795
195,0,3274.3333333333335,753.0,252,True,-1.4313059330068632,-1.4313059330068632,-2.8626118660137263
195,1,2923.8333333333335,694.0,251,True,-1.3114156028655304,-1.3114156028655304,-2.6228312057310608
195,2,3341.5000000000005,862.0,253,True,-1.6049651166498469,-1.6049651166498469,-3.2099302332996937
195,3,3187.6666666666665,597.0,250,True,-1.1835460111655107,-1.1835460111655107,-2.3670920223310215
196,0,3299.5000000000005,838.0,253,True,-1.56448553578044,-1.56448553578044,-3.12897107156088
196,1,3461.333333333333,766.0,252,True,-1.4667696465081106,-1.4667696465081106,-2.933539293016221
196,2,3223.6666666666665,662.0,251,True,-1.2867701542977923,-1.2867701542977923,-2.5735403085955846
196,3,3271.6666666666665,601.0,250,True,-1.1966388489968727,-1.1966388489968727,-2.3932776979937453
197,0,3233.333333333333,662.0,251,True,-1.2875668685383717,-1.2875668685383717,-2.5751337370767433
197,1,3201.166666666667,521.0,249,True,-1.0674350134262347,-1.0674350134262347,-2.1348700268524694
197,2,3306.3333333333335,766.0,252,True,-1.4539947457539808,-1.4539947457539808,-2.9079894915079616
197,3,3319.3333333333335,677.0,251,True,-1.3177911247756844,-1.3177911247756844,-2.6355822495513688
198,0,3186.3333333333335,783.0,252,True,-1.4703255797003634,-1.4703255797003634,-2.9406511594007267
198,1,3238.6666666666665,521.0,249,True,-1.0705257152215897,-1.0705257152215897,-2.1410514304431794
198,2,3098.3333333333335,471.0,248,True,-0.9818387996586446,-0.9818387996586446,-1.9636775993172892
198,3,3374.3333333333335,677.0,251,True,-1.322324154075536,-1.322324154075536,-2.644648308151072
199,0,3337.3333333333335,751.0,252,True,-1.433413479118173,-1.433413479118173,-2.866826958236346
199,1,3232.3333333333335,751.0,252,True,-1.424759514091182,-1.424759514091182,-2.849519028182364
199,2,3106.666666666667,521.0,249,True,-1.0596464449019416,-1.0596464449019416,-2.119292889803883
199,3,3316.0000000000005,775.0,252,True,-1.4686732080665403,-1.4686732080665403,-2.9373464161330807
200,0,3089.5,575.0,250,True,-1.1415220787341673,-1.1415220787341673,-2.2830441574683347
200,1,3198.166666666667,521.0,248,True,-1.0671877572826058,-1.0671877572826058,-2.1343755145652117
200,2,3469.0,920.0,254,True,-1.7049336569956977,-1.7049336569956977,-3.4098673139913953
200,3,3183.3333333333335,532.0,249,True,-1.0829317939937522,-1.0829317939937522,-2.1658635879875043
201,0,3189.6666666666665,651.0,251,True,-1.2670013370264734,-1.2670013370264734,-2.534002674052947
201,1,3397.3333333333335,575.0,250,True,-1.1668933063609193,-1.1668933063609193,-2.3337866127218385
201,2,3121.6666666666665,597.0,250,True,-1.1781063760056882,-1.1781063760056882,-2.3562127520113765
201,3,3256.3333333333335,762.0,252,True,-1.4437041442170722,-1.4437041442170722,-2.8874082884341443
202,0,3617.1666666666665,861.0,254,True,-1.626142792506365,-1.626142792506365,-3.25228558501273
202,1,3255.3333333333335,597.0,250,True,-1.1891230108495732,-1.1891230108495732,-2.3782460216991463
202,2,3510.1666666666665,861.0,254,True,-1.6173239900502876,-1.6173239900502876,-3.234647980100575
202,3,3127.3333333333335,816.0,253,True,-1.5163626184729293,-1.5163626184729293,-3.0327252369458586
203,0,3575.5,731.0,251,True,-1.4221945405829355,-1.4221945405829355,-2.844389081165871
203,1,3356.3333333333335,677.0,251,True,-1.320840617213767,-1.320840617213767,-2.641681234427534
203,2,3452.3333333333335,972.0,254,True,-1.7837656672803106,-1.7837656672803106,-3.567531334560621
203,3,3458.5,575.0,250,True,-1.1719345844004538,-1.1719345844004538,-2.3438691688009077
204,0,3888.6666666666665,900.0,254,True,-1.7086737151499747,-1.7086737151499747,-3.4173474302999494
204,1,3179.5,655.0,251,True,-1.2723330792383905,-1.2723330792383905,-2.544666158476781
204,2,3229.3333333333335,597.0,250,True,-1.1869801242714597,-1.1869801242714597,-2.3739602485429194
204,3,3235.6666666666665,677.0,251,True,-1.3108954256589374,-1.3108954256589374,-2.6217908513178747
205,0,3566.333333333333,902.0,254,True,-1.6851922490672364,-1.6851922490672364,-3.370384498134473
205,1,3481.1666666666665,952.0,255,True,-1.7552937445007843,-1.7552937445007843,-3.5105874890015687
205,2,3714.6666666666665,807.0,253,True,-1.5508881287424112,-1.5508881287424112,-3.1017762574848224
205,3,3693.166666666667,900.0,254,True,-1.6925608564568613,-1.6925608564568613,-3.3851217129137225
206,0,3586.333333333333,1097.0,255,True,-1.9876118315843132,-1.9876118315843132,-3.9752236631686264
206,1,3543.166666666667,1186.0,257,True,-2.1213291546739006,-2.1213291546739006,-4.242658309347801
206,2,3646.833333333333,1173.0,256,True,-2.1098218141997562,-2.1098218141997562,-4.2196436283995125
206,3,3623.1666666666665,941.0,253,True,-1.7500306209889962,-1.7500306209889962,-3.5000612419779924
207,0,3387.5,718.0,250,True,-1.3866484083671455,-1.3866484083671455,-2.773296816734291
207,1,3649.5,731.0,251,True,-1.428293525459102,-1.428293525459102,-2.856587050918204
207,2,3600.5,666.0,250,True,-1.3239979390377652,-1.3239979390377652,-2.6479958780755304
207,3,3669.166666666667,887.0,253,True,-1.6705313934260861,-1.6705313934260861,-3.3410627868521723
208,0,3147.166666666667,521.0,249,True,-1.062984402840924,-1.062984402840924,-2.125968805681848
208,1,3275.3333333333335,597.0,250,True,-1.190771385140428,-1.190771385140428,-2.381542770280856
208,2,3376.166666666667,937.0,254,True,-1.723503532687161,-1.723503532687161,-3.447007065374322
208,3,3314.8333333333335,883.0,254,True,-1.6351580297633261,-1.6351580297633261,-3.2703160595266523
209,0,3260.0,655.0,250,True,-1.2789677857590844,-1.2789677857590844,-2.557935571518169
209,1,3329.333333333333,766.0,252,True,-1.4558903761884634,-1.4558903761884634,-2.911780752376927
209,2,3641.1666666666665,731.0,251,True,-1.427606702837912,-1.427606702837912,-2.855213405675824
209,3,3229.6666666666665,521.0,249,True,-1.0697839467907038,-1.0697839467907038,-2.1395678935814075
210,0,3224.3333333333335,890.0,253,True,-1.6384960512642983,-1.6384960512642983,-3.2769921025285966
210,1,3443.8333333333335,881.0,253,True,-1.6427052110344604,-1.6427052110344604,-3.285410422068921
210,2,3270.8333333333335,1044.0,255,True,-1.8798606551666315,-1.8798606551666315,-3.759721310333263
210,3,3407.8333333333335,805.0,252,True,-1.5225144869253155,-1.5225144869253155,-3.045028973850631
211,0,3317.8333333333335,792.0,252,True,-1.4950453887347184,-1.4950453887347184,-2.9900907774694367
211,1,3473.8333333333335,868.0,253,True,-1.6251263585889955,-1.6251263585889955,-3.250252717177991
211,2,3398.8333333333335,948.0,254,True,-1.74233827119366,-1.74233827119366,-3.48467654238732
211,3,3385.8333333333335,1033.0,255,True,-1.8723722263621885,-1.8723722263621885,-3.744744452724377
212,0,3244.8333333333335,751.0,252,True,-1.4257897480229662,-1.4257897480229662,-2.8515794960459324
212,1,3428.8333333333335,968.0,255,True,-1.775659161678787,-1.775659161678787,-3.551318323357574
212,2,3298.8333333333335,775.0,252,True,-1.4672583534668877,-1.4672583534668877,-2.9345167069337754
212,3,3488.3333333333335,725.0,251,True,-1.4057558772506376,-1.4057558772506376,-2.811511754501275
213,0,3352.8333333333335,727.0,252,True,-1.3976729743349745,-1.3976729743349745,-2.795345948669949
213,1,3717.833333333333,1033.0,256,True,-1.8997352395903906,-1.8997352395903906,-3.799470479180781
213,2,3546.5,846.0,253,True,-1.5971822898920427,-1.5971822898920427,-3.1943645797840854
213,3,3533.3333333333335,846.0,253,True,-1.5960971101505645,-1.5960971101505645,-3.192194220301129
214,0,3450.8333333333335,792.0,252,True,-1.506007077768907,-1.506007077768907,-3.012014155537814
214,1,3647.5,1024.0,255,True,-1.8800567085955693,-1.8800567085955693,-3.7601134171911386
214,2,3725.5,870.0,253,True,-1.648953234653813,-1.648953234653813,-3.297906469307626
214,3,3507.6666666666665,738.0,252,True,-1.4274007196135454,-1.4274007196135454,-2.854801439227091
215,0,3046.8333333333335,532.0,249,True,-1.071681639458661,-1.071681639458661,-2.143363278917322
215,1,3283.3333333333335,571.0,250,True,-1.1513279070932743,-1.1513279070932743,-2.3026558141865485
215,2,3228.1666666666665,651.0,251,True,-1.2701744575363705,-1.2701744575363705,-2.540348915072741
215,3,3517.3333333333335,1115.0,256,True,-2.009688436424821,-2.009688436424821,-4.019376872849642
216,0,3602.1666666666665,742.0,251,True,-1.4413589539476073,-1.4413589539476073,-2.8827179078952145
216,1,3214.666666666667,638.0,251,True,-1.249010391008296,-1.249010391008296,-2.498020782016592
216,2,3061.3333333333335,532.0,249,True,-1.0728767108195318,-1.0728767108195318,-2.1457534216390637
216,3,3157.666666666667,597.0,250,True,-1.181073449729228,-1.181073449729228,-2.362146899458456
217,0,3249.166666666667,586.0,250,True,-1.1716481811330284,-1.1716481811330284,-2.3432963622660568
217,1,3187.5,874.0,252,True,-1.6107816320395656,-1.6107816320395656,-3.221563264079131
217,2,3160.8333333333335,521.0,249,True,-1.064110791939675,-1.064110791939675,-2.12822158387935
217,3,3394.666666666667,677.0,250,True,-1.32400000127124,-1.32400000127124,-2.64800000254248
218,0,3207.3333333333335,660.0,251,True,-1.282339149055375,-1.282339149055375,-2.56467829811075
218,1,3236.8333333333335,714.0,252,True,-1.3680609895662632,-1.3680609895662632,-2.7361219791325264
218,2,3271.6666666666665,779.0,253,True,-1.4711889775315776,-1.4711889775315776,-2.9423779550631552
218,3,3371.8333333333335,714.0,252,True,-1.379187516029539,-1.379187516029539,-2.758375032059078
219,0,3249.333333333333,855.0,254,True,-1.5865719432923922,-1.5865719432923922,-3.1731438865847843
219,1,3174.166666666667,655.0,251,True,-1.2718935127608282,-1.2718935127608282,-2.5437870255216564
219,2,3427.8333333333335,961.0,254,True,-1.7647798277971483,-1.7647798277971483,-3.5295596555942965
219,3,3554.0,1074.0,255,True,-1.9494713814079272,-1.9494713814079272,-3.8989427628158544
220,0,3263.166666666667,519.0,249,True,-1.0694601408230038,-1.0694601408230038,-2.1389202816460076
220,1,3348.3333333333335,801.0,253,True,-1.5114409076002513,-1.5114409076002513,-3.0228818152005026
220,2,3344.8333333333335,980.0,254,True,-1.7872449870864986,-1.7872449870864986,-3.574489974172997
220,3,3295.6666666666665,725.0,252,True,-1.389876538248728,-1.389876538248728,-2.779753076497456
221,0,3399.166666666667,1356.0,261,True,-2.3716716566949074,-2.3716716566949074,-4.743343313389815
221,1,3357.5,981.0,255,True,-1.7898313739231493,-1.7898313739231493,-3.5796627478462986
221,2,3217.5,716.0,252,True,-1.369552393989987,-1.369552393989987,-2.739104787979974
221,3,3268.8333333333335,931.0,255,True,-1.705402758611581,-1.705402758611581,-3.410805517223162
222,0,3124.0,516.0,249,True,-1.0533629536918065,-1.0533629536918065,-2.106725907383613
222,1,3368.166666666667,521.0,249,True,-1.0811989387548793,-1.0811989387548793,-2.1623978775097585
222,2,3232.8333333333335,610.0,250,True,-1.2073200036541079,-1.2073200036541079,-2.4146400073082157
222,3,3073.6666666666665,532.0,249,True,-1.0738932082988928,-1.0738932082988928,-2.1477864165977856
223,0,3314.6666666666665,571.0,250,True,-1.153910360148948,-1.153910360148948,-2.307820720297896
223,1,3351.166666666667,725.0,252,True,-1.3944507769058527,-1.3944507769058527,-2.7889015538117055
223,2,3356.166666666667,911.0,254,True,-1.6817523306328075,-1.6817523306328075,-3.363504661265615
223,3,3269.666666666667,866.0,254,True,-1.60521437146496,-1.60521437146496,-3.21042874292992
224,0,3243.3333333333335,790.0,253,True,-1.4858203615963954,-1.4858203615963954,-2.971640723192791
224,1,3075.1666666666665,586.0,250,True,-1.1573073248025831,-1.1573073248025831,-2.3146146496051663
224,2,3188.8333333333335,662.0,251,True,-1.283899235741218,-1.283899235741218,-2.567798471482436
224,3,3084.333333333333,595.0,250,True,-1.171944577757872,-1.171944577757872,-2.343889155515744
225,0,3081.666666666667,532.0,249,True,-1.0745525580152355,-1.0745525580152355,-2.149105116030471
225,1,3301.5,768.0,252,True,-1.4566812215385736,-1.4566812215385736,-2.913362443077147
225,2,3295.5,978.0,255,True,-1.7800941642641706,-1.7800941642641706,-3.560188328528341
225,3,3514.166666666667,1119.0,257,True,-2.0155971096385366,-2.0155971096385366,-4.031194219277073
226,0,3131.8333333333335,707.0,251,True,-1.3486101093721758,-1.3486101093721758,-2.6972202187443517
226,1,3320.5,822.0,253,True,-1.5415376655467634,-1.5415376655467634,-3.083075331093527
226,2,3757.9999999999995,1741.0,265,True,-2.9950765729535744,-2.9950765729535744,-5.990153145907149
226,3,3636.6666666666665,1227.0,258,True,-2.1922743790337815,-2.1922743790337815,-4.384548758067563
227,0,3401.9999999999995,993.0,255,True,-1.8120080041496087,-1.8120080041496087,-3.6240160082992174
227,1,3333.333333333333,915.0,254,True,-1.6860401024605165,-1.6860401024605165,-3.372080204921033
227,2,3450.0,1043.0,256,True,-1.8930849250697706,-1.8930849250697706,-3.786169850139541
227,3,3278.5,783.0,252,True,-1.477921837890722,-1.477921837890722,-2.955843675781444
228,0,3376.166666666667,766.0,251,True,-1.4597503193195513,-1.4597503193195513,-2.9195006386391027
228,1,3195.6666666666665,586.0,250,True,-1.1672387799049895,-1.1672387799049895,-2.334477559809979
228,2,3376.5,954.0,255,True,-1.7497520852835236,-1.7497520852835236,-3.499504170567047
228,3,3493.166666666667,952.0,255,True,-1.7562827690752976,-1.7562827690752976,-3.512565538150595
229,0,3005.8333333333335,676.0,251,True,-1.290410441314079,-1.290410441314079,-2.580820882628158
229,1,3375.6666666666665,941.0,255,True,-1.7296319891396574,-1.7296319891396574,-3.459263978279315
229,2,3174.5000000000005,827.0,253,True,-1.5372166154857276,-1.5372166154857276,-3.0744332309714553
229,3,3165.8333333333335,715.0,251,True,-1.3637516772861682,-1.3637516772861682,-2.7275033545723364
230,0,3066.3333333333335,662.0,251,True,-1.2738029432097273,-1.2738029432097273,-2.5476058864194546
230,1,3155.6666666666665,597.0,250,True,-1.1809086123001422,-1.1809086123001422,-2.3618172246002844
230,2,3547.5,731.0,252,True,-1.419886816575737,-1.419886816575737,-2.839773633151474
230,3,3311.3333333333335,911.0,254,True,-1.6780572249308072,-1.6780572249308072,-3.3561144498616144
231,0,3285.3333333333335,716.0,252,True,-1.375143130126473,-1.375143130126473,-2.750286260252946
231,1,3145.8333333333335,651.0,251,True,-1.2633886500390137,-1.2633886500390137,-2.5267773000780274
231,2,3191.6666666666665,521.0,249,True,-1.0666520356380769,-1.0666520356380769,-2.1333040712761537
231,3,3192.3333333333335,597.0,250,True,-1.1839306318333767,-1.1839306318333767,-2.3678612636667533
232,0,3177.3333333333335,610.0,250,True,-1.2027457649969833,-1.2027457649969833,-2.4054915299939665
232,1,3091.1666666666665,586.0,250,True,-1.1586260242352688,-1.1586260242352688,-2.3172520484705377
232,2,3251.1666666666665,612.0,250,True,-1.2119158463256101,-1.2119158463256101,-2.4238316926512202
232,3,3059.6666666666665,521.0,249,True,-1.0557727653184306,-1.0557727653184306,-2.111545530636861
233,0,3093.6666666666665,662.0,251,True,-1.27605572140723,-1.27605572140723,-2.55211144281446
233,1,3308.5,586.0,250,True,-1.1765383581958997,-1.1765383581958997,-2.3530767163917994
233,2,3244.6666666666665,677.0,251,True,-1.3116371940898228,-1.3116371940898228,-2.6232743881796456
233,3,3192.6666666666665,521.0,249,True,-1.0667344543526207,-1.0667344543526207,-2.1334689087052414
234,0,3586.5,666.0,251,True,-1.3228440770341663,-1.3228440770341663,-2.6456881540683326
234,1,3205.5,1086.0,256,True,-1.9392574568190735,-1.9392574568190735,-3.878514913638147
234,2,3399.3333333333335,887.0,254,True,-1.6482920769519593,-1.6482920769519593,-3.2965841539039187
234,3,3341.333333333333,701.0,250,True,-1.356622331354237,-1.356622331354237,-2.713244662708474
235,0,3262.166666666667,601.0,250,True,-1.195855871208717,-1.195855871208717,-2.391711742417434
235,1,3318.5,577.0,250,True,-1.1634807972693482,-1.1634807972693482,-2.3269615945386963
235,2,3504.666666666667,887.0,254,True,-1.6569735148837992,-1.6569735148837992,-3.3139470297675984
235,3,3471.3333333333335,833.0,253,True,-1.5709357359671636,-1.5709357359671636,-3.1418714719343273
236,0,3117.3333333333335,603.0,250,True,-1.1870037269573215,-1.1870037269573215,-2.374007453914643
236,1,3288.6666666666665,677.0,251,True,-1.3152636175297057,-1.3152636175297057,-2.6305272350594113
236,2,3279.3333333333335,677.0,251,True,-1.314494376193973,-1.314494376193973,-2.628988752387946
236,3,3638.1666666666665,1006.0,256,True,-1.851523971115877,-1.851523971115877,-3.703047942231754
237,0,3382.6666666666665,887.0,253,True,-1.646918431709579,-1.646918431709579,-3.293836863419158
237,1,3611.666666666667,887.0,254,True,-1.665792317339876,-1.665792317339876,-3.331584634679752
237,2,3207.5,577.0,250,True,-1.1543323199550992,-1.1543323199550992,-2.3086646399101984
237,3,3617.0,1173.0,258,True,-2.1073629892158974,-2.1073629892158974,-4.214725978431795
238,0,3653.6666666666665,1017.0,255,True,-1.8697680421681546,-1.8697680421681546,-3.7395360843363092
238,1,3047.8333333333335,557.0,249,True,-1.1103244694842582,-1.1103244694842582,-2.2206489389685165
238,2,3153.3333333333335,690.0,250,True,-1.3241610320433306,-1.3241610320433306,-2.648322064086661
238,3,3196.3333333333335,677.0,251,True,-1.3076536228869213,-1.3076536228869213,-2.6153072457738427
239,0,3409.5,586.0,249,True,-1.1848626483647202,-1.1848626483647202,-2.3697252967294404
239,1,3648.0,731.0,252,True,-1.4281698973872883,-1.4281698973872883,-2.8563397947745766
239,2,3271.3333333333335,430.0,248,True,-0.9328581627244161,-0.9328581627244161,-1.8657163254488323
239,3,3205.6666666666665,727.0,252,True,-1.3855436868447621,-1.3855436868447621,-2.7710873736895243
240,0,2941.3333333333335,698.0,251,True,-1.319027596179797,-1.319027596179797,-2.638055192359594
240,1,3366.1666666666665,896.0,253,True,-1.659440270991603,-1.659440270991603,-3.318880541983206
240,2,3633.5,577.0,250,True,-1.1894426923503247,-1.1894426923503247,-2.3788853847006495
240,3,3500.5,675.0,248,True,-1.329637815655467,-1.329637815655467,-2.659275631310934
241,0,3322.5,651.0,250,True,-1.2779492896082392,-1.2779492896082392,-2.5558985792164783
241,1,2987.666666666667,592.0,250,True,-1.159350185994744,-1.159350185994744,-2.318700371989488
241,2,3023.6666666666665,662.0,251,True,-1.2702864113892351,-1.2702864113892351,-2.5405728227784703
241,3,3670.5,666.0,250,True,-1.32976724905576,-1.32976724905576,-2.65953449811152
242,0,3261.3333333333335,962.0,255,True,-1.752599528278217,-1.752599528278217,-3.505199056556434
242,1,3099.8333333333335,814.0,253,True,-1.51101127091812,-1.51101127091812,-3.02202254183624
242,2,3640.5,731.0,252,True,-1.4275517570282172,-1.4275517570282172,-2.8551035140564345
242,3,3209.6666666666665,597.0,250,True,-1.185359222885452,-1.185359222885452,-2.370718445770904
243,0,3172.5,670.0,251,True,-1.2948923950232227,-1.2948923950232227,-2.5897847900464455
243,1,2956.6666666666665,573.0,250,True,-1.1274892932475165,-1.1274892932475165,-2.254978586495033
243,2,3406.6666666666665,792.0,253,True,-1.5023669178766013,-1.5023669178766013,-3.0047338357532025
243,3,3097.6666666666665,727.0,252,True,-1.3766424656741414,-1.3766424656741414,-2.753284931348283
244,0,3118.3333333333335,597.0,250,True,-1.1778316469572108,-1.1778316469572108,-2.3556632939144215
244,1,3180.0,542.0,249,True,-1.0980812294696973,-1.0980812294696973,-2.1961624589393947
244,2,3222.6666666666665,597.0,250,True,-1.1864306661745088,-1.1864306661745088,-2.3728613323490175
244,3,3083.6666666666665,573.0,250,True,-1.1379564699944504,-1.1379564699944504,-2.275912939988901
245,0,3626.5,577.0,250,True,-1.1888657613485245,-1.1888657613485245,-2.377731522697049
245,1,3601.5,642.0,251,True,-1.287062362893696,-1.287062362893696,-2.574124725787392
245,2,3197.3333333333335,662.0,251,True,-1.2845997948148316,-1.2845997948148316,-2.569199589629663
245,3,3264.6666666666665,807.0,253,True,-1.51379970719816,-1.51379970719816,-3.02759941439632
246,0,3298.5,1104.0,256,True,-1.974685893415511,-1.974685893415511,-3.949371786831022
246,1,3174.8333333333335,636.0,251,True,-1.2426425459741226,-1.2426425459741226,-2.485285091948245
246,2,3401.1666666666665,1002.0,256,True,-1.8258210699594692,-1.8258210699594692,-3.6516421399189385
246,3,3406.3333333333335,900.0,254,True,-1.6689204218355072,-1.6689204218355072,-3.3378408436710143
247,0,3751.6666666666665,798.0,253,True,-1.5400558731085146,-1.5400558731085146,-3.080111746217029
247,1,3156.3333333333335,686.0,251,True,-1.3182386223771885,-1.3182386223771885,-2.636477244754377
247,2,3214.3333333333335,898.0,254,True,-1.6500111957384083,-1.6500111957384083,-3.3000223914768165
247,3,3145.6666666666665,662.0,251,True,-1.2803414945634546,-1.2803414945634546,-2.560682989126909
248,0,3239.6666666666665,742.0,252,True,-1.4114821699258497,-1.4114821699258497,-2.8229643398516995
248,1,3306.3333333333335,601.0,250,True,-1.1994960311010234,-1.1994960311010234,-2.398992062202047
248,2,3276.6666666666665,677.0,251,True,-1.3142745929551916,-1.3142745929551916,-2.628549185910383
248,3,3349.5,796.0,253,True,-1.503824980505007,-1.503824980505007,-3.007649961010014
249,0,3052.3333333333335,586.0,250,True,-1.1554254308205232,-1.1554254308205232,-2.3108508616410464
249,1,3023.8333333333335,753.0,250,True,-1.4106600450138953,-1.4106600450138953,-2.8213200900277906
249,2,3129.3333333333335,662.0,251,True,-1.2789953222259223,-1.2789953222259223,-2.5579906444518445
249,3,3184.3333333333335,858.0,253,True,-1.5858419762044398,-1.5858419762044398,-3.1716839524088796
250,0,3049.8333333333335,651.0,251,True,-1.2554764534429073,-1.2554764534429073,-2.5109529068858145
250,1,3043.1666666666665,618.0,250,True,-1.2040272524153648,-1.2040272524153648,-2.4080545048307296
250,2,3145.6666666666665,738.0,252,True,-1.3975651449490594,-1.3975651449490594,-2.7951302898981187
250,3,3140.333333333333,662.0,251,True,-1.279901928085893,-1.279901928085893,-2.559803856171786
251,0,3216.6666666666665,762.0,252,True,-1.4404348685402084,-1.4404348685402084,-2.880869737080417
251,1,3179.3333333333335,597.0,250,True,-1.182859188544321,-1.182859188544321,-2.365718377088642
251,2,3194.8333333333335,883.0,254,True,-1.6252677840181915,-1.6252677840181915,-3.250535568036383
251,3,3115.3333333333335,677.0,251,True,-1.3009777070089565,-1.3009777070089565,-2.601955414017913
252,0,3316.3333333333335,807.0,253,True,-1.518058007449536,-1.518058007449536,-3.036116014899072
252,1,3191.1666666666665,716.0,252,True,-1.3673820345070276,-1.3673820345070276,-2.734764069014055
252,2,3187.6666666666665,521.0,249,True,-1.0663223607799073,-1.0663223607799073,-2.1326447215598145
252,3,3231.8333333333335,662.0,251,True,-1.2874432404665577,-1.2874432404665577,-2.5748864809331153
253,0,3143.166666666667,586.0,250,True,-1.1629117973914942,-1.1629117973914942,-2.3258235947829884
253,1,3081.8333333333335,497.0,249,True,-1.0205817186321837,-1.0205817186321837,-2.0411634372643674
253,2,3046.6666666666665,716.0,252,True,-1.3554725302555954,-1.3554725302555954,-2.710945060511191
253,3,3226.8333333333335,432.0,248,True,-0.9322753628321473,-0.9322753628321473,-1.8645507256642946
254,0,3086.3333333333335,456.0,248,True,-0.9577135282974977,-0.9577135282974977,-1.9154270565949953
254,1,3408.6666666666665,653.0,250,True,-1.2881358684162267,-1.2881358684162267,-2.5762717368324535
254,2,2963.6666666666665,432.0,248,True,-0.9105855044549717,-0.9105855044549717,-1.8211710089099433
254,3,3129.3333333333335,727.0,252,True,-1.3792523916346633,-1.3792523916346633,-2.7585047832693266
255,0,3201.6666666666665,586.0,250,True,-1.1677332921922468,-1.1677332921922468,-2.3354665843844935
255,1,3172.6666666666665,506.0,249,True,-1.0419498332751325,-1.0419498332751325,-2.083899666550265
255,2,3248.3333333333335,532.0,249,True,-1.0882890104390321,-1.0882890104390321,-2.1765780208780643
255,3,3270.1666666666665,677.0,251,True,-1.3137388713106637,-1.3137388713106637,-2.6274777426213274
256,0,2917.3333333333335,367.0,247,True,-0.8065097012724151,-0.8065097012724151,-1.6130194025448301
256,1,3185.8333333333335,651.0,251,True,-1.2666853986207254,-1.2666853986207254,-2.5333707972414508
256,2,3153.6666666666665,662.0,251,True,-1.2810008442797967,-1.2810008442797967,-2.5620016885595933
256,3,3147.8333333333335,651.0,251,True,-1.2635534874680998,-1.2635534874680998,-2.5271069749361996
257,0,3350.166666666667,677.0,250,True,-1.320332368474086,-1.320332368474086,-2.640664736948172
257,1,2864.6666666666665,523.0,249,True,-1.0427859488874731,-1.0427859488874731,-2.0855718977749462
257,2,3191.6666666666665,597.0,250,True,-1.1838756860236814,-1.1838756860236814,-2.367751372047363
257,3,3218.1666666666665,755.0,252,True,-1.4297615814449274,-1.4297615814449274,-2.8595231628898548
258,0,3245.5,718.0,252,True,-1.374944950902071,-1.374944950902071,-2.749889901804142
258,1,3049.6666666666665,586.0,250,True,-1.1552056475817434,-1.1552056475817434,-2.3104112951634868
258,2,3218.3333333333335,846.0,252,True,-1.5701352150695878,-1.5701352150695878,-3.1402704301391755
258,3,3076.8333333333335,523.0,249,True,-1.0602724528229666,-1.0602724528229666,-2.120544905645933
259,0,3189.3333333333335,818.0,253,True,-1.5245574116794665,-1.5245574116794665,-3.049114823358933
259,1,3332.666666666667,783.0,252,True,-1.4823861849284572,-1.4823861849284572,-2.9647723698569144
259,2,3194.5,653.0,251,True,-1.2704845270516476,-1.2704845270516476,-2.540969054103295
259,3,3276.5,928.0,255,True,-1.70140738606575,-1.70140738606575,-3.4028147721315
260,0,3142.5,601.0,250,True,-1.1859930983684301,-1.1859930983684301,-2.3719861967368603
260,1,3387.166666666667,872.0,253,True,-1.6241530691383892,-1.6241530691383892,-3.2483061382767784
260,2,3339.3333333333335,739.0,250,True,-1.415069319117953,-1.415069319117953,-2.830138638235906
260,3,3159.333333333333,666.0,251,True,-1.2876375494719752,-1.2876375494719752,-2.5752750989439503
261,0,3104.6666666666665,716.0,252,True,-1.3602528156990772,-1.3602528156990772,-2.7205056313981544
261,1,3377.1666666666665,742.0,251,True,-1.4228147431754807,-1.4228147431754807,-2.8456294863509615
261,2,3641.666666666667,863.0,254,True,-1.6312468839175478,-1.6312468839175478,-3.2624937678350956
261,3,3218.6666666666665,898.0,254,True,-1.6503683435014278,-1.6503683435014278,-3.3007366870028556
262,0,3189.3333333333335,662.0,251,True,-1.2839404450984908,-1.2839404450984908,-2.5678808901969816
262,1,3184.6666666666665,653.0,251,True,-1.2696740763586434,-1.2696740763586434,-2.5393481527172868
262,2,2835.8333333333335,367.0,247,True,-0.7997925760371787,-0.7997925760371787,-1.5995851520743574
262,3,3251.333333333333,831.0,253,True,-1.5497187858628667,-1.5497187858628667,-3.0994375717257334
263,0,3077.333333333333,601.0,250,True,-1.180622145470727,-1.180622145470727,-2.361244290941454
263,1,3132.3333333333335,597.0,250,True,-1.1789855089608103,-1.1789855089608103,-2.3579710179216207
263,2,3122.6666666666665,597.0,250,True,-1.1781887947202307,-1.1781887947202307,-2.3563775894404615
263,3,3068.6666666666665,597.0,250,True,-1.1737381841349204,-1.1737381841349204,-2.3474763682698407
264,0,3305.3333333333335,781.0,251,True,-1.4770485738260686,-1.4770485738260686,-2.954097147652137
264,1,3138.166666666667,521.0,249,True,-1.0622426344100389,-1.0622426344100389,-2.1244852688200777
264,2,3207.3333333333335,818.0,252,True,-1.5260409485412363,-1.5260409485412363,-3.0520818970824726
264,3,3091.3333333333335,686.0,251,True,-1.3128814059319083,-1.3128814059319083,-2.6257628118638165
265,0,3082.6666666666665,662.0,251,True,-1.2751491155472594,-1.2751491155472594,-2.550298231094519
265,1,3069.3333333333335,662.0,251,True,-1.274050199353356,-1.274050199353356,-2.548100398706712
265,2,3127.8333333333335,824.0,253,True,-1.5287431594497376,-1.5287431594497376,-3.057486318899475
265,3,2933.8333333333335,698.0,251,True,-1.3184094558207258,-1.3184094558207258,-2.6368189116414515
266,0,3255.333333333333,666.0,251,True,-1.2955497460680818,-1.2955497460680818,-2.5910994921361636
266,1,2995.166666666667,651.0,251,True,-1.2509708970479017,-1.2509708970479017,-2.5019417940958033
266,2,2888.8333333333335,432.0,248,True,-0.9044178373166867,-0.9044178373166867,-1.8088356746333734
266,3,2974.8333333333335,780.0,251,True,-1.4482667722172384,-1.4482667722172384,-2.896533544434477
267,0,3697.1666666666665,861.0,254,True,-1.6327362896697881,-1.6327362896697881,-3.2654725793395762
267,1,2956.6666666666665,367.0,247,True,-0.8097515040444317,-0.8097515040444317,-1.6195030080888635
267,2,3240.166666666667,610.0,250,True,-1.2079244075607558,-1.2079244075607558,-2.4158488151215116
267,3,3524.1666666666665,872.0,252,True,-1.6354444330307503,-1.6354444330307503,-3.2708888660615005
268,0,3152.6666666666665,662.0,251,True,-1.2809184255652544,-1.2809184255652544,-2.5618368511305087
268,1,3207.6666666666665,738.0,252,True,-1.4026751052507114,-1.4026751052507114,-2.8053502105014227
268,2,3137.0000000000005,751.0,252,True,-1.4169022633047696,-1.4169022633047696,-2.8338045266095393
268,3,3151.8333333333335,872.0,254,True,-1.6047571983159894,-1.6047571983159894,-3.209514396631979
269,0,3290.666666666667,718.0,252,True,-1.3786675295089188,-1.3786675295089188,-2.7573350590178376
269,1,3153.5,432.0,248,True,-0.9262313237656766,-0.9262313237656766,-1.8524626475313533
269,2,3187.5,762.0,252,True,-1.4380309893660443,-1.4380309893660443,-2.8760619787320887
269,3,3138.6666666666665,597.0,250,True,-1.1795074941529153,-1.1795074941529153,-2.3590149883058307
270,0,3279.6666666666665,1148.0,256,True,-2.040999998199078,-2.040999998199078,-4.081999996398156
270,1,3515.1666666666665,872.0,253,True,-1.6347026645998657,-1.6347026645998657,-3.2694053291997314
270,2,3119.3333333333335,521.0,249,True,-1.060690415286151,-1.060690415286151,-2.121380830572302
270,3,3196.833333333333,998.0,256,True,-1.8028105134781258,-1.8028105134781258,-3.6056210269562516
271,0,3034.5,601.0,250,True,-1.1770918771978107,-1.1770918771978107,-2.3541837543956214
271,1,3071.8333333333335,588.0,250,True,-1.1601174286589933,-1.1601174286589933,-2.3202348573179865
271,2,3121.3333333333335,597.0,250,True,-1.1780789031008403,-1.1780789031008403,-2.3561578062016806
271,3,3228.3333333333335,686.0,251,True,-1.3241727698242705,-1.3241727698242705,-2.648345539648541
272,0,3062.3333333333335,597.0,249,True,-1.173216198942816,-1.173216198942816,-2.346432397885632
272,1,3096.3333333333335,521.0,249,True,-1.0587947848516663,-1.0587947848516663,-2.1175895697033327
272,2,3250.333333333333,807.0,253,True,-1.5126183722897129,-1.5126183722897129,-3.0252367445794257
272,3,3418.666666666667,807.0,252,True,-1.5264921892377479,-1.5264921892377479,-3.0529843784754958
273,0,3073.8333333333335,896.0,253,True,-1.6353465334402641,-1.6353465334402641,-3.2706930668805283
273,1,3010.5,677.0,251,True,-1.2923374784343888,-1.2923374784343888,-2.5846749568687777
273,2,3222.8333333333335,1024.0,256,True,-1.8450562278197349,-1.8450562278197349,-3.6901124556394698
273,3,3163.8333333333335,1151.0,256,True,-2.036080413121864,-2.036080413121864,-4.072160826243728
274,0,3200.6666666666665,1158.0,256,True,-2.049913084274619,-2.049913084274619,-4.099826168549238
274,1,3332.333333333333,805.0,253,True,-1.5162918739773366,-1.5162918739773366,-3.032583747954673
274,2,3158.5,842.0,253,True,-1.5590341628396767,-1.5590341628396767,-3.1180683256793533
274,3,3520.166666666667,807.0,251,True,-1.5348576887638399,-1.5348576887638399,-3.0697153775276798
275,0,3504.666666666667,807.0,253,True,-1.5335801986884265,-1.5335801986884265,-3.067160397376853
275,1,3011.6666666666665,612.0,249,True,-1.1921765641926148,-1.1921765641926148,-2.3843531283852295
275,2,3195.6666666666665,686.0,251,True,-1.321480425149207,-1.321480425149207,-2.642960850298414
275,3,3006.3333333333335,777.0,251,True,-1.446235712368009,-1.446235712368009,-2.892471424736018
276,0,3321.5000000000005,1178.0,258,True,-2.0907203413307145,-2.0907203413307145,-4.181440682661429
276,1,3297.8333333333335,777.0,252,True,-1.47026076765723,-1.47026076765723,-2.94052153531446
276,2,3235.3333333333335,662.0,251,True,-1.287731705967458,-1.287731705967458,-2.575463411934916
276,3,3421.5,913.0,251,True,-1.6902218528878217,-1.6902218528878217,-3.3804437057756433
277,0,3378.166666666667,872.0,253,True,-1.6234113007075055,-1.6234113007075055,-3.246822601415011
277,1,3650.166666666667,807.0,252,True,-1.5455721216544012,-1.5455721216544012,-3.0911442433088023
277,2,3794.666666666667,807.0,253,True,-1.5574816259058328,-1.5574816259058328,-3.1149632518116657
277,3,3731.166666666667,807.0,251,True,-1.552248037532366,-1.552248037532366,-3.104496075064732
278,0,3192.3333333333335,916.0,253,True,-1.6759614801624265,-1.6759614801624265,-3.351922960324853
278,1,3624.166666666667,807.0,251,True,-1.5434292350762893,-1.5434292350762893,-3.0868584701525785
278,2,3345.3333333333335,727.0,252,True,-1.3970548339759032,-1.3970548339759032,-2.7941096679518065
278,3,3632.8333333333335,922.0,254,True,-1.7215214226331756,-1.7215214226331756,-3.4430428452663513
279,0,3135.6666666666665,612.0,250,True,-1.2023964847959183,-1.2023964847959183,-2.4047929695918366
279,1,3205.5000000000005,736.0,252,True,-1.3994116984643175,-1.3994116984643175,-2.798823396928635
279,2,3866.0,731.0,251,True,-1.4461371771576137,-1.4461371771576137,-2.8922743543152274
279,3,3390.3333333333335,909.0,253,True,-1.6814834704748023,-1.6814834704748023,-3.3629669409496046
280,0,3310.166666666667,660.0,251,True,-1.290814540200857,-1.290814540200857,-2.581629080401714
280,1,3174.0000000000005,766.0,252,True,-1.4430880025294845,-1.4430880025294845,-2.886176005058969
280,2,3658.0,601.0,249,True,-1.2284799457152344,-1.2284799457152344,-2.456959891430469
280,3,3705.0,731.0,250,True,-1.4328677641162257,-1.4328677641162257,-2.8657355282324515
281,0,3544.1666666666665,677.0,250,True,-1.3363215990953854,-1.3363215990953854,-2.672643198190771
281,1,3096.666666666667,571.0,250,True,-1.1359430803786215,-1.1359430803786215,-2.271886160757243
281,2,3683.1666666666665,820.0,253,True,-1.5683433531160602,-1.5683433531160602,-3.1366867062321204
281,3,3423.5,901.0,254,True,-1.6718776928875996,-1.6718776928875996,-3.343755385775199
282,0,3244.8333333333335,642.0,250,True,-1.2576663547067708,-1.2576663547067708,-2.5153327094135416
282,1,3327.5000000000005,1007.0,255,True,-1.8274616402503618,-1.8274616402503618,-3.6549232805007237
282,2,3876.6666666666665,666.0,249,True,-1.3467592407039966,-1.3467592407039966,-2.693518481407993
282,3,3334.3333333333335,857.0,250,True,-1.5966623669334135,-1.5966623669334135,-3.193324733866827
283,0,3706.0,666.0,250,True,-1.3326931134220283,-1.3326931134220283,-2.6653862268440567
283,1,3880.0,666.0,250,True,-1.347033969752472,-1.347033969752472,-2.694067939504944
283,2,3555.0,731.0,251,True,-1.4205049569348094,-1.4205049569348094,-2.8410099138696188
283,3,3670.0,601.0,249,True,-1.2294689702897472,-1.2294689702897472,-2.4589379405794944
284,0,3692.6666666666665,861.0,253,True,-1.6323654054543457,-1.6323654054543457,-3.2647308109086914
284,1,3700.166666666667,885.0,254,True,-1.670001540672028,-1.670001540672028,-3.340003081344056
284,2,3719.666666666667,820.0,252,True,-1.5713516361968716,-1.5713516361968716,-3.142703272393743
284,3,3862.6666666666665,835.0,252,True,-1.6062737591631215,-1.6062737591631215,-3.212547518326243
285,0,3805.3333333333335,972.0,255,True,-1.8128594735139123,-1.8128594735139123,-3.6257189470278246
285,1,3763.666666666667,755.0,250,True,-1.4747209902280145,-1.4747209902280145,-2.949441980456029
285,2,3841.666666666667,666.0,249,True,-1.3438745856949994,-1.3438745856949994,-2.687749171389999
285,3,3709.0,666.0,250,True,-1.3329403695656565,-1.3329403695656565,-2.665880739131313
286,0,3557.0,666.0,250,True,-1.3204127249551536,-1.3204127249551536,-2.640825449910307
286,1,3414.3333333333335,720.0,252,True,-1.3919448101122607,-1.3919448101122607,-2.7838896202245214
286,2,3178.3333333333335,896.0,254,True,-1.6439592891099855,-1.6439592891099855,-3.287918578219971
286,3,3591.666666666667,731.0,251,True,-1.4235269764680425,-1.4235269764680425,-2.847053952936085
287,0,3348.333333333333,742.0,251,True,-1.4204383369061655,-1.4204383369061655,-2.840876673812331
287,1,3313.3333333333335,831.0,252,True,-1.5548287461645192,-1.5548287461645192,-3.1096574923290383
287,2,3783.666666666667,666.0,249,True,-1.339094300251518,-1.339094300251518,-2.678188600503036
287,3,2979.6666666666665,367.0,247,True,-0.8116471344789161,-0.8116471344789161,-1.6232942689578322
288,0,3070.5,532.0,249,True,-1.0736322157028406,-1.0736322157028406,-2.1472644314056812
288,1,3653.666666666667,815.0,251,True,-1.558199918774838,-1.558199918774838,-3.116399837549676
288,2,3541.166666666667,861.0,254,True,-1.6198789702011143,-1.6198789702011143,-3.2397579404022285
288,3,3110.3333333333335,625.0,250,True,-1.2203599579092506,-1.2203599579092506,-2.440719915818501
289,0,3615.166666666667,755.0,250,True,-1.4624818111184112,-1.4624818111184112,-2.9249636222368225
289,1,3197.3333333333335,742.0,252,True,-1.4079931110102044,-1.4079931110102044,-2.815986222020409
289,2,3618.666666666667,690.0,250,True,-1.3625132072105701,-1.3625132072105701,-2.7250264144211402
289,3,3472.5,577.0,249,True,-1.1761732793089368,-1.1761732793089368,-2.3523465586178736
290,0,3581.0,577.0,250,True,-1.1851157098368283,-1.1851157098368283,-2.3702314196736567
290,1,3604.0,666.0,250,True,-1.3242864045386646,-1.3242864045386646,-2.6485728090773293
290,2,3367.333333333333,807.0,253,True,-1.5222613618912182,-1.5222613618912182,-3.0445227237824364
290,3,3849.666666666667,900.0,254,True,-1.7054593852828064,-1.7054593852828064,-3.4109187705656128
291,0,3205.3333333333335,677.0,251,True,-1.308395391317806,-1.308395391317806,-2.616790782635612
291,1,3012.6666666666665,653.0,251,True,-1.2554980574572854,-1.2554980574572854,-2.5109961149145708
291,2,3478.0,666.0,250,True,-1.313901646506274,-1.313901646506274,-2.627803293012548
291,3,3385.0,672.0,250,True,-1.3154912047684484,-1.3154912047684484,-2.6309824095368968
292,0,3200.1666666666665,1056.0,256,True,-1.892545396768247,-1.892545396768247,-3.785090793536494
292,1,3538.0,731.0,251,True,-1.4191038387875812,-1.4191038387875812,-2.8382076775751623
292,2,3127.3333333333335,796.0,252,True,-1.485514289424087,-1.485514289424087,-2.971028578848174
292,3,3056.8333333333335,668.0,251,True,-1.2822744641362234,-1.2822744641362234,-2.5645489282724467
293,0,3169.3333333333335,731.0,252,True,-1.3887188060261428,-1.3887188060261428,-2.7774376120522857
293,1,3225.3333333333335,811.0,251,True,-1.5167275702359109,-1.5167275702359109,-3.0334551404718217
293,2,3032.6666666666665,653.0,251,True,-1.2571464317481402,-1.2571464317481402,-2.5142928634962805
293,3,3222.6666666666665,742.0,252,True,-1.4100810517786218,-1.4100810517786218,-2.8201621035572435
294,0,3256.0,590.0,250,True,-1.1783810414921727,-1.1783810414921727,-2.3567620829843454
294,1,3187.5,655.0,251,True,-1.2729924289547332,-1.2729924289547332,-2.5459848579094664
294,2,3611.6666666666665,681.0,250,True,-1.3480545281367904,-1.3480545281367904,-2.6961090562735808
294,3,3825.1666666666665,876.0,250,True,-1.666422131917895,-1.666422131917895,-3.33284426383579
295,0,3236.833333333333,833.0,253,True,-1.5516085474068813,-1.5516085474068813,-3.1032170948137625
295,1,3270.6666666666665,677.0,251,True,-1.3137800806679345,-1.3137800806679345,-2.627560161335869
295,2,3350.8333333333335,961.0,255,True,-1.7584335867773553,-1.7584335867773553,-3.5168671735547106
295,3,3725.0,731.0,250,True,-1.4345161384070813,-1.4345161384070813,-2.8690322768141625
296,0,3644.5,577.0,248,True,-1.190349298210295,-1.190349298210295,-2.38069859642059
296,1,3251.5,731.0,252,True,-1.3954908770710743,-1.3954908770710743,-2.7909817541421487
296,2,3400.8333333333335,666.0,250,True,-1.3075416690340564,-1.3075416690340564,-2.615083338068113
296,3,3339.5,731.0,252,True,-1.4027437239508396,-1.4027437239508396,-2.805487447901679
297,0,3111.6666666666665,742.0,252,True,-1.4009325744643728,-1.4009325744643728,-2.8018651489287456
297,1,3068.8333333333335,809.0,253,True,-1.5007442085050813,-1.5007442085050813,-3.0014884170101626
297,2,3185.3333333333335,831.0,253,True,-1.544279150703043,-1.544279150703043,-3.088558301406086
297,3,3271.6666666666665,872.0,254,True,-1.6146337076086994,-1.6146337076086994,-3.229267415217399
298,0,3312.6666666666665,677.0,250,True,-1.3172416666787308,-1.3172416666787308,-2.6344833333574615
298,1,3227.3333333333335,896.0,254,True,-1.6479978061225808,-1.6479978061225808,-3.2959956122451617
298,2,3213.1666666666665,731.0,252,True,-1.3923314930136017,-1.3923314930136017,-2.7846629860272034
298,3,3847.666666666667,900.0,252,True,-1.70529454785372,-1.70529454785372,-3.41058909570744
299,0,3264.8333333333335,672.0,250,True,-1.305587222570891,-1.305587222570891,-2.611174445141782
299,1,3504.0,672.0,249,True,-1.3252990317990387,-1.3252990317990387,-2.6505980635980775
299,2,3687.0,761.0,250,True,-1.4776567208277207,-1.4776567208277207,-2.9553134416554414
299,3,3178.5,521.0,249,True,-1.065566855896598,-1.065566855896598,-2.131133711793196
300,0,3748.0,577.0,248,True,-1.1988796351654725,-1.1988796351654725,-2.397759270330945
300,1,3609.5,577.0,249,True,-1.187464643201298,-1.187464643201298,-2.374929286402596
300,2,3162.6666666666665,872.0,254,True,-1.6056500677235346,-1.6056500677235346,-3.211300135447069
300,3,3731.166666666667,826.0,251,True,-1.5815539501287672,-1.5815539501287672,-3.1631079002575344
301,0,3504.5,577.0,249,True,-1.178810678174305,-1.178810678174305,-2.35762135634861
301,1,2915.8333333333335,512.0,249,True,-1.0300364588047148,-1.0300364588047148,-2.0600729176094297
301,2,3363.0,447.0,247,True,-0.9666342912490219,-0.9666342912490219,-1.9332685824980438
301,3,3287.3333333333335,677.0,251,True,-1.3151537259103152,-1.3151537259103152,-2.6303074518206304
302,0,3589.666666666667,666.0,250,True,-1.3231050696302182,-1.3231050696302182,-2.6462101392604365
302,1,3679.0,731.0,250,True,-1.4307248775381136,-1.4307248775381136,-2.8614497550762272
302,2,3316.0,655.0,250,True,-1.28358323377348,-1.28358323377348,-2.56716646754696
302,3,3122.5,655.0,251,True,-1.2676352125094519,-1.2676352125094519,-2.5352704250189038
303,0,3241.6666666666665,677.0,251,True,-1.3113899379461922,-1.3113899379461922,-2.6227798758923844
303,1,3117.833333333333,809.0,253,True,-1.5047827255176771,-1.5047827255176771,-3.0095654510353542
303,2,3229.6666666666665,742.0,252,True,-1.4106579827804206,-1.4106579827804206,-2.8213159655608413
303,3,3001.3333333333335,494.0,246,True,-1.0093197627541637,-1.0093197627541637,-2.0186395255083274
304,0,3268.3333333333335,742.0,252,True,-1.4138448397427414,-1.4138448397427414,-2.827689679485483
304,1,3176.6666666666665,677.0,251,True,-1.3060327215009142,-1.3060327215009142,-2.6120654430018284
304,2,3374.5,785.0,253,True,-1.488918867391713,-1.488918867391713,-2.977837734783426
304,3,3678.5,731.0,251,True,-1.4306836681808428,-1.4306836681808428,-2.8613673363616856
305,0,3555.0,666.0,250,True,-1.3202478875260688,-1.3202478875260688,-2.6404957750521376
305,1,3791.0,666.0,250,True,-1.3396987041581652,-1.3396987041581652,-2.6793974083163303
305,2,3543.5,666.0,249,True,-1.3193000723088268,-1.3193000723088268,-2.6386001446176537
305,3,3740.0,666.0,250,True,-1.3354953497164832,-1.3354953497164832,-2.6709906994329664
306,0,3374.8333333333335,666.0,250,True,-1.3053987824559434,-1.3053987824559434,-2.610797564911887
306,1,3618.5,666.0,250,True,-1.3254814758995355,-1.3254814758995355,-2.650962951799071
306,2,3578.0,601.0,248,True,-1.2218864485518115,-1.2218864485518115,-2.443772897103623
306,3,3339.5,796.0,253,True,-1.5030007933595788,-1.5030007933595788,-3.0060015867191576
307,0,3791.666666666667,746.0,252,True,-1.4631469661632328,-1.4631469661632328,-2.9262939323264656
307,1,3510.5,666.0,250,True,-1.3165802547289152,-1.3165802547289152,-2.6331605094578303
307,2,3809.0,601.0,250,True,-1.2409251716111946,-1.2409251716111946,-2.4818503432223893
307,3,3695.0,731.0,251,True,-1.4320435769707986,-1.4320435769707986,-2.8640871539415973
308,0,3095.3333333333335,712.0,249,True,-1.3533139085535741,-1.3533139085535741,-2.7066278171071483
308,1,3304.166666666667,690.0,250,True,-1.3365925214868657,-1.3365925214868657,-2.6731850429737314
308,2,3366.5,512.0,247,True,-1.0671798261586607,-1.0671798261586607,-2.1343596523173214
308,3,3091.3333333333335,887.0,253,True,-1.6229071128727817,-1.6229071128727817,-3.2458142257455633
309,0,3616.0,731.0,250,True,-1.425532498521918,-1.425532498521918,-2.851064997043836
309,1,3396.166666666667,705.0,250,True,-1.3673112900114333,-1.3673112900114333,-2.7346225800228665
309,2,3028.6666666666665,653.0,251,True,-1.256816756889969,-1.256816756889969,-2.513633513779938
309,3,3684.6666666666665,835.0,252,True,-1.5916032279745065,-1.5916032279745065,-3.183206455949013
310,0,3322.6666666666665,742.0,252,True,-1.418322923232899,-1.418322923232899,-2.836645846465798
310,1,3175.8333333333335,677.0,251,True,-1.3059640392387957,-1.3059640392387957,-2.6119280784775913
310,2,3668.5,861.0,251,True,-1.6303736198528958,-1.6303736198528958,-3.2607472397057915
310,3,3206.3333333333335,536.0,249,True,-1.0909970902380053,-1.0909970902380053,-2.1819941804760106
311,0,3176.166666666667,686.0,251,True,-1.319873260215621,-1.319873260215621,-2.639746520431242
311,1,3910.6666666666665,900.0,252,True,-1.7104869268699157,-1.7104869268699157,-3.4209738537398313
311,2,3825.5,731.0,251,True,-1.4427992192186312,-1.4427992192186312,-2.8855984384372624
311,3,3191.8333333333335,948.0,255,True,-1.7252775972833043,-1.7252775972833043,-3.4505551945666086
312,0,3388.166666666667,866.0,253,True,-1.614980989138281,-1.614980989138281,-3.229961978276562
312,1,3043.6666666666665,677.0,251,True,-1.2950710324667236,-1.2950710324667236,-2.5901420649334472
312,2,3616.8333333333335,976.0,253,True,-1.8034932116323652,-1.8034932116323652,-3.6069864232647304
312,3,3034.5,367.0,246,True,-0.816166427326345,-0.816166427326345,-1.63233285465269
313,0,3277.6666666666665,677.0,251,True,-1.3143570116697343,-1.3143570116697343,-2.6287140233394686
313,1,3132.5,681.0,251,True,-1.3085622274183746,-1.3085622274183746,-2.617124454836749
313,2,3130.1666666666665,843.0,253,True,-1.5582413823800714,-1.5582413823800714,-3.1164827647601427
313,3,3155.6666666666665,807.0,253,True,-1.5048160673129956,-1.5048160673129956,-3.009632134625991
314,0,3562.3333333333335,1108.0,255,True,-2.0026003634121485,-2.0026003634121485,-4.005200726824297
314,1,3737.0,731.0,250,True,-1.4355051629815954,-1.4355051629815954,-2.8710103259631907
314,2,3552.3333333333335,1227.0,256,True,-2.1853237341073406,-2.1853237341073406,-4.370647468214681
314,3,3435.166666666667,978.0,254,True,-1.7916053113953119,-1.7916053113953119,-3.5832106227906237
315,0,3849.4999999999995,1613.0,259,True,-2.805188579421644,-2.805188579421644,-5.610377158843288
315,1,3190.5,601.0,250,True,-1.1899491966664848,-1.1899491966664848,-2.3798983933329696
315,2,3592.6666666666665,1453.0,259,True,-2.5372340738458266,-2.5372340738458266,-5.074468147691653
315,3,3534.6666666666665,941.0,250,True,-1.742736564751959,-1.742736564751959,-3.485473129503918
316,0,3015.6666666666665,512.0,249,True,-1.038264593806569,-1.038264593806569,-2.076529187613138
316,1,3466.1666666666665,1028.0,254,True,-1.871281114168247,-1.871281114168247,-3.742562228336494
316,2,3357.5,731.0,251,True,-1.4042272608126094,-1.4042272608126094,-2.808454521625219
316,3,3116.6666666666665,861.0,253,True,-1.5848922258777036,-1.5848922258777036,-3.1697844517554072
317,0,3689.6666666666665,941.0,252,True,-1.7555114655060902,-1.7555114655060902,-3.5110229310121803
317,1,3712.1666666666665,887.0,252,True,-1.6740753981514254,-1.6740753981514254,-3.3481507963028507
317,2,3632.6666666666665,1030.0,252,True,-1.888088663044503,-1.888088663044503,-3.776177326089006
317,3,3256.8333333333335,835.0,252,True,-1.5563417546026208,-1.5563417546026208,-3.1126835092052416
318,0,3751.6666666666665,952.0,254,True,-1.7775880067846073,-1.7775880067846073,-3.5551760135692145
318,1,3698.6666666666665,941.0,252,True,-1.7562532339369754,-1.7562532339369754,-3.512506467873951
318,2,3700.6666666666665,941.0,252,True,-1.7564180713660607,-1.7564180713660607,-3.5128361427321213
318,3,3689.5,1015.0,252,True,-1.8696365465343863,-1.8696365465343863,-3.7392730930687725
319,0,3738.3333333333335,900.0,252,True,-1.6962834350637095,-1.6962834350637095,-3.392566870127419
319,1,3717.6666666666665,811.0,251,True,-1.5573050506958073,-1.5573050506958073,-3.1146101013916145
319,2,3486.6666666666665,941.0,252,True,-1.7387804664539064,-1.7387804664539064,-3.4775609329078128
319,3,3680.0,731.0,250,True,-1.4308072962526561,-1.4308072962526561,-2.8616145925053122
320,0,3704.0,820.0,251,True,-1.570060409669035,-1.570060409669035,-3.14012081933807
320,1,3524.0,731.0,251,True,-1.4179499767839827,-1.4179499767839827,-2.8358999535679654
320,2,3400.5,796.0,251,True,-1.5080283349466892,-1.5080283349466892,-3.0160566698933784
320,3,3679.666666666667,820.0,251,True,-1.5680548876151599,-1.5680548876151599,-3.1361097752303198
321,0,3731.5,872.0,253,True,-1.6525325798459538,-1.6525325798459538,-3.3050651596919076
321,1,3319.3333333333335,731.0,252,True,-1.4010816132075592,-1.4010816132075592,-2.8021632264151184
321,2,3489.0,1026.0,254,True,-1.8700781752454225,-1.8700781752454225,-3.740156350490845
321,3,3417.666666666667,848.0,253,True,-1.5896488450733335,-1.5896488450733335,-3.179297690146667
322,0,3321.8333333333335,651.0,251,True,-1.2778943437985448,-1.2778943437985448,-2.5557886875970897
322,1,3586.0,731.0,250,True,-1.4230599370856352,-1.4230599370856352,-2.8461198741712703
322,2,3614.666666666667,731.0,250,True,-1.425422606902528,-1.425422606902528,-2.850845213805056
322,3,3600.0,731.0,250,True,-1.4242137990892334,-1.4242137990892334,-2.848427598178467
323,0,3766.6666666666665,1030.0,255,True,-1.899132770793236,-1.899132770793236,-3.798265541586472
323,1,3547.666666666667,796.0,252,True,-1.5201576224369022,-1.5201576224369022,-3.0403152448738044
323,2,3685.666666666667,731.0,251,True,-1.4312743356350655,-1.4312743356350655,-2.862548671270131
323,3,3471.0,731.0,250,True,-1.4135817849132155,-1.4135817849132155,-2.827163569826431
324,0,3529.0,731.0,251,True,-1.418362070356696,-1.418362070356696,-2.836724140713392
324,1,3306.8333333333335,883.0,254,True,-1.6344986800469838,-1.6344986800469838,-3.2689973600939677
324,2,3577.0,961.0,254,True,-1.777073952716447,-1.777073952716447,-3.554147905432894
324,3,3354.5,802.0,253,True,-1.5134915727923735,-1.5134915727923735,-3.026983145584747
325,0,3635.3333333333335,796.0,252,True,-1.5273829964118193,-1.5273829964118193,-3.0547659928236386
325,1,3639.0,731.0,250,True,-1.427428128956403,-1.427428128956403,-2.854856257912806
325,2,3755.8333333333335,896.0,253,True,-1.6915560967584404,-1.6915560967584404,-3.383112193516881
325,3,3743.0,666.0,250,True,-1.335742605860111,-1.335742605860111,-2.671485211720222
326,0,3208.3333333333335,705.0,250,True,-1.3518303081298153,-1.3518303081298153,-2.7036606162596306
326,1,3747.166666666667,846.0,253,True,-1.613720978610295,-1.613720978610295,-3.22744195722059
326,2,3675.5,861.0,253,True,-1.6309505508546944,-1.6309505508546944,-3.261901101709389
326,3,3298.166666666667,764.0,251,True,-1.4502368266803287,-1.4502368266803287,-2.9004736533606574
327,0,3580.3333333333335,1046.0,255,True,-1.908454080222507,-1.908454080222507,-3.816908160445014
327,1,3355.833333333333,805.0,252,True,-1.518228713769092,-1.518228713769092,-3.036457427538184
327,2,3272.1666666666665,740.0,250,True,-1.4110759452436052,-1.4110759452436052,-2.8221518904872105
327,3,3438.6666666666665,740.0,250,True,-1.4247986612149783,-1.4247986612149783,-2.8495973224299567
328,0,3388.5,1002.0,255,True,-1.8247770995752604,-1.8247770995752604,-3.6495541991505207
328,1,3509.1666666666665,1152.0,257,True,-2.066084758996414,-2.066084758996414,-4.132169517992828
328,2,3826.666666666667,1490.0,262,True,-2.6135894617891995,-2.6135894617891995,-5.227178923578399
328,3,3664.0,1132.0,257,True,-2.0479975942492796,-2.0479975942492796,-4.095995188498559
329,0,3349.8333333333335,900.0,254,True,-1.66426376446384,-1.66426376446384,-3.32852752892768
329,1,3204.5,826.0,252,True,-1.5381467604695687,-1.5381467604695687,-3.0762935209391373
329,2,3567.1666666666665,820.0,252,True,-1.558782782229098,-1.558782782229098,-3.117565564458196
329,3,3465.3333333333335,1329.0,260,True,-2.335479784091218,-2.335479784091218,-4.670959568182436
330,0,3330.5,802.0,252,True,-1.5115135236433466,-1.5115135236433466,-3.023027047286693
330,1,3182.8333333333335,921.0,254,True,-1.682890584636481,-1.682890584636481,-3.365781169272962
330,2,3533.5,937.0,254,True,-1.7364707437752236,-1.7364707437752236,-3.472941487550447
330,3,3466.1666666666665,820.0,252,True,-1.550458492060277,-1.550458492060277,-3.100916984120554
331,0,3780.6666666666665,1056.0,254,True,-1.9403894605603311,-1.9403894605603311,-3.8807789211206623
331,1,3515.5,926.0,253,True,-1.7180206259365896,-1.7180206259365896,-3.436041251873179
331,2,3589.6666666666665,820.0,251,True,-1.5606372033063105,-1.5606372033063105,-3.121274406612621
331,3,3063.3333333333335,625.0,249,True,-1.2164862783257384,-1.2164862783257384,-2.432972556651477
332,0,3596.5,796.0,251,True,-1.5241824029970747,-1.5241824029970747,-3.0483648059941495
332,1,3512.8333333333335,844.0,252,True,-1.591322693597552,-1.591322693597552,-3.182645387195104
332,2,3146.8333333333335,655.0,250,True,-1.2696407345633254,-1.2696407345633254,-2.5392814691266508
332,3,3347.166666666667,675.0,250,True,-1.317000279425573,-1.317000279425573,-2.634000558851146
333,0,3763.0,666.0,249,True,-1.337390980150967,-1.337390980150967,-2.674781960301934
333,1,3613.3333333333335,1030.0,255,True,-1.8864952345633426,-1.8864952345633426,-3.772990469126685
333,2,3568.5,807.0,252,True,-1.5388412599667411,-1.5388412599667411,-3.0776825199334823
333,3,3192.3333333333335,631.0,249,True,-1.236372791216411,-1.236372791216411,-2.472745582432822
334,0,3540.5,681.0,250,True,-1.3421890629518307,-1.3421890629518307,-2.6843781259036614
334,1,3449.5,807.0,252,True,-1.5290334329361495,-1.5290334329361495,-3.058066865872299
334,2,3373.1666666666665,740.0,251,True,-1.4194002354124264,-1.4194002354124264,-2.838800470824853
334,3,3155.3333333333335,380.0,247,True,-0.8461767692153456,-0.8461767692153456,-1.6923535384306911
335,0,3693.166666666667,1017.0,253,True,-1.8730235813925928,-1.8730235813925928,-3.7460471627851857
335,1,3259.3333333333335,564.0,249,True,-1.1385529427771526,-1.1385529427771526,-2.277105885554305
335,2,3340.0,861.0,254,True,-1.6032990721255902,-1.6032990721255902,-3.2065981442511804
335,3,3270.666666666667,872.0,253,True,-1.614551288894155,-1.614551288894155,-3.22910257778831
336,0,3343.5,642.0,250,True,-1.2657983345416586,-1.2657983345416586,-2.531596669083317
336,1,3257.0,672.0,251,True,-1.304941609306972,-1.304941609306972,-2.609883218613944
336,2,3284.8333333333335,821.0,252,True,-1.5370556482756286,-1.5370556482756286,-3.074111296551257
336,3,3330.3333333333335,677.0,250,True,-1.318697730635654,-1.318697730635654,-2.637395461271308
337,0,3339.1666666666665,820.0,252,True,-1.5399913153133444,-1.5399913153133444,-3.079982630626689
337,1,3314.3333333333335,887.0,253,True,-1.6412864862158236,-1.6412864862158236,-3.2825729724316473
337,2,3137.3333333333335,477.0,248,True,-0.9943076282404648,-0.9943076282404648,-1.9886152564809296
337,3,3218.6666666666665,807.0,253,True,-1.5100084463291916,-1.5100084463291916,-3.0200168926583832
338,0,3304.3333333333335,711.0,251,True,-1.3689970034405754,-1.3689970034405754,-2.737994006881151
338,1,3511.0,731.0,250,True,-1.4168785334949272,-1.4168785334949272,-2.8337570669898544
338,2,3149.5,655.0,250,True,-1.2698605178021063,-1.2698605178021063,-2.5397210356042126
338,3,3427.6666666666665,941.0,252,True,-1.7339177622958815,-1.7339177622958815,-3.467835524591763
339,0,3259.8333333333335,972.0,255,True,-1.767900064730826,-1.767900064730826,-3.535800129461652
339,1,3463.833333333333,1247.0,257,True,-2.208878006919147,-2.208878006919147,-4.417756013838294
339,2,3691.8333333333335,1332.0,258,True,-2.358774872292484,-2.358774872292484,-4.717549744584968
339,3,3333.1666666666665,1078.0,256,True,-1.9374402477561639,-1.9374402477561639,-3.8748804955123277
340,0,3084.8333333333335,829.0,253,True,-1.5329112369866098,-1.5329112369866098,-3.0658224739732196
340,1,3386.1666666666665,1232.0,259,True,-2.1793405733030258,-2.1793405733030258,-4.3586811466060515
340,2,3552.333333333333,1046.0,255,True,-1.9061463562153083,-1.9061463562153083,-3.8122927124306165
340,3,3080.3333333333335,727.0,252,True,-1.3752138746220663,-1.3752138746220663,-2.7504277492441327
341,0,3137.6666666666665,597.0,250,True,-1.1794250754383717,-1.1794250754383717,-2.3588501508767434
341,1,3315.8333333333335,807.0,253,True,-1.5180167980922648,-1.5180167980922648,-3.0360335961845295
341,2,3313.0,909.0,254,True,-1.6751097565501603,-1.6751097565501603,-3.3502195131003205
341,3,3480.666666666667,1254.0,258,True,-2.2210623037810455,-2.2210623037810455,-4.442124607562091
342,0,3525.8333333333335,1128.0,257,True,-2.0304404093801818,-2.0304404093801818,-4.0608808187603636
342,1,3258.6666666666665,1039.0,255,True,-1.871145811877482,-1.871145811877482,-3.742291623754964
342,2,3340.9999999999995,1159.0,257,True,-2.063021593667899,-2.063021593667899,-4.126043187335798
342,3,3662.3333333333335,1621.0,264,True,-2.8021018749692552,-2.8021018749692552,-5.6042037499385104
343,0,3243.3333333333335,859.0,253,True,-1.5922470968149054,-1.5922470968149054,-3.184494193629811
343,1,3402.0000000000005,981.0,255,True,-1.7934990067203016,-1.7934990067203016,-3.586998013440603
343,2,3552.666666666667,826.0,253,True,-1.5668422095828822,-1.5668422095828822,-3.1336844191657645
343,3,3325.0,1173.0,257,True,-2.0832967245694034,-2.0832967245694034,-4.166593449138807
344,0,3226.3333333333335,621.0,250,True,-1.2237508629864435,-1.2237508629864435,-2.447501725972887
344,1,3339.3333333333335,842.0,253,True,-1.5739382137194957,-1.5739382137194957,-3.1478764274389914
344,2,3195.5000000000005,838.0,253,True,-1.55591398946799,-1.55591398946799,-3.11182797893598
344,3,3275.3333333333335,807.0,253,True,-1.5146788401532822,-1.5146788401532822,-3.0293576803065645
345,0,3286.1666666666665,659.0,250,True,-1.287294074599389,-1.287294074599389,-2.574588149198778
345,1,3506.666666666667,731.0,252,True,-1.416521385731908,-1.416521385731908,-2.833042771463816
345,2,3642.5,577.0,250,True,-1.1901844607812093,-1.1901844607812093,-2.3803689215624186
345,3,3613.1666666666665,824.0,253,True,-1.5687437089078338,-1.5687437089078338,-3.1374874178156675
346,0,3496.6666666666665,872.0,252,True,-1.6331779183808246,-1.6331779183808246,-3.266355836761649
346,1,3179.8333333333335,664.0,251,True,-1.2862423002152166,-1.2862423002152166,-2.572484600430433
346,2,3161.8333333333335,595.0,250,True,-1.178332028134938,-1.178332028134938,-2.356664056269876
346,3,3265.8333333333335,755.0,252,True,-1.4336902068381334,-1.4336902068381334,-2.867380413676267
347,0,3287.5,1022.0,256,True,-1.8473011384552833,-1.8473011384552833,-3.6946022769105666
347,1,3232.666666666666,877.0,254,True,-1.6191314600037405,-1.6191314600037405,-3.238262920007481
347,2,3353.8333333333335,1033.0,256,True,-1.8697348274968193,-1.8697348274968193,-3.7394696549936386
347,3,3203.3333333333335,662.0,251,True,-1.2850943071020884,-1.2850943071020884,-2.5701886142041768
348,0,3288.0,1000.0,255,True,-1.813409185858828,-1.813409185858828,-3.626818371717656
348,1,3072.0,626.0,250,True,-1.2187429903042184,-1.2187429903042184,-2.437485980608437
348,2,3306.3333333333335,1167.0,257,True,-2.072503743183286,-2.072503743183286,-4.145007486366572
348,3,3203.8333333333335,757.0,252,True,-1.431665079441365,-1.431665079441365,-2.86333015888273
349,0,3594.166666666667,822.0,252,True,-1.5640929204266372,-1.5640929204266372,-3.1281858408532743
349,1,3157.6666666666665,809.0,253,True,-1.5080657376469657,-1.5080657376469657,-3.0161314752939314
349,2,3291.8333333333335,829.0,253,True,-1.5499719108969656,-1.5499719108969656,-3.0999438217939312
349,3,3306.8333333333335,1037.0,256,True,-1.8720308137230763,-1.8720308137230763,-3.7440616274461527
350,0,3062.5,642.0,251,True,-1.2426386757551369,-1.2426386757551369,-2.4852773515102737
350,1,3281.3333333333335,963.0,255,True,-1.7557903190215165,-1.7557903190215165,-3.511580638043033
350,2,3094.6666666666665,807.0,252,True,-1.4997885257258854,-1.4997885257258854,-2.999577051451771
350,3,3225.8333333333335,642.0,251,True,-1.2561003991304573,-1.2561003991304573,-2.5122007982609147
351,0,3341.0,757.0,252,True,-1.4429701797861494,-1.4429701797861494,-2.8859403595722988
351,1,3190.3333333333335,807.0,253,True,-1.507673249417145,-1.507673249417145,-3.01534649883429
351,2,3360.8333333333335,807.0,253,True,-1.5217256402466899,-1.5217256402466899,-3.0434512804933798
351,3,3445.3333333333335,872.0,253,True,-1.6289470910342951,-1.6289470910342951,-3.2578941820685903
352,0,3145.3333333333335,621.0,250,True,-1.2170749471084792,-1.2170749471084792,-2.4341498942169584
352,1,3109.0,672.0,251,True,-1.2927436395546408,-1.2927436395546408,-2.5854872791092816
352,2,3001.6666666666665,809.0,253,True,-1.4952084181782914,-1.4952084181782914,-2.990416836356583
352,3,3368.5,996.0,255,True,-1.8138742265697534,-1.8138742265697534,-3.627748453139507
353,0,3226.3333333333335,996.0,255,True,-1.8021570326522527,-1.8021570326522527,-3.6043140653045054
353,1,3128.333333333333,807.0,253,True,-1.5025632891154923,-1.5025632891154923,-3.0051265782309846
353,2,3157.833333333333,846.0,253,True,-1.56514888283975,-1.56514888283975,-3.1302977656795
353,3,3138.166666666667,521.0,249,True,-1.0622426344100402,-1.0622426344100402,-2.1244852688200804
354,0,3495.8333333333335,1722.0,266,True,-2.9441632206945423,-2.9441632206945423,-5.888326441389085
354,1,3430.6666666666665,1839.0,268,True,-3.1192549927325706,-3.1192549927325706,-6.238509985465141
354,2,3396.8333333333335,1639.0,263,True,-2.8079832024021063,-2.8079832024021063,-5.615966404804213
354,3,3118.333333333333,937.0,255,True,-1.7022532407875448,-1.7022532407875448,-3.4045064815750896
355,0,3317.0,1403.0,261,True,-2.437393158914758,-2.437393158914758,-4.874786317829516
355,1,3232.833333333333,1299.0,260,True,-2.2700449393867554,-2.2700449393867554,-4.540089878773511
355,2,3398.3333333333335,1379.0,261,True,-2.4070785528389607,-2.4070785528389607,-4.814157105677921
355,3,3138.8333333333335,1056.0,257,True,-1.8874903822762894,-1.8874903822762894,-3.774980764552579
356,0,3211.4999999999995,1143.0,258,True,-2.027669706895534,-2.027669706895534,-4.055339413791068
356,1,3237.6666666666665,1078.0,257,True,-1.9295692605173291,-1.9295692605173291,-3.8591385210346583
356,2,3159.3333333333335,1091.0,257,True,-1.9431645417598906,-1.9431645417598906,-3.8863290835197812
356,3,3401.8333333333335,1478.0,262,True,-2.560066247131632,-2.560066247131632,-5.120132494263264
357,0,3369.8333333333335,1440.0,262,True,-2.49881702307346,-2.49881702307346,-4.99763404614692
357,1,3919.5,1754.0,265,True,-3.0284386092339823,-3.0284386092339823,-6.056877218467965
357,2,3307.0,1355.0,261,True,-2.3625329820521044,-2.3625329820521044,-4.725065964104209
357,3,3571.1666666666665,1843.0,268,True,-3.137004487935599,-3.137004487935599,-6.274008975871198
358,0,3276.8333333333335,1414.0,261,True,-2.451049254857485,-2.451049254857485,-4.90209850971497
358,1,3710.5,1286.0,259,True,-2.2893621981516112,-2.2893621981516112,-4.5787243963032225
358,2,3119.3333333333335,772.0,253,True,-1.4478369448491315,-1.4478369448491315,-2.895673889698263
358,3,3097.8333333333335,887.0,254,True,-1.623442834517309,-1.623442834517309,-3.246885669034618
359,0,3341.3333333333335,876.0,254,True,-1.6265452105316145,-1.6265452105316145,-3.253090421063229
359,1,3109.3333333333335,686.0,251,True,-1.3143649427936788,-1.3143649427936788,-2.6287298855873575
359,2,3238.5,1113.0,257,True,-1.983622518614923,-1.983622518614923,-3.967245037229846
359,3,3047.1666666666665,655.0,251,True,-1.2614263360138958,-1.2614263360138958,-2.5228526720277915
360,0,3097.3333333333335,777.0,252,True,-1.453735815391402,-1.453735815391402,-2.907471630782804
360,1,3074.3333333333335,853.0,253,True,-1.5690638353425217,-1.5690638353425217,-3.1381276706850434
360,2,3233.3333333333335,907.0,254,True,-1.6654588993867017,-1.6654588993867017,-3.3309177987734033
360,3,3541.5,807.0,252,True,-1.5366159546740858,-1.5366159546740858,-3.0732319093481717
361,0,3184.3333333333335,677.0,251,True,-1.3066645983124092,-1.3066645983124092,-2.6133291966248184
361,1,3270.3333333333335,857.0,253,True,-1.5913875692026764,-1.5913875692026764,-3.182775138405353
361,2,3695.166666666667,807.0,252,True,-1.5492809638088265,-1.5492809638088265,-3.098561927617653
361,3,3069.8333333333335,807.0,253,True,-1.497741794314741,-1.497741794314741,-2.995483588629482
362,0,3202.5,456.0,248,True,-0.9672878356368844,-0.9672878356368844,-1.9345756712737687
362,1,3112.3333333333335,686.0,251,True,-1.3146121989373079,-1.3146121989373079,-2.6292243978746157
362,2,3613.6666666666665,896.0,253,True,-1.6798389028409415,-1.6798389028409415,-3.359677805681883
362,3,3115.3333333333335,677.0,251,True,-1.3009777070089554,-1.3009777070089554,-2.601955414017911
363,0,3307.3333333333335,816.0,253,True,-1.53119798709063,-1.53119798709063,-3.06239597418126
363,1,3172.6666666666665,673.0,251,True,-1.2995333808329732,-1.2995333808329732,-2.5990667616659464
363,2,3133.3333333333335,636.0,250,True,-1.2392221693205967,-1.2392221693205967,-2.4784443386411934
363,3,3650.8333333333335,820.0,253,True,-1.5656784813458444,-1.5656784813458444,-3.131356962691689
364,0,3217.0000000000005,710.0,251,True,-1.3602566859180627,-1.3602566859180627,-2.7205133718361254
364,1,3396.6666666666665,744.0,251,True,-1.42750674101395,-1.42750674101395,-2.8550134820279
364,2,3197.1666666666665,989.0,256,True,-1.7889562383109938,-1.7889562383109938,-3.5779124766219876
364,3,3209.8333333333335,983.0,255,True,-1.7807457099805506,-1.7807457099805506,-3.561491419961101
365,0,3111.8333333333335,872.0,254,True,-1.6014604497342781,-1.6014604497342781,-3.2029208994685563
365,1,3065.3333333333335,777.0,252,True,-1.4510984165260328,-1.4510984165260328,-2.9021968330520655
365,2,3244.6666666666665,831.0,253,True,-1.549169327765915,-1.549169327765915,-3.09833865553183
365,3,3200.3333333333335,777.0,252,True,-1.4622249429893093,-1.4622249429893093,-2.9244498859786185
366,0,3219.333333333333,807.0,253,True,-1.5100633921388853,-1.5100633921388853,-3.0201267842777706
366,1,3173.3333333333335,807.0,253,True,-1.5062721312699188,-1.5062721312699188,-3.0125442625398375
366,2,3142.3333333333335,777.0,252,True,-1.4574446575458273,-1.4574446575458273,-2.9148893150916546
366,3,3210.333333333333,807.0,253,True,-1.5093216237080018,-1.5093216237080018,-3.0186432474160036
367,0,3317.0,612.0,249,True,-1.2173417450330102,-1.2173417450330102,-2.4346834900660204
367,1,3253.0,679.0,250,True,-1.3154088496158964,-1.3154088496158964,-2.630817699231793
367,2,3546.1666666666665,896.0,252,True,-1.674275639609303,-1.674275639609303,-3.348551279218606
367,3,3682.5,731.0,251,True,-1.4310133430390142,-1.4310133430390142,-2.8620266860780283
368,0,3215.8333333333335,807.0,253,True,-1.5097749266379863,-1.5097749266379863,-3.0195498532759726
368,1,3627.6666666666665,926.0,254,True,-1.727265258417805,-1.727265258417805,-3.45453051683561
368,2,3014.6666666666665,792.0,253,True,-1.470058781775831,-1.470058781775831,-2.940117563551662
368,3,3114.3333333333335,751.0,252,True,-1.415034105775133,-1.415034105775133,-2.830068211550266
369,0,3306.5,577.0,250,True,-1.1624917726948345,-1.1624917726948345,-2.324983545389669
369,1,3102.3333333333335,751.0,252,True,-1.4140450812006198,-1.4140450812006198,-2.8280901624012396
369,2,3205.3333333333335,597.0,250,True,-1.1850020751224337,-1.1850020751224337,-2.3700041502448674
369,3,3206.666666666667,963.0,255,True,-1.7496363883356554,-1.7496363883356554,-3.4992727766713108
370,0,3235.6666666666665,742.0,252,True,-1.411152495067678,-1.411152495067678,-2.822304990135356
370,1,3178.6666666666665,597.0,250,True,-1.1828042427346264,-1.1828042427346264,-2.3656084854692527
370,2,3197.5000000000005,931.0,254,True,-1.6995235569741973,-1.6995235569741973,-3.3990471139483946
370,3,3251.6666666666665,677.0,251,True,-1.3122141250916217,-1.3122141250916217,-2.6244282501832434
371,0,3326.166666666667,840.0,252,True,-1.5697682010731318,-1.5697682010731318,-3.1395364021462635
371,1,3203.3333333333335,896.0,253,True,-1.6460197569735533,-1.6460197569735533,-3.2920395139471066
371,2,3558.166666666667,829.0,252,True,-1.571922761870192,-1.571922761870192,-3.143845523740384
371,3,3641.6666666666665,861.0,253,True,-1.6281620510126629,-1.6281620510126629,-3.2563241020253257
372,0,3334.8333333333335,586.0,249,True,-1.1787087176788598,-1.1787087176788598,-2.3574174353577195
372,1,3585.5,666.0,250,True,-1.3227616583196233,-1.3227616583196233,-2.6455233166392467
372,2,3530.3333333333335,892.0,252,True,-1.6668010108192757,-1.6668010108192757,-3.3336020216385513
372,3,3247.5000000000005,838.0,253,True,-1.5601997626242141,-1.5601997626242141,-3.1203995252484282
373,0,3597.3333333333335,892.0,253,True,-1.672323064693641,-1.672323064693641,-3.344646129387282
373,1,3314.3333333333335,1002.0,256,True,-1.8186643782466712,-1.8186643782466712,-3.6373287564933423
373,2,3288.5,705.0,251,True,-1.3584375417456616,-1.3584375417456616,-2.716875083491323
373,3,3135.3333333333335,816.0,252,True,-1.5170219681892712,-1.5170219681892712,-3.0340439363785423
374,0,3192.3333333333335,831.0,253,True,-1.544856081704843,-1.544856081704843,-3.089712163409686
374,1,3073.6666666666665,738.0,252,True,-1.391630997501978,-1.391630997501978,-2.783261995003956
374,2,3066.333333333333,792.0,253,True,-1.474317082027209,-1.474317082027209,-2.948634164054418
374,3,3188.6666666666665,742.0,252,True,-1.4072788154841656,-1.4072788154841656,-2.814557630968331
375,0,3229.3333333333335,874.0,253,True,-1.614229481597937,-1.614229481597937,-3.228458963195874
375,1,3227.3333333333335,896.0,253,True,-1.6479978061225808,-1.6479978061225808,-3.2959956122451617
375,2,3123.3333333333335,597.0,250,True,-1.178243740529925,-1.178243740529925,-2.35648748105985
375,3,3159.3333333333335,725.0,251,True,-1.3786401201660619,-1.3786401201660619,-2.7572802403321237
376,0,3118.3333333333335,742.0,252,True,-1.4014820325613244,-1.4014820325613244,-2.802964065122649
376,1,3318.8333333333335,833.0,252,True,-1.5583668819993892,-1.5583668819993892,-3.1167337639987784
376,2,3548.5,651.0,250,True,-1.2965759190949078,-1.2965759190949078,-2.5931518381898155
376,3,3120.6666666666665,597.0,250,True,-1.178023957291145,-1.178023957291145,-2.35604791458229
377,0,3129.8333333333335,727.0,252,True,-1.3792936009919337,-1.3792936009919337,-2.7585872019838673
377,1,3120.6666666666665,727.0,252,True,-1.3785380961086247,-1.3785380961086247,-2.7570761922172493
377,2,3245.1666666666665,985.0,254,True,-1.7867426707992786,-1.7867426707992786,-3.5734853415985572
377,3,3103.3333333333335,727.0,252,True,-1.3771095050565505,-1.3771095050565505,-2.754219010113101
378,0,3531.5,651.0,250,True,-1.295174800947682,-1.295174800947682,-2.590349601895364
378,1,3325.5,727.0,251,True,-1.395420196137472,-1.395420196137472,-2.790840392274944
378,2,3712.0,731.0,250,True,-1.4334446951180257,-1.4334446951180257,-2.8668893902360515
378,3,3227.8333333333335,792.0,253,True,-1.4876277044258666,-1.4876277044258666,-2.975255408851733
379,0,3472.6666666666665,666.0,251,True,-1.3134620800287133,-1.3134620800287133,-2.6269241600574267
379,1,3080.6666666666665,792.0,253,True,-1.4754984169356553,-1.4754984169356553,-2.9509968338713106
379,2,3236.3333333333335,597.0,250,True,-1.1875570552732606,-1.1875570552732606,-2.375114110546521
379,3,3192.333333333333,662.0,251,True,-1.2841877012421177,-1.2841877012421177,-2.5683754024842353
380,0,3041.333333333333,662.0,251,True,-1.2717424753461581,-1.2717424753461581,-2.5434849506923163
380,1,3307.5,651.0,250,True,-1.2767130088900975,-1.2767130088900975,-2.553426017780195
380,2,3661.5,807.0,252,True,-1.5465062004192194,-1.5465062004192194,-3.0930124008384388
380,3,3779.6666666666665,926.0,252,True,-1.7397929030283084,-1.7397929030283084,-3.4795858060566167
381,0,2985.3333333333335,662.0,251,True,-1.267127027331761,-1.267127027331761,-2.534254054663522
381,1,3167.3333333333335,597.0,250,True,-1.1818701639698082,-1.1818701639698082,-2.3637403279396163
381,2,3100.3333333333335,727.0,252,True,-1.3768622489129225,-1.3768622489129225,-2.753724497825845
381,3,3352.5,651.0,250,True,-1.2804218510445218,-1.2804218510445218,-2.5608437020890435
382,0,3404.5,651.0,249,True,-1.2847076242007471,-1.2847076242007471,-2.5694152484014943
382,1,3017.3333333333335,710.0,251,True,-1.3438004159143546,-1.3438004159143546,-2.6876008318287092
382,2,3144.6666666666665,727.0,252,True,-1.380516145257652,-1.380516145257652,-2.761032290515304
382,3,2917.6666666666665,727.0,252,True,-1.3618070970564398,-1.3618070970564398,-2.7236141941128795
383,0,3438.5,651.0,250,True,-1.2875098604952027,-1.2875098604952027,-2.5750197209904053
383,1,3052.333333333333,792.0,253,True,-1.4731632200236093,-1.4731632200236093,-2.9463264400472187
383,2,3069.3333333333335,807.0,253,True,-1.4977005849574694,-1.4977005849574694,-2.9954011699149388
383,3,3104.6666666666665,751.0,252,True,-1.414237391534553,-1.414237391534553,-2.828474783069106
384,0,3179.5,690.0,252,True,-1.3263176550738662,-1.3263176550738662,-2.6526353101477325
384,1,3381.666666666667,651.0,249,True,-1.2828257302186863,-1.2828257302186863,-2.5656514604373726
384,2,3194.5,785.0,252,True,-1.474083498774013,-1.474083498774013,-2.948166997548026
384,3,3196.6666666666665,792.0,253,True,-1.4850589878226175,-1.4850589878226175,-2.970117975645235
385,0,3074.3333333333335,827.0,253,True,-1.5289610075790259,-1.5289610075790259,-3.0579220151580517
385,1,3312.5,944.0,254,True,-1.729053123028366,-1.729053123028366,-3.458106246056732
385,2,3206.3333333333335,883.0,254,True,-1.6262155992354337,-1.6262155992354337,-3.2524311984708674
385,3,3111.6666666666665,662.0,251,True,-1.2775392582689993,-1.2775392582689993,-2.5550785165379986
386,0,3130.166666666667,811.0,253,True,-1.508884055901924,-1.508884055901924,-3.017768111803848
386,1,3162.5,681.0,251,True,-1.3110347888546592,-1.3110347888546592,-2.6220695777093184
386,2,3116.3333333333335,686.0,251,True,-1.3149418737954774,-1.3149418737954774,-2.629883747590955
386,3,3184.5,824.0,253,True,-1.5334135532738298,-1.5334135532738298,-3.0668271065476596
387,0,3216.5,863.0,253,True,-1.5962051937844424,-1.5962051937844424,-3.1924103875688847
387,1,3505.0,1123.0,255,True,-2.021011270564997,-2.021011270564997,-4.042022541129994
387,2,3717.166666666667,1017.0,254,True,-1.8750016305416208,-1.8750016305416208,-3.7500032610832417
387,3,3617.5,642.0,250,True,-1.28838106232638,-1.28838106232638,-2.57676212465276
388,0,3418.8333333333335,911.0,254,True,-1.6869172367441554,-1.6869172367441554,-3.373834473488311
388,1,3451.166666666667,807.0,250,True,-1.5291707974603872,-1.5291707974603872,-3.0583415949207744
388,2,3580.1666666666665,1071.0,256,True,-1.9470007550811361,-1.9470007550811361,-3.8940015101622723
388,3,3013.3333333333335,601.0,250,True,-1.1753473477399876,-1.1753473477399876,-2.3506946954799752
389,0,3154.8333333333335,525.0,249,True,-1.0697859454621879,-1.0697859454621879,-2.1395718909243757
389,1,3087.5,601.0,250,True,-1.1814600690685775,-1.1814600690685775,-2.362920138137155
389,2,3566.166666666667,807.0,251,True,-1.5386489496328069,-1.5386489496328069,-3.0772978992656137
389,3,3208.5,837.0,253,True,-1.555443016304604,-1.555443016304604,-3.110886032609208
390,0,3064.5,521.0,249,True,-1.056171122438722,-1.056171122438722,-2.112342244877444
390,1,3029.333333333333,681.0,251,True,-1.3000593633680455,-1.3000593633680455,-2.600118726736091
390,2,3079.5,525.0,249,True,-1.063577068966631,-1.063577068966631,-2.127154137933262
390,3,3118.333333333333,811.0,252,True,-1.507908767779834,-1.507908767779834,-3.015817535559668
391,0,3060.3333333333335,751.0,252,True,-1.4105834951898233,-1.4105834951898233,-2.8211669903796466
391,1,3112.1666666666665,677.0,250,True,-1.3007167144129035,-1.3007167144129035,-2.601433428825807
391,2,3044.5,588.0,250,True,-1.15786465046149,-1.15786465046149,-2.31572930092298
391,3,3083.6666666666665,662.0,251,True,-1.2752315342618021,-1.2752315342618021,-2.5504630685236043
392,0,3048.5,677.0,251,True,-1.2954693895870142,-1.2954693895870142,-2.5909387791740284
392,1,3124.6666666666665,677.0,251,True,-1.3017469483446877,-1.3017469483446877,-2.6034938966893755
392,2,3021.6666666666665,512.0,249,True,-1.0387591060938266,-1.0387591060938266,-2.077518212187653
392,3,2982.3333333333335,432.0,248,True,-0.9121239871264372,-0.9121239871264372,-1.8242479742528743
393,0,3201.3333333333335,597.0,250,True,-1.184672400264262,-1.184672400264262,-2.369344800528524
393,1,3703.6666666666665,807.0,252,True,-1.5499815228824396,-1.5499815228824396,-3.0999630457648792
393,2,2932.6666666666665,512.0,249,True,-1.0314238404995184,-1.0314238404995184,-2.062847680999037
393,3,3209.6666666666665,770.0,253,True,-1.4521972691579463,-1.4521972691579463,-2.9043945383158927
394,0,3036.8333333333335,729.0,252,True,-1.37471349344434,-1.37471349344434,-2.74942698688868
394,1,3012.8333333333335,521.0,249,True,-1.0519128221873437,-1.0519128221873437,-2.1038256443746874
394,2,3000.3333333333335,662.0,251,True,-1.2683633080499035,-1.2683633080499035,-2.536726616099807
394,3,3152.333333333333,662.0,251,True,-1.2808909526604062,-1.2808909526604062,-2.5617819053208124
395,0,3077.0,1011.0,256,True,-1.8129854180671634,-1.8129854180671634,-3.625970836134327
395,1,3078.8333333333335,881.0,254,True,-1.6126223802263455,-1.6126223802263455,-3.225244760452691
395,2,3104.3333333333335,892.0,254,True,-1.63169063842405,-1.63169063842405,-3.2633812768481
395,3,3188.833333333333,870.0,254,True,-1.6047218578491884,-1.6047218578491884,-3.209443715698377
396,0,3477.5,807.0,252,True,-1.5313411569433473,-1.5313411569433473,-3.0626823138866945
396,1,3191.3333333333335,946.0,255,True,-1.7221515550211475,-1.7221515550211475,-3.444303110042295
396,2,3239.5,1143.0,258,True,-2.0299774309027305,-2.0299774309027305,-4.059954861805461
396,3,3694.1666666666665,1353.0,260,True,-2.3913579281277024,-2.3913579281277024,-4.782715856255405
397,0,3207.333333333333,1221.0,259,True,-2.147634778875428,-2.147634778875428,-4.295269557750856
397,1,3210.5,1102.0,257,True,-1.9643482136308612,-1.9643482136308612,-3.9286964272617224
397,2,3034.8333333333335,933.0,255,True,-1.6892016123134546,-1.6892016123134546,-3.378403224626909
397,3,3152.3333333333335,881.0,254,True,-1.6186801557452402,-1.6186801557452402,-3.2373603114904803
398,0,3242.6666666666665,872.0,254,True,-1.6122435648869577,-1.6122435648869577,-3.2244871297739155
398,1,3209.3333333333335,872.0,254,True,-1.6094962744021986,-1.6094962744021986,-3.218992548804397
398,2,3238.3333333333335,946.0,255,True,-1.7260252346046594,-1.7260252346046594,-3.452050469209319
398,3,3210.5,731.0,251,True,-1.392111709774821,-1.392111709774821,-2.784223419549642
399,0,2972.3333333333335,753.0,252,True,-1.4064154812149423,-1.4064154812149423,-2.8128309624298846
399,1,3167.1666666666665,716.0,252,True,-1.365403985358002,-1.365403985358002,-2.730807970716004
399,2,3282.333333333333,872.0,254,True,-1.6155128405638226,-1.6155128405638226,-3.231025681127645
399,3,2989.5,512.0,249,True,-1.0361079707760334,-1.0361079707760334,-2.072215941552067
400,0,3165.3333333333335,742.0,252,True,-1.405355712144836,-1.405355712144836,-2.810711424289672
400,1,2917.5,512.0,249,True,-1.0301738233289517,-1.0301738233289517,-2.0603476466579034
400,2,3223.333333333333,742.0,252,True,-1.4101359975883163,-1.4101359975883163,-2.8202719951766326
400,3,3081.8333333333335,588.0,250,True,-1.1609416158044203,-1.1609416158044203,-2.3218832316088407
401,0,3060.5,677.0,251,True,-1.2964584141615272,-1.2964584141615272,-2.5929168283230544
401,1,3051.1666666666665,744.0,252,True,-1.3990310751394182,-1.3990310751394182,-2.7980621502788363
401,2,3301.6666666666665,811.0,252,True,-1.5230188654460104,-1.5230188654460104,-3.046037730892021
401,3,3488.0,731.0,249,True,-1.414982903060442,-1.414982903060442,-2.829965806120884
402,0,3232.8333333333335,731.0,252,True,-1.3939523943996093,-1.3939523943996093,-2.7879047887992185
402,1,2985.3333333333335,588.0,250,True,-1.1529882098510416,-1.1529882098510416,-2.305976419702083
402,2,3014.6666666666665,653.0,251,True,-1.25566289488637,-1.25566289488637,-2.51132578977274
402,3,3237.333333333333,807.0,253,True,-1.5115469290006553,-1.5115469290006553,-3.0230938580013107
403,0,3262.6666666666665,677.0,251,True,-1.3131207309515924,-1.3131207309515924,-2.626241461903185
403,1,2975.8333333333335,653.0,251,True,-1.2524623014716252,-1.2524623014716252,-2.5049246029432504
403,2,3124.6666666666665,818.0,253,True,-1.5192276681390338,-1.5192276681390338,-3.0384553362780675
403,3,3110.6666666666665,807.0,253,True,-1.5011072251585713,-1.5011072251585713,-3.0022144503171426
404,0,3121.5,690.0,251,True,-1.3215373696303852,-1.3215373696303852,-2.6430747392607703
404,1,3637.0,731.0,250,True,-1.427263291527317,-1.427263291527317,-2.854526583054634
404,2,3033.5,694.0,251,True,-1.3204541885603884,-1.3204541885603884,-2.640908377120777
404,3,3202.333333333333,766.0,252,True,-1.4454231994415305,-1.4454231994415305,-2.890846398883061
405,0,3226.6666666666665,742.0,252,True,-1.4104107266367933,-1.4104107266367933,-2.8208214532735867
405,1,3140.6666666666665,716.0,252,True,-1.3632198894226175,-1.3632198894226175,-2.726439778845235
405,2,3286.1666666666665,586.0,250,True,-1.1746976735711105,-1.1746976735711105,-2.349395347142221
405,3,3747.5,731.0,251,True,-1.4363705594842944,-1.4363705594842944,-2.8727411189685887
406,0,3745.5,731.0,251,True,-1.4362057220552085,-1.4362057220552085,-2.872411444110417
406,1,3146.3333333333335,686.0,251,True,-1.3174144352317623,-1.3174144352317623,-2.6348288704635245
406,2,3195.5000000000005,838.0,253,True,-1.5559139894679903,-1.5559139894679903,-3.1118279789359806
406,3,3271.5,762.0,252,True,-1.4449541613876373,-1.4449541613876373,-2.8899083227752747
407,0,3383.6666666666665,937.0,252,True,-1.7241216730462297,-1.7241216730462297,-3.4482433460924593
407,1,3105.6666666666665,521.0,249,True,-1.0595640261873986,-1.0595640261873986,-2.1191280523747973
407,2,2927.3333333333335,662.0,251,True,-1.26234674188828,-1.26234674188828,-2.52469348377656
407,3,3007.3333333333335,610.0,250,True,-1.188734583524712,-1.188734583524712,-2.377469167049424
408,0,3111.3333333333335,727.0,252,True,-1.3777688547728921,-1.3777688547728921,-2.7555377095457843
408,1,3191.5000000000005,983.0,255,True,-1.7792347002139344,-1.7792347002139344,-3.5584694004278687
408,2,3630.166666666667,731.0,251,True,-1.4267000969779418,-1.4267000969779418,-2.8534001939558835
408,3,3215.6666666666665,662.0,251,True,-1.2861108045814496,-1.2861108045814496,-2.572221609162899
409,0,3251.3333333333335,677.0,251,True,-1.3121866521867747,-1.3121866521867747,-2.6243733043735493
409,1,3097.5,798.0,253,True,-1.4861402973451119,-1.4861402973451119,-2.9722805946902238
409,2,3279.5000000000005,907.0,254,True,-1.6692638967080933,-1.6692638967080933,-3.3385277934161866
409,3,3186.333333333333,742.0,252,True,-1.4070865051502344,-1.4070865051502344,-2.8141730103004687
410,0,2991.8333333333335,573.0,250,True,-1.1303876847089374,-1.1303876847089374,-2.2607753694178747
410,1,2981.8333333333335,729.0,252,True,-1.370180464144487,-1.370180464144487,-2.740360928288974
410,2,3171.6666666666665,807.0,253,True,-1.5061347667456806,-1.5061347667456806,-3.012269533491361
410,3,3039.5,521.0,249,True,-1.054110654575151,-1.054110654575151,-2.108221309150302
411,0,3296.0,655.0,250,True,-1.281934859482624,-1.281934859482624,-2.563869718965248
411,1,3273.3333333333335,677.0,251,True,-1.3139998639067152,-1.3139998639067152,-2.6279997278134304
411,2,3188.1666666666665,811.0,252,True,-1.5136643413454045,-1.5136643413454045,-3.027328682690809
411,3,3211.8333333333335,781.0,252,True,-1.4693424240163186,-1.4693424240163186,-2.9386848480326373
412,0,3252.333333333333,662.0,251,True,-1.289132824114685,-1.289132824114685,-2.57826564822937
412,1,3196.3333333333335,842.0,253,True,-1.5621523375398776,-1.5621523375398776,-3.124304675079755
412,2,3295.6666666666665,586.0,250,True,-1.175480651359268,-1.175480651359268,-2.350961302718536
412,3,3042.5,668.0,251,True,-1.2810931292277765,-1.2810931292277765,-2.562186258455553
413,0,3265.6666666666665,677.0,251,True,-1.3133679870952208,-1.3133679870952208,-2.6267359741904417
413,1,3098.6666666666665,651.0,251,True,-1.2595012340030807,-1.2595012340030807,-2.5190024680061613
413,2,3182.6666666666665,651.0,251,True,-1.266424406024674,-1.266424406024674,-2.532848812049348
413,3,3140.6666666666665,597.0,250,True,-1.1796723315819997,-1.1796723315819997,-2.3593446631639994
414,0,3614.666666666667,807.0,252,True,-1.5426462572881323,-1.5426462572881323,-3.0852925145762646
414,1,3743.666666666667,807.0,252,True,-1.5532782714641515,-1.5532782714641515,-3.106556542928303
414,2,3706.666666666667,900.0,253,True,-1.6936735091031883,-1.6936735091031883,-3.3873470182063765
414,3,3259.333333333333,742.0,252,True,-1.4131030713118566,-1.4131030713118566,-2.8262061426237133
415,0,3112.0,651.0,250,True,-1.2606001501969835,-1.2606001501969835,-2.521200300393967
415,1,3051.3333333333335,662.0,251,True,-1.2725666624915857,-1.2725666624915857,-2.5451333249831714
415,2,3159.6666666666665,716.0,252,True,-1.36478584499893,-1.36478584499893,-2.72957168999786
415,3,3178.0,655.0,250,True,-1.272209451166576,-1.272209451166576,-2.544418902333152
416,0,3185.3333333333335,753.0,252,True,-1.4239706674125556,-1.4239706674125556,-2.8479413348251112
416,1,3395.5,651.0,250,True,-1.283965855769863,-1.283965855769863,-2.567931711539726
416,2,3191.8333333333335,816.0,253,True,-1.5216786255609398,-1.5216786255609398,-3.0433572511218796
416,3,3003.6666666666665,742.0,252,True,-1.3920313532937532,-1.3920313532937532,-2.7840627065875063
417,0,3329.5,651.0,250,True,-1.2785262206100398,-1.2785262206100398,-2.5570524412200797
417,1,3003.3333333333335,662.0,251,True,-1.2686105641935321,-1.2686105641935321,-2.5372211283870643
417,2,3270.6666666666665,727.0,252,True,-1.3909009032900423,-1.3909009032900423,-2.7818018065800847
417,3,3221.6666666666665,662.0,251,True,-1.2866053168687044,-1.2866053168687044,-2.5732106337374088
418,0,3163.3333333333335,545.0,249,True,-1.101334833584644,-1.101334833584644,-2.202669667169288
418,1,3302.166666666667,521.0,249,True,-1.0757593035950566,-1.0757593035950566,-2.151518607190113
418,2,3137.3333333333335,686.0,251,True,-1.3166726668008764,-1.3166726668008764,-2.6333453336017527
418,3,3392.5,731.0,251,True,-1.4071119158216068,-1.4071119158216068,-2.8142238316432135
419,0,3301.6666666666665,597.0,250,True,-1.1929417446233885,-1.1929417446233885,-2.385883489246777
419,1,3125.6666666666665,662.0,251,True,-1.2786931202725984,-1.2786931202725984,-2.557386240545197
419,2,3216.3333333333335,545.0,249,True,-1.1057030254554117,-1.1057030254554117,-2.2114060509108233
419,3,3077.0,655.0,250,True,-1.263885160997755,-1.263885160997755,-2.52777032199551
420,0,3207.5,651.0,250,True,-1.2684711374358195,-1.2684711374358195,-2.536942274871639
420,1,3705.166666666667,861.0,253,True,-1.6333956393861306,-1.6333956393861306,-3.2667912787722613
420,2,3127.6666666666665,597.0,250,True,-1.1786008882929442,-1.1786008882929442,-2.3572017765858884
420,3,3070.6666666666665,573.0,250,True,-1.1368850267053945,-1.1368850267053945,-2.273770053410789
421,0,3178.3333333333335,753.0,252,True,-1.423393736410756,-1.423393736410756,-2.846787472821512
421,1,3142.6666666666665,742.0,252,True,-1.4034875546151993,-1.4034875546151993,-2.8069751092303985
421,2,3050.3333333333335,512.0,249,True,-1.041121775910719,-1.041121775910719,-2.082243551821438
421,3,3115.3333333333335,597.0,250,True,-1.1775843908135835,-1.1775843908135835,-2.355168781627167
422,0,3082.3333333333335,597.0,250,True,-1.1748645732336715,-1.1748645732336715,-2.349729146467343
422,1,3251.3333333333335,896.0,254,True,-1.6499758552716068,-1.6499758552716068,-3.2999517105432137
422,2,3165.333333333333,662.0,251,True,-1.2819623959494626,-1.2819623959494626,-2.563924791898925
422,3,3197.3333333333335,677.0,251,True,-1.307736041601464,-1.307736041601464,-2.615472083202928
423,0,3173.3333333333335,597.0,250,True,-1.1823646762570632,-1.1823646762570632,-2.3647293525141264
423,1,3067.6666666666665,792.0,253,True,-1.474426973646599,-1.474426973646599,-2.948853947293198
423,2,3085.3333333333335,686.0,251,True,-1.3123868936446517,-1.3123868936446517,-2.6247737872893033
423,3,3080.3333333333335,653.0,251,True,-1.2610750571413474,-1.2610750571413474,-2.5221501142826948
424,0,3139.0,655.0,251,True,-1.2689951212994077,-1.2689951212994077,-2.5379902425988154
424,1,3111.3333333333335,597.0,250,True,-1.1772547159554116,-1.1772547159554116,-2.3545094319108233
424,2,3130.6666666666665,597.0,250,True,-1.1788481444365724,-1.1788481444365724,-2.3576962888731448
424,3,3560.5,872.0,254,True,-1.6384389796591385,-1.6384389796591385,-3.276877959318277
425,0,3091.6666666666665,662.0,251,True,-1.2758908839781438,-1.2758908839781438,-2.5517817679562875
425,1,3040.333333333333,662.0,251,True,-1.2716600566316154,-1.2716600566316154,-2.543320113263231
425,2,3119.6666666666665,597.0,250,True,-1.1779415385766019,-1.1779415385766019,-2.3558830771532038
425,3,3190.3333333333335,597.0,250,True,-1.1837657944042923,-1.1837657944042923,-2.3675315888085846
426,0,3146.6666666666665,597.0,250,True,-1.1801668438692572,-1.1801668438692572,-2.3603336877385144
426,1,3075.6666666666665,597.0,250,True,-1.1743151151367204,-1.1743151151367204,-2.3486302302734408
426,2,3233.3333333333335,753.0,252,True,-1.4279267657106098,-1.4279267657106098,-2.8558535314212197
426,3,3161.3333333333335,597.0,250,True,-1.181375651682551,-1.181375651682551,-2.362751303365102
427,0,3249.0,655.0,251,True,-1.2780611798991142,-1.2780611798991142,-2.5561223597982283
427,1,3150.3333333333335,597.0,250,True,-1.1804690458225802,-1.1804690458225802,-2.3609380916451603
427,2,3069.6666666666665,597.0,250,True,-1.173820602849463,-1.173820602849463,-2.347641205698926
427,3,3383.5,740.0,252,True,-1.420251895462702,-1.420251895462702,-2.840503790925404
428,0,3134.6666666666665,597.0,250,True,-1.1791778192947433,-1.1791778192947433,-2.3583556385894866
428,1,3073.6666666666665,597.0,250,True,-1.1741502777076345,-1.1741502777076345,-2.348300555415269
428,2,3296.5,651.0,250,True,-1.2758064030301268,-1.2758064030301268,-2.5516128060602536
428,3,3477.3333333333335,892.0,253,True,-1.662432818948507,-1.662432818948507,-3.324865637897014
429,0,3092.3333333333335,544.0,249,True,-1.0939406883996645,-1.0939406883996645,-2.187881376799329
429,1,3061.6666666666665,521.0,249,True,-1.0559376027475167,-1.0559376027475167,-2.1118752054950334
429,2,3514.9999999999995,1013.0,255,True,-1.8521696479417868,-1.8521696479417868,-3.7043392958835737
429,3,3227.5,740.0,251,True,-1.407394575994028,-1.407394575994028,-2.814789151988056
430,0,3106.3333333333335,597.0,250,True,-1.1768426223826987,-1.1768426223826987,-2.3536852447653973
430,1,3124.3333333333335,677.0,251,True,-1.3017194754398416,-1.3017194754398416,-2.603438950879683
430,2,3066.6666666666665,597.0,250,True,-1.1735733467058345,-1.1735733467058345,-2.347146693411669
430,3,3671.5,731.0,252,True,-1.4301067371790426,-1.4301067371790426,-2.860213474358085
431,0,2975.3333333333335,662.0,251,True,-1.2663028401863332,-1.2663028401863332,-2.5326056803726664
431,1,3034.1666666666665,716.0,252,True,-1.35444229632381,-1.35444229632381,-2.70888459264762
431,2,3024.1666666666665,716.0,252,True,-1.353618109178383,-1.353618109178383,-2.707236218356766
431,3,3222.5,651.0,250,True,-1.2697074181539605,-1.2697074181539605,-2.539414836307921
432,0,3689.5,731.0,252,True,-1.4315902740408133,-1.4315902740408133,-2.8631805480816266
432,1,3339.5,740.0,251,True,-1.4166254720228197,-1.4166254720228197,-2.8332509440456395
432,2,3115.3333333333335,597.0,250,True,-1.1775843908135841,-1.1775843908135841,-2.3551687816271683
432,3,3070.3333333333335,597.0,250,True,-1.1738755486591586,-1.1738755486591586,-2.347751097318317
433,0,3260.5,740.0,252,True,-1.4101143935739398,-1.4101143935739398,-2.8202287871478795
433,1,3154.5,740.0,252,True,-1.401378009832405,-1.401378009832405,-2.80275601966481
433,2,3199.8333333333335,894.0,254,True,-1.6426464585677691,-1.6426464585677691,-3.2852929171355383
433,3,3415.166666666667,1022.0,255,True,-1.8578232610119125,-1.8578232610119125,-3.715646522023825
434,0,3387.666666666667,1256.0,259,True,-2.2164821962334518,-2.2164821962334518,-4.4329643924669035
434,1,3727.3333333333335,1247.0,259,True,-2.2305953382011707,-2.2305953382011707,-4.4611906764023415
434,2,3715.5,1230.0,257,True,-2.2033989703875645,-2.2033989703875645,-4.406797940775129
434,3,3524.1666666666665,950.0,255,True,-1.7557529163212389,-1.7557529163212389,-3.5115058326424777
435,0,3255.8333333333335,1180.0,258,True,-2.088393011980623,-2.088393011980623,-4.176786023961246
435,1,3201.3333333333335,922.0,254,True,-1.6859577473079645,-1.6859577473079645,-3.371915494615929
435,2,3408.8333333333335,1178.0,257,True,-2.0979182424007847,-2.0979182424007847,-4.1958364848015695
435,3,3059.8333333333335,946.0,255,True,-1.7113134940587722,-1.7113134940587722,-3.4226269881175444
436,0,3361.8333333333335,1555.0,263,True,-2.675535565387969,-2.675535565387969,-5.351071130775938
436,1,3573.5,1102.0,256,True,-1.994266207009891,-1.994266207009891,-3.988532414019782
436,2,3256.3333333333335,1176.0,258,True,-2.0822645555281256,-2.0822645555281256,-4.164529111056251
436,3,3396.333333333334,1137.0,257,True,-2.03364893391887,-2.03364893391887,-4.06729786783774
437,0,3076.8333333333335,985.0,255,True,-1.7728688538512445,-1.7728688538512445,-3.545737707702489
437,1,3104.166666666667,1126.0,257,True,-1.9926023518430909,-1.9926023518430909,-3.9852047036861817
437,2,3125.3333333333335,920.0,253,True,-1.6766090920978287,-1.6766090920978287,-3.3532181841956574
437,3,3075.0000000000005,922.0,254,True,-1.6755455163707265,-1.6755455163707265,-3.351091032741453
438,0,3170.0000000000005,920.0,254,True,-1.6802904613474063,-1.6802904613474063,-3.3605809226948127
438,1,2968.6666666666665,573.0,250,True,-1.1284783178220297,-1.1284783178220297,-2.2569566356440594
438,2,3044.3333333333335,751.0,252,True,-1.4092647957571376,-1.4092647957571376,-2.818529591514275
438,3,3334.666666666666,1358.0,259,True,-2.3694404825117816,-2.3694404825117816,-4.738880965023563
439,0,3174.5,868.0,254,True,-1.600455690035857,-1.600455690035857,-3.200911380071714
439,1,3246.3333333333335,881.0,254,True,-1.6264275149122607,-1.6264275149122607,-3.2528550298245213
439,2,3153.3333333333335,816.0,253,True,-1.518505505051042,-1.518505505051042,-3.037011010102084
439,3,3014.6666666666665,662.0,251,True,-1.2695446429583506,-1.2695446429583506,-2.539089285916701
440,0,3082.3333333333335,677.0,251,True,-1.2982578894290442,-1.2982578894290442,-2.5965157788580884
440,1,3009.3333333333335,751.0,252,True,-1.406380140748141,-1.406380140748141,-2.812760281496282
440,2,2975.6666666666665,662.0,251,True,-1.2663303130911814,-1.2663303130911814,-2.5326606261823628
440,3,3005.3333333333335,827.0,253,True,-1.5232741162755727,-1.5232741162755727,-3.0465482325511455
441,0,3044.333333333333,751.0,252,True,-1.4092647957571387,-1.4092647957571387,-2.8185295915142774
441,1,3051.6666666666665,662.0,251,True,-1.2725941353964347,-1.2725941353964347,-2.5451882707928695
441,2,3045.6666666666665,805.0,253,True,-1.4926651758084066,-1.4926651758084066,-2.9853303516168133
441,3,3119.3333333333335,961.0,255,True,-1.7393536543607013,-1.7393536543607013,-3.4787073087214027
442,0,3232.8333333333335,742.0,252,True,-1.4109189753764722,-1.4109189753764722,-2.8218379507529443
442,1,3050.8333333333335,818.0,253,True,-1.5131424197152918,-1.5131424197152918,-3.0262848394305837
442,2,3072.3333333333335,818.0,253,True,-1.514914422077961,-1.514914422077961,-3.029828844155922
442,3,3124.3333333333335,807.0,253,True,-1.5022336142573227,-1.5022336142573227,-3.0044672285146454
443,0,3419.166666666667,742.0,251,True,-1.4262763291862788,-1.4262763291862788,-2.8525526583725576
443,1,3699.166666666667,887.0,254,True,-1.6730039548623694,-1.6730039548623694,-3.346007909724739
443,2,3624.3333333333335,963.0,254,True,-1.7840599381096898,-1.7840599381096898,-3.5681198762193795
443,3,3295.3333333333335,950.0,255,True,-1.7368927671433658,-1.7368927671433658,-3.4737855342867316
444,0,3739.666666666667,820.0,253,True,-1.5730000104877275,-1.5730000104877275,-3.146000020975455
444,1,3546.666666666667,731.0,252,True,-1.4198181343136196,-1.4198181343136196,-2.839636268627239
444,2,3342.166666666667,970.0,255,True,-1.771601039323296,-1.771601039323296,-3.543202078646592
444,3,3634.833333333333,896.0,254,True,-1.6815834322987633,-1.6815834322987633,-3.3631668645975266
445,0,3591.3333333333335,807.0,253,True,-1.5407231539488013,-1.5407231539488013,-3.0814463078976027
445,1,3706.1666666666665,887.0,254,True,-1.673580885864169,-1.673580885864169,-3.347161771728338
445,2,3698.8333333333335,887.0,253,True,-1.672976481957523,-1.672976481957523,-3.345952963915046
445,3,2999.6666666666665,653.0,251,True,-1.2544266141682283,-1.2544266141682283,-2.5088532283364566
446,0,3331.666666666667,872.0,254,True,-1.6195788304812655,-1.6195788304812655,-3.239157660962531
446,1,3583.666666666667,731.0,251,True,-1.4228676267517013,-1.4228676267517013,-2.8457352535034026
446,2,3114.333333333333,601.0,250,True,-1.1836716379088086,-1.1836716379088086,-2.367343275817617
446,3,3193.3333333333335,677.0,251,True,-1.307406366743293,-1.307406366743293,-2.614812733486586
447,0,3605.166666666667,1002.0,256,True,-1.8426344877261973,-1.8426344877261973,-3.6852689754523946
447,1,3251.666666666667,718.0,252,True,-1.3754531996417505,-1.3754531996417505,-2.750906399283501
447,2,3603.3333333333335,807.0,253,True,-1.541712178523315,-1.541712178523315,-3.08342435704663
447,3,3114.6666666666665,597.0,250,True,-1.1775294450038885,-1.1775294450038885,-2.355058890007777
448,0,3564.0,731.0,252,True,-1.421246725365694,-1.421246725365694,-2.842493450731388
448,1,3569.5,807.0,253,True,-1.5389236786812834,-1.5389236786812834,-3.077847357362567
448,2,3395.5,796.0,252,True,-1.5076162413739755,-1.5076162413739755,-3.015232482747951
448,3,3119.6666666666665,560.0,250,True,-1.1208721298362407,-1.1208721298362407,-2.2417442596724815
449,0,3244.3333333333335,677.0,251,True,-1.3116097211849749,-1.3116097211849749,-2.6232194423699497
449,1,3250.3333333333335,597.0,250,True,-1.1887109172768586,-1.1887109172768586,-2.3774218345537173
449,2,3209.333333333333,846.0,253,True,-1.5693934466387025,-1.5693934466387025,-3.138786893277405
449,3,3195.3333333333335,677.0,251,True,-1.3075712041723802,-1.3075712041723802,-2.6151424083447603
450,0,3188.333333333333,731.0,252,True,-1.3902847616024558,-1.3902847616024558,-2.7805695232049117
450,1,3318.5000000000005,753.0,252,True,-1.4349460928991686,-1.4349460928991686,-2.8698921857983373
450,2,3732.5,885.0,254,True,-1.672666412442245,-1.672666412442245,-3.34533282488449
450,3,3061.1666666666665,655.0,251,True,-1.2625801980174944,-1.2625801980174944,-2.525160396034989
451,0,3573.0,731.0,252,True,-1.4219884937965792,-1.4219884937965792,-2.8439769875931584
451,1,3668.0,731.0,252,True,-1.4298182716781433,-1.4298182716781433,-2.8596365433562867
451,2,3151.3333333333335,525.0,249,True,-1.069497479961288,-1.069497479961288,-2.138994959922576
451,3,3163.5,983.0,255,True,-1.7769269762067337,-1.7769269762067337,-3.5538539524134674
452,0,3221.3333333333335,677.0,251,True,-1.3097140907504912,-1.3097140907504912,-2.6194281815009823
452,1,3198.6666666666665,677.0,251,True,-1.3078459332208547,-1.3078459332208547,-2.6156918664417095
452,2,3236.6666666666665,677.0,251,True,-1.3109778443734799,-1.3109778443734799,-2.6219556887469597
452,3,3153.5,456.0,248,True,-0.9632493186242884,-0.9632493186242884,-1.9264986372485768
453,0,3172.6666666666665,742.0,252,True,-1.4059601160514819,-1.4059601160514819,-2.8119202321029637
453,1,3239.3333333333335,911.0,254,True,-1.672123077483727,-1.672123077483727,-3.344246154967454
453,2,3216.3333333333335,742.0,252,True,-1.4095590665865172,-1.4095590665865172,-2.8191181331730344
453,3,3287.3333333333335,616.0,250,True,-1.2210663223113432,-1.2210663223113432,-2.4421326446226863
454,0,3142.3333333333335,584.0,250,True,-1.1597582822244907,-1.1597582822244907,-2.3195165644489815
454,1,3268.6666666666665,677.0,251,True,-1.313615243238849,-1.313615243238849,-2.627230486477698
454,2,3027.666666666667,521.0,249,True,-1.053135366453062,-1.053135366453062,-2.106270732906124
454,3,3201.3333333333335,677.0,251,True,-1.3080657164596357,-1.3080657164596357,-2.6161314329192713
455,0,3620.0,731.0,252,True,-1.4258621733800896,-1.4258621733800896,-2.851724346760179
455,1,3597.5,731.0,252,True,-1.424007752302877,-1.424007752302877,-2.848015504605754
455,2,3313.6666666666665,677.0,251,True,-1.3173240853932737,-1.3173240853932737,-2.6346481707865474
455,3,3378.3333333333335,807.0,253,True,-1.5231679677511887,-1.5231679677511887,-3.0463359355023774
456,0,3094.3333333333335,831.0,253,True,-1.5367790476796501,-1.5367790476796501,-3.0735580953593002
456,1,3247.3333333333335,872.0,254,True,-1.6126281855548255,-1.6126281855548255,-3.225256371109651
456,2,3150.3333333333335,831.0,253,True,-1.5413944956940466,-1.5413944956940466,-3.0827889913880933
456,3,3305.3333333333335,677.0,251,True,-1.3166372627720855,-1.3166372627720855,-2.633274525544171
457,0,3276.3333333333335,766.0,252,True,-1.4515221843176964,-1.4515221843176964,-2.903044368635393
457,1,3100.3333333333335,742.0,252,True,-1.3999984956995548,-1.3999984956995548,-2.7999969913991096
457,2,3214.3333333333335,677.0,251,True,-1.3091371597486907,-1.3091371597486907,-2.6182743194973814
457,3,3194.3333333333335,677.0,251,True,-1.3074887854578354,-1.3074887854578354,-2.614977570915671
458,0,3209.6666666666665,677.0,251,True,-1.308752539080825,-1.308752539080825,-2.61750507816165
458,1,3667.3333333333335,807.0,253,True,-1.5469869762540525,-1.5469869762540525,-3.093973952508105
458,2,3205.6666666666665,651.0,251,True,-1.2683200364591574,-1.2683200364591574,-2.5366400729183147
458,3,3639.5,731.0,252,True,-1.4274693383136747,-1.4274693383136747,-2.8549386766273495
459,0,3666.1666666666665,941.0,255,True,-1.7535746257143354,-1.7535746257143354,-3.507149251428671
459,1,3828.6666666666665,900.0,253,True,-1.703728592277408,-1.703728592277408,-3.407457184554816
459,2,3371.5,590.0,250,True,-1.1879004030218636,-1.1879004030218636,-2.3758008060437272
459,3,3625.5,731.0,252,True,-1.4263154763100752,-1.4263154763100752,-2.8526309526201503
460,0,3262.3333333333335,805.0,253,True,-1.5105225639593416,-1.5105225639593416,-3.021045127918683
460,1,3107.166666666667,584.0,250,True,-1.156859890763069,-1.156859890763069,-2.313719781526138
460,2,3738.5,731.0,252,True,-1.4356287910534096,-1.4356287910534096,-2.871257582106819
460,3,3361.0,742.0,252,True,-1.4214823072903728,-1.4214823072903728,-2.8429646145807457
461,0,3188.3333333333335,597.0,250,True,-1.1836009569752064,-1.1836009569752064,-2.367201913950413
461,1,3085.3333333333335,597.0,250,True,-1.1751118293773004,-1.1751118293773004,-2.350223658754601
461,2,3146.3333333333335,677.0,251,True,-1.3035326871597819,-1.3035326871597819,-2.6070653743195638
461,3,3202.3333333333335,807.0,253,True,-1.5086622739916593,-1.5086622739916593,-3.0173245479833186
462,0,2949.6666666666665,662.0,251,True,-1.2641874265130695,-1.2641874265130695,-2.528374853026139
462,1,3176.3333333333335,753.0,252,True,-1.4232288989816702,-1.4232288989816702,-2.8464577979633403
462,2,3153.3333333333335,751.0,252,True,-1.4182484356423022,-1.4182484356423022,-2.8364968712846044
462,3,3283.333333333333,896.0,254,True,-1.6526132541369756,-1.6526132541369756,-3.305226508273951
463,0,3251.6666666666665,521.0,249,True,-1.0715971585106447,-1.0715971585106447,-2.1431943170212895
463,1,2937.5,597.0,249,True,-1.1629275960773913,-1.1629275960773913,-2.3258551921547825
463,2,3125.3333333333335,686.0,251,True,-1.3156836422263631,-1.3156836422263631,-2.6313672844527263
463,3,3151.3333333333335,751.0,252,True,-1.418083598213216,-1.418083598213216,-2.836167196426432
464,0,3180.3333333333335,677.0,251,True,-1.3063349234542363,-1.3063349234542363,-2.6126698469084726
464,1,3146.5,655.0,251,True,-1.2696132616584783,-1.2696132616584783,-2.5392265233169566
464,2,3160.5,655.0,251,True,-1.2707671236620777,-1.2707671236620777,-2.5415342473241553
464,3,3569.166666666667,896.0,254,True,-1.676171270043788,-1.676171270043788,-3.352342540087576
465,0,3273.8333333333335,1093.0,257,True,-1.9556863174799257,-1.9556863174799257,-3.9113726349598514
465,1,3174.833333333333,939.0,255,True,-1.7099947310640973,-1.7099947310640973,-3.4199894621281945
465,2,2965.5,512.0,249,True,-1.0341299216270063,-1.0341299216270063,-2.0682598432540127
465,3,3213.5,993.0,255,True,-1.7964720764582949,-1.7964720764582949,-3.5929441529165898
466,0,3124.3333333333335,662.0,251,True,-1.2785832286532088,-1.2785832286532088,-2.5571664573064177
466,1,3068.6666666666665,742.0,252,True,-1.3973885697390331,-1.3973885697390331,-2.7947771394780663
466,2,3091.6666666666665,597.0,250,True,-1.1756338145694039,-1.1756338145694039,-2.3512676291388077
466,3,3005.8333333333335,668.0,251,True,-1.2780711096945425,-1.2780711096945425,-2.556142219389085
467,0,3007.3333333333335,521.0,249,True,-1.051459519257359,-1.051459519257359,-2.102919038514718
467,1,3243.8333333333335,900.0,254,True,-1.6555273807223068,-1.6555273807223068,-3.3110547614446135
467,2,3139.5000000000005,887.0,254,True,-1.62687694762326,-1.62687694762326,-3.25375389524652
467,3,3162.333333333333,1118.0,257,True,-1.9850570421194587,-1.9850570421194587,-3.9701140842389173
468,0,3200.0000000000005,840.0,253,True,-1.5593697065883168,-1.5593697065883168,-3.1187394131766335
468,1,3031.166666666667,521.0,249,True,-1.0534238319539617,-1.0534238319539617,-2.1068476639079234
468,2,3132.5,512.0,249,True,-1.0478938469556511,-1.0478938469556511,-2.0957876939113023
468,3,3112.6666666666665,512.0,248,True,-1.0462592091172187,-1.0462592091172187,-2.0925184182344374
469,0,3261.166666666667,820.0,253,True,-1.533562655579007,-1.533562655579007,-3.067125311158014
469,1,3265.666666666667,625.0,251,True,-1.2331623315682292,-1.2331623315682292,-2.4663246631364584
469,2,3291.666666666667,1048.0,256,True,-1.887747377529374,-1.887747377529374,-3.775494755058748
469,3,3167.3333333333335,701.0,252,True,-1.3422814750237932,-1.3422814750237932,-2.6845629500475865
470,0,3113.3333333333335,686.0,251,True,-1.31469461765185,-1.31469461765185,-2.6293892353037
470,1,3190.3333333333335,762.0,252,True,-1.4382645090572475,-1.4382645090572475,-2.876529018114495
470,2,2973.166666666667,521.0,249,True,-1.0486435465104804,-1.0486435465104804,-2.097287093020961
470,3,3290.1666666666665,829.0,253,True,-1.549834546372728,-1.549834546372728,-3.099669092745456
471,0,3246.3333333333335,855.0,253,True,-1.5863246871487653,-1.5863246871487653,-3.1726493742975306
471,1,3162.3333333333335,751.0,252,True,-1.4189902040731868,-1.4189902040731868,-2.8379804081463735
471,2,3043.5,525.0,249,True,-1.0606099952430916,-1.0606099952430916,-2.1212199904861833
471,3,3274.3333333333335,625.0,250,True,-1.233876627094266,-1.233876627094266,-2.467753254188532
472,0,3081.6666666666665,597.0,250,True,-1.1748096274239765,-1.1748096274239765,-2.349619254847953
472,1,3285.3333333333335,677.0,251,True,-1.3149888884812289,-1.3149888884812289,-2.6299777769624577
472,2,3110.6666666666665,677.0,251,True,-1.3005930863410897,-1.3005930863410897,-2.6011861726821794
472,3,3304.3333333333335,1000.0,255,True,-1.8147553581963605,-1.8147553581963605,-3.629510716392721
473,0,3001.3333333333335,742.0,252,True,-1.3918390429598195,-1.3918390429598195,-2.783678085919639
473,1,3202.6666666666665,686.0,251,True,-1.3220573561510045,-1.3220573561510045,-2.644114712302009
473,2,3032.5,512.0,249,True,-1.0396519755013727,-1.0396519755013727,-2.0793039510027453
473,3,3216.5,655.0,251,True,-1.2753825716764733,-1.2753825716764733,-2.5507651433529466
474,0,3109.8333333333335,651.0,251,True,-1.2604215763154747,-1.2604215763154747,-2.5208431526309494
474,1,3041.5,525.0,249,True,-1.0604451578140055,-1.0604451578140055,-2.120890315628011
474,2,3325.5,651.0,251,True,-1.2781965457518674,-1.2781965457518674,-2.5563930915037347
474,3,3326.333333333333,911.0,254,True,-1.6792935056489484,-1.6792935056489484,-3.358587011297897
475,0,3105.3333333333335,827.0,253,True,-1.5315159877298528,-1.5315159877298528,-3.0630319754597055
475,1,3018.8333333333335,809.0,253,True,-1.4966232727779418,-1.4966232727779418,-2.9932465455558837
475,2,3134.3333333333335,807.0,253,True,-1.5030578014027494,-1.5030578014027494,-3.0061156028054987
475,3,3507.833333333333,807.0,253,True,-1.533841191284479,-1.533841191284479,-3.067682382568958
476,0,3064.3333333333335,686.0,251,True,-1.3106561006392539,-1.3106561006392539,-2.6213122012785077
476,1,3171.3333333333335,597.0,250,True,-1.1821998388279795,-1.1821998388279795,-2.364399677655959
476,2,3119.8333333333335,727.0,252,True,-1.378469413846506,-1.378469413846506,-2.756938827693012
476,3,3014.6666666666665,597.0,250,True,-1.1692875735496107,-1.1692875735496107,-2.3385751470992213
477,0,3138.6666666666665,651.0,251,True,-1.2627979825847924,-1.2627979825847924,-2.5255959651695847
477,1,3270.5,655.0,251,True,-1.2798331822617837,-1.2798331822617837,-2.5596663645235673
477,2,3347.1666666666665,655.0,251,True,-1.28615195037673,-1.28615195037673,-2.57230390075346
477,3,3154.166666666667,651.0,251,True,-1.2640754726602053,-1.2640754726602053,-2.5281509453204105
478,0,3171.6666666666665,642.0,251,True,-1.2516360520927237,-1.2516360520927237,-2.5032721041854473
478,1,3055.3333333333335,597.0,250,True,-1.1726392679410171,-1.1726392679410171,-2.3452785358820343
478,2,3062.5,521.0,249,True,-1.0560062850096357,-1.0560062850096357,-2.1120125700192713
478,3,3184.6666666666665,651.0,251,True,-1.2665892434537596,-1.2665892434537596,-2.533178486907519
479,0,3206.6666666666665,651.0,251,True,-1.268402455173701,-1.268402455173701,-2.536804910347402
479,1,3165.6666666666665,642.0,251,True,-1.251141539805467,-1.251141539805467,-2.502283079610934
479,2,3168.166666666667,651.0,251,True,-1.2652293346638035,-1.2652293346638035,-2.530458669327607
479,3,3030.166666666667,651.0,251,True,-1.2538555520568984,-1.2538555520568984,-2.5077111041137967
480,0,3071.8333333333335,597.0,250,True,-1.173999176730972,-1.173999176730972,-2.347998353461944
480,1,3706.6666666666665,807.0,253,True,-1.5502287790260683,-1.5502287790260683,-3.1004575580521365
480,2,3238.333333333333,896.0,254,True,-1.6489044119825513,-1.6489044119825513,-3.2978088239651027
480,3,3150.6666666666665,651.0,251,True,-1.2637870071593051,-1.2637870071593051,-2.5275740143186103
481,0,3150.3333333333335,831.0,253,True,-1.5413944956940455,-1.5413944956940455,-3.082788991388091
481,1,3324.166666666667,807.0,253,True,-1.5187036207134534,-1.5187036207134534,-3.037407241426907
481,2,3147.166666666667,651.0,251,True,-1.2634985416584046,-1.2634985416584046,-2.526997083316809
481,3,3089.166666666667,651.0,251,True,-1.2587182562149242,-1.2587182562149242,-2.5174365124298483
482,0,3201.166666666667,651.0,251,True,-1.2679491522437156,-1.2679491522437156,-2.5358983044874313
482,1,3198.3333333333335,701.0,251,True,-1.3448364551746188,-1.3448364551746188,-2.6896729103492376
482,2,3225.166666666667,807.0,253,True,-1.5105441679737184,-1.5105441679737184,-3.0210883359474368
482,3,3003.6666666666665,651.0,251,True,-1.2516714561215156,-1.2516714561215156,-2.5033429122430313
483,0,3087.5,651.0,250,True,-1.2585808916906862,-1.2585808916906862,-2.5171617833813724
483,1,3130.3333333333335,597.0,250,True,-1.1788206715317249,-1.1788206715317249,-2.3576413430634497
483,2,3028.6666666666665,597.0,250,True,-1.1704414355532091,-1.1704414355532091,-2.3408828711064182
483,3,3098.166666666667,651.0,251,True,-1.2594600246458092,-1.2594600246458092,-2.5189200492916184
484,0,3411.5,651.0,251,True,-1.2852845552025478,-1.2852845552025478,-2.5705691104050956
484,1,3029.3333333333335,751.0,252,True,-1.408028515038997,-1.408028515038997,-2.816057030077994
484,2,3449.5,651.0,251,True,-1.288416466355173,-1.288416466355173,-2.576832932710346
484,3,3383.5,651.0,251,True,-1.282976831195349,-1.282976831195349,-2.565953662390698
485,0,3510.5,805.0,252,True,-1.5309761416183751,-1.5309761416183751,-3.0619522832367503
485,1,3180.166666666667,651.0,251,True,-1.2662183592383174,-1.2662183592383174,-2.5324367184766348
485,2,3385.5,651.0,251,True,-1.2831416686244344,-1.2831416686244344,-2.5662833372488687
485,3,3052.3333333333335,597.0,250,True,-1.1723920117973872,-1.1723920117973872,-2.3447840235947743
486,0,3211.8333333333335,651.0,251,True,-1.2688282851988386,-1.2688282851988386,-2.5376565703976772
486,1,3346.5,651.0,250,True,-1.2799273387572658,-1.2799273387572658,-2.5598546775145317
486,2,3208.3333333333335,597.0,250,True,-1.1852493312660624,-1.1852493312660624,-2.3704986625321247
486,3,3488.5,740.0,251,True,-1.4289058604896938,-1.4289058604896938,-2.8578117209793876
487,0,3317.5,651.0,251,True,-1.2775371960355253,-1.2775371960355253,-2.5550743920710506
487,1,2975.166666666667,651.0,251,True,-1.2493225227570466,-1.2493225227570466,-2.498645045514093
487,2,3123.3333333333335,532.0,249,True,-1.077986671121185,-1.077986671121185,-2.15597334224237
487,3,2968.8333333333335,581.0,250,True,-1.140831385893991,-1.140831385893991,-2.281662771787982
488,0,3741.666666666667,1048.0,255,True,-1.9248357990736258,-1.9248357990736258,-3.8496715981472516
488,1,3265.1666666666665,599.0,250,True,-1.1930182944474612,-1.1930182944474612,-2.3860365888949224
488,2,3878.666666666667,855.0,252,True,-1.6384407876446503,-1.6384407876446503,-3.2768815752893006
488,3,3779.666666666667,820.0,253,True,-1.5762967590694383,-1.5762967590694383,-3.1525935181388767
489,0,3489.5,816.0,253,True,-1.5462119295898407,-1.5462119295898407,-3.0924238591796813
489,1,3484.3333333333335,870.0,254,True,-1.6290765879965792,-1.6290765879965792,-3.2581531759931583
489,2,3434.6666666666665,675.0,250,True,-1.3242119169480664,-1.3242119169480664,-2.648423833896133
489,3,3058.8333333333335,611.0,250,True,-1.1945215637761064,-1.1945215637761064,-2.389043127552213
490,0,3204.3333333333335,927.0,254,True,-1.6939170857138028,-1.6939170857138028,-3.3878341714276057
490,1,3377.8333333333335,679.0,251,True,-1.32569745248132,-1.32569745248132,-2.65139490496264
490,2,3326.8333333333335,816.0,253,True,-1.5328051520242143,-1.5328051520242143,-3.0656103040484286
490,3,3395.0,655.0,250,True,-1.290094312222359,-1.290094312222359,-2.580188624444718
491,0,3447.5,651.0,250,True,-1.2882516289260877,-1.2882516289260877,-2.5765032578521754
491,1,3198.3333333333335,627.0,249,True,-1.230697637693899,-1.230697637693899,-2.461395275387798
491,2,3200.8333333333335,688.0,251,True,-1.324991088079229,-1.324991088079229,-2.649982176158458
491,3,3465.5,586.0,249,True,-1.1894780963791163,-1.1894780963791163,-2.3789561927582326
492,0,3098.3333333333335,882.0,253,True,-1.615771961612371,-1.615771961612371,-3.231543923224742
492,1,3270.3333333333335,781.0,253,True,-1.4741639188170723,-1.4741639188170723,-2.9483278376341446
492,2,3337.3333333333335,720.0,249,True,-1.3855985690924664,-1.3855985690924664,-2.7711971381849327
492,3,3250.8333333333335,484.0,249,True,-1.014459067508166,-1.014459067508166,-2.028918135016332
493,0,3196.0,824.0,253,True,-1.5343613684910706,-1.5343613684910706,-3.0687227369821413
493,1,3229.5,811.0,253,True,-1.517070981546507,-1.517070981546507,-3.034141963093014
493,2,3278.5,967.0,255,True,-1.7617264651400786,-1.7617264651400786,-3.523452930280157
493,3,3231.6666666666665,586.0,250,True,-1.1702058536285296,-1.1702058536285296,-2.340411707257059
494,0,3610.1666666666665,941.0,255,True,-1.7489591776999394,-1.7489591776999394,-3.4979183553998787
494,1,3529.166666666667,900.0,254,True,-1.6790441872718458,-1.6790441872718458,-3.3580883745436916
494,2,3266.8333333333335,677.0,251,True,-1.313464142262188,-1.313464142262188,-2.626928284524376
494,3,3254.5,824.0,253,True,-1.5391828632918236,-1.5391828632918236,-3.0783657265836473
495,0,3329.166666666667,651.0,251,True,-1.278498747705191,-1.278498747705191,-2.556997495410382
495,1,3279.5000000000005,757.0,252,True,-1.4379014288417689,-1.4379014288417689,-2.8758028576835377
495,2,3337.5000000000005,907.0,254,True,-1.6740441821515746,-1.6740441821515746,-3.348088364303149
495,3,3199.8333333333335,722.0,252,True,-1.3773508287477172,-1.3773508287477172,-2.7547016574954344
496,0,3747.1666666666665,1017.0,256,True,-1.8774741919779048,-1.8774741919779048,-3.7549483839558095
496,1,3739.666666666667,822.0,253,True,-1.5760848433926122,-1.5760848433926122,-3.1521696867852245
496,2,3761.6666666666665,1017.0,256,True,-1.878669263338774,-1.878669263338774,-3.757338526677548
496,3,3661.6666666666665,1017.0,256,True,-1.8704273918844974,-1.8704273918844974,-3.7408547837689947
497,0,3426.833333333333,1017.0,256,True,-1.8510727304193666,-1.8510727304193666,-3.702145460838733
497,1,3342.5,954.0,255,True,-1.74694984898907,-1.74694984898907,-3.49389969797814
497,2,3373.833333333333,824.0,253,True,-1.5490181632272633,-1.5490181632272633,-3.0980363264545265
497,3,3166.1666666666665,655.0,251,True,-1.271234163044487,-1.271234163044487,-2.542468326088974
498,0,3276.1666666666665,666.0,251,True,-1.2972668026210565,-1.2972668026210565,-2.594533605242113
498,1,2886.5,447.0,248,True,-0.9273617737693861,-0.9273617737693861,-1.8547235475387722
498,2,2983.8333333333335,577.0,250,True,-1.1358980008023636,-1.1358980008023636,-2.271796001604727
498,3,3128.3333333333335,742.0,252,True,-1.4023062197067522,-1.4023062197067522,-2.8046124394135044
499,0,3482.4999999999995,1212.0,258,True,-2.1564319137551347,-2.1564319137551347,-4.312863827510269
499,1,3598.666666666667,900.0,254,True,-1.6847722879325677,-1.6847722879325677,-3.3695445758651354
499,2,3196.8333333333335,642.0,251,True,-1.2537102564087168,-1.2537102564087168,-2.5074205128174336
499,3,3332.5,820.0,253,True,-1.5394418572163924,-1.5394418572163924,-3.0788837144327847
500,0,3104.0,770.0,252,True,-1.4434883583212592,-1.4434883583212592,-2.8869767166425184
500,1,3171.1666666666665,575.0,250,True,-1.1482529404218282,-1.1482529404218282,-2.2965058808436565
500,2,3181.5,655.0,251,True,-1.2724979166674764,-1.2724979166674764,-2.5449958333349527
500,3,3239.333333333333,896.0,254,True,-1.6489868306970945,-1.6489868306970945,-3.297973661394189
