global_episode,worker_id,makespan,cost,steps,done,upper_reward_sum,lower_reward_sum,total_reward_sum
1,0,4402.5,3721.0,209,True,-5.32542618193993,-5.32542618193993,-10.65085236387986
1,1,4583.833333333332,4335.0,219,True,-6.019760031434691,-6.019760031434691,-12.039520062869382
1,2,4682.666666666666,4857.0,227,True,-6.591339183162912,-6.591339183162912,-13.182678366325824
1,3,4706.333333333332,5237.0,230,True,-6.991098075322369,-6.991098075322369,-13.982196150644738
2,0,4459.166666666666,3623.0,208,True,-5.243565303721473,-5.243565303721473,-10.487130607442946
2,1,4398.666666666666,3698.0,208,True,-5.300418044259676,-5.300418044259676,-10.600836088519353
2,2,4585.499999999999,3851.0,210,True,-5.5213547842584685,-5.5213547842584685,-11.042709568516937
2,3,4567.5,3853.0,211,True,-5.517327330050358,-5.517327330050358,-11.034654660100715
3,0,3999.5,3322.0,202,True,-4.77775309348102,-4.77775309348102,-9.55550618696204
3,1,4443.333333333333,3483.0,203,True,-5.093879069421382,-5.093879069421382,-10.187758138842764
3,2,4203.333333333333,3617.0,207,True,-5.150832600942112,-5.150832600942112,-10.301665201884225
3,3,4288.666666666666,3125.0,198,True,-4.672483945519388,-4.672483945519388,-9.344967891038776
4,0,3770.333333333333,2326.0,184,True,-3.6734230338202005,-3.6734230338202005,-7.346846067640401
4,1,3937.333333333333,2141.0,183,True,-3.539196648205759,-3.539196648205759,-7.078393296411518
4,2,3597.1666666666665,2082.0,181,True,-3.3632952257392517,-3.3632952257392517,-6.726590451478503
4,3,3530.5,2342.0,184,True,-3.608783463303713,-3.608783463303713,-7.217566926607426
5,0,3849.1666666666665,2149.0,181,True,-3.5176177289827,-3.5176177289827,-7.0352354579654
5,1,3525.5,2027.0,182,True,-3.2823497202963052,-3.2823497202963052,-6.5646994405926105
5,2,3724.1666666666665,2137.0,183,True,-3.4629597208078158,-3.4629597208078158,-6.9259194416156316
5,3,3306.0,1275.0,170,True,-2.432836237322658,-2.432836237322658,-4.865672474645316
6,0,3220.5,1391.0,172,True,-2.52349964426712,-2.52349964426712,-5.04699928853424
6,1,2794.833333333334,956.0,165,True,-1.9310451338997154,-1.9310451338997154,-3.862090267799431
6,2,3786.5,1501.0,174,True,-2.828376672293292,-2.828376672293292,-5.656753344586584
6,3,3262.666666666667,1236.0,167,True,-2.3779706020488365,-2.3779706020488365,-4.755941204097673
7,0,3045.166666666667,1505.0,173,True,-2.5817110286492846,-2.5817110286492846,-5.163422057298569
7,1,2885.3333333333335,997.0,166,True,-2.003928872024515,-2.003928872024515,-4.00785774404903
7,2,2818.8333333333335,1155.0,168,True,-2.144318852912592,-2.144318852912592,-4.288637705825184
7,3,2874.000000000001,1047.0,166,True,-2.051641253853773,-2.051641253853773,-4.103282507707546
8,0,2972.1666666666665,830.0,163,True,-1.861139205483402,-1.861139205483402,-3.722278410966804
8,1,2831.1666666666665,891.0,164,True,-1.8763262093755388,-1.8763262093755388,-3.7526524187510777
8,2,3233.1666666666665,1035.0,166,True,-2.1607744049030697,-2.1607744049030697,-4.321548809806139
8,3,2766.5,1035.0,166,True,-2.002903408060489,-2.002903408060489,-4.005806816120978
9,0,2653.8333333333335,645.0,160,True,-1.5627269831526767,-1.5627269831526767,-3.1254539663053533
9,1,2662.8333333333335,562.0,158,True,-1.4802046277825052,-1.4802046277825052,-2.9604092555650103
9,2,2514.8333333333335,456.0,157,True,-1.3208586182683955,-1.3208586182683955,-2.641717236536791
9,3,2601.666666666667,389.0,155,True,-1.2811617352324358,-1.2811617352324358,-2.5623234704648716
10,0,2506.666666666667,395.0,156,True,-1.2552092778855055,-1.2552092778855055,-2.510418555771011
10,1,2659.166666666667,517.0,158,True,-1.4325724602299945,-1.4325724602299945,-2.865144920459989
10,2,2527.6666666666665,456.0,157,True,-1.3252000706815654,-1.3252000706815654,-2.650400141363131
10,3,2553.3333333333335,456.0,157,True,-1.3338829755079076,-1.3338829755079076,-2.667765951015815
11,0,2631.8333333333335,832.0,163,True,-1.748067998456166,-1.748067998456166,-3.496135996912332
11,1,3163.666666666668,1769.0,178,True,-2.8939639338011314,-2.8939639338011314,-5.787927867602263
11,2,3070.333333333334,1606.0,174,True,-2.6943484973192144,-2.6943484973192144,-5.388696994638429
11,3,2719.666666666667,832.0,162,True,-1.7777815753618949,-1.7777815753618949,-3.5555631507237897
12,0,3058.5,1635.0,176,True,-2.720242247115773,-2.720242247115773,-5.440484494231546
12,1,2808.8333333333335,1125.0,168,True,-2.110008067928704,-2.110008067928704,-4.220016135857408
12,2,2522.833333333333,592.0,158,True,-1.4637711637812774,-1.4637711637812774,-2.9275423275625547
12,3,2855.1666666666665,1019.0,164,True,-2.016404052099754,-2.016404052099754,-4.032808104199508
13,0,2817.8333333333335,1086.0,167,True,-2.0728465373008014,-2.0728465373008014,-4.145693074601603
13,1,2798.5,1056.0,167,True,-2.035378332380061,-2.035378332380061,-4.070756664760122
13,2,2821.0000000000005,948.0,164,True,-1.9316497635422631,-1.9316497635422631,-3.8632995270845263
13,3,2634.8333333333335,757.0,162,True,-1.6717632958070032,-1.6717632958070032,-3.3435265916140064
14,0,2625.666666666667,871.0,164,True,-1.7861880315648988,-1.7861880315648988,-3.5723760631297976
14,1,2730.1666666666665,840.0,162,True,-1.789581095471265,-1.789581095471265,-3.57916219094253
14,2,2826.5,883.0,164,True,-1.866500076726699,-1.866500076726699,-3.733000153453398
14,3,2935.1666666666665,653.0,159,True,-1.666148063929616,-1.666148063929616,-3.332296127859232
15,0,2569.5,562.0,159,True,-1.448630428413989,-1.448630428413989,-2.897260856827978
15,1,2553.166666666667,578.0,159,True,-1.459599788885324,-1.459599788885324,-2.919199577770648
15,2,2739.6666666666665,1186.0,169,True,-2.1494959288348237,-2.1494959288348237,-4.298991857669647
15,3,2509.8333333333335,464.0,157,True,-1.327414565982636,-1.327414565982636,-2.654829131965272
16,0,2672.0,592.0,159,True,-1.5142335002720313,-1.5142335002720313,-3.0284670005440626
16,1,2632.6666666666665,726.0,161,True,-1.6390715604350634,-1.6390715604350634,-3.278143120870127
16,2,2681.0,562.0,158,True,-1.4863503201595925,-1.4863503201595925,-2.972700640319185
16,3,2687.3333333333335,631.0,159,True,-1.5596268757352978,-1.5596268757352978,-3.1192537514705956
17,0,2774.166666666667,818.0,163,True,-1.7817856628024307,-1.7817856628024307,-3.5635713256048613
17,1,2369.3333333333335,330.0,155,True,-1.1417397895363377,-1.1417397895363377,-2.2834795790726754
17,2,2505.3333333333335,523.0,158,True,-1.3867169807811248,-1.3867169807811248,-2.7734339615622496
17,3,2666.5,690.0,161,True,-1.6134038056442956,-1.6134038056442956,-3.2268076112885913
18,0,3025.5,358.0,155,True,-1.3925836669782237,-1.3925836669782237,-2.7851673339564473
18,1,2494.8333333333335,562.0,159,True,-1.4233710689191774,-1.4233710689191774,-2.846742137838355
18,2,2984.0,600.0,159,True,-1.6280289608414835,-1.6280289608414835,-3.256057921682967
18,3,2696.1666666666665,450.0,157,True,-1.3760172100312018,-1.3760172100312018,-2.7520344200624036
19,0,2336.3333333333335,263.0,154,True,-1.0615038898111586,-1.0615038898111586,-2.1230077796223172
19,1,2548.0000000000005,629.0,159,True,-1.5104292510079103,-1.5104292510079103,-3.0208585020158205
19,2,2925.0,539.0,156,True,-1.5451829583025256,-1.5451829583025256,-3.090365916605051
19,3,2866.5,417.0,154,True,-1.3996195053220426,-1.3996195053220426,-2.799239010644085
20,0,2622.166666666667,503.0,158,True,-1.4056225557896116,-1.4056225557896116,-2.811245111579223
20,1,2507.666666666667,389.0,156,True,-1.2493620058684303,-1.2493620058684303,-2.4987240117368605
20,2,2657.3333333333335,322.0,154,True,-1.2309213249073474,-1.2309213249073474,-2.461842649814695
20,3,2520.8333333333335,263.0,154,True,-1.1239193160628504,-1.1239193160628504,-2.247838632125701
21,0,2978.5,417.0,155,True,-1.4375085445642621,-1.4375085445642621,-2.8750170891285243
21,1,2527.0,564.0,159,True,-1.4363147468716435,-1.4363147468716435,-2.872629493743287
21,2,2525.333333333333,405.0,156,True,-1.271833396109724,-1.271833396109724,-2.543666792219448
21,3,2331.8333333333335,322.0,155,True,-1.1208063046096473,-1.1208063046096473,-2.2416126092192945
22,0,2573.3333333333335,434.0,157,True,-1.3179684630014554,-1.3179684630014554,-2.635936926002911
22,1,2755.8333333333335,578.0,158,True,-1.5281609075141014,-1.5281609075141014,-3.0563218150282028
22,2,2437.5,505.0,158,True,-1.3452126027091498,-1.3452126027091498,-2.6904252054182995
22,3,2575.666666666667,456.0,156,True,-1.3414382303568027,-1.3414382303568027,-2.6828764607136053
23,0,2629.5000000000005,448.0,157,True,-1.351402354812159,-1.351402354812159,-2.702804709624318
23,1,2568.3333333333335,381.0,156,True,-1.2616378127775532,-1.2616378127775532,-2.5232756255551063
23,2,2579.5,692.0,160,True,-1.5860339969030313,-1.5860339969030313,-3.1720679938060625
23,3,2508.5,629.0,160,True,-1.4970665987751628,-1.4970665987751628,-2.9941331975503256
24,0,2681.0,405.0,156,True,-1.3244946500564987,-1.3244946500564987,-2.6489893001129974
24,1,3037.5,417.0,155,True,-1.457467949165074,-1.457467949165074,-2.914935898330148
24,2,2565.0,495.0,158,True,-1.3780359359959826,-1.3780359359959826,-2.7560718719919652
24,3,2653.5,623.0,160,True,-1.539933805783798,-1.539933805783798,-3.079867611567596
25,0,2455.8333333333335,157.0,152,True,-0.9926517909871702,-0.9926517909871702,-1.9853035819743403
25,1,2372.3333333333335,383.0,156,True,-1.1973938497737717,-1.1973938497737717,-2.3947876995475434
25,2,2504.5,562.0,159,True,-1.4266412538537732,-1.4266412538537732,-2.8532825077075463
25,3,2604.8333333333335,517.0,158,True,-1.4141917655976082,-1.4141917655976082,-2.8283835311952163
26,0,2486.8333333333335,434.0,157,True,-1.288705946086706,-1.288705946086706,-2.577411892173412
26,1,3062.5,417.0,155,True,-1.4659253239959262,-1.4659253239959262,-2.9318506479918525
26,2,2724.666666666667,450.0,157,True,-1.3856586173383743,-1.3856586173383743,-2.7713172346767485
26,3,3357.5,358.0,155,True,-1.5048976047319447,-1.5048976047319447,-3.0097952094638893
27,0,2746.5,417.0,156,True,-1.359024106133951,-1.359024106133951,-2.718048212267902
27,1,2608.1666666666665,450.0,157,True,-1.3462472506266012,-1.3462472506266012,-2.6924945012532024
27,2,3051.5,417.0,155,True,-1.462204079070352,-1.462204079070352,-2.924408158140704
27,3,2756.5,484.0,156,True,-1.431479221014746,-1.431479221014746,-2.862958442029492
28,0,2599.5,495.0,158,True,-1.389707113262559,-1.389707113262559,-2.779414226525118
28,1,2824.5,409.0,156,True,-1.3771636929257984,-1.3771636929257984,-2.754327385851597
28,2,2708.3333333333335,381.0,156,True,-1.3089991118303268,-1.3089991118303268,-2.6179982236606536
28,3,2836.5,409.0,156,True,-1.3812232328446072,-1.3812232328446072,-2.7624464656892145
29,0,2812.666666666667,1117.0,167,True,-2.103057442722356,-2.103057442722356,-4.206114885444712
29,1,3494.5,545.0,157,True,-1.7440275239596545,-1.7440275239596545,-3.488055047919309
29,2,3252.5,419.0,156,True,-1.5322632283805075,-1.5322632283805075,-3.064526456761015
29,3,3113.1666666666665,840.0,162,True,-1.9191480778799248,-1.9191480778799248,-3.8382961557598496
30,0,3467.666666666667,582.0,159,True,-1.7730942715381155,-1.7730942715381155,-3.546188543076231
30,1,2695.666666666667,564.0,157,True,-1.493373835730461,-1.493373835730461,-2.986747671460922
30,2,3348.6666666666665,657.0,159,True,-1.8101567549721231,-1.8101567549721231,-3.6203135099442463
30,3,3017.5,543.0,157,True,-1.5805989565168872,-1.5805989565168872,-3.1611979130337744
31,0,2870.8333333333335,1058.0,167,True,-2.0619101925607657,-2.0619101925607657,-4.123820385121531
31,1,2867.5,801.0,162,True,-1.7958340889750712,-1.7958340889750712,-3.5916681779501425
31,2,2704.0,456.0,157,True,-1.3848527544885112,-1.3848527544885112,-2.7697055089770224
31,3,3222.6666666666665,1236.0,168,True,-2.3644388023194733,-2.3644388023194733,-4.728877604638947
32,0,2998.5,547.0,157,True,-1.5782950629856445,-1.5782950629856445,-3.156590125971289
32,1,3201.5,801.0,162,True,-1.9088246167152596,-1.9088246167152596,-3.817649233430519
32,2,3039.5,419.0,156,True,-1.4602063948216453,-1.4602063948216453,-2.9204127896432905
32,3,3015.5,673.0,160,True,-1.71394298508712,-1.71394298508712,-3.42788597017424
33,0,2952.6666666666665,1236.0,168,True,-2.2730991541462657,-2.2730991541462657,-4.5461983082925315
33,1,3297.5,673.0,159,True,-1.8093421731791357,-1.8093421731791357,-3.6186843463582714
33,2,2672.666666666667,806.0,163,True,-1.7350775869685509,-1.7350775869685509,-3.4701551739371017
33,3,3328.5,1307.0,169,True,-2.473437565392075,-2.473437565392075,-4.94687513078415
34,0,3264.6666666666665,659.0,159,True,-1.783801831210561,-1.783801831210561,-3.567603662421122
34,1,3208.5,612.0,159,True,-1.7163473208431563,-1.7163473208431563,-3.4326946416863127
34,2,3138.5,612.0,159,True,-1.692666671316769,-1.692666671316769,-3.385333342633538
34,3,2888.0,728.0,161,True,-1.727511404377606,-1.727511404377606,-3.455022808755212
35,0,3057.5,545.0,158,True,-1.5961926119163532,-1.5961926119163532,-3.1923852238327064
35,1,2930.0,1364.0,171,True,-2.3973898971862218,-2.3973898971862218,-4.7947797943724435
35,2,3031.5,673.0,160,True,-1.7193557049788646,-1.7193557049788646,-3.438711409957729
35,3,2669.1666666666665,1078.0,167,True,-2.014305925626253,-2.014305925626253,-4.028611851252506
36,0,3207.5,996.0,165,True,-2.111885314509717,-2.111885314509717,-4.223770629019434
36,1,2997.5,801.0,162,True,-1.8398124380955039,-1.8398124380955039,-3.6796248761910078
36,2,3324.6666666666665,1421.0,171,True,-2.5896665411138864,-2.5896665411138864,-5.179333082227773
36,3,3284.6666666666665,1041.0,166,True,-2.1843821640649357,-2.1843821640649357,-4.368764328129871
37,0,3227.5,1179.0,168,True,-2.307311008188833,-2.307311008188833,-4.614622016377666
37,1,3201.6666666666665,1295.0,170,True,-2.418159349729597,-2.418159349729597,-4.836318699459194
37,2,3354.6666666666665,1039.0,166,True,-2.206000957921219,-2.206000957921219,-4.412001915842438
37,3,3007.5,799.0,162,True,-1.841133532357741,-1.841133532357741,-3.682267064715482
38,0,2918.5,671.0,160,True,-1.6790665150733084,-1.6790665150733084,-3.358133030146617
38,1,3065.5,671.0,160,True,-1.7287958790787206,-1.7287958790787206,-3.457591758157441
38,2,2978.5,673.0,159,True,-1.701426070337457,-1.701426070337457,-3.402852140674914
38,3,2809.0,854.0,162,True,-1.8306830071286064,-1.8306830071286064,-3.661366014257213
39,0,2990.0,730.0,160,True,-1.7640793493575873,-1.7640793493575873,-3.5281586987151745
39,1,3229.6666666666665,915.0,164,True,-2.035879032220564,-2.035879032220564,-4.071758064441128
39,2,3551.333333333333,1133.0,167,True,-2.369439523085437,-2.369439523085437,-4.738879046170874
39,3,3097.6666666666665,1106.0,165,True,-2.1881313096085093,-2.1881313096085093,-4.376262619217019
40,0,2887.0,667.0,159,True,-1.664286511446228,-1.664286511446228,-3.328573022892456
40,1,2612.6666666666665,617.0,160,True,-1.519934526549763,-1.519934526549763,-3.039869053099526
40,2,2942.5,612.0,158,True,-1.6263608526428854,-1.6263608526428854,-3.252721705285771
40,3,3014.0,474.0,156,True,-1.5082809034220104,-1.5082809034220104,-3.0165618068440208
41,0,2463.8333333333335,503.0,158,True,-1.3520591818608783,-1.3520591818608783,-2.7041183637217565
41,1,2666.1666666666665,450.0,157,True,-1.3658683602341795,-1.3658683602341795,-2.731736720468359
41,2,3019.5,419.0,155,True,-1.4534404949569628,-1.4534404949569628,-2.9068809899139256
41,3,2850.5,468.0,157,True,-1.4467841050179262,-1.4467841050179262,-2.8935682100358524
42,0,2812.5,342.0,155,True,-1.304031988058535,-1.304031988058535,-2.60806397611707
42,1,2765.5,545.0,157,True,-1.4974104738919964,-1.4974104738919964,-2.994820947783993
42,2,2739.0,397.0,156,True,-1.3358683369836644,-1.3358683369836644,-2.6717366739673287
42,3,2805.5,342.0,155,True,-1.3016639231058964,-1.3016639231058964,-2.603327846211793
43,0,2754.5,671.0,159,True,-1.6235861361829154,-1.6235861361829154,-3.2471722723658307
43,1,2852.5,342.0,155,True,-1.317563787787899,-1.317563787787899,-2.635127575575798
43,2,2636.1666666666665,450.0,157,True,-1.355719510437156,-1.355719510437156,-2.711439020874312
43,3,2867.5,358.0,154,True,-1.3391330580472351,-1.3391330580472351,-2.6782661160944703
44,0,2811.5,342.0,155,True,-1.303693693065301,-1.303693693065301,-2.607387386130602
44,1,2817.5,545.0,157,True,-1.5150018135401686,-1.5150018135401686,-3.030003627080337
44,2,2466.666666666667,263.0,154,True,-1.1055950039293372,-1.1055950039293372,-2.2111900078586744
44,3,2879.5,417.0,155,True,-1.404017340234086,-1.404017340234086,-2.808034680468172
45,0,2980.5,342.0,155,True,-1.3608655469218633,-1.3608655469218633,-2.7217310938437267
45,1,2435.8333333333335,409.0,156,True,-1.245679705555478,-1.245679705555478,-2.491359411110956
45,2,2972.5,342.0,155,True,-1.358159186975991,-1.358159186975991,-2.716318373951982
45,3,2506.666666666667,322.0,155,True,-1.1799515459267422,-1.1799515459267422,-2.3599030918534845
46,0,2772.5,484.0,157,True,-1.4368919409064909,-1.4368919409064909,-2.8737838818129817
46,1,2567.3333333333335,464.0,157,True,-1.3468665280935974,-1.3468665280935974,-2.693733056187195
46,2,2906.5,358.0,154,True,-1.3523265627833658,-1.3523265627833658,-2.7046531255667317
46,3,2449.666666666667,389.0,156,True,-1.2297408962608525,-1.2297408962608525,-2.459481792521705
47,0,2869.5,545.0,157,True,-1.532593153188342,-1.532593153188342,-3.065186306376684
47,1,3071.5,484.0,157,True,-1.5380421438834864,-1.5380421438834864,-3.0760842877669727
47,2,2891.5,358.0,155,True,-1.347252137884854,-1.347252137884854,-2.694504275769708
47,3,2913.5,358.0,154,True,-1.3546946277360032,-1.3546946277360032,-2.7093892554720065
48,0,2825.5,358.0,154,True,-1.3249246683314035,-1.3249246683314035,-2.649849336662807
48,1,2958.5,484.0,156,True,-1.4998148096480328,-1.4998148096480328,-2.9996296192960656
48,2,2648.5,551.0,157,True,-1.4640155266939152,-1.4640155266939152,-2.9280310533878304
48,3,2894.5,358.0,155,True,-1.3482670228645561,-1.3482670228645561,-2.6965340457291123
49,0,2747.5,484.0,157,True,-1.4284345660756375,-1.4284345660756375,-2.856869132151275
49,1,2737.5,484.0,156,True,-1.4250516161432965,-1.4250516161432965,-2.850103232286593
49,2,2844.5,358.0,154,True,-1.3313522732028515,-1.3313522732028515,-2.662704546405703
49,3,2957.5,358.0,155,True,-1.3695796074383049,-1.3695796074383049,-2.7391592148766097
50,0,2840.5,358.0,155,True,-1.3299990932299142,-1.3299990932299142,-2.6599981864598283
50,1,2896.5,358.0,155,True,-1.3489436128510248,-1.3489436128510248,-2.6978872257020496
50,2,2813.5,358.0,154,True,-1.3208651284125945,-1.3208651284125945,-2.641730256825189
50,3,2796.5,358.0,154,True,-1.315114113527614,-1.315114113527614,-2.630228227055228
51,0,2866.5,358.0,155,True,-1.3387947630540007,-1.3387947630540007,-2.6775895261080014
51,1,2796.5,484.0,157,True,-1.4450110207441085,-1.4450110207441085,-2.890022041488217
51,2,2920.5,358.0,154,True,-1.3570626926886418,-1.3570626926886418,-2.7141253853772835
51,3,2876.5,484.0,157,True,-1.4720746202028372,-1.4720746202028372,-2.9441492404056744
52,0,2889.5,358.0,155,True,-1.3465755478983852,-1.3465755478983852,-2.6931510957967704
52,1,2840.5,484.0,156,True,-1.4598960004464108,-1.4598960004464108,-2.9197920008928215
52,2,2744.5,484.0,157,True,-1.4274196810959354,-1.4274196810959354,-2.854839362191871
52,3,2780.5,358.0,154,True,-1.3097013936358686,-1.3097013936358686,-2.619402787271737
53,0,2916.5,358.0,155,True,-1.3557095127157066,-1.3557095127157066,-2.711419025431413
53,1,2792.5,358.0,154,True,-1.313760933554678,-1.313760933554678,-2.627521867109356
53,2,2877.5,484.0,157,True,-1.4724129151960714,-1.4724129151960714,-2.944825830392143
53,3,2803.5,484.0,157,True,-1.4473790856967474,-1.4473790856967474,-2.894758171393495
54,0,2813.5,358.0,154,True,-1.3208651284125936,-1.3208651284125936,-2.6417302568251873
54,1,2853.5,358.0,155,True,-1.334396928141958,-1.334396928141958,-2.668793856283916
54,2,2805.5,358.0,154,True,-1.3181587684667215,-1.3181587684667215,-2.636317536933443
54,3,2868.5,358.0,155,True,-1.3394713530404692,-1.3394713530404692,-2.6789427060809383
55,0,2912.5,803.0,160,True,-1.813119219340707,-1.813119219340707,-3.626238438681414
55,1,2632.5,610.0,157,True,-1.5194275490702118,-1.5194275490702118,-3.0388550981404236
55,2,2884.5,612.0,159,True,-1.606739743035307,-1.606739743035307,-3.213479486070614
55,3,2854.5,358.0,155,True,-1.334735223135192,-1.334735223135192,-2.669470446270384
56,0,2886.5,358.0,155,True,-1.345560662918684,-1.345560662918684,-2.691121325837368
56,1,2871.5,358.0,154,True,-1.3404862380201716,-1.3404862380201716,-2.6809724760403433
56,2,2815.5,358.0,155,True,-1.3215417183990625,-1.3215417183990625,-2.643083436798125
56,3,2869.5,543.0,157,True,-1.5305312975182408,-1.5305312975182408,-3.0610625950364816
57,0,2833.5,358.0,155,True,-1.327631028277276,-1.327631028277276,-2.655262056554552
57,1,3034.666666666667,598.0,158,True,-1.6431073848285733,-1.6431073848285733,-3.2862147696571467
57,2,2845.5,484.0,157,True,-1.4615874754125806,-1.4615874754125806,-2.923174950825161
57,3,2759.1666666666665,773.0,161,True,-1.7303194853265988,-1.7303194853265988,-3.4606389706531977
58,0,2812.5,484.0,157,True,-1.4504237406358549,-1.4504237406358549,-2.9008474812717098
58,1,2555.0,531.0,158,True,-1.4117663881254965,-1.4117663881254965,-2.823532776250993
58,2,2848.5,358.0,155,True,-1.3327054531757876,-1.3327054531757876,-2.665410906351575
58,3,2854.5,358.0,155,True,-1.334735223135192,-1.334735223135192,-2.669470446270384
59,0,2845.5,358.0,155,True,-1.3316905681960851,-1.3316905681960851,-2.6633811363921702
59,1,2802.5,358.0,155,True,-1.3171438834870186,-1.3171438834870186,-2.634287766974037
59,2,2842.5,484.0,157,True,-1.4605725904328775,-1.4605725904328775,-2.921145180865755
59,3,2659.5,484.0,157,True,-1.3986646066710378,-1.3986646066710378,-2.7973292133420755
60,0,2794.5,358.0,154,True,-1.314437523541146,-1.314437523541146,-2.628875047082292
60,1,2848.5,358.0,155,True,-1.3327054531757878,-1.3327054531757878,-2.6654109063515756
60,2,2768.5,358.0,155,True,-1.30564185371706,-1.30564185371706,-2.61128370743412
60,3,2796.5,484.0,156,True,-1.4450110207441094,-1.4450110207441094,-2.8900220414882187
61,0,2778.5,358.0,155,True,-1.3090248036494005,-1.3090248036494005,-2.618049607298801
61,1,2774.5,358.0,154,True,-1.3076716236764636,-1.3076716236764636,-2.6153432473529272
61,2,2800.5,358.0,154,True,-1.3164672935005506,-1.3164672935005506,-2.632934587001101
61,3,2765.5,358.0,155,True,-1.304626968737358,-1.304626968737358,-2.609253937474716
62,0,2848.5,358.0,155,True,-1.3327054531757885,-1.3327054531757885,-2.665410906351577
62,1,2722.5,358.0,154,True,-1.290080284028291,-1.290080284028291,-2.580160568056582
62,2,2795.5,484.0,157,True,-1.4446727257508754,-1.4446727257508754,-2.8893454515017507
62,3,2771.5,358.0,155,True,-1.306656738696762,-1.306656738696762,-2.613313477393524
63,0,2814.5,358.0,155,True,-1.321203423405829,-1.321203423405829,-2.642406846811658
63,1,2879.5,358.0,155,True,-1.343192597966045,-1.343192597966045,-2.68638519593209
63,2,2853.5,358.0,155,True,-1.3343969281419585,-1.3343969281419585,-2.668793856283917
63,3,2821.5,358.0,155,True,-1.323571488358467,-1.323571488358467,-2.647142976716934
64,0,2828.5,358.0,155,True,-1.3259395533111056,-1.3259395533111056,-2.651879106622211
64,1,2791.5,358.0,155,True,-1.3134226385614445,-1.3134226385614445,-2.626845277122889
64,2,2764.5,358.0,154,True,-1.304288673744123,-1.304288673744123,-2.608577347488246
64,3,2775.5,358.0,155,True,-1.3080099186696985,-1.3080099186696985,-2.616019837339397
65,0,2820.5,358.0,154,True,-1.3232331933652335,-1.3232331933652335,-2.646466386730467
65,1,2917.5,358.0,154,True,-1.3560478077089404,-1.3560478077089404,-2.712095615417881
65,2,2807.5,358.0,155,True,-1.3188353584531904,-1.3188353584531904,-2.637670716906381
65,3,2825.5,358.0,155,True,-1.3249246683314035,-1.3249246683314035,-2.649849336662807
66,0,2863.5,358.0,155,True,-1.3377798780743,-1.3377798780743,-2.6755597561486
66,1,2768.5,358.0,155,True,-1.30564185371706,-1.30564185371706,-2.61128370743412
66,2,2787.5,358.0,155,True,-1.3120694585885075,-1.3120694585885075,-2.624138917177015
66,3,2848.5,358.0,155,True,-1.3327054531757876,-1.3327054531757876,-2.665410906351575
67,0,3136.5,1244.0,169,True,-2.343536473082879,-2.343536473082879,-4.687072946165758
67,1,3034.5,862.0,163,True,-1.9152159507833086,-1.9152159507833086,-3.8304319015666173
67,2,3001.5,862.0,161,True,-1.904052216006585,-1.904052216006585,-3.80810443201317
67,3,3068.6666666666665,850.0,160,True,-1.914403229031523,-1.914403229031523,-3.828806458063046
68,0,2863.5,610.0,158,True,-1.5975736925072879,-1.5975736925072879,-3.1951473850145757
68,1,2528.666666666667,342.0,155,True,-1.2080125924789231,-1.2080125924789231,-2.4160251849578462
68,2,2901.5,484.0,157,True,-1.48053199503369,-1.48053199503369,-2.96106399006738
68,3,2834.5,358.0,155,True,-1.3279693232705105,-1.3279693232705105,-2.655938646541021
69,0,2841.5,358.0,155,True,-1.330337388223149,-1.330337388223149,-2.660674776446298
69,1,2814.5,358.0,155,True,-1.3212034234058276,-1.3212034234058276,-2.6424068468116553
69,2,2791.5,358.0,155,True,-1.3134226385614445,-1.3134226385614445,-2.626845277122889
69,3,2827.5,358.0,155,True,-1.3256012583178725,-1.3256012583178725,-2.651202516635745
70,0,2801.5,358.0,155,True,-1.316805588493785,-1.316805588493785,-2.63361117698757
70,1,2854.5,358.0,155,True,-1.3347352231351917,-1.3347352231351917,-2.6694704462703833
70,2,2835.5,358.0,155,True,-1.328307618263745,-1.328307618263745,-2.65661523652749
70,3,2845.5,358.0,154,True,-1.3316905681960847,-1.3316905681960847,-2.6633811363921693
71,0,2828.5,358.0,155,True,-1.3259395533111056,-1.3259395533111056,-2.651879106622211
71,1,2787.5,358.0,155,True,-1.3120694585885075,-1.3120694585885075,-2.624138917177015
71,2,2801.5,358.0,155,True,-1.316805588493785,-1.316805588493785,-2.63361117698757
71,3,2786.5,358.0,155,True,-1.311731163595274,-1.311731163595274,-2.623462327190548
72,0,2778.5,484.0,157,True,-1.4389217108658954,-1.4389217108658954,-2.8778434217317908
72,1,2869.5,358.0,155,True,-1.3398096480337032,-1.3398096480337032,-2.6796192960674063
72,2,2720.5,289.0,154,True,-1.2182696734232656,-1.2182696734232656,-2.4365393468465313
72,3,2864.5,358.0,155,True,-1.3381181730675331,-1.3381181730675331,-2.6762363461350662
73,0,2797.5,358.0,155,True,-1.315452408520848,-1.315452408520848,-2.630904817041696
73,1,2787.5,289.0,154,True,-1.240935437969951,-1.240935437969951,-2.481870875939902
73,2,2848.5,476.0,157,True,-1.4543549377118696,-1.4543549377118696,-2.9087098754237393
73,3,2774.5,358.0,155,True,-1.307671623676464,-1.307671623676464,-2.615343247352928
74,0,2856.5,738.0,161,True,-1.7271643904412486,-1.7271643904412486,-3.454328780882497
74,1,2983.5,738.0,160,True,-1.7701278545819779,-1.7701278545819779,-3.5402557091639557
74,2,2965.5,864.0,162,True,-1.8939354519202596,-1.8939354519202596,-3.787870903840519
74,3,2995.5,789.0,162,True,-1.8267647140884165,-1.8267647140884165,-3.653529428176833
75,0,2822.5,358.0,155,True,-1.3239097833517002,-1.3239097833517002,-2.6478195667034004
75,1,2793.5,358.0,155,True,-1.3140992285479116,-1.3140992285479116,-2.6281984570958232
75,2,2782.5,289.0,154,True,-1.2392439630037797,-1.2392439630037797,-2.4784879260075594
75,3,2745.5,358.0,155,True,-1.297861068872675,-1.297861068872675,-2.59572213774535
76,0,2930.5,358.0,155,True,-1.3604456426209828,-1.3604456426209828,-2.7208912852419656
76,1,2850.5,358.0,155,True,-1.3333820431622556,-1.3333820431622556,-2.6667640863245112
76,2,2789.5,342.0,155,True,-1.2962512032141504,-1.2962512032141504,-2.592502406428301
76,3,2783.5,342.0,155,True,-1.2942214332547468,-1.2942214332547468,-2.5884428665094936
77,0,2763.5,484.0,156,True,-1.433847285967383,-1.433847285967383,-2.867694571934766
77,1,2727.5,484.0,156,True,-1.4216686662109568,-1.4216686662109568,-2.8433373324219136
77,2,2806.5,545.0,158,True,-1.5112805686145931,-1.5112805686145931,-3.0225611372291863
77,3,2752.5,409.0,156,True,-1.3528064534129427,-1.3528064534129427,-2.7056129068258854
78,0,2649.5,551.0,158,True,-1.4643538216871501,-1.4643538216871501,-2.9287076433743002
78,1,2648.5,476.0,157,True,-1.38669593906505,-1.38669593906505,-2.7733918781301
78,2,2533.3333333333335,456.0,157,True,-1.3271170756432262,-1.3271170756432262,-2.6542341512864525
78,3,2838.5,358.0,155,True,-1.3293225032434466,-1.3293225032434466,-2.658645006486893
79,0,2624.5,602.0,159,True,-1.5084737664439267,-1.5084737664439267,-3.0169475328878534
79,1,2833.5,476.0,157,True,-1.4492805128133581,-1.4492805128133581,-2.8985610256267162
79,2,2742.5,289.0,154,True,-1.2257121632744152,-1.2257121632744152,-2.4514243265488305
79,3,2559.5,476.0,157,True,-1.3565876846672145,-1.3565876846672145,-2.713175369334429
80,0,2782.5,358.0,155,True,-1.3103779836223375,-1.3103779836223375,-2.620755967244675
80,1,2889.5,551.0,157,True,-1.5455446200633338,-1.5455446200633338,-3.0910892401266676
80,2,2768.5,551.0,157,True,-1.5046109258820082,-1.5046109258820082,-3.0092218517640164
80,3,2700.5,551.0,157,True,-1.4816068663420896,-1.4816068663420896,-2.963213732684179
81,0,2756.5,356.0,155,True,-1.2995204581281465,-1.2995204581281465,-2.599040916256293
81,1,2777.5,358.0,154,True,-1.3086865086561668,-1.3086865086561668,-2.6173730173123335
81,2,2789.5,289.0,154,True,-1.2416120279564191,-1.2416120279564191,-2.4832240559128382
81,3,2861.5,358.0,155,True,-1.337103288087831,-1.337103288087831,-2.674206576175662
82,0,2668.5,551.0,158,True,-1.4707814265585981,-1.4707814265585981,-2.9415628531171962
82,1,2839.5,476.0,157,True,-1.4513102827727635,-1.4513102827727635,-2.902620565545527
82,2,2711.5,289.0,154,True,-1.215225018484159,-1.215225018484159,-2.430450036968318
82,3,2759.5,358.0,155,True,-1.3025971987779525,-1.3025971987779525,-2.605194397555905
83,0,2670.5,342.0,155,True,-1.2559940990192933,-1.2559940990192933,-2.5119881980385865
83,1,2786.5,358.0,155,True,-1.311731163595273,-1.311731163595273,-2.623462327190546
83,2,2837.5,358.0,155,True,-1.3289842082502126,-1.3289842082502126,-2.657968416500425
83,3,2804.5,476.0,157,True,-1.43946995800957,-1.43946995800957,-2.87893991601914
84,0,2784.5,358.0,155,True,-1.3110545736088042,-1.3110545736088042,-2.6221091472176083
84,1,2857.5,358.0,155,True,-1.3357501081148946,-1.3357501081148946,-2.671500216229789
84,2,2859.5,358.0,155,True,-1.3364266981013622,-1.3364266981013622,-2.6728533962027243
84,3,2828.5,358.0,155,True,-1.3259395533111056,-1.3259395533111056,-2.651879106622211
85,0,2836.5,358.0,155,True,-1.3286459132569786,-1.3286459132569786,-2.657291826513957
85,1,2786.5,358.0,155,True,-1.311731163595273,-1.311731163595273,-2.623462327190546
85,2,2709.5,289.0,154,True,-1.2145484284976915,-1.2145484284976915,-2.429096856995383
85,3,2806.5,358.0,155,True,-1.3184970634599555,-1.3184970634599555,-2.636994126919911
86,0,2803.5,358.0,155,True,-1.317482178480253,-1.317482178480253,-2.634964356960506
86,1,2769.5,358.0,155,True,-1.3059801487102936,-1.3059801487102936,-2.611960297420587
86,2,2847.5,358.0,155,True,-1.3323671581825527,-1.3323671581825527,-2.6647343163651054
86,3,2810.5,289.0,154,True,-1.2487162228143347,-1.2487162228143347,-2.4974324456286694
87,0,2845.5,358.0,155,True,-1.3316905681960856,-1.3316905681960856,-2.663381136392171
87,1,2703.5,289.0,154,True,-1.2125186585382866,-1.2125186585382866,-2.425037317076573
87,2,2820.5,358.0,155,True,-1.3232331933652326,-1.3232331933652326,-2.646466386730465
87,3,2776.5,358.0,154,True,-1.3083482136629325,-1.3083482136629325,-2.616696427325865
88,0,2824.5,610.0,158,True,-1.5843801877711583,-1.5843801877711583,-3.1687603755423166
88,1,2943.5,610.0,158,True,-1.6246372919660168,-1.6246372919660168,-3.2492745839320336
88,2,2841.5,535.0,158,True,-1.5128116150272717,-1.5128116150272717,-3.0256232300545434
88,3,2909.5,535.0,158,True,-1.5358156745671916,-1.5358156745671916,-3.071631349134383
89,0,2760.5,545.0,158,True,-1.495718998925825,-1.495718998925825,-2.99143799785165
89,1,2759.5,289.0,154,True,-1.2314631781593957,-1.2314631781593957,-2.4629263563187913
89,2,2765.5,289.0,154,True,-1.2334929481188006,-1.2334929481188006,-2.4669858962376012
89,3,2804.5,358.0,155,True,-1.3178204734734875,-1.3178204734734875,-2.635640946946975
90,0,2717.5,358.0,154,True,-1.28838880906212,-1.28838880906212,-2.57677761812424
90,1,2812.5,358.0,155,True,-1.32052683341936,-1.32052683341936,-2.64105366683872
90,2,2744.5,289.0,154,True,-1.2263887532608837,-1.2263887532608837,-2.4527775065217674
90,3,2783.5,289.0,154,True,-1.2395822579970146,-1.2395822579970146,-2.479164515994029
91,0,2914.5,342.0,155,True,-1.338538077368413,-1.338538077368413,-2.677076154736826
91,1,2944.5,342.0,155,True,-1.348686927165436,-1.348686927165436,-2.697373854330872
91,2,2779.5,342.0,155,True,-1.2928682532818099,-1.2928682532818099,-2.5857365065636198
91,3,2776.5,289.0,154,True,-1.2372141930443752,-1.2372141930443752,-2.4744283860887504
92,0,2818.5,417.0,156,True,-1.3833813456468056,-1.3833813456468056,-2.766762691293611
92,1,2777.5,289.0,154,True,-1.2375524880376092,-1.2375524880376092,-2.4751049760752184
92,2,2789.5,342.0,155,True,-1.2962512032141513,-1.2962512032141513,-2.5925024064283027
92,3,2801.5,289.0,154,True,-1.2456715678752286,-1.2456715678752286,-2.491343135750457
93,0,2691.5,484.0,157,True,-1.4094900464545292,-1.4094900464545292,-2.8189800929090585
93,1,2828.5,476.0,157,True,-1.447589037847188,-1.447589037847188,-2.895178075694376
93,2,2833.5,289.0,154,True,-1.2564970076587192,-1.2564970076587192,-2.5129940153174384
93,3,2799.5,289.0,154,True,-1.2449949778887592,-1.2449949778887592,-2.4899899557775185
94,0,2828.5,289.0,154,True,-1.2548055326925482,-1.2548055326925482,-2.5096110653850965
94,1,2772.5,289.0,154,True,-1.2358610130714391,-1.2358610130714391,-2.4717220261428783
94,2,2724.5,289.0,154,True,-1.2196228533962017,-1.2196228533962017,-2.4392457067924034
94,3,2768.5,289.0,154,True,-1.2345078330985022,-1.2345078330985022,-2.4690156661970044
95,0,2791.5,289.0,154,True,-1.2422886179428867,-1.2422886179428867,-2.4845772358857734
95,1,2780.5,289.0,154,True,-1.2385673730173117,-1.2385673730173117,-2.4771347460346234
95,2,2751.5,358.0,154,True,-1.2998908388320805,-1.2998908388320805,-2.599781677664161
95,3,2811.5,289.0,154,True,-1.2490545178075687,-1.2490545178075687,-2.4981090356151374
96,0,2805.5,358.0,155,True,-1.3181587684667215,-1.3181587684667215,-2.636317536933443
96,1,2765.5,358.0,155,True,-1.304626968737357,-1.304626968737357,-2.609253937474714
96,2,2785.5,289.0,154,True,-1.2402588479834826,-1.2402588479834826,-2.4805176959669653
96,3,2858.5,358.0,155,True,-1.3360884031081282,-1.3360884031081282,-2.6721768062162563
97,0,2890.5,358.0,155,True,-1.3469138428916196,-1.3469138428916196,-2.6938276857832393
97,1,2783.5,476.0,157,True,-1.432365763151653,-1.432365763151653,-2.864731526303306
97,2,2769.5,358.0,155,True,-1.3059801487102936,-1.3059801487102936,-2.611960297420587
97,3,2755.5,289.0,154,True,-1.2301099981864596,-1.2301099981864596,-2.460219996372919
98,0,2901.5,358.0,155,True,-1.3506350878171942,-1.3506350878171942,-2.7012701756343884
98,1,2794.5,358.0,155,True,-1.314437523541147,-1.314437523541147,-2.628875047082294
98,2,2503.3333333333335,389.0,156,True,-1.2478960608977487,-1.2478960608977487,-2.4957921217954975
98,3,2868.5,358.0,155,True,-1.3394713530404696,-1.3394713530404696,-2.678942706080939
99,0,2833.5,358.0,155,True,-1.327631028277276,-1.327631028277276,-2.655262056554552
99,1,2762.5,289.0,154,True,-1.2324780631390981,-1.2324780631390981,-2.4649561262781963
99,2,2726.5,289.0,154,True,-1.220299443382671,-1.220299443382671,-2.440598886765342
99,3,2743.5,289.0,154,True,-1.2260504582676506,-1.2260504582676506,-2.452100916535301
100,0,2812.5,289.0,154,True,-1.2493928128008032,-1.2493928128008032,-2.4987856256016063
100,1,2731.5,289.0,154,True,-1.221990918348841,-1.221990918348841,-2.443981836697682
100,2,2858.5,358.0,155,True,-1.3360884031081284,-1.3360884031081284,-2.6721768062162568
100,3,2784.5,289.0,154,True,-1.2399205529902482,-1.2399205529902482,-2.4798411059804963
101,0,2844.5,358.0,155,True,-1.331352273202851,-1.331352273202851,-2.662704546405702
101,1,2721.5,289.0,154,True,-1.2186079684165,-1.2186079684165,-2.437215936833
101,2,2802.5,358.0,155,True,-1.31714388348702,-1.31714388348702,-2.63428776697404
101,3,2770.5,289.0,154,True,-1.2351844230849716,-1.2351844230849716,-2.470368846169943
102,0,2575.0,464.0,156,True,-1.3494601230417256,-1.3494601230417256,-2.698920246083451
102,1,2809.5,289.0,154,True,-1.2483779278211011,-1.2483779278211011,-2.4967558556422023
102,2,2737.5,289.0,154,True,-1.2240206883082456,-1.2240206883082456,-2.4480413766164912
102,3,2777.5,342.0,155,True,-1.2921916632953414,-1.2921916632953414,-2.584383326590683
103,0,2770.5,289.0,154,True,-1.2351844230849711,-1.2351844230849711,-2.4703688461699422
103,1,2755.5,476.0,157,True,-1.422893503341099,-1.422893503341099,-2.845787006682198
103,2,2904.5,358.0,155,True,-1.3516499727968967,-1.3516499727968967,-2.7032999455937934
103,3,2897.5,476.0,157,True,-1.4709313923803407,-1.4709313923803407,-2.9418627847606813
104,0,2425.3333333333335,466.0,157,True,-1.3008904947244588,-1.3008904947244588,-2.6017809894489177
104,1,2719.5,476.0,157,True,-1.4107148835846723,-1.4107148835846723,-2.8214297671693447
104,2,2815.5,289.0,154,True,-1.2504076977805052,-1.2504076977805052,-2.5008153955610104
104,3,2580.8333333333335,389.0,156,True,-1.274113922873391,-1.274113922873391,-2.548227845746782
105,0,2679.5,545.0,158,True,-1.4683171044738639,-1.4683171044738639,-2.9366342089477278
105,1,2473.3333333333335,517.0,158,True,-1.3697059739873236,-1.3697059739873236,-2.7394119479746473
105,2,2756.5,289.0,154,True,-1.2304482931796936,-1.2304482931796936,-2.4608965863593872
105,3,2862.5,358.0,155,True,-1.337441583081065,-1.337441583081065,-2.67488316616213
106,0,2739.5,289.0,154,True,-1.224697278294714,-1.224697278294714,-2.449394556589428
106,1,2763.5,289.0,154,True,-1.232816358132333,-1.232816358132333,-2.465632716264666
106,2,2471.666666666667,358.0,155,True,-1.2052246232254042,-1.2052246232254042,-2.4104492464508085
106,3,2406.3333333333335,466.0,157,True,-1.2944628898530102,-1.2944628898530102,-2.5889257797060203
107,0,2819.5,289.0,154,True,-1.2517608777534421,-1.2517608777534421,-2.5035217555068843
107,1,2749.5,476.0,157,True,-1.420863733381694,-1.420863733381694,-2.841727466763388
107,2,2725.5,289.0,154,True,-1.2199611483894361,-1.2199611483894361,-2.4399222967788723
107,3,2776.5,289.0,154,True,-1.2372141930443756,-1.2372141930443756,-2.4744283860887513
108,0,2888.5,484.0,157,True,-1.4761341601216464,-1.4761341601216464,-2.952268320243293
108,1,2823.5,610.0,159,True,-1.5840418927779243,-1.5840418927779243,-3.1680837855558486
108,2,2757.5,415.0,155,True,-1.360683495389423,-1.360683495389423,-2.721366990778846
108,3,2815.5,289.0,154,True,-1.2504076977805056,-1.2504076977805056,-2.5008153955610113
109,0,2828.5,358.0,155,True,-1.3259395533111056,-1.3259395533111056,-2.651879106622211
109,1,2854.5,551.0,157,True,-1.5337042953001407,-1.5337042953001407,-3.0674085906002815
109,2,2320.8333333333335,322.0,155,True,-1.117085059684072,-1.117085059684072,-2.234170119368144
109,3,2783.5,289.0,154,True,-1.2395822579970146,-1.2395822579970146,-2.479164515994029
110,0,2789.5,289.0,154,True,-1.2416120279564187,-1.2416120279564187,-2.4832240559128373
110,1,2772.5,358.0,154,True,-1.3069950336899965,-1.3069950336899965,-2.613990067379993
110,2,2764.5,289.0,154,True,-1.2331546531255662,-1.2331546531255662,-2.4663093062511323
110,3,2753.5,358.0,154,True,-1.300567428818548,-1.300567428818548,-2.601134857637096
111,0,2841.5,484.0,156,True,-1.4602342954396434,-1.4602342954396434,-2.920468590879287
111,1,2791.5,415.0,155,True,-1.372185525159382,-1.372185525159382,-2.744371050318764
111,2,3170.5,358.0,155,True,-1.4416364409971683,-1.4416364409971683,-2.8832728819943365
111,3,2803.5,289.0,154,True,-1.2463481578616962,-1.2463481578616962,-2.4926963157233923
112,0,2887.5,358.0,155,True,-1.3458989579119176,-1.3458989579119176,-2.691797915823835
112,1,2766.5,289.0,154,True,-1.2338312431120342,-1.2338312431120342,-2.4676624862240684
112,2,2951.5,358.0,155,True,-1.3675498374789001,-1.3675498374789001,-2.7350996749578003
112,3,2637.5000000000005,795.0,161,True,-1.7118406735209184,-1.7118406735209184,-3.423681347041837
113,0,2772.5,289.0,154,True,-1.2358610130714391,-1.2358610130714391,-2.4717220261428783
113,1,2783.5,289.0,154,True,-1.2395822579970137,-1.2395822579970137,-2.4791645159940274
113,2,2828.5,289.0,154,True,-1.2548055326925491,-1.2548055326925491,-2.5096110653850983
113,3,2884.5,358.0,155,True,-1.3448840729322142,-1.3448840729322142,-2.6897681458644285
114,0,2734.5,545.0,158,True,-1.4869233291017399,-1.4869233291017399,-2.9738466582034797
114,1,2805.5,289.0,154,True,-1.247024747848165,-1.247024747848165,-2.49404949569633
114,2,2740.5,289.0,154,True,-1.225035573287948,-1.225035573287948,-2.450071146575896
114,3,2905.5,545.0,158,True,-1.5447717729447705,-1.5447717729447705,-3.089543545889541
115,0,2921.5,358.0,155,True,-1.3574009876818767,-1.3574009876818767,-2.7148019753637533
115,1,2832.5,415.0,156,True,-1.3860556198819796,-1.3860556198819796,-2.772111239763959
115,2,2662.5,417.0,156,True,-1.330607326702286,-1.330607326702286,-2.661214653404572
115,3,2860.5,358.0,155,True,-1.3367649930945966,-1.3367649930945966,-2.6735299861891932
116,0,2839.5,551.0,157,True,-1.528629870401628,-1.528629870401628,-3.057259740803256
116,1,2649.666666666667,389.0,156,True,-1.2973998949076726,-1.2973998949076726,-2.594799789815345
116,2,2948.5,289.0,154,True,-1.2954009318806408,-1.2954009318806408,-2.5908018637612815
116,3,2697.5,476.0,157,True,-1.4032723937335214,-1.4032723937335214,-2.806544787467043
117,0,2508.666666666667,594.0,159,True,-1.4610405070472319,-1.4610405070472319,-2.9220810140944637
117,1,2782.5,342.0,155,True,-1.2938831382615124,-1.2938831382615124,-2.5877662765230247
117,2,2887.5,289.0,154,True,-1.2747649372933607,-1.2747649372933607,-2.5495298745867214
117,3,2659.5,476.0,157,True,-1.390417183990625,-1.390417183990625,-2.78083436798125
118,0,2888.5,476.0,157,True,-1.4678867374412345,-1.4678867374412345,-2.935773474882469
118,1,2779.5,289.0,154,True,-1.2382290780240786,-1.2382290780240786,-2.476458156048157
118,2,2831.5,289.0,154,True,-1.2558204176722512,-1.2558204176722512,-2.5116408353445023
118,3,2723.5,289.0,154,True,-1.2192845584029681,-1.2192845584029681,-2.4385691168059362
119,0,2881.5,358.0,155,True,-1.3438691879525122,-1.3438691879525122,-2.6877383759050244
119,1,2799.5,289.0,154,True,-1.2449949778887601,-1.2449949778887601,-2.4899899557775202
119,2,2794.5,289.0,154,True,-1.2433035029225892,-1.2433035029225892,-2.4866070058451784
119,3,2797.5,289.0,154,True,-1.2443183879022908,-1.2443183879022908,-2.4886367758045815
120,0,2852.5,289.0,154,True,-1.2629246125301676,-1.2629246125301676,-2.5258492250603353
120,1,2775.5,289.0,154,True,-1.2368758980511412,-1.2368758980511412,-2.4737517961022824
120,2,2822.5,289.0,154,True,-1.2527757627331442,-1.2527757627331442,-2.5055515254662883
120,3,2899.5,289.0,154,True,-1.2788244772121697,-1.2788244772121697,-2.5576489544243395
121,0,2782.5,289.0,154,True,-1.2392439630037806,-1.2392439630037806,-2.478487926007561
121,1,2909.5,358.0,155,True,-1.353341447763068,-1.353341447763068,-2.706682895526136
121,2,2784.5,289.0,154,True,-1.2399205529902486,-1.2399205529902486,-2.4798411059804972
121,3,2797.5,289.0,154,True,-1.2443183879022917,-1.2443183879022917,-2.4886367758045833
122,0,2749.5,289.0,154,True,-1.228080228227055,-1.228080228227055,-2.45616045645411
122,1,2777.5,289.0,154,True,-1.23755248803761,-1.23755248803761,-2.47510497607522
122,2,2713.5,289.0,154,True,-1.2159016084706276,-1.2159016084706276,-2.431803216941255
122,3,2735.5,289.0,154,True,-1.2233440983217776,-1.2233440983217776,-2.446688196643555
123,0,2453.666666666667,389.0,156,True,-1.2310940762337894,-1.2310940762337894,-2.462188152467579
123,1,2767.5,289.0,154,True,-1.234169538105269,-1.234169538105269,-2.468339076210538
123,2,2847.5,476.0,157,True,-1.4540166427186365,-1.4540166427186365,-2.908033285437273
123,3,2441.5000000000005,600.0,159,True,-1.4445039270119842,-1.4445039270119842,-2.8890078540239683
124,0,2429.0,472.0,157,True,-1.3083164767099589,-1.3083164767099589,-2.6166329534199178
124,1,2703.5,289.0,154,True,-1.2125186585382866,-1.2125186585382866,-2.425037317076573
124,2,2317.8333333333335,283.0,154,True,-1.0758639891373587,-1.0758639891373587,-2.1517279782747174
124,3,2417.3333333333335,600.0,159,True,-1.4363284646754926,-1.4363284646754926,-2.872656929350985
125,0,2737.5,289.0,154,True,-1.2240206883082456,-1.2240206883082456,-2.4480413766164912
125,1,2814.5,289.0,154,True,-1.2500694027872707,-1.2500694027872707,-2.5001388055745415
125,2,2272.5,283.0,154,True,-1.06052794944408,-1.06052794944408,-2.12105589888816
125,3,2498.0,464.0,156,True,-1.3234114085627,-1.3234114085627,-2.6468228171254
126,0,2750.5,289.0,154,True,-1.228418523220289,-1.228418523220289,-2.456837046440578
126,1,2781.5,289.0,154,True,-1.2389056680105461,-1.2389056680105461,-2.4778113360210923
126,2,2716.5,289.0,154,True,-1.21691649345033,-1.21691649345033,-2.43383298690066
126,3,2738.5,289.0,154,True,-1.2243589833014796,-1.2243589833014796,-2.4487179666029593
127,0,2449.3333333333335,322.0,155,True,-1.1605559663146534,-1.1605559663146534,-2.321111932629307
127,1,2757.5,289.0,154,True,-1.230786588172928,-1.230786588172928,-2.461573176345856
127,2,2834.5,289.0,154,True,-1.2568353026519532,-1.2568353026519532,-2.5136706053039064
127,3,2298.5,283.0,154,True,-1.0693236192681665,-1.0693236192681665,-2.138647238536333
128,0,2906.5,476.0,157,True,-1.4739760473194472,-1.4739760473194472,-2.9479520946388944
128,1,2847.5,289.0,154,True,-1.2612331375639971,-1.2612331375639971,-2.5224662751279943
128,2,2794.5,289.0,154,True,-1.2433035029225892,-1.2433035029225892,-2.4866070058451784
128,3,2461.5000000000005,389.0,156,True,-1.2337440536807893,-1.2337440536807893,-2.4674881073615786
129,0,2770.5,289.0,154,True,-1.2351844230849716,-1.2351844230849716,-2.470368846169943
129,1,2795.5,289.0,154,True,-1.2436417979158232,-1.2436417979158232,-2.4872835958316464
129,2,2421.666666666667,389.0,156,True,-1.2202686364502975,-1.2202686364502975,-2.440537272900595
129,3,2481.666666666667,389.0,156,True,-1.240566336044344,-1.240566336044344,-2.481132672088688
130,0,2737.5,289.0,154,True,-1.2240206883082456,-1.2240206883082456,-2.4480413766164912
130,1,2814.5,289.0,154,True,-1.2500694027872712,-1.2500694027872712,-2.5001388055745424
130,2,2730.5,289.0,154,True,-1.2216526233556075,-1.2216526233556075,-2.443305246711215
130,3,2708.5,289.0,154,True,-1.214210133504457,-1.214210133504457,-2.428420267008914
131,0,2841.5,289.0,154,True,-1.2592033676045926,-1.2592033676045926,-2.5184067352091852
131,1,2762.5,289.0,154,True,-1.2324780631390986,-1.2324780631390986,-2.464956126278197
131,2,2799.5,476.0,157,True,-1.4377784830433995,-1.4377784830433995,-2.875556966086799
131,3,2883.5,476.0,157,True,-1.466195262475064,-1.466195262475064,-2.932390524950128
132,0,2770.5,289.0,154,True,-1.2351844230849711,-1.2351844230849711,-2.4703688461699422
132,1,2757.5,289.0,154,True,-1.2307865881729267,-1.2307865881729267,-2.4615731763458535
132,2,2814.5,289.0,154,True,-1.250069402787272,-1.250069402787272,-2.500138805574544
132,3,2826.5,289.0,154,True,-1.254128942706081,-1.254128942706081,-2.508257885412162
133,0,2799.5,289.0,154,True,-1.2449949778887592,-1.2449949778887592,-2.4899899557775185
133,1,2850.5,289.0,154,True,-1.2622480225436992,-1.2622480225436992,-2.5244960450873983
133,2,2798.5,289.0,154,True,-1.2446566828955248,-1.2446566828955248,-2.4893133657910496
133,3,2751.5,289.0,154,True,-1.2287568182135231,-1.2287568182135231,-2.4575136364270462
134,0,2463.6666666666665,389.0,156,True,-1.2344770261661293,-1.2344770261661293,-2.4689540523322586
134,1,2387.666666666667,389.0,156,True,-1.2087666066803384,-1.2087666066803384,-2.417533213360677
134,2,2585.166666666667,456.0,157,True,-1.3446520327925269,-1.3446520327925269,-2.6893040655850537
134,3,2741.5,358.0,155,True,-1.296507888899739,-1.296507888899739,-2.593015777799478
135,0,2811.5,342.0,155,True,-1.3036936930653005,-1.3036936930653005,-2.607387386130601
135,1,2724.5,417.0,156,True,-1.3515816162828005,-1.3515816162828005,-2.703163232565601
135,2,2785.5,289.0,154,True,-1.2402588479834817,-1.2402588479834817,-2.4805176959669635
135,3,2803.5,289.0,154,True,-1.2463481578616957,-1.2463481578616957,-2.4926963157233915
136,0,2621.3333333333335,322.0,155,True,-1.218742705150919,-1.218742705150919,-2.437485410301838
136,1,2791.5,289.0,154,True,-1.2422886179428863,-1.2422886179428863,-2.4845772358857725
136,2,2722.5,289.0,154,True,-1.2189462634097337,-1.2189462634097337,-2.4378925268194673
136,3,2458.1666666666665,285.0,154,True,-1.125399908857981,-1.125399908857981,-2.250799817715962
137,0,2862.5,358.0,155,True,-1.3374415830810646,-1.3374415830810646,-2.6748831661621293
137,1,2867.5,342.0,155,True,-1.3226382126864096,-1.3226382126864096,-2.645276425372819
137,2,2769.5,289.0,154,True,-1.2348461280917358,-1.2348461280917358,-2.4696922561834715
137,3,2895.5,342.0,155,True,-1.332110472496965,-1.332110472496965,-2.66422094499393
138,0,2895.5,358.0,155,True,-1.3486053178577897,-1.3486053178577897,-2.6972106357155794
138,1,2783.5,289.0,154,True,-1.2395822579970137,-1.2395822579970137,-2.4791645159940274
138,2,2822.5,289.0,154,True,-1.2527757627331437,-1.2527757627331437,-2.5055515254662875
138,3,2851.5,358.0,155,True,-1.3337203381554896,-1.3337203381554896,-2.6674406763109793
139,0,2792.5,289.0,154,True,-1.2426269129361207,-1.2426269129361207,-2.4852538258722414
139,1,2808.5,289.0,154,True,-1.2480396328278662,-1.2480396328278662,-2.4960792656557325
139,2,2789.5,289.0,154,True,-1.2416120279564187,-1.2416120279564187,-2.4832240559128373
139,3,2750.5,289.0,154,True,-1.2284185232202895,-1.2284185232202895,-2.456837046440579
140,0,2819.5,289.0,154,True,-1.2517608777534417,-1.2517608777534417,-2.5035217555068834
140,1,2722.5,289.0,154,True,-1.218946263409734,-1.218946263409734,-2.437892526819468
140,2,2812.5,289.0,154,True,-1.2493928128008032,-1.2493928128008032,-2.4987856256016063
140,3,2824.5,289.0,154,True,-1.2534523527196113,-1.2534523527196113,-2.5069047054392226
141,0,2783.5,289.0,154,True,-1.2395822579970142,-1.2395822579970142,-2.4791645159940283
141,1,2855.5,358.0,155,True,-1.3350735181284252,-1.3350735181284252,-2.6701470362568505
141,2,2749.5,289.0,154,True,-1.2280802282270546,-1.2280802282270546,-2.4561604564541093
141,3,2721.5,289.0,154,True,-1.2186079684165,-1.2186079684165,-2.437215936833
142,0,2835.5,289.0,154,True,-1.2571735976451872,-1.2571735976451872,-2.5143471952903744
142,1,2759.5,289.0,154,True,-1.2314631781593957,-1.2314631781593957,-2.4629263563187913
142,2,2779.5,289.0,154,True,-1.2382290780240768,-1.2382290780240768,-2.4764581560481536
142,3,2727.5,289.0,154,True,-1.220637738375905,-1.220637738375905,-2.44127547675181
143,0,2388.666666666667,409.0,156,True,-1.2297234583746028,-1.2297234583746028,-2.4594469167492057
143,1,2748.5,289.0,154,True,-1.2277419332338202,-1.2277419332338202,-2.4554838664676404
143,2,2689.5,289.0,154,True,-1.2077825286330086,-1.2077825286330086,-2.4155650572660172
143,3,2744.5,289.0,154,True,-1.2263887532608837,-1.2263887532608837,-2.4527775065217674
144,0,2773.5,289.0,154,True,-1.2361993080646732,-1.2361993080646732,-2.4723986161293463
144,1,2795.5,289.0,154,True,-1.2436417979158232,-1.2436417979158232,-2.4872835958316464
144,2,2770.5,289.0,154,True,-1.2351844230849707,-1.2351844230849707,-2.4703688461699413
144,3,2775.5,289.0,154,True,-1.2368758980511412,-1.2368758980511412,-2.4737517961022824
145,0,2310.3333333333335,322.0,155,True,-1.1135329622551138,-1.1135329622551138,-2.2270659245102276
145,1,2733.5,289.0,154,True,-1.2226675083353087,-1.2226675083353087,-2.4453350166706174
145,2,2775.5,289.0,154,True,-1.2368758980511407,-1.2368758980511407,-2.4737517961022815
145,3,2601.666666666667,322.0,155,True,-1.2120895702839818,-1.2120895702839818,-2.4241791405679636
146,0,2858.5,358.0,155,True,-1.3360884031081286,-1.3360884031081286,-2.672176806216257
146,1,2825.5,289.0,154,True,-1.2537906477128462,-1.2537906477128462,-2.5075812954256924
146,2,2845.5,476.0,157,True,-1.4533400527321676,-1.4533400527321676,-2.906680105464335
146,3,2799.5,358.0,155,True,-1.3161289985073161,-1.3161289985073161,-2.6322579970146323
147,0,2437.8333333333335,389.0,156,True,-1.2257377388409154,-1.2257377388409154,-2.451475477681831
147,1,2427.3333333333335,389.0,156,True,-1.2221856414119576,-1.2221856414119576,-2.4443712828239152
147,2,2382.8333333333335,322.0,155,True,-1.1380593492645867,-1.1380593492645867,-2.2761186985291735
147,3,2462.1666666666665,517.0,158,True,-1.3659283465628762,-1.3659283465628762,-2.7318566931257524
148,0,2467.1666666666665,466.0,157,True,-1.3150425019414183,-1.3150425019414183,-2.6300850038828365
148,1,2620.5,322.0,155,True,-1.2184607926565578,-1.2184607926565578,-2.4369215853131156
148,2,2653.666666666667,322.0,155,True,-1.2296809099321548,-1.2296809099321548,-2.4593618198643097
148,3,2585.3333333333335,322.0,155,True,-1.2065640853944914,-1.2065640853944914,-2.413128170788983
149,0,2340.3333333333335,322.0,155,True,-1.123681812052137,-1.123681812052137,-2.247363624104274
149,1,2302.166666666667,450.0,157,True,-1.2427289826969665,-1.2427289826969665,-2.485457965393933
149,2,2472.8333333333335,389.0,156,True,-1.2375780636041087,-1.2375780636041087,-2.4751561272082174
149,3,2747.5,289.0,154,True,-1.2274036382405866,-1.2274036382405866,-2.4548072764811733
150,0,2348.6666666666665,338.0,155,True,-1.1429957823565793,-1.1429957823565793,-2.2859915647131586
150,1,2254.6666666666665,263.0,154,True,-1.0338764653637078,-1.0338764653637078,-2.0677529307274156
150,2,2609.3333333333335,322.0,155,True,-1.2146831652321102,-1.2146831652321102,-2.4293663304642203
150,3,2820.5,289.0,154,True,-1.2520991727466748,-1.2520991727466748,-2.5041983454933496
151,0,2770.5,289.0,154,True,-1.2351844230849716,-1.2351844230849716,-2.470368846169943
151,1,2467.0,389.0,156,True,-1.2356046761435764,-1.2356046761435764,-2.4712093522871528
151,2,2907.5,358.0,155,True,-1.3526648577765992,-1.3526648577765992,-2.7053297155531983
151,3,2430.3333333333335,517.0,158,True,-1.3551592892782576,-1.3551592892782576,-2.710318578556515
152,0,2338.8333333333335,450.0,157,True,-1.255133132448884,-1.255133132448884,-2.510266264897768
152,1,2361.666666666667,389.0,156,True,-1.199970936856252,-1.199970936856252,-2.399941873712504
152,2,2866.5,358.0,155,True,-1.3387947630540011,-1.3387947630540011,-2.6775895261080023
152,3,2773.5,289.0,154,True,-1.2361993080646736,-1.2361993080646736,-2.472398616129347
153,0,2774.5,289.0,154,True,-1.2365376030579072,-1.2365376030579072,-2.4730752061158143
153,1,2807.5,289.0,154,True,-1.2477013378346322,-1.2477013378346322,-2.4954026756692644
153,2,2725.5,476.0,157,True,-1.4127446535440755,-1.4127446535440755,-2.825489307088151
153,3,2351.8333333333335,322.0,155,True,-1.1275722044743295,-1.1275722044743295,-2.255144408948659
154,0,2232.8333333333335,194.0,153,True,-0.9553563373928734,-0.9553563373928734,-1.9107126747857468
154,1,2397.666666666667,389.0,156,True,-1.21214955661268,-1.21214955661268,-2.42429911322536
154,2,2324.8333333333335,224.0,153,True,-1.0174073118219575,-1.0174073118219575,-2.034814623643915
154,3,2327.8333333333335,322.0,155,True,-1.1194531246367108,-1.1194531246367108,-2.2389062492734215
155,0,2788.5,289.0,154,True,-1.241273732963185,-1.241273732963185,-2.48254746592637
155,1,2337.5,322.0,155,True,-1.122723309571307,-1.122723309571307,-2.245446619142614
155,2,2834.5,358.0,155,True,-1.32796932327051,-1.32796932327051,-2.65593864654102
155,3,2358.8333333333335,283.0,154,True,-1.089734083859958,-1.089734083859958,-2.179468167719916
156,0,2324.3333333333335,322.0,155,True,-1.118269092160391,-1.118269092160391,-2.236538184320782
156,1,2877.5,289.0,154,True,-1.2713819873610188,-1.2713819873610188,-2.5427639747220376
156,2,2767.5,289.0,154,True,-1.2341695381052686,-1.2341695381052686,-2.4683390762105373
156,3,2402.666666666667,338.0,155,True,-1.1612637119912204,-1.1612637119912204,-2.3225274239824407
157,0,2753.5,289.0,154,True,-1.2294334081999911,-1.2294334081999911,-2.4588668163999823
157,1,2762.5,289.0,154,True,-1.2324780631390977,-1.2324780631390977,-2.4649561262781954
157,2,2802.5,289.0,154,True,-1.2460098628684622,-1.2460098628684622,-2.4920197257369243
157,3,2783.5,289.0,154,True,-1.2395822579970133,-1.2395822579970133,-2.4791645159940265
158,0,2893.5,358.0,155,True,-1.3479287278713217,-1.3479287278713217,-2.6958574557426433
158,1,2325.8333333333335,322.0,155,True,-1.118776534650243,-1.118776534650243,-2.237553069300486
158,2,2324.666666666667,322.0,155,True,-1.118381857158136,-1.118381857158136,-2.236763714316272
158,3,2335.5,322.0,155,True,-1.1220467195848383,-1.1220467195848383,-2.2440934391696765
159,0,2338.8333333333335,322.0,155,True,-1.1231743695622858,-1.1231743695622858,-2.2463487391245716
159,1,2701.5,289.0,154,True,-1.2118420685518176,-1.2118420685518176,-2.4236841371036353
159,2,2757.5,289.0,154,True,-1.2307865881729276,-1.2307865881729276,-2.4615731763458553
159,3,2378.8333333333335,194.0,153,True,-1.004747406405052,-1.004747406405052,-2.009494812810104
160,0,2311.8333333333335,194.0,153,True,-0.9820816418583673,-0.9820816418583673,-1.9641632837167347
160,1,2279.8333333333335,194.0,153,True,-0.971256202074876,-0.971256202074876,-1.942512404149752
160,2,2203.8333333333335,322.0,155,True,-1.0775045454756824,-1.0775045454756824,-2.155009090951365
160,3,2419.8333333333335,389.0,156,True,-1.219648428962702,-1.219648428962702,-2.439296857925404
161,0,2244.8333333333335,224.0,153,True,-0.9903437123632284,-0.9903437123632284,-1.9806874247264568
161,1,2317.8333333333335,322.0,155,True,-1.1160701747043704,-1.1160701747043704,-2.232140349408741
161,2,2301.3333333333335,194.0,153,True,-0.9785295444294096,-0.9785295444294096,-1.9570590888588193
161,3,2285.8333333333335,322.0,155,True,-1.1052447349208785,-1.1052447349208785,-2.210489469841757
162,0,2357.6666666666665,338.0,155,True,-1.1460404372956863,-1.1460404372956863,-2.2920808745913726
162,1,2361.166666666666,450.0,157,True,-1.262688387297778,-1.262688387297778,-2.525376774595556
162,2,2371.8333333333335,322.0,155,True,-1.1343381043390113,-1.1343381043390113,-2.2686762086780226
162,3,2824.5,289.0,154,True,-1.2534523527196122,-1.2534523527196122,-2.5069047054392244
163,0,2755.5,289.0,154,True,-1.2301099981864596,-1.2301099981864596,-2.460219996372919
163,1,2718.5,289.0,154,True,-1.2175930834367985,-1.2175930834367985,-2.435186166873597
163,2,2801.5,358.0,155,True,-1.316805588493785,-1.316805588493785,-2.63361117698757
163,3,2730.5,289.0,154,True,-1.2216526233556062,-1.2216526233556062,-2.4433052467112124
164,0,2324.8333333333335,322.0,155,True,-1.1184382396570092,-1.1184382396570092,-2.2368764793140183
164,1,2761.5,289.0,154,True,-1.2321397681458637,-1.2321397681458637,-2.4642795362917274
164,2,2317.8333333333335,450.0,157,True,-1.2480289375909672,-1.2480289375909672,-2.4960578751819344
164,3,2289.8333333333335,263.0,154,True,-1.045773172625774,-1.045773172625774,-2.091546345251548
165,0,2332.8333333333335,322.0,155,True,-1.1211445996028813,-1.1211445996028813,-2.2422891992057625
165,1,2321.8333333333335,263.0,154,True,-1.0565986124092654,-1.0565986124092654,-2.113197224818531
165,2,2323.8333333333335,322.0,155,True,-1.1180999446637738,-1.1180999446637738,-2.2361998893275477
165,3,2340.8333333333335,322.0,155,True,-1.1238509595487542,-1.1238509595487542,-2.2477019190975085
166,0,2616.333333333333,692.0,161,True,-1.598494529153821,-1.598494529153821,-3.196989058307642
166,1,2925.333333333333,893.0,164,True,-1.9102441769085174,-1.9102441769085174,-3.820488353817035
166,2,2850.0,826.0,163,True,-1.815687122469763,-1.815687122469763,-3.631374244939526
166,3,2629.333333333333,944.0,165,True,-1.8626861784988542,-1.8626861784988542,-3.7253723569977084
167,0,2638.666666666667,617.0,160,True,-1.5287301963738493,-1.5287301963738493,-3.0574603927476987
167,1,2653.5000000000005,743.0,162,True,-1.663645145989984,-1.663645145989984,-3.327290291979968
167,2,2564.5,409.0,156,True,-1.2892069946849325,-1.2892069946849325,-2.578413989369865
167,3,2884.0,667.0,160,True,-1.6632716264665262,-1.6632716264665262,-3.3265432529330523
168,0,2583.5,543.0,157,True,-1.4337789294532877,-1.4337789294532877,-2.8675578589065753
168,1,3112.6666666666665,533.0,158,True,-1.6024840850224835,-1.6024840850224835,-3.204968170044967
168,2,2838.5,409.0,156,True,-1.3818998228310757,-1.3818998228310757,-2.7637996456621514
168,3,2632.5,535.0,158,True,-1.4421079614413455,-1.4421079614413455,-2.884215922882691
169,0,2538.0,525.0,158,True,-1.3998298062302077,-1.3998298062302077,-2.7996596124604154
169,1,2772.0,464.0,157,True,-1.4161042367088428,-1.4161042367088428,-2.8322084734176856
169,2,2731.0,539.0,158,True,-1.4795537296151104,-1.4795537296151104,-2.959107459230221
169,3,2768.0,541.0,158,True,-1.494132500034875,-1.494132500034875,-2.98826500006975
170,0,2722.5,289.0,154,True,-1.2189462634097337,-1.2189462634097337,-2.4378925268194673
170,1,2505.8333333333335,322.0,155,True,-1.1796696334323804,-1.1796696334323804,-2.359339266864761
170,2,2349.3333333333335,322.0,155,True,-1.1267264669912436,-1.1267264669912436,-2.253452933982487
170,3,2503.5,283.0,154,True,-1.1386740928811574,-1.1386740928811574,-2.277348185762315
171,0,2282.5,322.0,155,True,-1.1041170849434303,-1.1041170849434303,-2.2082341698868606
171,1,2774.5,289.0,154,True,-1.2365376030579072,-1.2365376030579072,-2.4730752061158143
171,2,2735.5,415.0,155,True,-1.3532410055382729,-1.3532410055382729,-2.7064820110765457
171,3,2421.3333333333335,519.0,158,True,-1.3541764900092534,-1.3541764900092534,-2.708352980018507
172,0,2530.666666666667,322.0,155,True,-1.1880706257643612,-1.1880706257643612,-2.3761412515287224
172,1,2345.8333333333335,322.0,155,True,-1.125542434514924,-1.125542434514924,-2.251084869029848
172,2,2243.8333333333335,322.0,155,True,-1.091036345205046,-1.091036345205046,-2.182072690410092
172,3,2332.8333333333335,283.0,154,True,-1.0809384140358715,-1.0809384140358715,-2.161876828071743
173,0,2741.0,413.0,155,True,-1.3530397723309575,-1.3530397723309575,-2.706079544661915
173,1,2304.8333333333335,263.0,154,True,-1.0508475975242852,-1.0508475975242852,-2.1016951950485705
173,2,2753.0,472.0,157,True,-1.4179240545178067,-1.4179240545178067,-2.8358481090356134
173,3,2359.166666666667,411.0,156,True,-1.2218056117443004,-1.2218056117443004,-2.4436112234886007
174,0,2676.0,464.0,157,True,-1.3836279173583697,-1.3836279173583697,-2.7672558347167393
174,1,2368.8333333333335,450.0,157,True,-1.2652819822459063,-1.2652819822459063,-2.5305639644918125
174,2,2367.3333333333335,578.0,159,True,-1.3967333026426536,-1.3967333026426536,-2.793466605285307
174,3,2267.8333333333335,322.0,155,True,-1.0991554250426643,-1.0991554250426643,-2.1983108500853286
175,0,2306.8333333333335,322.0,155,True,-1.112348929778795,-1.112348929778795,-2.22469785955759
175,1,2421.666666666667,389.0,156,True,-1.220268636450298,-1.220268636450298,-2.440537272900596
175,2,2953.5,289.0,154,True,-1.2970924068468117,-1.2970924068468117,-2.5941848136936234
175,3,2323.8333333333335,322.0,155,True,-1.1180999446637754,-1.1180999446637754,-2.2361998893275508
176,0,2826.5,484.0,157,True,-1.455159870541132,-1.455159870541132,-2.910319741082264
176,1,2627.8333333333335,578.0,159,True,-1.4848591483801363,-1.4848591483801363,-2.9697182967602727
176,2,2394.8333333333335,157.0,152,True,-0.9720157963998908,-0.9720157963998908,-1.9440315927997815
176,3,2757.5,476.0,157,True,-1.4235700933275666,-1.4235700933275666,-2.847140186655133
177,0,2345.8333333333335,391.0,156,True,-1.1966764551334814,-1.1966764551334814,-2.393352910266963
177,1,2855.5,358.0,155,True,-1.3350735181284257,-1.3350735181284257,-2.6701470362568513
177,2,2735.5,417.0,156,True,-1.3553028612083755,-1.3553028612083755,-2.710605722416751
177,3,2330.8333333333335,352.0,155,True,-1.151395844667959,-1.151395844667959,-2.302791689335918
178,0,2392.8333333333335,450.0,157,True,-1.273401062083526,-1.273401062083526,-2.546802124167052
178,1,2808.5,289.0,154,True,-1.2480396328278667,-1.2480396328278667,-2.4960792656557333
178,2,2362.8333333333335,383.0,156,True,-1.1941800473380482,-1.1941800473380482,-2.3883600946760963
178,3,2796.5,545.0,158,True,-1.507897618682254,-1.507897618682254,-3.015795237364508
179,0,2414.3333333333335,517.0,158,True,-1.3497465693865123,-1.3497465693865123,-2.6994931387730245
179,1,2826.0,539.0,158,True,-1.5116917539723496,-1.5116917539723496,-3.023383507944699
179,2,2896.5,358.0,155,True,-1.3489436128510242,-1.3489436128510242,-2.6978872257020483
179,3,2847.5,358.0,155,True,-1.3323671581825536,-1.3323671581825536,-2.664734316365107
180,0,2899.5,358.0,155,True,-1.3499584978307262,-1.3499584978307262,-2.6999169956614524
180,1,2881.5,358.0,155,True,-1.3438691879525126,-1.3438691879525126,-2.6877383759050253
180,2,2830.5,358.0,155,True,-1.3266161432975736,-1.3266161432975736,-2.653232286595147
180,3,2905.5,358.0,155,True,-1.3519882677901311,-1.3519882677901311,-2.7039765355802623
181,0,2828.5,358.0,155,True,-1.3259395533111051,-1.3259395533111051,-2.6518791066222103
181,1,2860.5,289.0,154,True,-1.2656309724760402,-1.2656309724760402,-2.5312619449520803
181,2,2426.666666666667,389.0,156,True,-1.2219601114164682,-1.2219601114164682,-2.4439202228329364
181,3,2425.8333333333335,578.0,159,True,-1.4165235597468482,-1.4165235597468482,-2.8330471194936964
182,0,2908.5,358.0,155,True,-1.3530031527698332,-1.3530031527698332,-2.7060063055396664
182,1,2848.5,484.0,156,True,-1.4626023603922829,-1.4626023603922829,-2.9252047207845657
182,2,2875.5,358.0,155,True,-1.3418394179931081,-1.3418394179931081,-2.6836788359862163
182,3,2612.8333333333335,661.0,160,True,-1.565351733790903,-1.565351733790903,-3.130703467581806
183,0,2955.5,358.0,155,True,-1.3689030174518366,-1.3689030174518366,-2.7378060349036732
183,1,2887.5,358.0,155,True,-1.3458989579119172,-1.3458989579119172,-2.6917979158238343
183,2,2278.8333333333335,322.0,155,True,-1.10287666996824,-1.10287666996824,-2.20575333993648
183,3,2866.5,358.0,155,True,-1.3387947630540011,-1.3387947630540011,-2.6775895261080023
184,0,2348.8333333333335,391.0,156,True,-1.197691340113184,-1.197691340113184,-2.395382680226368
184,1,2817.0,413.0,155,True,-1.3787501918167482,-1.3787501918167482,-2.7575003836334964
184,2,2816.5,358.0,155,True,-1.3218800133922974,-1.3218800133922974,-2.643760026784595
184,3,2297.8333333333335,322.0,155,True,-1.109304274839688,-1.109304274839688,-2.218608549679376
185,0,2334.8333333333335,322.0,155,True,-1.1218211895893495,-1.1218211895893495,-2.243642379178699
185,1,2300.8333333333335,322.0,155,True,-1.11031915981939,-1.11031915981939,-2.22063831963878
185,2,2337.8333333333335,322.0,155,True,-1.1228360745690515,-1.1228360745690515,-2.245672149138103
185,3,2423.3333333333335,448.0,157,True,-1.281657203707062,-1.281657203707062,-2.563314407414124
186,0,2808.5,289.0,154,True,-1.2480396328278667,-1.2480396328278667,-2.4960792656557333
186,1,2768.5,289.0,154,True,-1.2345078330985026,-1.2345078330985026,-2.4690156661970053
186,2,2820.5,358.0,155,True,-1.323233193365233,-1.323233193365233,-2.646466386730466
186,3,2775.5,289.0,154,True,-1.2368758980511416,-1.2368758980511416,-2.4737517961022832
187,0,2826.5,358.0,154,True,-1.3252629633246376,-1.3252629633246376,-2.650525926649275
187,1,2768.5,342.0,155,True,-1.2891470083562349,-1.2891470083562349,-2.5782940167124697
187,2,2505.0,818.0,163,True,-1.6907279271235862,-1.6907279271235862,-3.3814558542471724
187,3,2348.3333333333335,322.0,155,True,-1.1263881719980098,-1.1263881719980098,-2.2527763439960196
188,0,2409.3333333333335,450.0,157,True,-1.278982929471887,-1.278982929471887,-2.557965858943774
188,1,2737.5,358.0,154,True,-1.2951547089268025,-1.2951547089268025,-2.590309417853605
188,2,2558.5000000000005,525.0,158,True,-1.4067648535915072,-1.4067648535915072,-2.8135297071830143
188,3,2778.5,358.0,154,True,-1.3090248036494005,-1.3090248036494005,-2.618049607298801
189,0,2363.666666666667,391.0,156,True,-1.2027093825128228,-1.2027093825128228,-2.4054187650256456
189,1,2330.8333333333335,578.0,159,True,-1.3843855353896088,-1.3843855353896088,-2.7687710707792177
189,2,2450.8333333333335,255.0,154,True,-1.0919912438560517,-1.0919912438560517,-2.1839824877121035
189,3,2805.5,289.0,154,True,-1.247024747848165,-1.247024747848165,-2.49404949569633
190,0,2832.5,342.0,155,True,-1.310797887923217,-1.310797887923217,-2.621595775846434
190,1,2340.166666666667,450.0,157,True,-1.2555841924398639,-1.2555841924398639,-2.5111683848797277
190,2,2435.666666666667,495.0,157,True,-1.3342831168710392,-1.3342831168710392,-2.6685662337420784
190,3,2806.5,289.0,154,True,-1.2473630428413982,-1.2473630428413982,-2.4947260856827964
191,0,2500.666666666667,631.0,160,True,-1.496478476998266,-1.496478476998266,-2.992956953996532
191,1,2546.8333333333335,584.0,159,True,-1.4636428209384837,-1.4636428209384837,-2.9272856418769675
191,2,2386.3333333333335,255.0,154,True,-1.070171216792452,-1.070171216792452,-2.140342433584904
191,3,2403.0,464.0,155,True,-1.29127338420546,-1.29127338420546,-2.58254676841092
192,0,2472.0,464.0,157,True,-1.314615738738614,-1.314615738738614,-2.629231477477228
192,1,2857.0,541.0,158,True,-1.5242407544327101,-1.5242407544327101,-3.0484815088654202
192,2,2384.8333333333335,450.0,157,True,-1.2706947021376522,-1.2706947021376522,-2.5413894042753045
192,3,2768.0,472.0,157,True,-1.4229984794163186,-1.4229984794163186,-2.8459969588326373
193,0,2597.666666666667,466.0,157,True,-1.3591899985584672,-1.3591899985584672,-2.7183799971169345
193,1,2814.5,289.0,154,True,-1.2500694027872712,-1.2500694027872712,-2.5001388055745424
193,2,2351.8333333333335,472.0,157,True,-1.2822113797320616,-1.2822113797320616,-2.564422759464123
193,3,2481.666666666667,466.0,157,True,-1.3199477793433132,-1.3199477793433132,-2.6398955586866264
194,0,2431.166666666667,525.0,158,True,-1.363688624453031,-1.363688624453031,-2.727377248906062
194,1,2759.5,289.0,154,True,-1.2314631781593957,-1.2314631781593957,-2.4629263563187913
194,2,2284.3333333333335,322.0,155,True,-1.1047372924310264,-1.1047372924310264,-2.2094745848620527
194,3,2394.333333333334,450.0,157,True,-1.2739085045733765,-1.2739085045733765,-2.547817009146753
195,0,3703.5,2635.0,190,True,-3.9693703528033155,-3.9693703528033155,-7.938740705606631
195,1,4073.3333333333335,3611.0,208,True,-5.100668684811366,-5.100668684811366,-10.201337369622731
195,2,4057.4999999999995,3280.0,201,True,-4.754075234016435,-4.754075234016435,-9.50815046803287
195,3,3656.6666666666665,2680.0,192,True,-3.999918623197508,-3.999918623197508,-7.999837246395016
196,0,3338.5,1840.0,178,True,-3.026305051406891,-3.026305051406891,-6.052610102813782
196,1,3755.3333333333335,2200.0,185,True,-3.5384517017051955,-3.5384517017051955,-7.076903403410391
196,2,3276.0000000000005,2501.0,190,True,-3.686604913298832,-3.686604913298832,-7.373209826597664
196,3,3464.6666666666665,2011.0,181,True,-3.2452752628470742,-3.2452752628470742,-6.4905505256941485
197,0,3324.1666666666665,1517.0,173,True,-2.6884664657822195,-2.6884664657822195,-5.376932931564439
197,1,3334.3333333333335,1460.0,172,True,-2.6331429116154927,-2.6331429116154927,-5.2662858232309855
197,2,3541.8333333333335,2178.0,185,True,-3.443545308278578,-3.443545308278578,-6.887090616557156
197,3,3178.4999999999995,1696.0,177,True,-2.8237242442420105,-2.8237242442420105,-5.647448488484021
198,0,3058.833333333333,1275.0,170,True,-2.3492209914949624,-2.3492209914949624,-4.698441982989925
198,1,3125.1666666666665,1783.0,178,True,-2.895372566252342,-2.895372566252342,-5.790745132504684
198,2,3692.6666666666665,2137.0,183,True,-3.452303428520944,-3.452303428520944,-6.904606857041888
198,3,3073.3333333333335,1619.0,175,True,-2.708765444154589,-2.708765444154589,-5.417530888309178
199,0,3134.333333333333,1454.0,172,True,-2.5592983459583647,-2.5592983459583647,-5.118596691916729
199,1,2952.5000000000005,1749.0,178,True,-2.8019087510288365,-2.8019087510288365,-5.603817502057673
199,2,2990.3333333333335,1267.0,170,True,-2.317800361778012,-2.317800361778012,-4.635600723556024
199,3,3197.9999999999995,1775.0,178,True,-2.911764295579147,-2.911764295579147,-5.823528591158294
200,0,3135.6666666666665,1041.0,166,True,-2.1339762100730533,-2.1339762100730533,-4.2679524201461065
200,1,3159.333333333333,1460.0,173,True,-2.573941287799527,-2.573941287799527,-5.147882575599054
200,2,3014.333333333333,1082.0,167,True,-2.1351977921310965,-2.1351977921310965,-4.270395584262193
200,3,2913.833333333333,1094.0,166,True,-2.1135702793316864,-2.1135702793316864,-4.227140558663373
201,0,2897.1666666666665,968.0,165,True,-1.9780351222279566,-1.9780351222279566,-3.9560702444559133
201,1,2964.833333333333,952.0,164,True,-1.9844315714093057,-1.9844315714093057,-3.9688631428186114
201,2,3102.0,1131.0,168,True,-2.2153704504554783,-2.2153704504554783,-4.430740900910957
201,3,2800.833333333333,1113.0,168,True,-2.0949305739622144,-2.0949305739622144,-4.189861147924429
202,0,2708.8333333333335,930.0,164,True,-1.8751476407702432,-1.8751476407702432,-3.7502952815404864
202,1,2574.5,802.0,163,True,-1.69774458379253,-1.69774458379253,-3.39548916758506
202,2,2638.0000000000005,749.0,161,True,-1.6645871406051647,-1.6645871406051647,-3.3291742812103293
202,3,2548.8333333333335,720.0,161,True,-1.6045255964919622,-1.6045255964919622,-3.2090511929839245
203,0,2449.5,629.0,160,True,-1.4771071941743508,-1.4771071941743508,-2.9542143883487015
203,1,2469.5,631.0,160,True,-1.4859349497091354,-1.4859349497091354,-2.971869899418271
203,2,2531.5,710.0,160,True,-1.5883525382587225,-1.5883525382587225,-3.176705076517445
203,3,2581.166666666667,576.0,157,True,-1.4670101930257748,-1.4670101930257748,-2.9340203860515497
204,0,2688.666666666667,702.0,159,True,-1.6332738120149362,-1.6332738120149362,-3.2665476240298723
204,1,2527.3333333333335,533.0,158,True,-1.4044687489827903,-1.4044687489827903,-2.8089374979655806
204,2,2482.3333333333335,440.0,156,True,-1.293369185627462,-1.293369185627462,-2.586738371254924
204,3,2604.8333333333335,690.0,161,True,-1.592542281061525,-1.592542281061525,-3.18508456212305
205,0,2485.8333333333335,515.0,158,True,-1.3718728057326461,-1.3718728057326461,-2.7437456114652923
205,1,2494.833333333333,619.0,159,True,-1.4821339555171142,-1.4821339555171142,-2.9642679110342285
205,2,2552.5,629.0,159,True,-1.5119515784774626,-1.5119515784774626,-3.0239031569549253
205,3,2568.1666666666665,667.0,160,True,-1.556426791103423,-1.556426791103423,-3.112853582206846
206,0,2460.1666666666665,576.0,159,True,-1.4260764988444496,-1.4260764988444496,-2.8521529976888993
206,1,2547.5,643.0,158,True,-1.5246930932020137,-1.5246930932020137,-3.0493861864040275
206,2,2605.5000000000005,629.0,160,True,-1.5298812131188708,-1.5298812131188708,-3.0597624262377416
206,3,2540.5,749.0,162,True,-1.6316033787648405,-1.6316033787648405,-3.263206757529681
207,0,2633.3333333333335,621.0,160,True,-1.531049667750141,-1.531049667750141,-3.062099335500282
207,1,2589.5000000000005,749.0,161,True,-1.6481798334333104,-1.6481798334333104,-3.296359666866621
207,2,2525.8333333333335,818.0,163,True,-1.6977757394826298,-1.6977757394826298,-3.3955514789652597
207,3,2508.1666666666665,726.0,160,True,-1.596953833777418,-1.596953833777418,-3.193907667554836
208,0,2401.666666666667,509.0,158,True,-1.3372140767918008,-1.3372140767918008,-2.6744281535836016
208,1,2542.6666666666665,568.0,158,True,-1.4457384131058502,-1.4457384131058502,-2.8914768262117003
208,2,2384.0,450.0,157,True,-1.2704127896432904,-1.2704127896432904,-2.540825579286581
208,3,2399.0,450.0,157,True,-1.2754872145418015,-1.2754872145418015,-2.550974429083603
209,0,2631.666666666667,322.0,155,True,-1.222238420081005,-1.222238420081005,-2.44447684016201
209,1,2466.8333333333335,389.0,156,True,-1.2355482936447053,-1.2355482936447053,-2.4710965872894106
209,2,2413.0,623.0,160,True,-1.4585738599109965,-1.4585738599109965,-2.917147719821993
209,3,2492.666666666667,503.0,158,True,-1.3618133541657949,-1.3618133541657949,-2.7236267083315897
210,0,2403.8333333333335,397.0,156,True,-1.222483131751369,-1.222483131751369,-2.444966263502738
210,1,2523.8333333333335,594.0,159,True,-1.4661713144446151,-1.4661713144446151,-2.9323426288892303
210,2,2299.0,322.0,155,True,-1.1096989523317942,-1.1096989523317942,-2.2193979046635883
210,3,2536.5,517.0,158,True,-1.3910749410599443,-1.3910749410599443,-2.7821498821198887
211,0,2518.8333333333335,517.0,157,True,-1.3850983961794752,-1.3850983961794752,-2.7701967923589503
211,1,2401.1666666666665,517.0,158,True,-1.3452923519755964,-1.3452923519755964,-2.6905847039511928
211,2,2414.8333333333335,639.0,159,True,-1.4756889127594168,-1.4756889127594168,-2.9513778255188337
211,3,2461.8333333333335,255.0,154,True,-1.0957124887816263,-1.0957124887816263,-2.1914249775632526
212,0,2625.666666666667,322.0,155,True,-1.2202086501216005,-1.2202086501216005,-2.440417300243201
212,1,2433.166666666667,525.0,158,True,-1.3643652144395002,-1.3643652144395002,-2.7287304288790004
212,2,2925.5,537.0,157,True,-1.5432902501290393,-1.5432902501290393,-3.0865805002580786
212,3,2353.0,450.0,157,True,-1.2599256448530334,-1.2599256448530334,-2.5198512897060668
213,0,2544.666666666667,450.0,157,True,-1.3247655185562366,-1.3247655185562366,-2.649531037112473
213,1,2446.0000000000005,450.0,157,True,-1.2913870792238038,-1.2913870792238038,-2.5827741584476076
213,2,2491.5,389.0,156,True,-1.2438929034778121,-1.2438929034778121,-2.4877858069556242
213,3,2311.0,322.0,155,True,-1.1137584922506034,-1.1137584922506034,-2.227516984501207
214,0,2419.8333333333335,255.0,154,True,-1.0815040990657945,-1.0815040990657945,-2.163008198131589
214,1,2548.8333333333335,255.0,154,True,-1.1251441531929933,-1.1251441531929933,-2.2502883063859866
214,2,2445.3333333333335,322.0,155,True,-1.1592027863417174,-1.1592027863417174,-2.3184055726834347
214,3,2481.0,525.0,158,True,-1.3805469916158633,-1.3805469916158633,-2.7610939832317265
215,0,2386.0,450.0,157,True,-1.2710893796297582,-1.2710893796297582,-2.5421787592595164
215,1,2485.8333333333335,594.0,159,True,-1.453316104701719,-1.453316104701719,-2.906632209403438
215,2,2516.6666666666665,578.0,159,True,-1.4472520216322786,-1.4472520216322786,-2.8945040432645572
215,3,2311.8333333333335,255.0,154,True,-1.0449682397965112,-1.0449682397965112,-2.0899364795930224
216,0,2403.8333333333335,517.0,158,True,-1.3461944719575538,-1.3461944719575538,-2.6923889439151076
216,1,2411.5000000000005,389.0,156,True,-1.216829304019084,-1.216829304019084,-2.433658608038168
216,2,2323.0,322.0,155,True,-1.1178180321694124,-1.1178180321694124,-2.235636064338825
216,3,2380.3333333333335,448.0,157,True,-1.2671105189979956,-1.2671105189979956,-2.5342210379959913
217,0,2350.8333333333335,450.0,157,True,-1.2591926723676923,-1.2591926723676923,-2.5183853447353846
217,1,2341.666666666667,389.0,156,True,-1.1932050369915688,-1.1932050369915688,-2.3864100739831375
217,2,2435.8333333333335,255.0,154,True,-1.0869168189575404,-1.0869168189575404,-2.173833637915081
217,3,2325.0,450.0,157,True,-1.250453385042478,-1.250453385042478,-2.500906770084956
218,0,2410.333333333333,562.0,159,True,-1.394785141990895,-1.394785141990895,-2.78957028398179
218,1,2363.8333333333335,322.0,155,True,-1.1316317443931385,-1.1316317443931385,-2.263263488786277
218,2,2591.0,509.0,158,True,-1.4012645955107903,-1.4012645955107903,-2.8025291910215806
218,3,2551.5000000000005,196.0,153,True,-1.0652215309069097,-1.0652215309069097,-2.1304430618138195
219,0,2459.8333333333335,539.0,158,True,-1.3878194039497969,-1.3878194039497969,-2.7756388078995937
219,1,2884.5,342.0,155,True,-1.3283892275713904,-1.3283892275713904,-2.656778455142781
219,2,2353.8333333333335,466.0,157,True,-1.276702402708219,-1.276702402708219,-2.553404805416438
219,3,2359.3333333333335,322.0,155,True,-1.1301094169235841,-1.1301094169235841,-2.2602188338471683
220,0,2685.5,409.0,156,True,-1.3301406888662581,-1.3301406888662581,-2.6602813777325163
220,1,2211.8333333333335,322.0,155,True,-1.0802109054215558,-1.0802109054215558,-2.1604218108431117
220,2,2281.3333333333335,322.0,155,True,-1.1037224074513259,-1.1037224074513259,-2.2074448149026518
220,3,2406.8333333333335,466.0,157,True,-1.2946320373496274,-1.2946320373496274,-2.589264074699255
221,0,2291.333333333333,322.0,155,True,-1.1071053573836658,-1.1071053573836658,-2.2142107147673316
221,1,2439.0,450.0,157,True,-1.2890190142711657,-1.2890190142711657,-2.5780380285423314
221,2,2353.8333333333335,466.0,157,True,-1.2767024027082199,-1.2767024027082199,-2.5534048054164398
221,3,2241.3333333333335,322.0,155,True,-1.090190607721961,-1.090190607721961,-2.180381215443922
222,0,2295.333333333333,322.0,155,True,-1.108458537356602,-1.108458537356602,-2.216917074713204
222,1,2443.8333333333335,448.0,157,True,-1.288592251068362,-1.288592251068362,-2.577184502136724
222,2,2403.8333333333335,517.0,158,True,-1.3461944719575534,-1.3461944719575534,-2.6923889439151067
222,3,2375.0,450.0,157,True,-1.2673681347041839,-1.2673681347041839,-2.5347362694083677
223,0,2388.1666666666665,517.0,158,True,-1.3408945170635524,-1.3408945170635524,-2.681789034127105
223,1,2362.8333333333335,517.0,158,True,-1.3323243772349544,-1.3323243772349544,-2.664648754469909
223,2,2439.8333333333335,389.0,156,True,-1.2264143288273832,-1.2264143288273832,-2.4528286576547664
223,3,2288.0,450.0,157,True,-1.237936470292817,-1.237936470292817,-2.475872940585634
224,0,2320.0,450.0,157,True,-1.2487619100763079,-1.2487619100763079,-2.4975238201526158
224,1,2387.1666666666665,578.0,159,True,-1.403442820008462,-1.403442820008462,-2.806885640016924
224,2,2210.8333333333335,322.0,155,True,-1.079872610428321,-1.079872610428321,-2.159745220856642
224,3,2393.8333333333335,517.0,158,True,-1.3428115220252133,-1.3428115220252133,-2.6856230440504265
225,0,2363.333333333333,322.0,155,True,-1.131462596896521,-1.131462596896521,-2.262925193793042
225,1,2400.8333333333335,466.0,157,True,-1.2926022673902218,-1.2926022673902218,-2.5852045347804435
225,2,2434.8333333333335,389.0,156,True,-1.224722853861213,-1.224722853861213,-2.449445707722426
225,3,2351.8333333333335,450.0,157,True,-1.2595309673609265,-1.2595309673609265,-2.519061934721853
226,0,2320.3333333333335,322.0,155,True,-1.1169159121874546,-1.1169159121874546,-2.233831824374909
226,1,2315.5,389.0,156,True,-1.1843529846686094,-1.1843529846686094,-2.3687059693372188
226,2,2406.3333333333335,322.0,155,True,-1.1460092816055873,-1.1460092816055873,-2.2920185632111747
226,3,2456.8333333333335,594.0,159,True,-1.443505549897931,-1.443505549897931,-2.887011099795862
227,0,2833.5,551.0,158,True,-1.5266001004422238,-1.5266001004422238,-3.0532002008844477
227,1,2297.8333333333335,157.0,152,True,-0.9392011820561825,-0.9392011820561825,-1.878402364112365
227,2,2206.3333333333335,322.0,155,True,-1.0783502829587674,-1.0783502829587674,-2.156700565917535
227,3,2275.5,389.0,156,True,-1.1708211849392465,-1.1708211849392465,-2.341642369878493
228,0,2843.5,358.0,155,True,-1.3310139782096162,-1.3310139782096162,-2.6620279564192324
228,1,2500.8333333333335,196.0,153,True,-1.048081251249716,-1.048081251249716,-2.096162502499432
228,2,2524.8333333333335,255.0,154,True,-1.1170250733553753,-1.1170250733553753,-2.2340501467107505
228,3,2351.3333333333335,322.0,155,True,-1.1274030569777118,-1.1274030569777118,-2.2548061139554236
229,0,2403.8333333333335,255.0,154,True,-1.0760913791740487,-1.0760913791740487,-2.1521827583480975
229,1,2569.1666666666665,399.0,156,True,-1.2804764263028423,-1.2804764263028423,-2.5609528526056846
229,2,2862.5,551.0,158,True,-1.5364106552460124,-1.5364106552460124,-3.072821310492025
229,3,2420.5000000000005,448.0,157,True,-1.280698701226232,-1.280698701226232,-2.561397402452464
230,0,2765.5,342.0,155,True,-1.2881321233765328,-1.2881321233765328,-2.5762642467530656
230,1,2872.5,409.0,156,True,-1.3934018526010339,-1.3934018526010339,-2.7868037052020678
230,2,2371.0,509.0,158,True,-1.3268396969992875,-1.3268396969992875,-2.653679393998575
230,3,2823.5,342.0,155,True,-1.3077532329841095,-1.3077532329841095,-2.615506465968219
231,0,2359.333333333333,255.0,154,True,-1.061037251975131,-1.061037251975131,-2.122074503950262
231,1,2437.0,383.0,156,True,-1.2192702593362448,-1.2192702593362448,-2.4385405186724896
231,2,2429.5,322.0,155,True,-1.153846448948844,-1.153846448948844,-2.307692897897688
231,3,2460.0,458.0,157,True,-1.3043706318094945,-1.3043706318094945,-2.608741263618989
232,0,2497.0,509.0,158,True,-1.3694648661467845,-1.3694648661467845,-2.738929732293569
232,1,2604.3333333333335,322.0,155,True,-1.212991690265939,-1.212991690265939,-2.425983380531878
232,2,2606.666666666667,586.0,159,True,-1.48594599370376,-1.48594599370376,-2.97189198740752
232,3,2391.5000000000005,448.0,157,True,-1.2708881464224429,-1.2708881464224429,-2.5417762928448857
233,0,2574.1666666666665,450.0,157,True,-1.334745220856642,-1.334745220856642,-2.669490441713284
233,1,2557.666666666667,527.0,158,True,-1.4085447967672478,-1.4085447967672478,-2.8170895935344955
233,2,3192.5,350.0,155,True,-1.4408315081679046,-1.4408315081679046,-2.8816630163358092
233,3,2427.8333333333335,383.0,156,True,-1.2161692218982645,-1.2161692218982645,-2.432338443796529
234,0,2527.666666666667,399.0,156,True,-1.2664371840836273,-1.2664371840836273,-2.5328743681672545
234,1,2408.333333333333,255.0,154,True,-1.077613706643602,-1.077613706643602,-2.155227413287204
234,2,2443.8333333333335,255.0,154,True,-1.0896231789034128,-1.0896231789034128,-2.1792463578068255
234,3,2396.3333333333335,255.0,154,True,-1.073554166724793,-1.073554166724793,-2.147108333449586
235,0,2549.666666666667,450.0,157,True,-1.3264569935224069,-1.3264569935224069,-2.6529139870448137
235,1,2539.666666666667,399.0,156,True,-1.2704967240024363,-1.2704967240024363,-2.5409934480048726
235,2,2537.1666666666665,450.0,157,True,-1.32222830610698,-1.32222830610698,-2.64445661221396
235,3,2454.333333333333,255.0,154,True,-1.093175276332371,-1.093175276332371,-2.186350552664742
236,0,2496.8333333333335,255.0,154,True,-1.10755281354482,-1.10755281354482,-2.21510562708964
236,1,2463.8333333333335,383.0,156,True,-1.2283478416546925,-1.2283478416546925,-2.456695683309385
236,2,2419.333333333333,255.0,154,True,-1.0813349515691766,-1.0813349515691766,-2.162669903138353
236,3,2424.8333333333335,255.0,154,True,-1.0831955740319648,-1.0831955740319648,-2.1663911480639295
237,0,2372.333333333333,255.0,154,True,-1.0654350868871745,-1.0654350868871745,-2.130870173774349
237,1,2929.5,358.0,155,True,-1.3601073476277499,-1.3601073476277499,-2.7202146952554997
237,2,2534.666666666667,527.0,158,True,-1.4007640119228641,-1.4007640119228641,-2.8015280238457283
237,3,2445.3333333333335,255.0,154,True,-1.0901306213932636,-1.0901306213932636,-2.180261242786527
238,0,2606.666666666667,322.0,155,True,-1.2137810452501525,-1.2137810452501525,-2.427562090500305
238,1,2557.8333333333335,527.0,158,True,-1.408601179266121,-1.408601179266121,-2.817202358532242
238,2,2353.8333333333335,255.0,154,True,-1.0591766295123437,-1.0591766295123437,-2.1183532590246874
238,3,2497.1666666666665,450.0,157,True,-1.3086965063776164,-1.3086965063776164,-2.6173930127552327
239,0,2551.8333333333335,578.0,158,True,-1.4591487288943445,-1.4591487288943445,-2.918297457788689
239,1,2224.8333333333335,322.0,155,True,-1.0846087403335987,-1.0846087403335987,-2.1692174806671973
239,2,2536.666666666667,450.0,157,True,-1.322059158610363,-1.322059158610363,-2.644118317220726
239,3,2435.8333333333335,255.0,154,True,-1.0869168189575396,-1.0869168189575396,-2.173833637915079
240,0,2480.3333333333335,383.0,156,True,-1.2339297090430557,-1.2339297090430557,-2.4678594180861113
240,1,2492.666666666667,525.0,157,True,-1.384493766536929,-1.384493766536929,-2.768987533073858
240,2,2467.3333333333335,255.0,154,True,-1.0975731112444138,-1.0975731112444138,-2.1951462224888276
240,3,2421.8333333333335,383.0,156,True,-1.2141394519388604,-1.2141394519388604,-2.428278903877721
241,0,2432.3333333333335,383.0,156,True,-1.2176915493678189,-1.2176915493678189,-2.4353830987356377
241,1,2566.5000000000005,450.0,157,True,-1.3321516259085138,-1.3321516259085138,-2.6643032518170275
241,2,2537.666666666667,399.0,156,True,-1.2698201340159685,-1.2698201340159685,-2.539640268031937
241,3,2406.3333333333335,383.0,156,True,-1.208895879543732,-1.208895879543732,-2.417791759087464
242,0,2398.3333333333335,255.0,154,True,-1.074230756711261,-1.074230756711261,-2.148461513422522
242,1,2377.8333333333335,255.0,154,True,-1.067295709349962,-1.067295709349962,-2.134591418699924
242,2,2998.5,419.0,156,True,-1.4463363000990472,-1.4463363000990472,-2.8926726001980945
242,3,2403.3333333333335,255.0,154,True,-1.075922231677432,-1.075922231677432,-2.151844463354864
243,0,2520.8333333333335,255.0,154,True,-1.1156718933824386,-1.1156718933824386,-2.231343786764877
243,1,2475.333333333333,383.0,156,True,-1.2322382340768838,-1.2322382340768838,-2.4644764681537676
243,2,2413.3333333333335,255.0,154,True,-1.0793051816097732,-1.0793051816097732,-2.1586103632195464
243,3,2642.666666666667,383.0,156,True,-1.2888462629447253,-1.2888462629447253,-2.5776925258894505
244,0,2299.0,383.0,156,True,-1.1725855502699378,-1.1725855502699378,-2.3451711005398757
244,1,2417.333333333333,255.0,154,True,-1.0806583615827083,-1.0806583615827083,-2.1613167231654167
244,2,2501.0,383.0,156,True,-1.2409211389032269,-1.2409211389032269,-2.4818422778064537
244,3,2329.8333333333335,255.0,154,True,-1.0510575496747248,-1.0510575496747248,-2.1021150993494495
245,0,2526.333333333334,458.0,157,True,-1.32681086636069,-1.32681086636069,-2.65362173272138
245,1,2328.8333333333335,255.0,154,True,-1.050719254681492,-1.050719254681492,-2.101438509362984
245,2,2504.5000000000005,399.0,156,True,-1.2586000167403713,-1.2586000167403713,-2.5172000334807425
245,3,2513.333333333334,458.0,157,True,-1.3224130314486464,-1.3224130314486464,-2.644826062897293
246,0,2288.8333333333335,255.0,154,True,-1.0371874549521276,-1.0371874549521276,-2.074374909904255
246,1,2625.5,409.0,156,True,-1.3098429892722117,-1.3098429892722117,-2.6196859785444233
246,2,2424.0,383.0,156,True,-1.214872424424201,-1.214872424424201,-2.429744848848402
246,3,2452.8333333333335,255.0,154,True,-1.0926678338425198,-1.0926678338425198,-2.1853356676850395
247,0,2363.666666666667,399.0,156,True,-1.2109568051932356,-1.2109568051932356,-2.421913610386471
247,1,2592.1666666666665,450.0,156,True,-1.3408345307348553,-1.3408345307348553,-2.6816690614697105
247,2,2909.5,419.0,156,True,-1.4162280457012122,-1.4162280457012122,-2.8324560914024244
247,3,2409.0,383.0,156,True,-1.2097979995256891,-1.2097979995256891,-2.4195959990513782
248,0,2441.333333333333,383.0,156,True,-1.2207362043069254,-1.2207362043069254,-2.441472408613851
248,1,3203.5,419.0,156,True,-1.5156867737120374,-1.5156867737120374,-3.031373547424075
248,2,2407.333333333333,255.0,154,True,-1.0772754116503676,-1.0772754116503676,-2.154550823300735
248,3,2534.166666666667,450.0,157,True,-1.3212134211272786,-1.3212134211272786,-2.642426842254557
249,0,2849.5,545.0,158,True,-1.525827253323661,-1.525827253323661,-3.051654506647322
249,1,2887.5,545.0,157,True,-1.5386824630665565,-1.5386824630665565,-3.077364926133113
249,2,2818.5,545.0,157,True,-1.515340108533404,-1.515340108533404,-3.030680217066808
249,3,2338.0,450.0,157,True,-1.2548512199545219,-1.2548512199545219,-2.5097024399090437
250,0,2340.0,383.0,156,True,-1.1864556449925356,-1.1864556449925356,-2.3729112899850713
250,1,2888.5,342.0,155,True,-1.3297424075443267,-1.3297424075443267,-2.6594848150886534
250,2,2390.666666666667,458.0,157,True,-1.2809155122785971,-1.2809155122785971,-2.5618310245571942
250,3,3069.5,419.0,156,True,-1.4703552446186678,-1.4703552446186678,-2.9407104892373357
251,0,2256.8333333333335,255.0,154,True,-1.0263620151686357,-1.0263620151686357,-2.0527240303372714
251,1,2895.5,342.0,155,True,-1.3321104724969655,-1.3321104724969655,-2.664220944993931
251,2,3046.5,419.0,156,True,-1.4625744597742838,-1.4625744597742838,-2.9251489195485676
251,3,2426.666666666667,450.0,157,True,-1.2848467093546119,-1.2848467093546119,-2.5696934187092237
252,0,2851.5,476.0,157,True,-1.4553698226915721,-1.4553698226915721,-2.9107396453831442
252,1,2481.5,623.0,160,True,-1.4817470669475332,-1.4817470669475332,-2.9634941338950664
252,2,2276.8333333333335,383.0,156,True,-1.1650866779199158,-1.1650866779199158,-2.3301733558398317
252,3,2335.3333333333335,383.0,156,True,-1.1848769350241106,-1.1848769350241106,-2.3697538700482212
253,0,2478.0,383.0,156,True,-1.2331403540588426,-1.2331403540588426,-2.466280708117685
253,1,2223.8333333333335,255.0,154,True,-1.0151982803919108,-1.0151982803919108,-2.0303965607838217
253,2,2305.333333333333,255.0,154,True,-1.0427693223404901,-1.0427693223404901,-2.0855386446809803
253,3,2395.8333333333335,383.0,156,True,-1.2053437821147739,-1.2053437821147739,-2.4106875642295478
254,0,2443.8333333333335,255.0,154,True,-1.0896231789034132,-1.0896231789034132,-2.1792463578068264
254,1,2527.3333333333335,383.0,156,True,-1.249829573725057,-1.249829573725057,-2.499659147450114
254,2,2235.8333333333335,255.0,154,True,-1.01925782031072,-1.01925782031072,-2.03851564062144
254,3,2358.8333333333335,255.0,154,True,-1.0608681044785147,-1.0608681044785147,-2.1217362089570293
255,0,2871.5,545.0,158,True,-1.5332697431748115,-1.5332697431748115,-3.066539486349623
255,1,2314.8333333333335,255.0,154,True,-1.0459831247762137,-1.0459831247762137,-2.0919662495524274
255,2,2390.1666666666665,450.0,157,True,-1.2724989421015669,-1.2724989421015669,-2.5449978842031338
255,3,2264.3333333333335,255.0,154,True,-1.0288992276178917,-1.0288992276178917,-2.0577984552357833
256,0,2513.3333333333335,255.0,154,True,-1.113134680933183,-1.113134680933183,-2.226269361866366
256,1,2246.8333333333335,322.0,155,True,-1.092051230184749,-1.092051230184749,-2.184102460369498
256,2,2492.5,434.0,157,True,-1.2906229510483658,-1.2906229510483658,-2.5812459020967315
256,3,2605.5,415.0,156,True,-1.3092626564178393,-1.3092626564178393,-2.6185253128356787
257,0,2464.8333333333335,196.0,153,True,-1.0359026314932875,-1.0359026314932875,-2.071805262986575
257,1,2842.0,330.0,154,True,-1.3016405563383229,-1.3016405563383229,-2.6032811126766457
257,2,2821.5,484.0,157,True,-1.4534683955749619,-1.4534683955749619,-2.9069367911499238
257,3,2266.8333333333335,255.0,154,True,-1.0297449651009771,-1.0297449651009771,-2.0594899302019543
258,0,2169.3333333333335,255.0,154,True,-0.9967612032606527,-0.9967612032606527,-1.9935224065213053
258,1,2380.8333333333335,255.0,154,True,-1.0683105943296645,-1.0683105943296645,-2.136621188659329
258,2,2213.8333333333335,322.0,155,True,-1.0808874954080234,-1.0808874954080234,-2.161774990816047
258,3,2293.8333333333335,322.0,155,True,-1.1079510948667517,-1.1079510948667517,-2.2159021897335034
259,0,2185.8333333333335,255.0,154,True,-1.0023430706490155,-1.0023430706490155,-2.004686141298031
259,1,2329.333333333333,450.0,157,True,-1.2519193300131595,-1.2519193300131595,-2.503838660026319
259,2,2408.5000000000005,322.0,155,True,-1.1467422540909282,-1.1467422540909282,-2.2934845081818565
259,3,2256.8333333333335,255.0,154,True,-1.0263620151686361,-1.0263620151686361,-2.0527240303372722
260,0,2856.5,417.0,155,True,-1.3962365553897012,-1.3962365553897012,-2.7924731107794023
260,1,2642.5,417.0,156,True,-1.3238414268376044,-1.3238414268376044,-2.647682853675209
260,2,2307.5,322.0,155,True,-1.112574459774284,-1.112574459774284,-2.225148919548568
260,3,2801.5,342.0,155,True,-1.300310743132959,-1.300310743132959,-2.600621486265918
261,0,2404.666666666667,381.0,156,True,-1.2062701988849052,-1.2062701988849052,-2.4125403977698103
261,1,2296.3333333333335,322.0,154,True,-1.108796832349837,-1.108796832349837,-2.217593664699674
261,2,2331.8333333333335,381.0,156,True,-1.1816310468776887,-1.1816310468776887,-2.3632620937553774
261,3,2159.8333333333335,322.0,155,True,-1.0626195657733823,-1.0626195657733823,-2.1252391315467647
262,0,2329.5,389.0,156,True,-1.1890891145738882,-1.1890891145738882,-2.3781782291477764
262,1,2422.3333333333335,255.0,154,True,-1.08234983654888,-1.08234983654888,-2.16469967309776
262,2,2182.5,448.0,157,True,-1.2001844928365166,-1.2001844928365166,-2.4003689856730333
262,3,2462.6666666666665,515.0,158,True,-1.3640356383893895,-1.3640356383893895,-2.728071276778779
263,0,2683.5000000000005,720.0,160,True,-1.6500826555808203,-1.6500826555808203,-3.3001653111616407
263,1,2459.666666666667,509.0,158,True,-1.3568351863993784,-1.3568351863993784,-2.713670372798757
263,2,2537.8333333333335,568.0,158,True,-1.4441033206385518,-1.4441033206385518,-2.8882066412771037
263,3,2406.333333333333,255.0,154,True,-1.0769371166571335,-1.0769371166571335,-2.153874233314267
264,0,2230.333333333333,322.0,155,True,-1.0864693627963862,-1.0864693627963862,-2.1729387255927723
264,1,2182.8333333333335,255.0,154,True,-1.0013281856693124,-1.0013281856693124,-2.0026563713386247
264,2,2211.8333333333335,383.0,156,True,-1.1430975033597,-1.1430975033597,-2.2861950067194
264,3,2648.666666666667,450.0,157,True,-1.359948197852582,-1.359948197852582,-2.719896395705164
265,0,2348.8333333333335,322.0,155,True,-1.1265573194946272,-1.1265573194946272,-2.2531146389892545
265,1,2405.8333333333335,255.0,154,True,-1.076767969160517,-1.076767969160517,-2.153535938321034
265,2,2392.3333333333335,255.0,154,True,-1.0722009867518567,-1.0722009867518567,-2.1444019735037134
265,3,2509.8333333333335,196.0,153,True,-1.0511259061888218,-1.0511259061888218,-2.1022518123776437
266,0,2318.8333333333335,255.0,154,True,-1.0473363047491502,-1.0473363047491502,-2.0946726094983004
266,1,2483.666666666667,495.0,158,True,-1.3505212765462753,-1.3505212765462753,-2.7010425530925506
266,2,2452.666666666667,330.0,155,True,-1.1699310389725133,-1.1699310389725133,-2.3398620779450265
266,3,2423.0,450.0,157,True,-1.2836062943794209,-1.2836062943794209,-2.5672125887588417
267,0,2399.8333333333335,383.0,156,True,-1.2066969620877097,-1.2066969620877097,-2.4133939241754194
267,1,2283.8333333333335,255.0,154,True,-1.0354959799859569,-1.0354959799859569,-2.0709919599719138
267,2,2343.0,383.0,156,True,-1.187470529972238,-1.187470529972238,-2.374941059944476
267,3,2466.666666666667,495.0,158,True,-1.344770261661296,-1.344770261661296,-2.689540523322592
268,0,2177.8333333333335,255.0,154,True,-0.9996367107031425,-0.9996367107031425,-1.999273421406285
268,1,2349.666666666667,263.0,154,True,-1.0660144897209478,-1.0660144897209478,-2.1320289794418956
268,2,2391.666666666667,330.0,155,True,-1.1492950443852337,-1.1492950443852337,-2.2985900887704673
268,3,2371.1666666666665,517.0,158,True,-1.3351435021785727,-1.3351435021785727,-2.6702870043571454
269,0,2287.0,383.0,156,True,-1.1685260103511284,-1.1685260103511284,-2.3370520207022567
269,1,3011.5,419.0,156,True,-1.4507341350110894,-1.4507341350110894,-2.9014682700221788
269,2,2297.333333333333,383.0,156,True,-1.1720217252812148,-1.1720217252812148,-2.3440434505624297
269,3,2899.5,419.0,156,True,-1.4128450957688703,-1.4128450957688703,-2.8256901915377406
270,0,2450.8333333333335,383.0,156,True,-1.2239500067426503,-1.2239500067426503,-2.4479000134853006
270,1,2552.666666666667,527.0,158,True,-1.406853321801078,-1.406853321801078,-2.813706643602156
270,2,2520.8333333333335,578.0,158,True,-1.4486615841040877,-1.4486615841040877,-2.8973231682081755
270,3,2473.666666666667,564.0,159,True,-1.4182723472324925,-1.4182723472324925,-2.836544694464985
271,0,2240.666666666667,255.0,154,True,-1.0208929127780177,-1.0208929127780177,-2.0417858255560355
271,1,2326.666666666667,383.0,156,True,-1.1819450450827487,-1.1819450450827487,-2.3638900901654973
271,2,2400.8333333333335,383.0,156,True,-1.2070352570809453,-1.2070352570809453,-2.4140705141618906
271,3,2324.333333333333,255.0,154,True,-1.0491969272119375,-1.0491969272119375,-2.098393854423875
272,0,2315.3333333333335,383.0,156,True,-1.1781110351594286,-1.1781110351594286,-2.356222070318857
272,1,2206.8333333333335,255.0,154,True,-1.0094472655069309,-1.0094472655069309,-2.0188945310138617
272,2,2387.1666666666665,399.0,156,True,-1.2189067375342366,-1.2189067375342366,-2.4378134750684732
272,3,2314.8333333333335,255.0,154,True,-1.0459831247762141,-1.0459831247762141,-2.0919662495524283
273,0,2402.0,533.0,158,True,-1.3620691098307833,-1.3620691098307833,-2.7241382196615667
273,1,2163.333333333333,255.0,154,True,-0.9947314333012474,-0.9947314333012474,-1.9894628666024947
273,2,2407.8333333333335,255.0,154,True,-1.077444559146985,-1.077444559146985,-2.15488911829397
273,3,2373.666666666667,495.0,158,True,-1.3133088272905251,-1.3133088272905251,-2.6266176545810502
274,0,2223.8333333333335,383.0,156,True,-1.1471570432785088,-1.1471570432785088,-2.2943140865570175
274,1,2303.8333333333335,383.0,156,True,-1.1742206427372364,-1.1742206427372364,-2.3484412854744727
274,2,3052.5,419.0,156,True,-1.4646042297336879,-1.4646042297336879,-2.9292084594673757
274,3,2886.5,419.0,156,True,-1.4084472608568281,-1.4084472608568281,-2.8168945217136563
275,0,2283.3333333333335,383.0,156,True,-1.1672855953759382,-1.1672855953759382,-2.3345711907518765
275,1,2464.8333333333335,383.0,156,True,-1.2286861366479267,-1.2286861366479267,-2.4573722732958534
275,2,2553.1666666666665,399.0,156,True,-1.2750637064110966,-1.2750637064110966,-2.550127412822193
275,3,2527.3333333333335,324.0,155,True,-1.1890048314570172,-1.1890048314570172,-2.3780096629140344
276,0,2669.5,417.0,156,True,-1.3329753916549245,-1.3329753916549245,-2.665950783309849
276,1,2400.3333333333335,383.0,156,True,-1.2068661095843278,-1.2068661095843278,-2.4137322191686557
276,2,2379.0,383.0,156,True,-1.1996491497286668,-1.1996491497286668,-2.3992982994573335
276,3,2961.5,419.0,156,True,-1.4338193853493844,-1.4338193853493844,-2.8676387706987687
277,0,2308.0,383.0,156,True,-1.1756302052090453,-1.1756302052090453,-2.3512604104180905
277,1,2351.333333333333,255.0,154,True,-1.0583308920292576,-1.0583308920292576,-2.116661784058515
277,2,2287.666666666667,322.0,155,True,-1.1058649424084748,-1.1058649424084748,-2.2117298848169495
277,3,2327.8333333333335,383.0,156,True,-1.1823397225748555,-1.1823397225748555,-2.364679445149711
278,0,2950.5,419.0,156,True,-1.4300981404238093,-1.4300981404238093,-2.8601962808476187
278,1,2388.333333333333,405.0,155,True,-1.2254869820366519,-1.2254869820366519,-2.4509739640733037
278,2,2342.8333333333335,255.0,154,True,-1.0554553845867687,-1.0554553845867687,-2.1109107691735374
278,3,2324.3333333333335,383.0,156,True,-1.1811556900985356,-1.1811556900985356,-2.362311380197071
279,0,2255.8333333333335,383.0,156,True,-1.1579824830619991,-1.1579824830619991,-2.3159649661239983
279,1,3053.5,419.0,156,True,-1.4649425247269219,-1.4649425247269219,-2.9298850494538438
279,2,2558.666666666667,450.0,157,True,-1.3295016484615136,-1.3295016484615136,-2.6590032969230273
279,3,2444.666666666667,255.0,154,True,-1.0899050913977748,-1.0899050913977748,-2.1798101827955496
280,0,2791.0,651.0,160,True,-1.6153153467349293,-1.6153153467349293,-3.2306306934698585
280,1,2798.0,651.0,160,True,-1.6176834116875682,-1.6176834116875682,-3.2353668233751365
280,2,2852.0,523.0,158,True,-1.5039925784356123,-1.5039925784356123,-3.0079851568712246
280,3,2923.666666666667,582.0,159,True,-1.5890617952187631,-1.5890617952187631,-3.1781235904375262
281,0,2760.5,342.0,155,True,-1.2864406484103614,-1.2864406484103614,-2.572881296820723
281,1,2259.333333333333,255.0,154,True,-1.0272077526517212,-1.0272077526517212,-2.0544155053034423
281,2,2254.8333333333335,383.0,156,True,-1.1576441880687667,-1.1576441880687667,-2.3152883761375334
281,3,2154.3333333333335,255.0,154,True,-0.9916867783621409,-0.9916867783621409,-1.9833735567242818
282,0,2338.0,383.0,156,True,-1.185779055006068,-1.185779055006068,-2.371558110012136
282,1,2676.5,417.0,156,True,-1.3353434566075635,-1.3353434566075635,-2.670686913215127
282,2,2710.5,417.0,156,True,-1.3468454863775225,-1.3468454863775225,-2.693690972755045
282,3,2472.666666666667,450.0,157,True,-1.300408279043382,-1.300408279043382,-2.600816558086764
283,0,2593.333333333333,572.0,159,True,-1.467002404103251,-1.467002404103251,-2.934004808206502
283,1,2460.666666666667,509.0,158,True,-1.3571734813926122,-1.3571734813926122,-2.7143469627852244
283,2,2789.5,415.0,156,True,-1.3715089351729135,-1.3715089351729135,-2.743017870345827
283,3,2369.5,389.0,156,True,-1.2026209143032518,-1.2026209143032518,-2.4052418286065036
284,0,2449.0,383.0,156,True,-1.2233297992550527,-1.2233297992550527,-2.4466595985101054
284,1,2660.666666666667,623.0,160,True,-1.5423582532353097,-1.5423582532353097,-3.0847165064706195
284,2,2420.333333333333,255.0,154,True,-1.0816732465624113,-1.0816732465624113,-2.1633464931248225
284,3,2307.8333333333335,383.0,156,True,-1.1755738227101729,-1.1755738227101729,-2.3511476454203457
285,0,2321.666666666667,255.0,154,True,-1.0482948072299798,-1.0482948072299798,-2.0965896144599596
285,1,2234.8333333333335,255.0,154,True,-1.0189195253174854,-1.0189195253174854,-2.037839050634971
285,2,2868.5,419.0,155,True,-1.4023579509786133,-1.4023579509786133,-2.8047159019572265
285,3,2384.8333333333335,511.0,158,True,-1.3335813000757972,-1.3335813000757972,-2.6671626001515945
286,0,2373.8333333333335,383.0,156,True,-1.1979012922636232,-1.1979012922636232,-2.3958025845272464
286,1,2329.3333333333335,383.0,156,True,-1.1828471650647063,-1.1828471650647063,-2.3656943301294127
286,2,2266.8333333333335,383.0,156,True,-1.1617037279875746,-1.1617037279875746,-2.323407455975149
286,3,2280.333333333333,255.0,154,True,-1.0343119475096367,-1.0343119475096367,-2.0686238950192735
287,0,2483.0,383.0,156,True,-1.2348318290250129,-1.2348318290250129,-2.4696636580500257
287,1,2253.3333333333335,255.0,154,True,-1.025177982692317,-1.025177982692317,-2.050355965384634
287,2,3104.0,474.0,157,True,-1.538727452813078,-1.538727452813078,-3.077454905626156
287,3,2218.333333333333,255.0,154,True,-1.013337657929123,-1.013337657929123,-2.026675315858246
288,0,2322.666666666667,330.0,155,True,-1.1259526898520802,-1.1259526898520802,-2.2519053797041604
288,1,2165.333333333333,255.0,154,True,-0.9954080232877154,-0.9954080232877154,-1.9908160465754308
288,2,2366.666666666667,330.0,155,True,-1.1408376695543803,-1.1408376695543803,-2.2816753391087605
288,3,2248.333333333333,255.0,154,True,-1.0234865077261457,-1.0234865077261457,-2.0469730154522914
289,0,2464.666666666667,450.0,157,True,-1.2977019190975088,-1.2977019190975088,-2.5954038381950175
289,1,2215.8333333333335,255.0,154,True,-1.0124919204460385,-1.0124919204460385,-2.024983840892077
289,2,2197.3333333333335,255.0,154,True,-1.0062334630712073,-1.0062334630712073,-2.0124669261424146
289,3,2244.333333333333,255.0,154,True,-1.0221333277532096,-1.0221333277532096,-2.0442666555064193
290,0,2367.333333333333,255.0,154,True,-1.0637436119210035,-1.0637436119210035,-2.127487223842007
290,1,2229.333333333333,255.0,154,True,-1.0170589028546981,-1.0170589028546981,-2.0341178057093963
290,2,2164.8333333333335,255.0,154,True,-0.9952388757910988,-0.9952388757910988,-1.9904777515821976
290,3,2202.8333333333335,255.0,154,True,-1.008094085533995,-1.008094085533995,-2.01618817106799
291,0,2256.3333333333335,255.0,154,True,-1.0261928676720193,-1.0261928676720193,-2.0523857353440387
291,1,2225.3333333333335,255.0,154,True,-1.015705722881762,-1.015705722881762,-2.031411445763524
291,2,2173.8333333333335,255.0,154,True,-0.9982835307302058,-0.9982835307302058,-1.9965670614604116
291,3,2311.8333333333335,255.0,154,True,-1.0449682397965112,-1.0449682397965112,-2.0899364795930224
292,0,2455.3333333333335,255.0,154,True,-1.0935135713256048,-1.0935135713256048,-2.1870271426512096
292,1,2431.8333333333335,383.0,156,True,-1.217522401871201,-1.217522401871201,-2.435044803742402
292,2,2187.8333333333335,255.0,154,True,-1.0030196606354833,-1.0030196606354833,-2.0060393212709666
292,3,2428.8333333333335,255.0,154,True,-1.0845487540049015,-1.0845487540049015,-2.169097508009803
293,0,2348.8333333333335,383.0,156,True,-1.189443917432771,-1.189443917432771,-2.378887834865542
293,1,2263.3333333333335,255.0,154,True,-1.0285609326246579,-1.0285609326246579,-2.0571218652493157
293,2,2209.3333333333335,255.0,154,True,-1.0102930029900168,-1.0102930029900168,-2.0205860059800336
293,3,2391.333333333333,383.0,156,True,-1.2038214546452204,-1.2038214546452204,-2.407642909290441
294,0,2308.333333333333,255.0,154,True,-1.0437842073201924,-1.0437842073201924,-2.087568414640385
294,1,2216.8333333333335,255.0,154,True,-1.0128302154392723,-1.0128302154392723,-2.0256604308785446
294,2,2232.3333333333335,255.0,154,True,-1.018073787834401,-1.018073787834401,-2.036147575668802
294,3,2378.8333333333335,255.0,154,True,-1.067634004343196,-1.067634004343196,-2.135268008686392
295,0,2239.3333333333335,255.0,154,True,-1.020441852787039,-1.020441852787039,-2.040883705574078
295,1,2167.8333333333335,255.0,154,True,-0.9962537607708011,-0.9962537607708011,-1.9925075215416022
295,2,2417.666666666667,399.0,156,True,-1.2292247348278764,-1.2292247348278764,-2.458449469655753
295,3,2219.3333333333335,255.0,154,True,-1.0136759529223573,-1.0136759529223573,-2.0273519058447147
296,0,2285.333333333333,255.0,154,True,-1.036003422475808,-1.036003422475808,-2.072006844951616
296,1,2253.8333333333335,255.0,154,True,-1.0253471301889343,-1.0253471301889343,-2.0506942603778686
296,2,2258.8333333333335,255.0,154,True,-1.0270386051551037,-1.0270386051551037,-2.0540772103102074
296,3,2328.333333333333,255.0,154,True,-1.0505501071848737,-1.0505501071848737,-2.1011002143697475
297,0,2355.666666666667,255.0,154,True,-1.05979683699994,-1.05979683699994,-2.11959367399988
297,1,2451.8333333333335,255.0,154,True,-1.092329538849285,-1.092329538849285,-2.18465907769857
297,2,2241.333333333333,383.0,156,True,-1.1530772056601057,-1.1530772056601057,-2.3061544113202115
297,3,2475.666666666667,450.0,157,True,-1.3014231640230831,-1.3014231640230831,-2.6028463280461662
298,0,2488.666666666667,450.0,156,True,-1.3058209989351262,-1.3058209989351262,-2.6116419978702523
298,1,2430.1666666666665,450.0,157,True,-1.2860307418309314,-1.2860307418309314,-2.5720614836618627
298,2,2243.333333333333,383.0,156,True,-1.153753795646573,-1.153753795646573,-2.307507591293146
298,3,2318.666666666667,255.0,154,True,-1.0472799222502778,-1.0472799222502778,-2.0945598445005555
299,0,2245.3333333333335,383.0,156,True,-1.154430385633041,-1.154430385633041,-2.308860771266082
299,1,2223.8333333333335,255.0,154,True,-1.015198280391911,-1.015198280391911,-2.030396560783822
299,2,2430.166666666667,399.0,156,True,-1.2334534222433027,-1.2334534222433027,-2.4669068444866054
299,3,2362.8333333333335,383.0,156,True,-1.1941800473380484,-1.1941800473380484,-2.388360094676097
300,0,2543.666666666667,586.0,159,True,-1.464633409130012,-1.464633409130012,-2.929266818260024
300,1,2438.8333333333335,578.0,159,True,-1.4209213946588914,-1.4209213946588914,-2.841842789317783
300,2,2395.0,383.0,156,True,-1.205061869620411,-1.205061869620411,-2.410123739240822
300,3,2367.0,383.0,156,True,-1.1955896098098568,-1.1955896098098568,-2.3911792196197137
301,0,2385.8333333333335,255.0,154,True,-1.0700020692958345,-1.0700020692958345,-2.140004138591669
301,1,2530.666666666667,450.0,157,True,-1.320029388650959,-1.320029388650959,-2.640058777301918
301,2,2464.0,533.0,158,True,-1.3830433994112967,-1.3830433994112967,-2.7660867988225935
301,3,2496.666666666667,450.0,157,True,-1.3085273588809991,-1.3085273588809991,-2.6170547177619983
302,0,2482.0,383.0,156,True,-1.2344935340317782,-1.2344935340317782,-2.4689870680635564
302,1,2304.333333333333,255.0,154,True,-1.042431027347256,-1.042431027347256,-2.084862054694512
302,2,2337.333333333333,255.0,154,True,-1.0535947621239807,-1.0535947621239807,-2.1071895242479615
302,3,2387.666666666667,399.0,156,True,-1.2190758850308538,-1.2190758850308538,-2.4381517700617077
303,0,2309.3333333333335,389.0,156,True,-1.1822668322103336,-1.1822668322103336,-2.364533664420667
303,1,2231.833333333333,194.0,153,True,-0.9550180423996391,-0.9550180423996391,-1.9100360847992781
303,2,2306.833333333333,194.0,153,True,-0.9803901668921965,-0.9803901668921965,-1.960780333784393
303,3,2202.8333333333335,322.0,155,True,-1.0771662504824486,-1.0771662504824486,-2.1543325009648973
304,0,2221.8333333333335,322.0,155,True,-1.0835938553538957,-1.0835938553538957,-2.1671877107077915
304,1,2358.0,383.0,156,True,-1.1925449548707499,-1.1925449548707499,-2.3850899097414997
304,2,2387.666666666667,263.0,154,True,-1.0788696994638434,-1.0788696994638434,-2.1577393989276867
304,3,2276.8333333333335,322.0,155,True,-1.1022000799817715,-1.1022000799817715,-2.204400159963543
305,0,2486.333333333333,255.0,154,True,-1.1040007161158616,-1.1040007161158616,-2.208001432231723
305,1,2504.3333333333335,533.0,158,True,-1.3966879641384058,-1.3966879641384058,-2.7933759282768116
305,2,2234.0,389.0,156,True,-1.156781942720031,-1.156781942720031,-2.313563885440062
305,3,2249.8333333333335,255.0,154,True,-1.0239939502159976,-1.0239939502159976,-2.047987900431995
306,0,2275.3333333333335,255.0,154,True,-1.0326204725434671,-1.0326204725434671,-2.0652409450869342
306,1,2260.8333333333335,255.0,154,True,-1.0277151951415726,-1.0277151951415726,-2.0554303902831452
306,2,2375.333333333333,255.0,154,True,-1.0664499718668765,-1.0664499718668765,-2.132899943733753
306,3,2331.3333333333335,322.0,155,True,-1.1206371571130305,-1.1206371571130305,-2.241274314226061
307,0,2404.8333333333335,527.0,158,True,-1.3568420453013035,-1.3568420453013035,-2.713684090602607
307,1,2440.666666666667,399.0,156,True,-1.2370055196722605,-1.2370055196722605,-2.474011039344521
307,2,2414.6666666666665,511.0,158,True,-1.3436737673739467,-1.3436737673739467,-2.6873475347478935
307,3,2443.1666666666665,527.0,158,True,-1.3698100200419439,-1.3698100200419439,-2.7396200400838877
308,0,2270.333333333333,255.0,154,True,-1.0309289975772966,-1.0309289975772966,-2.0618579951545932
308,1,2234.8333333333335,255.0,154,True,-1.0189195253174852,-1.0189195253174852,-2.0378390506349704
308,2,2301.0,383.0,156,True,-1.1732621402564067,-1.1732621402564067,-2.3465242805128135
308,3,2425.6666666666665,511.0,158,True,-1.3473950122995222,-1.3473950122995222,-2.6947900245990444
309,0,2437.5000000000005,399.0,156,True,-1.2359342521936867,-1.2359342521936867,-2.4718685043873734
309,1,2330.8333333333335,255.0,154,True,-1.0513958446679594,-1.0513958446679594,-2.102791689335919
309,2,2306.8333333333335,255.0,154,True,-1.0432767648303414,-1.0432767648303414,-2.0865535296606827
309,3,2339.8333333333335,255.0,154,True,-1.0544404996070662,-1.0544404996070662,-2.1088809992141324
310,0,2435.0,383.0,156,True,-1.218593669349776,-1.218593669349776,-2.437187338699552
310,1,2342.333333333333,383.0,156,True,-1.1872449999767491,-1.1872449999767491,-2.3744899999534983
310,2,2299.666666666667,255.0,154,True,-1.0408523173788304,-1.0408523173788304,-2.081704634757661
310,3,2318.666666666667,255.0,154,True,-1.047279922250278,-1.047279922250278,-2.094559844500556
311,0,2166.3333333333335,255.0,154,True,-0.9957463182809502,-0.9957463182809502,-1.9914926365619003
311,1,2270.666666666667,255.0,154,True,-1.031041762575041,-1.031041762575041,-2.062083525150082
311,2,2276.8333333333335,383.0,156,True,-1.1650866779199158,-1.1650866779199158,-2.3301733558398317
311,3,2427.8333333333335,511.0,158,True,-1.3481279847848633,-1.3481279847848633,-2.6962559695697266
312,0,2268.333333333333,255.0,154,True,-1.030252407590828,-1.030252407590828,-2.060504815181656
312,1,2224.333333333333,255.0,154,True,-1.0153674278885276,-1.0153674278885276,-2.0307348557770553
312,2,2320.0,383.0,156,True,-1.1796897451278554,-1.1796897451278554,-2.359379490255711
312,3,2190.3333333333335,255.0,154,True,-1.0038653981185681,-1.0038653981185681,-2.0077307962371362
313,0,2308.8333333333335,255.0,154,True,-1.0439533548168094,-1.0439533548168094,-2.087906709633619
313,1,2279.3333333333335,255.0,154,True,-1.033973652516404,-1.033973652516404,-2.067947305032808
313,2,2321.8333333333335,255.0,154,True,-1.0483511897288533,-1.0483511897288533,-2.0967023794577067
313,3,2287.0,383.0,156,True,-1.1685260103511286,-1.1685260103511286,-2.337052020702257
314,0,2374.0,261.0,153,True,-1.0721844788862067,-1.0721844788862067,-2.1443689577724134
314,1,2793.5,342.0,155,True,-1.2976043831870865,-1.2976043831870865,-2.595208766374173
314,2,2774.5,342.0,155,True,-1.291176778315639,-1.291176778315639,-2.582353556631278
314,3,2254.666666666667,255.0,154,True,-1.025629042683295,-1.025629042683295,-2.05125808536659
315,0,2199.5,322.0,155,True,-1.076038600505001,-1.076038600505001,-2.152077201010002
315,1,2818.5,342.0,155,True,-1.3060617580179394,-1.3060617580179394,-2.612123516035879
315,2,2272.3333333333335,255.0,154,True,-1.0316055875637649,-1.0316055875637649,-2.0632111751275297
315,3,2364.8333333333335,322.0,155,True,-1.1319700393863719,-1.1319700393863719,-2.2639400787727437
316,0,2285.8333333333335,383.0,156,True,-1.1681313328590228,-1.1681313328590228,-2.3362626657180456
316,1,2642.5,342.0,155,True,-1.2465218392087383,-1.2465218392087383,-2.4930436784174765
316,2,2298.3333333333335,383.0,156,True,-1.1723600202744489,-1.1723600202744489,-2.3447200405488977
316,3,2195.8333333333335,255.0,154,True,-1.0057260205813556,-1.0057260205813556,-2.0114520411627113
317,0,2261.8333333333335,255.0,154,True,-1.0280534901348068,-1.0280534901348068,-2.0561069802696137
317,1,2351.1666666666665,450.0,157,True,-1.2593054373654367,-1.2593054373654367,-2.5186108747308733
317,2,2240.8333333333335,255.0,154,True,-1.0209492952768904,-1.0209492952768904,-2.0418985905537808
317,3,2219.3333333333335,255.0,154,True,-1.0136759529223573,-1.0136759529223573,-2.0273519058447147
318,0,2193.8333333333335,255.0,154,True,-1.0050494305948876,-1.0050494305948876,-2.010098861189775
318,1,2202.8333333333335,255.0,154,True,-1.0080940855339946,-1.0080940855339946,-2.016188171067989
318,2,2273.666666666667,255.0,154,True,-1.0320566475547426,-1.0320566475547426,-2.064113295109485
318,3,2327.0,383.0,156,True,-1.182057810080493,-1.182057810080493,-2.364115620160986
319,0,2394.0,405.0,156,True,-1.2274039869983124,-1.2274039869983124,-2.454807973996625
319,1,2287.333333333333,255.0,154,True,-1.0366800124622764,-1.0366800124622764,-2.0733600249245527
319,2,2364.0,383.0,156,True,-1.1945747248301548,-1.1945747248301548,-2.3891494496603096
319,3,2453.333333333333,533.0,158,True,-1.3794349194834667,-1.3794349194834667,-2.7588698389669335
320,0,2869.5,342.0,155,True,-1.3233148026728785,-1.3233148026728785,-2.646629605345757
320,1,2230.3333333333335,255.0,154,True,-1.0173971978479328,-1.0173971978479328,-2.0347943956958656
320,2,2282.5,322.0,155,True,-1.1041170849434314,-1.1041170849434314,-2.208234169886863
320,3,2448.8333333333335,255.0,154,True,-1.091314653869583,-1.091314653869583,-2.182629307739166
321,0,2277.8333333333335,255.0,154,True,-1.0334662100265517,-1.0334662100265517,-2.0669324200531034
321,1,3057.5,419.0,156,True,-1.466295704699858,-1.466295704699858,-2.932591409399716
321,2,2278.8333333333335,383.0,156,True,-1.1657632679063847,-1.1657632679063847,-2.3315265358127695
321,3,2388.333333333333,255.0,154,True,-1.0708478067789202,-1.0708478067789202,-2.1416956135578404
322,0,2612.666666666667,322.0,155,True,-1.2158108152095577,-1.2158108152095577,-2.4316216304191154
322,1,2338.0,383.0,156,True,-1.1857790550060678,-1.1857790550060678,-2.3715581100121357
322,2,2409.1666666666665,450.0,156,True,-1.278926546973015,-1.278926546973015,-2.55785309394603
322,3,2789.5,342.0,155,True,-1.29625120321415,-1.29625120321415,-2.5925024064283
323,0,2735.5,417.0,156,True,-1.355302861208375,-1.355302861208375,-2.71060572241675
323,1,2484.8333333333335,255.0,154,True,-1.1034932736260106,-1.1034932736260106,-2.206986547252021
323,2,2372.333333333333,255.0,154,True,-1.0654350868871743,-1.0654350868871743,-2.1308701737743485
323,3,2199.333333333333,255.0,154,True,-1.0069100530576751,-1.0069100530576751,-2.0138201061153502
324,0,2231.8333333333335,255.0,154,True,-1.0179046403377836,-1.0179046403377836,-2.035809280675567
324,1,2221.3333333333335,255.0,154,True,-1.0143525429088254,-1.0143525429088254,-2.0287050858176507
324,2,2272.3333333333335,383.0,156,True,-1.163564350450363,-1.163564350450363,-2.327128700900726
324,3,2296.333333333333,255.0,154,True,-1.0397246674013825,-1.0397246674013825,-2.079449334802765
325,0,2197.8333333333335,255.0,154,True,-1.0064026105678245,-1.0064026105678245,-2.012805221135649
325,1,2368.0,383.0,156,True,-1.1959279048030909,-1.1959279048030909,-2.3918558096061817
325,2,2212.8333333333335,255.0,154,True,-1.0114770354663363,-1.0114770354663363,-2.0229540709326725
325,3,2347.333333333333,405.0,156,True,-1.211616887314054,-1.211616887314054,-2.423233774628108
326,0,2181.3333333333335,255.0,154,True,-1.0008207431794613,-1.0008207431794613,-2.0016414863589227
326,1,2847.5,342.0,155,True,-1.315872312821728,-1.315872312821728,-2.631744625643456
326,2,2884.5,342.0,155,True,-1.32838922757139,-1.32838922757139,-2.65677845514278
326,3,2490.3333333333335,255.0,154,True,-1.1053538960887983,-1.1053538960887983,-2.2107077921775966
327,0,2369.5,383.0,156,True,-1.1964353472929419,-1.1964353472929419,-2.3928706945858838
327,1,2253.333333333333,255.0,154,True,-1.0251779826923164,-1.0251779826923164,-2.050355965384633
327,2,2289.666666666667,255.0,154,True,-1.0374693674464883,-1.0374693674464883,-2.0749387348929766
327,3,2226.333333333333,255.0,154,True,-1.0160440178749954,-1.0160440178749954,-2.032088035749991
328,0,2766.5,342.0,155,True,-1.2884704183697664,-1.2884704183697664,-2.576940836739533
328,1,2249.8333333333335,383.0,156,True,-1.1559527131025953,-1.1559527131025953,-2.3119054262051906
328,2,2267.3333333333335,255.0,154,True,-1.0299141125975941,-1.0299141125975941,-2.0598282251951883
328,3,2158.8333333333335,255.0,154,True,-0.9932091058316943,-0.9932091058316943,-1.9864182116633886
329,0,2593.0000000000005,383.0,156,True,-1.272044278280764,-1.272044278280764,-2.544088556561528
329,1,2582.666666666667,527.0,158,True,-1.417002171598101,-1.417002171598101,-2.834004343196202
329,2,2442.3333333333335,255.0,154,True,-1.089115736413561,-1.089115736413561,-2.178231472827122
329,3,2438.666666666667,450.0,157,True,-1.2889062492734213,-1.2889062492734213,-2.5778124985468427
330,0,2419.0,383.0,156,True,-1.21318094945803,-1.21318094945803,-2.42636189891606
330,1,2248.8333333333335,255.0,154,True,-1.0236556552227638,-1.0236556552227638,-2.0473113104455276
330,2,2318.666666666667,255.0,154,True,-1.047279922250278,-1.047279922250278,-2.094559844500556
330,3,2188.8333333333335,255.0,154,True,-1.003357955628717,-1.003357955628717,-2.006715911257434
331,0,2264.8333333333335,255.0,154,True,-1.029068375114509,-1.029068375114509,-2.058136750229018
331,1,2253.3333333333335,255.0,154,True,-1.0251779826923166,-1.0251779826923166,-2.0503559653846333
331,2,2764.5,342.0,155,True,-1.2877938283832988,-1.2877938283832988,-2.5755876567665976
331,3,2343.333333333333,383.0,156,True,-1.1875832949699838,-1.1875832949699838,-2.3751665899399677
332,0,2296.3333333333335,255.0,154,True,-1.0397246674013834,-1.0397246674013834,-2.0794493348027667
332,1,2181.8333333333335,255.0,154,True,-1.000989890676079,-1.000989890676079,-2.001979781352158
332,2,2332.8333333333335,383.0,156,True,-1.1840311975410251,-1.1840311975410251,-2.3680623950820503
332,3,2355.3333333333335,383.0,156,True,-1.1916428348887926,-1.1916428348887926,-2.3832856697775853
333,0,2272.8333333333335,255.0,154,True,-1.031774735060382,-1.031774735060382,-2.063549470120764
333,1,2439.666666666667,399.0,156,True,-1.2366672246790262,-1.2366672246790262,-2.4733344493580525
333,2,2381.3333333333335,383.0,156,True,-1.2004385047128803,-1.2004385047128803,-2.4008770094257605
333,3,2341.333333333333,383.0,156,True,-1.1869067049835147,-1.1869067049835147,-2.3738134099670294
334,0,2299.8333333333335,383.0,156,True,-1.1728674627643005,-1.1728674627643005,-2.345734925528601
334,1,2221.333333333333,255.0,154,True,-1.0143525429088256,-1.0143525429088256,-2.028705085817651
334,2,2795.5,342.0,155,True,-1.2982809731735563,-1.2982809731735563,-2.5965619463471126
334,3,2312.333333333333,383.0,156,True,-1.1770961501797261,-1.1770961501797261,-2.3541923003594523
335,0,2238.333333333333,255.0,154,True,-1.020103557793805,-1.020103557793805,-2.04020711558761
335,1,2279.166666666667,324.0,155,True,-1.105051290636088,-1.105051290636088,-2.210102581272176
335,2,2218.8333333333335,255.0,154,True,-1.01350680542574,-1.01350680542574,-2.02701361085148
335,3,2163.3333333333335,255.0,154,True,-0.9947314333012474,-0.9947314333012474,-1.9894628666024947
336,0,2263.666666666667,322.0,155,True,-1.0977458625708556,-1.0977458625708556,-2.195491725141711
336,1,2265.8333333333335,383.0,156,True,-1.1613654329943417,-1.1613654329943417,-2.3227308659886834
336,2,2175.8333333333335,255.0,154,True,-0.9989601207166741,-0.9989601207166741,-1.9979202414333481
336,3,2332.8333333333335,255.0,154,True,-1.052072434654428,-1.052072434654428,-2.104144869308856
337,0,2470.333333333333,255.0,154,True,-1.0985879962241163,-1.0985879962241163,-2.1971759924482326
337,1,2412.0,383.0,156,True,-1.2108128845053916,-1.2108128845053916,-2.421625769010783
337,2,2520.8333333333335,511.0,158,True,-1.3795894191556353,-1.3795894191556353,-2.7591788383112705
337,3,2375.8333333333335,383.0,156,True,-1.1985778822500925,-1.1985778822500925,-2.397155764500185
338,0,2394.0,383.0,156,True,-1.2047235746271776,-1.2047235746271776,-2.409447149254355
338,1,2290.8333333333335,383.0,156,True,-1.1698228078251933,-1.1698228078251933,-2.3396456156503866
338,2,2343.8333333333335,450.0,157,True,-1.2568246074150546,-1.2568246074150546,-2.5136492148301093
338,3,2338.8333333333335,383.0,156,True,-1.1860609675004297,-1.1860609675004297,-2.3721219350008593
339,0,2309.0,383.0,156,True,-1.1759685002022786,-1.1759685002022786,-2.351937000404557
339,1,2187.3333333333335,255.0,154,True,-1.002850513138866,-1.002850513138866,-2.005701026277732
339,2,2738.5,417.0,156,True,-1.3563177461880784,-1.3563177461880784,-2.712635492376157
339,3,2326.8333333333335,383.0,156,True,-1.1820014275816197,-1.1820014275816197,-2.3640028551632395
340,0,2180.333333333333,255.0,154,True,-1.0004824481862271,-1.0004824481862271,-2.0009648963724542
340,1,2411.8333333333335,255.0,154,True,-1.0787977391199213,-1.0787977391199213,-2.1575954782398425
340,2,2444.8333333333335,255.0,154,True,-1.089961473896647,-1.089961473896647,-2.179922947793294
340,3,2411.333333333333,383.0,156,True,-1.2105873545099017,-1.2105873545099017,-2.4211747090198035
341,0,2272.333333333333,255.0,154,True,-1.031605587563764,-1.031605587563764,-2.063211175127528
341,1,2268.8333333333335,255.0,154,True,-1.0304215550874456,-1.0304215550874456,-2.060843110174891
341,2,2237.333333333333,255.0,154,True,-1.019765262800571,-1.019765262800571,-2.039530525601142
341,3,2201.8333333333335,255.0,154,True,-1.0077557905407613,-1.0077557905407613,-2.0155115810815225
342,0,2170.8333333333335,255.0,154,True,-0.9972686457505034,-0.9972686457505034,-1.994537291501007
342,1,2221.8333333333335,255.0,154,True,-1.0145216904054424,-1.0145216904054424,-2.0290433808108848
342,2,2260.3333333333335,255.0,154,True,-1.0275460476449556,-1.0275460476449556,-2.055092095289911
342,3,2247.0,383.0,156,True,-1.1549942106217645,-1.1549942106217645,-2.309988421243529
343,0,2276.3333333333335,383.0,156,True,-1.1649175304232993,-1.1649175304232993,-2.3298350608465985
343,1,2146.8333333333335,255.0,154,True,-0.989149565912885,-0.989149565912885,-1.97829913182577
343,2,2184.8333333333335,255.0,154,True,-1.0020047756557804,-1.0020047756557804,-2.0040095513115608
343,3,2275.0,383.0,156,True,-1.16446647043232,-1.16446647043232,-2.32893294086464
344,0,2402.3333333333335,383.0,156,True,-1.2075426995707959,-1.2075426995707959,-2.4150853991415917
344,1,2162.8333333333335,255.0,154,True,-0.9945622858046304,-0.9945622858046304,-1.9891245716092607
344,2,2122.8333333333335,255.0,154,True,-0.981030486075267,-0.981030486075267,-1.962060972150534
344,3,2271.8333333333335,383.0,156,True,-1.163395202953746,-1.163395202953746,-2.326790405907492
345,0,2142.8333333333335,255.0,154,True,-0.9877963859399487,-0.9877963859399487,-1.9755927718798973
345,1,2137.8333333333335,255.0,154,True,-0.9861049109737774,-0.9861049109737774,-1.9722098219475548
345,2,2079.8333333333335,255.0,154,True,-0.9664838013661999,-0.9664838013661999,-1.9329676027323999
345,3,2122.3333333333335,255.0,154,True,-0.9808613385786492,-0.9808613385786492,-1.9617226771572984
346,0,2322.1666666666665,399.0,156,True,-1.1969175629740199,-1.1969175629740199,-2.3938351259480397
346,1,2165.333333333333,255.0,154,True,-0.9954080232877157,-0.9954080232877157,-1.9908160465754314
346,2,2214.3333333333335,255.0,154,True,-1.011984477956187,-1.011984477956187,-2.023968955912374
346,3,2196.3333333333335,255.0,154,True,-1.0058951680779733,-1.0058951680779733,-2.0117903361559466
347,0,2389.8333333333335,511.0,158,True,-1.3352727750419668,-1.3352727750419668,-2.6705455500839337
347,1,2117.8333333333335,255.0,154,True,-0.9793390111090962,-0.9793390111090962,-1.9586780222181923
347,2,2872.5,342.0,155,True,-1.3243296876525814,-1.3243296876525814,-2.648659375305163
347,3,2143.8333333333335,255.0,154,True,-0.9881346809331831,-0.9881346809331831,-1.9762693618663663
348,0,2216.333333333333,255.0,154,True,-1.0126610679426546,-1.0126610679426546,-2.0253221358853093
348,1,2317.333333333333,255.0,154,True,-1.0468288622592985,-1.0468288622592985,-2.093657724518597
348,2,2336.5,322.0,155,True,-1.1223850145780725,-1.1223850145780725,-2.244770029156145
348,3,2118.8333333333335,255.0,154,True,-0.9796773061023302,-0.9796773061023302,-1.9593546122046603
349,0,2191.8333333333335,255.0,154,True,-1.0043728406084191,-1.0043728406084191,-2.0087456812168383
349,1,2170.333333333333,255.0,154,True,-0.9970994982538856,-0.9970994982538856,-1.994198996507771
349,2,2391.8333333333335,314.0,155,True,-1.13285658152328,-1.13285658152328,-2.26571316304656
349,3,2434.3333333333335,383.0,156,True,-1.2183681393542871,-1.2183681393542871,-2.4367362787085742
350,0,2963.0,923.0,164,True,-1.953914456705215,-1.953914456705215,-3.90782891341043
350,1,2889.166666666667,909.0,164,True,-1.9145040200140435,-1.9145040200140435,-3.829008040028087
350,2,2854.0,602.0,159,True,-1.5861124673911522,-1.5861124673911522,-3.1722249347823044
350,3,2987.0,669.0,160,True,-1.700177866439742,-1.700177866439742,-3.400355732879484
351,0,2806.5,419.0,156,True,-1.381383661398101,-1.381383661398101,-2.762767322796202
351,1,2363.0,383.0,156,True,-1.1942364298369204,-1.1942364298369204,-2.3884728596738407
351,2,2682.5,417.0,156,True,-1.3373732265669689,-1.3373732265669689,-2.6747464531339378
351,3,2686.5,409.0,156,True,-1.3304789838594926,-1.3304789838594926,-2.660957967718985
352,0,2215.3333333333335,255.0,154,True,-1.012322772949421,-1.012322772949421,-2.024645545898842
352,1,2745.5,417.0,156,True,-1.3586858111407165,-1.3586858111407165,-2.717371622281433
352,2,2505.3333333333335,255.0,154,True,-1.11042832098731,-1.11042832098731,-2.22085664197462
352,3,2815.5,342.0,155,True,-1.3050468730382379,-1.3050468730382379,-2.6100937460764757
353,0,2878.5,342.0,155,True,-1.3263594576119864,-1.3263594576119864,-2.6527189152239727
353,1,2315.1666666666665,399.0,156,True,-1.1945494980213816,-1.1945494980213816,-2.389098996042763
353,2,2779.5,342.0,155,True,-1.2928682532818103,-1.2928682532818103,-2.5857365065636206
353,3,2810.5,342.0,155,True,-1.303355398072067,-1.303355398072067,-2.606710796144134
354,0,2856.5,342.0,155,True,-1.3189169677608354,-1.3189169677608354,-2.637833935521671
354,1,2280.333333333333,255.0,154,True,-1.0343119475096367,-1.0343119475096367,-2.0686238950192735
354,2,2223.8333333333335,255.0,154,True,-1.0151982803919104,-1.0151982803919104,-2.030396560783821
354,3,2241.8333333333335,383.0,156,True,-1.153246353156722,-1.153246353156722,-2.306492706313444
355,0,2229.3333333333335,383.0,156,True,-1.1490176657412963,-1.1490176657412963,-2.2980353314825925
355,1,2481.3333333333335,383.0,156,True,-1.2342680040362886,-1.2342680040362886,-2.468536008072577
355,2,2114.8333333333335,255.0,154,True,-0.9783241261293943,-0.9783241261293943,-1.9566482522587887
355,3,2225.8333333333335,255.0,154,True,-1.0158748703783789,-1.0158748703783789,-2.0317497407567577
356,0,2466.0,383.0,156,True,-1.2290808141400325,-1.2290808141400325,-2.458161628280065
356,1,2177.333333333333,255.0,154,True,-0.9994675632065257,-0.9994675632065257,-1.9989351264130515
356,2,2204.3333333333335,255.0,154,True,-1.0086015280238454,-1.0086015280238454,-2.017203056047691
356,3,2460.666666666667,450.0,157,True,-1.2963487391245712,-1.2963487391245712,-2.5926974782491423
357,0,2203.8333333333335,255.0,154,True,-1.0084323805272282,-1.0084323805272282,-2.0168647610544563
357,1,2259.0,383.0,156,True,-1.1590537505405747,-1.1590537505405747,-2.3181075010811494
357,2,2333.333333333333,255.0,154,True,-1.0522415821510438,-1.0522415821510438,-2.1044831643020876
357,3,2392.0000000000005,383.0,156,True,-1.20404698464071,-1.20404698464071,-2.40809396928142
358,0,2230.8333333333335,255.0,154,True,-1.01756634534455,-1.01756634534455,-2.0351326906891
358,1,2290.3333333333335,383.0,156,True,-1.1696536603285763,-1.1696536603285763,-2.3393073206571526
358,2,2317.3333333333335,383.0,156,True,-1.1787876251458966,-1.1787876251458966,-2.3575752502917933
358,3,2166.333333333333,255.0,154,True,-0.9957463182809504,-0.9957463182809504,-1.9914926365619008
359,0,2548.166666666667,509.0,158,True,-1.3867742933005973,-1.3867742933005973,-2.7735485866011946
359,1,2346.0,383.0,156,True,-1.1884854149519404,-1.1884854149519404,-2.3769708299038808
359,2,2349.0,344.0,155,True,-1.1492941143646325,-1.1492941143646325,-2.298588228729265
359,3,2221.3333333333335,383.0,156,True,-1.1463113057954226,-1.1463113057954226,-2.2926226115908452
360,0,2194.3333333333335,255.0,154,True,-1.005218578091505,-1.005218578091505,-2.01043715618301
360,1,2430.8333333333335,383.0,156,True,-1.2171841068779676,-1.2171841068779676,-2.4343682137559353
360,2,2114.8333333333335,255.0,154,True,-0.9783241261293941,-0.9783241261293941,-1.9566482522587882
360,3,2365.3333333333335,383.0,156,True,-1.195025784821134,-1.195025784821134,-2.390051569642268
361,0,2209.333333333333,255.0,154,True,-1.0102930029900163,-1.0102930029900163,-2.0205860059800327
361,1,2194.333333333333,255.0,154,True,-1.005218578091505,-1.005218578091505,-2.01043715618301
361,2,2353.1666666666665,399.0,156,True,-1.2074047077642769,-1.2074047077642769,-2.4148094155285538
361,3,2148.333333333333,255.0,154,True,-0.9896570084027365,-0.9896570084027365,-1.979314016805473
362,0,2234.3333333333335,255.0,154,True,-1.0187503778208689,-1.0187503778208689,-2.0375007556417377
362,1,2152.8333333333335,255.0,154,True,-0.9911793358722892,-0.9911793358722892,-1.9823586717445785
362,2,2206.3333333333335,255.0,154,True,-1.009278118010314,-1.009278118010314,-2.018556236020628
362,3,2440.0,383.0,156,True,-1.2202851443159461,-1.2202851443159461,-2.4405702886318923
363,0,2259.666666666667,330.0,155,True,-1.1046401052783315,-1.1046401052783315,-2.209280210556663
363,1,2154.333333333333,255.0,154,True,-0.9916867783621413,-0.9916867783621413,-1.9833735567242825
363,2,2385.0,383.0,156,True,-1.2016789196880708,-1.2016789196880708,-2.4033578393761417
363,3,2149.8333333333335,255.0,154,True,-0.9901644508925873,-0.9901644508925873,-1.9803289017851746
364,0,2323.8333333333335,255.0,154,True,-1.0490277797153207,-1.0490277797153207,-2.0980555594306414
364,1,2191.8333333333335,255.0,154,True,-1.0043728406084196,-1.0043728406084196,-2.008745681216839
364,2,2211.8333333333335,255.0,154,True,-1.0111387404731011,-1.0111387404731011,-2.0222774809462023
364,3,2155.8333333333335,255.0,154,True,-0.9921942208519916,-0.9921942208519916,-1.9843884417039832
365,0,2514.3333333333335,383.0,156,True,-1.2454317388130143,-1.2454317388130143,-2.4908634776260286
365,1,2227.0,383.0,156,True,-1.1482283107570825,-1.1482283107570825,-2.296456621514165
365,2,2561.666666666667,399.0,156,True,-1.2779392138535874,-1.2779392138535874,-2.555878427707175
365,3,2416.666666666667,450.0,157,True,-1.2814637594222715,-1.2814637594222715,-2.562927518844543
366,0,2342.0,383.0,156,True,-1.1871322349790043,-1.1871322349790043,-2.3742644699580087
366,1,2391.0,383.0,156,True,-1.2037086896474753,-1.2037086896474753,-2.4074173792949507
366,2,2250.8333333333335,383.0,156,True,-1.1562910080958286,-1.1562910080958286,-2.3125820161916573
366,3,2224.333333333333,255.0,154,True,-1.0153674278885279,-1.0153674278885279,-2.0307348557770557
367,0,2261.8333333333335,383.0,156,True,-1.1600122530214036,-1.1600122530214036,-2.3200245060428073
367,1,2305.0,383.0,156,True,-1.1746153202293426,-1.1746153202293426,-2.349230640458685
367,2,2336.333333333333,383.0,155,True,-1.1852152300173442,-1.1852152300173442,-2.3704304600346884
367,3,2274.3333333333335,383.0,156,True,-1.1642409404368306,-1.1642409404368306,-2.328481880873661
368,0,2547.666666666667,578.0,158,True,-1.4577391664225359,-1.4577391664225359,-2.9154783328450717
368,1,2416.8333333333335,344.0,155,True,-1.172241791405681,-1.172241791405681,-2.344483582811362
368,2,2520.8333333333335,383.0,156,True,-1.2476306562690362,-1.2476306562690362,-2.4952613125380725
368,3,2544.3333333333335,637.0,160,True,-1.5174362587131307,-1.5174362587131307,-3.0348725174262614
369,0,2484.8333333333335,255.0,154,True,-1.103493273626011,-1.103493273626011,-2.206986547252022
369,1,2651.333333333334,714.0,161,True,-1.6330152662881476,-1.6330152662881476,-3.2660305325762953
369,2,2514.666666666667,330.0,155,True,-1.1909053285530276,-1.1909053285530276,-2.381810657106055
369,3,2468.8333333333335,541.0,158,True,-1.392925914559008,-1.392925914559008,-2.785851829118016
370,0,2658.5000000000005,576.0,158,True,-1.4931716725025466,-1.4931716725025466,-2.986343345005093
370,1,2247.8333333333335,383.0,156,True,-1.1552761231161268,-1.1552761231161268,-2.3105522462322536
370,2,2694.0,887.0,164,True,-1.825799701463387,-1.825799701463387,-3.651599402926774
370,3,2682.3333333333335,706.0,161,True,-1.6352549883979934,-1.6352549883979934,-3.270509976795987
371,0,2510.0,623.0,160,True,-1.491388474254705,-1.491388474254705,-2.98277694850941
371,1,2509.666666666667,389.0,156,True,-1.2500385958548983,-1.2500385958548983,-2.5000771917097966
371,2,2588.5,322.0,155,True,-1.2076353528730661,-1.2076353528730661,-2.4152707057461322
371,3,2361.3333333333335,255.0,154,True,-1.0617138419616,-1.0617138419616,-2.1234276839232
372,0,2513.666666666667,450.0,157,True,-1.3142783737659787,-1.3142783737659787,-2.6285567475319573
372,1,2512.8333333333335,383.0,156,True,-1.2449242963231635,-1.2449242963231635,-2.489848592646327
372,2,2435.3333333333335,255.0,154,True,-1.0867476714609228,-1.0867476714609228,-2.1734953429218455
372,3,2433.3333333333335,196.0,153,True,-1.0252463392064137,-1.0252463392064137,-2.0504926784128275
373,0,2378.166666666667,322.0,155,True,-1.13648063929616,-1.13648063929616,-2.27296127859232
373,1,2611.666666666667,586.0,159,True,-1.48763746866993,-1.48763746866993,-2.97527493733986
373,2,2484.166666666667,324.0,154,True,-1.174401764249078,-1.174401764249078,-2.348803528498156
373,3,2807.5,661.0,159,True,-1.6312064924738074,-1.6312064924738074,-3.262412984947615
374,0,2329.3333333333335,255.0,154,True,-1.0508884021781082,-1.0508884021781082,-2.1017768043562164
374,1,2278.3333333333335,255.0,154,True,-1.0336353575231692,-1.0336353575231692,-2.0672707150463383
374,2,2437.8333333333335,255.0,154,True,-1.0875934089440082,-1.0875934089440082,-2.1751868178880165
374,3,2389.8333333333335,255.0,154,True,-1.0713552492687712,-1.0713552492687712,-2.1427104985375425
375,0,2837.5,468.0,156,True,-1.4423862701058818,-1.4423862701058818,-2.8847725402117637
375,1,2796.5,468.0,157,True,-1.4285161753832842,-1.4285161753832842,-2.8570323507665685
375,2,2255.333333333333,255.0,154,True,-1.0258545726787853,-1.0258545726787853,-2.0517091453575707
375,3,2270.3333333333335,383.0,156,True,-1.1628877604638945,-1.1628877604638945,-2.325775520927789
376,0,2388.8333333333335,322.0,155,True,-1.140089119223991,-1.140089119223991,-2.280178238447982
376,1,2354.0,383.0,156,True,-1.1911917748978131,-1.1911917748978131,-2.3823835497956263
376,2,2312.3333333333335,322.0,155,True,-1.1142095522415818,-1.1142095522415818,-2.2284191044831636
376,3,2495.666666666667,533.0,158,True,-1.3937560741970438,-1.3937560741970438,-2.7875121483940877
377,0,2481.8333333333335,381.0,156,True,-1.2323752958628025,-1.2323752958628025,-2.464750591725605
377,1,2643.5,342.0,155,True,-1.2468601342019727,-1.2468601342019727,-2.4937202684039455
377,2,2391.8333333333335,509.0,158,True,-1.333887509358332,-1.333887509358332,-2.667775018716664
377,3,2287.3333333333335,381.0,156,True,-1.1665769196787714,-1.1665769196787714,-2.333153839357543
378,0,2479.8333333333335,578.0,158,True,-1.43479148938149,-1.43479148938149,-2.86958297876298
378,1,2326.333333333333,383.0,156,True,-1.1818322800850039,-1.1818322800850039,-2.3636645601700077
378,2,2254.333333333333,255.0,154,True,-1.0255162776855509,-1.0255162776855509,-2.0510325553711017
378,3,2232.3333333333335,383.0,156,True,-1.150032550720999,-1.150032550720999,-2.300065101441998
379,0,2326.0,602.0,159,True,-1.407492710963548,-1.407492710963548,-2.814985421927096
379,1,2467.0,710.0,161,True,-1.5665325111951232,-1.5665325111951232,-3.1330650223902463
379,2,2453.666666666667,509.0,158,True,-1.3548054164399739,-1.3548054164399739,-2.7096108328799478
379,3,2629.5000000000005,818.0,162,True,-1.7328456537812313,-1.7328456537812313,-3.4656913075624627
380,0,2398.8333333333335,509.0,157,True,-1.336255574310971,-1.336255574310971,-2.672511148621942
380,1,2556.5,877.0,164,True,-1.7689748615431822,-1.7689748615431822,-3.5379497230863644
380,2,2571.6666666666665,877.0,164,True,-1.7741056689405665,-1.7741056689405665,-3.548211337881133
380,3,2587.833333333334,1117.0,167,True,-2.0269974517435565,-2.0269974517435565,-4.053994903487113
381,0,2756.8333333333335,1387.0,172,True,-2.3625198210640375,-2.3625198210640375,-4.725039642128075
381,1,2500.5,877.0,164,True,-1.7500303419220726,-1.7500303419220726,-3.5000606838441453
381,2,2851.5,1637.0,175,True,-2.652277039186417,-2.652277039186417,-5.304554078372834
381,3,2938.3333333333335,1629.0,176,True,-2.6734048984184997,-2.6734048984184997,-5.346809796836999
382,0,2874.3333333333335,1320.0,171,True,-2.333197317820589,-2.333197317820589,-4.666394635641178
382,1,3085.0000000000005,1741.0,177,True,-2.8384854149519416,-2.8384854149519416,-5.676970829903883
382,2,3012.3333333333335,1857.0,180,True,-2.933490274309576,-2.933490274309576,-5.866980548619152
382,3,3181.0,2072.0,182,True,-3.2121988477044763,-3.2121988477044763,-6.424397695408953
383,0,2670.0,763.0,162,True,-1.689845570079376,-1.689845570079376,-3.379691140158752
383,1,2805.0,1222.0,169,True,-2.2087112704546397,-2.2087112704546397,-4.417422540909279
383,2,2912.166666666667,1741.0,177,True,-2.7800167636213153,-2.7800167636213153,-5.560033527242631
383,3,3119.333333333333,1828.0,178,True,-2.9397909313691297,-2.9397909313691297,-5.8795818627382594
384,0,2450.3333333333335,763.0,162,True,-1.6155334365656198,-1.6155334365656198,-3.2310668731312395
384,1,2818.3333333333335,1273.0,169,True,-2.265799189952057,-2.265799189952057,-4.531598379904114
384,2,2624.5,877.0,164,True,-1.791978921083102,-1.791978921083102,-3.583957842166204
384,3,2635.5,877.0,163,True,-1.7957001660086764,-1.7957001660086764,-3.591400332017353
385,0,2650.8333333333335,765.0,162,True,-1.6854234383791598,-1.6854234383791598,-3.3708468767583195
385,1,2370.333333333333,509.0,158,True,-1.3266141670037994,-1.3266141670037994,-2.653228334007599
385,2,2528.5,507.0,158,True,-1.378059302763556,-1.378059302763556,-2.756118605527112
385,3,2616.8333333333335,765.0,162,True,-1.6739214086092005,-1.6739214086092005,-3.347842817218401
386,0,2770.1666666666665,1096.0,167,True,-2.067030420973825,-2.067030420973825,-4.13406084194765
386,1,2410.8333333333335,255.0,154,True,-1.0784594441266877,-1.0784594441266877,-2.1569188882533754
386,2,2305.8333333333335,255.0,154,True,-1.0429384698371067,-1.0429384698371067,-2.0858769396742134
386,3,2416.8333333333335,383.0,156,True,-1.2124479769726908,-1.2124479769726908,-2.4248959539453816
387,0,2507.3333333333335,509.0,158,True,-1.3729605810768704,-1.3729605810768704,-2.7459211621537407
387,1,2453.3333333333335,255.0,154,True,-1.092836981339136,-1.092836981339136,-2.185673962678272
387,2,2483.8333333333335,383.0,156,True,-1.2351137415193745,-1.2351137415193745,-2.470227483038749
387,3,2311.8333333333335,255.0,154,True,-1.0449682397965123,-1.0449682397965123,-2.0899364795930246
388,0,2489.8333333333335,383.0,156,True,-1.2371435114787799,-1.2371435114787799,-2.4742870229575598
388,1,2476.3333333333335,383.0,156,True,-1.2325765290701192,-1.2325765290701192,-2.4651530581402383
388,2,2404.0,383.0,156,True,-1.2081065245595188,-1.2081065245595188,-2.4162130491190377
388,3,2205.8333333333335,255.0,154,True,-1.0091089705136966,-1.0091089705136966,-2.0182179410273933
389,0,2523.3333333333335,507.0,157,True,-1.3763114452985132,-1.3763114452985132,-2.7526228905970265
389,1,2510.3333333333335,509.0,158,True,-1.373975466056573,-1.373975466056573,-2.747950932113146
389,2,2543.8333333333335,511.0,158,True,-1.3873702040000175,-1.3873702040000175,-2.774740408000035
389,3,2402.0,383.0,156,True,-1.20742993457305,-1.20742993457305,-2.4148598691461
390,0,2331.8333333333335,381.0,156,True,-1.1816310468776883,-1.1816310468776883,-2.3632620937553765
390,1,2520.666666666667,509.0,158,True,-1.3774711809866595,-1.3774711809866595,-2.754942361973319
390,2,2465.5,623.0,160,True,-1.476334347055787,-1.476334347055787,-2.952668694111574
390,3,2464.3333333333335,635.0,160,True,-1.4883108035842985,-1.4883108035842985,-2.976621607168597
391,0,2587.666666666667,635.0,160,True,-1.5300338527498376,-1.5300338527498376,-3.060067705499675
391,1,2834.3333333333335,1092.0,166,True,-2.084613971699474,-2.084613971699474,-4.169227943398948
391,2,2416.8333333333335,381.0,156,True,-1.2103861213025877,-1.2103861213025877,-2.4207722426051754
391,3,2464.5,507.0,158,True,-1.3564084231965732,-1.3564084231965732,-2.7128168463931464
392,0,2184.3333333333335,255.0,154,True,-1.001835628159164,-1.001835628159164,-2.003671256318328
392,1,2299.333333333333,255.0,154,True,-1.040739552381085,-1.040739552381085,-2.08147910476217
392,2,2337.333333333333,255.0,154,True,-1.053594762123981,-1.053594762123981,-2.107189524247962
392,3,2391.333333333333,255.0,154,True,-1.0718626917586218,-1.0718626917586218,-2.1437253835172436
393,0,2265.0,383.0,156,True,-1.1610835204999792,-1.1610835204999792,-2.3221670409999584
393,1,2441.0,383.0,156,True,-1.2206234393091802,-1.2206234393091802,-2.4412468786183603
393,2,2396.0,383.0,156,True,-1.2054001646136447,-1.2054001646136447,-2.4108003292272895
393,3,2237.8333333333335,255.0,154,True,-1.0199344102971883,-1.0199344102971883,-2.0398688205943767
394,0,2334.8333333333335,383.0,156,True,-1.1847077875274938,-1.1847077875274938,-2.3694155750549877
394,1,2251.333333333333,255.0,154,True,-1.0245013927058484,-1.0245013927058484,-2.049002785411697
394,2,2268.333333333333,255.0,154,True,-1.0302524075908284,-1.0302524075908284,-2.0605048151816567
394,3,2295.666666666667,497.0,158,True,-1.2889836734883673,-1.2889836734883673,-2.5779673469767346
395,0,2506.0,623.0,160,True,-1.490035294281768,-1.490035294281768,-2.980070588563536
395,1,2615.0,625.0,160,True,-1.5289713042143873,-1.5289713042143873,-3.0579426084287746
395,2,2592.666666666666,637.0,160,True,-1.5337871833861112,-1.5337871833861112,-3.0675743667722224
395,3,2399.5,635.0,160,True,-1.4663780115229548,-1.4663780115229548,-2.9327560230459095
396,0,2427.0,383.0,156,True,-1.2158873094039022,-1.2158873094039022,-2.4317746188078044
396,1,2542.666666666667,838.0,161,True,-1.7240889285697678,-1.7240889285697678,-3.4481778571395356
396,2,2468.0,623.0,160,True,-1.4771800845388718,-1.4771800845388718,-2.9543601690777437
396,3,2450.6666666666665,625.0,160,True,-1.473378160326251,-1.473378160326251,-2.946756320652502
397,0,2352.0,497.0,158,True,-1.308040958107221,-1.308040958107221,-2.616081916214442
397,1,2578.0,509.0,158,True,-1.396866760598746,-1.396866760598746,-2.793733521197492
397,2,2311.3333333333335,383.0,156,True,-1.1767578551864921,-1.1767578551864921,-2.3535157103729842
397,3,2344.0,497.0,158,True,-1.3053345981613487,-1.3053345981613487,-2.6106691963226973
398,0,2424.3333333333335,383.0,156,True,-1.214985189421945,-1.214985189421945,-2.42997037884389
398,1,2350.666666666667,495.0,158,True,-1.3055280424461397,-1.3055280424461397,-2.6110560848922795
398,2,2255.0,509.0,158,True,-1.2875974777841324,-1.2875974777841324,-2.5751949555682647
398,3,2360.8333333333335,383.0,156,True,-1.1935034573515804,-1.1935034573515804,-2.3870069147031607
399,0,2363.0,511.0,158,True,-1.3261951927235183,-1.3261951927235183,-2.6523903854470365
399,1,2393.666666666667,450.0,157,True,-1.2736829745778864,-1.2736829745778864,-2.5473659491557727
399,2,2590.6666666666665,511.0,158,True,-1.4032136861831483,-1.4032136861831483,-2.8064273723662967
399,3,2361.0,383.0,156,True,-1.1935598398504523,-1.1935598398504523,-2.3871196797009047
400,0,2301.8333333333335,405.0,156,True,-1.196224465121903,-1.196224465121903,-2.392448930243806
400,1,2292.333333333333,381.0,156,True,-1.168268394644941,-1.168268394644941,-2.336536789289882
400,2,2383.0,533.0,158,True,-1.3556415049593349,-1.3556415049593349,-2.7112830099186698
400,3,2225.8333333333335,255.0,154,True,-1.0158748703783789,-1.0158748703783789,-2.0317497407567577
401,0,2444.0,383.0,156,True,-1.2216383242888826,-1.2216383242888826,-2.4432766485777653
401,1,2287.0,383.0,156,True,-1.1685260103511292,-1.1685260103511292,-2.3370520207022585
401,2,2401.333333333333,381.0,156,True,-1.2051425489074583,-1.2051425489074583,-2.4102850978149166
401,3,2344.0,497.0,158,True,-1.3053345981613491,-1.3053345981613491,-2.6106691963226982
402,0,2447.6666666666665,700.0,161,True,-1.549682862975415,-1.549682862975415,-3.09936572595083
402,1,2219.333333333333,255.0,154,True,-1.0136759529223571,-1.0136759529223571,-2.0273519058447143
402,2,2452.0,509.0,158,True,-1.3542415914512502,-1.3542415914512502,-2.7084831829025005
402,3,2211.3333333333335,255.0,154,True,-1.010969592976485,-1.010969592976485,-2.02193918595297
403,0,2434.666666666667,517.0,157,True,-1.3566252342489389,-1.3566252342489389,-2.7132504684978778
403,1,2355.0,383.0,156,True,-1.1915300698910478,-1.1915300698910478,-2.3830601397820956
403,2,2376.666666666667,527.0,158,True,-1.3473134029918759,-1.3473134029918759,-2.6946268059837517
403,3,2278.333333333333,255.0,154,True,-1.0336353575231692,-1.0336353575231692,-2.0672707150463383
404,0,2481.3333333333335,391.0,156,True,-1.2425154267167027,-1.2425154267167027,-2.4850308534334054
404,1,2163.333333333333,255.0,154,True,-0.9947314333012481,-0.9947314333012481,-1.9894628666024963
404,2,2365.666666666667,450.0,157,True,-1.264210714767332,-1.264210714767332,-2.528421429534664
404,3,2157.8333333333335,255.0,154,True,-0.9928708108384602,-0.9928708108384602,-1.9857416216769204
405,0,2364.3333333333335,405.0,156,True,-1.2173679021990338,-1.2173679021990338,-2.4347358043980676
405,1,2500.6666666666665,511.0,158,True,-1.372767136792079,-1.372767136792079,-2.745534273584158
405,2,2290.333333333333,255.0,154,True,-1.0376948974419788,-1.0376948974419788,-2.0753897948839577
405,3,2257.8333333333335,255.0,154,True,-1.0267003101618704,-1.0267003101618704,-2.0534006203237407
406,0,2585.666666666667,623.0,160,True,-1.516986128742752,-1.516986128742752,-3.033972257485504
406,1,2205.8333333333335,255.0,154,True,-1.0091089705136964,-1.0091089705136964,-2.018217941027393
406,2,2445.0,623.0,160,True,-1.4693992996944876,-1.4693992996944876,-2.938798599388975
406,3,2270.3333333333335,255.0,154,True,-1.0309289975772964,-1.0309289975772964,-2.061857995154593
407,0,2235.8333333333335,255.0,154,True,-1.0192578203107205,-1.0192578203107205,-2.038515640621441
407,1,2296.3333333333335,255.0,154,True,-1.0397246674013825,-1.0397246674013825,-2.079449334802765
407,2,2414.666666666667,527.0,158,True,-1.3601686127347714,-1.3601686127347714,-2.720337225469543
407,3,2570.3333333333335,383.0,156,True,-1.2643762584341236,-1.2643762584341236,-2.528752516868247
408,0,2440.0,450.0,157,True,-1.2893573092643993,-1.2893573092643993,-2.5787146185287986
408,1,2137.8333333333335,255.0,154,True,-0.9861049109737776,-0.9861049109737776,-1.9722098219475552
408,2,2518.0,383.0,156,True,-1.246672153788206,-1.246672153788206,-2.493344307576412
408,3,2438.0000000000005,383.0,156,True,-1.2196085543294775,-1.2196085543294775,-2.439217108658955
409,0,2475.0,383.0,156,True,-1.232125469079139,-1.232125469079139,-2.464250938158278
409,1,2322.0,383.0,156,True,-1.1803663351143228,-1.1803663351143228,-2.3607326702286455
409,2,2398.333333333333,255.0,154,True,-1.0742307567112608,-1.0742307567112608,-2.1484615134225216
409,3,2430.3333333333335,255.0,154,True,-1.0850561964947527,-1.0850561964947527,-2.1701123929895054
410,0,2271.3333333333335,255.0,154,True,-1.0312672925705308,-1.0312672925705308,-2.0625345851410617
410,1,2247.333333333333,255.0,154,True,-1.0231482127329121,-1.0231482127329121,-2.0462964254658242
410,2,2561.8333333333335,324.0,155,True,-1.2006760087235944,-1.2006760087235944,-2.4013520174471887
410,3,2590.8333333333335,517.0,158,True,-1.409455635692331,-1.409455635692331,-2.818911271384662
411,0,2325.3333333333335,383.0,156,True,-1.1814939850917698,-1.1814939850917698,-2.3629879701835397
411,1,2316.0,383.0,156,True,-1.1783365651549182,-1.1783365651549182,-2.3566731303098365
411,2,2199.8333333333335,255.0,154,True,-1.0070792005542917,-1.0070792005542917,-2.0141584011085834
411,3,2389.3333333333335,255.0,154,True,-1.0711861017721542,-1.0711861017721542,-2.1423722035443085
412,0,2402.8333333333335,383.0,156,True,-1.2077118470674124,-1.2077118470674124,-2.415423694134825
412,1,2367.8333333333335,324.0,155,True,-1.1350467800361776,-1.1350467800361776,-2.2700935600723553
412,2,2283.0,383.0,156,True,-1.1671728303781927,-1.1671728303781927,-2.3343456607563855
412,3,2468.3333333333335,255.0,154,True,-1.0979114062376478,-1.0979114062376478,-2.1958228124752956
413,0,2310.666666666667,399.0,156,True,-1.1930271705518276,-1.1930271705518276,-2.386054341103655
413,1,2346.166666666667,324.0,155,True,-1.1277170551827724,-1.1277170551827724,-2.255434110365545
413,2,2215.3333333333335,255.0,154,True,-1.0123227729494206,-1.0123227729494206,-2.0246455458988413
413,3,2323.333333333333,255.0,154,True,-1.0488586322187032,-1.0488586322187032,-2.0977172644374065
414,0,2454.166666666667,450.0,157,True,-1.2941498216685503,-1.2941498216685503,-2.5882996433371006
414,1,2402.8333333333335,383.0,156,True,-1.2077118470674129,-1.2077118470674129,-2.4154236941348257
414,2,2246.8333333333335,255.0,154,True,-1.0229790652362947,-1.0229790652362947,-2.0459581304725893
414,3,2308.8333333333335,255.0,154,True,-1.0439533548168094,-1.0439533548168094,-2.087906709633619
415,0,2267.0,383.0,156,True,-1.1617601104864468,-1.1617601104864468,-2.3235202209728936
415,1,2408.8333333333335,458.0,157,True,-1.2870612046556833,-1.2870612046556833,-2.5741224093113666
415,2,2290.333333333333,255.0,154,True,-1.0376948974419782,-1.0376948974419782,-2.0753897948839564
415,3,2231.8333333333335,255.0,154,True,-1.017904640337784,-1.017904640337784,-2.035809280675568
416,0,2436.3333333333335,255.0,154,True,-1.0870859664541574,-1.0870859664541574,-2.174171932908315
416,1,2355.8333333333335,444.0,156,True,-1.2546985803235535,-1.2546985803235535,-2.509397160647107
416,2,2246.8333333333335,383.0,156,True,-1.1549378281228926,-1.1549378281228926,-2.309875656245785
416,3,2274.0,383.0,156,True,-1.1641281754390866,-1.1641281754390866,-2.3282563508781733
417,0,2316.0,383.0,156,True,-1.178336565154918,-1.178336565154918,-2.356673130309836
417,1,2297.8333333333335,255.0,154,True,-1.0402321098912346,-1.0402321098912346,-2.080464219782469
417,2,2256.8333333333335,383.0,156,True,-1.1583207780552343,-1.1583207780552343,-2.3166415561104685
417,3,2196.0,383.0,156,True,-1.1377411659668266,-1.1377411659668266,-2.2754823319336532
418,0,2471.6666666666665,511.0,158,True,-1.362956581988291,-1.362956581988291,-2.725913163976582
418,1,2434.3333333333335,255.0,154,True,-1.0864093764676888,-1.0864093764676888,-2.1728187529353775
418,2,2190.3333333333335,255.0,154,True,-1.0038653981185688,-1.0038653981185688,-2.0077307962371376
418,3,2196.0,383.0,156,True,-1.1377411659668262,-1.1377411659668262,-2.2754823319336523
419,0,2194.8333333333335,255.0,154,True,-1.0053877255881218,-1.0053877255881218,-2.0107754511762437
419,1,2243.8333333333335,255.0,154,True,-1.0219641802565922,-1.0219641802565922,-2.0439283605131844
419,2,2132.8333333333335,255.0,154,True,-0.9844134360076083,-0.9844134360076083,-1.9688268720152167
419,3,2299.3333333333335,383.0,156,True,-1.1726983152676829,-1.1726983152676829,-2.3453966305353657
420,0,2309.333333333333,255.0,154,True,-1.0441225023134262,-1.0441225023134262,-2.0882450046268524
420,1,2180.8333333333335,255.0,154,True,-1.0006515956828446,-1.0006515956828446,-2.001303191365689
420,2,2151.8333333333335,255.0,154,True,-0.9908410408790559,-0.9908410408790559,-1.9816820817581118
420,3,2449.3333333333335,255.0,154,True,-1.0914838013661996,-1.0914838013661996,-2.182967602732399
421,0,2278.8333333333335,383.0,156,True,-1.1657632679063838,-1.1657632679063838,-2.3315265358127677
421,1,2389.0,458.0,157,True,-1.2803516872898733,-1.2803516872898733,-2.5607033745797465
421,2,2183.3333333333335,255.0,154,True,-1.00149733316593,-1.00149733316593,-2.00299466633186
421,3,2256.333333333333,405.0,156,True,-1.1808320429297505,-1.1808320429297505,-2.361664085859501
422,0,2254.8333333333335,255.0,154,True,-1.0256854251821679,-1.0256854251821679,-2.0513708503643358
422,1,2261.333333333333,255.0,154,True,-1.0278843426381894,-1.0278843426381894,-2.055768685276379
422,2,2315.3333333333335,255.0,154,True,-1.0461522722728311,-1.0461522722728311,-2.0923045445456623
422,3,2429.333333333333,255.0,154,True,-1.0847179015015176,-1.0847179015015176,-2.169435803003035
423,0,2277.0,474.0,157,True,-1.2589574934084784,-1.2589574934084784,-2.517914986816957
423,1,2251.3333333333335,383.0,156,True,-1.1564601555924463,-1.1564601555924463,-2.3129203111848926
423,2,2403.8333333333335,255.0,154,True,-1.0760913791740476,-1.0760913791740476,-2.1521827583480952
423,3,2205.333333333333,255.0,154,True,-1.00893982301708,-1.00893982301708,-2.01787964603416
424,0,2529.0,533.0,158,True,-1.405032573971514,-1.405032573971514,-2.810065147943028
424,1,2531.0,661.0,160,True,-1.5376679268445792,-1.5376679268445792,-3.0753358536891584
424,2,2588.3333333333335,830.0,163,True,-1.7312903105803794,-1.7312903105803794,-3.462580621160759
424,3,2597.0,728.0,160,True,-1.6290675613464838,-1.6290675613464838,-3.2581351226929676
425,0,2740.0,1238.0,169,True,-2.2032169412552483,-2.2032169412552483,-4.4064338825104965
425,1,2766.0,1383.0,172,True,-2.3614971471618107,-2.3614971471618107,-4.722994294323621
425,2,2751.8333333333335,1003.0,166,True,-1.9649520574380723,-1.9649520574380723,-3.9299041148761447
425,3,2702.0,854.0,162,True,-1.7944854428525587,-1.7944854428525587,-3.5889708857051175
426,0,2982.1666666666665,1222.0,167,True,-2.268645866755949,-2.268645866755949,-4.537291733511898
426,1,2293.3333333333335,507.0,158,True,-1.2985035968546697,-1.2985035968546697,-2.5970071937093393
426,2,2693.1666666666665,1119.0,168,True,-2.0646930467009854,-2.0646930467009854,-4.129386093401971
426,3,2667.166666666667,1352.0,169,True,-2.296103562443908,-2.296103562443908,-4.592207124887816
427,0,2656.0,602.0,158,True,-1.5191300587308014,-1.5191300587308014,-3.038260117461603
427,1,2590.0,661.0,160,True,-1.5576273314453914,-1.5576273314453914,-3.115254662890783
427,2,2890.0,856.0,163,True,-1.860146757250672,-1.860146757250672,-3.720293514501344
427,3,2590.0,602.0,158,True,-1.4968025891773504,-1.4968025891773504,-2.993605178354701
428,0,2628.0,602.0,158,True,-1.509657798920246,-1.509657798920246,-3.019315597840492
428,1,2815.0,600.0,158,True,-1.570857106984919,-1.570857106984919,-3.141714213969838
428,2,2916.0,474.0,157,True,-1.4751279940850675,-1.4751279940850675,-2.950255988170135
428,3,2429.0,600.0,158,True,-1.4402752395965566,-1.4402752395965566,-2.880550479193113
429,0,2663.0,474.0,156,True,-1.3895393607968407,-1.3895393607968407,-2.7790787215936814
429,1,2466.666666666667,495.0,158,True,-1.3447702616612953,-1.3447702616612953,-2.6895405233225906
429,2,2696.0,602.0,159,True,-1.5326618584601654,-1.5326618584601654,-3.065323716920331
429,3,2752.0,474.0,156,True,-1.4196476151946762,-1.4196476151946762,-2.8392952303893524
430,0,2308.0,383.0,156,True,-1.1756302052090444,-1.1756302052090444,-2.3512604104180888
430,1,2586.5000000000005,600.0,158,True,-1.4935567010309274,-1.4935567010309274,-2.987113402061855
430,2,2352.333333333333,255.0,154,True,-1.0586691870224925,-1.0586691870224925,-2.117338374044985
430,3,2329.0,383.0,156,True,-1.1827344000669617,-1.1827344000669617,-2.3654688001339235
431,0,2304.8333333333335,383.0,156,True,-1.1745589377304708,-1.1745589377304708,-2.3491178754609416
431,1,2233.8333333333335,255.0,154,True,-1.018581230324252,-1.018581230324252,-2.037162460648504
431,2,2456.0,474.0,156,True,-1.319512297197382,-1.319512297197382,-2.639024594394764
431,3,2521.5,623.0,160,True,-1.4952788666768968,-1.4952788666768968,-2.9905577333537936
432,0,2464.8333333333335,255.0,154,True,-1.0967273737613286,-1.0967273737613286,-2.193454747522657
432,1,2550.0,474.0,156,True,-1.351312026561388,-1.351312026561388,-2.702624053122776
432,2,2246.8333333333335,255.0,154,True,-1.0229790652362947,-1.0229790652362947,-2.0459581304725893
432,3,2484.3333333333335,383.0,156,True,-1.2352828890159917,-1.2352828890159917,-2.4705657780319834
433,0,2582.1666666666665,716.0,160,True,-1.6116783849262257,-1.6116783849262257,-3.2233567698524515
433,1,2566.1666666666665,588.0,157,True,-1.4743069021478827,-1.4743069021478827,-2.9486138042957655
433,2,2643.0000000000005,785.0,161,True,-1.7033920176331905,-1.7033920176331905,-3.406784035266381
433,3,2416.0,497.0,158,True,-1.3296918376742048,-1.3296918376742048,-2.6593836753484097
434,0,2493.0,611.0,160,True,-1.4732663253491056,-1.4732663253491056,-2.9465326506982112
434,1,2199.8333333333335,255.0,154,True,-1.0070792005542926,-1.0070792005542926,-2.014158401108585
434,2,2195.333333333333,255.0,154,True,-1.0055568730847388,-1.0055568730847388,-2.0111137461694777
434,3,2470.5,623.0,160,True,-1.4780258220219578,-1.4780258220219578,-2.9560516440439155
435,0,2371.0,725.0,162,True,-1.5495201093704225,-1.5495201093704225,-3.099040218740845
435,1,2406.333333333333,623.0,160,True,-1.456318559956102,-1.456318559956102,-2.912637119912204
435,2,2441.1666666666665,641.0,160,True,-1.4866592032513515,-1.4866592032513515,-2.973318406502703
435,3,2280.0,383.0,156,True,-1.1661579453984903,-1.1661579453984903,-2.3323158907969805
436,0,2209.8333333333335,255.0,154,True,-1.0104621504866338,-1.0104621504866338,-2.0209243009732676
436,1,2410.666666666667,751.0,162,True,-1.5897432678133814,-1.5897432678133814,-3.1794865356267628
436,2,2297.0000000000005,588.0,158,True,-1.383249166469038,-1.383249166469038,-2.766498332938076
436,3,2520.0,625.0,160,True,-1.4968332798571478,-1.4968332798571478,-2.9936665597142955
437,0,2205.3333333333335,255.0,154,True,-1.0089398230170803,-1.0089398230170803,-2.0178796460341606
437,1,2379.8333333333335,572.0,159,True,-1.3947764230477708,-1.3947764230477708,-2.7895528460955417
437,2,2256.333333333333,383.0,156,True,-1.1581516305586168,-1.1581516305586168,-2.3163032611172336
437,3,2346.333333333333,458.0,157,True,-1.2659177675785513,-1.2659177675785513,-2.5318355351571027
438,0,2240.333333333333,383.0,156,True,-1.152738910666871,-1.152738910666871,-2.305477821333742
438,1,2163.333333333333,255.0,154,True,-0.9947314333012474,-0.9947314333012474,-1.9894628666024947
438,2,2151.333333333333,255.0,154,True,-0.9906718933824381,-0.9906718933824381,-1.9813437867648762
438,3,2406.5,623.0,160,True,-1.4563749424549755,-1.4563749424549755,-2.912749884909951
439,0,2172.333333333333,255.0,154,True,-0.9977760882403548,-0.9977760882403548,-1.9955521764807096
439,1,2399.333333333333,623.0,160,True,-1.4539504950034638,-1.4539504950034638,-2.9079009900069277
439,2,2282.3333333333335,255.0,154,True,-1.0349885374961059,-1.0349885374961059,-2.0699770749922117
439,3,2447.666666666667,517.0,158,True,-1.3610230691609821,-1.3610230691609821,-2.7220461383219643
440,0,2347.0,383.0,156,True,-1.1888237099451746,-1.1888237099451746,-2.3776474198903492
440,1,2422.666666666667,578.0,159,True,-1.4154522922682737,-1.4154522922682737,-2.8309045845365475
440,2,2140.8333333333335,255.0,154,True,-0.9871197959534803,-0.9871197959534803,-1.9742395919069606
440,3,2181.8333333333335,255.0,154,True,-1.0009898906760786,-1.0009898906760786,-2.001979781352157
441,0,2166.666666666667,255.0,154,True,-0.995859083278695,-0.995859083278695,-1.99171816655739
441,1,2584.8333333333335,533.0,157,True,-1.4239207110937497,-1.4239207110937497,-2.8478414221874995
441,2,2506.666666666667,456.0,156,True,-1.3180958758236498,-1.3180958758236498,-2.6361917516472997
441,3,2210.333333333333,255.0,154,True,-1.01063129798325,-1.01063129798325,-2.0212625959665
442,0,2334.333333333333,255.0,154,True,-1.0525798771442787,-1.0525798771442787,-2.1051597542885574
442,1,2347.666666666667,623.0,160,True,-1.436471920353036,-1.436471920353036,-2.872943840706072
442,2,2312.333333333333,322.0,155,True,-1.1142095522415816,-1.1142095522415816,-2.228419104483163
442,3,2152.333333333333,255.0,154,True,-0.9910101883756728,-0.9910101883756728,-1.9820203767513456
443,0,2191.0,322.0,155,True,-1.0731630930625111,-1.0731630930625111,-2.1463261861250222
443,1,2246.333333333333,330.0,155,True,-1.100129505368544,-1.100129505368544,-2.200259010737088
443,2,2138.8333333333335,255.0,154,True,-0.9864432059670121,-0.9864432059670121,-1.9728864119340241
443,3,2121.333333333333,255.0,154,True,-0.9805230435854155,-0.9805230435854155,-1.961046087170831
444,0,2477.8333333333335,196.0,153,True,-1.040300466405331,-1.040300466405331,-2.080600932810662
444,1,2383.666666666667,399.0,156,True,-1.2177227050579171,-1.2177227050579171,-2.4354454101158343
444,2,2204.3333333333335,255.0,154,True,-1.0086015280238458,-1.0086015280238458,-2.0172030560476917
444,3,2125.333333333333,255.0,154,True,-0.9818762235583518,-0.9818762235583518,-1.9637524471167036
445,0,2225.333333333333,255.0,154,True,-1.0157057228817619,-1.0157057228817619,-2.0314114457635237
445,1,2137.8333333333335,255.0,154,True,-0.9861049109737778,-0.9861049109737778,-1.9722098219475557
445,2,2239.8333333333335,255.0,154,True,-1.0206110002836564,-1.0206110002836564,-2.0412220005673127
445,3,2190.333333333333,255.0,154,True,-1.0038653981185683,-1.0038653981185683,-2.0077307962371367
446,0,2245.333333333333,255.0,154,True,-1.0224716227464439,-1.0224716227464439,-2.0449432454928878
446,1,2367.333333333333,255.0,154,True,-1.0637436119210033,-1.0637436119210033,-2.1274872238420066
446,2,2221.333333333333,255.0,154,True,-1.0143525429088251,-1.0143525429088251,-2.0287050858176503
446,3,2196.333333333333,255.0,154,True,-1.0058951680779733,-1.0058951680779733,-2.0117903361559466
447,0,2273.333333333333,255.0,154,True,-1.0319438825569986,-1.0319438825569986,-2.0638877651139973
447,1,2185.8333333333335,255.0,154,True,-1.002343070649015,-1.002343070649015,-2.00468614129803
447,2,2229.333333333333,255.0,154,True,-1.0170589028546981,-1.0170589028546981,-2.0341178057093963
447,3,2164.333333333333,255.0,154,True,-0.9950697282944819,-0.9950697282944819,-1.9901394565889639
448,0,2206.333333333333,255.0,154,True,-1.009278118010314,-1.009278118010314,-2.018556236020628
448,1,2313.333333333333,255.0,154,True,-1.0454756822863622,-1.0454756822863622,-2.0909513645727245
448,2,2189.8333333333335,255.0,154,True,-1.0036962506219511,-1.0036962506219511,-2.0073925012439022
448,3,2257.333333333333,255.0,154,True,-1.026531162665253,-1.026531162665253,-2.053062325330506
449,0,2337.0,383.0,156,True,-1.185440760012834,-1.185440760012834,-2.370881520025668
449,1,2164.333333333333,255.0,154,True,-0.995069728294482,-0.995069728294482,-1.990139456588964
449,2,2431.333333333333,255.0,154,True,-1.0853944914879865,-1.0853944914879865,-2.170788982975973
449,3,2157.8333333333335,255.0,154,True,-0.9928708108384606,-0.9928708108384606,-1.9857416216769213
450,0,2219.8333333333335,255.0,154,True,-1.013845100418975,-1.013845100418975,-2.02769020083795
450,1,2218.8333333333335,255.0,154,True,-1.0135068054257401,-1.0135068054257401,-2.0270136108514802
450,2,2308.3333333333335,255.0,154,True,-1.0437842073201922,-1.0437842073201922,-2.0875684146403843
450,3,2209.8333333333335,255.0,154,True,-1.0104621504866333,-1.0104621504866333,-2.0209243009732667
451,0,2383.8333333333335,255.0,154,True,-1.0693254793093663,-1.0693254793093663,-2.1386509586187326
451,1,2129.8333333333335,255.0,154,True,-0.9833985510279053,-0.9833985510279053,-1.9667971020558106
451,2,2312.8333333333335,322.0,155,True,-1.1143786997381986,-1.1143786997381986,-2.228757399476397
451,3,2166.8333333333335,255.0,154,True,-0.9959154657775672,-0.9959154657775672,-1.9918309315551344
452,0,2206.666666666667,255.0,154,True,-1.0093908830080587,-1.0093908830080587,-2.0187817660161174
452,1,2204.0,383.0,156,True,-1.1404475259126983,-1.1404475259126983,-2.2808950518253965
452,2,2194.8333333333335,255.0,154,True,-1.0053877255881216,-1.0053877255881216,-2.0107754511762432
452,3,2332.8333333333335,405.0,156,True,-1.2067116099121598,-1.2067116099121598,-2.4134232198243195
453,0,2292.8333333333335,255.0,154,True,-1.038540634925064,-1.038540634925064,-2.077081269850128
453,1,2583.3333333333335,255.0,154,True,-1.1368153304595694,-1.1368153304595694,-2.273630660919139
453,2,2540.0,322.0,155,True,-1.1912280457012119,-1.1912280457012119,-2.3824560914024238
453,3,2574.3333333333335,255.0,154,True,-1.1337706755204628,-1.1337706755204628,-2.2675413510409257
454,0,2402.8333333333335,255.0,154,True,-1.0757530841808134,-1.0757530841808134,-2.151506168361627
454,1,2338.3333333333335,383.0,156,True,-1.1858918200038133,-1.1858918200038133,-2.3717836400076266
454,2,2240.8333333333335,255.0,154,True,-1.0209492952768906,-1.0209492952768906,-2.041898590553781
454,3,2590.3333333333335,255.0,154,True,-1.139183395412208,-1.139183395412208,-2.278366790824416
455,0,2286.8333333333335,255.0,154,True,-1.0365108649656591,-1.0365108649656591,-2.0730217299313183
455,1,2315.8333333333335,255.0,154,True,-1.0463214197694475,-1.0463214197694475,-2.092642839538895
455,2,2379.0,383.0,156,True,-1.1996491497286657,-1.1996491497286657,-2.3992982994573313
455,3,2364.8333333333335,255.0,154,True,-1.0628978744379187,-1.0628978744379187,-2.1257957488758374
456,0,2302.0,383.0,156,True,-1.17360043524964,-1.17360043524964,-2.34720087049928
456,1,2197.333333333333,255.0,154,True,-1.0062334630712073,-1.0062334630712073,-2.0124669261424146
456,2,2266.8333333333335,255.0,154,True,-1.0297449651009767,-1.0297449651009767,-2.0594899302019534
456,3,2260.3333333333335,255.0,154,True,-1.0275460476449554,-1.0275460476449554,-2.0550920952899108
457,0,2179.3333333333335,255.0,154,True,-1.0001441531929933,-1.0001441531929933,-2.0002883063859866
457,1,2308.8333333333335,383.0,156,True,-1.1759121177034075,-1.1759121177034075,-2.351824235406815
457,2,2357.8333333333335,383.0,156,True,-1.192488572371878,-1.192488572371878,-2.384977144743756
457,3,2349.3333333333335,383.0,156,True,-1.1896130649293877,-1.1896130649293877,-2.3792261298587754
458,0,2230.8333333333335,255.0,154,True,-1.0175663453445494,-1.0175663453445494,-2.0351326906890987
458,1,2383.0,383.0,156,True,-1.2010023297016024,-1.2010023297016024,-2.4020046594032047
458,2,2440.5,458.0,157,True,-1.2977738794414293,-1.2977738794414293,-2.5955477588828586
458,3,2180.333333333333,255.0,153,True,-1.0004824481862276,-1.0004824481862276,-2.000964896372455
459,0,2259.0,383.0,156,True,-1.1590537505405738,-1.1590537505405738,-2.3181075010811476
459,1,2257.0,383.0,156,True,-1.1583771605541056,-1.1583771605541056,-2.316754321108211
459,2,2120.3333333333335,255.0,154,True,-0.9801847485921816,-0.9801847485921816,-1.9603694971843633
459,3,2270.0,383.0,156,True,-1.1627749954661493,-1.1627749954661493,-2.3255499909322985
460,0,2276.0,458.0,157,True,-1.24212435305442,-1.24212435305442,-2.48424870610884
460,1,2564.5,879.0,164,True,-1.7737430771591596,-1.7737430771591596,-3.547486154318319
460,2,2290.0,383.0,156,True,-1.1695408953308313,-1.1695408953308313,-2.3390817906616626
460,3,2246.8333333333335,369.0,156,True,-1.1405048384321708,-1.1405048384321708,-2.2810096768643415
461,0,2284.666666666667,509.0,158,True,-1.2976335625834117,-1.2976335625834117,-2.5952671251668233
461,1,2767.0,980.0,164,True,-1.9463715246292712,-1.9463715246292712,-3.8927430492585424
461,2,2178.8333333333335,255.0,154,True,-0.9999750056963757,-0.9999750056963757,-1.9999500113927513
461,3,2560.666666666667,865.0,164,True,-1.7580132899943741,-1.7580132899943741,-3.5160265799887482
462,0,2176.8333333333335,381.0,156,True,-1.1291953229264031,-1.1291953229264031,-2.2583906458528062
462,1,2155.8333333333335,255.0,154,True,-0.9921942208519923,-0.9921942208519923,-1.9843884417039845
462,2,2395.0,497.0,158,True,-1.3225876428162882,-1.3225876428162882,-2.6451752856325763
462,3,2197.333333333333,255.0,154,True,-1.0062334630712069,-1.0062334630712069,-2.0124669261424137
463,0,2454.3333333333335,511.0,158,True,-1.3570928021055664,-1.3570928021055664,-2.7141856042111328
463,1,2139.8333333333335,255.0,154,True,-0.9867815009602462,-0.9867815009602462,-1.9735630019204924
463,2,2344.8333333333335,383.0,156,True,-1.188090737459834,-1.188090737459834,-2.376181474919668
463,3,2496.5000000000005,775.0,162,True,-1.643522522773879,-1.643522522773879,-3.287045045547758
464,0,2316.8333333333335,383.0,156,True,-1.1786184776492807,-1.1786184776492807,-2.3572369552985615
464,1,2465.0,383.0,156,True,-1.2287425191467984,-1.2287425191467984,-2.457485038293597
464,2,2235.8333333333335,255.0,154,True,-1.0192578203107194,-1.0192578203107194,-2.038515640621439
464,3,2178.333333333333,255.0,154,True,-0.9998058581997595,-0.9998058581997595,-1.999611716399519
465,0,2563.3333333333335,383.0,156,True,-1.2620081934814849,-1.2620081934814849,-2.5240163869629697
465,1,2563.5000000000005,714.0,161,True,-1.60330168938242,-1.60330168938242,-3.20660337876484
465,2,2192.333333333333,255.0,154,True,-1.0045419881050364,-1.0045419881050364,-2.0090839762100727
465,3,2441.666666666667,609.0,160,True,-1.4538386600263191,-1.4538386600263191,-2.9076773200526382
466,0,2438.8333333333335,495.0,158,True,-1.335354384349613,-1.335354384349613,-2.670708768699226
466,1,2500.666666666667,572.0,159,True,-1.435653734730224,-1.435653734730224,-2.871307469460448
466,2,2482.3333333333335,383.0,156,True,-1.2346062990295226,-1.2346062990295226,-2.469212598059045
466,3,2502.6666666666665,578.0,158,True,-1.4425158917270011,-1.4425158917270011,-2.8850317834540022
467,0,2377.333333333333,255.0,154,True,-1.0671265618533443,-1.0671265618533443,-2.1342531237066886
467,1,2167.333333333333,381.0,156,True,-1.125981520490679,-1.125981520490679,-2.251963040981358
467,2,2389.0,383.0,156,True,-1.203032099661007,-1.203032099661007,-2.406064199322014
467,3,2397.0,533.0,158,True,-1.3603776348646124,-1.3603776348646124,-2.7207552697292248
468,0,2230.3333333333335,381.0,156,True,-1.1472941050644274,-1.1472941050644274,-2.294588210128855
468,1,2279.1666666666665,399.0,156,True,-1.1823708782649538,-1.1823708782649538,-2.3647417565299076
468,2,2269.0,383.0,156,True,-1.1624367004729161,-1.1624367004729161,-2.3248734009458323
468,3,2825.5,342.0,155,True,-1.308429822970578,-1.308429822970578,-2.616859645941156
469,0,2756.8333333333335,1241.0,168,True,-2.2120043571465104,-2.2120043571465104,-4.424008714293021
469,1,2659.0,1076.0,165,True,-2.0088047375249363,-2.0088047375249363,-4.0176094750498725
469,2,3010.5,671.0,159,True,-1.7101896544508441,-1.7101896544508441,-3.4203793089016883
469,3,2819.666666666667,1243.0,169,True,-2.2353224148914896,-2.2353224148914896,-4.470644829782979
470,0,2459.3333333333335,942.0,165,True,-1.8031141739789533,-1.8031141739789533,-3.6062283479579067
470,1,3056.5,673.0,159,True,-1.727813079809717,-1.727813079809717,-3.455626159619434
470,2,2571.666666666667,877.0,163,True,-1.7741056689405663,-1.7741056689405663,-3.5482113378811326
470,3,3205.5,797.0,161,True,-1.9060540853479895,-1.9060540853479895,-3.812108170695979
471,0,2229.0,383.0,156,True,-1.1489049007435512,-1.1489049007435512,-2.2978098014871025
471,1,2380.5,322.0,155,True,-1.1372699942803728,-1.1372699942803728,-2.2745399885607456
471,2,2385.6666666666665,625.0,160,True,-1.4513889857660345,-1.4513889857660345,-2.902777971532069
471,3,2224.8333333333335,383.0,156,True,-1.1474953382717428,-1.1474953382717428,-2.2949906765434855
472,0,2538.5000000000005,578.0,159,True,-1.4546381289845565,-1.4546381289845565,-2.909276257969113
472,1,2504.5000000000005,389.0,155,True,-1.248290738389855,-1.248290738389855,-2.49658147677971
472,2,2388.0,383.0,156,True,-1.202693804667773,-1.202693804667773,-2.405387609335546
472,3,2752.5,289.0,154,True,-1.2290951132067571,-1.2290951132067571,-2.4581902264135143
473,0,2826.5,289.0,154,True,-1.2541289427060802,-1.2541289427060802,-2.5082578854121604
473,1,2328.8333333333335,466.0,157,True,-1.2682450278773674,-1.2682450278773674,-2.5364900557547347
473,2,2887.5,419.0,156,True,-1.4087855558500613,-1.4087855558500613,-2.8175711117001225
473,3,2403.0,383.0,156,True,-1.2077682295662846,-1.2077682295662846,-2.415536459132569
474,0,2863.5,356.0,154,True,-1.3357180224041956,-1.3357180224041956,-2.671436044808391
474,1,2273.666666666667,399.0,156,True,-1.1805102558021665,-1.1805102558021665,-2.361020511604333
474,2,2738.5,289.0,154,True,-1.2243589833014805,-1.2243589833014805,-2.448717966602961
474,3,2949.5,545.0,158,True,-1.5596567526470702,-1.5596567526470702,-3.1193135052941403
475,0,2859.5,476.0,157,True,-1.4580761826374447,-1.4580761826374447,-2.9161523652748893
475,1,2997.5,535.0,158,True,-1.5655856339717913,-1.5655856339717913,-3.1311712679435826
475,2,2867.5,663.0,160,True,-1.653566047737957,-1.653566047737957,-3.307132095475914
475,3,3111.5,545.0,158,True,-1.6144605415509943,-1.6144605415509943,-3.2289210831019886
476,0,2729.5,289.0,154,True,-1.221314328362373,-1.221314328362373,-2.442628656724746
476,1,2391.166666666667,448.0,157,True,-1.270775381424698,-1.270775381424698,-2.541550762849396
476,2,2767.5,289.0,154,True,-1.2341695381052686,-1.2341695381052686,-2.4683390762105373
476,3,2864.5,545.0,158,True,-1.5309016782221725,-1.5309016782221725,-3.061803356444345
477,0,2425.666666666667,389.0,156,True,-1.2216218164232346,-1.2216218164232346,-2.4432436328464693
477,1,2769.5,342.0,155,True,-1.2894853033494684,-1.2894853033494684,-2.578970606698937
477,2,2729.5,468.0,157,True,-1.4058504108365997,-1.4058504108365997,-2.8117008216731993
477,3,2494.0,495.0,158,True,-1.354016991476361,-1.354016991476361,-2.708033982952722
478,0,2578.666666666667,700.0,161,True,-1.593999507089082,-1.593999507089082,-3.187999014178164
478,1,2431.333333333333,623.0,160,True,-1.4647759347869551,-1.4647759347869551,-2.9295518695739102
478,2,2716.5,468.0,157,True,-1.4014525759245557,-1.4014525759245557,-2.8029051518491115
478,3,2396.333333333333,405.0,156,True,-1.2281933419825248,-1.2281933419825248,-2.4563866839650497
479,0,2703.5,289.0,154,True,-1.2125186585382866,-1.2125186585382866,-2.425037317076573
479,1,2444.8333333333335,623.0,160,True,-1.469342917195616,-1.469342917195616,-2.938685834391232
479,2,2860.5,342.0,155,True,-1.3202701477337724,-1.3202701477337724,-2.6405402954675448
479,3,2496.1666666666665,641.0,160,True,-1.5052654278792275,-1.5052654278792275,-3.010530855758455
480,0,2664.5,468.0,157,True,-1.3838612362763827,-1.3838612362763827,-2.7677224725527654
480,1,2339.333333333333,255.0,154,True,-1.0542713521104485,-1.0542713521104485,-2.108542704220897
480,2,2907.5,596.0,159,True,-1.5980256825188672,-1.5980256825188672,-3.1960513650377345
480,3,2887.5,342.0,155,True,-1.3294041125510925,-1.3294041125510925,-2.658808225102185
481,0,2772.5,468.0,157,True,-1.4203970955456662,-1.4203970955456662,-2.8407941910913324
481,1,2598.8333333333335,767.0,162,True,-1.6698939544010896,-1.6698939544010896,-3.339787908802179
481,2,2588.6666666666665,511.0,158,True,-1.4025370961966803,-1.4025370961966803,-2.8050741923933606
481,3,2344.333333333333,383.0,156,True,-1.1879215899632174,-1.1879215899632174,-2.375843179926435
482,0,2704.5,468.0,157,True,-1.3973930360057476,-1.3973930360057476,-2.794786072011495
482,1,2439.666666666667,623.0,160,True,-1.4675950597305727,-1.4675950597305727,-2.9351901194611454
482,2,2541.5,409.0,156,True,-1.2814262098405476,-1.2814262098405476,-2.562852419681095
482,3,2438.8333333333335,751.0,162,True,-1.5992719101228094,-1.5992719101228094,-3.198543820245619
483,0,2385.0,533.0,158,True,-1.356318094945803,-1.356318094945803,-2.712636189891606
483,1,2364.5,623.0,160,True,-1.4421665527391432,-1.4421665527391432,-2.8843331054782864
483,2,2538.5000000000005,749.0,162,True,-1.6309267887783712,-1.6309267887783712,-3.2618535775567423
483,3,2711.5,468.0,157,True,-1.3997611009583861,-1.3997611009583861,-2.7995222019167723
484,0,2800.5,468.0,157,True,-1.4298693553562207,-1.4298693553562207,-2.8597387107124415
484,1,2710.5,594.0,159,True,-1.5293197131816465,-1.5293197131816465,-3.058639426363293
484,2,2291.666666666667,383.0,156,True,-1.1701047203195547,-1.1701047203195547,-2.3402094406391094
484,3,2468.333333333333,533.0,158,True,-1.3845093443819774,-1.3845093443819774,-2.7690186887639547
485,0,2405.666666666667,330.0,155,True,-1.1540311742905105,-1.1540311742905105,-2.308062348581021
485,1,2368.0,533.0,158,True,-1.3505670800608234,-1.3505670800608234,-2.7011341601216468
485,2,2447.8333333333335,623.0,160,True,-1.4703578021753179,-1.4703578021753179,-2.9407156043506357
485,3,2393.666666666667,623.0,160,True,-1.4520334900418046,-1.4520334900418046,-2.904066980083609
486,0,2833.5,419.0,156,True,-1.3905176262154206,-1.3905176262154206,-2.7810352524308413
486,1,2965.5,545.0,158,True,-1.5650694725388152,-1.5650694725388152,-3.1301389450776305
486,2,2889.5,671.0,159,True,-1.6692559602695203,-1.6692559602695203,-3.3385119205390406
486,3,2724.5,417.0,155,True,-1.3515816162828005,-1.3515816162828005,-2.703163232565601
487,0,2248.8333333333335,255.0,154,True,-1.0236556552227634,-1.0236556552227634,-2.0473113104455267
487,1,2380.333333333333,255.0,154,True,-1.0681414468330468,-1.0681414468330468,-2.1362828936660936
487,2,2676.5,342.0,155,True,-1.2580238689786978,-1.2580238689786978,-2.5160477379573956
487,3,2387.0,509.0,158,True,-1.332252416891033,-1.332252416891033,-2.664504833782066
488,0,2431.5,625.0,160,True,-1.46689417295593,-1.46689417295593,-2.93378834591186
488,1,2470.666666666666,751.0,162,True,-1.6100409674074276,-1.6100409674074276,-3.2200819348148553
488,2,2350.8333333333335,255.0,154,True,-1.0581617445326414,-1.0581617445326414,-2.116323489065283
488,3,2803.5,342.0,154,True,-1.300987333119428,-1.300987333119428,-2.601974666238856
489,0,2644.666666666667,606.0,159,True,-1.519419760147688,-1.519419760147688,-3.038839520295376
489,1,2418.0,456.0,156,True,-1.288100386423559,-1.288100386423559,-2.576200772847118
489,2,2527.0,879.0,164,True,-1.761057014912879,-1.761057014912879,-3.522114029825758
489,3,2414.666666666667,495.0,158,True,-1.327178922013123,-1.327178922013123,-2.654357844026246
490,0,2528.666666666667,576.0,158,True,-1.4492497058809857,-1.4492497058809857,-2.8984994117619713
490,1,2506.5000000000005,698.0,161,True,-1.5675240294072514,-1.5675240294072514,-3.135048058814503
490,2,2412.0,584.0,158,True,-1.4180293793507535,-1.4180293793507535,-2.836058758701507
490,3,2520.8333333333335,623.0,160,True,-1.4950533366814074,-1.4950533366814074,-2.9901066733628148
491,0,2389.3333333333335,623.0,159,True,-1.4505675450711233,-1.4505675450711233,-2.9011350901422466
491,1,2505.666666666667,706.0,161,True,-1.5754895395933022,-1.5754895395933022,-3.1509790791866044
491,2,2462.8333333333335,330.0,155,True,-1.173370371403726,-1.173370371403726,-2.346740742807452
491,3,2363.0,383.0,156,True,-1.1942364298369201,-1.1942364298369201,-2.3884728596738403
492,0,2438.0,661.0,160,True,-1.5062064924738081,-1.5062064924738081,-3.0124129849476162
492,1,2328.0,623.0,160,True,-1.4298187854860989,-1.4298187854860989,-2.8596375709721977
492,2,2460.8333333333335,623.0,160,True,-1.474755637087362,-1.474755637087362,-2.949511274174724
492,3,2440.6666666666665,637.0,160,True,-1.482366344414528,-1.482366344414528,-2.964732688829056
493,0,2508.6666666666665,511.0,158,True,-1.3754734967379523,-1.3754734967379523,-2.7509469934759045
493,1,2433.666666666667,623.0,160,True,-1.465565289771169,-1.465565289771169,-2.931130579542338
493,2,2370.3333333333335,255.0,154,True,-1.0647584969007065,-1.0647584969007065,-2.129516993801413
493,3,2350.8333333333335,383.0,156,True,-1.1901205074192396,-1.1901205074192396,-2.380241014838479
494,0,2826.5,342.0,155,True,-1.308768117963812,-1.308768117963812,-2.617536235927624
494,1,2882.5,468.0,156,True,-1.457609544801416,-1.457609544801416,-2.915219089602832
494,2,2892.5,419.0,156,True,-1.4104770308162309,-1.4104770308162309,-2.8209540616324618
494,3,2837.5,342.0,155,True,-1.3124893628893874,-1.3124893628893874,-2.624978725778775
495,0,2565.3333333333335,517.0,158,True,-1.4008291133648605,-1.4008291133648605,-2.801658226729721
495,1,2502.666666666667,338.0,155,True,-1.1950932113146302,-1.1950932113146302,-2.3901864226292604
495,2,2398.666666666667,389.0,156,True,-1.212487851605914,-1.212487851605914,-2.424975703211828
495,3,2604.666666666667,383.0,156,True,-1.2759910532018282,-1.2759910532018282,-2.5519821064036563
496,0,2571.666666666667,517.0,158,True,-1.4029716483220107,-1.4029716483220107,-2.8059432966440214
496,1,2579.666666666667,578.0,159,True,-1.4685646062060276,-1.4685646062060276,-2.937129212412055
496,2,2415.666666666667,389.0,156,True,-1.2182388664908932,-1.2182388664908932,-2.4364777329817864
496,3,2483.3333333333335,389.0,156,True,-1.2411301610330663,-1.2411301610330663,-2.4822603220661326
497,0,2486.666666666667,517.0,158,True,-1.3742165738971117,-1.3742165738971117,-2.7484331477942234
497,1,2532.166666666667,576.0,159,True,-1.4504337383573043,-1.4504337383573043,-2.9008674767146085
497,2,2305.666666666667,338.0,155,True,-1.128449097647513,-1.128449097647513,-2.256898195295026
497,3,2571.1666666666665,450.0,157,True,-1.33373033587694,-1.33373033587694,-2.66746067175388
498,0,2548.0000000000005,383.0,156,True,-1.2568210035852294,-1.2568210035852294,-2.513642007170459
498,1,2547.0,509.0,158,True,-1.3863796158084896,-1.3863796158084896,-2.772759231616979
498,2,2401.5,629.0,160,True,-1.4608690344991146,-1.4608690344991146,-2.9217380689982293
498,3,2506.3333333333335,255.0,154,True,-1.1107666159805432,-1.1107666159805432,-2.2215332319610863
499,0,2399.0,511.0,158,True,-1.338373812479946,-1.338373812479946,-2.676747624959892
499,1,2292.0,472.0,157,True,-1.2619700626368877,-1.2619700626368877,-2.5239401252737754
499,2,2534.8333333333335,690.0,161,True,-1.5688616315351387,-1.5688616315351387,-3.1377232630702774
499,3,2361.8333333333335,383.0,156,True,-1.1938417523448148,-1.1938417523448148,-2.3876835046896296
500,0,2399.8333333333335,625.0,160,True,-1.4561814981701837,-1.4561814981701837,-2.9123629963403674
500,1,2544.3333333333335,255.0,154,True,-1.1236218257234396,-1.1236218257234396,-2.247243651446879
500,2,2328.8333333333335,523.0,158,True,-1.3270079144753057,-1.3270079144753057,-2.6540158289506115
500,3,2369.0,692.0,161,True,-1.514822900827253,-1.514822900827253,-3.029645801654506
