global_episode,worker_id,makespan,cost,steps,done,upper_reward_sum,lower_reward_sum,total_reward_sum
1,0,8361.333333333334,11142.0,379,True,-7.795925739961332,-7.795925739961332,-15.591851479922664
1,1,7000.500000000001,9307.0,358,True,-6.516006607763305,-6.516006607763305,-13.03201321552661
1,2,8123.833333333338,11166.0,381,True,-7.749541737469139,-7.749541737469139,-15.499083474938278
1,3,8133.166666666669,11120.0,386,True,-7.728199075872215,-7.728199075872215,-15.45639815174443
2,0,7134.833333333335,9725.0,368,True,-6.764131375430986,-6.764131375430986,-13.528262750861971
2,1,7377.833333333335,9330.0,355,True,-6.621129785427781,-6.621129785427781,-13.242259570855563
2,2,7096.000000000002,8864.0,352,True,-6.31185607333585,-6.31185607333585,-12.6237121466717
2,3,7490.166666666668,10196.0,377,True,-7.094149108167003,-7.094149108167003,-14.188298216334006
3,0,5962.5,7114.0,332,True,-5.131848303941854,-5.131848303941854,-10.263696607883707
3,1,6632.333333333334,7599.0,335,True,-5.546826037293723,-5.546826037293723,-11.093652074587446
3,2,7318.666666666668,8745.0,347,True,-6.3057292553702196,-6.3057292553702196,-12.611458510740439
3,3,5887.666666666667,6195.0,322,True,-4.6408517292622165,-4.6408517292622165,-9.281703458524433
4,0,5816.666666666667,5482.0,308,True,-4.256715566200855,-4.256715566200855,-8.51343113240171
4,1,5597.999999999999,5793.0,312,True,-4.3625460616972935,-4.3625460616972935,-8.725092123394587
4,2,5671.333333333334,6107.0,319,True,-4.54211776758565,-4.54211776758565,-9.0842355351713
4,3,6121.833333333333,6501.0,325,True,-4.856077354377624,-4.856077354377624,-9.712154708755248
5,0,4977.833333333333,4252.0,294,True,-3.4169181255526557,-3.4169181255526557,-6.8338362511053115
5,1,5015.0,4651.0,301,True,-3.6312492003989854,-3.6312492003989854,-7.262498400797971
5,2,5165.833333333334,4867.0,303,True,-3.7795976533054283,-3.7795976533054283,-7.559195306610857
5,3,4686.0,3684.0,289,True,-3.0527296926414023,-3.0527296926414023,-6.1054593852828045
6,0,4561.0,2488.0,272,True,-2.406912648980917,-2.406912648980917,-4.813825297961834
6,1,4350.833333333332,2969.0,278,True,-2.6022484206699223,-2.6022484206699223,-5.204496841339845
6,2,4446.833333333334,2756.0,278,True,-2.516473442334848,-2.516473442334848,-5.032946884669696
6,3,4760.166666666666,3912.0,294,True,-3.188291507012776,-3.188291507012776,-6.376583014025552
7,0,3878.0,2091.0,269,True,-2.033923592342913,-2.033923592342913,-4.067847184685826
7,1,4284.0,2817.0,279,True,-2.5075743681470217,-2.5075743681470217,-5.0151487362940435
7,2,4256.833333333333,2295.0,270,True,-2.2324767801868513,-2.2324767801868513,-4.4649535603737025
7,3,3974.8333333333335,1751.0,264,True,-1.8830590309741462,-1.8830590309741462,-3.7661180619482924
8,0,3699.5,1367.0,260,True,-1.6175518668492106,-1.6175518668492106,-3.235103733698421
8,1,4105.0,1911.0,268,True,-1.9975057498000157,-1.9975057498000157,-3.9950114996000314
8,2,4093.0,1785.0,264,True,-1.929757185073906,-1.929757185073906,-3.859514370147812
8,3,4061.6666666666665,1455.0,262,True,-1.7523440161382464,-1.7523440161382464,-3.504688032276493
9,0,4185.166666666667,2355.0,272,True,-2.2456050856089975,-2.2456050856089975,-4.491210171217995
9,1,4695.000000000001,2863.0,272,True,-2.6328470287823884,-2.6328470287823884,-5.265694057564777
9,2,4389.5,2112.0,266,True,-2.171192024975905,-2.171192024975905,-4.34238404995181
9,3,4163.499999999999,2340.0,271,True,-2.232535786901505,-2.232535786901505,-4.46507157380301
10,0,3640.8333333333335,1273.0,260,True,-1.554717124246493,-1.554717124246493,-3.109434248492986
10,1,4020.8333333333335,1813.0,266,True,-1.9263094202648532,-1.9263094202648532,-3.8526188405297064
10,2,4117.5,2353.0,272,True,-2.2278458089218502,-2.2278458089218502,-4.4556916178437005
10,3,4355.333333333333,2145.0,268,True,-2.1797106877121353,-2.1797106877121353,-4.3594213754242706
11,0,4234.833333333333,2392.0,274,True,-2.276908610322656,-2.276908610322656,-4.553817220645312
11,1,3961.5000000000005,2039.0,269,True,-2.0278342618268836,-2.0278342618268836,-4.055668523653767
11,2,3849.333333333334,1742.0,265,True,-1.8474011355914626,-1.8474011355914626,-3.694802271182925
11,3,3870.3333333333335,1828.0,266,True,-1.896809452910999,-1.896809452910999,-3.793618905821998
12,0,4238.166666666667,1928.0,266,True,-2.0391723861570306,-2.0391723861570306,-4.078344772314061
12,1,4092.6666666666665,1507.0,261,True,-1.7867441750997228,-1.7867441750997228,-3.5734883501994457
12,2,3639.3333333333335,1613.0,263,True,-1.7291534379744973,-1.7291534379744973,-3.4583068759489946
12,3,4403.166666666667,2773.0,280,True,-2.5144169506269174,-2.5144169506269174,-5.028833901253835
13,0,3584.8333333333335,1477.0,261,True,-1.645755098969373,-1.645755098969373,-3.291510197938746
13,1,3890.8333333333335,1785.0,266,True,-1.8797702347037095,-1.8797702347037095,-3.759540469407419
13,2,3608.8333333333335,972.0,255,True,-1.3920491435886908,-1.3920491435886908,-2.7840982871773816
13,3,3582.5,1167.0,257,True,-1.4857951345485498,-1.4857951345485498,-2.9715902690970997
14,0,3512.833333333333,1052.0,255,True,-1.4094436591988273,-1.4094436591988273,-2.8188873183976546
14,1,3643.0,1195.0,258,True,-1.5151500181275257,-1.5151500181275257,-3.0303000362550514
14,2,3361.3333333333335,787.0,252,True,-1.2357375668067418,-1.2357375668067418,-2.4714751336134837
14,3,3467.3333333333335,1117.0,256,True,-1.431612527799984,-1.431612527799984,-2.863225055599968
15,0,3489.6666666666665,1295.0,259,True,-1.5286512911859196,-1.5286512911859196,-3.057302582371839
15,1,3478.3333333333335,1015.0,255,True,-1.3818901859968615,-1.3818901859968615,-2.763780371993723
15,2,3434.8333333333335,1060.0,256,True,-1.3942707905356622,-1.3942707905356622,-2.7885415810713243
15,3,3565.5000000000005,1380.0,260,True,-1.5911033482302626,-1.5911033482302626,-3.182206696460525
16,0,3493.5,1200.0,258,True,-1.4807559187424915,-1.4807559187424915,-2.961511837484983
16,1,3554.3333333333335,807.0,252,True,-1.2937407788766262,-1.2937407788766262,-2.5874815577532524
16,2,3521.1666666666665,1538.0,263,True,-1.6613755923580258,-1.6613755923580258,-3.3227511847160516
16,3,3566.3333333333335,1256.0,259,True,-1.5275561816490113,-1.5275561816490113,-3.0551123632980226
17,0,3585.4999999999995,1328.0,260,True,-1.569313252593833,-1.569313252593833,-3.138626505187666
17,1,3616.3333333333335,675.0,251,True,-1.2412043358741294,-1.2412043358741294,-2.4824086717482587
17,2,3268.8333333333335,751.0,252,True,-1.1943573760918131,-1.1943573760918131,-2.3887147521836263
17,3,3578.333333333333,842.0,253,True,-1.3176697849355326,-1.3176697849355326,-2.635339569871065
18,0,3701.3333333333335,762.0,252,True,-1.3069511852033606,-1.3069511852033606,-2.6139023704067212
18,1,3469.3333333333335,762.0,252,True,-1.2495877598815843,-1.2495877598815843,-2.4991755197631687
18,2,3543.5000000000005,842.0,253,True,-1.3090570292658121,-1.3090570292658121,-2.6181140585316243
18,3,3501.3333333333335,905.0,254,True,-1.3310218073774345,-1.3310218073774345,-2.662043614754869
19,0,3569.3333333333335,1022.0,255,True,-1.4079894667894064,-1.4079894667894064,-2.815978933578813
19,1,3241.8333333333335,733.0,252,True,-1.1784269614991956,-1.1784269614991956,-2.356853922998391
19,2,3436.5,966.0,255,True,-1.3463538352651871,-1.3463538352651871,-2.6927076705303743
19,3,3500.3333333333335,660.0,251,True,-1.2048105409510297,-1.2048105409510297,-2.4096210819020594
20,0,3356.3333333333335,686.0,251,True,-1.182573265523047,-1.182573265523047,-2.365146531046094
20,1,3446.5,827.0,253,True,-1.277361101071651,-1.277361101071651,-2.554722202143302
20,2,3431.5,851.0,253,True,-1.285991590536764,-1.285991590536764,-2.571983181073528
20,3,3577.1666666666665,1146.0,257,True,-1.4736795199487709,-1.4736795199487709,-2.9473590398975418
21,0,3543.166666666667,1122.0,257,True,-1.452933479445869,-1.452933479445869,-2.905866958891738
21,1,3312.3333333333335,753.0,252,True,-1.2061412959746092,-1.2061412959746092,-2.4122825919492183
21,2,3603.166666666667,1263.0,259,True,-1.540262421328353,-1.540262421328353,-3.080524842656706
21,3,3470.5000000000005,838.0,253,True,-1.2889507755110188,-1.2889507755110188,-2.5779015510220376
22,0,3405.5000000000005,838.0,253,True,-1.272879126175177,-1.272879126175177,-2.545758252350354
22,1,3591.333333333334,1506.0,262,True,-1.6622722896098987,-1.6622722896098987,-3.3245445792197974
22,2,3506.5000000000005,979.0,255,True,-1.370345569946422,-1.370345569946422,-2.740691139892844
22,3,3341.6666666666665,829.0,253,True,-1.2524686929829083,-1.2524686929829083,-2.5049373859658166
23,0,3441.8333333333335,1143.0,257,True,-1.4386751053919595,-1.4386751053919595,-2.877350210783919
23,1,3305.3333333333335,519.0,249,True,-1.0841020196787214,-1.0841020196787214,-2.168204039357443
23,2,3509.1666666666665,1276.0,259,True,-1.5237041484545362,-1.5237041484545362,-3.0474082969090723
23,3,3363.1666666666665,1005.0,255,True,-1.3482731319475243,-1.3482731319475243,-2.6965462638950486
24,0,3187.4999999999995,827.0,253,True,-1.2133217598719093,-1.2133217598719093,-2.4266435197438185
24,1,3518.5000000000005,762.0,252,True,-1.261744520276645,-1.261744520276645,-2.52348904055329
24,2,3305.3333333333335,790.0,253,True,-1.2234336392159966,-1.2234336392159966,-2.446867278431993
24,3,3433.3333333333335,1140.0,257,True,-1.4350310117186773,-1.4350310117186773,-2.8700620234373546
25,0,3344.0,611.0,250,True,-1.1409633617739106,-1.1409633617739106,-2.281926723547821
25,1,3391.8333333333335,788.0,253,True,-1.243793018004887,-1.243793018004887,-2.487586036009774
25,2,3434.5,1039.0,256,True,-1.3833914566540233,-1.3833914566540233,-2.7667829133080466
25,3,3516.8333333333335,997.0,255,True,-1.3821550488119003,-1.3821550488119003,-2.7643100976238006
26,0,3280.5,532.0,249,True,-1.0846456300725336,-1.0846456300725336,-2.169291260145067
26,1,3473.3333333333335,981.0,255,True,-1.3631731854843763,-1.3631731854843763,-2.7263463709687525
26,2,3486.5,957.0,255,True,-1.35408939308928,-1.35408939308928,-2.70817878617856
26,3,3122.8333333333335,748.0,252,True,-1.1567155626696326,-1.1567155626696326,-2.313431125339265
27,0,3315.6666666666665,521.0,249,True,-1.087685277464509,-1.087685277464509,-2.175370554929018
27,1,3384.8333333333335,890.0,254,True,-1.2945043843825217,-1.2945043843825217,-2.5890087687650434
27,2,3494.5,1148.0,257,True,-1.4542679563771237,-1.4542679563771237,-2.9085359127542474
27,3,3367.8333333333335,1050.0,256,True,-1.372563240737755,-1.372563240737755,-2.74512648147551
28,0,4362.333333333333,2803.0,279,True,-2.5197448226198493,-2.5197448226198493,-5.039489645239699
28,1,4057.833333333333,2306.0,272,True,-2.188928334597098,-2.188928334597098,-4.377856669194196
28,2,4280.833333333334,2651.0,277,True,-2.4214443466570668,-2.4214443466570668,-4.8428886933141335
28,3,4340.333333333333,2525.0,275,True,-2.3713745962003845,-2.3713745962003845,-4.742749192400769
29,0,3634.8333333333335,1339.0,260,True,-1.5871667493384531,-1.5871667493384531,-3.1743334986769063
29,1,4285.333333333333,2444.0,274,True,-2.3161302640848853,-2.3161302640848853,-4.632260528169771
29,2,3775.4999999999995,2005.0,268,True,-1.9643638993176644,-1.9643638993176644,-3.928727798635329
29,3,4082.8333333333335,2633.0,277,True,-2.3632331315040003,-2.3632331315040003,-4.7264662630080005
30,0,3711.0,1364.0,260,True,-1.618852896048496,-1.618852896048496,-3.237705792096992
30,1,3847.0,2030.0,269,True,-1.9948961840241113,-1.9948961840241113,-3.9897923680482226
30,2,3495.8333333333335,1419.0,261,True,-1.5939292507725695,-1.5939292507725695,-3.187858501545139
30,3,3640.166666666667,1727.0,265,True,-1.7879713099536554,-1.7879713099536554,-3.5759426199073108
31,0,3844.333333333333,1937.0,268,True,-1.9464219242820606,-1.9464219242820606,-3.8928438485641212
31,1,4116.5,2750.0,277,True,-2.4317116633180684,-2.4317116633180684,-4.863423326636137
31,2,4116.833333333334,3505.0,288,True,-2.8199688892305543,-2.8199688892305543,-5.639937778461109
31,3,3797.666666666667,2071.0,269,True,-2.0037779057884886,-2.0037779057884886,-4.007555811576977
32,0,3909.833333333334,1959.0,268,True,-1.9739282556742925,-1.9739282556742925,-3.947856511348585
32,1,4209.333333333334,2705.0,277,True,-2.4315290285315996,-2.4315290285315996,-4.863058057063199
32,2,3917.3333333333335,2310.0,273,True,-2.156245401687236,-2.156245401687236,-4.312490803374472
32,3,3739.166666666666,1677.0,264,True,-1.7867427272988265,-1.7867427272988265,-3.573485454597653
33,0,3601.333333333333,1412.0,260,True,-1.6164158022029944,-1.6164158022029944,-3.232831604405989
33,1,3990.333333333333,2373.0,273,True,-2.2066858456733938,-2.2066858456733938,-4.4133716913467875
33,2,3833.9999999999995,1781.0,265,True,-1.8636612886042416,-1.8636612886042416,-3.7273225772084833
33,3,4064.3333333333335,1954.0,267,True,-2.009558635777468,-2.009558635777468,-4.019117271554936
34,0,3445.6666666666665,1139.0,257,True,-1.4375663653392776,-1.4375663653392776,-2.8751327306785552
34,1,4499.833333333333,2147.0,270,True,-2.2164674781013916,-2.2164674781013916,-4.432934956202783
34,2,4206.166666666667,2160.0,269,True,-2.1505403952164515,-2.1505403952164515,-4.301080790432903
34,3,4042.666666666667,2563.0,276,True,-2.317311959177948,-2.317311959177948,-4.634623918355896
35,0,4007.333333333333,1709.0,264,True,-1.8695010253078765,-1.8695010253078765,-3.739002050615753
35,1,4084.3333333333335,1297.0,259,True,-1.6767145555652032,-1.6767145555652032,-3.3534291111304064
35,2,4238.5,2015.0,268,True,-2.083984881992394,-2.083984881992394,-4.167969763984788
35,3,3705.666666666667,1447.0,261,True,-1.6602077184667097,-1.6602077184667097,-3.3204154369334193
36,0,3860.6666666666665,1913.0,268,True,-1.938121109675118,-1.938121109675118,-3.876242219350236
36,1,3663.166666666667,1210.0,258,True,-1.5278484326195747,-1.5278484326195747,-3.0556968652391494
36,2,4008.3333333333335,1538.0,262,True,-1.781830543662302,-1.781830543662302,-3.563661087324604
36,3,3653.0,1373.0,259,True,-1.6091392890753782,-1.6091392890753782,-3.2182785781507564
37,0,4278.0,1555.0,262,True,-1.8572476436245848,-1.8572476436245848,-3.7144952872491697
37,1,3437.8333333333335,1089.0,257,True,-1.409922584673488,-1.409922584673488,-2.819845169346976
37,2,3944.3333333333335,1521.0,261,True,-1.7572657905729157,-1.7572657905729157,-3.5145315811458313
37,3,3693.5,1477.0,261,True,-1.672623599910322,-1.672623599910322,-3.345247199820644
38,0,3859.1666666666665,1583.0,263,True,-1.7680844156910391,-1.7680844156910391,-3.5361688313820783
38,1,3836.6666666666665,1488.0,263,True,-1.7136779647987332,-1.7136779647987332,-3.4273559295974665
38,2,3529.3333333333335,896.0,254,True,-1.3333177300417018,-1.3333177300417018,-2.6666354600834037
38,3,3919.8333333333335,896.0,253,True,-1.429871254128571,-1.429871254128571,-2.859742508257142
39,0,3816.666666666667,948.0,255,True,-1.4310978804865773,-1.4310978804865773,-2.8621957609731545
39,1,3994.666666666666,1451.0,261,True,-1.7337212992452244,-1.7337212992452244,-3.467442598490449
39,2,4030.6666666666665,1323.0,259,True,-1.6768127517783127,-1.6768127517783127,-3.3536255035566254
39,3,3163.6666666666665,653.0,251,True,-1.1179686675404559,-1.1179686675404559,-2.2359373350809117
40,0,4075.1666666666665,1106.0,257,True,-1.5762475267764589,-1.5762475267764589,-3.1524950535529177
40,1,3548.333333333333,1026.0,256,True,-1.4048536430431335,-1.4048536430431335,-2.809707286086267
40,2,3378.8333333333335,883.0,254,True,-1.289421875798387,-1.289421875798387,-2.578843751596774
40,3,4032.666666666667,844.0,253,True,-1.4310347704923052,-1.4310347704923052,-2.8620695409846104
41,0,3444.3333333333335,872.0,254,True,-1.2999616262137546,-1.2999616262137546,-2.599923252427509
41,1,3467.0000000000005,896.0,254,True,-1.3179054304222038,-1.3179054304222038,-2.6358108608444075
41,2,3532.5,1024.0,256,True,-1.3999104764673909,-1.3999104764673909,-2.7998209529347817
41,3,3468.3333333333335,495.0,249,True,-1.1120654394706044,-1.1120654394706044,-2.224130878941209
42,0,3091.8333333333335,521.0,249,True,-1.032341110649031,-1.032341110649031,-2.064682221298062
42,1,3461.5,983.0,255,True,-1.3612755987530691,-1.3612755987530691,-2.7225511975061383
42,2,3323.3333333333335,842.0,253,True,-1.2546194683103042,-1.2546194683103042,-2.5092389366206085
42,3,3366.8333333333335,666.0,251,True,-1.17488667868153,-1.17488667868153,-2.34977335736306
43,0,3270.8333333333335,959.0,255,True,-1.3017927624150594,-1.3017927624150594,-2.6035855248301187
43,1,3272.3333333333335,816.0,253,True,-1.2286417957307598,-1.2286417957307598,-2.4572835914615196
43,2,3182.1666666666665,961.0,255,True,-1.2808976619816415,-1.2808976619816415,-2.561795323963283
43,3,3882.6666666666665,1041.0,255,True,-1.4952316959917558,-1.4952316959917558,-2.9904633919835115
44,0,3200.3333333333335,649.0,251,True,-1.1249781708702389,-1.1249781708702389,-2.2499563417404778
44,1,3139.3333333333335,653.0,251,True,-1.1119521013788318,-1.1119521013788318,-2.2239042027576637
44,2,3426.0000000000005,775.0,252,True,-1.245557131618273,-1.245557131618273,-2.491114263236546
44,3,3628.666666666667,820.0,252,True,-1.3188039568469165,-1.3188039568469165,-2.637607913693833
45,0,3452.5000000000005,998.0,255,True,-1.366762375722624,-1.366762375722624,-2.733524751445248
45,1,3310.6666666666665,742.0,252,True,-1.2000736754096064,-1.2000736754096064,-2.400147350819213
45,2,3343.5000000000005,838.0,253,True,-1.2575492452702197,-1.2575492452702197,-2.5150984905404394
45,3,3326.3333333333335,686.0,251,True,-1.1751555812141974,-1.1751555812141974,-2.3503111624283948
46,0,3173.3333333333335,807.0,253,True,-1.1995361881542268,-1.1995361881542268,-2.3990723763084536
46,1,3440.5000000000005,972.0,255,True,-1.3504276927445857,-1.3504276927445857,-2.7008553854891715
46,2,3634.166666666667,831.0,253,True,-1.3258193926291608,-1.3258193926291608,-2.6516387852583216
46,3,4059.666666666667,920.0,254,True,-1.4767852364988052,-1.4767852364988052,-2.9535704729976104
47,0,3246.3333333333335,896.0,254,True,-1.2633442413948808,-1.2633442413948808,-2.5266884827897615
47,1,3313.6666666666665,677.0,251,True,-1.1673964207042449,-1.1673964207042449,-2.3347928414084897
47,2,3226.333333333333,766.0,252,True,-1.1915610722498196,-1.1915610722498196,-2.383122144499639
47,3,3799.0,731.0,252,True,-1.315161565222493,-1.315161565222493,-2.630323130444986
48,0,3825.666666666667,900.0,253,True,-1.408644522540159,-1.408644522540159,-2.817289045080318
48,1,3286.5000000000005,753.0,252,True,-1.1997538455975436,-1.1997538455975436,-2.3995076911950872
48,2,3041.5,512.0,249,True,-1.0152686353957443,-1.0152686353957443,-2.0305372707914886
48,3,3807.666666666667,900.0,253,True,-1.4041939119548474,-1.4041939119548474,-2.808387823909695
49,0,3616.3333333333335,1260.0,259,True,-1.5419755441003504,-1.5419755441003504,-3.083951088200701
49,1,3905.8333333333335,1249.0,258,True,-1.607900670688468,-1.607900670688468,-3.215801341376936
49,2,3609.1666666666665,1225.0,258,True,-1.5222086831258563,-1.5222086831258563,-3.0444173662517127
49,3,3237.3333333333335,820.0,252,True,-1.2220443859736907,-1.2220443859736907,-2.4440887719473814
50,0,3336.3333333333335,907.0,254,True,-1.2912528213137189,-1.2912528213137189,-2.5825056426274378
50,1,3307.833333333333,1132.0,257,True,-1.3998872551534725,-1.3998872551534725,-2.799774510306945
50,2,3297.5,1113.0,257,True,-1.3875636374705134,-1.3875636374705134,-2.7751272749410267
50,3,3198.3333333333335,896.0,254,True,-1.2514759465007195,-1.2514759465007195,-2.502951893001439
51,0,3189.0,831.0,253,True,-1.2157491993572753,-1.2157491993572753,-2.4314983987145506
51,1,3225.166666666667,649.0,251,True,-1.1311183651036765,-1.1311183651036765,-2.262236730207353
51,2,3097.3333333333335,742.0,252,True,-1.1473256981022253,-1.1473256981022253,-2.2946513962044506
51,3,3424.3333333333335,907.0,254,True,-1.3130113619530144,-1.3130113619530144,-2.6260227239060288
52,0,3144.8333333333335,870.0,254,True,-1.2248801335621056,-1.2248801335621056,-2.449760267124211
52,1,3137.6666666666665,818.0,253,True,-1.196372912690436,-1.196372912690436,-2.392745825380872
52,2,3188.5,983.0,255,True,-1.2937746715425296,-1.2937746715425296,-2.587549343085059
52,3,3076.8333333333335,512.0,249,True,-1.0240050191372791,-1.0240050191372791,-2.0480100382745583
53,0,3185.3333333333335,851.0,253,True,-1.2251253698469187,-1.2251253698469187,-2.4502507396938373
53,1,3101.3333333333335,742.0,252,True,-1.1483147226767387,-1.1483147226767387,-2.2966294453534775
53,2,3170.3333333333335,762.0,252,True,-1.1756581729367102,-1.1756581729367102,-2.3513163458734203
53,3,3073.3333333333335,762.0,252,True,-1.1516743270047607,-1.1516743270047607,-2.3033486540095214
54,0,3407.8333333333335,1115.0,257,True,-1.4158725096191358,-1.4158725096191358,-2.8317450192382716
54,1,3267.3333333333335,1157.0,257,True,-1.402726851773544,-1.402726851773544,-2.805453703547088
54,2,3295.3333333333335,920.0,254,True,-1.2877991240522062,-1.2877991240522062,-2.5755982481044124
54,3,3036.8333333333335,896.0,253,True,-1.2115440793047423,-1.2115440793047423,-2.4230881586094846
55,0,3099.3333333333335,855.0,253,True,-1.205917896764803,-1.205917896764803,-2.411835793529606
55,1,3398.333333333333,1137.0,257,True,-1.4248346302392414,-1.4248346302392414,-2.849669260478483
55,2,3389.5000000000005,1323.0,260,True,-1.5182803543552732,-1.5182803543552732,-3.0365607087105464
55,3,3187.6666666666665,1059.0,256,True,-1.3326431748847072,-1.3326431748847072,-2.6652863497694144
56,0,3238.8333333333335,931.0,254,True,-1.2794846789294934,-1.2794846789294934,-2.5589693578589867
56,1,3397.5000000000005,1302.0,259,True,-1.5094614883372044,-1.5094614883372044,-3.018922976674409
56,2,3285.5000000000005,1245.0,258,True,-1.4524628876544277,-1.4524628876544277,-2.9049257753088553
56,3,3200.3333333333335,907.0,254,True,-1.257625985780264,-1.257625985780264,-2.515251971560528
57,0,3320.1666666666665,1011.0,254,True,-1.3407259506763896,-1.3407259506763896,-2.681451901352779
57,1,3142.8333333333335,686.0,251,True,-1.129784078858395,-1.129784078858395,-2.25956815771679
57,2,3565.8333333333335,1321.0,259,True,-1.5608515767134437,-1.5608515767134437,-3.1217031534268873
57,3,3248.6666666666665,1083.0,256,True,-1.360065131265574,-1.360065131265574,-2.720130262531148
58,0,3349.5,1499.0,262,True,-1.5988785404867463,-1.5988785404867463,-3.1977570809734925
58,1,3434.8333333333335,1074.0,256,True,-1.4014687339803915,-1.4014687339803915,-2.802937467960783
58,2,3249.166666666667,916.0,254,True,-1.2743275768181084,-1.2743275768181084,-2.5486551536362168
58,3,3356.166666666666,1202.0,258,True,-1.447827685985827,-1.447827685985827,-2.895655371971654
59,0,3178.3333333333335,686.0,251,True,-1.1385616719572007,-1.1385616719572007,-2.2771233439144014
59,1,3159.3333333333335,686.0,251,True,-1.1338638052282628,-1.1338638052282628,-2.2677276104565256
59,2,3223.3333333333335,686.0,251,True,-1.1496881984204772,-1.1496881984204772,-2.2993763968409544
59,3,3166.3333333333335,751.0,252,True,-1.169013621369908,-1.169013621369908,-2.338027242739816
60,0,3271.333333333333,742.0,252,True,-1.1903482670935572,-1.1903482670935572,-2.3806965341871145
60,1,3278.6666666666665,818.0,253,True,-1.2312360289420339,-1.2312360289420339,-2.4624720578840678
60,2,3641.8333333333335,1193.0,258,True,-1.513833274991664,-1.513833274991664,-3.027666549983328
60,3,3153.8333333333335,731.0,251,True,-1.155640143224939,-1.155640143224939,-2.311280286449878
61,0,3207.333333333333,989.0,255,True,-1.301516161819081,-1.301516161819081,-2.603032323638162
61,1,3140.8333333333335,750.0,252,True,-1.1621944508899045,-1.1621944508899045,-2.324388901779809
61,2,3110.3333333333335,796.0,253,True,-1.1783035241133544,-1.1783035241133544,-2.3566070482267087
61,3,3033.8333333333335,677.0,251,True,-1.0982059098455788,-1.0982059098455788,-2.1964118196911575
62,0,3374.3333333333335,831.0,253,True,-1.2615740046430617,-1.2615740046430617,-2.5231480092861234
62,1,3388.3333333333335,972.0,255,True,-1.3375291639186402,-1.3375291639186402,-2.6750583278372804
62,2,3199.3333333333335,766.0,252,True,-1.1848851563718539,-1.1848851563718539,-2.3697703127437078
62,3,3125.5,655.0,251,True,-1.1095600023602679,-1.1095600023602679,-2.2191200047205357
63,0,3220.3333333333335,595.0,250,True,-1.1021597975988464,-1.1021597975988464,-2.204319595197693
63,1,3338.8333333333335,981.0,255,True,-1.329917234166363,-1.329917234166363,-2.659834468332726
63,2,3295.3333333333335,816.0,253,True,-1.2343286870342114,-1.2343286870342114,-2.468657374068423
63,3,3461.3333333333335,790.0,253,True,-1.2620055976220181,-1.2620055976220181,-2.5240111952440363
64,0,4081.8333333333335,2785.0,280,True,-2.441134975617443,-2.441134975617443,-4.882269951234886
64,1,3813.0,2362.0,274,True,-2.157183562544343,-2.157183562544343,-4.314367125088686
64,2,4166.833333333334,1978.0,269,True,-2.0472417221189114,-2.0472417221189114,-4.094483444237823
64,3,4265.0,2824.0,280,True,-2.506475473140451,-2.506475473140451,-5.012950946280902
65,0,4063.5000000000005,2680.0,278,True,-2.3826173704821167,-2.3826173704821167,-4.7652347409642335
65,1,4081.1666666666665,3148.0,284,True,-2.6276025289338616,-2.6276025289338616,-5.255205057867723
65,2,4040.8333333333335,2655.0,277,True,-2.3641594274561863,-2.3641594274561863,-4.728318854912373
65,3,3913.666666666667,1794.0,263,True,-1.890043166007216,-1.890043166007216,-3.780086332014432
66,0,4500.666666666666,2559.0,277,True,-2.428498717689807,-2.428498717689807,-4.856997435379614
66,1,4574.333333333334,2849.0,280,True,-2.595813510673172,-2.595813510673172,-5.191627021346344
66,2,4135.333333333333,2808.0,279,True,-2.466188372103616,-2.466188372103616,-4.932376744207232
66,3,3705.1666666666665,1748.0,266,True,-1.8148398744565926,-1.8148398744565926,-3.629679748913185
67,0,4119.5,2242.0,272,True,-2.1712709124687466,-2.1712709124687466,-4.342541824937493
67,1,4507.0,2886.0,280,True,-2.598188066582315,-2.598188066582315,-5.19637613316463
67,2,3929.1666666666665,1937.0,268,True,-1.9673974871331967,-1.9673974871331967,-3.9347949742663935
67,3,4589.166666666666,2951.0,281,True,-2.6519233028533566,-2.6519233028533566,-5.303846605706713
68,0,4215.0,1945.0,269,True,-2.04218464539348,-2.04218464539348,-4.08436929078696
68,1,3985.5,1867.0,267,True,-1.9453365326672787,-1.9453365326672787,-3.8906730653345574
68,2,3923.833333333333,2017.0,269,True,-2.0072098930989735,-2.0072098930989735,-4.014419786197947
68,3,3759.166666666667,1334.0,260,True,-1.6153382357755066,-1.6153382357755066,-3.2306764715510132
69,0,3908.6666666666665,1581.0,263,True,-1.7792953171656805,-1.7792953171656805,-3.558590634331361
69,1,3735.8333333333335,1039.0,256,True,-1.4578979746006986,-1.4578979746006986,-2.915795949201397
69,2,4222.333333333334,1492.0,261,True,-1.8110929727946556,-1.8110929727946556,-3.6221859455893113
69,3,3733.666666666667,1906.0,267,True,-1.9031206077119565,-1.9031206077119565,-3.806241215423913
70,0,3696.0,1579.0,262,True,-1.725683899652423,-1.725683899652423,-3.451367799304846
70,1,3411.8333333333335,731.0,252,True,-1.2194322282810535,-1.2194322282810535,-2.438864456562107
70,2,3939.8333333333335,1130.0,257,True,-1.5551248602916263,-1.5551248602916263,-3.1102497205832527
70,3,3523.8333333333335,1371.0,260,True,-1.5761737595550884,-1.5761737595550884,-3.152347519110177
71,0,3513.166666666667,874.0,254,True,-1.3180093684018017,-1.3180093684018017,-2.6360187368036034
71,1,3480.1666666666665,575.0,250,True,-1.1561224092353302,-1.1561224092353302,-2.3122448184706603
71,2,3662.1666666666665,1091.0,257,True,-1.466418657195741,-1.466418657195741,-2.932837314391482
71,3,3616.333333333333,1499.0,261,True,-1.664854721478242,-1.664854721478242,-3.329709442956484
72,0,3543.3333333333335,742.0,252,True,-1.2576019381604682,-1.2576019381604682,-2.5152038763209363
72,1,3544.166666666667,872.0,254,True,-1.324646031219319,-1.324646031219319,-2.649292062438638
72,2,3936.6666666666665,900.0,254,True,-1.4360899544829058,-1.4360899544829058,-2.8721799089658115
72,3,3295.6666666666665,677.0,251,True,-1.1629458101189343,-1.1629458101189343,-2.3258916202378686
73,0,3457.3333333333335,675.0,251,True,-1.2018906090372217,-1.2018906090372217,-2.4037812180744433
73,1,3389.166666666667,664.0,251,True,-1.179380454920936,-1.179380454920936,-2.358760909841872
73,2,3817.6666666666665,900.0,254,True,-1.4066664733911307,-1.4066664733911307,-2.8133329467822614
73,3,3957.166666666667,870.0,254,True,-1.4257345409028648,-1.4257345409028648,-2.8514690818057296
74,0,3305.1666666666665,675.0,251,True,-1.1642664658484427,-1.1642664658484427,-2.3285329316968855
74,1,3155.4999999999995,803.0,253,True,-1.1930702316562647,-1.1930702316562647,-2.3861404633125294
74,2,3647.8333333333335,896.0,254,True,-1.3626175830616616,-1.3626175830616616,-2.725235166123323
74,3,3789.0000000000005,1061.0,256,True,-1.4823548135548477,-1.4823548135548477,-2.9647096271096953
75,0,3743.666666666667,820.0,253,True,-1.347238413364176,-1.347238413364176,-2.694476826728352
75,1,3378.6666666666665,677.0,251,True,-1.1834680700400875,-1.1834680700400875,-2.366936140080175
75,2,3411.8333333333335,872.0,254,True,-1.291925801545835,-1.291925801545835,-2.58385160309167
75,3,3498.3333333333335,707.0,252,True,-1.228480553085367,-1.228480553085367,-2.456961106170734
76,0,3378.3333333333335,816.0,253,True,-1.2548509469553646,-1.2548509469553646,-2.509701893910729
76,1,3337.3333333333335,831.0,253,True,-1.2524255273288127,-1.2524255273288127,-2.5048510546576255
76,2,3221.3333333333335,653.0,251,True,-1.132227105156356,-1.132227105156356,-2.264454210312712
76,3,3224.6666666666665,653.0,251,True,-1.1330512923017844,-1.1330512923017844,-2.2661025846035687
77,0,3409.3333333333335,762.0,252,True,-1.2347523912638845,-1.2347523912638845,-2.469504782527769
77,1,3190.6666666666665,653.0,251,True,-1.1246445834184209,-1.1246445834184209,-2.2492891668368418
77,2,3172.6666666666665,742.0,252,True,-1.1659523275888943,-1.1659523275888943,-2.3319046551777887
77,3,3461.166666666667,534.0,249,True,-1.1303448509896832,-1.1303448509896832,-2.2606897019793664
78,0,3419.6666666666665,766.0,251,True,-1.2393639266846335,-1.2393639266846335,-2.478727853369267
78,1,3270.1666666666665,744.0,252,True,-1.1910880792276204,-1.1910880792276204,-2.3821761584552408
78,2,3373.8333333333335,727.0,252,True,-1.207979939553253,-1.207979939553253,-2.415959879106506
78,3,3732.166666666667,731.0,252,True,-1.298636612956666,-1.298636612956666,-2.597273225913332
79,0,3198.3333333333335,512.0,249,True,-1.0540466405881237,-1.0540466405881237,-2.1080932811762474
79,1,3312.5,590.0,250,True,-1.1223778780825222,-1.1223778780825222,-2.2447557561650444
79,2,3574.5,807.0,253,True,-1.298727111106465,-1.298727111106465,-2.59745422221293
79,3,3545.5,807.0,253,True,-1.2915566829412424,-1.2915566829412424,-2.5831133658824847
80,0,3821.6666666666665,900.0,254,True,-1.4076554979656446,-1.4076554979656446,-2.815310995931289
80,1,3774.1666666666665,1030.0,255,True,-1.4627488774157917,-1.4627488774157917,-2.9254977548315835
80,2,3325.6666666666665,796.0,253,True,-1.23154601370799,-1.23154601370799,-2.46309202741598
80,3,3853.6666666666665,900.0,253,True,-1.4155676945617515,-1.4155676945617515,-2.831135389123503
81,0,3273.5,785.0,253,True,-1.212991957889757,-1.212991957889757,-2.425983915779514
81,1,3799.666666666667,900.0,254,True,-1.4022158628058206,-1.4022158628058206,-2.804431725611641
81,2,3605.6666666666665,911.0,254,True,-1.3599036979342105,-1.3599036979342105,-2.719807395868421
81,3,3823.333333333333,1106.0,257,True,-1.5139801879393868,-1.5139801879393868,-3.0279603758787736
82,0,3363.333333333333,742.0,252,True,-1.2130958323073653,-1.2130958323073653,-2.4261916646147306
82,1,3807.5,731.0,252,True,-1.3172632424433346,-1.3172632424433346,-2.634526484886669
82,2,3341.333333333333,742.0,252,True,-1.207656197147541,-1.207656197147541,-2.415312394295082
82,3,3238.5,757.0,251,True,-1.1899421059733046,-1.1899421059733046,-2.3798842119466093
83,0,3126.6666666666665,512.0,249,True,-1.0363266169614254,-1.0363266169614254,-2.0726532339228507
83,1,3163.5,512.0,249,True,-1.0454338849184024,-1.0454338849184024,-2.090867769836805
83,2,3810.6666666666665,900.0,254,True,-1.4049356803857345,-1.4049356803857345,-2.809871360771469
83,3,3255.166666666667,731.0,252,True,-1.1806954324459458,-1.1806954324459458,-2.3613908648918915
84,0,3231.3333333333335,807.0,253,True,-1.2138770444846703,-1.2138770444846703,-2.4277540889693405
84,1,3021.3333333333335,607.0,250,True,-1.0591254908265746,-1.0591254908265746,-2.118250981653149
84,2,2945.5,601.0,250,True,-1.037290400363207,-1.037290400363207,-2.074580800726414
84,3,3266.8333333333335,794.0,253,True,-1.2159708329562278,-1.2159708329562278,-2.4319416659124555
85,0,3679.666666666667,900.0,254,True,-1.3725451255704193,-1.3725451255704193,-2.7450902511408386
85,1,3622.166666666667,1132.0,257,True,-1.4776081029673165,-1.4776081029673165,-2.955216205934633
85,2,3220.0,919.0,254,True,-1.2686583557480564,-1.2686583557480564,-2.537316711496113
85,3,3110.5,525.0,249,True,-1.0390131139333494,-1.0390131139333494,-2.0780262278666988
86,0,3360.166666666667,900.0,254,True,-1.293546787681163,-1.293546787681163,-2.587093575362326
86,1,3673.8333333333335,976.0,255,True,-1.4101773481944557,-1.4101773481944557,-2.8203546963889115
86,2,3275.8333333333335,798.0,253,True,-1.2202526935188052,-1.2202526935188052,-2.4405053870376103
86,3,3029.3333333333335,512.0,249,True,-1.0122603523149325,-1.0122603523149325,-2.024520704629865
87,0,3204.1666666666665,655.0,251,True,-1.1290108189923636,-1.1290108189923636,-2.258021637984727
87,1,3341.8333333333335,967.0,255,True,-1.3234610591525184,-1.3234610591525184,-2.646922118305037
87,2,3065.166666666667,766.0,252,True,-1.151711623768384,-1.151711623768384,-2.303423247536768
87,3,3299.3333333333335,911.0,254,True,-1.2841608992693927,-1.2841608992693927,-2.5683217985387854
88,0,3078.6666666666665,742.0,251,True,-1.1427102500878297,-1.1427102500878297,-2.2854205001756593
88,1,3340.5,1002.0,255,True,-1.3411262429061719,-1.3411262429061719,-2.6822524858123438
88,2,3170.3333333333335,766.0,252,True,-1.1777147282066325,-1.1777147282066325,-2.355429456413265
88,3,2988.3333333333335,512.0,249,True,-1.0021228504261703,-1.0021228504261703,-2.0042457008523407
89,0,3210.6666666666665,677.0,251,True,-1.1419290379105247,-1.1419290379105247,-2.2838580758210494
89,1,3158.3333333333335,677.0,251,True,-1.1289892997273074,-1.1289892997273074,-2.257978599454615
89,2,3140.3333333333335,807.0,253,True,-1.1913767354144909,-1.1913767354144909,-2.3827534708289817
89,3,3126.5,601.0,250,True,-1.082043762359938,-1.082043762359938,-2.164087524719876
90,0,3284.6666666666665,898.0,254,True,-1.273850671202261,-1.273850671202261,-2.547701342404522
90,1,3145.333333333333,681.0,251,True,-1.1278315251300621,-1.1278315251300621,-2.2556630502601243
90,2,3824.3333333333335,1069.0,255,True,-1.4952043078362285,-1.4952043078362285,-2.990408615672457
90,3,3275.8333333333335,809.0,253,True,-1.2259082205110936,-1.2259082205110936,-2.451816441022187
91,0,3018.5,512.0,249,True,-1.0095817440922923,-1.0095817440922923,-2.0191634881845846
91,1,2864.5,512.0,249,True,-0.9715042979735269,-0.9715042979735269,-1.9430085959470538
91,2,3185.8333333333335,757.0,252,True,-1.176919949075545,-1.176919949075545,-2.35383989815109
91,3,2939.6666666666665,512.0,249,True,-0.9900897181029239,-0.9900897181029239,-1.9801794362058478
92,0,2956.5,512.0,249,True,-0.9942518631873349,-0.9942518631873349,-1.9885037263746699
92,1,3143.5,525.0,249,True,-1.0471725666730844,-1.0471725666730844,-2.094345133346169
92,2,3000.8333333333335,525.0,249,True,-1.0118973568487744,-1.0118973568487744,-2.0237947136975487
92,3,2944.6666666666665,653.0,251,True,-1.0638195720858465,-1.0638195720858465,-2.127639144171693
93,0,3384.5,820.0,253,True,-1.2584322484443284,-1.2584322484443284,-2.516864496888657
93,1,3082.6666666666665,653.0,251,True,-1.097940919906559,-1.097940919906559,-2.195881839813118
93,2,3010.3333333333335,626.0,250,True,-1.0661743107787962,-1.0661743107787962,-2.1323486215575924
93,3,3314.8333333333335,907.0,254,True,-1.2859368142257097,-1.2859368142257097,-2.5718736284514194
94,0,3159.6666666666665,653.0,251,True,-1.1169796429659418,-1.1169796429659418,-2.2339592859318835
94,1,3584.5,796.0,253,True,-1.2955441455504597,-1.2955441455504597,-2.5910882911009194
94,2,3372.666666666667,883.0,254,True,-1.2878971295793462,-1.2878971295793462,-2.5757942591586924
94,3,3160.8333333333335,742.0,252,True,-1.1630264632226257,-1.1630264632226257,-2.3260529264452514
95,0,3050.6666666666665,662.0,251,True,-1.094655972667779,-1.094655972667779,-2.189311945335558
95,1,3268.8333333333335,783.0,253,True,-1.2108098182511968,-1.2108098182511968,-2.4216196365023936
95,2,3333.6666666666665,807.0,253,True,-1.2391795898493052,-1.2391795898493052,-2.4783591796986104
95,3,2974.6666666666665,653.0,251,True,-1.071237256394699,-1.071237256394699,-2.142474512789398
96,0,3151.333333333333,742.0,252,True,-1.1606775298581566,-1.1606775298581566,-2.3213550597163133
96,1,2999.166666666667,521.0,249,True,-1.0094287080061384,-1.0094287080061384,-2.0188574160122768
96,2,3009.6666666666665,573.0,250,True,-1.0387601160232327,-1.0387601160232327,-2.0775202320464654
96,3,3280.3333333333335,686.0,251,True,-1.1637817986072925,-1.1637817986072925,-2.327563597214585
97,0,3319.6666666666665,677.0,251,True,-1.1688799575660154,-1.1688799575660154,-2.3377599151320307
97,1,3165.8333333333335,818.0,253,True,-1.203337294069302,-1.203337294069302,-2.406674588138604
97,2,3007.6666666666665,653.0,251,True,-1.0793967091344325,-1.0793967091344325,-2.158793418268865
97,3,2966.8333333333335,653.0,251,True,-1.0693004166029434,-1.0693004166029434,-2.138600833205887
98,0,3141.5,525.0,249,True,-1.0466780543858287,-1.0466780543858287,-2.0933561087716575
98,1,3740.5000000000005,1043.0,256,True,-1.46110839187422,-1.46110839187422,-2.92221678374844
98,2,3270.5000000000005,757.0,252,True,-1.1978543025694128,-1.1978543025694128,-2.3957086051388257
98,3,3344.5,1039.0,256,True,-1.3611384037274723,-1.3611384037274723,-2.7222768074549446
99,0,3302.5,681.0,251,True,-1.1666919490369845,-1.1666919490369845,-2.333383898073969
99,1,3183.8333333333335,809.0,253,True,-1.2031606552972853,-1.2031606552972853,-2.4063213105945707
99,2,3217.8333333333335,811.0,253,True,-1.2125956418156116,-1.2125956418156116,-2.4251912836312233
99,3,3155.8333333333335,809.0,253,True,-1.1962374832756926,-1.1962374832756926,-2.392474966551385
100,0,3162.3333333333335,766.0,252,True,-1.1757366790576047,-1.1757366790576047,-2.3514733581152094
100,1,3006.3333333333335,512.0,249,True,-1.0065734610114805,-1.0065734610114805,-2.013146922022961
100,2,3271.3333333333335,677.0,251,True,-1.1569292439573111,-1.1569292439573111,-2.3138584879146222
100,3,2964.3333333333335,626.0,250,True,-1.054800528171892,-1.054800528171892,-2.109601056343784
101,0,3189.8333333333335,792.0,252,True,-1.1959038322618845,-1.1959038322618845,-2.391807664523769
101,1,2984.3333333333335,662.0,250,True,-1.0782546484737656,-1.0782546484737656,-2.1565092969475312
101,2,3325.833333333333,753.0,252,True,-1.2094792539135903,-1.2094792539135903,-2.4189585078271807
101,3,3253.3333333333335,957.0,255,True,-1.2964375022666033,-1.2964375022666033,-2.5928750045332065
102,0,3547.3333333333335,1384.0,260,True,-1.5886680835576033,-1.5886680835576033,-3.1773361671152065
102,1,3676.3333333333335,1760.0,264,True,-1.8138803214584112,-1.8138803214584112,-3.6277606429168223
102,2,3869.9999999999995,1430.0,260,True,-1.6920997848391301,-1.6920997848391301,-3.3841995696782603
102,3,3825.1666666666665,1783.0,264,True,-1.8625054703038197,-1.8625054703038197,-3.7250109406076395
103,0,4428.0,2275.0,272,True,-2.264516013754955,-2.264516013754955,-4.52903202750991
103,1,3872.5,1807.0,265,True,-1.8865482593884315,-1.8865482593884315,-3.773096518776863
103,2,4002.833333333333,1892.0,264,True,-1.96247577626052,-1.96247577626052,-3.92495155252104
103,3,4290.333333333333,1369.0,260,True,-1.7646673160112536,-1.7646673160112536,-3.529334632022507
104,0,3590.666666666667,1200.0,257,True,-1.5047809740317137,-1.5047809740317137,-3.0095619480634275
104,1,3953.5,1369.0,259,True,-1.6813832049657715,-1.6813832049657715,-3.362766409931543
104,2,3632.666666666667,970.0,255,True,-1.3969138040435392,-1.3969138040435392,-2.7938276080870783
104,3,3766.0,1445.0,260,True,-1.6740972281639934,-1.6740972281639934,-3.348194456327987
105,0,4235.166666666666,1464.0,261,True,-1.799870206415092,-1.799870206415092,-3.599740412830184
105,1,3728.6666666666665,1169.0,258,True,-1.5229640185105213,-1.5229640185105213,-3.0459280370210426
105,2,3736.1666666666665,996.0,254,True,-1.435872424163571,-1.435872424163571,-2.871744848327142
105,3,3899.5,1215.0,258,True,-1.5888539953178111,-1.5888539953178111,-3.1777079906356223
106,0,3815.3333333333335,924.0,253,True,-1.4184288740088686,-1.4184288740088686,-2.8368577480177373
106,1,3745.6666666666665,820.0,253,True,-1.3477329256514323,-1.3477329256514323,-2.6954658513028646
106,2,3409.8333333333335,909.0,254,True,-1.3104544255053627,-1.3104544255053627,-2.6209088510107255
106,3,3437.833333333333,853.0,253,True,-1.2885858237480377,-1.2885858237480377,-2.5771716474960753
107,0,3407.666666666667,755.0,252,True,-1.2307413259688051,-1.2307413259688051,-2.4614826519376103
107,1,3274.333333333333,965.0,254,True,-1.305742991822644,-1.305742991822644,-2.611485983645288
107,2,3312.5,922.0,254,True,-1.2930719654861214,-1.2930719654861214,-2.5861439309722427
107,3,3232.3333333333335,740.0,251,True,-1.1796769998570906,-1.1796769998570906,-2.3593539997141812
108,0,3161.8333333333335,686.0,251,True,-1.1344819455873336,-1.1344819455873336,-2.2689638911746672
108,1,3389.3333333333335,668.0,251,True,-1.1814782195481297,-1.1814782195481297,-2.3629564390962594
108,2,3189.3333333333335,762.0,251,True,-1.180356039665648,-1.180356039665648,-2.360712079331296
108,3,3339.3333333333335,748.0,252,True,-1.2102465177651698,-1.2102465177651698,-2.4204930355303396
109,0,3224.3333333333335,653.0,251,True,-1.1329688735872419,-1.1329688735872419,-2.2659377471744837
109,1,3428.5,983.0,255,True,-1.353116146013333,-1.353116146013333,-2.706232292026666
109,2,3267.6666666666665,597.0,250,True,-1.1148915326988837,-1.1148915326988837,-2.2297830653977675
109,3,3208.8333333333335,822.0,253,True,-1.2160258635152443,-1.2160258635152443,-2.4320517270304887
110,0,3225.8333333333335,824.0,253,True,-1.221257495591887,-1.221257495591887,-2.442514991183774
110,1,3078.5,445.0,248,True,-0.9899698119387843,-0.9899698119387843,-1.9799396238775686
110,2,3160.5,837.0,253,True,-1.211787232168751,-1.211787232168751,-2.423574464337502
110,3,3562.8333333333335,1368.0,260,True,-1.5842743327041504,-1.5842743327041504,-3.168548665408301
111,0,3385.166666666667,900.0,253,True,-1.2997281912718723,-1.2997281912718723,-2.5994563825437447
111,1,3472.3333333333335,1037.0,255,True,-1.3917177031196686,-1.3917177031196686,-2.783435406239337
111,2,3356.5,607.0,250,True,-1.1419975082993412,-1.1419975082993412,-2.2839950165986824
111,3,3304.5,833.0,253,True,-1.245335561581311,-1.245335561581311,-2.490671123162622
112,0,3226.3333333333335,597.0,250,True,-1.1046716120955788,-1.1046716120955788,-2.2093432241911577
112,1,3186.6666666666665,807.0,253,True,-1.2028329367359392,-1.2028329367359392,-2.4056658734718783
112,2,3146.8333333333335,525.0,249,True,-1.0479967538185126,-1.0479967538185126,-2.0959935076370253
112,3,3359.3333333333335,751.0,252,True,-1.21673405709018,-1.21673405709018,-2.43346811418036
113,0,3106.8333333333335,601.0,250,True,-1.077181058201914,-1.077181058201914,-2.154362116403828
113,1,3178.8333333333335,742.0,252,True,-1.1674770738079356,-1.1674770738079356,-2.3349541476158713
113,2,3148.3333333333335,668.0,251,True,-1.1218894889336979,-1.1218894889336979,-2.2437789778673958
113,3,3687.1666666666665,965.0,253,True,-1.4078185697838785,-1.4078185697838785,-2.815637139567757
114,0,3109.8333333333335,787.0,252,True,-1.1735526466842126,-1.1735526466842126,-2.347105293368425
114,1,3218.3333333333335,668.0,251,True,-1.1391974189876823,-1.1391974189876823,-2.2783948379753647
114,2,3594.166666666667,1043.0,255,True,-1.42492657618994,-1.42492657618994,-2.84985315237988
114,3,3315.833333333333,833.0,253,True,-1.2481377978757648,-1.2481377978757648,-2.4962755957515297
115,0,3377.3333333333335,846.0,253,True,-1.2700278553361575,-1.2700278553361575,-2.540055710672315
115,1,3122.1666666666665,702.0,251,True,-1.1329003396364346,-1.1329003396364346,-2.265800679272869
115,2,3346.8333333333335,781.0,252,True,-1.2290675198192462,-1.2290675198192462,-2.4581350396384924
115,3,3222.833333333333,1011.0,255,True,-1.3166596860298962,-1.3166596860298962,-2.6333193720597925
116,0,3045.8333333333335,677.0,251,True,-1.101172983569119,-1.101172983569119,-2.202345967138238
116,1,3181.3333333333335,610.0,250,True,-1.1002288902595514,-1.1002288902595514,-2.200457780519103
116,2,3250.3333333333335,762.0,252,True,-1.195438664426977,-1.195438664426977,-2.390877328853954
116,3,3446.3333333333335,972.0,255,True,-1.3518700202490852,-1.3518700202490852,-2.7037400404981704
117,0,3290.3333333333335,690.0,251,True,-1.1683109153134996,-1.1683109153134996,-2.3366218306269992
117,1,3340.3333333333335,842.0,253,True,-1.2588228227519853,-1.2588228227519853,-2.5176456455039706
117,2,3262.3333333333335,779.0,252,True,-1.2071460980476896,-1.2071460980476896,-2.414292196095379
117,3,3243.3333333333335,846.0,253,True,-1.2368955320899593,-1.2368955320899593,-2.4737910641799186
118,0,3602.666666666667,820.0,253,True,-1.3123752971125793,-1.3123752971125793,-2.6247505942251586
118,1,3285.8333333333335,779.0,252,True,-1.2129566174229565,-1.2129566174229565,-2.425913234845913
118,2,3062.0,702.0,251,True,-1.1180237616614626,-1.1180237616614626,-2.236047523322925
118,3,3244.8333333333335,779.0,252,True,-1.2028191155341943,-1.2028191155341943,-2.4056382310683886
119,0,3154.3333333333335,766.0,252,True,-1.1737586299085785,-1.1737586299085785,-2.347517259817157
119,1,3373.5,922.0,254,True,-1.3081545902474503,-1.3081545902474503,-2.6163091804949006
119,2,3144.3333333333335,781.0,252,True,-1.1789981507345062,-1.1789981507345062,-2.3579963014690124
119,3,3276.833333333333,859.0,253,True,-1.2518624175287583,-1.2518624175287583,-2.5037248350575165
120,0,3479.1666666666665,1199.0,258,True,-1.4766977751996715,-1.4766977751996715,-2.953395550399343
120,1,3163.0000000000005,770.0,252,True,-1.1779580717566138,-1.1779580717566138,-2.3559161435132276
120,2,3246.5,1002.0,255,True,-1.3178841654051086,-1.3178841654051086,-2.635768330810217
120,3,2965.5,432.0,248,True,-0.9553460630815319,-0.9553460630815319,-1.9106921261630638
121,0,3304.3333333333335,1028.0,255,True,-1.345551421632779,-1.345551421632779,-2.691102843265558
121,1,3122.5,525.0,249,True,-1.0419801876568893,-1.0419801876568893,-2.0839603753137785
121,2,3192.5,945.0,254,True,-1.275226421052776,-1.275226421052776,-2.550452842105552
121,3,3056.8333333333335,512.0,249,True,-1.019059896264712,-1.019059896264712,-2.038119792529424
122,0,3150.3333333333335,597.0,250,True,-1.0858801451798246,-1.0858801451798246,-2.171760290359649
122,1,3234.3333333333335,842.0,253,True,-1.2326136715273812,-1.2326136715273812,-2.4652273430547624
122,2,3132.3333333333335,551.0,249,True,-1.0577791489904005,-1.0577791489904005,-2.115558297980801
122,3,3395.3333333333335,703.0,251,True,-1.2009566150217252,-1.2009566150217252,-2.4019132300434505
123,0,3139.8333333333335,660.0,251,True,-1.1156747011730108,-1.1156747011730108,-2.2313494023460216
123,1,3296.3333333333335,892.0,254,True,-1.273650493306375,-1.273650493306375,-2.54730098661275
123,2,3349.8333333333335,761.0,252,True,-1.219526511900517,-1.219526511900517,-2.439053023801034
123,3,3538.8333333333335,831.0,253,True,-1.302247640269924,-1.302247640269924,-2.604495280539848
124,0,3369.166666666667,831.0,253,True,-1.2602965145676495,-1.2602965145676495,-2.520593029135299
124,1,3625.0,1147.0,257,True,-1.4860207443031408,-1.4860207443031408,-2.9720414886062816
124,2,3306.3333333333335,686.0,251,True,-1.1702104583416295,-1.1702104583416295,-2.340420916683259
124,3,3490.6666666666665,900.0,254,True,-1.3258137144246618,-1.3258137144246618,-2.6516274288493236
125,0,3378.3333333333335,762.0,252,True,-1.2270874508114058,-1.2270874508114058,-2.4541749016228116
125,1,3358.3333333333335,686.0,251,True,-1.1830677778103034,-1.1830677778103034,-2.3661355556206067
125,2,3202.8333333333335,634.0,250,True,-1.1178842289670987,-1.1178842289670987,-2.2357684579341974
125,3,3323.3333333333335,686.0,251,True,-1.174413812783312,-1.174413812783312,-2.348827625566624
126,0,3245.8333333333335,584.0,250,True,-1.102809302269082,-1.102809302269082,-2.205618604538164
126,1,3505.3333333333335,1052.0,256,True,-1.407589238121614,-1.407589238121614,-2.815178476243228
126,2,3191.3333333333335,586.0,250,True,-1.0903621200762978,-1.0903621200762978,-2.1807242401525957
126,3,3408.0000000000005,749.0,252,True,-1.2277389117784634,-1.2277389117784634,-2.455477823556927
127,0,3689.666666666667,755.0,252,True,-1.3004675584719991,-1.3004675584719991,-2.6009351169439983
127,1,3424.3333333333335,755.0,252,True,-1.2348622616959446,-1.2348622616959446,-2.469724523391889
127,2,3214.8333333333335,595.0,250,True,-1.1007998888088906,-1.1007998888088906,-2.201599777617781
127,3,3336.3333333333335,660.0,251,True,-1.1642605333959808,-1.1642605333959808,-2.3285210667919616
128,0,3782.166666666667,1191.0,257,True,-1.5475032761792145,-1.5475032761792145,-3.095006552358429
128,1,3885.833333333334,1566.0,261,True,-1.7659375529572892,-1.7659375529572892,-3.5318751059145783
128,2,3818.5000000000005,1351.0,259,True,-1.638749126861293,-1.638749126861293,-3.277498253722586
128,3,3755.5,1375.0,259,True,-1.635511321432245,-1.635511321432245,-3.27102264286449
129,0,3765.0000000000005,944.0,254,True,-1.4162664244625236,-1.4162664244625236,-2.832532848925047
129,1,3816.1666666666665,1307.0,259,True,-1.615550087890342,-1.615550087890342,-3.231100175780684
129,2,3667.5000000000005,1039.0,255,True,-1.4410021381194278,-1.4410021381194278,-2.8820042762388556
129,3,3598.3333333333335,874.0,253,True,-1.3390673499674826,-1.3390673499674826,-2.678134699934965
130,0,3905.0000000000005,1445.0,260,True,-1.7084658321283324,-1.7084658321283324,-3.4169316642566647
130,1,3566.8333333333335,1013.0,255,True,-1.402744077073009,-1.402744077073009,-2.805488154146018
130,2,3852.5000000000005,1445.0,260,True,-1.6954848845878443,-1.6954848845878443,-3.3909697691756886
130,3,3863.0000000000005,1399.0,259,True,-1.6744306884918292,-1.6744306884918292,-3.3488613769836584
131,0,3892.0,1550.0,262,True,-1.75923607809664,-1.75923607809664,-3.51847215619328
131,1,3692.5000000000005,1251.0,257,True,-1.5561809710160497,-1.5561809710160497,-3.1123619420320994
131,2,3867.0000000000005,1418.0,259,True,-1.685188350598476,-1.685188350598476,-3.370376701196952
131,3,3705.8333333333335,1320.0,258,True,-1.5949532980039303,-1.5949532980039303,-3.1899065960078605
132,0,3776.333333333333,1168.0,256,True,-1.5342357558726596,-1.5342357558726596,-3.068471511745319
132,1,3475.5000000000005,939.0,254,True,-1.3421150767947136,-1.3421150767947136,-2.6842301535894273
132,2,3850.5000000000005,1345.0,258,True,-1.6435764905525156,-1.6435764905525156,-3.2871529811050313
132,3,3767.5000000000005,1434.0,260,True,-1.6688125853871476,-1.6688125853871476,-3.337625170774295
133,0,3496.166666666667,969.0,254,True,-1.3626492016207876,-1.3626492016207876,-2.7252984032415752
133,1,3882.1666666666665,1420.0,260,True,-1.6899666797451343,-1.6899666797451343,-3.3799333594902685
133,2,3721.6666666666665,1455.0,261,True,-1.6682769273046096,-1.6682769273046096,-3.3365538546092193
133,3,3749.166666666667,1375.0,259,True,-1.633945365855932,-1.633945365855932,-3.267890731711864
134,0,3671.666666666667,1121.0,256,True,-1.4841917550846324,-1.4841917550846324,-2.968383510169265
134,1,3381.166666666667,869.0,252,True,-1.2828008633554557,-1.2828008633554557,-2.5656017267109115
134,2,3773.166666666667,1314.0,259,True,-1.6085170454366875,-1.6085170454366875,-3.217034090873375
134,3,3630.166666666667,904.0,254,True,-1.3623625017307395,-1.3623625017307395,-2.724725003461479
135,0,3387.3333333333335,1104.0,256,True,-1.4051482316824668,-1.4051482316824668,-2.8102964633649337
135,1,3517.666666666667,865.0,252,True,-1.3144947716908022,-1.3144947716908022,-2.6289895433816044
135,2,3631.5,1344.0,259,True,-1.5889132562804267,-1.5889132562804267,-3.1778265125608534
135,3,3386.8333333333335,904.0,253,True,-1.302196840114509,-1.302196840114509,-2.604393680229018
136,0,3198.8333333333335,839.0,253,True,-1.2222936619761329,-1.2222936619761329,-2.4445873239522657
136,1,3623.6666666666665,1236.0,257,True,-1.5314494242007533,-1.5314494242007533,-3.0628988484015065
136,2,3323.5,839.0,253,True,-1.253118261215133,-1.253118261215133,-2.506236522430266
136,3,3559.3333333333335,1125.0,257,True,-1.4584732035536374,-1.4584732035536374,-2.916946407107275
137,0,3602.666666666667,1166.0,257,True,-1.4902673279609087,-1.4902673279609087,-2.9805346559218173
137,1,3543.666666666666,1255.0,258,True,-1.521437570242621,-1.521437570242621,-3.042875140485242
137,2,3364.3333333333335,950.0,253,True,-1.3202839624869835,-1.3202839624869835,-2.640567924973967
137,3,3559.666666666667,1140.0,257,True,-1.4662677045303911,-1.4662677045303911,-2.9325354090607822
138,0,3390.666666666667,920.0,254,True,-1.311370876411442,-1.311370876411442,-2.622741752822884
138,1,3400.166666666667,920.0,254,True,-1.3137198097759113,-1.3137198097759113,-2.6274396195518226
138,2,3783.3333333333335,1036.0,255,True,-1.468100224970602,-1.468100224970602,-2.936200449941204
138,3,3668.0000000000005,1232.0,258,True,-1.5403545579650206,-1.5403545579650206,-3.0807091159300413
139,0,3315.166666666667,616.0,250,True,-1.136404837053363,-1.136404837053363,-2.272809674106726
139,1,3409.166666666667,930.0,254,True,-1.3210865032433736,-1.3210865032433736,-2.6421730064867472
139,2,3436.3333333333335,775.0,252,True,-1.2481121117690988,-1.2481121117690988,-2.4962242235381975
139,3,3745.166666666667,989.0,254,True,-1.43449875773386,-1.43449875773386,-2.86899751546772
140,0,3234.666666666667,820.0,252,True,-1.2213850362573482,-1.2213850362573482,-2.4427700725146964
140,1,3584.0000000000005,952.0,254,True,-1.375626173005639,-1.375626173005639,-2.751252346011278
140,2,3371.3333333333335,762.0,252,True,-1.2253566578060069,-1.2253566578060069,-2.4507133156120138
140,3,3423.3333333333335,824.0,253,True,-1.2700905839584853,-1.2700905839584853,-2.5401811679169706
141,0,3701.3333333333335,840.0,253,True,-1.3470540129668576,-1.3470540129668576,-2.694108025933715
141,1,3514.5,605.0,250,True,-1.1800357013576588,-1.1800357013576588,-2.3600714027153176
141,2,3520.3333333333335,850.0,253,True,-1.3074420391449333,-1.3074420391449333,-2.6148840782898666
141,3,3475.8333333333335,850.0,253,True,-1.2964391407534723,-1.2964391407534723,-2.5928782815069447
142,0,3449.166666666667,1031.0,255,True,-1.3829047695540602,-1.3829047695540602,-2.7658095391081203
142,1,3712.5,666.0,251,True,-1.2603548856623954,-1.2603548856623954,-2.520709771324791
142,2,3336.5,750.0,252,True,-1.2105742363265166,-1.2105742363265166,-2.4211484726530332
142,3,3449.0000000000005,849.0,253,True,-1.2892902954152978,-1.2892902954152978,-2.5785805908305957
143,0,3322.166666666667,456.0,248,True,-1.0558734192618462,-1.0558734192618462,-2.1117468385236924
143,1,3705.666666666667,820.0,253,True,-1.3378426799062995,-1.3378426799062995,-2.675685359812599
143,2,3630.0000000000005,1271.0,258,True,-1.5510102383888915,-1.5510102383888915,-3.102020476777783
143,3,3453.3333333333335,956.0,254,True,-1.3453745921747926,-1.3453745921747926,-2.690749184349585
144,0,3320.0000000000005,855.0,253,True,-1.2604790857921255,-1.2604790857921255,-2.520958171584251
144,1,3413.3333333333335,866.0,253,True,-1.2892118528563925,-1.2892118528563925,-2.578423705712785
144,2,3620.333333333333,783.0,250,True,-1.2977203527365602,-1.2977203527365602,-2.5954407054731203
144,3,3328.3333333333335,690.0,251,True,-1.1777066487713757,-1.1777066487713757,-2.3554132975427513
145,0,3277.333333333333,781.0,252,True,-1.2118832178370755,-1.2118832178370755,-2.423766435674151
145,1,3790.3333333333335,1106.0,257,True,-1.505820735199651,-1.505820735199651,-3.011641470399302
145,2,3306.166666666667,625.0,250,True,-1.1388067811180347,-1.1388067811180347,-2.2776135622360694
145,3,3429.166666666667,896.0,254,True,-1.3085509063215965,-1.3085509063215965,-2.617101812643193
146,0,3589.166666666667,831.0,253,True,-1.3146928661658848,-1.3146928661658848,-2.6293857323317695
146,1,3186.3333333333335,519.0,249,True,-1.0546785385869486,-1.0546785385869486,-2.109357077173897
146,2,3427.166666666667,822.0,253,True,-1.2700101215407658,-1.2700101215407658,-2.5400202430815315
146,3,3706.666666666667,690.0,251,True,-1.2712518897774334,-1.2712518897774334,-2.542503779554867
147,0,3921.166666666667,961.0,255,True,-1.4636199521229891,-1.4636199521229891,-2.9272399042459782
147,1,3298.3333333333335,820.0,253,True,-1.2371270107350196,-1.2371270107350196,-2.4742540214700393
147,2,3429.3333333333335,821.0,253,True,-1.2700317043678133,-1.2700317043678133,-2.5400634087356266
147,3,3288.3333333333335,842.0,253,True,-1.245965503283312,-1.245965503283312,-2.491931006566624
148,0,3257.3333333333335,807.0,253,True,-1.2203057042190084,-1.2203057042190084,-2.440611408438017
148,1,3691.666666666667,952.0,255,True,-1.4022474178029576,-1.4022474178029576,-2.804494835605915
148,2,3556.166666666667,900.0,253,True,-1.3420089918323188,-1.3420089918323188,-2.6840179836646376
148,3,3669.5,731.0,252,True,-1.2831418946226225,-1.2831418946226225,-2.566283789245245
149,0,3239.6666666666665,807.0,253,True,-1.2159375123482405,-1.2159375123482405,-2.431875024696481
149,1,3036.5,512.0,249,True,-1.0140323546776027,-1.0140323546776027,-2.0280647093552053
149,2,3542.5,642.0,251,True,-1.205982009626039,-1.205982009626039,-2.411964019252078
149,3,3201.3333333333335,807.0,253,True,-1.2064593601758204,-1.2064593601758204,-2.412918720351641
150,0,3052.0,451.0,248,True,-0.9865023570375179,-0.9865023570375179,-1.9730047140750357
150,1,3384.166666666667,995.0,255,True,-1.3483241227889116,-1.3483241227889116,-2.696648245577823
150,2,3184.166666666667,651.0,251,True,-1.1220091408498754,-1.1220091408498754,-2.2440182816997507
150,3,3438.166666666667,911.0,254,True,-1.3184882938764622,-1.3184882938764622,-2.6369765877529243
151,0,3165.6666666666665,677.0,251,True,-1.1308025114472497,-1.1308025114472497,-2.2616050228944995
151,1,3145.3333333333335,677.0,251,True,-1.1257749698601396,-1.1257749698601396,-2.251549939720279
151,2,3210.166666666667,842.0,253,True,-1.2266383147230298,-1.2266383147230298,-2.4532766294460595
151,3,2944.8333333333335,512.0,249,True,-0.9913672081783372,-0.9913672081783372,-1.9827344163566745
152,0,3090.3333333333335,677.0,251,True,-1.1121758819605807,-1.1121758819605807,-2.2243517639211614
152,1,3092.166666666667,521.0,249,True,-1.0324235293635737,-1.0324235293635737,-2.0648470587271475
152,2,3170.3333333333335,677.0,251,True,-1.1319563734508482,-1.1319563734508482,-2.2639127469016964
152,3,3213.3333333333335,831.0,253,True,-1.221765765518898,-1.221765765518898,-2.443531531037796
153,0,3535.5,807.0,253,True,-1.289084121504959,-1.289084121504959,-2.578168243009918
153,1,3298.8333333333335,1102.0,256,True,-1.3822377853363965,-1.3822377853363965,-2.764475570672793
153,2,3142.8333333333335,767.0,251,True,-1.1714293230743325,-1.1714293230743325,-2.342858646148665
153,3,3319.166666666667,909.0,254,True,-1.2880365351497278,-1.2880365351497278,-2.5760730702994556
154,0,3330.3333333333335,1093.0,257,True,-1.3853991045033633,-1.3853991045033633,-2.7707982090067267
154,1,3361.166666666667,1082.0,257,True,-1.3873673086062825,-1.3873673086062825,-2.774734617212565
154,2,3107.8333333333335,601.0,250,True,-1.0774283143455423,-1.0774283143455423,-2.1548566286910846
154,3,3167.1666666666665,837.0,253,True,-1.2134356064596066,-1.2134356064596066,-2.426871212919213
155,0,3262.0,1106.0,257,True,-1.3751870726493416,-1.3751870726493416,-2.750374145298683
155,1,3225.8333333333335,822.0,253,True,-1.2202292179569258,-1.2202292179569258,-2.4404584359138517
155,2,3201.5,1113.0,257,True,-1.3638270476821925,-1.3638270476821925,-2.727654095364385
155,3,3148.6666666666665,686.0,251,True,-1.1312264063628938,-1.1312264063628938,-2.2624528127257877
156,0,3461.8333333333335,1388.0,261,True,-1.569584238547303,-1.569584238547303,-3.139168477094606
156,1,3330.3333333333335,1243.0,257,True,-1.4625199271254714,-1.4625199271254714,-2.925039854250943
156,2,3082.5,757.0,252,True,-1.151370147567282,-1.151370147567282,-2.302740295134564
156,3,3632.0,1711.0,263,True,-1.7777258303676662,-1.7777258303676662,-3.5554516607353324
157,0,3179.1666666666665,855.0,253,True,-1.2256571788977995,-1.2256571788977995,-2.451314357795599
157,1,3319.3333333333335,976.0,255,True,-1.322525045278208,-1.322525045278208,-2.645050090556416
157,2,3544.0,1499.0,261,True,-1.6469698604224592,-1.6469698604224592,-3.2939397208449184
157,3,3291.6666666666665,597.0,250,True,-1.120825680145963,-1.120825680145963,-2.241651360291926
158,0,3156.5,640.0,251,True,-1.1095128605505358,-1.1095128605505358,-2.2190257211010715
158,1,3495.333333333333,976.0,255,True,-1.3660421265567952,-1.3660421265567952,-2.7320842531135905
158,2,3565.3333333333335,1275.0,259,True,-1.5370775630375157,-1.5370775630375157,-3.0741551260750315
158,3,3138.3333333333335,597.0,250,True,-1.0829130714562838,-1.0829130714562838,-2.1658261429125676
159,0,3135.8333333333335,997.0,255,True,-1.2879504580895011,-1.2879504580895011,-2.5759009161790023
159,1,3124.8333333333335,677.0,251,True,-1.1207062189157588,-1.1207062189157588,-2.2414124378315177
159,2,3164.8333333333335,820.0,253,True,-1.2041183155606354,-1.2041183155606354,-2.408236631121271
159,3,3152.8333333333335,757.0,252,True,-1.1687604963358103,-1.1687604963358103,-2.3375209926716205
160,0,3268.1666666666665,981.0,255,True,-1.3124444666832935,-1.3124444666832935,-2.624888933366587
160,1,3234.5,972.0,255,True,-1.2994929271571456,-1.2994929271571456,-2.598985854314291
160,2,3173.5,651.0,251,True,-1.119371741984506,-1.119371741984506,-2.238743483969012
160,3,3289.333333333333,735.0,252,True,-1.1911999059565026,-1.1911999059565026,-2.382399811913005
161,0,3271.166666666667,794.0,253,True,-1.2170422762452837,-1.2170422762452837,-2.4340845524905674
161,1,3362.3333333333335,725.0,252,True,-1.2041082162665644,-1.2041082162665644,-2.408216432533129
161,2,3391.5,844.0,254,True,-1.2725023730692633,-1.2725023730692633,-2.5450047461385266
161,3,3274.6666666666665,636.0,251,True,-1.1366737395860302,-1.1366737395860302,-2.2733474791720605
162,0,3109.666666666667,677.0,251,True,-1.116956167404062,-1.116956167404062,-2.233912334808124
162,1,3487.3333333333335,790.0,253,True,-1.2684342573563554,-1.2684342573563554,-2.536868514712711
162,2,3316.6666666666665,597.0,250,True,-1.1270070837366717,-1.1270070837366717,-2.2540141674733434
162,3,3334.333333333333,636.0,251,True,-1.1514266894891882,-1.1514266894891882,-2.3028533789783765
163,0,3495.333333333333,701.0,251,True,-1.2246539517495987,-1.2246539517495987,-2.4493079034991974
163,1,3315.8333333333335,917.0,254,True,-1.2913254585441458,-1.2913254585441458,-2.5826509170882916
163,2,3383.166666666667,456.0,248,True,-1.0709560440231756,-1.0709560440231756,-2.141912088046351
163,3,3321.666666666667,612.0,250,True,-1.135955446717025,-1.135955446717025,-2.27191089343405
164,0,3325.6666666666665,612.0,250,True,-1.1369444712915378,-1.1369444712915378,-2.2738889425830755
164,1,3739.3333333333335,827.0,253,True,-1.3497659417974854,-1.3497659417974854,-2.699531883594971
164,2,3232.6666666666665,601.0,250,True,-1.1082941229418144,-1.1082941229418144,-2.216588245883629
164,3,3329.0,655.0,251,True,-1.159876627588636,-1.159876627588636,-2.319753255177272
165,0,3305.666666666667,586.0,250,True,-1.1186317391644724,-1.1186317391644724,-2.237263478328945
165,1,3147.166666666667,763.0,252,True,-1.170444211093468,-1.170444211093468,-2.340888422186936
165,2,3190.3333333333335,803.0,253,True,-1.2016829873259858,-1.2016829873259858,-2.4033659746519715
165,3,3444.3333333333335,716.0,252,True,-1.2197559706867636,-1.2197559706867636,-2.439511941373527
166,0,3062.5,367.0,247,True,-0.945910885877235,-0.945910885877235,-1.89182177175447
166,1,3377.3333333333335,948.0,254,True,-1.3224700147191908,-1.3224700147191908,-2.6449400294383816
166,2,3146.833333333333,757.0,252,True,-1.1672769594740404,-1.1672769594740404,-2.334553918948081
166,3,3364.3333333333335,673.0,251,True,-1.177867510044824,-1.177867510044824,-2.355735020089648
167,0,3396.3333333333335,683.0,251,True,-1.1909210948157387,-1.1909210948157387,-2.3818421896314774
167,1,3117.6666666666665,367.0,247,True,-0.9595511831340662,-0.9595511831340662,-1.9191023662681324
167,2,3107.8333333333335,919.0,254,True,-1.240924458304411,-1.240924458304411,-2.481848916608822
167,3,2956.6666666666665,367.0,247,True,-0.9197429440099018,-0.9197429440099018,-1.8394858880198035
168,0,3117.6666666666665,662.0,251,True,-1.1112221342908781,-1.1112221342908781,-2.2224442685817563
168,1,3174.3333333333335,521.0,249,True,-1.0527397424983695,-1.0527397424983695,-2.105479484996739
168,2,3070.8333333333335,700.0,251,True,-1.1191795799618836,-1.1191795799618836,-2.238359159923767
168,3,3556.666666666667,1208.0,258,True,-1.5004873756881938,-1.5004873756881938,-3.0009747513763876
169,0,3401.3333333333335,827.0,253,True,-1.2661933652511037,-1.2661933652511037,-2.5323867305022074
169,1,3194.6666666666665,367.0,247,True,-0.978589906193448,-0.978589906193448,-1.957179812386896
169,2,3184.8333333333335,780.0,252,True,-1.1884978857339739,-1.1884978857339739,-2.3769957714679477
169,3,3445.833333333333,822.0,253,True,-1.2746255695551616,-1.2746255695551616,-2.549251139110323
170,0,3239.5,597.0,250,True,-1.1079271513200177,-1.1079271513200177,-2.2158543026400355
170,1,2956.5,375.0,247,True,-0.9238148451924759,-0.9238148451924759,-1.8476296903849518
170,2,3181.6666666666665,532.0,249,True,-1.0602084812105976,-1.0602084812105976,-2.1204169624211953
170,3,3289.6666666666665,733.0,252,True,-1.1902540470360838,-1.1902540470360838,-2.3805080940721677
171,0,3076.0,520.0,249,True,-1.0279120828907684,-1.0279120828907684,-2.055824165781537
171,1,3060.8333333333335,432.0,248,True,-0.9789178154407678,-0.9789178154407678,-1.9578356308815357
171,2,3023.5,451.0,248,True,-0.9794555569441102,-0.9794555569441102,-1.9589111138882205
171,3,3082.3333333333335,571.0,250,True,-1.0556991181585975,-1.0556991181585975,-2.111398236317195
172,0,3675.5,731.0,252,True,-1.2846254314843923,-1.2846254314843923,-2.5692508629687847
172,1,3107.6666666666665,653.0,251,True,-1.1041223234972668,-1.1041223234972668,-2.2082446469945336
172,2,3196.6666666666665,536.0,249,True,-1.0659738786349464,-1.0659738786349464,-2.131947757269893
172,3,3313.5,590.0,250,True,-1.1226251342261506,-1.1226251342261506,-2.2452502684523012
173,0,3061.5,681.0,251,True,-1.1071032184225529,-1.1071032184225529,-2.2142064368451058
173,1,3143.6666666666665,707.0,252,True,-1.1407870408118472,-1.1407870408118472,-2.2815740816236945
173,2,3424.166666666667,1030.0,256,True,-1.37620922714587,-1.37620922714587,-2.75241845429174
173,3,3159.333333333333,681.0,251,True,-1.131293111140859,-1.131293111140859,-2.262586222281718
174,0,3253.8333333333335,642.0,250,True,-1.13460740283199,-1.13460740283199,-2.26921480566398
174,1,2988.3333333333335,698.0,251,True,-1.0977526704775842,-1.0977526704775842,-2.1955053409551684
174,2,3407.5,731.0,252,True,-1.2183607849919973,-1.2183607849919973,-2.4367215699839946
174,3,3059.6666666666665,512.0,249,True,-1.0197604553383264,-1.0197604553383264,-2.0395209106766528
175,0,3089.6666666666665,512.0,249,True,-1.0271781396471764,-1.0271781396471764,-2.054356279294353
175,1,2999.6666666666665,512.0,249,True,-1.0049250867206247,-1.0049250867206247,-2.0098501734412495
175,2,3150.6666666666665,731.0,252,True,-1.1548571654367832,-1.1548571654367832,-2.3097143308735664
175,3,3053.5,525.0,249,True,-1.0249195137465332,-1.0249195137465332,-2.0498390274930665
176,0,3155.6666666666665,783.0,253,True,-1.1828286646639228,-1.1828286646639228,-2.3656573293278456
176,1,2994.5,512.0,249,True,-1.0036475966452116,-1.0036475966452116,-2.0072951932904233
176,2,3125.8333333333335,731.0,252,True,-1.1487169712033456,-1.1487169712033456,-2.297433942406691
176,3,3068.3333333333335,653.0,251,True,-1.0943969151812198,-1.0943969151812198,-2.1887938303624397
177,0,2978.3333333333335,653.0,251,True,-1.0721438622546684,-1.0721438622546684,-2.144287724509337
177,1,3052.0,611.0,250,True,-1.0687645678344333,-1.0687645678344333,-2.1375291356688666
177,2,3642.666666666667,863.0,254,True,-1.3443735120093845,-1.3443735120093845,-2.688747024018769
177,3,3049.8333333333335,702.0,251,True,-1.115015478580651,-1.115015478580651,-2.230030957161302
178,0,2987.0,657.0,251,True,-1.0763433041027028,-1.0763433041027028,-2.1526866082054057
178,1,3251.3333333333335,843.0,253,True,-1.237331164786544,-1.237331164786544,-2.474662329573088
178,2,3096.8333333333335,686.0,251,True,-1.1184102962514906,-1.1184102962514906,-2.236820592502981
178,3,3053.3333333333335,840.0,253,True,-1.1868320318956893,-1.1868320318956893,-2.3736640637913786
179,0,3121.8333333333335,685.0,251,True,-1.124077561024719,-1.124077561024719,-2.248155122049438
179,1,3159.3333333333335,610.0,250,True,-1.0947892550997282,-1.0947892550997282,-2.1895785101994565
179,2,3002.0,546.0,249,True,-1.0229827375167688,-1.0229827375167688,-2.0459654750335377
179,3,3160.8333333333335,984.0,255,True,-1.2874480570529585,-1.2874480570529585,-2.574896114105917
180,0,3149.6666666666665,662.0,251,True,-1.1191343308869839,-1.1191343308869839,-2.2382686617739678
180,1,3135.8333333333335,715.0,251,True,-1.1429633115599371,-1.1429633115599371,-2.2859266231198743
180,2,3075.6666666666665,738.0,252,True,-1.1399119263870219,-1.1399119263870219,-2.2798238527740438
180,3,2999.6666666666665,662.0,251,True,-1.0820459093427317,-1.0820459093427317,-2.1640918186854634
181,0,3507.666666666667,939.0,255,True,-1.350068482748093,-1.350068482748093,-2.700136965496186
181,1,3168.3333333333335,824.0,253,True,-1.2070402673332574,-1.2070402673332574,-2.414080534666515
181,2,3154.8333333333335,681.0,251,True,-1.1301804584945316,-1.1301804584945316,-2.2603609169890633
181,3,3061.5,577.0,250,True,-1.0536327814045576,-1.0536327814045576,-2.1072655628091153
182,0,3067.3333333333335,512.0,249,True,-1.0216560857728096,-1.0216560857728096,-2.0433121715456193
182,1,2987.6666666666665,512.0,249,True,-1.001958012997085,-1.001958012997085,-2.00391602599417
182,2,3011.6666666666665,512.0,249,True,-1.0078921604441655,-1.0078921604441655,-2.015784320888331
182,3,3089.6666666666665,653.0,251,True,-1.0996717129119578,-1.0996717129119578,-2.1993434258239155
183,0,3280.0,1059.0,256,True,-1.3554731588130593,-1.3554731588130593,-2.7109463176261186
183,1,3218.333333333333,670.0,251,True,-1.1402256966226434,-1.1402256966226434,-2.280451393245287
183,2,3366.3333333333335,855.0,254,True,-1.271935287113572,-1.271935287113572,-2.543870574227144
183,3,3098.8333333333335,711.0,251,True,-1.131758278975766,-1.131758278975766,-2.263516557951532
184,0,3093.3333333333335,519.0,249,True,-1.031683717229512,-1.031683717229512,-2.063367434459024
184,1,3334.5000000000005,881.0,254,True,-1.2774319091292354,-1.2774319091292354,-2.554863818258471
184,2,2947.8333333333335,711.0,251,True,-1.094422601287886,-1.094422601287886,-2.188845202575772
184,3,3248.666666666667,662.0,250,True,-1.1436126891061906,-1.1436126891061906,-2.2872253782123813
185,0,3059.5,560.0,250,True,-1.044397909220129,-1.044397909220129,-2.088795818440258
185,1,3108.5,651.0,251,True,-1.1033000926486627,-1.1033000926486627,-2.2066001852973254
185,2,3122.8333333333335,746.0,251,True,-1.1556872850346716,-1.1556872850346716,-2.311374570069343
185,3,2986.8333333333335,711.0,251,True,-1.1040655908893904,-1.1040655908893904,-2.2081311817787808
186,0,2992.8333333333335,497.0,249,True,-0.9955234208102873,-0.9955234208102873,-1.9910468416205747
186,1,3146.666666666667,586.0,250,True,-1.0793180123275647,-1.0793180123275647,-2.1586360246551295
186,2,2978.8333333333335,546.0,249,True,-1.0172546368560456,-1.0172546368560456,-2.034509273712091
186,3,3031.5,586.0,250,True,-1.0508423464530336,-1.0508423464530336,-2.1016846929060673
187,0,3054.1666666666665,687.0,251,True,-1.108374839607495,-1.108374839607495,-2.21674967921499
187,1,3127.6666666666665,495.0,249,True,-1.027833513207881,-1.027833513207881,-2.055667026415762
187,2,3304.5000000000005,736.0,252,True,-1.1954640962856797,-1.1954640962856797,-2.3909281925713595
187,3,3126.6666666666665,662.0,251,True,-1.1134474395835332,-1.1134474395835332,-2.2268948791670664
188,0,3027.0,557.0,249,True,-1.034819668099765,-1.034819668099765,-2.06963933619953
188,1,3088.3333333333335,456.0,248,True,-0.9980566910100843,-0.9980566910100843,-1.9961133820201686
188,2,3010.8333333333335,557.0,249,True,-1.0308223604444402,-1.0308223604444402,-2.0616447208888804
188,3,2941.8333333333335,557.0,249,True,-1.0137616865340842,-1.0137616865340842,-2.0275233730681683
189,0,3559.1666666666665,1082.0,257,True,-1.4363240250446931,-1.4363240250446931,-2.8726480500893863
189,1,3344.3333333333335,545.0,249,True,-1.1071126185347258,-1.1071126185347258,-2.2142252370694515
189,2,3480.3333333333335,805.0,253,True,-1.2744155466131675,-1.2744155466131675,-2.548831093226335
189,3,3459.3333333333335,725.0,252,True,-1.2280920621985136,-1.2280920621985136,-2.4561841243970273
190,0,3140.3333333333335,595.0,250,True,-1.0823793061085778,-1.0823793061085778,-2.1647586122171556
190,1,3145.166666666667,519.0,249,True,-1.044499827340914,-1.044499827340914,-2.088999654681828
190,2,3078.166666666667,519.0,249,True,-1.0279336657178153,-1.0279336657178153,-2.0558673314356306
190,3,3478.166666666667,714.0,252,True,-1.2270931925778938,-1.2270931925778938,-2.4541863851557877
191,0,3307.0,1075.0,256,True,-1.370375295770715,-1.370375295770715,-2.74075059154143
191,1,3273.3333333333335,957.0,255,True,-1.3013826251391687,-1.3013826251391687,-2.6027652502783374
191,2,3310.5000000000005,1493.0,261,True,-1.5861507179803553,-1.5861507179803553,-3.1723014359607107
191,3,3176.8333333333335,776.0,253,True,-1.1844632813150235,-1.1844632813150235,-2.368926562630047
192,0,3093.3333333333335,816.0,253,True,-1.1843829460212851,-1.1843829460212851,-2.3687658920425703
192,1,3434.4999999999995,1558.0,263,True,-1.6502295029265166,-1.6502295029265166,-3.300459005853033
192,2,3367.166666666667,1144.0,257,True,-1.4207274521518567,-1.4207274521518567,-2.8414549043037134
192,3,3187.8333333333335,1041.0,255,True,-1.3234298855273259,-1.3234298855273259,-2.6468597710546518
193,0,3105.3333333333335,621.0,250,True,-1.0870929503360856,-1.0870929503360856,-2.174185900672171
193,1,3209.3333333333335,701.0,251,True,-1.1539386946718908,-1.1539386946718908,-2.3078773893437816
193,2,3211.8333333333335,1015.0,256,True,-1.3159964237199078,-1.3159964237199078,-2.6319928474398155
193,3,3100.8333333333335,687.0,251,True,-1.1199134596434848,-1.1199134596434848,-2.2398269192869695
194,0,3247.8333333333335,999.0,255,True,-1.316671423810837,-1.316671423810837,-2.633342847621674
194,1,3033.5,456.0,248,True,-0.9844988124677962,-0.9844988124677962,-1.9689976249355925
194,2,3013.8333333333335,752.0,252,True,-1.1318211982840656,-1.1318211982840656,-2.263642396568131
194,3,3032.8333333333335,649.0,251,True,-1.0835627668124903,-1.0835627668124903,-2.1671255336249806
195,0,3450.5,1069.0,257,True,-1.4027717194764988,-1.4027717194764988,-2.8055434389529976
195,1,3089.8333333333335,869.0,253,True,-1.2107669068450646,-1.2107669068450646,-2.421533813690129
195,2,3391.833333333333,818.0,250,True,-1.2592171825293084,-1.2592171825293084,-2.5184343650586167
195,3,3174.8333333333335,999.0,255,True,-1.2986217253259675,-1.2986217253259675,-2.597243450651935
196,0,3106.8333333333335,854.0,253,True,-1.207258179024536,-1.207258179024536,-2.414516358049072
196,1,3424.8333333333335,1490.0,262,True,-1.6128779206160868,-1.6128779206160868,-3.2257558412321736
196,2,3452.8333333333335,1291.0,259,True,-1.5174874679590178,-1.5174874679590178,-3.0349749359180356
196,3,3394.8333333333335,1622.0,263,True,-1.673326560214692,-1.673326560214692,-3.346653120429384
197,0,3786.5000000000005,1399.0,261,True,-1.655515593504261,-1.655515593504261,-3.311031187008522
197,1,3515.6666666666665,1191.0,258,True,-1.4816095139022616,-1.4816095139022616,-2.963219027804523
197,2,3411.8333333333335,1495.0,262,True,-1.6122342848363227,-1.6122342848363227,-3.2244685696726454
197,3,3549.3333333333335,1343.0,260,True,-1.568082904328151,-1.568082904328151,-3.136165808656302
198,0,3577.8333333333335,1536.0,262,True,-1.6743584961953373,-1.6743584961953373,-3.3487169923906746
198,1,3507.8333333333335,1378.0,260,True,-1.5758166329793997,-1.5758166329793997,-3.1516332659587993
198,2,3271.8333333333335,1154.0,257,True,-1.4022970879674277,-1.4022970879674277,-2.8045941759348554
198,3,3225.8333333333335,1124.0,257,True,-1.375499140836103,-1.375499140836103,-2.750998281672206
199,0,3517.3333333333335,1601.0,263,True,-1.6928185226420702,-1.6928185226420702,-3.3856370452841404
199,1,3658.3333333333335,1189.0,258,True,-1.5158564460916097,-1.5158564460916097,-3.0317128921832195
199,2,3627.3333333333335,1551.0,263,True,-1.6943097575671524,-1.6943097575671524,-3.388619515134305
199,3,3198.3333333333335,1297.0,260,True,-1.4576456123104882,-1.4576456123104882,-2.9152912246209763
200,0,3059.8333333333335,727.0,252,True,-1.1303415104539518,-1.1303415104539518,-2.2606830209079036
200,1,3404.0,987.0,255,True,-1.3491149257643613,-1.3491149257643613,-2.6982298515287226
200,2,3252.5,1024.0,256,True,-1.3306787562514528,-1.3306787562514528,-2.6613575125029056
200,3,3345.5,983.0,255,True,-1.3325938860921815,-1.3325938860921815,-2.665187772184363
201,0,3344.1666666666665,1252.0,259,True,-1.470567553136322,-1.470567553136322,-2.941135106272644
201,1,3784.333333333333,1295.0,260,True,-1.6015094348417371,-1.6015094348417371,-3.2030188696834743
201,2,3397.1666666666665,1178.0,257,True,-1.4456258562550526,-1.4456258562550526,-2.891251712510105
201,3,3773.6666666666665,1540.0,263,True,-1.7248360462591459,-1.7248360462591459,-3.4496720925182918
202,0,3725.666666666667,1169.0,258,True,-1.5222222500796379,-1.5222222500796379,-3.0444445001592757
202,1,3362.3333333333335,1176.0,257,True,-1.4359848229503693,-1.4359848229503693,-2.8719696459007387
202,2,3797.0000000000005,1163.0,258,True,-1.5367750220869079,-1.5367750220869079,-3.0735500441738157
202,3,3955.0,1399.0,260,True,-1.697178253705636,-1.697178253705636,-3.394356507411272
203,0,3634.166666666667,1328.0,260,True,-1.5813463849170788,-1.5813463849170788,-3.1626927698341576
203,1,3677.1666666666665,1126.0,257,True,-1.4881223579619924,-1.4881223579619924,-2.976244715923985
203,2,3893.0,1306.0,259,True,-1.6340334627749729,-1.6340334627749729,-3.2680669255499457
203,3,3962.3333333333335,1360.0,260,True,-1.6789400515438309,-1.6789400515438309,-3.3578801030876617
204,0,3556.9999999999995,1371.0,259,True,-1.5843744216520934,-1.5843744216520934,-3.168748843304187
204,1,3474.833333333333,1178.0,257,True,-1.464829416743519,-1.464829416743519,-2.929658833487038
204,2,3595.166666666667,1037.0,256,True,-1.4220889994286834,-1.4220889994286834,-2.8441779988573668
204,3,3645.5000000000005,1388.0,261,True,-1.614996950260375,-1.614996950260375,-3.22999390052075
205,0,3701.1666666666665,1271.0,259,True,-1.568606633943776,-1.568606633943776,-3.137213267887552
205,1,3667.3333333333335,1182.0,258,True,-1.5144827796618998,-1.5144827796618998,-3.0289655593237996
205,2,3295.6666666666665,1078.0,257,True,-1.3691154759287019,-1.3691154759287019,-2.7382309518574037
205,3,3382.5,807.0,253,True,-1.2512539315298226,-1.2512539315298226,-2.502507863059645
206,0,3386.5,846.0,253,True,-1.2722943699860838,-1.2722943699860838,-2.5445887399721676
206,1,3852.3333333333335,1362.0,261,True,-1.6527701533796744,-1.6527701533796744,-3.3055403067593487
206,2,3561.333333333333,1091.0,257,True,-1.44148699604655,-1.44148699604655,-2.8829739920931
206,3,3870.8333333333335,1141.0,257,True,-1.5437197133735585,-1.5437197133735585,-3.087439426747117
207,0,3453.3333333333335,1100.0,257,True,-1.4194105818920149,-1.4194105818920149,-2.8388211637840297
207,1,3120.8333333333335,677.0,251,True,-1.1197171943412456,-1.1197171943412456,-2.2394343886824912
207,2,3296.5000000000005,1074.0,256,True,-1.3672649674451385,-1.3672649674451385,-2.734529934890277
207,3,3127.1666666666665,536.0,249,True,-1.048789576652776,-1.048789576652776,-2.097579153305552
208,0,3123.3333333333335,828.0,253,True,-1.1979702961399048,-1.1979702961399048,-2.3959405922798096
208,1,3365.166666666667,992.0,255,True,-1.342083839607532,-1.342083839607532,-2.684167679215064
208,2,3356.0000000000005,1061.0,255,True,-1.3752929033637742,-1.3752929033637742,-2.7505858067275484
208,3,3495.8333333333335,987.0,255,True,-1.3718212816208972,-1.3718212816208972,-2.7436425632417945
209,0,3115.5,642.0,251,True,-1.1004036362967349,-1.1004036362967349,-2.2008072725934698
209,1,3428.5,861.0,254,True,-1.2903912102806858,-1.2903912102806858,-2.5807824205613716
209,2,3393.3333333333335,796.0,253,True,-1.2482770127601752,-1.2482770127601752,-2.4965540255203504
209,3,3356.0,577.0,249,True,-1.1264497157031057,-1.1264497157031057,-2.2528994314062114
210,0,3384.5,642.0,251,True,-1.1669155389327608,-1.1669155389327608,-2.3338310778655216
210,1,3452.0,731.0,251,True,-1.2293636833834583,-1.2293636833834583,-2.4587273667669165
210,2,3120.8333333333335,607.0,250,True,-1.0837274771175949,-1.0837274771175949,-2.1674549542351897
210,3,3697.666666666667,900.0,254,True,-1.37699573615573,-1.37699573615573,-2.75399147231146
211,0,3528.0,1143.0,258,True,-1.4599803431012686,-1.4599803431012686,-2.919960686202537
211,1,3514.666666666667,1247.0,258,True,-1.510154031537552,-1.510154031537552,-3.020308063075104
211,2,3357.333333333333,807.0,253,True,-1.2450313185818425,-1.2450313185818425,-2.490062637163685
211,3,3526.166666666667,1039.0,256,True,-1.4060566031532877,-1.4060566031532877,-2.8121132063065755
212,0,3174.333333333333,807.0,253,True,-1.1997834442978548,-1.1997834442978548,-2.3995668885957095
212,1,3280.6666666666665,883.0,254,True,-1.265149564365538,-1.265149564365538,-2.530299128731076
212,2,3268.3333333333335,764.0,252,True,-1.2009175526472484,-1.2009175526472484,-2.401835105294497
212,3,3246.8333333333335,1013.0,256,True,-1.3236221111119386,-1.3236221111119386,-2.6472442222238772
213,0,3048.6666666666665,586.0,250,True,-1.055086910251987,-1.055086910251987,-2.110173820503974
213,1,3548.5,783.0,253,True,-1.2799591197525906,-1.2799591197525906,-2.559918239505181
213,2,3221.333333333333,742.0,252,True,-1.1779854599121398,-1.1779854599121398,-2.3559709198242795
213,3,3450.5,796.0,253,True,-1.2624118223042624,-1.2624118223042624,-2.524823644608525
214,0,3390.5,642.0,251,True,-1.1683990757945306,-1.1683990757945306,-2.3367981515890612
214,1,3123.6666666666665,662.0,251,True,-1.1127056711526473,-1.1127056711526473,-2.2254113423052946
214,2,3220.6666666666665,872.0,254,True,-1.2446586687555483,-1.2446586687555483,-2.4893173375110966
214,3,3012.666666666667,588.0,250,True,-1.0472139667163287,-1.0472139667163287,-2.0944279334326574
215,0,3228.3333333333335,742.0,252,True,-1.1797162529175382,-1.1797162529175382,-2.3594325058350765
215,1,3157.6666666666665,822.0,253,True,-1.2033745908329265,-1.2033745908329265,-2.406749181665853
215,2,3508.666666666667,939.0,255,True,-1.3503157388917213,-1.3503157388917213,-2.7006314777834426
215,3,3124.6666666666665,816.0,253,True,-1.1921303051883074,-1.1921303051883074,-2.384260610376615
216,0,3105.6666666666665,662.0,251,True,-1.108255060567337,-1.108255060567337,-2.216510121134674
216,1,3447.333333333333,1028.0,256,True,-1.3809090501716326,-1.3809090501716326,-2.761818100343265
216,2,3261.6666666666665,798.0,253,True,-1.2167498981507363,-1.2167498981507363,-2.4334997963014726
216,3,3411.6666666666665,1063.0,256,True,-1.39008510632738,-1.39008510632738,-2.78017021265476
217,0,3212.6666666666665,822.0,252,True,-1.2169736787324863,-1.2169736787324863,-2.4339473574649726
217,1,3611.5,872.0,254,True,-1.3412946115569604,-1.3412946115569604,-2.682589223113921
217,2,3249.333333333333,742.0,252,True,-1.1849086319337352,-1.1849086319337352,-2.3698172638674704
217,3,3289.333333333333,872.0,254,True,-1.2616369239513614,-1.2616369239513614,-2.523273847902723
218,0,3130.8333333333335,867.0,253,True,-1.2198761310988655,-1.2198761310988655,-2.439752262197731
218,1,3229.8333333333335,642.0,251,True,-1.1286732553849097,-1.1286732553849097,-2.2573465107698194
218,2,3249.666666666667,1039.0,256,True,-1.3376902794400511,-1.3376902794400511,-2.6753805588801023
218,3,3042.6666666666665,653.0,251,True,-1.0880506741614255,-1.0880506741614255,-2.176101348322851
219,0,2954.3333333333335,447.0,248,True,-0.9602971184065602,-0.9602971184065602,-1.9205942368131204
219,1,3024.8333333333335,642.0,251,True,-1.0779857459410995,-1.0779857459410995,-2.155971491882199
219,2,3199.8333333333335,642.0,251,True,-1.1212555710760599,-1.1212555710760599,-2.2425111421521198
219,3,3423.333333333333,1126.0,257,True,-1.425360506837662,-1.425360506837662,-2.850721013675324
220,0,3071.3333333333335,766.0,252,True,-1.1532363699874257,-1.1532363699874257,-2.3064727399748515
220,1,3150.3333333333335,1036.0,256,True,-1.3115870860538599,-1.3115870860538599,-2.6231741721077197
220,2,3000.3333333333335,686.0,251,True,-1.0945500783913562,-1.0945500783913562,-2.1891001567827124
220,3,2923.6666666666665,700.0,251,True,-1.0827917174912465,-1.0827917174912465,-2.165583434982493
221,0,3461.8333333333335,1225.0,259,True,-1.4857796112979458,-1.4857796112979458,-2.9715592225958916
221,1,3143.3333333333335,833.0,253,True,-1.2054861130998757,-1.2054861130998757,-2.4109722261997515
221,2,3364.666666666667,939.0,255,True,-1.3147108542092383,-1.3147108542092383,-2.6294217084184766
221,3,3124.6666666666665,742.0,252,True,-1.1540840326947341,-1.1540840326947341,-2.3081680653894683
222,0,3366.5,731.0,252,True,-1.2082232831032345,-1.2082232831032345,-2.416446566206469
222,1,3061.8333333333335,973.0,255,True,-1.257314171841466,-1.257314171841466,-2.514628343682932
222,2,3173.3333333333335,677.0,251,True,-1.1326981418817328,-1.1326981418817328,-2.2653962837634656
222,3,3412.6666666666665,1093.0,257,True,-1.4057565269954302,-1.4057565269954302,-2.8115130539908604
223,0,3094.3333333333335,601.0,250,True,-1.0740903564065598,-1.0740903564065598,-2.1481807128131196
223,1,3138.166666666667,999.0,255,True,-1.289555666726262,-1.289555666726262,-2.579111333452524
223,2,3008.3333333333335,668.0,251,True,-1.0872736288257294,-1.0872736288257294,-2.174547257651459
223,3,3201.1666666666665,1037.0,256,True,-1.324670078839115,-1.324670078839115,-2.64934015767823
224,0,3203.3333333333335,931.0,254,True,-1.270707085830687,-1.270707085830687,-2.541414171661374
224,1,3167.8333333333335,983.0,255,True,-1.2886647112408778,-1.2886647112408778,-2.5773294224817556
224,2,3191.3333333333335,766.0,252,True,-1.1829071072228279,-1.1829071072228279,-2.3658142144456558
224,3,3111.8333333333335,681.0,250,True,-1.1195484443185126,-1.1195484443185126,-2.2390968886370253
225,0,3560.3333333333335,972.0,255,True,-1.3800572206227157,-1.3800572206227157,-2.7601144412454315
225,1,3112.1666666666665,655.0,251,True,-1.1062632537785564,-1.1062632537785564,-2.2125265075571128
225,2,3770.6666666666665,811.0,252,True,-1.3492870798848147,-1.3492870798848147,-2.6985741597696293
225,3,3139.5,601.0,250,True,-1.085258092227106,-1.085258092227106,-2.170516184454212
226,0,3139.1666666666665,842.0,253,True,-1.2090831285254164,-1.2090831285254164,-2.418166257050833
226,1,3202.3333333333335,675.0,251,True,-1.1388402924119936,-1.1388402924119936,-2.277680584823987
226,2,3257.3333333333335,785.0,253,True,-1.2089946502344322,-1.2089946502344322,-2.4179893004688644
226,3,3222.8333333333335,1041.0,256,True,-1.3320838505543189,-1.3320838505543189,-2.6641677011086378
227,0,3918.8333333333335,1410.0,259,True,-1.6938913501700326,-1.6938913501700326,-3.387782700340065
227,1,3826.3333333333335,976.0,254,True,-1.4478839100977785,-1.4478839100977785,-2.895767820195557
227,2,3710.8333333333335,1050.0,255,True,-1.4573720980022766,-1.4573720980022766,-2.9147441960045533
227,3,3624.666666666667,1102.0,256,True,-1.4628020788019653,-1.4628020788019653,-2.9256041576039307
228,0,3402.0000000000005,1144.0,256,True,-1.429340207821577,-1.429340207821577,-2.858680415643154
228,1,3251.8333333333335,920.0,254,True,-1.2770434818043732,-1.2770434818043732,-2.5540869636087464
228,2,3437.3333333333335,1230.0,257,True,-1.4822925298664553,-1.4822925298664553,-2.9645850597329106
228,3,3239.6666666666665,846.0,254,True,-1.2359889262299883,-1.2359889262299883,-2.4719778524599767
229,0,3283.3333333333335,790.0,253,True,-1.217994004056173,-1.217994004056173,-2.435988008112346
229,1,3257.6666666666665,571.0,250,True,-1.0990513620081013,-1.0990513620081013,-2.1981027240162025
229,2,3440.6666666666665,766.0,251,True,-1.2445563057008284,-1.2445563057008284,-2.489112611401657
229,3,3320.5,651.0,251,True,-1.155718395097873,-1.155718395097873,-2.311436790195746
230,0,3815.333333333333,1115.0,257,True,-1.5166293881476862,-1.5166293881476862,-3.0332587762953724
230,1,3169.1666666666665,885.0,253,True,-1.2386087819859388,-1.2386087819859388,-2.4772175639718776
230,2,3205.333333333333,937.0,255,True,-1.274286431022827,-1.274286431022827,-2.548572862045654
230,3,3454.1666666666665,1206.0,258,True,-1.4741153433313283,-1.4741153433313283,-2.9482306866626566
231,0,3217.3333333333335,1140.0,257,True,-1.381623684694954,-1.381623684694954,-2.763247369389908
231,1,3263.8333333333335,1104.0,257,True,-1.3746120979443672,-1.3746120979443672,-2.7492241958887345
231,2,3426.833333333333,1312.0,260,True,-1.5218557233917767,-1.5218557233917767,-3.0437114467835533
231,3,3410.3333333333335,1259.0,259,True,-1.4905266396954309,-1.4905266396954309,-2.9810532793908617
232,0,3156.5,922.0,254,True,-1.2545000070800996,-1.2545000070800996,-2.509000014160199
232,1,3253.3333333333335,911.0,254,True,-1.2727871166624891,-1.2727871166624891,-2.5455742333249782
232,2,3254.166666666667,1152.0,256,True,-1.3969006184617008,-1.3969006184617008,-2.7938012369234015
232,3,3387.666666666667,1298.0,259,True,-1.5049735809882685,-1.5049735809882685,-3.009947161976537
233,0,3200.8333333333335,744.0,251,True,-1.17394498660272,-1.17394498660272,-2.34788997320544
233,1,2897.3333333333335,607.0,250,True,-1.02846572901666,-1.02846572901666,-2.05693145803332
233,2,3350.8333333333335,1169.0,258,True,-1.429542405576279,-1.429542405576279,-2.859084811152558
233,3,3445.833333333333,1312.0,260,True,-1.5265535901207146,-1.5265535901207146,-3.053107180241429
234,0,3201.3333333333335,742.0,252,True,-1.173040337039575,-1.173040337039575,-2.34608067407915
234,1,3153.0,782.0,252,True,-1.1816551761300988,-1.1816551761300988,-2.3633103522601977
234,2,3094.666666666667,607.0,250,True,-1.077257608025986,-1.077257608025986,-2.154515216051972
234,3,3032.3333333333335,766.0,252,True,-1.1435933803859202,-1.1435933803859202,-2.2871867607718404
235,0,3068.3333333333335,601.0,250,True,-1.0676616966722219,-1.0676616966722219,-2.1353233933444438
235,1,2929.8333333333335,601.0,250,True,-1.0334167207796958,-1.0334167207796958,-2.0668334415593916
235,2,3313.0,989.0,255,True,-1.3276428943291432,-1.3276428943291432,-2.6552857886582864
235,3,3083.5,690.0,251,True,-1.117170102939703,-1.117170102939703,-2.234340205879406
236,0,2936.3333333333335,607.0,250,True,-1.0381087186181652,-1.0381087186181652,-2.0762174372363305
236,1,3119.6666666666665,677.0,251,True,-1.1194287288403453,-1.1194287288403453,-2.2388574576806906
236,2,3215.6666666666665,677.0,250,True,-1.1431653186286663,-1.1431653186286663,-2.2863306372573327
236,3,2868.3333333333335,447.0,248,True,-0.9390330900545217,-0.9390330900545217,-1.8780661801090435
237,0,3082.3333333333335,677.0,251,True,-1.110197832811554,-1.110197832811554,-2.220395665623108
237,1,3029.6666666666665,677.0,251,True,-1.0971756759137943,-1.0971756759137943,-2.1943513518275886
237,2,3163.6666666666665,677.0,251,True,-1.1303079991599931,-1.1303079991599931,-2.2606159983199863
237,3,3011.3333333333335,677.0,251,True,-1.0926426466139412,-1.0926426466139412,-2.1852852932278823
238,0,3173.1666666666665,820.0,253,True,-1.2061787834242037,-1.2061787834242037,-2.4123575668484074
238,1,3741.666666666667,1030.0,256,True,-1.4547130527478715,-1.4547130527478715,-2.909426105495743
238,2,3159.8333333333335,822.0,253,True,-1.2039103124774535,-1.2039103124774535,-2.407820624954907
238,3,3313.3333333333335,831.0,253,True,-1.2464913798817325,-1.2464913798817325,-2.492982759763465
239,0,2954.8333333333335,620.0,250,True,-1.0493667619025389,-1.0493667619025389,-2.0987335238050777
239,1,3120.3333333333335,677.0,251,True,-1.11959356626943,-1.11959356626943,-2.23918713253886
239,2,3147.8333333333335,651.0,251,True,-1.1130255009647114,-1.1130255009647114,-2.226051001929423
239,3,2904.5,512.0,249,True,-0.9813945437186604,-0.9813945437186604,-1.9627890874373208
240,0,3189.6666666666665,677.0,251,True,-1.1367366588943293,-1.1367366588943293,-2.2734733177886586
240,1,3053.5,757.0,252,True,-1.1441997194020614,-1.1441997194020614,-2.288399438804123
240,2,3238.166666666667,610.0,250,True,-1.1142812810890965,-1.1142812810890965,-2.228562562178193
240,3,3254.6666666666665,807.0,253,True,-1.2196463545026663,-1.2196463545026663,-2.4392927090053327
241,0,3164.6666666666665,677.0,251,True,-1.1305552553036202,-1.1305552553036202,-2.2611105106072404
241,1,3576.5,742.0,252,True,-1.2658026002574745,-1.2658026002574745,-2.531605200514949
241,2,3099.8333333333335,731.0,252,True,-1.1422883114690088,-1.1422883114690088,-2.2845766229380176
241,3,3322.0,785.0,253,True,-1.2249838808557318,-1.2249838808557318,-2.4499677617114637
242,0,3081.8333333333335,668.0,251,True,-1.1054469553824133,-1.1054469553824133,-2.2108939107648267
242,1,3229.166666666667,1091.0,256,True,-1.3593567470046677,-1.3593567470046677,-2.7187134940093354
242,2,3106.6666666666665,677.0,251,True,-1.116214398973177,-1.116214398973177,-2.232428797946354
242,3,3735.6666666666665,963.0,254,True,-1.4187822151148919,-1.4187822151148919,-2.8375644302297838
243,0,3042.3333333333335,677.0,251,True,-1.10030758706642,-1.10030758706642,-2.20061517413284
243,1,3208.1666666666665,755.0,252,True,-1.1814137253149501,-1.1814137253149501,-2.3628274506299003
243,2,3282.6666666666665,896.0,254,True,-1.2723278812800438,-1.2723278812800438,-2.5446557625600876
243,3,3301.3333333333335,896.0,254,True,-1.2769433292944388,-1.2769433292944388,-2.5538866585888775
244,0,3151.8333333333335,755.0,252,True,-1.16748496255722,-1.16748496255722,-2.33496992511444
244,1,3174.3333333333335,766.0,252,True,-1.1787037527811457,-1.1787037527811457,-2.3574075055622914
244,2,3010.8333333333335,842.0,253,True,-1.1773519234264458,-1.1773519234264458,-2.3547038468528916
244,3,3162.3333333333335,766.0,252,True,-1.1757366790576058,-1.1757366790576058,-2.3514733581152116
245,0,3178.8333333333335,912.0,254,True,-1.2548806727796578,-1.2548806727796578,-2.5097613455593155
245,1,3470.5,731.0,252,True,-1.2339379220405824,-1.2339379220405824,-2.467875844081165
245,2,3267.3333333333335,766.0,252,True,-1.2016985741385817,-1.2016985741385817,-2.4033971482771634
245,3,3329.8333333333335,907.0,254,True,-1.2896456563801353,-1.2896456563801353,-2.5792913127602706
246,0,3348.166666666667,716.0,251,True,-1.195978171541171,-1.195978171541171,-2.391956343082342
246,1,3073.8333333333335,586.0,250,True,-1.0613095231999679,-1.0613095231999679,-2.1226190463999357
246,2,2993.6666666666665,497.0,248,True,-0.9957294675966438,-0.9957294675966438,-1.9914589351932876
246,3,3297.8333333333335,997.0,256,True,-1.3280059533572937,-1.3280059533572937,-2.6560119067145873
247,0,3214.3333333333335,735.0,251,True,-1.1726556951843772,-1.1726556951843772,-2.3453113903687544
247,1,3028.3333333333335,653.0,251,True,-1.0845066694360865,-1.0845066694360865,-2.169013338872173
247,2,3412.5,1401.0,261,True,-1.5640700734222213,-1.5640700734222213,-3.1281401468444425
247,3,3183.166666666667,724.0,252,True,-1.1592940183823406,-1.1592940183823406,-2.318588036764681
248,0,3013.3333333333335,636.0,251,True,-1.0720574673844885,-1.0720574673844885,-2.144114934768977
248,1,3209.3333333333335,660.0,251,True,-1.1328590031551813,-1.1328590031551813,-2.2657180063103626
248,2,3758.5000000000005,1037.0,255,True,-1.4624741695546464,-1.4624741695546464,-2.9249483391092927
248,3,3216.166666666667,1008.0,255,True,-1.3134688952865992,-1.3134688952865992,-2.6269377905731983
249,0,3245.6666666666665,727.0,252,True,-1.1762899438115537,-1.1762899438115537,-2.3525798876231074
249,1,2869.8333333333335,443.0,248,True,-0.937347419000041,-0.937347419000041,-1.874694838000082
249,2,3132.8333333333335,753.0,252,True,-1.1617588181933203,-1.1617588181933203,-2.3235176363866406
249,3,3097.5,586.0,250,True,-1.0671612519325042,-1.0671612519325042,-2.1343225038650084
250,0,3188.3333333333335,751.0,252,True,-1.1744532565297316,-1.1744532565297316,-2.3489065130594633
250,1,3314.3333333333335,751.0,252,True,-1.2056075306269036,-1.2056075306269036,-2.4112150612538072
250,2,3172.3333333333335,506.0,249,True,-1.0445331479489028,-1.0445331479489028,-2.0890662958978057
250,3,3408.6666666666665,571.0,250,True,-1.1363870396959812,-1.1363870396959812,-2.2727740793919624
251,0,2991.8333333333335,733.0,252,True,-1.116612925592108,-1.116612925592108,-2.233225851184216
251,1,3853.166666666667,716.0,252,True,-1.3208425240734858,-1.3208425240734858,-2.6416850481469716
251,2,3598.5,651.0,251,True,-1.2244556030265539,-1.2244556030265539,-2.4489112060531077
251,3,3452.5,731.0,252,True,-1.2294873114552716,-1.2294873114552716,-2.458974622910543
252,0,3048.6666666666665,742.0,252,True,-1.1352925657789796,-1.1352925657789796,-2.2705851315579593
252,1,3073.6666666666665,783.0,253,True,-1.1625536608863978,-1.1625536608863978,-2.3251073217727956
252,2,3657.0,731.0,251,True,-1.2800511928272689,-1.2800511928272689,-2.5601023856545377
252,3,3146.8333333333335,662.0,251,True,-1.118433771813372,-1.118433771813372,-2.236867543626744
253,0,3581.666666666667,1377.0,261,True,-1.593558239433145,-1.593558239433145,-3.18711647886629
253,1,3326.8333333333335,1273.0,259,True,-1.4770786951471937,-1.4770786951471937,-2.9541573902943874
253,2,3208.8333333333335,586.0,250,True,-1.094689102589794,-1.094689102589794,-2.189378205179588
253,3,3397.5,1247.0,259,True,-1.4811838533757635,-1.4811838533757635,-2.962367706751527
254,0,3180.8333333333335,809.0,253,True,-1.2024188868664,-1.2024188868664,-2.4048377737328
254,1,3216.3333333333335,555.0,249,True,-1.0806052203251046,-1.0806052203251046,-2.1612104406502093
254,2,3023.5,447.0,248,True,-0.9773990016741869,-0.9773990016741869,-1.9547980033483738
254,3,3313.3333333333335,889.0,254,True,-1.2763114312956145,-1.2763114312956145,-2.552622862591229
255,0,3129.8333333333335,631.0,250,True,-1.0982921140297865,-1.0982921140297865,-2.196584228059573
255,1,3185.8333333333335,755.0,252,True,-1.1758916714405834,-1.1758916714405834,-2.3517833428811667
255,2,3018.8333333333335,367.0,247,True,-0.9351140342721312,-0.9351140342721312,-1.8702280685442625
255,3,3061.8333333333335,432.0,248,True,-0.9791650715843967,-0.9791650715843967,-1.9583301431687934
256,0,3152.8333333333335,597.0,250,True,-1.086498285538894,-1.086498285538894,-2.172996571077788
256,1,3093.333333333333,560.0,250,True,-1.052763408746221,-1.052763408746221,-2.105526817492442
256,2,3057.8333333333335,939.0,255,True,-1.2388444274726074,-1.2388444274726074,-2.4776888549452147
256,3,3141.3333333333335,827.0,253,True,-1.2019067679077333,-1.2019067679077333,-2.4038135358154666
257,0,3074.666666666667,508.0,249,True,-1.0214127422228285,-1.0214127422228285,-2.042825484445657
257,1,3124.8333333333335,642.0,251,True,-1.1027113603039334,-1.1027113603039334,-2.2054227206078667
257,2,3219.8333333333335,822.0,253,True,-1.2187456810951556,-1.2187456810951556,-2.437491362190311
257,3,3504.5,642.0,251,True,-1.1965862761681616,-1.1965862761681616,-2.393172552336323
258,0,2934.666666666667,443.0,248,True,-0.9533778589786127,-0.9533778589786127,-1.9067557179572254
258,1,3178.5,571.0,250,True,-1.0794769173041894,-1.0794769173041894,-2.1589538346083788
258,2,3023.0,546.0,249,True,-1.0281751165329645,-1.0281751165329645,-2.056350233065929
258,3,3558.5,653.0,251,True,-1.2155936349163814,-1.2155936349163814,-2.431187269832763
259,0,3069.3333333333335,686.0,251,True,-1.111610752301711,-1.111610752301711,-2.223221504603422
259,1,3077.0,557.0,249,True,-1.0471824752811825,-1.0471824752811825,-2.094364950562365
259,2,3250.3333333333335,762.0,252,True,-1.195438664426977,-1.195438664426977,-2.390877328853954
259,3,3336.8333333333335,1153.0,257,True,-1.4178545984857907,-1.4178545984857907,-2.8357091969715813
260,0,3190.5000000000005,688.0,250,True,-1.142598232672975,-1.142598232672975,-2.28519646534595
260,1,3377.5,642.0,251,True,-1.1651847459273623,-1.1651847459273623,-2.3303694918547246
260,2,3381.5,653.0,250,True,-1.1718292974941635,-1.1718292974941635,-2.343658594988327
260,3,3422.5,577.0,250,True,-1.142892249254391,-1.142892249254391,-2.285784498508782
261,0,3138.166666666667,571.0,250,True,-1.0695042528445136,-1.0695042528445136,-2.139008505689027
261,1,3087.8333333333335,755.0,251,True,-1.1516605693650064,-1.1516605693650064,-2.3033211387300128
261,2,3047.8333333333335,852.0,253,True,-1.1916417889155018,-1.1916417889155018,-2.3832835778310035
261,3,3083.5000000000005,827.0,253,True,-1.1876071209345622,-1.1876071209345622,-2.3752142418691244
262,0,3059.8333333333335,456.0,248,True,-0.9910098909166767,-0.9910098909166767,-1.9820197818333534
262,1,3029.3333333333335,545.0,249,True,-1.0292269332917965,-1.0292269332917965,-2.058453866583593
262,2,3050.8333333333335,852.0,253,True,-1.1923835573463872,-1.1923835573463872,-2.3847671146927745
262,3,3065.8333333333335,456.0,248,True,-0.9924934277784467,-0.9924934277784467,-1.9849868555568935
263,0,3136.8333333333335,653.0,251,True,-1.1113339610197612,-1.1113339610197612,-2.2226679220395225
263,1,3108.8333333333335,664.0,251,True,-1.110066315990456,-1.110066315990456,-2.220132631980912
263,2,3121.8333333333335,523.0,249,True,-1.0407870725928425,-1.0407870725928425,-2.081574145185685
263,3,3133.3333333333335,653.0,251,True,-1.1104685645170624,-1.1104685645170624,-2.220937129034125
264,0,3086.8333333333335,523.0,249,True,-1.0321331075658504,-1.0321331075658504,-2.064266215131701
264,1,3008.6666666666665,523.0,249,True,-1.0128059190055678,-1.0128059190055678,-2.0256118380111356
264,2,3042.6666666666665,523.0,249,True,-1.021212627888931,-1.021212627888931,-2.042425255777862
264,3,3010.8333333333335,666.0,251,True,-1.0868634915498385,-1.0868634915498385,-2.173726983099677
265,0,3325.3333333333335,939.0,255,True,-1.3049854458931907,-1.3049854458931907,-2.6099708917863813
265,1,3057.8333333333335,523.0,249,True,-1.0249626794006281,-1.0249626794006281,-2.0499253588012563
265,2,3029.8333333333335,523.0,249,True,-1.0180395073790345,-1.0180395073790345,-2.036079014758069
265,3,2989.6666666666665,523.0,249,True,-1.0081080522766295,-1.0081080522766295,-2.016216104553259
266,0,2977.8333333333335,618.0,250,True,-1.054025375571029,-1.054025375571029,-2.108050751142058
266,1,3192.666666666667,523.0,249,True,-1.058301049433184,-1.058301049433184,-2.116602098866368
266,2,3003.8333333333335,367.0,247,True,-0.9314051921177052,-0.9314051921177052,-1.8628103842354105
266,3,3356.6666666666665,818.0,253,True,-1.2505220081450446,-1.2505220081450446,-2.501044016290089
267,0,2966.5,367.0,247,True,-0.9221742960889133,-0.9221742960889133,-1.8443485921778267
267,1,3105.0,458.0,248,True,-1.0032059043721853,-1.0032059043721853,-2.0064118087443705
267,2,3005.0,687.0,251,True,-1.0962180792124354,-1.0962180792124354,-2.192436158424871
267,3,2938.8333333333335,367.0,247,True,-0.9153335427818629,-0.9153335427818629,-1.8306670855637257
268,0,3037.5,456.0,248,True,-0.9854878370423106,-0.9854878370423106,-1.9709756740846212
268,1,3253.833333333333,766.0,252,True,-1.1983606161995985,-1.1983606161995985,-2.396721232399197
268,2,3253.8333333333335,688.0,251,True,-1.1582577884361025,-1.1582577884361025,-2.316515576872205
268,3,3277.0000000000005,790.0,252,True,-1.216428048479859,-1.216428048479859,-2.432856096959718
269,0,3134.166666666667,519.0,249,True,-1.0417800097610026,-1.0417800097610026,-2.083560019522005
269,1,3213.666666666667,586.0,250,True,-1.0958841739506646,-1.0958841739506646,-2.1917683479013292
269,2,3148.8333333333335,519.0,249,True,-1.045406433200885,-1.045406433200885,-2.09081286640177
269,3,3238.3333333333335,545.0,249,True,-1.0809034673101197,-1.0809034673101197,-2.1618069346202393
270,0,3049.8333333333335,532.0,249,True,-1.0276118796089282,-1.0276118796089282,-2.0552237592178564
270,1,3138.8333333333335,456.0,248,True,-1.0105431262633167,-1.0105431262633167,-2.0210862525266333
270,2,3113.8333333333335,653.0,251,True,-1.10564706971631,-1.10564706971631,-2.21129413943262
270,3,3235.3333333333335,986.0,255,True,-1.3068969173882332,-1.3068969173882332,-2.6137938347764664
271,0,3136.166666666667,456.0,248,True,-1.0098837765469741,-1.0098837765469741,-2.0197675530939483
271,1,3049.8333333333335,456.0,248,True,-0.9885373294803924,-0.9885373294803924,-1.9770746589607848
271,2,3155.3333333333335,519.0,249,True,-1.0470135981344693,-1.0470135981344693,-2.0940271962689385
271,3,3281.3333333333335,675.0,251,True,-1.1583735277586331,-1.1583735277586331,-2.3167470555172662
272,0,3306.8333333333335,896.0,255,True,-1.2783032380843946,-1.2783032380843946,-2.556606476168789
272,1,3084.0000000000005,831.0,253,True,-1.1897873042762979,-1.1897873042762979,-2.3795746085525957
272,2,3093.666666666667,516.0,249,True,-1.030223719491612,-1.030223719491612,-2.060447438983224
272,3,3037.166666666667,519.0,249,True,-1.017796163829054,-1.017796163829054,-2.035592327658108
273,0,3208.6666666666665,625.0,251,True,-1.1146993071142706,-1.1146993071142706,-2.229398614228541
273,1,3143.6666666666665,495.0,249,True,-1.0317896115059346,-1.0317896115059346,-2.0635792230118692
273,2,2922.6666666666665,542.0,249,True,-1.0013105281856638,-1.0013105281856638,-2.0026210563713276
273,3,3223.6666666666665,664.0,251,True,-1.138459563150444,-1.138459563150444,-2.276919126300888
274,0,3264.0000000000005,892.0,254,True,-1.2656558779957252,-1.2656558779957252,-2.5313117559914504
274,1,3243.5,983.0,255,True,-1.3073737594420893,-1.3073737594420893,-2.6147475188841787
274,2,3068.166666666667,660.0,251,True,-1.0979546775463134,-1.0979546775463134,-2.1959093550926267
274,3,3097.0,982.0,255,True,-1.2706365955830554,-1.2706365955830554,-2.541273191166111
275,0,2883.8333333333335,557.0,249,True,-0.9994208302036403,-0.9994208302036403,-1.9988416604072805
275,1,3195.5,1002.0,255,True,-1.305274102080062,-1.305274102080062,-2.610548204160124
275,2,2981.8333333333335,757.0,252,True,-1.126479695775362,-1.126479695775362,-2.252959391550724
275,3,3282.8333333333335,1097.0,256,True,-1.3757109929509381,-1.3757109929509381,-2.7514219859018763
276,0,3073.8333333333335,516.0,249,True,-1.025319805976317,-1.025319805976317,-2.050639611952634
276,1,3391.1666666666665,1026.0,256,True,-1.365993219136213,-1.365993219136213,-2.731986438272426
276,2,3215.6666666666665,662.0,251,True,-1.1354532363664553,-1.1354532363664553,-2.2709064727329107
276,3,3026.0,607.0,250,True,-1.0602793528301735,-1.0602793528301735,-2.120558705660347
277,0,3063.8333333333335,612.0,250,True,-1.0722045710181827,-1.0722045710181827,-2.1444091420363653
277,1,3108.5,521.0,249,True,-1.0364620463761691,-1.0364620463761691,-2.0729240927523382
277,2,3427.3333333333335,796.0,253,True,-1.2566837216435387,-1.2566837216435387,-2.5133674432870774
277,3,3063.8333333333335,451.0,248,True,-0.9894282214037864,-0.9894282214037864,-1.9788564428075728
278,0,2972.8333333333335,557.0,249,True,-1.0214266269865626,-1.0214266269865626,-2.0428532539731252
278,1,3063.166666666667,445.0,248,True,-0.9861785510698171,-0.9861785510698171,-1.9723571021396342
278,2,3096.166666666667,456.0,248,True,-0.9999935308018403,-0.9999935308018403,-1.9999870616036806
278,3,3010.5,445.0,248,True,-0.9731563941720567,-0.9731563941720567,-1.9463127883441134
279,0,3001.5,445.0,248,True,-0.9709310888794017,-0.9709310888794017,-1.9418621777588034
279,1,3189.6666666666665,818.0,253,True,-1.2092302321591097,-1.2092302321591097,-2.4184604643182195
279,2,3108.3333333333335,690.0,251,True,-1.1233102971731392,-1.1233102971731392,-2.2466205943462785
279,3,3238.3333333333335,751.0,252,True,-1.1868160637111491,-1.1868160637111491,-2.3736321274222982
280,0,3227.166666666667,456.0,248,True,-1.0323840856171533,-1.0323840856171533,-2.0647681712343067
280,1,2988.8333333333335,611.0,250,True,-1.0531462214285752,-1.0531462214285752,-2.1062924428571503
280,2,2928.6666666666665,367.0,247,True,-0.9128197719883078,-0.9128197719883078,-1.8256395439766155
280,3,2949.8333333333335,375.0,247,True,-0.9221664709016204,-0.9221664709016204,-1.8443329418032408
281,0,3084.3333333333335,651.0,251,True,-1.097324735844312,-1.097324735844312,-2.194649471688624
281,1,3057.8333333333335,586.0,250,True,-1.0573534249019134,-1.0573534249019134,-2.114706849803827
281,2,3148.3333333333335,827.0,253,True,-1.2036375609131327,-1.2036375609131327,-2.4072751218262654
281,3,2996.3333333333335,618.0,250,True,-1.0585996142281537,-1.0585996142281537,-2.1171992284563075
282,0,3164.6666666666665,612.0,250,True,-1.0971362321673743,-1.0971362321673743,-2.1942724643347487
282,1,3221.8333333333335,731.0,252,True,-1.172453560991667,-1.172453560991667,-2.344907121983334
282,2,3091.3333333333335,490.0,248,True,-1.0162791792353139,-1.0162791792353139,-2.0325583584706277
282,3,3262.3333333333335,907.0,254,True,-1.2729558666852216,-1.2729558666852216,-2.5459117333704433
283,0,3174.3333333333335,610.0,250,True,-1.0984980972541525,-1.0984980972541525,-2.196996194508305
283,1,3347.8333333333335,731.0,252,True,-1.2036078350888388,-1.2036078350888388,-2.4072156701776777
283,2,3142.6666666666665,677.0,251,True,-1.1251156201437977,-1.1251156201437977,-2.2502312402875955
283,3,2879.3333333333335,310.0,246,True,-0.8713158896395754,-0.8713158896395754,-1.7426317792791508
284,0,2939.8333333333335,375.0,247,True,-0.9196939094653367,-0.9196939094653367,-1.8393878189306734
284,1,2989.8333333333335,540.0,249,True,-1.0168896215310734,-1.0168896215310734,-2.033779243062147
284,2,3134.166666666667,586.0,250,True,-1.0762273105322107,-1.0762273105322107,-2.1524546210644213
284,3,3151.8333333333335,519.0,249,True,-1.0461482016317705,-1.0461482016317705,-2.092296403263541
285,0,3268.166666666667,651.0,251,True,-1.1427786569146559,-1.1427786569146559,-2.2855573138293117
285,1,3251.0,542.0,249,True,-1.0824929620103043,-1.0824929620103043,-2.1649859240206086
285,2,3335.666666666667,701.0,251,True,-1.185175387483605,-1.185175387483605,-2.37035077496721
285,3,3228.3333333333335,621.0,250,True,-1.1175054560023718,-1.1175054560023718,-2.2350109120047437
286,0,3116.1666666666665,625.0,250,True,-1.0918281138286483,-1.0918281138286483,-2.1836562276572966
286,1,3267.8333333333335,816.0,253,True,-1.227529143084431,-1.227529143084431,-2.455058286168862
286,2,3004.3333333333335,460.0,248,True,-0.9793437302152265,-0.9793437302152265,-1.958687460430453
286,3,3110.3333333333335,586.0,250,True,-1.0703343724424021,-1.0703343724424021,-2.1406687448848043
287,0,3426.666666666667,961.0,254,True,-1.3413517890987714,-1.3413517890987714,-2.682703578197543
287,1,3414.5,807.0,253,True,-1.2591661281259303,-1.2591661281259303,-2.5183322562518606
287,2,3118.5000000000005,851.0,253,True,-1.2086004175810912,-1.2086004175810912,-2.4172008351621823
287,3,3403.5,666.0,251,True,-1.1839527372812364,-1.1839527372812364,-2.367905474562473
288,0,2992.166666666667,521.0,249,True,-1.0076979150007388,-1.0076979150007388,-2.0153958300014776
288,1,3256.3333333333335,842.0,253,True,-1.2380533066872044,-1.2380533066872044,-2.4761066133744087
288,2,3117.8333333333335,651.0,251,True,-1.1056078166558616,-1.1056078166558616,-2.211215633311723
288,3,3237.5000000000005,922.0,254,True,-1.2745277547139955,-1.2745277547139955,-2.549055509427991
289,0,3060.3333333333335,395.0,247,True,-0.959771051122168,-0.959771051122168,-1.919542102244336
289,1,3355.5,807.0,252,True,-1.2445780156518575,-1.2445780156518575,-2.489156031303715
289,2,3124.166666666667,649.0,251,True,-1.1061454945972125,-1.1061454945972125,-2.212290989194425
289,3,3214.3333333333335,649.0,251,True,-1.1284397568810356,-1.1284397568810356,-2.256879513762071
290,0,3053.3333333333335,686.0,251,True,-1.107654654003658,-1.107654654003658,-2.215309308007316
290,1,3004.666666666667,521.0,249,True,-1.010788616796093,-1.010788616796093,-2.021577233592186
290,2,3040.3333333333335,395.0,247,True,-0.9548259282496004,-0.9548259282496004,-1.9096518564992009
290,3,3175.166666666667,545.0,249,True,-1.0652851209042629,-1.0652851209042629,-2.1305702418085257
291,0,3028.3333333333335,625.0,250,True,-1.0701107825466256,-1.0701107825466256,-2.1402215650932512
291,1,3066.3333333333335,714.0,251,True,-1.1252648707602875,-1.1252648707602875,-2.250529741520575
291,2,3096.333333333333,781.0,252,True,-1.1671298558403456,-1.1671298558403456,-2.334259711680691
291,3,2960.666666666667,601.0,250,True,-1.0410404518749035,-1.0410404518749035,-2.082080903749807
292,0,3119.3333333333335,887.0,253,True,-1.227315461796754,-1.227315461796754,-2.454630923593508
292,1,3112.3333333333335,1031.0,255,True,-1.2996206585085788,-1.2996206585085788,-2.5992413170171575
292,2,3037.3333333333335,802.0,252,True,-1.1633386585333683,-1.1633386585333683,-2.3266773170667365
292,3,3034.3333333333335,701.0,251,True,-1.1106688695369298,-1.1106688695369298,-2.2213377390738596
293,0,3036.3333333333335,490.0,248,True,-1.0026800913357554,-1.0026800913357554,-2.005360182671511
293,1,2939.3333333333335,621.0,250,True,-1.0460484304937798,-1.0460484304937798,-2.0920968609875596
293,2,3011.3333333333335,646.0,250,True,-1.0767043432720382,-1.0767043432720382,-2.1534086865440765
293,3,3005.3333333333335,686.0,251,True,-1.095786359109498,-1.095786359109498,-2.191572718218996
294,0,3132.8333333333335,963.0,255,True,-1.2697279698642712,-1.2697279698642712,-2.5394559397285423
294,1,3114.6666666666665,883.0,254,True,-1.2241050445232313,-1.2241050445232313,-2.4482100890464626
294,2,3475.5,1089.0,257,True,-1.419235899416822,-1.419235899416822,-2.838471798833644
294,3,2950.3333333333335,751.0,252,True,-1.1156062943461855,-1.1156062943461855,-2.231212588692371
295,0,3019.3333333333335,662.0,251,True,-1.086908613500757,-1.086908613500757,-2.173817227001514
295,1,3107.166666666667,1022.0,256,True,-1.2937159190758394,-1.2937159190758394,-2.5874318381516788
295,2,3022.8333333333335,1073.0,256,True,-1.2990850639880314,-1.2990850639880314,-2.5981701279760627
295,3,2924.3333333333335,777.0,252,True,-1.1225452438663468,-1.1225452438663468,-2.2450904877326936
296,0,3071.3333333333335,751.0,252,True,-1.1455242877252152,-1.1455242877252152,-2.2910485754504304
296,1,3049.8333333333335,807.0,253,True,-1.1690000544161268,-1.1690000544161268,-2.3380001088322535
296,2,3110.3333333333335,1060.0,256,True,-1.314036171928262,-1.314036171928262,-2.628072343856524
296,3,3078.3333333333335,766.0,252,True,-1.1549671629928244,-1.1549671629928244,-2.309934325985649
297,0,2917.666666666667,521.0,249,True,-0.989277332300428,-0.989277332300428,-1.978554664600856
297,1,3143.3333333333335,777.0,252,True,-1.1766943393209548,-1.1766943393209548,-2.3533886786419096
297,2,2997.3333333333335,621.0,250,True,-1.0603892868242246,-1.0603892868242246,-2.1207785736484492
297,3,2963.3333333333335,621.0,250,True,-1.0519825779408607,-1.0519825779408607,-2.1039651558817214
298,0,3065.666666666667,831.0,253,True,-1.1852542749764452,-1.1852542749764452,-2.3705085499528904
298,1,3117.1666666666665,861.0,254,True,-1.2134121308977275,-1.2134121308977275,-2.426824261795455
298,2,3328.0,1258.0,259,True,-1.469655078385883,-1.469655078385883,-2.939310156771766
298,3,3305.1666666666665,1128.0,257,True,-1.397171350167208,-1.397171350167208,-2.794342700334416
299,0,3171.333333333333,766.0,252,True,-1.1779619843502611,-1.1779619843502611,-2.3559239687005222
299,1,3140.5000000000005,907.0,254,True,-1.2428318265198344,-1.2428318265198344,-2.4856636530396687
299,2,3074.3333333333335,692.0,251,True,-1.1159318659247384,-1.1159318659247384,-2.2318637318494767
299,3,3119.5000000000005,842.0,253,True,-1.2042204243673924,-1.2042204243673924,-2.408440848734785
300,0,3012.666666666667,597.0,250,True,-1.0518412160736554,-1.0518412160736554,-2.103682432147311
300,1,3064.3333333333335,757.0,251,True,-1.1468783276247012,-1.1468783276247012,-2.2937566552494024
300,2,3478.5,807.0,253,True,-1.2749905213181436,-1.2749905213181436,-2.549981042636287
300,3,3004.3333333333335,677.0,251,True,-1.0909118536085431,-1.0909118536085431,-2.1818237072170863
301,0,3524.0,872.0,254,True,-1.3196596989894793,-1.3196596989894793,-2.6393193979789586
301,1,3342.1666666666665,820.0,253,True,-1.2479650716973953,-1.2479650716973953,-2.4959301433947907
301,2,3372.3333333333335,896.0,254,True,-1.2944985154920516,-1.2944985154920516,-2.5889970309841033
301,3,3354.666666666667,976.0,255,True,-1.331261429019742,-1.331261429019742,-2.662522858039484
302,0,3100.6666666666665,807.0,253,True,-1.1815689083838998,-1.1815689083838998,-2.3631378167677997
302,1,3157.3333333333335,660.0,251,True,-1.1200016836865083,-1.1200016836865083,-2.2400033673730166
302,2,3052.6666666666665,597.0,250,True,-1.061731461818788,-1.061731461818788,-2.123462923637576
302,3,3270.8333333333335,636.0,251,True,-1.1357259243687874,-1.1357259243687874,-2.2714518487375748
303,0,3553.6666666666665,1401.0,261,True,-1.5989743990310894,-1.5989743990310894,-3.197948798062179
303,1,3525.5,1297.0,259,True,-1.538539580634228,-1.538539580634228,-3.077079161268456
303,2,3240.166666666667,981.0,255,True,-1.3055212946616988,-1.3055212946616988,-2.6110425893233975
303,3,4081.833333333333,2071.0,269,True,-2.0740398599362098,-2.0740398599362098,-4.1480797198724195
304,0,3528.3333333333335,1833.0,266,True,-1.8148185458775066,-1.8148185458775066,-3.629637091755013
304,1,3813.166666666667,1590.0,263,True,-1.7603096048065017,-1.7603096048065017,-3.5206192096130033
304,2,3348.6666666666665,1297.0,259,True,-1.4948164525692826,-1.4948164525692826,-2.9896329051385653
304,3,3959.5,1711.0,265,True,-1.8587022174059493,-1.8587022174059493,-3.7174044348118986
305,0,3734.833333333333,1247.0,259,True,-1.5645915924930602,-1.5645915924930602,-3.1291831849861205
305,1,4012.8333333333335,1503.0,262,True,-1.7649483376968025,-1.7649483376968025,-3.529896675393605
305,2,3694.166666666667,1349.0,259,True,-1.6069786687018757,-1.6069786687018757,-3.2139573374037513
305,3,3553.3333333333335,1555.0,262,True,-1.6780693582085764,-1.6780693582085764,-3.356138716417153
306,0,3264.833333333333,1171.0,258,True,-1.4093066548592028,-1.4093066548592028,-2.8186133097184056
306,1,3389.6666666666665,1497.0,262,True,-1.6077817179541884,-1.6077817179541884,-3.215563435908377
306,2,3242.166666666667,861.0,254,True,-1.24431914885127,-1.24431914885127,-2.48863829770254
306,3,3396.3333333333335,1338.0,260,True,-1.5276820202656103,-1.5276820202656103,-3.0553640405312206
307,0,3499.833333333333,1295.0,260,True,-1.5311650619794723,-1.5311650619794723,-3.0623301239589447
307,1,3911.8333333333335,1091.0,256,True,-1.528150274388285,-1.528150274388285,-3.05630054877657
307,2,3519.333333333333,1162.0,258,True,-1.4676060940552893,-1.4676060940552893,-2.9352121881105786
307,3,3793.333333333333,1321.0,259,True,-1.617102349388892,-1.617102349388892,-3.234204698777784
308,0,3269.0000000000005,1000.0,255,True,-1.3224191510017842,-1.3224191510017842,-2.6448383020035684
308,1,3666.166666666667,1054.0,256,True,-1.4483845455234676,-1.4483845455234676,-2.8967690910469353
308,2,3677.3333333333335,1464.0,261,True,-1.661942487627747,-1.661942487627747,-3.323884975255494
308,3,3832.333333333333,1104.0,256,True,-1.5151772155970804,-1.5151772155970804,-3.030354431194161
309,0,3979.6666666666665,1440.0,261,True,-1.7243569300985115,-1.7243569300985115,-3.448713860197023
309,1,3400.333333333333,1026.0,256,True,-1.3682597337861389,-1.3682597337861389,-2.7365194675722777
309,2,3579.333333333333,1106.0,256,True,-1.4536496888940704,-1.4536496888940704,-2.907299377788141
309,3,3783.5000000000005,985.0,255,True,-1.4419203546363575,-1.4419203546363575,-2.883840709272715
310,0,3581.833333333333,1104.0,257,True,-1.4532395516181804,-1.4532395516181804,-2.906479103236361
310,1,3739.8333333333335,1631.0,263,True,-1.763257179123797,-1.763257179123797,-3.526514358247594
310,2,3624.1666666666665,1514.0,263,True,-1.6745036435322074,-1.6745036435322074,-3.3490072870644148
310,3,3524.333333333333,1115.0,257,True,-1.444677850351837,-1.444677850351837,-2.889355700703674
311,0,3597.5,1156.0,258,True,-1.4838484497106872,-1.4838484497106872,-2.9676968994213744
311,1,3430.666666666667,885.0,254,True,-1.3032662635447507,-1.3032662635447507,-2.6065325270895014
311,2,3529.666666666667,820.0,253,True,-1.2943255986277105,-1.2943255986277105,-2.588651197255421
311,3,3904.333333333333,1505.0,263,True,-1.739149323748089,-1.739149323748089,-3.478298647496178
312,0,3657.6666666666665,1091.0,257,True,-1.465306004549414,-1.465306004549414,-2.930612009098828
312,1,3817.6666666666665,900.0,252,True,-1.4066664733911318,-1.4066664733911318,-2.8133329467822636
312,2,3571.3333333333335,1275.0,259,True,-1.5385610998992847,-1.5385610998992847,-3.0771221997985694
312,3,3533.833333333334,1585.0,264,True,-1.6886720279322456,-1.6886720279322456,-3.377344055864491
313,0,3432.6666666666665,1082.0,256,True,-1.4050461228757098,-1.4050461228757098,-2.8100922457514197
313,1,3416.6666666666665,1082.0,256,True,-1.4010900245776552,-1.4010900245776552,-2.8021800491553104
313,2,3529.666666666667,1258.0,258,True,-1.519518400684264,-1.519518400684264,-3.039036801368528
313,3,3552.9999999999995,1247.0,259,True,-1.5196321837099718,-1.5196321837099718,-3.0392643674199435
314,0,3385.1666666666665,1115.0,257,True,-1.4102680370302263,-1.4102680370302263,-2.8205360740604526
314,1,3453.666666666667,1372.0,258,True,-1.5593387589613135,-1.5593387589613135,-3.118677517922627
314,2,3331.1666666666665,1134.0,257,True,-1.4066848428064302,-1.4066848428064302,-2.8133696856128605
314,3,3200.4999999999995,967.0,254,True,-1.2885155241863784,-1.2885155241863784,-2.5770310483727568
315,0,3419.6666666666665,1054.0,256,True,-1.3874359061190804,-1.3874359061190804,-2.774871812238161
315,1,3149.333333333333,952.0,255,True,-1.268152169241851,-1.268152169241851,-2.536304338483702
315,2,3278.833333333333,1043.0,256,True,-1.346958472232467,-1.346958472232467,-2.693916944464934
315,3,3189.3333333333335,898.0,254,True,-1.2502789188430257,-1.2502789188430257,-2.5005578376860513
316,0,3406.3333333333335,978.0,255,True,-1.3450646074088348,-1.3450646074088348,-2.6901292148176696
316,1,3341.3333333333335,887.0,254,True,-1.2822063256822465,-1.2822063256822465,-2.564412651364493
316,2,3162.5,807.0,253,True,-1.1968575799315864,-1.1968575799315864,-2.3937151598631727
316,3,2991.8333333333335,577.0,250,True,-1.0364072700651163,-1.0364072700651163,-2.0728145401302327
317,0,3264.3333333333335,731.0,252,True,-1.1829619470958712,-1.1829619470958712,-2.3659238941917424
317,1,3315.5,731.0,252,True,-1.1956132197781892,-1.1956132197781892,-2.3912264395563785
317,2,3183.0,770.0,252,True,-1.1829031946291808,-1.1829031946291808,-2.3658063892583616
317,3,3116.5,811.0,253,True,-1.1875403525946053,-1.1875403525946053,-2.3750807051892107
318,0,3369.3333333333335,963.0,255,True,-1.3282040478323747,-1.3282040478323747,-2.6564080956647493
318,1,3211.6666666666665,731.0,252,True,-1.169939790198112,-1.169939790198112,-2.339879580396224
318,2,3257.8333333333335,974.0,254,True,-1.3062905148101027,-1.3062905148101027,-2.6125810296202054
318,3,3149.1666666666665,655.0,251,True,-1.1154117310928058,-1.1154117310928058,-2.2308234621856116
319,0,3273.5,731.0,252,True,-1.1852284617457987,-1.1852284617457987,-2.3704569234915973
319,1,3045.5,601.0,250,True,-1.0620160147260413,-1.0620160147260413,-2.1240320294520827
319,2,3122.6666666666665,616.0,250,True,-1.0888080294049067,-1.0888080294049067,-2.1776160588098135
319,3,2876.5,512.0,249,True,-0.9744713716970665,-0.9744713716970665,-1.948942743394133
320,0,3125.8333333333335,753.0,252,True,-1.160028025187922,-1.160028025187922,-2.320056050375844
320,1,3210.333333333333,846.0,253,True,-1.228736079350224,-1.228736079350224,-2.457472158700448
320,2,3180.5,614.0,250,True,-1.1020793987431179,-1.1020793987431179,-2.2041587974862358
320,3,3024.3333333333335,395.0,247,True,-0.950869829951547,-0.950869829951547,-1.901739659903094
321,0,3000.3333333333335,544.0,249,True,-1.0215423663090937,-1.0215423663090937,-2.0430847326181873
321,1,3194.3333333333335,460.0,248,True,-1.026322397504613,-1.026322397504613,-2.052644795009226
321,2,3197.3333333333335,698.0,250,True,-1.149429204495909,-1.149429204495909,-2.298858408991818
321,3,3129.3333333333335,876.0,252,True,-1.2241324962407503,-1.2241324962407503,-2.4482649924815005
322,0,3206.3333333333335,677.0,250,True,-1.1408575946214687,-1.1408575946214687,-2.2817151892429375
322,1,3118.6666666666665,662.0,251,True,-1.1114693904345063,-1.1114693904345063,-2.2229387808690126
322,2,3066.8333333333335,905.0,254,True,-1.2235890129709177,-1.2235890129709177,-2.4471780259418354
322,3,3028.5,651.0,251,True,-1.083519601158396,-1.083519601158396,-2.167039202316792
323,0,3027.3333333333335,738.0,252,True,-1.1279612127783194,-1.1279612127783194,-2.255922425556639
323,1,3073.8333333333335,803.0,253,True,-1.1728776465932838,-1.1728776465932838,-2.3457552931865675
323,2,3176.3333333333335,1050.0,254,True,-1.3252136892329272,-1.3252136892329272,-2.6504273784658543
323,3,3182.3333333333335,903.0,254,True,-1.2511188199250318,-1.2511188199250318,-2.5022376398500636
324,0,3006.6666666666665,677.0,251,True,-1.091488784610342,-1.091488784610342,-2.182977569220684
324,1,3267.3333333333335,983.0,254,True,-1.3132666975318972,-1.3132666975318972,-2.6265333950637944
324,2,2965.3333333333335,668.0,251,True,-1.0766416146497109,-1.0766416146497109,-2.1532832292994217
324,3,3845.1666666666665,926.0,254,True,-1.4268336265954098,-1.4268336265954098,-2.8536672531908196
325,0,3247.8333333333335,831.0,253,True,-1.2302961024740762,-1.2302961024740762,-2.4605922049481523
325,1,3156.0,796.0,253,True,-1.1895948880057148,-1.1895948880057148,-2.3791897760114296
325,2,3098.3333333333335,597.0,250,True,-1.07302282571115,-1.07302282571115,-2.1460456514223
325,3,3314.8333333333335,666.0,251,True,-1.1620293592128565,-1.1620293592128565,-2.324058718425713
326,0,3148.8333333333335,577.0,250,True,-1.0752264846147668,-1.0752264846147668,-2.1504529692295336
326,1,3167.3333333333335,597.0,250,True,-1.0900834996215054,-1.0900834996215054,-2.180166999243011
326,2,2991.5,380.0,247,True,-0.9350395043068713,-0.9350395043068713,-1.8700790086137427
326,3,3060.3333333333335,622.0,250,True,-1.0764805626902916,-1.0764805626902916,-2.152961125380583
327,0,3212.8333333333335,807.0,253,True,-1.2093028058275468,-1.2093028058275468,-2.4186056116550936
327,1,3337.166666666667,640.0,250,True,-1.1541838038327235,-1.1541838038327235,-2.308367607665447
327,2,3113.5,655.0,251,True,-1.106592928636727,-1.106592928636727,-2.213185857273454
327,3,3342.333333333333,861.0,254,True,-1.2690859725713757,-1.2690859725713757,-2.5381719451427514
328,0,3128.1666666666665,655.0,251,True,-1.1102193520766106,-1.1102193520766106,-2.220438704153221
328,1,3646.666666666667,887.0,254,True,-1.3577018682034352,-1.3577018682034352,-2.7154037364068704
328,2,3487.166666666667,887.0,254,True,-1.318264513294713,-1.318264513294713,-2.636529026589426
328,3,3372.3333333333335,662.0,251,True,-1.1741900322015633,-1.1741900322015633,-2.3483800644031265
329,0,3326.0,785.0,252,True,-1.2259729054302455,-1.2259729054302455,-2.451945810860491
329,1,3372.333333333333,861.0,254,True,-1.2765036568802262,-1.2765036568802262,-2.5530073137604523
329,2,3413.5,861.0,254,True,-1.2866823681262598,-1.2866823681262598,-2.5733647362525196
329,3,3595.166666666667,1043.0,256,True,-1.4251738323335676,-1.4251738323335676,-2.8503476646671353
330,0,3308.5,824.0,253,True,-1.2416973367984971,-1.2416973367984971,-2.4833946735969943
330,1,3061.0,702.0,250,True,-1.1177765055178333,-1.1177765055178333,-2.2355530110356665
330,2,3094.5,601.0,250,True,-1.0741315657638308,-1.0741315657638308,-2.1482631315276617
330,3,3400.5,1052.0,255,True,-1.3816685523979086,-1.3816685523979086,-2.7633371047958173
331,0,2958.8333333333335,611.0,250,True,-1.0457285371197262,-1.0457285371197262,-2.0914570742394525
331,1,3316.8333333333335,560.0,250,True,-1.1080251568471569,-1.1080251568471569,-2.2160503136943137
331,2,3064.8333333333335,674.0,251,True,-1.104328433845616,-1.104328433845616,-2.208656867691232
331,3,3200.333333333333,720.0,252,True,-1.1614820269113697,-1.1614820269113697,-2.3229640538227394
332,0,3260.6666666666665,818.0,253,True,-1.2267854183567244,-1.2267854183567244,-2.4535708367134488
332,1,3341.5,963.0,255,True,-1.321322085168052,-1.321322085168052,-2.642644170336104
332,2,3248.5,640.0,251,True,-1.1322604257643436,-1.1322604257643436,-2.264520851528687
332,3,3082.0,620.0,250,True,-1.0808095015006103,-1.0808095015006103,-2.1616190030012206
333,0,3329.166666666667,586.0,249,True,-1.1244422585397387,-1.1244422585397387,-2.2488845170794773
333,1,3409.166666666667,625.0,251,True,-1.1642741639117549,-1.1642741639117549,-2.3285483278235097
333,2,3204.333333333333,725.0,251,True,-1.165041745573286,-1.165041745573286,-2.330083491146572
333,3,3277.6666666666665,731.0,252,True,-1.186258695677583,-1.186258695677583,-2.372517391355166
334,0,3718.666666666667,690.0,250,True,-1.274218963500974,-1.274218963500974,-2.548437927001948
334,1,3294.5,495.0,249,True,-1.0690840798365433,-1.0690840798365433,-2.1381681596730866
334,2,3354.8333333333335,792.0,253,True,-1.2367010959605604,-1.2367010959605604,-2.473402191921121
334,3,3705.6666666666665,755.0,252,True,-1.3044236567700536,-1.3044236567700536,-2.608847313540107
335,0,3780.5,861.0,254,True,-1.3774253728378638,-1.3774253728378638,-2.7548507456757276
335,1,3325.3333333333335,621.0,250,True,-1.1414893019343213,-1.1414893019343213,-2.2829786038686426
335,2,3643.5,796.0,253,True,-1.3101322580245334,-1.3101322580245334,-2.6202645160490667
335,3,3066.3333333333335,525.0,249,True,-1.0280926342564312,-1.0280926342564312,-2.0561852685128623
336,0,3432.1666666666665,896.0,254,True,-1.3092926747524802,-1.3092926747524802,-2.6185853495049605
336,1,3099.666666666667,911.0,253,True,-1.2347920892582658,-1.2347920892582658,-2.4695841785165316
336,2,3399.1666666666665,950.0,255,True,-1.328896718156705,-1.328896718156705,-2.65779343631341
336,3,3194.6666666666665,625.0,250,True,-1.1112377211034745,-1.1112377211034745,-2.222475442206949
337,0,3193.8333333333335,781.0,253,True,-1.1912373298441095,-1.1912373298441095,-2.382474659688219
337,1,3164.3333333333335,729.0,252,True,-1.1572080550980752,-1.1572080550980752,-2.3144161101961505
337,2,3269.5,1143.0,257,True,-1.396064629973341,-1.396064629973341,-2.792129259946682
337,3,3384.8333333333335,1223.0,259,True,-1.4657126106036016,-1.4657126106036016,-2.931425221207203
338,0,2907.5,451.0,248,True,-0.9507738442832215,-0.9507738442832215,-1.901547688566443
338,1,3147.3333333333335,775.0,252,True,-1.1766550862605059,-1.1766550862605059,-2.3533101725210117
338,2,3226.833333333333,822.0,253,True,-1.2204764741005538,-1.2204764741005538,-2.4409529482011076
338,3,3551.0,1368.0,260,True,-1.5813484683378827,-1.5813484683378827,-3.1626969366757653
339,0,3246.333333333333,1091.0,257,True,-1.3636013108036202,-1.3636013108036202,-2.7272026216072405
339,1,3288.6666666666665,831.0,253,True,-1.2403923950055666,-1.2403923950055666,-2.4807847900111333
339,2,3301.8333333333335,1106.0,257,True,-1.385036109037204,-1.385036109037204,-2.770072218074408
339,3,3304.8333333333335,1104.0,257,True,-1.3847495998331272,-1.3847495998331272,-2.7694991996662544
340,0,3024.3333333333335,597.0,250,True,-1.0547258710826517,-1.0547258710826517,-2.1094517421653034
340,1,3098.3333333333335,762.0,252,True,-1.157855730595468,-1.157855730595468,-2.315711461190936
340,2,3151.0000000000005,900.0,254,True,-1.2418290443055675,-1.2418290443055675,-2.483658088611135
340,3,2984.0,672.0,251,True,-1.0833136179340295,-1.0833136179340295,-2.166627235868059
341,0,2945.5,456.0,248,True,-0.962740271828503,-0.962740271828503,-1.925480543657006
341,1,2995.3333333333335,623.0,250,True,-1.0609230521719293,-1.0609230521719293,-2.1218461043438586
341,2,3023.166666666667,651.0,251,True,-1.0822009017257106,-1.0822009017257106,-2.164401803451421
341,3,3156.0,844.0,253,True,-1.2142735512447889,-1.2142735512447889,-2.4285471024895777
342,0,3115.3333333333335,727.0,252,True,-1.1440642264253245,-1.1440642264253245,-2.288128452850649
342,1,3103.3333333333335,842.0,252,True,-1.2002231167120678,-1.2002231167120678,-2.4004462334241357
342,2,2920.8333333333335,703.0,252,True,-1.0836335748700738,-1.0836335748700738,-2.1672671497401477
342,3,3114.3333333333335,827.0,253,True,-1.1952308520297688,-1.1952308520297688,-2.3904617040595375
343,0,3152.3333333333335,686.0,251,True,-1.1321330122228654,-1.1321330122228654,-2.264266024445731
343,1,3385.166666666667,924.0,254,True,-1.3120675228914094,-1.3120675228914094,-2.6241350457828188
343,2,3177.4999999999995,816.0,253,True,-1.2051936714433362,-1.2051936714433362,-2.4103873428866724
343,3,3227.8333333333335,662.0,251,True,-1.1384615194472671,-1.1384615194472671,-2.2769230388945343
344,0,2880.3333333333335,310.0,246,True,-0.8715631457832042,-0.8715631457832042,-1.7431262915664083
344,1,3125.1666666666665,655.0,251,True,-1.1094775836457247,-1.1094775836457247,-2.2189551672914494
344,2,3115.3333333333335,655.0,250,True,-1.1070462315667133,-1.1070462315667133,-2.2140924631334267
344,3,3099.1666666666665,655.0,251,True,-1.103048923911388,-1.103048923911388,-2.206097847822776
345,0,3074.666666666667,597.0,250,True,-1.0671710969786126,-1.0671710969786126,-2.134342193957225
345,1,3170.166666666667,731.0,252,True,-1.1596786602375353,-1.1596786602375353,-2.3193573204750706
345,2,3080.3333333333335,527.0,249,True,-1.0325824979021896,-1.0325824979021896,-2.065164995804379
345,3,3181.3333333333335,456.0,248,True,-1.0210515123675221,-1.0210515123675221,-2.0421030247350442
346,0,3046.3333333333335,662.0,251,True,-1.093584529378722,-1.093584529378722,-2.187169058757444
346,1,3019.3333333333335,762.0,252,True,-1.1383224952488296,-1.1383224952488296,-2.276644990497659
346,2,3020.3333333333335,686.0,251,True,-1.0994952012639234,-1.0994952012639234,-2.198990402527847
346,3,3208.333333333333,896.0,254,True,-1.253948507937003,-1.253948507937003,-2.507897015874006
347,0,3027.3333333333335,566.0,249,True,-1.0395293361716353,-1.0395293361716353,-2.0790586723432707
347,1,3396.1666666666665,811.0,253,True,-1.256689654095999,-1.256689654095999,-2.513379308191998
347,2,3518.1666666666665,811.0,253,True,-1.2868549036186585,-1.2868549036186585,-2.573709807237317
347,3,2961.3333333333335,603.0,250,True,-1.0422335669389506,-1.0422335669389506,-2.0844671338779013
348,0,2970.3333333333335,768.0,252,True,-1.129291777115924,-1.129291777115924,-2.258583554231848
348,1,3393.3333333333335,1045.0,256,True,-1.376297578312874,-1.376297578312874,-2.752595156625748
348,2,3023.3333333333335,621.0,250,True,-1.0668179465585617,-1.0668179465585617,-2.1336358931171233
348,3,3200.3333333333335,963.0,254,True,-1.2864177595591855,-1.2864177595591855,-2.572835519118371
349,0,3367.8333333333335,1076.0,256,True,-1.3859308499922536,-1.3859308499922536,-2.771861699984507
349,1,2965.166666666667,536.0,249,True,-1.008734081384985,-1.008734081384985,-2.01746816276997
349,2,3377.3333333333335,1108.0,257,True,-1.4047322255161057,-1.4047322255161057,-2.8094644510322113
349,3,2996.3333333333335,692.0,251,True,-1.0966458867217264,-1.0966458867217264,-2.1932917734434527
350,0,3199.8333333333335,916.0,254,True,-1.2621296070657773,-1.2621296070657773,-2.5242592141315545
350,1,3410.5,885.0,254,True,-1.2982799313149127,-1.2982799313149127,-2.5965598626298254
350,2,3114.8333333333335,840.0,253,True,-1.202038284728832,-1.202038284728832,-2.404076569457664
350,3,3222.166666666667,816.0,253,True,-1.216237779192071,-1.216237779192071,-2.432475558384142
351,0,3121.3333333333335,768.0,251,True,-1.166627454803805,-1.166627454803805,-2.33325490960761
351,1,3070.8333333333335,675.0,251,True,-1.106326109524866,-1.106326109524866,-2.212652219049732
351,2,3445.5,937.0,254,True,-1.3336691148509021,-1.3336691148509021,-2.6673382297018042
351,3,3074.5000000000005,790.0,253,True,-1.16635867939512,-1.16635867939512,-2.33271735879024
352,0,3357.8333333333335,892.0,254,True,-1.288856746139518,-1.288856746139518,-2.577713492279036
352,1,3096.5,666.0,250,True,-1.1080451011873345,-1.1080451011873345,-2.216090202374669
352,2,3368.166666666667,1022.0,256,True,-1.3582497725628375,-1.3582497725628375,-2.716499545125675
352,3,3008.8333333333335,622.0,249,True,-1.0637468712934306,-1.0637468712934306,-2.127493742586861
353,0,2965.3333333333335,456.0,248,True,-0.9676441853437985,-0.9676441853437985,-1.935288370687597
353,1,3273.0000000000005,849.0,253,True,-1.2457732141367093,-1.2457732141367093,-2.4915464282734185
353,2,3135.8333333333335,495.0,248,True,-1.029852771714179,-1.029852771714179,-2.059705543428358
353,3,3197.8333333333335,827.0,253,True,-1.2158767400227366,-1.2158767400227366,-2.431753480045473
354,0,3253.5,1052.0,256,True,-1.3453218992845437,-1.3453218992845437,-2.6906437985690874
354,1,3298.8333333333335,1022.0,255,True,-1.3411066799379396,-1.3411066799379396,-2.6822133598758793
354,2,3217.8333333333335,1161.0,257,True,-1.3925442279338633,-1.3925442279338633,-2.7850884558677267
354,3,3128.8333333333335,525.0,249,True,-1.0435461432332034,-1.0435461432332034,-2.0870922864664068
355,0,3010.0,586.0,250,True,-1.045526339365025,-1.045526339365025,-2.09105267873005
355,1,3164.8333333333335,937.0,254,True,-1.2642725572058804,-1.2642725572058804,-2.5285451144117608
355,2,3240.666666666667,971.0,255,True,-1.3005035345587068,-1.3005035345587068,-2.6010070691174136
355,3,3042.3333333333335,686.0,250,True,-1.104934836423747,-1.104934836423747,-2.209869672847494
356,0,3036.333333333333,701.0,251,True,-1.1111633818241866,-1.1111633818241866,-2.2223267636483732
356,1,2938.3333333333335,310.0,246,True,-0.8859040021136486,-0.8859040021136486,-1.7718080042272972
356,2,3061.666666666667,826.0,253,True,-1.181694556314529,-1.181694556314529,-2.363389112629058
356,3,2887.3333333333335,566.0,249,True,-1.004913476063666,-1.004913476063666,-2.009826952127332
357,0,3010.6666666666665,471.0,248,True,-0.9865652127838278,-0.9865652127838278,-1.9731304255676556
357,1,2903.5,395.0,247,True,-0.9209930459297885,-0.9209930459297885,-1.841986091859577
357,2,2920.3333333333335,456.0,248,True,-0.9565176588805222,-0.9565176588805222,-1.9130353177610444
357,3,2980.3333333333335,686.0,251,True,-1.089604955518788,-1.089604955518788,-2.179209911037576
358,0,3311.3333333333335,521.0,249,True,-1.0866138341754532,-1.0866138341754532,-2.1732276683509064
358,1,3095.3333333333335,627.0,250,True,-1.0877052218046872,-1.0877052218046872,-2.1754104436093744
358,2,3201.3333333333335,597.0,250,True,-1.0984902085048698,-1.0984902085048698,-2.1969804170097396
358,3,3216.666666666667,571.0,250,True,-1.088913860119339,-1.088913860119339,-2.177827720238678
359,0,3314.5000000000005,662.0,251,True,-1.1598903852283913,-1.1598903852283913,-2.3197807704567825
359,1,3521.166666666667,831.0,253,True,-1.2978794483991578,-1.2978794483991578,-2.5957588967983156
359,2,2937.3333333333335,815.0,252,True,-1.1452968487977833,-1.1452968487977833,-2.2905936975955665
359,3,3168.166666666667,651.0,251,True,-1.1180530425518214,-1.1180530425518214,-2.2361060851036427
360,0,2919.3333333333335,395.0,247,True,-0.924907934870571,-0.924907934870571,-1.849815869741142
360,1,2907.5,310.0,246,True,-0.8782802710184405,-0.8782802710184405,-1.756560542036881
360,2,2922.3333333333335,456.0,248,True,-0.9570121711677795,-0.9570121711677795,-1.914024342335559
360,3,2999.3333333333335,551.0,249,True,-1.024894081887831,-1.024894081887831,-2.049788163775662
361,0,3220.3333333333335,786.0,252,True,-1.2003603117376644,-1.2003603117376644,-2.400720623475329
361,1,3136.3333333333335,718.0,250,True,-1.1446293560841938,-1.1446293560841938,-2.2892587121683876
361,2,3238.333333333333,870.0,253,True,-1.2479985829913554,-1.2479985829913554,-2.4959971659827107
361,3,2869.3333333333335,395.0,247,True,-0.9125451276891536,-0.9125451276891536,-1.8250902553783073
362,0,3268.166666666667,651.0,251,True,-1.1427786569146552,-1.1427786569146552,-2.2855573138293104
362,1,3136.6666666666665,677.0,251,True,-1.123632083282027,-1.123632083282027,-2.247264166564054
362,2,3526.0,666.0,251,True,-1.2142416148757087,-1.2142416148757087,-2.4284832297514174
362,3,3179.6666666666665,456.0,248,True,-1.0206394187948071,-1.0206394187948071,-2.0412788375896143
363,0,3054.5,445.0,248,True,-0.9840356644917048,-0.9840356644917048,-1.9680713289834095
363,1,3165.166666666667,545.0,249,True,-1.0628125594679805,-1.0628125594679805,-2.125625118935961
363,2,2901.5,380.0,247,True,-0.9127864513803206,-0.9127864513803206,-1.825572902760641
363,3,3082.3333333333335,815.0,252,True,-1.1811489896238931,-1.1811489896238931,-2.3622979792477863
364,0,3272.6666666666665,612.0,250,True,-1.1238398956792353,-1.1238398956792353,-2.2476797913584705
364,1,3229.333333333333,807.0,253,True,-1.2133825321974137,-1.2133825321974137,-2.4267650643948273
364,2,3164.333333333333,601.0,250,True,-1.0913982864605432,-1.0913982864605432,-2.1827965729210863
364,3,3432.5,666.0,251,True,-1.1911231654464582,-1.1911231654464582,-2.3822463308929165
365,0,3025.166666666667,380.0,247,True,-0.9433637944756927,-0.9433637944756927,-1.8867275889513855
365,1,2943.5,380.0,247,True,-0.9231712094127116,-0.9231712094127116,-1.8463424188254232
365,2,3092.1666666666665,601.0,250,True,-1.0735546347620308,-1.0735546347620308,-2.1471092695240617
365,3,3173.333333333333,757.0,252,True,-1.1738292472801908,-1.1738292472801908,-2.3476584945603816
366,0,3072.3333333333335,625.0,250,True,-1.0809900528662728,-1.0809900528662728,-2.1619801057325456
366,1,3024.3333333333335,640.0,250,True,-1.076833840234323,-1.076833840234323,-2.153667680468646
366,2,2903.3333333333335,456.0,248,True,-0.9523143044388414,-0.9523143044388414,-1.9046286088776827
366,3,3077.3333333333335,547.0,249,True,-1.0421235058209184,-1.0421235058209184,-2.084247011641837
367,0,2970.0,547.0,249,True,-1.015584679738143,-1.015584679738143,-2.031169359476286
367,1,2969.6666666666665,696.0,251,True,-1.092108944828227,-1.092108944828227,-2.184217889656454
367,2,3211.3333333333335,677.0,251,True,-1.1420938753396102,-1.1420938753396102,-2.2841877506792203
367,3,3022.5,460.0,248,True,-0.9838355501578085,-0.9838355501578085,-1.967671100315617
368,0,3026.3333333333335,547.0,249,True,-1.0295134424958734,-1.0295134424958734,-2.059026884991747
368,1,3250.5,926.0,254,True,-1.2797986398510868,-1.2797986398510868,-2.5595972797021735
368,2,2936.3333333333335,702.0,251,True,-1.0869519062788329,-1.0869519062788329,-2.1739038125576657
368,3,3115.5,525.0,249,True,-1.0402493946514904,-1.0402493946514904,-2.0804987893029807
369,0,3155.5,757.0,252,True,-1.1694198460521523,-1.1694198460521523,-2.3388396921043046
369,1,2919.5,551.0,249,True,-1.0051547997548342,-1.0051547997548342,-2.0103095995096685
369,2,3076.5,681.0,251,True,-1.1108120605769778,-1.1108120605769778,-2.2216241211539556
369,3,2936.5,547.0,249,True,-1.0073015989265934,-1.0073015989265934,-2.014603197853187
370,0,3061.3333333333335,560.0,249,True,-1.0448512121501132,-1.0448512121501132,-2.0897024243002265
370,1,2974.6666666666665,653.0,251,True,-1.0712372563946972,-1.0712372563946972,-2.1424745127893945
370,2,3135.6666666666665,456.0,248,True,-1.0097601484751602,-1.0097601484751602,-2.0195202969503203
370,3,2986.166666666667,521.0,249,True,-1.0062143781389683,-1.0062143781389683,-2.0124287562779366
371,0,3175.333333333333,781.0,252,True,-1.186663091186985,-1.186663091186985,-2.37332618237397
371,1,2899.5,512.0,249,True,-0.9801582630005188,-0.9801582630005188,-1.9603165260010376
371,2,3281.3333333333335,1028.0,256,True,-1.339864530329327,-1.339864530329327,-2.679729060658654
371,3,2971.3333333333335,687.0,251,True,-1.0878937890436142,-1.0878937890436142,-2.1757875780872284
372,0,2976.3333333333335,597.0,250,True,-1.0428575761884915,-1.0428575761884915,-2.085715152376983
372,1,2972.3333333333335,831.0,253,True,-1.1621770349044658,-1.1621770349044658,-2.3243540698089316
372,2,2939.3333333333335,768.0,252,True,-1.1216268366634454,-1.1216268366634454,-2.243253673326891
372,3,2947.3333333333335,686.0,251,True,-1.081445502779053,-1.081445502779053,-2.162891005558106
373,0,2993.5,668.0,251,True,-1.0836059960285764,-1.0836059960285764,-2.167211992057153
373,1,2933.6666666666665,607.0,250,True,-1.037449368901823,-1.037449368901823,-2.074898737803646
373,2,3079.3333333333335,762.0,252,True,-1.1531578638665294,-1.1531578638665294,-2.306315727733059
373,3,3006.3333333333335,968.0,254,True,-1.2410207617826896,-1.2410207617826896,-2.482041523565379
374,0,2961.3333333333335,456.0,248,True,-0.9666551607692854,-0.9666551607692854,-1.9333103215385707
374,1,2828.3333333333335,471.0,248,True,-0.9414821759289251,-0.9414821759289251,-1.8829643518578503
374,2,2843.3333333333335,395.0,247,True,-0.9061164679548163,-0.9061164679548163,-1.8122329359096325
374,3,3005.3333333333335,547.0,249,True,-1.0243210634796776,-1.0243210634796776,-2.048642126959355
375,0,3137.166666666667,1035.0,255,True,-1.3078174080119387,-1.3078174080119387,-2.6156348160238774
375,1,3073.666666666667,755.0,251,True,-1.148157773996938,-1.148157773996938,-2.296315547993876
375,2,3270.0000000000005,996.0,254,True,-1.320609851875491,-1.320609851875491,-2.641219703750982
375,3,3117.5000000000005,762.0,252,True,-1.1625948066816787,-1.1625948066816787,-2.3251896133633574
376,0,3156.333333333333,881.0,254,True,-1.233379106206119,-1.233379106206119,-2.466758212412238
376,1,3125.3333333333335,597.0,250,True,-1.0796987415891155,-1.0796987415891155,-2.159397483178231
376,2,3132.166666666667,927.0,254,True,-1.2510541350058797,-1.2510541350058797,-2.5021082700117594
376,3,3005.333333333333,625.0,250,True,-1.064423891243174,-1.064423891243174,-2.128847782486348
377,0,3625.8333333333335,1739.0,265,True,-1.790596971038084,-1.790596971038084,-3.581193942076168
377,1,3175.8333333333335,1075.0,255,True,-1.337943531598131,-1.337943531598131,-2.675887063196262
377,2,3624.4999999999995,1486.0,261,True,-1.6601901753572894,-1.6601901753572894,-3.320380350714579
377,3,3162.8333333333335,1086.0,256,True,-1.3403847287232502,-1.3403847287232502,-2.6807694574465004
378,0,3522.6666666666665,1026.0,254,True,-1.39850740202334,-1.39850740202334,-2.79701480404668
378,1,3655.9999999999995,1670.0,263,True,-1.7625802862980369,-1.7625802862980369,-3.5251605725960737
378,2,3898.6666666666665,1271.0,259,True,-1.6174397223103738,-1.6174397223103738,-3.2348794446207476
378,3,3609.8333333333335,1121.0,257,True,-1.4689030835369459,-1.4689030835369459,-2.9378061670738917
379,0,3044.1666666666665,989.0,254,True,-1.2611722010503894,-1.2611722010503894,-2.522344402100779
379,1,3619.0,1130.0,256,True,-1.4757968475441987,-1.4757968475441987,-2.9515936950883974
379,2,2959.5,761.0,252,True,-1.1230141971709182,-1.1230141971709182,-2.2460283943418364
379,3,3132.333333333333,831.0,253,True,-1.201738017885001,-1.201738017885001,-2.403476035770002
380,0,3927.666666666667,1171.0,257,True,-1.573196268727525,-1.573196268727525,-3.14639253745505
380,1,3151.6666666666665,958.0,255,True,-1.2718139331485359,-1.2718139331485359,-2.5436278662970717
380,2,3130.333333333333,1173.0,257,True,-1.3770789811761517,-1.3770789811761517,-2.7541579623523034
380,3,3226.3333333333335,1032.0,256,True,-1.3283219976996916,-1.3283219976996916,-2.6566439953993832
381,0,3263.3333333333335,1056.0,257,True,-1.349809806633477,-1.349809806633477,-2.699619613266954
381,1,3153.8333333333335,1067.0,256,True,-1.3283907858984616,-1.3283907858984616,-2.656781571796923
381,2,3149.3333333333335,872.0,254,True,-1.2270210638433925,-1.2270210638433925,-2.454042127686785
381,3,3068.5,588.0,250,True,-1.061019101402244,-1.061019101402244,-2.122038202804488
382,0,3362.5,666.0,250,True,-1.1738152353924738,-1.1738152353924738,-2.3476304707849476
382,1,3714.3333333333335,898.0,254,True,-1.3800883942479074,-1.3800883942479074,-2.760176788495815
382,2,3644.6666666666665,746.0,252,True,-1.2847137826513964,-1.2847137826513964,-2.5694275653027927
382,3,3787.6666666666665,976.0,255,True,-1.4383233392108168,-1.4383233392108168,-2.8766466784216336
383,0,3563.666666666667,731.0,252,True,-1.2569739527552897,-1.2569739527552897,-2.5139479055105793
383,1,3134.6666666666665,746.0,252,True,-1.1586131494009397,-1.1586131494009397,-2.3172262988018795
383,2,3380.5,835.0,254,True,-1.2651553061320253,-1.2651553061320253,-2.5303106122640506
383,3,3654.333333333333,1097.0,256,True,-1.4675666503088705,-1.4675666503088705,-2.935133300617741
384,0,3555.0,731.0,252,True,-1.2548310661771775,-1.2548310661771775,-2.509662132354355
384,1,3295.6666666666665,746.0,252,True,-1.1984213885251043,-1.1984213885251043,-2.3968427770502085
384,2,3055.8333333333335,756.0,252,True,-1.1442625115863796,-1.1442625115863796,-2.288525023172759
384,3,3113.1666666666665,484.0,249,True,-1.0185927721329826,-1.0185927721329826,-2.037185544265965
385,0,3095.3333333333335,807.0,253,True,-1.180250208951216,-1.180250208951216,-2.360500417902432
385,1,2989.1666666666665,655.0,251,True,-1.0758507481122699,-1.0758507481122699,-2.1517014962245398
385,2,3342.5,642.0,251,True,-1.1565307809003706,-1.1565307809003706,-2.3130615618007413
385,3,3207.0,612.0,250,True,-1.1076034089143076,-1.1076034089143076,-2.2152068178286153
386,0,3011.3333333333335,653.0,251,True,-1.0803033149944037,-1.0803033149944037,-2.1606066299888074
386,1,3216.8333333333335,642.0,251,True,-1.1254589255177416,-1.1254589255177416,-2.2509178510354833
386,2,3250.6666666666665,798.0,253,True,-1.2140300805708253,-1.2140300805708253,-2.4280601611416506
386,3,3357.5,807.0,253,True,-1.2450725279391128,-1.2450725279391128,-2.4901450558782257
387,0,3367.5,642.0,250,True,-1.1627121844910788,-1.1627121844910788,-2.3254243689821577
387,1,3559.5,861.0,253,True,-1.322781765095998,-1.322781765095998,-2.645563530191996
387,2,3108.5,577.0,249,True,-1.0652538201550903,-1.0652538201550903,-2.1305076403101806
387,3,3445.0,731.0,252,True,-1.2276328903780596,-1.2276328903780596,-2.455265780756119
388,0,3453.1666666666665,876.0,253,True,-1.3042022774190618,-1.3042022774190618,-2.6084045548381236
388,1,3173.3333333333335,807.0,253,True,-1.1995361881542268,-1.1995361881542268,-2.3990723763084536
388,2,3521.166666666667,811.0,252,True,-1.2875966720495429,-1.2875966720495429,-2.5751933440990857
388,3,3073.5,655.0,251,True,-1.096702682891594,-1.096702682891594,-2.193405365783188
389,0,3061.8333333333335,642.0,251,True,-1.0871342232553476,-1.0871342232553476,-2.174268446510695
389,1,3364.5,1028.0,255,True,-1.3604279996077513,-1.3604279996077513,-2.7208559992155026
389,2,3124.333333333333,681.0,251,True,-1.1226391461138672,-1.1226391461138672,-2.2452782922277343
389,3,3141.1666666666665,655.0,250,True,-1.1134336819437787,-1.1134336819437787,-2.2268673638875573
390,0,3364.666666666667,731.0,251,True,-1.2077699801732482,-1.2077699801732482,-2.4155399603464964
390,1,3453.0,666.0,250,True,-1.196191916390839,-1.196191916390839,-2.392383832781678
390,2,3060.6666666666665,872.0,254,True,-1.2050976857750133,-1.2050976857750133,-2.4101953715500266
390,3,3047.1666666666665,655.0,251,True,-1.0901916044427138,-1.0901916044427138,-2.1803832088854276
391,0,2932.6666666666665,512.0,249,True,-0.9883589250975259,-0.9883589250975259,-1.9767178501950518
391,1,3172.8333333333335,642.0,251,True,-1.1145796551980935,-1.1145796551980935,-2.229159310396187
391,2,3120.333333333333,811.0,253,True,-1.1884881678118475,-1.1884881678118475,-2.376976335623695
391,3,3002.5,616.0,250,True,-1.0590960828122336,-1.0590960828122336,-2.118192165624467
392,0,3028.8333333333335,642.0,251,True,-1.0789747705156123,-1.0789747705156123,-2.1579495410312246
392,1,3381.5,872.0,253,True,-1.2844256985224412,-1.2844256985224412,-2.5688513970448823
392,2,3220.0,807.0,253,True,-1.2110748081902165,-1.2110748081902165,-2.422149616380433
392,3,2867.3333333333335,447.0,248,True,-0.9387858339108944,-0.9387858339108944,-1.8775716678217889
393,0,3136.1666666666665,525.0,249,True,-1.0453593549531432,-1.0453593549531432,-2.0907187099062865
393,1,3147.3333333333335,601.0,250,True,-1.0871949320188619,-1.0871949320188619,-2.1743898640377237
393,2,3144.1666666666665,655.0,251,True,-1.114175450374664,-1.114175450374664,-2.228350900749328
393,3,3521.5,731.0,252,True,-1.2465479853656287,-1.2465479853656287,-2.4930959707312574
394,0,3220.166666666667,731.0,252,True,-1.1720414674189525,-1.1720414674189525,-2.344082934837905
394,1,3081.5,811.0,252,True,-1.1788863875676132,-1.1788863875676132,-2.3577727751352264
394,2,2989.6666666666665,512.0,249,True,-1.0024525252843415,-1.0024525252843415,-2.004905050568683
394,3,3139.3333333333335,846.0,253,True,-1.21118089315261,-1.21118089315261,-2.42236178630522
395,0,3043.3333333333335,742.0,252,True,-1.1339738663462948,-1.1339738663462948,-2.2679477326925896
395,1,3030.8333333333335,965.0,255,True,-1.245536120849142,-1.245536120849142,-2.491072241698284
395,2,3008.8333333333335,668.0,251,True,-1.0873972568975434,-1.0873972568975434,-2.174794513795087
395,3,3330.6666666666665,885.0,254,True,-1.2785406491819167,-1.2785406491819167,-2.5570812983638334
396,0,3296.6666666666665,677.0,251,True,-1.163193066262563,-1.163193066262563,-2.326386132525126
396,1,3085.1666666666665,525.0,249,True,-1.0327492916280978,-1.0327492916280978,-2.0654985832561956
396,2,2900.0,531.0,249,True,-0.9900505286044673,-0.9900505286044673,-1.9801010572089346
396,3,3432.5,807.0,253,True,-1.2636167387112396,-1.2636167387112396,-2.527233477422479
397,0,3079.5,512.0,249,True,-1.0246643688536206,-1.0246643688536206,-2.049328737707241
397,1,3239.3333333333335,900.0,254,True,-1.2636700036594053,-1.2636700036594053,-2.5273400073188106
397,2,3251.166666666667,900.0,253,True,-1.2665958680256733,-1.2665958680256733,-2.5331917360513465
397,3,3307.8333333333335,1041.0,256,True,-1.3531006227627278,-1.3531006227627278,-2.7062012455254556
398,0,3045.333333333333,681.0,251,True,-1.1031059107672279,-1.1031059107672279,-2.2062118215344557
398,1,3153.333333333333,846.0,253,True,-1.2146424791634078,-1.2146424791634078,-2.4292849583268157
398,2,3066.3333333333335,922.0,254,True,-1.2322057447962775,-1.2322057447962775,-2.464411489592555
398,3,3145.6666666666665,677.0,251,True,-1.1258573885746817,-1.1258573885746817,-2.2517147771493633
399,0,2992.6666666666665,666.0,251,True,-1.0823716716072567,-1.0823716716072567,-2.1647433432145133
399,1,3090.0,741.0,252,True,-1.1449983475648038,-1.1449983475648038,-2.2899966951296076
399,2,3145.5,922.0,254,True,-1.2517801895001872,-1.2517801895001872,-2.5035603790003744
399,3,3101.3333333333335,766.0,252,True,-1.1606540542962762,-1.1606540542962762,-2.3213081085925524
400,0,2997.5,642.0,251,True,-1.0712274113485905,-1.0712274113485905,-2.142454822697181
400,1,2954.5,642.0,251,True,-1.060595397172571,-1.060595397172571,-2.121190794345142
400,2,2967.5,512.0,249,True,-0.9969716807672462,-0.9969716807672462,-1.9939433615344924
400,3,3077.1666666666665,655.0,251,True,-1.097609288751565,-1.097609288751565,-2.19521857750313
401,0,3043.6666666666665,512.0,249,True,-1.015804357040272,-1.015804357040272,-2.031608714080544
401,1,2960.6666666666665,653.0,251,True,-1.067775670383901,-1.067775670383901,-2.135551340767802
401,2,3156.3333333333335,831.0,253,True,-1.2076721653320828,-1.2076721653320828,-2.4153443306641655
401,3,3002.1666666666665,655.0,251,True,-1.0790650779794395,-1.0790650779794395,-2.158130155958879
402,0,3087.5,731.0,252,True,-1.1392388190309257,-1.1392388190309257,-2.2784776380618514
402,1,3121.8333333333335,731.0,252,True,-1.147727946628832,-1.147727946628832,-2.295455893257664
402,2,2977.5,681.0,251,True,-1.0863337023577715,-1.0863337023577715,-2.172667404715543
402,3,2970.1666666666665,525.0,249,True,-1.0043148351108382,-1.0043148351108382,-2.0086296702216764
403,0,2946.5,512.0,249,True,-0.9917793017510512,-0.9917793017510512,-1.9835586035021024
403,1,3096.5,525.0,249,True,-1.0355515279225522,-1.0355515279225522,-2.0711030558451045
403,2,3314.166666666667,911.0,254,True,-1.2878285320665477,-1.2878285320665477,-2.5756570641330954
403,3,3390.5,807.0,253,True,-1.2532319806788492,-1.2532319806788492,-2.5064639613576984
404,0,2945.8333333333335,512.0,249,True,-0.9916144643219659,-0.9916144643219659,-1.9832289286439317
404,1,3074.3333333333335,601.0,250,True,-1.0691452335339924,-1.0691452335339924,-2.1382904670679848
404,2,3132.6666666666665,742.0,252,True,-1.15606208184376,-1.15606208184376,-2.31212416368752
404,3,3083.3333333333335,731.0,252,True,-1.1382085850991412,-1.1382085850991412,-2.2764171701982825
405,0,3265.6666666666665,1028.0,256,True,-1.3359908507458162,-1.3359908507458162,-2.6719817014916325
405,1,3111.1666666666665,796.0,253,True,-1.17850957089971,-1.17850957089971,-2.35701914179942
405,2,3377.3333333333335,896.0,254,True,-1.2957347962101928,-1.2957347962101928,-2.5914695924203857
405,3,2988.8333333333335,832.0,253,True,-1.1667709000918152,-1.1667709000918152,-2.3335418001836303
406,0,2964.8333333333335,822.0,253,True,-1.155695364469927,-1.155695364469927,-2.311390728939854
406,1,3187.8333333333335,1017.0,256,True,-1.3110905539077888,-1.3110905539077888,-2.6221811078155777
406,2,3183.3333333333335,742.0,252,True,-1.168589726454264,-1.168589726454264,-2.337179452908528
406,3,3081.166666666667,976.0,255,True,-1.2636368737373884,-1.2636368737373884,-2.527273747474777
407,0,3072.5,811.0,253,True,-1.1766610822749575,-1.1766610822749575,-2.353322164549915
407,1,3251.833333333333,965.0,255,True,-1.3001797285910055,-1.3001797285910055,-2.600359457182011
407,2,3170.666666666667,1069.0,257,True,-1.3335812086178322,-1.3335812086178322,-2.6671624172356645
407,3,3111.6666666666665,872.0,254,True,-1.2177077491000583,-1.2177077491000583,-2.4354154982001166
408,0,3468.3333333333335,1347.0,260,True,-1.5501117119641772,-1.5501117119641772,-3.1002234239283544
408,1,3381.833333333333,1043.0,256,True,-1.3724258550261863,-1.3724258550261863,-2.7448517100523726
408,2,3402.666666666667,1097.0,257,True,-1.4053405208290701,-1.4053405208290701,-2.8106810416581403
408,3,3253.3333333333335,1158.0,258,True,-1.3997794045802279,-1.3997794045802279,-2.7995588091604557
409,0,3133.666666666667,809.0,253,True,-1.1907566387585966,-1.1907566387585966,-2.381513277517193
409,1,3485.3333333333335,1742.0,264,True,-1.7573998993107436,-1.7573998993107436,-3.514799798621487
409,2,3342.6666666666665,1347.0,259,True,-1.5190398565815493,-1.5190398565815493,-3.0380797131630985
409,3,3176.8333333333335,1126.0,257,True,-1.364411867433275,-1.364411867433275,-2.72882373486655
410,0,3446.5000000000005,1193.0,258,True,-1.4655359082695953,-1.4655359082695953,-2.9310718165391907
410,1,3539.166666666667,1837.0,266,True,-1.8195537093700715,-1.8195537093700715,-3.639107418740143
410,2,3275.166666666667,1104.0,257,True,-1.37741433423882,-1.37741433423882,-2.75482866847764
410,3,3352.166666666667,1258.0,259,True,-1.4756304351902327,-1.4756304351902327,-2.9512608703804655
411,0,3268.333333333333,1071.0,257,True,-1.35875816961383,-1.35875816961383,-2.71751633922766
411,1,3199.333333333333,941.0,255,True,-1.274859449430979,-1.274859449430979,-2.549718898861958
411,2,3780.833333333333,1494.0,262,True,-1.7029576630177012,-1.7029576630177012,-3.4059153260354025
411,3,3257.166666666667,1160.0,258,True,-1.4017554974324313,-1.4017554974324313,-2.8035109948648627
412,0,3243.3333333333335,807.0,253,True,-1.2168441182082113,-1.2168441182082113,-2.4336882364164225
412,1,3656.166666666667,1236.0,259,True,-1.5394852488686754,-1.5394852488686754,-3.078970497737351
412,2,3036.6666666666665,512.0,249,True,-1.0140735640348744,-1.0140735640348744,-2.0281471280697487
412,3,3143.6666666666665,831.0,253,True,-1.2045402541794568,-1.2045402541794568,-2.4090805083589135
413,0,3197.333333333333,742.0,252,True,-1.17205131246506,-1.17205131246506,-2.34410262493012
413,1,3078.1666666666665,655.0,251,True,-1.097856544895193,-1.097856544895193,-2.195713089790386
413,2,2933.6666666666665,512.0,249,True,-0.9886061812411534,-0.9886061812411534,-1.9772123624823068
413,3,3368.333333333333,1030.0,256,True,-1.3624040924599552,-1.3624040924599552,-2.7248081849199104
414,0,2988.6666666666665,512.0,249,True,-1.002205269140713,-1.002205269140713,-2.004410538281426
414,1,3287.6666666666665,961.0,255,True,-1.306983185134432,-1.306983185134432,-2.613966370268864
414,2,3202.6666666666665,948.0,255,True,-1.2792826082987732,-1.2792826082987732,-2.5585652165975463
414,3,3162.8333333333335,824.0,253,True,-1.2056803585433016,-1.2056803585433016,-2.411360717086603
415,0,2981.5,512.0,249,True,-1.0004332667780436,-1.0004332667780436,-2.000866533556087
415,1,3066.6666666666665,653.0,251,True,-1.0939848216085053,-1.0939848216085053,-2.1879696432170106
415,2,3297.666666666667,939.0,255,True,-1.2981446925861393,-1.2981446925861393,-2.5962893851722786
415,3,3221.6666666666665,872.0,254,True,-1.2449059248991772,-1.2449059248991772,-2.4898118497983543
416,0,3069.833333333333,798.0,253,True,-1.169317927931367,-1.169317927931367,-2.338635855862734
416,1,3193.666666666667,809.0,253,True,-1.2055920073762985,-1.2055920073762985,-2.411184014752597
416,2,3213.6666666666665,653.0,251,True,-1.1303314747218722,-1.1303314747218722,-2.2606629494437445
416,3,2969.6666666666665,512.0,249,True,-0.9975074024117742,-0.9975074024117742,-1.9950148048235483
417,0,3150.6666666666665,742.0,252,True,-1.1605126924290716,-1.1605126924290716,-2.3210253848581432
417,1,3205.5,818.0,253,True,-1.2131451210998943,-1.2131451210998943,-2.4262902421997885
417,2,3269.3333333333335,807.0,253,True,-1.2232727779425479,-1.2232727779425479,-2.4465455558850957
417,3,3116.1666666666665,525.0,249,True,-1.0404142320805767,-1.0404142320805767,-2.0808284641611534
418,0,3065.0000000000005,770.0,252,True,-1.1537269696810355,-1.1537269696810355,-2.307453939362071
418,1,3092.3333333333335,601.0,250,True,-1.0735958441193032,-1.0735958441193032,-2.1471916882386064
418,2,3215.5,770.0,252,True,-1.1909390192971017,-1.1909390192971017,-2.3818780385942033
418,3,3130.5,757.0,252,True,-1.1632384424614428,-1.1632384424614428,-2.3264768849228856
419,0,2987.1666666666665,525.0,249,True,-1.0085181895525204,-1.0085181895525204,-2.0170363791050407
419,1,3062.6666666666665,653.0,251,True,-1.0929957970339919,-1.0929957970339919,-2.1859915940679837
419,2,3063.5,681.0,251,True,-1.10759773070981,-1.10759773070981,-2.21519546141962
419,3,2917.5,512.0,249,True,-0.9846088735858303,-0.9846088735858303,-1.9692177471716605
420,0,3011.6666666666665,653.0,251,True,-1.0803857337089462,-1.0803857337089462,-2.1607714674178924
420,1,2984.5,512.0,249,True,-1.0011750352089286,-1.0011750352089286,-2.002350070417857
420,2,3118.3333333333335,601.0,250,True,-1.0800245038536394,-1.0800245038536394,-2.1600490077072787
420,3,3106.666666666667,653.0,251,True,-1.10387506735364,-1.10387506735364,-2.20775013470728
421,0,3314.6666666666665,677.0,251,True,-1.1676436768478726,-1.1676436768478726,-2.3352873536957452
421,1,2884.5,512.0,249,True,-0.9764494208460934,-0.9764494208460934,-1.9528988416921869
421,2,3244.3333333333335,807.0,253,True,-1.217091374351839,-1.217091374351839,-2.434182748703678
421,3,3200.3333333333335,807.0,253,True,-1.2062121040321927,-1.2062121040321927,-2.4124242080643854
422,0,3190.6666666666665,677.0,251,True,-1.1369839150379577,-1.1369839150379577,-2.2739678300759154
422,1,2959.6666666666665,653.0,251,True,-1.067528414240273,-1.067528414240273,-2.135056828480546
422,2,2987.6666666666665,653.0,251,True,-1.0744515862618662,-1.0744515862618662,-2.1489031725237324
422,3,2998.3333333333335,601.0,250,True,-1.0503537666182374,-1.0503537666182374,-2.100707533236475
423,0,3145.1666666666665,655.0,251,True,-1.1144227065182917,-1.1144227065182917,-2.2288454130365833
423,1,3078.333333333333,831.0,253,True,-1.188386186129071,-1.188386186129071,-2.376772372258142
423,2,3118.6666666666665,742.0,252,True,-1.1526004958329628,-1.1526004958329628,-2.3052009916659255
423,3,3009.3333333333335,601.0,250,True,-1.0530735841981496,-1.0530735841981496,-2.106147168396299
424,0,3098.6666666666665,742.0,252,True,-1.1476553729603969,-1.1476553729603969,-2.2953107459207938
424,1,3249.3333333333335,807.0,253,True,-1.2183276550699802,-1.2183276550699802,-2.4366553101399604
424,2,3165.6666666666665,872.0,254,True,-1.2310595808559899,-1.2310595808559899,-2.4621191617119798
424,3,3106.6666666666665,742.0,252,True,-1.1496334221094235,-1.1496334221094235,-2.299266844218847
425,0,3012.666666666667,653.0,251,True,-1.0806329898525748,-1.0806329898525748,-2.1612659797051497
425,1,3179.333333333333,742.0,252,True,-1.1676007018797498,-1.1676007018797498,-2.3352014037594997
425,2,3215.6666666666665,677.0,251,True,-1.1431653186286668,-1.1431653186286668,-2.2863306372573335
425,3,3249.1666666666665,655.0,250,True,-1.14013734545564,-1.14013734545564,-2.28027469091128
426,0,2988.3333333333335,601.0,250,True,-1.0478812051819542,-1.0478812051819542,-2.0957624103639083
426,1,2913.6666666666665,512.0,249,True,-0.9836610583685872,-0.9836610583685872,-1.9673221167371744
426,2,3046.6666666666665,653.0,251,True,-1.0890396987359394,-1.0890396987359394,-2.178079397471879
426,3,3096.5,681.0,251,True,-1.1157571834495446,-1.1157571834495446,-2.231514366899089
427,0,2921.5,512.0,249,True,-0.9855978981603427,-0.9855978981603427,-1.9711957963206854
427,1,3235.6666666666665,677.0,251,True,-1.148110441501234,-1.148110441501234,-2.296220883002468
427,2,2973.5,512.0,249,True,-0.9984552176290163,-0.9984552176290163,-1.9969104352580327
427,3,3171.3333333333335,742.0,252,True,-1.1656226527307232,-1.1656226527307232,-2.3312453054614464
428,0,3053.6666666666665,512.0,249,True,-1.0182769184765559,-1.0182769184765559,-2.0365538369531118
428,1,3000.6666666666665,677.0,251,True,-1.0900052477485718,-1.0900052477485718,-2.1800104954971435
428,2,2994.5,655.0,251,True,-1.077169447544955,-1.077169447544955,-2.15433889508991
428,3,2948.5,512.0,249,True,-0.992273814038308,-0.992273814038308,-1.984547628076616
429,0,3054.8333333333335,770.0,252,True,-1.151213198887481,-1.151213198887481,-2.302426397774962
429,1,3126.3333333333335,677.0,251,True,-1.1210771031312006,-1.1210771031312006,-2.242154206262401
429,2,3055.1666666666665,655.0,251,True,-1.0921696535917407,-1.0921696535917407,-2.1843393071834813
429,3,3127.3333333333335,766.0,252,True,-1.167082714030613,-1.167082714030613,-2.334165428061226
430,0,3202.3333333333335,742.0,252,True,-1.173287593183202,-1.173287593183202,-2.346575186366404
430,1,3240.3333333333335,831.0,253,True,-1.228441681396863,-1.228441681396863,-2.456883362793726
430,2,3089.6666666666665,742.0,252,True,-1.145430067667742,-1.145430067667742,-2.290860135335484
430,3,3204.6666666666665,677.0,251,True,-1.1404455010487546,-1.1404455010487546,-2.2808910020975093
431,0,2950.6666666666665,783.0,253,True,-1.132141155220111,-1.132141155220111,-2.264282310440222
431,1,2935.6666666666665,653.0,251,True,-1.0615942667931928,-1.0615942667931928,-2.1231885335863856
431,2,2864.6666666666665,512.0,249,True,-0.9715455073307976,-0.9715455073307976,-1.9430910146615952
431,3,3049.3333333333335,742.0,252,True,-1.1354574032080655,-1.1354574032080655,-2.270914806416131
432,0,3042.666666666667,653.0,251,True,-1.0880506741614253,-1.0880506741614253,-2.1761013483228506
432,1,3023.8333333333335,798.0,253,True,-1.157944145324463,-1.157944145324463,-2.315888290648926
432,2,3120.3333333333335,677.0,251,True,-1.1195935662694303,-1.1195935662694303,-2.2391871325388606
432,3,3010.6666666666665,677.0,251,True,-1.0924778091848557,-1.0924778091848557,-2.1849556183697114
433,0,3136.3333333333335,963.0,255,True,-1.2705933663669708,-1.2705933663669708,-2.5411867327339417
433,1,3107.6666666666665,731.0,252,True,-1.1442251512607637,-1.1442251512607637,-2.2884503025215275
433,2,2976.3333333333335,601.0,250,True,-1.0449141314584138,-1.0449141314584138,-2.0898282629168277
433,3,2967.6666666666665,512.0,249,True,-0.9970128901245182,-0.9970128901245182,-1.9940257802490364
434,0,3139.3333333333335,872.0,254,True,-1.22454850240711,-1.22454850240711,-2.44909700481422
434,1,3055.6666666666665,742.0,252,True,-1.137023358784378,-1.137023358784378,-2.274046717568756
434,2,3082.1666666666665,525.0,249,True,-1.0320075231972123,-1.0320075231972123,-2.0640150463944247
434,3,3106.5,818.0,253,True,-1.188666762880687,-1.188666762880687,-2.377333525761374
435,0,3018.6666666666665,677.0,251,True,-1.0944558583338817,-1.0944558583338817,-2.1889117166677634
435,1,2931.5,512.0,249,True,-0.9880704595966253,-0.9880704595966253,-1.9761409191932506
435,2,3002.6666666666665,677.0,251,True,-1.0904997600358284,-1.0904997600358284,-2.1809995200716568
435,3,3117.8333333333335,1028.0,256,True,-1.2994381508460924,-1.2994381508460924,-2.5988763016921848
436,0,3106.3333333333335,601.0,250,True,-1.0770574301300995,-1.0770574301300995,-2.154114860260199
436,1,3043.5,601.0,250,True,-1.0615215024387845,-1.0615215024387845,-2.123043004877569
436,2,3097.8333333333335,694.0,251,True,-1.122770662934965,-1.122770662934965,-2.24554132586993
436,3,2950.6666666666665,512.0,249,True,-0.9928095356828363,-0.9928095356828363,-1.9856190713656725
437,0,2935.8333333333335,620.0,250,True,-1.0446688951736003,-1.0446688951736003,-2.0893377903472006
437,1,3162.8333333333335,655.0,251,True,-1.1187908983890602,-1.1187908983890602,-2.2375817967781204
437,2,3111.6666666666665,818.0,253,True,-1.1899442529560993,-1.1899442529560993,-2.3798885059121986
437,3,3441.166666666667,731.0,252,True,-1.226685075160817,-1.226685075160817,-2.453370150321634
438,0,3087.333333333333,846.0,253,True,-1.1983235736839368,-1.1983235736839368,-2.3966471473678737
438,1,3060.3333333333335,766.0,252,True,-1.1505165524075147,-1.1505165524075147,-2.3010331048150294
438,2,2998.3333333333335,861.0,253,True,-1.184029859163225,-1.184029859163225,-2.36805971832645
438,3,2961.5,525.0,249,True,-1.0021719485327265,-1.0021719485327265,-2.004343897065453
439,0,3021.5,655.0,250,True,-1.0838453634229201,-1.0838453634229201,-2.1676907268458403
439,1,3204.8333333333335,1119.0,257,True,-1.3677360677325046,-1.3677360677325046,-2.735472135465009
439,2,3219.166666666667,1007.0,255,True,-1.3136965249000032,-1.3136965249000032,-2.6273930498000064
439,3,2961.3333333333335,702.0,251,True,-1.0931333098695415,-1.0931333098695415,-2.186266619739083
440,0,2981.3333333333335,742.0,252,True,-1.118643985441338,-1.118643985441338,-2.237287970882676
440,1,3246.3333333333335,922.0,254,True,-1.2767118506493786,-1.2767118506493786,-2.5534237012987573
440,2,3031.5,757.0,252,True,-1.1387600842422365,-1.1387600842422365,-2.277520168484473
440,3,3080.5,757.0,252,True,-1.1508756352800253,-1.1508756352800253,-2.3017512705600507
441,0,3007.3333333333335,776.0,252,True,-1.1425533649700188,-1.1425533649700188,-2.2851067299400376
441,1,3019.3333333333335,677.0,251,True,-1.0946206957629674,-1.0946206957629674,-2.1892413915259348
441,2,3071.3333333333335,677.0,251,True,-1.1074780152316424,-1.1074780152316424,-2.2149560304632847
441,3,2914.5,512.0,249,True,-0.9838671051549444,-0.9838671051549444,-1.9677342103098887
442,0,2920.166666666667,445.0,248,True,-0.9508209225309636,-0.9508209225309636,-1.9016418450619272
442,1,3036.3333333333335,742.0,252,True,-1.1322430733408961,-1.1322430733408961,-2.2644861466817923
442,2,3217.1666666666665,885.0,254,True,-1.2504770768800988,-1.2504770768800988,-2.5009541537601976
442,3,3099.1666666666665,655.0,251,True,-1.1030489239113892,-1.1030489239113892,-2.2060978478227784
443,0,3095.3333333333335,601.0,250,True,-1.0743376125501876,-1.0743376125501876,-2.148675225100375
443,1,3050.3333333333335,842.0,253,True,-1.1871185410997651,-1.1871185410997651,-2.3742370821995302
443,2,3108.3333333333335,655.0,251,True,-1.105315438561315,-1.105315438561315,-2.21063087712263
443,3,3029.1666666666665,525.0,249,True,-1.0189029475849096,-1.0189029475849096,-2.0378058951698192
444,0,3071.166666666667,610.0,249,True,-1.0729895051031624,-1.0729895051031624,-2.1459790102063248
444,1,3204.1666666666665,885.0,253,True,-1.2472627470129316,-1.2472627470129316,-2.494525494025863
444,2,3197.3333333333335,831.0,252,True,-1.217809667220844,-1.217809667220844,-2.435619334441688
444,3,3152.166666666667,892.0,253,True,-1.2380043992666216,-1.2380043992666216,-2.4760087985332433
445,0,3031.166666666667,545.0,249,True,-1.0296802362217825,-1.0296802362217825,-2.059360472443565
445,1,3319.166666666667,955.0,255,True,-1.31168692075384,-1.31168692075384,-2.62337384150768
445,2,3062.8333333333335,746.0,251,True,-1.140851916416971,-1.140851916416971,-2.281703832833942
445,3,3309.6666666666665,818.0,253,True,-1.2389009693945126,-1.2389009693945126,-2.477801938789025
446,0,3142.5,521.0,249,True,-1.0448687552595333,-1.0448687552595333,-2.0897375105190665
446,1,3236.8333333333335,916.0,254,True,-1.271278084380026,-1.271278084380026,-2.542556168760052
446,2,3074.5,595.0,250,True,-1.0661016099863803,-1.0661016099863803,-2.1322032199727605
446,3,3261.8333333333335,1138.0,255,True,-1.3915983054514531,-1.3915983054514531,-2.7831966109029063
447,0,3175.166666666667,495.0,249,True,-1.0395781800302273,-1.0395781800302273,-2.0791563600604546
447,1,2806.5,310.0,246,True,-0.8533074005119767,-0.8533074005119767,-1.7066148010239535
447,2,2986.166666666667,545.0,249,True,-1.0185537097585058,-1.0185537097585058,-2.0371074195170116
447,3,3123.166666666667,1068.0,256,True,-1.3213224029780064,-1.3213224029780064,-2.642644805956013
448,0,3278.6666666666665,666.0,250,True,-1.153086928684964,-1.153086928684964,-2.306173857369928
448,1,2890.5,380.0,247,True,-0.9100666338004089,-0.9100666338004089,-1.8201332676008177
448,2,3296.3333333333335,519.0,249,True,-1.0818767143860657,-1.0818767143860657,-2.1637534287721314
448,3,2933.166666666667,545.0,249,True,-1.0054491341462046,-1.0054491341462046,-2.0108982682924093
449,0,3034.333333333333,790.0,252,True,-1.1564272242927152,-1.1564272242927152,-2.3128544485854303
449,1,2928.166666666667,545.0,249,True,-1.0042128534280619,-1.0042128534280619,-2.0084257068561238
449,2,3412.666666666667,957.0,255,True,-1.3358336478180521,-1.3358336478180521,-2.6716672956361043
449,3,3075.3333333333335,536.0,249,True,-1.0359734665413751,-1.0359734665413751,-2.0719469330827502
450,0,3106.3333333333335,621.0,250,True,-1.0873402064797133,-1.0873402064797133,-2.1746804129594266
450,1,3083.166666666667,586.0,250,True,-1.0636172472071652,-1.0636172472071652,-2.1272344944143304
450,2,3081.3333333333335,690.0,251,True,-1.1166343812951753,-1.1166343812951753,-2.2332687625903507
450,3,3123.3333333333335,625.0,250,True,-1.0936001161913185,-1.0936001161913185,-2.187200232382637
451,0,3243.166666666667,651.0,251,True,-1.1365972533239481,-1.1365972533239481,-2.2731945066478962
451,1,3143.666666666667,662.0,250,True,-1.1176507940252158,-1.1176507940252158,-2.2353015880504317
451,2,3201.1666666666665,625.0,250,True,-1.1128448860370574,-1.1128448860370574,-2.225689772074115
451,3,3015.8333333333335,687.0,251,True,-1.0988966874350758,-1.0988966874350758,-2.1977933748701517
452,0,3133.8333333333335,714.0,251,True,-1.1419546604552,-1.1419546604552,-2.2839093209104
452,1,3036.8333333333335,510.0,249,True,-1.0130864957571841,-1.0130864957571841,-2.0261729915143682
452,2,3314.5000000000005,647.0,251,True,-1.1521783029661798,-1.1521783029661798,-2.3043566059323597
452,3,3149.3333333333335,495.0,249,True,-1.0331907296531617,-1.0331907296531617,-2.0663814593063234
453,0,2981.3333333333335,612.0,250,True,-1.0518059391688448,-1.0518059391688448,-2.1036118783376896
453,1,2926.166666666667,380.0,247,True,-0.9188854362564861,-0.9188854362564861,-1.8377708725129722
453,2,3131.166666666667,521.0,249,True,-1.042066518965079,-1.042066518965079,-2.084133037930158
453,3,3127.6666666666665,586.0,249,True,-1.0746201455986262,-1.0746201455986262,-2.1492402911972524
454,0,2795.5,380.0,247,True,-0.886577300155716,-0.886577300155716,-1.773154600311432
454,1,3105.166666666667,586.0,250,True,-1.0690568823669888,-1.0690568823669888,-2.1381137647339776
454,2,3042.3333333333335,701.0,251,True,-1.1126469186859576,-1.1126469186859576,-2.225293837371915
454,3,2902.5,460.0,248,True,-0.9541648129224064,-0.9541648129224064,-1.9083296258448128
455,0,3066.166666666667,545.0,249,True,-1.0383342012487737,-1.0383342012487737,-2.0766684024975475
455,1,3002.166666666667,545.0,249,True,-1.0225098080565598,-1.0225098080565598,-2.0450196161131196
455,2,3067.3333333333335,675.0,251,True,-1.1054607130221668,-1.1054607130221668,-2.2109214260443335
455,3,3700.5,666.0,250,True,-1.257387811938855,-1.257387811938855,-2.51477562387771
456,0,3035.6666666666665,792.0,253,True,-1.1577851767858471,-1.1577851767858471,-2.3155703535716943
456,1,2893.8333333333335,891.0,253,True,-1.1736157566784844,-1.1736157566784844,-2.347231513356969
456,2,2987.3333333333335,712.0,251,True,-1.104703357778687,-1.104703357778687,-2.209406715557374
456,3,3149.333333333334,1013.0,254,True,-1.299514637108175,-1.299514637108175,-2.59902927421635
457,0,3208.3333333333335,1037.0,256,True,-1.3264420812017832,-1.3264420812017832,-2.6528841624035664
457,1,2966.3333333333335,777.0,252,True,-1.1329300018987374,-1.1329300018987374,-2.2658600037974748
457,2,2922.3333333333335,807.0,252,True,-1.137474896103512,-1.137474896103512,-2.274949792207024
457,3,3049.3333333333335,777.0,252,True,-1.1534522618198897,-1.1534522618198897,-2.3069045236397794
458,0,2907.5,380.0,247,True,-0.9142699882420909,-0.9142699882420909,-1.8285399764841819
458,1,3180.6666666666665,536.0,249,True,-1.0620177803368933,-1.0620177803368933,-2.1240355606737866
458,2,2953.666666666667,586.0,250,True,-1.0315975766072945,-1.0315975766072945,-2.063195153214589
458,3,3340.5000000000005,1273.0,258,True,-1.4804578624434475,-1.4804578624434475,-2.960915724886895
459,0,3070.3333333333335,766.0,252,True,-1.152989113843798,-1.152989113843798,-2.305978227687596
459,1,3127.3333333333335,729.0,251,True,-1.1480595777838274,-1.1480595777838274,-2.296119155567655
459,2,3146.6666666666665,536.0,249,True,-1.053611071453529,-1.053611071453529,-2.107222142907058
459,3,2962.3333333333335,621.0,250,True,-1.0517353217972318,-1.0517353217972318,-2.1034706435944637
460,0,3132.3333333333335,545.0,249,True,-1.054694316085516,-1.054694316085516,-2.109388632171032
460,1,3108.6666666666665,536.0,249,True,-1.0442153379956522,-1.0442153379956522,-2.0884306759913045
460,2,2833.5,395.0,247,True,-0.9036851158758045,-0.9036851158758045,-1.807370231751609
460,3,3016.3333333333335,701.0,251,True,-1.1062182589516192,-1.1062182589516192,-2.2124365179032384
461,0,3181.166666666667,666.0,251,True,-1.1289794546812006,-1.1289794546812006,-2.2579589093624013
461,1,3192.3333333333335,742.0,252,True,-1.1708150317469188,-1.1708150317469188,-2.3416300634938376
461,2,3016.3333333333335,545.0,249,True,-1.0260126034246277,-1.0260126034246277,-2.0520252068492555
461,3,3053.166666666667,679.0,251,True,-1.1040144729240224,-1.1040144729240224,-2.208028945848045
462,0,2964.3333333333335,545.0,249,True,-1.013155283955954,-1.013155283955954,-2.026310567911908
462,1,3104.3333333333335,545.0,249,True,-1.0477711440639221,-1.0477711440639221,-2.0955422881278443
462,2,3100.3333333333335,545.0,249,True,-1.0467821194894091,-1.0467821194894091,-2.0935642389788183
462,3,3103.3333333333335,625.0,250,True,-1.0886549933187515,-1.0886549933187515,-2.177309986637503
463,0,2931.3333333333335,697.0,251,True,-1.0831449314732875,-1.0831449314732875,-2.166289862946575
463,1,3098.3333333333335,625.0,250,True,-1.08741871260061,-1.08741871260061,-2.17483742520122
463,2,2950.3333333333335,545.0,249,True,-1.0096936979451567,-1.0096936979451567,-2.0193873958903135
463,3,3117.3333333333335,545.0,249,True,-1.0509854739310909,-1.0509854739310909,-2.1019709478621817
464,0,3191.0000000000005,790.0,252,True,-1.195164020127821,-1.195164020127821,-2.390328040255642
464,1,3122.1666666666665,625.0,250,True,-1.0933116506904188,-1.0933116506904188,-2.1866233013808376
464,2,2990.3333333333335,545.0,249,True,-1.0195839436902912,-1.0195839436902912,-2.0391678873805823
464,3,3073.3333333333335,584.0,250,True,-1.0601576174931917,-1.0601576174931917,-2.1203152349863834
465,0,3174.8333333333335,638.0,250,True,-1.1130176122154276,-1.1130176122154276,-2.226035224430855
465,1,3236.833333333333,952.0,255,True,-1.2897870818093307,-1.2897870818093307,-2.5795741636186613
465,2,3196.3333333333335,831.0,253,True,-1.2175624110772154,-1.2175624110772154,-2.435124822154431
465,3,3134.1666666666665,625.0,250,True,-1.0962787244139596,-1.0962787244139596,-2.192557448827919
466,0,3124.3333333333335,827.0,253,True,-1.1977034134660525,-1.1977034134660525,-2.395406826932105
466,1,3027.3333333333335,714.0,251,True,-1.1156218811587815,-1.1156218811587815,-2.231243762317563
466,2,3128.166666666667,775.0,252,True,-1.1719160101742967,-1.1719160101742967,-2.3438320203485934
466,3,3342.3333333333335,1061.0,256,True,-1.37191373606752,-1.37191373606752,-2.74382747213504
467,0,3293.666666666667,1035.0,255,True,-1.346512994489775,-1.346512994489775,-2.69302598897955
467,1,3031.333333333333,805.0,253,True,-1.1633975381240396,-1.1633975381240396,-2.326795076248079
467,2,3264.3333333333335,950.0,255,True,-1.295558348124149,-1.295558348124149,-2.591116696248298
467,3,2841.5,395.0,247,True,-0.9056631650248306,-0.9056631650248306,-1.8113263300496611
468,0,3152.8333333333335,807.0,253,True,-1.1944674372098465,-1.1944674372098465,-2.388934874419693
468,1,3265.8333333333335,1208.0,258,True,-1.4285770472496184,-1.4285770472496184,-2.857154094499237
468,2,2831.5,460.0,248,True,-0.9366096267247942,-0.9366096267247942,-1.8732192534495884
468,3,3086.3333333333335,896.0,254,True,-1.2237832584143449,-1.2237832584143449,-2.4475665168286898
469,0,3258.0,1273.0,259,True,-1.460059230594109,-1.460059230594109,-2.920118461188218
469,1,3138.666666666667,896.0,253,True,-1.2367229965975612,-1.2367229965975612,-2.4734459931951225
469,2,3041.6666666666665,601.0,250,True,-1.0610681995087998,-1.0610681995087998,-2.1221363990175997
469,3,3113.8333333333335,820.0,252,True,-1.1915082522355893,-1.1915082522355893,-2.3830165044711786
470,0,2983.5,718.0,251,True,-1.1068403754663294,-1.1068403754663294,-2.213680750932659
470,1,2974.666666666667,536.0,248,True,-1.0110830147494538,-1.0110830147494538,-2.0221660294989077
470,2,2979.5,590.0,250,True,-1.040041582254283,-1.040041582254283,-2.080083164508566
470,3,3098.3333333333335,720.0,252,True,-1.136261900261279,-1.136261900261279,-2.272523800522558
471,0,3042.3333333333335,785.0,252,True,-1.1558345793543376,-1.1558345793543376,-2.3116691587086753
471,1,2876.5,395.0,247,True,-0.9143171300518227,-0.9143171300518227,-1.8286342601036454
471,2,3153.8333333333335,694.0,251,True,-1.1366170069781532,-1.1366170069781532,-2.2732340139563063
471,3,3062.8333333333335,655.0,251,True,-1.0940652840262253,-1.0940652840262253,-2.1881305680524505
472,0,3289.333333333333,571.0,250,True,-1.106881139889665,-1.106881139889665,-2.21376227977933
472,1,3234.3333333333335,519.0,249,True,-1.066546833481108,-1.066546833481108,-2.133093666962216
472,2,3287.3333333333335,677.0,251,True,-1.1608853422553642,-1.1608853422553642,-2.3217706845107284
472,3,3134.333333333333,677.0,251,True,-1.1230551522802281,-1.1230551522802281,-2.2461103045604562
473,0,3165.3333333333335,686.0,251,True,-1.1353473420900337,-1.1353473420900337,-2.2706946841800675
473,1,3265.166666666667,877.0,254,True,-1.2582322612344146,-1.2582322612344146,-2.516464522468829
473,2,3182.8333333333335,686.0,251,True,-1.139674324603529,-1.139674324603529,-2.279348649207058
473,3,3152.8333333333335,445.0,247,True,-1.0083491852818252,-1.0083491852818252,-2.0166983705636503
474,0,3079.1666666666665,460.0,247,True,-0.9978467316300813,-0.9978467316300813,-1.9956934632601626
474,1,3307.666666666667,677.0,251,True,-1.1659128838424753,-1.1659128838424753,-2.3318257676849505
474,2,3347.166666666667,584.0,250,True,-1.127864591490087,-1.127864591490087,-2.255729182980174
474,3,3349.8333333333335,525.0,249,True,-1.0981897509750673,-1.0981897509750673,-2.1963795019501346
475,0,3315.8333333333335,855.0,253,True,-1.2594488518603408,-1.2594488518603408,-2.5188977037206817
475,1,3355.666666666667,536.0,248,True,-1.1052876054718541,-1.1052876054718541,-2.2105752109437082
475,2,3244.6666666666665,664.0,251,True,-1.1436519421666398,-1.1436519421666398,-2.2873038843332796
475,3,3001.5,399.0,247,True,-0.9472807032752891,-0.9472807032752891,-1.8945614065505783
476,0,3012.8333333333335,470.0,248,True,-0.9865867956108746,-0.9865867956108746,-1.9731735912217492
476,1,3672.5,666.0,251,True,-1.2504646399172616,-1.2504646399172616,-2.5009292798345233
476,2,3422.3333333333335,742.0,251,True,-1.227683944781439,-1.227683944781439,-2.455367889562878
476,3,3171.666666666667,532.0,249,True,-1.0577359197743144,-1.0577359197743144,-2.1154718395486287
477,0,3167.166666666667,666.0,251,True,-1.1255178686704035,-1.1255178686704035,-2.251035737340807
477,1,3292.5000000000005,838.0,253,True,-1.2449391819451738,-1.2449391819451738,-2.4898783638903477
477,2,3439.5,972.0,255,True,-1.350180436600957,-1.350180436600957,-2.700360873201914
477,3,3263.6666666666665,662.0,251,True,-1.1473215312606166,-1.1473215312606166,-2.2946430625212333
478,0,3391.3333333333335,610.0,250,True,-1.1521526804215048,-1.1521526804215048,-2.3043053608430095
478,1,3313.1666666666665,851.0,253,True,-1.2567329468740762,-1.2567329468740762,-2.5134658937481524
478,2,3155.3333333333335,755.0,252,True,-1.16835035905992,-1.16835035905992,-2.33670071811984
478,3,3442.166666666667,952.0,255,True,-1.3405570099676853,-1.3405570099676853,-2.6811140199353707
479,0,3302.333333333333,842.0,253,True,-1.2494270892941086,-1.2494270892941086,-2.4988541785882172
479,1,3132.166666666667,545.0,249,True,-1.0546531067282445,-1.0546531067282445,-2.109306213456489
479,2,3043.666666666667,532.0,249,True,-1.0260871333898873,-1.0260871333898873,-2.0521742667797747
479,3,2899.5,380.0,247,True,-0.9122919390930644,-0.9122919390930644,-1.8245838781861288
480,0,3296.8333333333335,445.0,248,True,-1.0439540699643075,-1.0439540699643075,-2.087908139928615
480,1,3160.8333333333335,510.0,249,True,-1.0437462575670988,-1.0437462575670988,-2.0874925151341976
480,2,3424.8333333333335,753.0,252,True,-1.233957612132797,-1.233957612132797,-2.467915224265594
480,3,3246.166666666667,638.0,250,True,-1.1306552171275834,-1.1306552171275834,-2.261310434255167
481,0,3210.8333333333335,1245.0,258,True,-1.434001095596845,-1.434001095596845,-2.86800219119369
481,1,3449.3333333333335,1371.0,260,True,-1.5577531768547765,-1.5577531768547765,-3.115506353709553
481,2,3046.8333333333335,666.0,251,True,-1.0957647127204595,-1.0957647127204595,-2.191529425440919
481,3,3362.8333333333335,1000.0,255,True,-1.3456200191455776,-1.3456200191455776,-2.691240038291155
482,0,3042.8333333333335,590.0,250,True,-1.055701138017412,-1.055701138017412,-2.111402276034824
482,1,3102.5,679.0,251,True,-1.1162124426763531,-1.1162124426763531,-2.2324248853527062
482,2,3062.5,844.0,253,True,-1.1911551018155373,-1.1911551018155373,-2.3823102036310746
482,3,3152.3333333333335,648.0,250,True,-1.1125957371585962,-1.1125957371585962,-2.2251914743171923
483,0,3325.0,1187.0,258,True,-1.432409453913866,-1.432409453913866,-2.864818907827732
483,1,3368.333333333333,892.0,253,True,-1.2914529356476154,-1.2914529356476154,-2.582905871295231
483,2,3310.8333333333335,1113.0,257,True,-1.3908603860522253,-1.3908603860522253,-2.7817207721044506
483,3,3258.5,820.0,253,True,-1.227277974347158,-1.227277974347158,-2.454555948694316
484,0,3299.166666666667,898.0,254,True,-1.277435885284873,-1.277435885284873,-2.554871770569746
484,1,3229.166666666667,952.0,255,True,-1.2878914513748467,-1.2878914513748467,-2.5757829027496935
484,2,3312.166666666667,1065.0,256,True,-1.366511397671322,-1.366511397671322,-2.733022795342644
484,3,3181.8333333333335,731.0,252,True,-1.1625633152465336,-1.1625633152465336,-2.325126630493067
485,0,3301.0,1432.0,261,True,-1.552439316749563,-1.552439316749563,-3.104878633499126
485,1,3177.8333333333335,928.0,254,True,-1.2628596377157213,-1.2628596377157213,-2.5257192754314426
485,2,3022.8333333333335,881.0,254,True,-1.2003704110317337,-1.2003704110317337,-2.4007408220634674
485,3,2982.8333333333335,590.0,250,True,-1.040865769399711,-1.040865769399711,-2.081731538799422
486,0,3336.3333333333335,839.0,253,True,-1.256291381725031,-1.256291381725031,-2.512582763450062
486,1,3359.9999999999995,1606.0,263,True,-1.656487583465279,-1.656487583465279,-3.312975166930558
486,2,3592.8333333333335,1744.0,265,True,-1.7850082123857527,-1.7850082123857527,-3.5700164247715054
486,3,3246.3333333333335,1210.0,259,True,-1.424783830083826,-1.424783830083826,-2.849567660167652
487,0,3158.8333333333335,586.0,250,True,-1.0823262954083772,-1.0823262954083772,-2.1646525908167544
487,1,2959.3333333333335,545.0,249,True,-1.0119190032378123,-1.0119190032378123,-2.0238380064756245
487,2,3153.3333333333335,1102.0,257,True,-1.3462620164384722,-1.3462620164384722,-2.6925240328769444
487,3,3180.166666666667,1005.0,255,True,-1.3030252576635362,-1.3030252576635362,-2.6060505153270723
488,0,3116.3333333333335,831.0,253,True,-1.1977819195869492,-1.1977819195869492,-2.3955638391738985
488,1,3474.4999999999995,1477.0,262,True,-1.6184745044557125,-1.6184745044557125,-3.236949008911425
488,2,3105.1666666666665,868.0,254,True,-1.2140440288965524,-1.2140440288965524,-2.4280880577931048
488,3,3490.5,1106.0,257,True,-1.431685101468419,-1.431685101468419,-2.863370202936838
489,0,3078.3333333333335,460.0,248,True,-0.9976406848437244,-0.9976406848437244,-1.9952813696874487
489,1,3782.0000000000005,1195.0,258,True,-1.549518622091867,-1.549518622091867,-3.099037244183734
489,2,3161.8333333333335,586.0,250,True,-1.083068063839262,-1.083068063839262,-2.166136127678524
489,3,2926.3333333333335,545.0,249,True,-1.0037595504980767,-1.0037595504980767,-2.0075191009961535
490,0,3295.333333333333,887.0,254,True,-1.2708325430753435,-1.2708325430753435,-2.541665086150687
490,1,3779.6666666666665,961.0,254,True,-1.4286332077995785,-1.4286332077995785,-2.857266415599157
490,2,3261.5,1013.0,256,True,-1.3272485345518206,-1.3272485345518206,-2.654497069103641
490,3,3207.666666666667,1033.0,256,True,-1.324220688502777,-1.324220688502777,-2.648441377005554
491,0,3477.333333333333,1488.0,262,True,-1.6248305905216147,-1.6248305905216147,-3.2496611810432294
491,1,3371.0000000000005,1481.0,261,True,-1.5949400488601015,-1.5949400488601015,-3.189880097720203
491,2,3494.0,1596.0,263,True,-1.6844785185366704,-1.6844785185366704,-3.368957037073341
491,3,3125.6666666666665,987.0,254,True,-1.2802952991211385,-1.2802952991211385,-2.560590598242277
492,0,3071.3333333333335,1052.0,256,True,-1.3002800717869112,-1.3002800717869112,-2.6005601435738224
492,1,3209.6666666666665,896.0,254,True,-1.2542781827951728,-1.2542781827951728,-2.5085563655903456
492,2,3192.166666666667,892.0,253,True,-1.2478946450117552,-1.2478946450117552,-2.4957892900235104
492,3,3164.3333333333335,610.0,250,True,-1.09602553581787,-1.09602553581787,-2.19205107163574
493,0,3515.166666666667,2017.0,269,True,-1.906164549069521,-1.906164549069521,-3.812329098139042
493,1,3584.4999999999995,1930.0,269,True,-1.8785775645735963,-1.8785775645735963,-3.7571551291471925
493,2,3403.4999999999995,1232.0,259,True,-1.4749553079753224,-1.4749553079753224,-2.9499106159506447
493,3,2903.666666666667,666.0,251,True,-1.0603658748243348,-1.0603658748243348,-2.1207317496486695
494,0,3367.5,1308.0,260,True,-1.5051286369332375,-1.5051286369332375,-3.010257273866475
494,1,3169.8333333333335,1228.0,259,True,-1.41512323381091,-1.41512323381091,-2.83024646762182
494,2,4038.1666666666665,2205.0,272,True,-2.1321376098735216,-2.1321376098735216,-4.264275219747043
494,3,3530.5,1928.0,268,True,-1.8641974551827052,-1.8641974551827052,-3.7283949103654104
495,0,3307.0,1070.0,256,True,-1.3678046016833114,-1.3678046016833114,-2.735609203366623
495,1,3035.0000000000005,1251.0,258,True,-1.3936100565804108,-1.3936100565804108,-2.7872201131608216
495,2,2979.3333333333335,762.0,252,True,-1.1284322495036954,-1.1284322495036954,-2.2568644990073907
495,3,3541.8333333333335,1533.0,263,True,-1.6639148585722754,-1.6639148585722754,-3.327829717144551
496,0,3208.8333333333335,1325.0,259,True,-1.474637688708046,-1.474637688708046,-2.949275377416092
496,1,3050.5000000000005,903.0,254,True,-1.218522218323361,-1.218522218323361,-2.437044436646722
496,2,3456.333333333334,1512.0,262,True,-1.6319775431249568,-1.6319775431249568,-3.2639550862499136
496,3,3124.3333333333335,1115.0,257,True,-1.3457753929004996,-1.3457753929004996,-2.6915507858009993
497,0,3677.333333333333,1527.0,262,True,-1.6943332331290295,-1.6943332331290295,-3.388666466258059
497,1,3625.3333333333335,1147.0,258,True,-1.4861031630176846,-1.4861031630176846,-2.9722063260353693
497,2,3639.166666666667,1533.0,263,True,-1.6879811232187683,-1.6879811232187683,-3.3759622464375365
497,3,3371.3333333333335,1707.0,266,True,-1.711217840325286,-1.711217840325286,-3.422435680650572
498,0,3893.0,1336.0,259,True,-1.649457627299394,-1.649457627299394,-3.298915254598788
498,1,3193.3333333333335,1225.0,258,True,-1.4193913367337352,-1.4193913367337352,-2.8387826734674704
498,2,3272.5000000000005,1204.0,258,True,-1.4281688662705512,-1.4281688662705512,-2.8563377325411023
498,3,3273.6666666666665,1464.0,262,True,-1.5621334243164373,-1.5621334243164373,-3.1242668486328746
499,0,3594.666666666667,1440.0,261,True,-1.629163314801598,-1.629163314801598,-3.258326629603196
499,1,3450.3333333333335,1407.0,261,True,-1.5765094304277087,-1.5765094304277087,-3.1530188608554175
499,2,3152.8333333333335,1141.0,257,True,-1.3661898022484058,-1.3661898022484058,-2.7323796044968116
499,3,3768.0,1865.0,268,True,-1.8905300437931503,-1.8905300437931503,-3.7810600875863005
500,0,3152.333333333333,961.0,254,True,-1.2735211870300625,-1.2735211870300625,-2.547042374060125
500,1,3576.8333333333335,1891.0,268,True,-1.8566305202573632,-1.8566305202573632,-3.7132610405147264
500,2,3347.333333333333,1191.0,255,True,-1.4399880630581556,-1.4399880630581556,-2.8799761261163113
500,3,3854.8333333333335,1650.0,264,True,-1.8014602731731917,-1.8014602731731917,-3.6029205463463834
