global_episode,worker_id,makespan,cost,steps,done,upper_reward_sum,lower_reward_sum,total_reward_sum
1,0,1582.4999999999998,1876.0,93,True,-7.923082958844578,-7.923082958844578,-15.846165917689156
1,1,1773.4999999999998,1935.0,93,True,-8.210555958678075,-8.210555958678075,-16.42111191735615
1,2,1831.6666666666665,2283.0,99,True,-9.616473590065851,-9.616473590065851,-19.232947180131703
1,3,1689.6666666666665,1824.0,92,True,-7.744416816561453,-7.744416816561453,-15.488833633122907
2,0,1626.4999999999998,1783.0,91,True,-7.5635083449371034,-7.5635083449371034,-15.127016689874207
2,1,1500.1666666666667,1285.0,83,True,-5.539907114071895,-5.539907114071895,-11.07981422814379
2,2,1356.3333333333333,1155.0,81,True,-4.981600925068412,-4.981600925068412,-9.963201850136825
2,3,1290.5,1086.0,80,True,-4.688118554807455,-4.688118554807455,-9.37623710961491
3,0,1154.5,744.0,75,True,-3.2850654367241017,-3.2850654367241017,-6.570130873448203
3,1,1312.1666666666665,974.0,77,True,-4.2465897368889935,-4.2465897368889935,-8.493179473777987
3,2,1298.0,957.0,77,True,-4.174839169356729,-4.174839169356729,-8.349678338713458
3,3,1347.0000000000002,1191.0,80,True,-5.122878564793692,-5.122878564793692,-10.245757129587384
4,0,1355.5,1155.0,80,True,-4.981374977217175,-4.981374977217175,-9.96274995443435
4,1,1256.1666666666667,956.0,75,True,-4.159501913456378,-4.159501913456378,-8.319003826912756
4,2,1566.3333333333333,1493.0,86,True,-6.388739517268283,-6.388739517268283,-12.777479034536565
4,3,1207.5,800.0,76,True,-3.523137451088007,-3.523137451088007,-7.046274902176014
5,0,1386.5,1030.0,78,True,-4.490446016244537,-4.490446016244537,-8.980892032489074
5,1,1332.0,969.0,78,True,-4.231993926906864,-4.231993926906864,-8.463987853813729
5,2,1144.0,576.0,72,True,-2.6111133007226313,-2.6111133007226313,-5.2222266014452625
5,3,1345.1666666666667,1028.0,79,True,-4.471249655286618,-4.471249655286618,-8.942499310573236
6,0,1120.5,457.0,70,True,-2.1293753928890147,-2.1293753928890147,-4.258750785778029
6,1,1291.1666666666667,1008.0,79,True,-4.37671475916035,-4.37671475916035,-8.7534295183207
6,2,1183.5,773.0,74,True,-3.4087739612280696,-3.4087739612280696,-6.817547922456139
6,3,1312.0,878.0,77,True,-3.8630558655610896,-3.8630558655610896,-7.726111731122179
7,0,1095.8333333333335,582.0,71,True,-2.622021557531045,-2.622021557531045,-5.24404311506209
7,1,1097.5,463.0,70,True,-2.147107274804756,-2.147107274804756,-4.294214549609512
7,2,1142.8333333333333,638.0,72,True,-2.8584667473660534,-2.8584667473660534,-5.716933494732107
7,3,1353.0,1082.0,77,True,-4.689085948576915,-4.689085948576915,-9.37817189715383
8,0,1062.0,394.0,68,True,-1.8618494063287905,-1.8618494063287905,-3.723698812657581
8,1,1113.1666666666667,472.0,69,True,-2.1873071583227737,-2.1873071583227737,-4.374614316645547
8,2,1172.1666666666667,590.0,72,True,-2.67467577085073,-2.67467577085073,-5.34935154170146
8,3,1130.3333333333333,589.0,72,True,-2.6593385149503774,-2.6593385149503774,-5.318677029900755
9,0,1188.3333333333333,576.0,72,True,-2.623133726408382,-2.623133726408382,-5.246267452816764
9,1,1058.5,387.0,69,True,-1.8329377089754368,-1.8329377089754368,-3.6658754179508737
9,2,1155.1666666666667,514.0,71,True,-2.366471228294038,-2.366471228294038,-4.732942456588076
9,3,1034.1666666666665,343.0,68,True,-1.650574385913756,-1.650574385913756,-3.301148771827512
10,0,1142.0,500.0,70,True,-2.3069758194881858,-2.3069758194881858,-4.6139516389763715
10,1,1157.0,590.0,71,True,-2.6705635199582356,-2.6705635199582356,-5.341127039916471
10,2,1129.5,526.0,71,True,-2.407448119695679,-2.407448119695679,-4.814896239391358
10,3,1210.3333333333335,608.0,73,True,-2.756928310266896,-2.756928310266896,-5.513856620533792
11,0,959.1666666666667,203.0,66,True,-1.070984751739272,-1.070984751739272,-2.141969503478544
11,1,1178.0,500.0,70,True,-2.316736766661578,-2.316736766661578,-4.633473533323156
11,2,1239.0,716.0,73,True,-3.196125683326776,-3.196125683326776,-6.392251366653552
11,3,1037.5,375.0,69,True,-1.7793077379045852,-1.7793077379045852,-3.5586154758091704
12,0,1136.0,514.0,71,True,-2.361274427715612,-2.361274427715612,-4.722548855431224
12,1,1099.0,450.0,70,True,-2.0955832219489654,-2.0955832219489654,-4.191166443897931
12,2,1115.0,450.0,70,True,-2.099921420692696,-2.099921420692696,-4.199842841385392
12,3,1024.5,332.0,68,True,-1.604011979388019,-1.604011979388019,-3.208023958776038
13,0,972.0,203.0,66,True,-1.0744643486483052,-1.0744643486483052,-2.1489286972966104
13,1,949.1666666666667,203.0,66,True,-1.0682733775244404,-1.0682733775244404,-2.136546755048881
13,2,972.0,203.0,66,True,-1.074464348648305,-1.074464348648305,-2.14892869729661
13,3,1157.0,558.0,71,True,-2.54273395937235,-2.54273395937235,-5.0854679187447
14,0,972.0,203.0,66,True,-1.0744643486483054,-1.0744643486483054,-2.148928697296611
14,1,1122.0,450.0,70,True,-2.101819382643077,-2.101819382643077,-4.203638765286154
14,2,1132.1666666666667,450.0,70,True,-2.1045759464281555,-2.1045759464281555,-4.209151892856311
14,3,953.1666666666667,203.0,66,True,-1.0693579272103728,-1.0693579272103728,-2.1387158544207456
15,0,972.0,203.0,66,True,-1.0744643486483054,-1.0744643486483054,-2.148928697296611
15,1,917.8333333333334,142.0,65,True,-0.8161026384511254,-0.8161026384511254,-1.6322052769022508
15,2,1026.8333333333335,361.0,68,True,-1.7204901726524395,-1.7204901726524395,-3.440980345304879
15,3,989.1666666666667,267.0,67,True,-1.3347779955555366,-1.3347779955555366,-2.669555991111073
16,0,1023.5,326.0,68,True,-1.579772799356683,-1.579772799356683,-3.159545598713366
16,1,1008.0,279.0,66,True,-1.3878205022131758,-1.3878205022131758,-2.7756410044263515
16,2,989.5,267.0,67,True,-1.3348683746960313,-1.3348683746960313,-2.6697367493920625
16,3,1111.1666666666665,463.0,69,True,-2.150812819565026,-2.150812819565026,-4.301625639130052
17,0,974.1666666666666,279.0,66,True,-1.3786470194529963,-1.3786470194529963,-2.7572940389059926
17,1,966.1666666666667,203.0,66,True,-1.0728827136896535,-1.0728827136896535,-2.145765427379307
17,2,962.1666666666667,203.0,66,True,-1.0717981640037215,-1.0717981640037215,-2.143596328007443
17,3,1028.8333333333335,522.0,70,True,-2.364174924193142,-2.364174924193142,-4.728349848386284
18,0,1007.0000000000001,341.0,68,True,-1.6352191384268473,-1.6352191384268473,-3.2704382768536946
18,1,958.1666666666667,203.0,66,True,-1.0707136143177887,-1.0707136143177887,-2.1414272286355773
18,2,1008.0,323.0,67,True,-1.5635861480187683,-1.5635861480187683,-3.1271722960375365
18,3,1014.0000000000001,397.0,68,True,-1.8608188314025278,-1.8608188314025278,-3.7216376628050556
19,0,965.0,203.0,66,True,-1.0725663866979234,-1.0725663866979234,-2.1451327733958467
19,1,965.0,203.0,66,True,-1.072566386697924,-1.072566386697924,-2.145132773395848
19,2,1092.1666666666667,483.0,70,True,-2.2255546839230256,-2.2255546839230256,-4.451109367846051
19,3,972.0,203.0,66,True,-1.0744643486483054,-1.0744643486483054,-2.148928697296611
20,0,972.0,203.0,66,True,-1.0744643486483052,-1.0744643486483052,-2.1489286972966104
20,1,969.1666666666667,203.0,66,True,-1.0736961259541034,-1.0736961259541034,-2.1473922519082067
20,2,1075.1666666666667,446.0,69,True,-2.0731424183303817,-2.0731424183303817,-4.146284836660763
20,3,1038.5,326.0,68,True,-1.5838398606789308,-1.5838398606789308,-3.1676797213578616
21,0,972.0,203.0,66,True,-1.0744643486483054,-1.0744643486483054,-2.148928697296611
21,1,954.1666666666667,203.0,66,True,-1.069629064631856,-1.069629064631856,-2.139258129263712
21,2,1080.1666666666667,450.0,70,True,-2.0904768005110337,-2.0904768005110337,-4.180953601022067
21,3,1046.1666666666667,385.0,69,True,-1.8216043332405274,-1.8216043332405274,-3.643208666481055
22,0,1093.3333333333335,463.0,69,True,-2.1459775355485777,-2.1459775355485777,-4.2919550710971555
22,1,1079.8333333333335,526.0,71,True,-2.3939816277620167,-2.3939816277620167,-4.7879632555240335
22,2,965.0,279.0,67,True,-1.3761615930894013,-1.3761615930894013,-2.7523231861788027
22,3,1109.0,450.0,70,True,-2.0982945961637967,-2.0982945961637967,-4.196589192327593
23,0,948.1666666666667,203.0,66,True,-1.0680022401029579,-1.0680022401029579,-2.1360044802059157
23,1,972.0,203.0,66,True,-1.0744643486483052,-1.0744643486483052,-2.1489286972966104
23,2,972.0,203.0,66,True,-1.0744643486483056,-1.0744643486483056,-2.1489286972966113
23,3,987.1666666666667,203.0,66,True,-1.0785765995407992,-1.0785765995407992,-2.1571531990815984
24,0,965.0,203.0,66,True,-1.0725663866979234,-1.0725663866979234,-2.1451327733958467
24,1,999.0,327.0,68,True,-1.5771246062986557,-1.5771246062986557,-3.1542492125973114
24,2,972.0,203.0,66,True,-1.0744643486483052,-1.0744643486483052,-2.1489286972966104
24,3,955.1666666666667,203.0,66,True,-1.0699002020533392,-1.0699002020533392,-2.1398004041066785
25,0,972.0,203.0,66,True,-1.0744643486483052,-1.0744643486483052,-2.1489286972966104
25,1,940.1666666666667,203.0,66,True,-1.0658331407310926,-1.0658331407310926,-2.131666281462185
25,2,964.1666666666667,203.0,66,True,-1.0723404388466873,-1.0723404388466873,-2.1446808776933746
25,3,954.1666666666667,203.0,66,True,-1.0696290646318567,-1.0696290646318567,-2.1392581292637134
26,0,972.0,203.0,66,True,-1.0744643486483059,-1.0744643486483059,-2.1489286972966117
26,1,978.5,267.0,67,True,-1.3318858630597163,-1.3318858630597163,-2.6637717261194327
26,2,971.1666666666667,203.0,66,True,-1.0742384007970693,-1.0742384007970693,-2.1484768015941387
26,3,965.0,203.0,66,True,-1.0725663866979234,-1.0725663866979234,-2.1451327733958467
27,0,972.0,203.0,66,True,-1.0744643486483054,-1.0744643486483054,-2.148928697296611
27,1,972.0,203.0,66,True,-1.0744643486483054,-1.0744643486483054,-2.148928697296611
27,2,971.1666666666667,203.0,66,True,-1.0742384007970693,-1.0742384007970693,-2.1484768015941387
27,3,969.1666666666667,203.0,66,True,-1.0736961259541031,-1.0736961259541031,-2.1473922519082063
28,0,951.1666666666667,203.0,66,True,-1.0688156523674068,-1.0688156523674068,-2.1376313047348137
28,1,972.0,203.0,66,True,-1.0744643486483052,-1.0744643486483052,-2.1489286972966104
28,2,965.0,203.0,66,True,-1.0725663866979238,-1.0725663866979238,-2.1451327733958476
28,3,959.1666666666667,203.0,66,True,-1.0709847517392723,-1.0709847517392723,-2.1419695034785446
29,0,951.1666666666667,203.0,66,True,-1.068815652367407,-1.068815652367407,-2.137631304734814
29,1,972.0,203.0,66,True,-1.0744643486483052,-1.0744643486483052,-2.1489286972966104
29,2,955.1666666666667,203.0,66,True,-1.0699002020533397,-1.0699002020533397,-2.1398004041066794
29,3,952.1666666666667,203.0,66,True,-1.0690867897888898,-1.0690867897888898,-2.1381735795777796
30,0,967.1666666666667,203.0,66,True,-1.0731538511111371,-1.0731538511111371,-2.1463077022222743
30,1,972.0,203.0,66,True,-1.0744643486483052,-1.0744643486483052,-2.1489286972966104
30,2,972.0,203.0,66,True,-1.0744643486483054,-1.0744643486483054,-2.148928697296611
30,3,972.0,203.0,66,True,-1.0744643486483054,-1.0744643486483054,-2.148928697296611
31,0,972.0,203.0,66,True,-1.0744643486483054,-1.0744643486483054,-2.148928697296611
31,1,975.1666666666667,203.0,66,True,-1.0753229504830022,-1.0753229504830022,-2.1506459009660044
31,2,947.1666666666667,203.0,66,True,-1.0677311026814742,-1.0677311026814742,-2.1354622053629484
31,3,974.1666666666667,203.0,66,True,-1.075051813061519,-1.075051813061519,-2.150103626123038
32,0,959.1666666666667,203.0,66,True,-1.070984751739272,-1.070984751739272,-2.141969503478544
32,1,972.0,203.0,66,True,-1.0744643486483054,-1.0744643486483054,-2.148928697296611
32,2,972.0,203.0,66,True,-1.0744643486483054,-1.0744643486483054,-2.148928697296611
32,3,972.0,203.0,66,True,-1.0744643486483054,-1.0744643486483054,-2.148928697296611
33,0,972.0,203.0,66,True,-1.0744643486483052,-1.0744643486483052,-2.1489286972966104
33,1,974.1666666666667,203.0,66,True,-1.075051813061519,-1.075051813061519,-2.150103626123038
33,2,972.0,203.0,66,True,-1.0744643486483056,-1.0744643486483056,-2.1489286972966113
33,3,960.1666666666667,203.0,66,True,-1.071255889160755,-1.071255889160755,-2.14251177832151
34,0,958.1666666666667,203.0,66,True,-1.0707136143177896,-1.0707136143177896,-2.141427228635579
34,1,970.1666666666667,203.0,66,True,-1.0739672633755868,-1.0739672633755868,-2.1479345267511736
34,2,972.0,203.0,66,True,-1.0744643486483052,-1.0744643486483052,-2.1489286972966104
34,3,972.0,203.0,66,True,-1.0744643486483054,-1.0744643486483054,-2.148928697296611
35,0,965.0,203.0,66,True,-1.0725663866979238,-1.0725663866979238,-2.1451327733958476
35,1,977.1666666666667,203.0,66,True,-1.0758652253259682,-1.0758652253259682,-2.1517304506519364
35,2,973.1666666666667,203.0,66,True,-1.0747806756400358,-1.0747806756400358,-2.1495613512800715
35,3,972.0,203.0,66,True,-1.0744643486483052,-1.0744643486483052,-2.1489286972966104
36,0,972.0,203.0,66,True,-1.074464348648305,-1.074464348648305,-2.14892869729661
36,1,972.0,203.0,66,True,-1.074464348648305,-1.074464348648305,-2.14892869729661
36,2,957.1666666666667,203.0,66,True,-1.0704424768963057,-1.0704424768963057,-2.1408849537926113
36,3,972.0,203.0,66,True,-1.0744643486483054,-1.0744643486483054,-2.148928697296611
37,0,961.1666666666667,203.0,66,True,-1.071527026582238,-1.071527026582238,-2.143054053164476
37,1,965.0,203.0,66,True,-1.0725663866979234,-1.0725663866979234,-2.1451327733958467
37,2,972.0,203.0,66,True,-1.0744643486483052,-1.0744643486483052,-2.1489286972966104
37,3,969.1666666666667,203.0,66,True,-1.0736961259541031,-1.0736961259541031,-2.1473922519082063
38,0,972.0,203.0,66,True,-1.0744643486483054,-1.0744643486483054,-2.148928697296611
38,1,972.0,203.0,66,True,-1.0744643486483054,-1.0744643486483054,-2.148928697296611
38,2,962.1666666666667,203.0,66,True,-1.071798164003721,-1.071798164003721,-2.143596328007442
38,3,957.1666666666667,203.0,66,True,-1.0704424768963057,-1.0704424768963057,-2.1408849537926113
39,0,972.0,203.0,66,True,-1.0744643486483054,-1.0744643486483054,-2.148928697296611
39,1,972.0,203.0,66,True,-1.0744643486483052,-1.0744643486483052,-2.1489286972966104
39,2,976.1666666666667,203.0,66,True,-1.075594087904485,-1.075594087904485,-2.15118817580897
39,3,972.0,203.0,66,True,-1.0744643486483052,-1.0744643486483052,-2.1489286972966104
40,0,972.0,203.0,66,True,-1.0744643486483056,-1.0744643486483056,-2.1489286972966113
40,1,962.1666666666667,203.0,66,True,-1.0717981640037213,-1.0717981640037213,-2.1435963280074426
40,2,975.1666666666667,203.0,66,True,-1.0753229504830017,-1.0753229504830017,-2.1506459009660035
40,3,961.1666666666667,203.0,66,True,-1.0715270265822385,-1.0715270265822385,-2.143054053164477
41,0,972.0,203.0,66,True,-1.0744643486483052,-1.0744643486483052,-2.1489286972966104
41,1,972.1666666666667,203.0,66,True,-1.0745095382185523,-1.0745095382185523,-2.1490190764371047
41,2,958.0,203.0,66,True,-1.0706684247475415,-1.0706684247475415,-2.141336849495083
41,3,972.0,203.0,66,True,-1.0744643486483052,-1.0744643486483052,-2.1489286972966104
42,0,943.1666666666667,203.0,66,True,-1.0666465529955422,-1.0666465529955422,-2.1332931059910845
42,1,978.0000000000001,323.0,68,True,-1.5554520253742747,-1.5554520253742747,-3.1109040507485495
42,2,969.1666666666667,203.0,66,True,-1.0736961259541031,-1.0736961259541031,-2.1473922519082063
42,3,945.1666666666667,203.0,66,True,-1.0671888278385084,-1.0671888278385084,-2.134377655677017
43,0,972.0,203.0,66,True,-1.0744643486483056,-1.0744643486483056,-2.1489286972966113
43,1,972.0,203.0,66,True,-1.0744643486483052,-1.0744643486483052,-2.1489286972966104
43,2,971.1666666666667,203.0,66,True,-1.0742384007970693,-1.0742384007970693,-2.1484768015941387
43,3,972.0,203.0,66,True,-1.074464348648305,-1.074464348648305,-2.14892869729661
44,0,957.1666666666667,203.0,66,True,-1.0704424768963057,-1.0704424768963057,-2.1408849537926113
44,1,972.0,203.0,66,True,-1.0744643486483052,-1.0744643486483052,-2.1489286972966104
44,2,964.1666666666667,203.0,66,True,-1.0723404388466875,-1.0723404388466875,-2.144680877693375
44,3,955.1666666666667,203.0,66,True,-1.0699002020533401,-1.0699002020533401,-2.1398004041066803
45,0,942.1666666666667,203.0,66,True,-1.0663754155740586,-1.0663754155740586,-2.132750831148117
45,1,949.0,262.0,67,True,-1.30391394028442,-1.30391394028442,-2.60782788056884
45,2,989.1666666666667,323.0,68,True,-1.5584797265808366,-1.5584797265808366,-3.116959453161673
45,3,1076.1666666666667,312.0,66,True,-1.5381272707984697,-1.5381272707984697,-3.0762545415969393
46,0,1033.1666666666667,386.0,68,True,-1.822074220529555,-1.822074220529555,-3.64414844105911
46,1,1006.0,386.0,69,True,-1.8147083205792638,-1.8147083205792638,-3.6294166411585276
46,2,924.0,203.0,66,True,-1.0614497524171154,-1.0614497524171154,-2.1228995048342307
46,3,938.0,203.0,66,True,-1.065245676317879,-1.065245676317879,-2.130491352635758
47,0,973.8333333333334,321.0,67,True,-1.546332938581477,-1.546332938581477,-3.092665877162954
47,1,1007.0000000000001,341.0,67,True,-1.6352191384268462,-1.6352191384268462,-3.2704382768536924
47,2,1018.0000000000001,386.0,69,True,-1.8179619696370621,-1.8179619696370621,-3.6359239392741243
47,3,1017.0,386.0,69,True,-1.8176908322155783,-1.8176908322155783,-3.6353816644311565
48,0,965.0,203.0,66,True,-1.0725663866979234,-1.0725663866979234,-2.1451327733958467
48,1,972.0,203.0,66,True,-1.0744643486483054,-1.0744643486483054,-2.148928697296611
48,2,952.1666666666667,203.0,66,True,-1.0690867897888903,-1.0690867897888903,-2.1381735795777805
48,3,956.1666666666667,203.0,66,True,-1.0701713394748231,-1.0701713394748231,-2.1403426789496462
49,0,972.0,203.0,66,True,-1.0744643486483054,-1.0744643486483054,-2.148928697296611
49,1,974.0,262.0,67,True,-1.3106923758214972,-1.3106923758214972,-2.6213847516429944
49,2,953.1666666666667,203.0,66,True,-1.0693579272103733,-1.0693579272103733,-2.1387158544207465
49,3,925.1666666666667,262.0,67,True,-1.2974518317390717,-1.2974518317390717,-2.5949036634781435
50,0,972.0,203.0,66,True,-1.0744643486483054,-1.0744643486483054,-2.148928697296611
50,1,966.1666666666667,203.0,66,True,-1.0728827136896537,-1.0728827136896537,-2.1457654273793074
50,2,1037.1666666666667,386.0,68,True,-1.823158770215488,-1.823158770215488,-3.646317540430976
50,3,988.5,358.0,67,True,-1.6981125501906598,-1.6981125501906598,-3.3962251003813195
51,0,929.0,203.0,66,True,-1.0628054395245314,-1.0628054395245314,-2.125610879049063
51,1,972.0,203.0,66,True,-1.074464348648305,-1.074464348648305,-2.14892869729661
51,2,972.0,203.0,66,True,-1.0744643486483056,-1.0744643486483056,-2.1489286972966113
51,3,972.1666666666667,203.0,66,True,-1.0745095382185523,-1.0745095382185523,-2.1490190764371047
52,0,972.0,203.0,66,True,-1.0744643486483052,-1.0744643486483052,-2.1489286972966104
52,1,940.1666666666667,203.0,66,True,-1.0658331407310928,-1.0658331407310928,-2.1316662814621856
52,2,971.1666666666667,203.0,66,True,-1.0742384007970696,-1.0742384007970696,-2.148476801594139
52,3,972.0,203.0,66,True,-1.0744643486483059,-1.0744643486483059,-2.1489286972966117
53,0,972.0,203.0,66,True,-1.0744643486483054,-1.0744643486483054,-2.148928697296611
53,1,972.0,203.0,66,True,-1.074464348648305,-1.074464348648305,-2.14892869729661
53,2,973.1666666666667,203.0,66,True,-1.0747806756400355,-1.0747806756400355,-2.149561351280071
53,3,967.1666666666667,203.0,66,True,-1.0731538511111374,-1.0731538511111374,-2.1463077022222747
54,0,964.1666666666667,203.0,66,True,-1.0723404388466875,-1.0723404388466875,-2.144680877693375
54,1,972.0,203.0,66,True,-1.0744643486483054,-1.0744643486483054,-2.148928697296611
54,2,972.0,203.0,66,True,-1.0744643486483054,-1.0744643486483054,-2.148928697296611
54,3,965.0,203.0,66,True,-1.0725663866979234,-1.0725663866979234,-2.1451327733958467
55,0,972.0,203.0,66,True,-1.0744643486483052,-1.0744643486483052,-2.1489286972966104
55,1,972.0,203.0,66,True,-1.0744643486483056,-1.0744643486483056,-2.1489286972966113
55,2,963.1666666666667,203.0,66,True,-1.0720693014252045,-1.0720693014252045,-2.144138602850409
55,3,953.1666666666667,203.0,66,True,-1.0693579272103728,-1.0693579272103728,-2.1387158544207456
56,0,946.1666666666667,203.0,66,True,-1.0674599652599919,-1.0674599652599919,-2.1349199305199837
56,1,986.1666666666667,203.0,66,True,-1.0783054621193162,-1.0783054621193162,-2.1566109242386324
56,2,967.1666666666667,203.0,66,True,-1.0731538511111371,-1.0731538511111371,-2.1463077022222743
56,3,972.1666666666667,203.0,66,True,-1.0745095382185523,-1.0745095382185523,-2.1490190764371047
57,0,972.0,203.0,66,True,-1.0744643486483052,-1.0744643486483052,-2.1489286972966104
57,1,964.1666666666667,203.0,66,True,-1.0723404388466877,-1.0723404388466877,-2.1446808776933755
57,2,972.0,203.0,66,True,-1.0744643486483052,-1.0744643486483052,-2.1489286972966104
57,3,960.1666666666667,203.0,66,True,-1.0712558891607549,-1.0712558891607549,-2.1425117783215097
58,0,961.1666666666667,203.0,66,True,-1.0715270265822383,-1.0715270265822383,-2.1430540531644766
58,1,972.0,203.0,66,True,-1.0744643486483052,-1.0744643486483052,-2.1489286972966104
58,2,972.0,203.0,66,True,-1.0744643486483054,-1.0744643486483054,-2.148928697296611
58,3,970.1666666666667,203.0,66,True,-1.0739672633755863,-1.0739672633755863,-2.1479345267511727
59,0,970.1666666666667,203.0,66,True,-1.0739672633755861,-1.0739672633755861,-2.1479345267511722
59,1,972.0,203.0,66,True,-1.0744643486483054,-1.0744643486483054,-2.148928697296611
59,2,963.1666666666667,203.0,66,True,-1.0720693014252043,-1.0720693014252043,-2.1441386028504086
59,3,972.0,203.0,66,True,-1.0744643486483052,-1.0744643486483052,-2.1489286972966104
60,0,972.0,203.0,66,True,-1.0744643486483052,-1.0744643486483052,-2.1489286972966104
60,1,972.0,203.0,66,True,-1.0744643486483052,-1.0744643486483052,-2.1489286972966104
60,2,966.1666666666667,203.0,66,True,-1.072882713689654,-1.072882713689654,-2.145765427379308
60,3,973.1666666666667,203.0,66,True,-1.0747806756400355,-1.0747806756400355,-2.149561351280071
61,0,972.0,203.0,66,True,-1.0744643486483054,-1.0744643486483054,-2.148928697296611
61,1,969.1666666666667,203.0,66,True,-1.0736961259541031,-1.0736961259541031,-2.1473922519082063
61,2,972.0,203.0,66,True,-1.0744643486483052,-1.0744643486483052,-2.1489286972966104
61,3,972.0,203.0,66,True,-1.0744643486483056,-1.0744643486483056,-2.1489286972966113
62,0,972.0,203.0,66,True,-1.074464348648305,-1.074464348648305,-2.14892869729661
62,1,972.0,203.0,66,True,-1.0744643486483054,-1.0744643486483054,-2.148928697296611
62,2,958.1666666666667,203.0,66,True,-1.070713614317789,-1.070713614317789,-2.141427228635578
62,3,967.1666666666667,203.0,66,True,-1.073153851111137,-1.073153851111137,-2.146307702222274
63,0,1025.5,326.0,68,True,-1.5803150741996492,-1.5803150741996492,-3.1606301483992985
63,1,957.1666666666667,203.0,66,True,-1.0704424768963057,-1.0704424768963057,-2.1408849537926113
63,2,972.0,203.0,66,True,-1.0744643486483054,-1.0744643486483054,-2.148928697296611
63,3,972.0,203.0,66,True,-1.0744643486483052,-1.0744643486483052,-2.1489286972966104
64,0,972.0,203.0,66,True,-1.0744643486483056,-1.0744643486483056,-2.1489286972966113
64,1,972.0,203.0,66,True,-1.0744643486483052,-1.0744643486483052,-2.1489286972966104
64,2,965.1666666666667,203.0,66,True,-1.0726115762681705,-1.0726115762681705,-2.145223152536341
64,3,966.1666666666667,203.0,66,True,-1.0728827136896537,-1.0728827136896537,-2.1457654273793074
65,0,972.0,203.0,66,True,-1.0744643486483054,-1.0744643486483054,-2.148928697296611
65,1,966.1666666666667,203.0,66,True,-1.072882713689654,-1.072882713689654,-2.145765427379308
65,2,972.0,203.0,66,True,-1.0744643486483052,-1.0744643486483052,-2.1489286972966104
65,3,972.0,203.0,66,True,-1.0744643486483052,-1.0744643486483052,-2.1489286972966104
66,0,972.0,203.0,66,True,-1.0744643486483056,-1.0744643486483056,-2.1489286972966113
66,1,972.0,203.0,66,True,-1.0744643486483054,-1.0744643486483054,-2.148928697296611
66,2,972.0,203.0,66,True,-1.0744643486483056,-1.0744643486483056,-2.1489286972966113
66,3,974.1666666666667,203.0,66,True,-1.0750518130615188,-1.0750518130615188,-2.1501036261230375
67,0,956.1666666666667,203.0,66,True,-1.0701713394748225,-1.0701713394748225,-2.140342678949645
67,1,976.1666666666667,203.0,66,True,-1.0755940879044847,-1.0755940879044847,-2.1511881758089695
67,2,973.1666666666667,203.0,66,True,-1.0747806756400355,-1.0747806756400355,-2.149561351280071
67,3,972.0,203.0,66,True,-1.0744643486483052,-1.0744643486483052,-2.1489286972966104
68,0,972.0,203.0,66,True,-1.0744643486483052,-1.0744643486483052,-2.1489286972966104
68,1,972.0,203.0,66,True,-1.0744643486483056,-1.0744643486483056,-2.1489286972966113
68,2,972.0,203.0,66,True,-1.0744643486483052,-1.0744643486483052,-2.1489286972966104
68,3,972.0,203.0,66,True,-1.0744643486483052,-1.0744643486483052,-2.1489286972966104
69,0,973.1666666666667,203.0,66,True,-1.0747806756400358,-1.0747806756400358,-2.1495613512800715
69,1,972.0,203.0,66,True,-1.0744643486483052,-1.0744643486483052,-2.1489286972966104
69,2,972.0,203.0,66,True,-1.0744643486483056,-1.0744643486483056,-2.1489286972966113
69,3,972.0,203.0,66,True,-1.0744643486483054,-1.0744643486483054,-2.148928697296611
70,0,972.0,203.0,66,True,-1.0744643486483052,-1.0744643486483052,-2.1489286972966104
70,1,972.0,203.0,66,True,-1.0744643486483054,-1.0744643486483054,-2.148928697296611
70,2,972.0,203.0,66,True,-1.0744643486483048,-1.0744643486483048,-2.1489286972966095
70,3,978.1666666666667,203.0,66,True,-1.0761363627474514,-1.0761363627474514,-2.152272725494903
71,0,972.0,203.0,66,True,-1.0744643486483052,-1.0744643486483052,-2.1489286972966104
71,1,972.0,203.0,66,True,-1.0744643486483052,-1.0744643486483052,-2.1489286972966104
71,2,972.0,203.0,66,True,-1.0744643486483054,-1.0744643486483054,-2.148928697296611
71,3,953.1666666666667,203.0,66,True,-1.0693579272103733,-1.0693579272103733,-2.1387158544207465
72,0,1022.1666666666667,326.0,68,True,-1.5794112827947062,-1.5794112827947062,-3.1588225655894124
72,1,945.0,203.0,66,True,-1.067143638268261,-1.067143638268261,-2.134287276536522
72,2,972.0,203.0,66,True,-1.0744643486483052,-1.0744643486483052,-2.1489286972966104
72,3,972.0,203.0,66,True,-1.0744643486483056,-1.0744643486483056,-2.1489286972966113
73,0,977.1666666666667,203.0,66,True,-1.075865225325968,-1.075865225325968,-2.151730450651936
73,1,972.0,203.0,66,True,-1.0744643486483056,-1.0744643486483056,-2.1489286972966113
73,2,999.1666666666667,267.0,67,True,-1.3374893697703683,-1.3374893697703683,-2.6749787395407365
73,3,961.1666666666667,203.0,66,True,-1.071527026582238,-1.071527026582238,-2.143054053164476
74,0,972.0,203.0,66,True,-1.0744643486483054,-1.0744643486483054,-2.148928697296611
74,1,945.0,203.0,66,True,-1.067143638268261,-1.067143638268261,-2.134287276536522
74,2,972.0,203.0,66,True,-1.0744643486483056,-1.0744643486483056,-2.1489286972966113
74,3,965.0,203.0,66,True,-1.0725663866979236,-1.0725663866979236,-2.145132773395847
75,0,965.0,203.0,66,True,-1.0725663866979231,-1.0725663866979231,-2.1451327733958463
75,1,972.0,203.0,66,True,-1.074464348648305,-1.074464348648305,-2.14892869729661
75,2,965.0,203.0,66,True,-1.0725663866979236,-1.0725663866979236,-2.145132773395847
75,3,972.0,203.0,66,True,-1.074464348648305,-1.074464348648305,-2.14892869729661
76,0,965.1666666666667,203.0,66,True,-1.0726115762681705,-1.0726115762681705,-2.145223152536341
76,1,959.1666666666667,203.0,66,True,-1.0709847517392723,-1.0709847517392723,-2.1419695034785446
76,2,972.0,203.0,66,True,-1.0744643486483052,-1.0744643486483052,-2.1489286972966104
76,3,972.0,203.0,66,True,-1.0744643486483052,-1.0744643486483052,-2.1489286972966104
77,0,1008.0,323.0,67,True,-1.5635861480187685,-1.5635861480187685,-3.127172296037537
77,1,972.0,203.0,66,True,-1.0744643486483052,-1.0744643486483052,-2.1489286972966104
77,2,951.1666666666667,203.0,66,True,-1.0688156523674068,-1.0688156523674068,-2.1376313047348137
77,3,972.0,203.0,66,True,-1.0744643486483054,-1.0744643486483054,-2.148928697296611
78,0,968.1666666666667,203.0,66,True,-1.0734249885326201,-1.0734249885326201,-2.1468499770652403
78,1,972.0,203.0,66,True,-1.0744643486483056,-1.0744643486483056,-2.1489286972966113
78,2,968.1666666666667,203.0,66,True,-1.07342498853262,-1.07342498853262,-2.14684997706524
78,3,978.1666666666667,203.0,66,True,-1.0761363627474514,-1.0761363627474514,-2.152272725494903
79,0,972.0,203.0,66,True,-1.0744643486483052,-1.0744643486483052,-2.1489286972966104
79,1,972.0,203.0,66,True,-1.0744643486483052,-1.0744643486483052,-2.1489286972966104
79,2,977.1666666666667,203.0,66,True,-1.0758652253259684,-1.0758652253259684,-2.151730450651937
79,3,958.1666666666667,203.0,66,True,-1.0707136143177887,-1.0707136143177887,-2.1414272286355773
80,0,968.1666666666667,203.0,66,True,-1.0734249885326201,-1.0734249885326201,-2.1468499770652403
80,1,972.0,203.0,66,True,-1.0744643486483054,-1.0744643486483054,-2.148928697296611
80,2,924.0,201.0,65,True,-1.0534604048804974,-1.0534604048804974,-2.106920809760995
80,3,957.1666666666667,203.0,66,True,-1.0704424768963057,-1.0704424768963057,-2.1408849537926113
81,0,972.0,203.0,66,True,-1.0744643486483054,-1.0744643486483054,-2.148928697296611
81,1,996.1666666666666,279.0,66,True,-1.3846120427256254,-1.3846120427256254,-2.769224085451251
81,2,965.0,203.0,66,True,-1.0725663866979236,-1.0725663866979236,-2.145132773395847
81,3,972.0,203.0,66,True,-1.0744643486483052,-1.0744643486483052,-2.1489286972966104
82,0,968.1666666666667,203.0,66,True,-1.07342498853262,-1.07342498853262,-2.14684997706524
82,1,972.0,203.0,66,True,-1.0744643486483052,-1.0744643486483052,-2.1489286972966104
82,2,972.0,203.0,66,True,-1.0744643486483054,-1.0744643486483054,-2.148928697296611
82,3,972.0,203.0,66,True,-1.0744643486483052,-1.0744643486483052,-2.1489286972966104
83,0,972.0,203.0,66,True,-1.074464348648305,-1.074464348648305,-2.14892869729661
83,1,978.1666666666667,203.0,66,True,-1.0761363627474512,-1.0761363627474512,-2.1522727254949023
83,2,970.1666666666667,203.0,66,True,-1.0739672633755861,-1.0739672633755861,-2.1479345267511722
83,3,965.0,203.0,66,True,-1.0725663866979231,-1.0725663866979231,-2.1451327733958463
84,0,946.1666666666667,203.0,66,True,-1.0674599652599914,-1.0674599652599914,-2.134919930519983
84,1,1001.1666666666667,323.0,66,True,-1.5617333756386338,-1.5617333756386338,-3.1234667512772676
84,2,972.0,203.0,66,True,-1.0744643486483052,-1.0744643486483052,-2.1489286972966104
84,3,972.0,203.0,66,True,-1.0744643486483052,-1.0744643486483052,-2.1489286972966104
85,0,1064.5,522.0,70,True,-2.3738454922260406,-2.3738454922260406,-4.747690984452081
85,1,1015.0,323.0,67,True,-1.5654841099691506,-1.5654841099691506,-3.130968219938301
85,2,972.0,203.0,66,True,-1.074464348648305,-1.074464348648305,-2.14892869729661
85,3,972.0,203.0,66,True,-1.074464348648305,-1.074464348648305,-2.14892869729661
86,0,1004.3333333333334,323.0,67,True,-1.5625919774733303,-1.5625919774733303,-3.1251839549466607
86,1,944.1666666666667,203.0,66,True,-1.066917690417025,-1.066917690417025,-2.13383538083405
86,2,972.0,203.0,66,True,-1.0744643486483054,-1.0744643486483054,-2.148928697296611
86,3,965.1666666666667,203.0,66,True,-1.0726115762681707,-1.0726115762681707,-2.1452231525363414
87,0,945.1666666666667,203.0,66,True,-1.0671888278385078,-1.0671888278385078,-2.1343776556770155
87,1,972.0,203.0,66,True,-1.0744643486483056,-1.0744643486483056,-2.1489286972966113
87,2,969.1666666666667,203.0,66,True,-1.073696125954103,-1.073696125954103,-2.147392251908206
87,3,972.0,203.0,66,True,-1.0744643486483052,-1.0744643486483052,-2.1489286972966104
88,0,972.0,203.0,66,True,-1.0744643486483052,-1.0744643486483052,-2.1489286972966104
88,1,972.0,203.0,66,True,-1.0744643486483054,-1.0744643486483054,-2.148928697296611
88,2,967.1666666666667,203.0,66,True,-1.0731538511111371,-1.0731538511111371,-2.1463077022222743
88,3,972.0,203.0,66,True,-1.0744643486483054,-1.0744643486483054,-2.148928697296611
89,0,947.8333333333334,201.0,65,True,-1.0599225134258456,-1.0599225134258456,-2.1198450268516913
89,1,965.1666666666667,203.0,66,True,-1.0726115762681707,-1.0726115762681707,-2.1452231525363414
89,2,972.0,203.0,66,True,-1.0744643486483056,-1.0744643486483056,-2.1489286972966113
89,3,972.0,203.0,66,True,-1.0744643486483052,-1.0744643486483052,-2.1489286972966104
90,0,972.0,203.0,66,True,-1.0744643486483052,-1.0744643486483052,-2.1489286972966104
90,1,972.0,203.0,66,True,-1.0744643486483056,-1.0744643486483056,-2.1489286972966113
90,2,972.0,203.0,66,True,-1.0744643486483052,-1.0744643486483052,-2.1489286972966104
90,3,972.0,203.0,66,True,-1.0744643486483054,-1.0744643486483054,-2.148928697296611
91,0,972.0,203.0,66,True,-1.0744643486483056,-1.0744643486483056,-2.1489286972966113
91,1,972.0,203.0,66,True,-1.0744643486483052,-1.0744643486483052,-2.1489286972966104
91,2,972.0,203.0,66,True,-1.0744643486483054,-1.0744643486483054,-2.148928697296611
91,3,968.1666666666667,203.0,66,True,-1.0734249885326204,-1.0734249885326204,-2.1468499770652407
92,0,962.1666666666667,203.0,66,True,-1.071798164003721,-1.071798164003721,-2.143596328007442
92,1,972.0,203.0,66,True,-1.0744643486483056,-1.0744643486483056,-2.1489286972966113
92,2,972.0,203.0,66,True,-1.0744643486483054,-1.0744643486483054,-2.148928697296611
92,3,964.1666666666667,203.0,66,True,-1.0723404388466877,-1.0723404388466877,-2.1446808776933755
93,0,955.1666666666667,203.0,66,True,-1.0699002020533395,-1.0699002020533395,-2.139800404106679
93,1,972.0,203.0,66,True,-1.0744643486483052,-1.0744643486483052,-2.1489286972966104
93,2,972.0,203.0,66,True,-1.0744643486483052,-1.0744643486483052,-2.1489286972966104
93,3,965.1666666666667,203.0,66,True,-1.0726115762681707,-1.0726115762681707,-2.1452231525363414
94,0,957.1666666666667,203.0,66,True,-1.0704424768963055,-1.0704424768963055,-2.140884953792611
94,1,1007.1666666666667,262.0,66,True,-1.3196851003006884,-1.3196851003006884,-2.639370200601377
94,2,965.0,203.0,66,True,-1.0725663866979234,-1.0725663866979234,-2.1451327733958467
94,3,962.8333333333334,262.0,67,True,-1.3076646746149363,-1.3076646746149363,-2.6153293492298726
95,0,1042.0,386.0,68,True,-1.8244692677526564,-1.8244692677526564,-3.6489385355053128
95,1,962.1666666666667,203.0,66,True,-1.0717981640037215,-1.0717981640037215,-2.143596328007443
95,2,972.0,203.0,66,True,-1.0744643486483056,-1.0744643486483056,-2.1489286972966113
95,3,988.0,262.0,66,True,-1.3144882997222613,-1.3144882997222613,-2.6289765994445227
96,0,988.0,203.0,66,True,-1.0788025473920353,-1.0788025473920353,-2.1576050947840706
96,1,951.1666666666667,203.0,66,True,-1.068815652367407,-1.068815652367407,-2.137631304734814
96,2,988.0,262.0,66,True,-1.3144882997222618,-1.3144882997222618,-2.6289765994445236
96,3,972.0,203.0,66,True,-1.0744643486483052,-1.0744643486483052,-2.1489286972966104
97,0,920.8333333333334,201.0,65,True,-1.0526018030458013,-1.0526018030458013,-2.1052036060916026
97,1,948.1666666666667,203.0,66,True,-1.0680022401029574,-1.0680022401029574,-2.136004480205915
97,2,945.0,203.0,66,True,-1.0671436382682606,-1.0671436382682606,-2.1342872765365213
97,3,972.0,203.0,66,True,-1.0744643486483052,-1.0744643486483052,-2.1489286972966104
98,0,972.0,203.0,66,True,-1.0744643486483052,-1.0744643486483052,-2.1489286972966104
98,1,972.0,203.0,66,True,-1.0744643486483052,-1.0744643486483052,-2.1489286972966104
98,2,972.0,203.0,66,True,-1.0744643486483054,-1.0744643486483054,-2.148928697296611
98,3,972.0,203.0,66,True,-1.0744643486483052,-1.0744643486483052,-2.1489286972966104
99,0,974.1666666666666,279.0,67,True,-1.3786470194529965,-1.3786470194529965,-2.757294038905993
99,1,973.1666666666667,203.0,66,True,-1.0747806756400355,-1.0747806756400355,-2.149561351280071
99,2,972.0,203.0,66,True,-1.0744643486483054,-1.0744643486483054,-2.148928697296611
99,3,972.0,203.0,66,True,-1.0744643486483052,-1.0744643486483052,-2.1489286972966104
100,0,966.1666666666667,203.0,66,True,-1.0728827136896537,-1.0728827136896537,-2.1457654273793074
100,1,969.1666666666667,203.0,66,True,-1.0736961259541031,-1.0736961259541031,-2.1473922519082063
100,2,961.1666666666667,203.0,66,True,-1.0715270265822383,-1.0715270265822383,-2.1430540531644766
100,3,960.1666666666667,203.0,66,True,-1.0712558891607549,-1.0712558891607549,-2.1425117783215097
101,0,958.1666666666667,203.0,66,True,-1.070713614317789,-1.070713614317789,-2.141427228635578
101,1,972.0,203.0,66,True,-1.0744643486483052,-1.0744643486483052,-2.1489286972966104
101,2,981.1666666666667,203.0,66,True,-1.0769497750119006,-1.0769497750119006,-2.153899550023801
101,3,972.0,203.0,66,True,-1.0744643486483054,-1.0744643486483054,-2.148928697296611
102,0,965.0,203.0,66,True,-1.0725663866979236,-1.0725663866979236,-2.145132773395847
102,1,969.1666666666667,203.0,66,True,-1.0736961259541031,-1.0736961259541031,-2.1473922519082063
102,2,969.1666666666667,203.0,66,True,-1.0736961259541034,-1.0736961259541034,-2.1473922519082067
102,3,972.0,203.0,66,True,-1.0744643486483052,-1.0744643486483052,-2.1489286972966104
103,0,962.1666666666667,203.0,66,True,-1.0717981640037213,-1.0717981640037213,-2.1435963280074426
103,1,959.1666666666667,203.0,66,True,-1.070984751739272,-1.070984751739272,-2.141969503478544
103,2,970.1666666666667,203.0,66,True,-1.0739672633755863,-1.0739672633755863,-2.1479345267511727
103,3,972.0,203.0,66,True,-1.074464348648305,-1.074464348648305,-2.14892869729661
104,0,957.1666666666667,203.0,66,True,-1.070442476896306,-1.070442476896306,-2.140884953792612
104,1,972.0,203.0,66,True,-1.0744643486483052,-1.0744643486483052,-2.1489286972966104
104,2,972.0,203.0,66,True,-1.0744643486483052,-1.0744643486483052,-2.1489286972966104
104,3,972.0,203.0,66,True,-1.0744643486483052,-1.0744643486483052,-2.1489286972966104
105,0,987.1666666666667,203.0,66,True,-1.0785765995407992,-1.0785765995407992,-2.1571531990815984
105,1,982.1666666666667,203.0,66,True,-1.0772209124333838,-1.0772209124333838,-2.1544418248667676
105,2,972.0,203.0,66,True,-1.0744643486483052,-1.0744643486483052,-2.1489286972966104
105,3,972.0,203.0,66,True,-1.0744643486483052,-1.0744643486483052,-2.1489286972966104
106,0,978.1666666666667,203.0,66,True,-1.0761363627474512,-1.0761363627474512,-2.1522727254949023
106,1,972.0,203.0,66,True,-1.0744643486483052,-1.0744643486483052,-2.1489286972966104
106,2,975.1666666666667,203.0,66,True,-1.075322950483002,-1.075322950483002,-2.150645900966004
106,3,972.0,203.0,66,True,-1.0744643486483052,-1.0744643486483052,-2.1489286972966104
107,0,955.1666666666667,203.0,66,True,-1.0699002020533397,-1.0699002020533397,-2.1398004041066794
107,1,972.0,203.0,66,True,-1.0744643486483052,-1.0744643486483052,-2.1489286972966104
107,2,972.0,203.0,66,True,-1.0744643486483056,-1.0744643486483056,-2.1489286972966113
107,3,972.0,203.0,66,True,-1.0744643486483054,-1.0744643486483054,-2.148928697296611
108,0,963.1666666666667,203.0,66,True,-1.0720693014252043,-1.0720693014252043,-2.1441386028504086
108,1,956.1666666666667,203.0,66,True,-1.070171339474823,-1.070171339474823,-2.140342678949646
108,2,972.0,203.0,66,True,-1.0744643486483054,-1.0744643486483054,-2.148928697296611
108,3,972.0,203.0,66,True,-1.0744643486483054,-1.0744643486483054,-2.148928697296611
109,0,951.1666666666667,203.0,66,True,-1.0688156523674068,-1.0688156523674068,-2.1376313047348137
109,1,963.1666666666667,203.0,66,True,-1.0720693014252043,-1.0720693014252043,-2.1441386028504086
109,2,976.1666666666667,203.0,66,True,-1.075594087904485,-1.075594087904485,-2.15118817580897
109,3,972.0,203.0,66,True,-1.0744643486483052,-1.0744643486483052,-2.1489286972966104
110,0,972.0,203.0,66,True,-1.074464348648305,-1.074464348648305,-2.14892869729661
110,1,972.0,203.0,66,True,-1.0744643486483056,-1.0744643486483056,-2.1489286972966113
110,2,972.0,203.0,66,True,-1.0744643486483056,-1.0744643486483056,-2.1489286972966113
110,3,972.0,203.0,66,True,-1.0744643486483052,-1.0744643486483052,-2.1489286972966104
111,0,972.0,203.0,66,True,-1.0744643486483052,-1.0744643486483052,-2.1489286972966104
111,1,969.1666666666667,203.0,66,True,-1.073696125954103,-1.073696125954103,-2.147392251908206
111,2,969.1666666666667,203.0,66,True,-1.0736961259541034,-1.0736961259541034,-2.1473922519082067
111,3,979.1666666666667,203.0,66,True,-1.0764075001689344,-1.0764075001689344,-2.1528150003378688
112,0,972.0,203.0,66,True,-1.0744643486483054,-1.0744643486483054,-2.148928697296611
112,1,977.1666666666667,203.0,66,True,-1.075865225325968,-1.075865225325968,-2.151730450651936
112,2,972.0,203.0,66,True,-1.0744643486483054,-1.0744643486483054,-2.148928697296611
112,3,955.1666666666667,203.0,66,True,-1.0699002020533395,-1.0699002020533395,-2.139800404106679
113,0,972.0,203.0,66,True,-1.0744643486483052,-1.0744643486483052,-2.1489286972966104
113,1,960.1666666666667,203.0,66,True,-1.071255889160755,-1.071255889160755,-2.14251177832151
113,2,965.1666666666667,203.0,66,True,-1.0726115762681707,-1.0726115762681707,-2.1452231525363414
113,3,972.0,203.0,66,True,-1.074464348648305,-1.074464348648305,-2.14892869729661
114,0,966.1666666666667,203.0,66,True,-1.0728827136896537,-1.0728827136896537,-2.1457654273793074
114,1,973.1666666666667,203.0,66,True,-1.0747806756400358,-1.0747806756400358,-2.1495613512800715
114,2,972.0,203.0,66,True,-1.0744643486483054,-1.0744643486483054,-2.148928697296611
114,3,972.0,203.0,66,True,-1.0744643486483052,-1.0744643486483052,-2.1489286972966104
115,0,974.1666666666667,203.0,66,True,-1.075051813061519,-1.075051813061519,-2.150103626123038
115,1,963.1666666666667,203.0,66,True,-1.0720693014252047,-1.0720693014252047,-2.1441386028504095
115,2,960.1666666666667,203.0,66,True,-1.071255889160755,-1.071255889160755,-2.14251177832151
115,3,977.1666666666667,203.0,66,True,-1.0758652253259677,-1.0758652253259677,-2.1517304506519355
116,0,972.0,203.0,66,True,-1.0744643486483052,-1.0744643486483052,-2.1489286972966104
116,1,964.1666666666667,203.0,66,True,-1.0723404388466873,-1.0723404388466873,-2.1446808776933746
116,2,962.1666666666667,203.0,66,True,-1.0717981640037215,-1.0717981640037215,-2.143596328007443
116,3,972.0,203.0,66,True,-1.0744643486483052,-1.0744643486483052,-2.1489286972966104
117,0,975.1666666666667,203.0,66,True,-1.0753229504830017,-1.0753229504830017,-2.1506459009660035
117,1,972.0,203.0,66,True,-1.0744643486483052,-1.0744643486483052,-2.1489286972966104
117,2,971.1666666666667,203.0,66,True,-1.0742384007970693,-1.0742384007970693,-2.1484768015941387
117,3,965.0,203.0,66,True,-1.0725663866979236,-1.0725663866979236,-2.145132773395847
118,0,972.0,203.0,66,True,-1.0744643486483052,-1.0744643486483052,-2.1489286972966104
118,1,972.0,203.0,66,True,-1.0744643486483054,-1.0744643486483054,-2.148928697296611
118,2,971.1666666666667,203.0,66,True,-1.0742384007970696,-1.0742384007970696,-2.148476801594139
118,3,972.0,203.0,66,True,-1.0744643486483052,-1.0744643486483052,-2.1489286972966104
119,0,972.0,203.0,66,True,-1.0744643486483054,-1.0744643486483054,-2.148928697296611
119,1,965.0,203.0,66,True,-1.0725663866979238,-1.0725663866979238,-2.1451327733958476
119,2,972.0,203.0,66,True,-1.0744643486483052,-1.0744643486483052,-2.1489286972966104
119,3,961.1666666666667,203.0,66,True,-1.0715270265822383,-1.0715270265822383,-2.1430540531644766
120,0,944.1666666666667,203.0,66,True,-1.0669176904170252,-1.0669176904170252,-2.1338353808340504
120,1,972.0,262.0,67,True,-1.3101501009785315,-1.3101501009785315,-2.620300201957063
120,2,964.1666666666667,203.0,66,True,-1.0723404388466873,-1.0723404388466873,-2.1446808776933746
120,3,943.1666666666667,203.0,66,True,-1.0666465529955418,-1.0666465529955418,-2.1332931059910836
121,0,954.1666666666667,203.0,66,True,-1.0696290646318563,-1.0696290646318563,-2.1392581292637125
121,1,938.0,203.0,66,True,-1.065245676317879,-1.065245676317879,-2.130491352635758
121,2,964.1666666666667,203.0,66,True,-1.0723404388466875,-1.0723404388466875,-2.144680877693375
121,3,945.0,203.0,66,True,-1.0671436382682609,-1.0671436382682609,-2.1342872765365217
122,0,954.1666666666667,203.0,66,True,-1.0696290646318565,-1.0696290646318565,-2.139258129263713
122,1,968.1666666666667,203.0,66,True,-1.07342498853262,-1.07342498853262,-2.14684997706524
122,2,943.1666666666667,203.0,66,True,-1.0666465529955418,-1.0666465529955418,-2.1332931059910836
122,3,960.1666666666667,203.0,66,True,-1.0712558891607549,-1.0712558891607549,-2.1425117783215097
123,0,972.0,203.0,66,True,-1.0744643486483056,-1.0744643486483056,-2.1489286972966113
123,1,972.0,203.0,66,True,-1.0744643486483056,-1.0744643486483056,-2.1489286972966113
123,2,1010.0,386.0,69,True,-1.8157928702651969,-1.8157928702651969,-3.6315857405303937
123,3,965.0,203.0,66,True,-1.0725663866979234,-1.0725663866979234,-2.1451327733958467
124,0,965.0,203.0,66,True,-1.0725663866979236,-1.0725663866979236,-2.145132773395847
124,1,942.1666666666667,203.0,66,True,-1.0663754155740588,-1.0663754155740588,-2.1327508311481176
124,2,954.1666666666667,203.0,66,True,-1.0696290646318563,-1.0696290646318563,-2.1392581292637125
124,3,947.1666666666667,203.0,66,True,-1.0677311026814744,-1.0677311026814744,-2.135462205362949
125,0,933.1666666666667,203.0,66,True,-1.0639351787807103,-1.0639351787807103,-2.1278703575614206
125,1,988.0,262.0,66,True,-1.3144882997222613,-1.3144882997222613,-2.6289765994445227
125,2,972.0,203.0,66,True,-1.0744643486483054,-1.0744643486483054,-2.148928697296611
125,3,972.0,203.0,66,True,-1.0744643486483054,-1.0744643486483054,-2.148928697296611
126,0,965.0,203.0,66,True,-1.0725663866979234,-1.0725663866979234,-2.1451327733958467
126,1,984.1666666666667,203.0,66,True,-1.0777631872763498,-1.0777631872763498,-2.1555263745526996
126,2,972.0,203.0,66,True,-1.0744643486483052,-1.0744643486483052,-2.1489286972966104
126,3,968.1666666666667,203.0,66,True,-1.0734249885326204,-1.0734249885326204,-2.1468499770652407
127,0,979.1666666666667,203.0,66,True,-1.076407500168934,-1.076407500168934,-2.152815000337868
127,1,958.1666666666667,203.0,66,True,-1.0707136143177889,-1.0707136143177889,-2.1414272286355778
127,2,949.1666666666667,203.0,66,True,-1.0682733775244406,-1.0682733775244406,-2.1365467550488813
127,3,966.1666666666667,203.0,66,True,-1.0728827136896537,-1.0728827136896537,-2.1457654273793074
128,0,972.0,203.0,66,True,-1.0744643486483052,-1.0744643486483052,-2.1489286972966104
128,1,972.0,203.0,66,True,-1.0744643486483054,-1.0744643486483054,-2.148928697296611
128,2,972.0,203.0,66,True,-1.0744643486483052,-1.0744643486483052,-2.1489286972966104
128,3,972.0,203.0,66,True,-1.0744643486483052,-1.0744643486483052,-2.1489286972966104
129,0,972.0,203.0,66,True,-1.074464348648305,-1.074464348648305,-2.14892869729661
129,1,972.0,203.0,66,True,-1.0744643486483052,-1.0744643486483052,-2.1489286972966104
129,2,962.1666666666667,203.0,66,True,-1.0717981640037213,-1.0717981640037213,-2.1435963280074426
129,3,972.0,203.0,66,True,-1.0744643486483054,-1.0744643486483054,-2.148928697296611
130,0,965.0,203.0,66,True,-1.0725663866979236,-1.0725663866979236,-2.145132773395847
130,1,961.1666666666667,203.0,66,True,-1.0715270265822383,-1.0715270265822383,-2.1430540531644766
130,2,961.1666666666667,203.0,66,True,-1.071527026582238,-1.071527026582238,-2.143054053164476
130,3,972.0,203.0,66,True,-1.074464348648305,-1.074464348648305,-2.14892869729661
131,0,972.0,203.0,66,True,-1.074464348648305,-1.074464348648305,-2.14892869729661
131,1,965.0,203.0,66,True,-1.0725663866979236,-1.0725663866979236,-2.145132773395847
131,2,958.0,203.0,66,True,-1.0706684247475413,-1.0706684247475413,-2.1413368494950826
131,3,974.1666666666667,203.0,66,True,-1.0750518130615188,-1.0750518130615188,-2.1501036261230375
132,0,948.1666666666667,203.0,66,True,-1.0680022401029572,-1.0680022401029572,-2.1360044802059144
132,1,946.1666666666667,203.0,66,True,-1.0674599652599912,-1.0674599652599912,-2.1349199305199824
132,2,965.0,203.0,66,True,-1.0725663866979234,-1.0725663866979234,-2.1451327733958467
132,3,982.1666666666667,203.0,66,True,-1.0772209124333836,-1.0772209124333836,-2.154441824866767
133,0,955.1666666666667,203.0,66,True,-1.0699002020533395,-1.0699002020533395,-2.139800404106679
133,1,951.0,203.0,66,True,-1.0687704627971597,-1.0687704627971597,-2.1375409255943194
133,2,954.1666666666667,203.0,66,True,-1.0696290646318563,-1.0696290646318563,-2.1392581292637125
133,3,947.1666666666667,203.0,66,True,-1.0677311026814742,-1.0677311026814742,-2.1354622053629484
134,0,963.1666666666667,203.0,66,True,-1.0720693014252047,-1.0720693014252047,-2.1441386028504095
134,1,958.0,203.0,66,True,-1.070668424747542,-1.070668424747542,-2.141336849495084
134,2,935.1666666666667,203.0,66,True,-1.064477453623677,-1.064477453623677,-2.128954907247354
134,3,965.0,203.0,66,True,-1.0725663866979234,-1.0725663866979234,-2.1451327733958467
135,0,965.0,203.0,66,True,-1.0725663866979236,-1.0725663866979236,-2.145132773395847
135,1,951.0,203.0,66,True,-1.0687704627971595,-1.0687704627971595,-2.137540925594319
135,2,958.0,203.0,66,True,-1.0706684247475418,-1.0706684247475418,-2.1413368494950835
135,3,958.1666666666667,203.0,66,True,-1.0707136143177887,-1.0707136143177887,-2.1414272286355773
136,0,965.0,203.0,66,True,-1.0725663866979231,-1.0725663866979231,-2.1451327733958463
136,1,972.0,203.0,66,True,-1.0744643486483054,-1.0744643486483054,-2.148928697296611
136,2,958.0,203.0,66,True,-1.070668424747542,-1.070668424747542,-2.141336849495084
136,3,923.1666666666667,203.0,66,True,-1.061223804565879,-1.061223804565879,-2.122447609131758
137,0,963.1666666666667,203.0,66,True,-1.072069301425204,-1.072069301425204,-2.144138602850408
137,1,965.0,203.0,66,True,-1.0725663866979236,-1.0725663866979236,-2.145132773395847
137,2,972.0,203.0,66,True,-1.0744643486483052,-1.0744643486483052,-2.1489286972966104
137,3,970.1666666666667,203.0,66,True,-1.0739672633755861,-1.0739672633755861,-2.1479345267511722
138,0,972.0,203.0,66,True,-1.0744643486483054,-1.0744643486483054,-2.148928697296611
138,1,972.0,203.0,66,True,-1.0744643486483052,-1.0744643486483052,-2.1489286972966104
138,2,981.1666666666667,203.0,66,True,-1.0769497750119004,-1.0769497750119004,-2.1538995500238007
138,3,961.1666666666667,203.0,66,True,-1.071527026582238,-1.071527026582238,-2.143054053164476
139,0,971.1666666666667,203.0,66,True,-1.0742384007970696,-1.0742384007970696,-2.148476801594139
139,1,958.0,203.0,66,True,-1.0706684247475422,-1.0706684247475422,-2.1413368494950844
139,2,972.0,203.0,66,True,-1.0744643486483052,-1.0744643486483052,-2.1489286972966104
139,3,948.1666666666667,203.0,66,True,-1.0680022401029579,-1.0680022401029579,-2.1360044802059157
140,0,919.8333333333334,203.0,66,True,-1.0603200131609358,-1.0603200131609358,-2.1206400263218717
140,1,972.0,203.0,66,True,-1.0744643486483056,-1.0744643486483056,-2.1489286972966113
140,2,951.0,203.0,66,True,-1.0687704627971595,-1.0687704627971595,-2.137540925594319
140,3,941.1666666666667,203.0,66,True,-1.0661042781525756,-1.0661042781525756,-2.132208556305151
141,0,976.1666666666667,203.0,66,True,-1.075594087904485,-1.075594087904485,-2.15118817580897
141,1,953.1666666666667,203.0,66,True,-1.0693579272103737,-1.0693579272103737,-2.1387158544207474
141,2,981.1666666666667,323.0,67,True,-1.556310627208971,-1.556310627208971,-3.112621254417942
141,3,945.0,203.0,66,True,-1.0671436382682613,-1.0671436382682613,-2.1342872765365226
142,0,951.0,203.0,66,True,-1.06877046279716,-1.06877046279716,-2.13754092559432
142,1,939.1666666666667,203.0,66,True,-1.06556200330961,-1.06556200330961,-2.13112400661922
142,2,958.0,203.0,66,True,-1.0706684247475415,-1.0706684247475415,-2.141336849495083
142,3,972.0,203.0,66,True,-1.0744643486483054,-1.0744643486483054,-2.148928697296611
143,0,968.1666666666667,203.0,66,True,-1.0734249885326201,-1.0734249885326201,-2.1468499770652403
143,1,959.1666666666667,203.0,66,True,-1.0709847517392719,-1.0709847517392719,-2.1419695034785438
143,2,976.1666666666667,203.0,66,True,-1.075594087904485,-1.075594087904485,-2.15118817580897
143,3,953.1666666666667,203.0,66,True,-1.0693579272103735,-1.0693579272103735,-2.138715854420747
144,0,953.1666666666667,203.0,66,True,-1.0693579272103735,-1.0693579272103735,-2.138715854420747
144,1,958.0,203.0,66,True,-1.0706684247475418,-1.0706684247475418,-2.1413368494950835
144,2,958.1666666666667,203.0,66,True,-1.070713614317789,-1.070713614317789,-2.141427228635578
144,3,1006.0,386.0,69,True,-1.8147083205792642,-1.8147083205792642,-3.6294166411585285
145,0,972.0,203.0,66,True,-1.0744643486483052,-1.0744643486483052,-2.1489286972966104
145,1,961.1666666666667,203.0,66,True,-1.071527026582238,-1.071527026582238,-2.143054053164476
145,2,958.0,203.0,66,True,-1.0706684247475418,-1.0706684247475418,-2.1413368494950835
145,3,939.1666666666667,203.0,66,True,-1.0655620033096098,-1.0655620033096098,-2.1311240066192196
146,0,965.0,203.0,66,True,-1.0725663866979236,-1.0725663866979236,-2.145132773395847
146,1,972.1666666666667,203.0,66,True,-1.0745095382185526,-1.0745095382185526,-2.149019076437105
146,2,972.0,203.0,66,True,-1.0744643486483052,-1.0744643486483052,-2.1489286972966104
146,3,969.1666666666667,203.0,66,True,-1.073696125954103,-1.073696125954103,-2.147392251908206
147,0,946.1666666666667,203.0,66,True,-1.0674599652599912,-1.0674599652599912,-2.1349199305199824
147,1,956.1666666666667,203.0,66,True,-1.070171339474823,-1.070171339474823,-2.140342678949646
147,2,965.0,203.0,66,True,-1.0725663866979231,-1.0725663866979231,-2.1451327733958463
147,3,973.1666666666667,203.0,66,True,-1.0747806756400358,-1.0747806756400358,-2.1495613512800715
148,0,970.1666666666666,279.0,67,True,-1.3775624697670643,-1.3775624697670643,-2.7551249395341286
148,1,972.0,203.0,66,True,-1.0744643486483052,-1.0744643486483052,-2.1489286972966104
148,2,972.0,203.0,66,True,-1.0744643486483054,-1.0744643486483054,-2.148928697296611
148,3,931.0,203.0,66,True,-1.0633477143674974,-1.0633477143674974,-2.126695428734995
149,0,989.1666666666667,279.0,66,True,-1.382714080775244,-1.382714080775244,-2.765428161550488
149,1,963.1666666666667,218.0,65,True,-1.1319894079498387,-1.1319894079498387,-2.2639788158996774
149,2,972.0,203.0,66,True,-1.0744643486483052,-1.0744643486483052,-2.1489286972966104
149,3,972.0,203.0,66,True,-1.0744643486483052,-1.0744643486483052,-2.1489286972966104
150,0,988.1666666666666,279.0,67,True,-1.3824429433537608,-1.3824429433537608,-2.7648858867075217
150,1,972.0,203.0,66,True,-1.0744643486483054,-1.0744643486483054,-2.148928697296611
150,2,973.1666666666667,203.0,66,True,-1.0747806756400355,-1.0747806756400355,-2.149561351280071
150,3,997.8333333333333,397.0,67,True,-1.8564354430885497,-1.8564354430885497,-3.7128708861770994
151,0,972.0,203.0,66,True,-1.0744643486483052,-1.0744643486483052,-2.1489286972966104
151,1,960.1666666666667,203.0,66,True,-1.071255889160755,-1.071255889160755,-2.14251177832151
151,2,965.0,203.0,66,True,-1.0725663866979236,-1.0725663866979236,-2.145132773395847
151,3,973.1666666666667,203.0,66,True,-1.0747806756400358,-1.0747806756400358,-2.1495613512800715
152,0,952.1666666666667,203.0,66,True,-1.06908678978889,-1.06908678978889,-2.13817357957778
152,1,965.0,203.0,66,True,-1.0725663866979231,-1.0725663866979231,-2.1451327733958463
152,2,970.1666666666667,203.0,66,True,-1.0739672633755861,-1.0739672633755861,-2.1479345267511722
152,3,972.0,203.0,66,True,-1.0744643486483054,-1.0744643486483054,-2.148928697296611
153,0,961.1666666666667,203.0,66,True,-1.0715270265822379,-1.0715270265822379,-2.1430540531644757
153,1,972.0,203.0,66,True,-1.0744643486483052,-1.0744643486483052,-2.1489286972966104
153,2,972.0,203.0,66,True,-1.0744643486483052,-1.0744643486483052,-2.1489286972966104
153,3,963.1666666666667,203.0,66,True,-1.0720693014252047,-1.0720693014252047,-2.1441386028504095
154,0,961.1666666666667,203.0,66,True,-1.0715270265822383,-1.0715270265822383,-2.1430540531644766
154,1,972.0,203.0,66,True,-1.0744643486483054,-1.0744643486483054,-2.148928697296611
154,2,972.0,203.0,66,True,-1.0744643486483052,-1.0744643486483052,-2.1489286972966104
154,3,972.0,203.0,66,True,-1.0744643486483052,-1.0744643486483052,-2.1489286972966104
155,0,976.1666666666667,203.0,66,True,-1.075594087904485,-1.075594087904485,-2.15118817580897
155,1,976.1666666666667,203.0,66,True,-1.075594087904485,-1.075594087904485,-2.15118817580897
155,2,972.0,203.0,66,True,-1.0744643486483056,-1.0744643486483056,-2.1489286972966113
155,3,972.0,203.0,66,True,-1.0744643486483052,-1.0744643486483052,-2.1489286972966104
156,0,972.0,203.0,66,True,-1.0744643486483054,-1.0744643486483054,-2.148928697296611
156,1,961.1666666666667,203.0,66,True,-1.071527026582238,-1.071527026582238,-2.143054053164476
156,2,977.1666666666667,203.0,66,True,-1.0758652253259682,-1.0758652253259682,-2.1517304506519364
156,3,972.0,203.0,66,True,-1.0744643486483052,-1.0744643486483052,-2.1489286972966104
157,0,965.0,203.0,66,True,-1.0725663866979236,-1.0725663866979236,-2.145132773395847
157,1,972.0,203.0,66,True,-1.0744643486483052,-1.0744643486483052,-2.1489286972966104
157,2,972.0,203.0,66,True,-1.0744643486483052,-1.0744643486483052,-2.1489286972966104
157,3,945.1666666666667,203.0,66,True,-1.0671888278385082,-1.0671888278385082,-2.1343776556770164
158,0,972.0,203.0,66,True,-1.074464348648305,-1.074464348648305,-2.14892869729661
158,1,972.0,203.0,66,True,-1.0744643486483052,-1.0744643486483052,-2.1489286972966104
158,2,972.0,203.0,66,True,-1.074464348648305,-1.074464348648305,-2.14892869729661
158,3,972.0,203.0,66,True,-1.0744643486483059,-1.0744643486483059,-2.1489286972966117
159,0,1034.3333333333335,399.0,67,True,-1.874321306509301,-1.874321306509301,-3.748642613018602
159,1,964.1666666666667,203.0,66,True,-1.0723404388466877,-1.0723404388466877,-2.1446808776933755
159,2,972.0,203.0,66,True,-1.0744643486483054,-1.0744643486483054,-2.148928697296611
159,3,972.0,203.0,66,True,-1.0744643486483054,-1.0744643486483054,-2.148928697296611
160,0,972.0,203.0,66,True,-1.0744643486483052,-1.0744643486483052,-2.1489286972966104
160,1,959.1666666666667,203.0,66,True,-1.0709847517392719,-1.0709847517392719,-2.1419695034785438
160,2,960.1666666666667,203.0,66,True,-1.071255889160755,-1.071255889160755,-2.14251177832151
160,3,972.0,203.0,66,True,-1.0744643486483056,-1.0744643486483056,-2.1489286972966113
161,0,972.0,203.0,66,True,-1.0744643486483052,-1.0744643486483052,-2.1489286972966104
161,1,972.0,203.0,66,True,-1.0744643486483054,-1.0744643486483054,-2.148928697296611
161,2,972.0,203.0,66,True,-1.074464348648305,-1.074464348648305,-2.14892869729661
161,3,952.1666666666667,203.0,66,True,-1.0690867897888905,-1.0690867897888905,-2.138173579577781
162,0,962.1666666666667,203.0,66,True,-1.071798164003721,-1.071798164003721,-2.143596328007442
162,1,972.0,203.0,66,True,-1.0744643486483054,-1.0744643486483054,-2.148928697296611
162,2,972.0,203.0,66,True,-1.0744643486483052,-1.0744643486483052,-2.1489286972966104
162,3,950.1666666666667,203.0,66,True,-1.0685445149459238,-1.0685445149459238,-2.1370890298918477
163,0,939.8333333333334,201.0,66,True,-1.0577534140539804,-1.0577534140539804,-2.1155068281079608
163,1,976.1666666666667,203.0,66,True,-1.075594087904485,-1.075594087904485,-2.15118817580897
163,2,965.1666666666667,203.0,66,True,-1.0726115762681705,-1.0726115762681705,-2.145223152536341
163,3,977.1666666666667,203.0,66,True,-1.075865225325968,-1.075865225325968,-2.151730450651936
164,0,1006.0,386.0,69,True,-1.8147083205792642,-1.8147083205792642,-3.6294166411585285
164,1,962.1666666666667,203.0,66,True,-1.071798164003721,-1.071798164003721,-2.143596328007442
164,2,966.1666666666667,203.0,66,True,-1.0728827136896542,-1.0728827136896542,-2.1457654273793083
164,3,965.0,203.0,66,True,-1.0725663866979243,-1.0725663866979243,-2.1451327733958485
165,0,972.0,203.0,66,True,-1.074464348648305,-1.074464348648305,-2.14892869729661
165,1,967.1666666666667,203.0,66,True,-1.0731538511111371,-1.0731538511111371,-2.1463077022222743
165,2,972.0,203.0,66,True,-1.0744643486483052,-1.0744643486483052,-2.1489286972966104
165,3,972.0,203.0,66,True,-1.0744643486483054,-1.0744643486483054,-2.148928697296611
166,0,972.0,203.0,66,True,-1.0744643486483054,-1.0744643486483054,-2.148928697296611
166,1,958.1666666666667,203.0,66,True,-1.070713614317789,-1.070713614317789,-2.141427228635578
166,2,961.1666666666667,203.0,66,True,-1.071527026582238,-1.071527026582238,-2.143054053164476
166,3,971.1666666666667,203.0,66,True,-1.0742384007970693,-1.0742384007970693,-2.1484768015941387
167,0,972.0,203.0,66,True,-1.0744643486483052,-1.0744643486483052,-2.1489286972966104
167,1,972.0,203.0,66,True,-1.0744643486483052,-1.0744643486483052,-2.1489286972966104
167,2,965.1666666666667,203.0,66,True,-1.0726115762681707,-1.0726115762681707,-2.1452231525363414
167,3,972.0,203.0,66,True,-1.0744643486483052,-1.0744643486483052,-2.1489286972966104
168,0,972.0,203.0,66,True,-1.0744643486483052,-1.0744643486483052,-2.1489286972966104
168,1,968.1666666666667,203.0,66,True,-1.0734249885326201,-1.0734249885326201,-2.1468499770652403
168,2,972.0,203.0,66,True,-1.074464348648305,-1.074464348648305,-2.14892869729661
168,3,972.0,203.0,66,True,-1.0744643486483054,-1.0744643486483054,-2.148928697296611
169,0,971.1666666666667,203.0,66,True,-1.0742384007970693,-1.0742384007970693,-2.1484768015941387
169,1,970.1666666666667,203.0,66,True,-1.073967263375586,-1.073967263375586,-2.147934526751172
169,2,964.1666666666667,203.0,66,True,-1.0723404388466875,-1.0723404388466875,-2.144680877693375
169,3,972.0,203.0,66,True,-1.074464348648305,-1.074464348648305,-2.14892869729661
170,0,972.0,203.0,66,True,-1.0744643486483052,-1.0744643486483052,-2.1489286972966104
170,1,942.8333333333334,266.0,66,True,-1.3182206212585095,-1.3182206212585095,-2.636441242517019
170,2,988.0,262.0,66,True,-1.3144882997222616,-1.3144882997222616,-2.628976599444523
170,3,972.0,203.0,66,True,-1.0744643486483056,-1.0744643486483056,-2.1489286972966113
171,0,971.1666666666667,203.0,66,True,-1.0742384007970693,-1.0742384007970693,-2.1484768015941387
171,1,972.0,203.0,66,True,-1.0744643486483052,-1.0744643486483052,-2.1489286972966104
171,2,972.0,203.0,66,True,-1.074464348648305,-1.074464348648305,-2.14892869729661
171,3,972.0,203.0,66,True,-1.0744643486483054,-1.0744643486483054,-2.148928697296611
172,0,945.0,203.0,66,True,-1.067143638268261,-1.067143638268261,-2.134287276536522
172,1,1037.1666666666667,262.0,66,True,-1.327819222945182,-1.327819222945182,-2.655638445890364
172,2,972.0,203.0,66,True,-1.0744643486483054,-1.0744643486483054,-2.148928697296611
172,3,974.1666666666667,203.0,66,True,-1.0750518130615192,-1.0750518130615192,-2.1501036261230384
173,0,958.1666666666667,203.0,66,True,-1.0707136143177889,-1.0707136143177889,-2.1414272286355778
173,1,972.0,203.0,66,True,-1.0744643486483056,-1.0744643486483056,-2.1489286972966113
173,2,972.0,203.0,66,True,-1.074464348648305,-1.074464348648305,-2.14892869729661
173,3,971.1666666666667,203.0,66,True,-1.0742384007970693,-1.0742384007970693,-2.1484768015941387
174,0,972.0,203.0,66,True,-1.0744643486483052,-1.0744643486483052,-2.1489286972966104
174,1,972.0,203.0,66,True,-1.0744643486483059,-1.0744643486483059,-2.1489286972966117
174,2,965.1666666666667,203.0,66,True,-1.0726115762681707,-1.0726115762681707,-2.1452231525363414
174,3,972.0,203.0,66,True,-1.0744643486483052,-1.0744643486483052,-2.1489286972966104
175,0,972.0,203.0,66,True,-1.0744643486483056,-1.0744643486483056,-2.1489286972966113
175,1,965.1666666666667,203.0,66,True,-1.0726115762681707,-1.0726115762681707,-2.1452231525363414
175,2,1006.0,386.0,69,True,-1.814708320579264,-1.814708320579264,-3.629416641158528
175,3,972.0,203.0,66,True,-1.0744643486483054,-1.0744643486483054,-2.148928697296611
176,0,972.0,203.0,66,True,-1.074464348648305,-1.074464348648305,-2.14892869729661
176,1,962.1666666666667,203.0,66,True,-1.0717981640037213,-1.0717981640037213,-2.1435963280074426
176,2,945.0,203.0,66,True,-1.0671436382682613,-1.0671436382682613,-2.1342872765365226
176,3,967.1666666666667,203.0,66,True,-1.0731538511111371,-1.0731538511111371,-2.1463077022222743
177,0,972.0,203.0,66,True,-1.0744643486483052,-1.0744643486483052,-2.1489286972966104
177,1,972.0,203.0,66,True,-1.0744643486483054,-1.0744643486483054,-2.148928697296611
177,2,972.0,203.0,66,True,-1.0744643486483052,-1.0744643486483052,-2.1489286972966104
177,3,972.0,203.0,66,True,-1.0744643486483052,-1.0744643486483052,-2.1489286972966104
178,0,972.0,203.0,66,True,-1.0744643486483052,-1.0744643486483052,-2.1489286972966104
178,1,964.1666666666667,203.0,66,True,-1.0723404388466875,-1.0723404388466875,-2.144680877693375
178,2,960.1666666666667,203.0,66,True,-1.0712558891607546,-1.0712558891607546,-2.1425117783215093
178,3,968.1666666666667,203.0,66,True,-1.07342498853262,-1.07342498853262,-2.14684997706524
179,0,946.1666666666667,203.0,66,True,-1.0674599652599914,-1.0674599652599914,-2.134919930519983
179,1,972.0,203.0,66,True,-1.0744643486483052,-1.0744643486483052,-2.1489286972966104
179,2,975.1666666666667,203.0,66,True,-1.0753229504830015,-1.0753229504830015,-2.150645900966003
179,3,972.0,203.0,66,True,-1.0744643486483052,-1.0744643486483052,-2.1489286972966104
180,0,972.0,203.0,66,True,-1.074464348648305,-1.074464348648305,-2.14892869729661
180,1,972.0,203.0,66,True,-1.0744643486483054,-1.0744643486483054,-2.148928697296611
180,2,972.0,203.0,66,True,-1.0744643486483052,-1.0744643486483052,-2.1489286972966104
180,3,959.1666666666667,203.0,66,True,-1.070984751739272,-1.070984751739272,-2.141969503478544
181,0,972.0,203.0,66,True,-1.074464348648305,-1.074464348648305,-2.14892869729661
181,1,972.0,203.0,66,True,-1.0744643486483052,-1.0744643486483052,-2.1489286972966104
181,2,972.0,203.0,66,True,-1.0744643486483054,-1.0744643486483054,-2.148928697296611
181,3,972.0,203.0,66,True,-1.0744643486483052,-1.0744643486483052,-2.1489286972966104
182,0,972.0,203.0,66,True,-1.0744643486483052,-1.0744643486483052,-2.1489286972966104
182,1,971.1666666666667,203.0,66,True,-1.0742384007970696,-1.0742384007970696,-2.148476801594139
182,2,968.1666666666667,203.0,66,True,-1.07342498853262,-1.07342498853262,-2.14684997706524
182,3,972.0,203.0,66,True,-1.0744643486483052,-1.0744643486483052,-2.1489286972966104
183,0,972.0,203.0,66,True,-1.0744643486483052,-1.0744643486483052,-2.1489286972966104
183,1,958.1666666666667,203.0,66,True,-1.0707136143177884,-1.0707136143177884,-2.141427228635577
183,2,972.0,203.0,66,True,-1.0744643486483052,-1.0744643486483052,-2.1489286972966104
183,3,972.0,203.0,66,True,-1.0744643486483054,-1.0744643486483054,-2.148928697296611
184,0,972.0,203.0,66,True,-1.0744643486483052,-1.0744643486483052,-2.1489286972966104
184,1,975.1666666666667,203.0,66,True,-1.0753229504830017,-1.0753229504830017,-2.1506459009660035
184,2,961.1666666666667,203.0,66,True,-1.071527026582238,-1.071527026582238,-2.143054053164476
184,3,971.1666666666667,203.0,66,True,-1.0742384007970693,-1.0742384007970693,-2.1484768015941387
185,0,962.1666666666667,203.0,66,True,-1.0717981640037215,-1.0717981640037215,-2.143596328007443
185,1,975.1666666666667,203.0,66,True,-1.0753229504830017,-1.0753229504830017,-2.1506459009660035
185,2,958.1666666666667,203.0,66,True,-1.0707136143177887,-1.0707136143177887,-2.1414272286355773
185,3,972.0,203.0,66,True,-1.074464348648305,-1.074464348648305,-2.14892869729661
186,0,977.1666666666667,203.0,66,True,-1.075865225325968,-1.075865225325968,-2.151730450651936
186,1,972.0,203.0,66,True,-1.074464348648305,-1.074464348648305,-2.14892869729661
186,2,974.1666666666667,203.0,66,True,-1.075051813061519,-1.075051813061519,-2.150103626123038
186,3,945.1666666666667,203.0,66,True,-1.0671888278385084,-1.0671888278385084,-2.134377655677017
187,0,972.0,203.0,66,True,-1.0744643486483052,-1.0744643486483052,-2.1489286972966104
187,1,972.0,203.0,66,True,-1.0744643486483054,-1.0744643486483054,-2.148928697296611
187,2,972.0,203.0,66,True,-1.0744643486483054,-1.0744643486483054,-2.148928697296611
187,3,972.0,203.0,66,True,-1.0744643486483052,-1.0744643486483052,-2.1489286972966104
188,0,972.0,203.0,66,True,-1.0744643486483054,-1.0744643486483054,-2.148928697296611
188,1,972.0,203.0,66,True,-1.0744643486483056,-1.0744643486483056,-2.1489286972966113
188,2,972.0,203.0,66,True,-1.0744643486483054,-1.0744643486483054,-2.148928697296611
188,3,980.1666666666667,203.0,66,True,-1.0766786375904176,-1.0766786375904176,-2.153357275180835
189,0,970.1666666666667,203.0,66,True,-1.0739672633755861,-1.0739672633755861,-2.1479345267511722
189,1,972.0,203.0,66,True,-1.0744643486483054,-1.0744643486483054,-2.148928697296611
189,2,1015.0,323.0,68,True,-1.5654841099691497,-1.5654841099691497,-3.1309682199382993
189,3,957.1666666666667,203.0,66,True,-1.0704424768963057,-1.0704424768963057,-2.1408849537926113
190,0,972.1666666666667,203.0,66,True,-1.0745095382185526,-1.0745095382185526,-2.149019076437105
190,1,972.0,203.0,66,True,-1.0744643486483054,-1.0744643486483054,-2.148928697296611
190,2,964.1666666666667,203.0,66,True,-1.0723404388466875,-1.0723404388466875,-2.144680877693375
190,3,972.0,203.0,66,True,-1.0744643486483052,-1.0744643486483052,-2.1489286972966104
191,0,977.1666666666667,203.0,66,True,-1.0758652253259682,-1.0758652253259682,-2.1517304506519364
191,1,966.1666666666667,203.0,66,True,-1.0728827136896537,-1.0728827136896537,-2.1457654273793074
191,2,956.1666666666667,203.0,66,True,-1.0701713394748225,-1.0701713394748225,-2.140342678949645
191,3,975.1666666666667,203.0,66,True,-1.0753229504830015,-1.0753229504830015,-2.150645900966003
192,0,958.1666666666667,203.0,66,True,-1.070713614317789,-1.070713614317789,-2.141427228635578
192,1,1015.1666666666667,262.0,67,True,-1.321854199672553,-1.321854199672553,-2.643708399345106
192,2,973.1666666666667,323.0,68,True,-1.5541415278371065,-1.5541415278371065,-3.108283055674213
192,3,958.1666666666667,203.0,66,True,-1.0707136143177887,-1.0707136143177887,-2.1414272286355773
193,0,988.1666666666667,203.0,66,True,-1.0788477369622824,-1.0788477369622824,-2.157695473924565
193,1,929.0,203.0,66,True,-1.0628054395245312,-1.0628054395245312,-2.1256108790490624
193,2,962.1666666666667,203.0,66,True,-1.0717981640037213,-1.0717981640037213,-2.1435963280074426
193,3,1004.1666666666667,203.0,66,True,-1.0831859357060125,-1.0831859357060125,-2.166371871412025
194,0,1031.0,203.0,66,True,-1.0904614565158093,-1.0904614565158093,-2.1809229130316186
194,1,942.1666666666667,203.0,66,True,-1.0663754155740586,-1.0663754155740586,-2.132750831148117
194,2,952.1666666666667,203.0,66,True,-1.0690867897888898,-1.0690867897888898,-2.1381735795777796
194,3,962.1666666666667,203.0,66,True,-1.071798164003721,-1.071798164003721,-2.143596328007442
195,0,972.0,203.0,66,True,-1.0744643486483054,-1.0744643486483054,-2.148928697296611
195,1,1022.1666666666667,203.0,66,True,-1.0880664092927084,-1.0880664092927084,-2.1761328185854167
195,2,972.0,203.0,66,True,-1.0744643486483056,-1.0744643486483056,-2.1489286972966113
195,3,951.1666666666667,203.0,66,True,-1.0688156523674068,-1.0688156523674068,-2.1376313047348137
196,0,972.0,203.0,66,True,-1.0744643486483054,-1.0744643486483054,-2.148928697296611
196,1,972.0,203.0,66,True,-1.0744643486483052,-1.0744643486483052,-2.1489286972966104
196,2,972.0,203.0,66,True,-1.0744643486483052,-1.0744643486483052,-2.1489286972966104
196,3,972.1666666666667,203.0,66,True,-1.0745095382185526,-1.0745095382185526,-2.149019076437105
197,0,964.1666666666667,203.0,66,True,-1.0723404388466875,-1.0723404388466875,-2.144680877693375
197,1,972.0,203.0,66,True,-1.074464348648305,-1.074464348648305,-2.14892869729661
197,2,968.1666666666667,203.0,66,True,-1.0734249885326201,-1.0734249885326201,-2.1468499770652403
197,3,972.1666666666667,203.0,66,True,-1.0745095382185523,-1.0745095382185523,-2.1490190764371047
198,0,965.1666666666667,203.0,66,True,-1.0726115762681705,-1.0726115762681705,-2.145223152536341
198,1,978.1666666666667,203.0,66,True,-1.0761363627474512,-1.0761363627474512,-2.1522727254949023
198,2,971.1666666666667,203.0,66,True,-1.0742384007970693,-1.0742384007970693,-2.1484768015941387
198,3,972.0,203.0,66,True,-1.0744643486483054,-1.0744643486483054,-2.148928697296611
199,0,961.1666666666667,203.0,66,True,-1.071527026582238,-1.071527026582238,-2.143054053164476
199,1,972.0,203.0,66,True,-1.0744643486483054,-1.0744643486483054,-2.148928697296611
199,2,972.0,203.0,66,True,-1.0744643486483054,-1.0744643486483054,-2.148928697296611
199,3,970.1666666666667,203.0,66,True,-1.0739672633755863,-1.0739672633755863,-2.1479345267511727
200,0,965.1666666666667,203.0,66,True,-1.0726115762681707,-1.0726115762681707,-2.1452231525363414
200,1,977.1666666666667,203.0,66,True,-1.0758652253259682,-1.0758652253259682,-2.1517304506519364
200,2,972.0,203.0,66,True,-1.0744643486483052,-1.0744643486483052,-2.1489286972966104
200,3,972.0,203.0,66,True,-1.0744643486483054,-1.0744643486483054,-2.148928697296611
201,0,972.0,203.0,66,True,-1.0744643486483052,-1.0744643486483052,-2.1489286972966104
201,1,972.0,203.0,66,True,-1.0744643486483052,-1.0744643486483052,-2.1489286972966104
201,2,972.0,203.0,66,True,-1.0744643486483052,-1.0744643486483052,-2.1489286972966104
201,3,959.1666666666667,203.0,66,True,-1.0709847517392719,-1.0709847517392719,-2.1419695034785438
202,0,972.0,203.0,66,True,-1.0744643486483054,-1.0744643486483054,-2.148928697296611
202,1,972.0,203.0,66,True,-1.0744643486483052,-1.0744643486483052,-2.1489286972966104
202,2,967.1666666666667,203.0,66,True,-1.0731538511111376,-1.0731538511111376,-2.146307702222275
202,3,962.1666666666667,203.0,66,True,-1.071798164003721,-1.071798164003721,-2.143596328007442
203,0,946.1666666666667,203.0,66,True,-1.0674599652599916,-1.0674599652599916,-2.1349199305199833
203,1,972.0,203.0,66,True,-1.0744643486483052,-1.0744643486483052,-2.1489286972966104
203,2,977.1666666666667,203.0,66,True,-1.075865225325968,-1.075865225325968,-2.151730450651936
203,3,970.1666666666667,203.0,66,True,-1.0739672633755868,-1.0739672633755868,-2.1479345267511736
204,0,972.0,203.0,66,True,-1.074464348648305,-1.074464348648305,-2.14892869729661
204,1,972.0,203.0,66,True,-1.0744643486483052,-1.0744643486483052,-2.1489286972966104
204,2,972.0,203.0,66,True,-1.0744643486483052,-1.0744643486483052,-2.1489286972966104
204,3,963.1666666666667,203.0,66,True,-1.0720693014252043,-1.0720693014252043,-2.1441386028504086
205,0,972.0,203.0,66,True,-1.074464348648305,-1.074464348648305,-2.14892869729661
205,1,972.0,203.0,66,True,-1.0744643486483056,-1.0744643486483056,-2.1489286972966113
205,2,972.0,203.0,66,True,-1.0744643486483052,-1.0744643486483052,-2.1489286972966104
205,3,972.0,203.0,66,True,-1.0744643486483052,-1.0744643486483052,-2.1489286972966104
206,0,965.1666666666667,203.0,65,True,-1.072611576268171,-1.072611576268171,-2.145223152536342
206,1,972.0,203.0,66,True,-1.0744643486483052,-1.0744643486483052,-2.1489286972966104
206,2,972.0,203.0,66,True,-1.074464348648305,-1.074464348648305,-2.14892869729661
206,3,972.0,203.0,66,True,-1.0744643486483052,-1.0744643486483052,-2.1489286972966104
207,0,969.1666666666667,203.0,66,True,-1.073696125954103,-1.073696125954103,-2.147392251908206
207,1,965.1666666666667,203.0,66,True,-1.0726115762681707,-1.0726115762681707,-2.1452231525363414
207,2,972.0,203.0,66,True,-1.0744643486483052,-1.0744643486483052,-2.1489286972966104
207,3,972.0,203.0,66,True,-1.0744643486483054,-1.0744643486483054,-2.148928697296611
208,0,963.1666666666667,203.0,66,True,-1.0720693014252043,-1.0720693014252043,-2.1441386028504086
208,1,972.0,203.0,66,True,-1.0744643486483052,-1.0744643486483052,-2.1489286972966104
208,2,972.0,203.0,66,True,-1.074464348648305,-1.074464348648305,-2.14892869729661
208,3,972.0,203.0,66,True,-1.074464348648305,-1.074464348648305,-2.14892869729661
209,0,972.0,203.0,66,True,-1.0744643486483052,-1.0744643486483052,-2.1489286972966104
209,1,972.0,203.0,66,True,-1.074464348648305,-1.074464348648305,-2.14892869729661
209,2,971.1666666666667,203.0,66,True,-1.0742384007970696,-1.0742384007970696,-2.148476801594139
209,3,971.1666666666667,203.0,66,True,-1.0742384007970693,-1.0742384007970693,-2.1484768015941387
210,0,929.0,142.0,65,True,-0.8191303396576868,-0.8191303396576868,-1.6382606793153736
210,1,978.1666666666667,262.0,67,True,-1.3118221150776777,-1.3118221150776777,-2.6236442301553553
210,2,1004.3333333333335,323.0,68,True,-1.5625919774733295,-1.5625919774733295,-3.125183954946659
210,3,969.0000000000001,262.0,67,True,-1.3093366887140825,-1.3093366887140825,-2.618673377428165
211,0,971.1666666666667,203.0,66,True,-1.0742384007970693,-1.0742384007970693,-2.1484768015941387
211,1,962.1666666666667,203.0,66,True,-1.0717981640037215,-1.0717981640037215,-2.143596328007443
211,2,972.0,203.0,66,True,-1.0744643486483054,-1.0744643486483054,-2.148928697296611
211,3,968.1666666666667,203.0,66,True,-1.07342498853262,-1.07342498853262,-2.14684997706524
212,0,972.0,203.0,66,True,-1.0744643486483052,-1.0744643486483052,-2.1489286972966104
212,1,972.0,203.0,66,True,-1.0744643486483052,-1.0744643486483052,-2.1489286972966104
212,2,1018.8333333333334,386.0,69,True,-1.8181879174882976,-1.8181879174882976,-3.636375834976595
212,3,990.8333333333334,266.0,66,True,-1.3312352174896998,-1.3312352174896998,-2.6624704349793995
213,0,969.1666666666667,203.0,66,True,-1.073696125954103,-1.073696125954103,-2.147392251908206
213,1,970.1666666666667,203.0,66,True,-1.0739672633755863,-1.0739672633755863,-2.1479345267511727
213,2,972.0,203.0,66,True,-1.0744643486483056,-1.0744643486483056,-2.1489286972966113
213,3,969.1666666666667,203.0,66,True,-1.0736961259541031,-1.0736961259541031,-2.1473922519082063
214,0,972.0,203.0,66,True,-1.0744643486483052,-1.0744643486483052,-2.1489286972966104
214,1,972.0,203.0,66,True,-1.0744643486483052,-1.0744643486483052,-2.1489286972966104
214,2,972.0,203.0,66,True,-1.0744643486483056,-1.0744643486483056,-2.1489286972966113
214,3,972.0,203.0,66,True,-1.0744643486483052,-1.0744643486483052,-2.1489286972966104
215,0,972.1666666666667,203.0,66,True,-1.0745095382185523,-1.0745095382185523,-2.1490190764371047
215,1,980.1666666666667,203.0,66,True,-1.0766786375904176,-1.0766786375904176,-2.153357275180835
215,2,970.1666666666667,203.0,66,True,-1.0739672633755863,-1.0739672633755863,-2.1479345267511727
215,3,966.1666666666667,203.0,66,True,-1.072882713689654,-1.072882713689654,-2.145765427379308
216,0,967.1666666666667,203.0,66,True,-1.0731538511111367,-1.0731538511111367,-2.1463077022222734
216,1,972.0,203.0,66,True,-1.0744643486483052,-1.0744643486483052,-2.1489286972966104
216,2,972.0,203.0,66,True,-1.0744643486483056,-1.0744643486483056,-2.1489286972966113
216,3,967.1666666666667,203.0,66,True,-1.0731538511111371,-1.0731538511111371,-2.1463077022222743
217,0,976.1666666666667,203.0,66,True,-1.0755940879044854,-1.0755940879044854,-2.151188175808971
217,1,972.0,203.0,66,True,-1.0744643486483052,-1.0744643486483052,-2.1489286972966104
217,2,976.1666666666667,203.0,66,True,-1.075594087904485,-1.075594087904485,-2.15118817580897
217,3,964.8333333333334,262.0,66,True,-1.3082069494579027,-1.3082069494579027,-2.6164138989158054
218,0,971.1666666666667,203.0,66,True,-1.0742384007970693,-1.0742384007970693,-2.1484768015941387
218,1,966.1666666666667,203.0,66,True,-1.0728827136896537,-1.0728827136896537,-2.1457654273793074
218,2,967.1666666666667,203.0,66,True,-1.0731538511111367,-1.0731538511111367,-2.1463077022222734
218,3,962.1666666666667,203.0,66,True,-1.0717981640037215,-1.0717981640037215,-2.143596328007443
219,0,1047.1666666666667,463.0,69,True,-2.1334600245901063,-2.1334600245901063,-4.266920049180213
219,1,972.0,203.0,66,True,-1.0744643486483052,-1.0744643486483052,-2.1489286972966104
219,2,945.1666666666667,203.0,66,True,-1.0671888278385084,-1.0671888278385084,-2.134377655677017
219,3,966.1666666666667,203.0,66,True,-1.0728827136896537,-1.0728827136896537,-2.1457654273793074
220,0,971.1666666666667,203.0,66,True,-1.0742384007970698,-1.0742384007970698,-2.1484768015941396
220,1,972.0,203.0,66,True,-1.0744643486483052,-1.0744643486483052,-2.1489286972966104
220,2,972.0,203.0,66,True,-1.0744643486483052,-1.0744643486483052,-2.1489286972966104
220,3,972.0,203.0,66,True,-1.074464348648305,-1.074464348648305,-2.14892869729661
221,0,972.0,203.0,66,True,-1.074464348648305,-1.074464348648305,-2.14892869729661
221,1,965.1666666666667,203.0,66,True,-1.0726115762681707,-1.0726115762681707,-2.1452231525363414
221,2,972.0,203.0,66,True,-1.0744643486483054,-1.0744643486483054,-2.148928697296611
221,3,972.0,203.0,66,True,-1.0744643486483054,-1.0744643486483054,-2.148928697296611
222,0,1019.1666666666667,203.0,66,True,-1.0872529970282587,-1.0872529970282587,-2.1745059940565175
222,1,946.1666666666667,203.0,66,True,-1.0674599652599916,-1.0674599652599916,-2.1349199305199833
222,2,945.0,203.0,66,True,-1.067143638268261,-1.067143638268261,-2.134287276536522
222,3,1067.0,386.0,69,True,-1.8312477032897343,-1.8312477032897343,-3.6624954065794686
223,0,973.1666666666667,203.0,66,True,-1.0747806756400355,-1.0747806756400355,-2.149561351280071
223,1,941.1666666666667,203.0,66,True,-1.0661042781525754,-1.0661042781525754,-2.1322085563051507
223,2,972.0,203.0,66,True,-1.0744643486483054,-1.0744643486483054,-2.148928697296611
223,3,950.1666666666667,203.0,66,True,-1.068544514945924,-1.068544514945924,-2.137089029891848
224,0,972.0,203.0,66,True,-1.0744643486483054,-1.0744643486483054,-2.148928697296611
224,1,972.0,203.0,66,True,-1.0744643486483052,-1.0744643486483052,-2.1489286972966104
224,2,972.1666666666667,203.0,66,True,-1.0745095382185526,-1.0745095382185526,-2.149019076437105
224,3,972.0,203.0,66,True,-1.0744643486483052,-1.0744643486483052,-2.1489286972966104
225,0,971.1666666666667,203.0,66,True,-1.0742384007970696,-1.0742384007970696,-2.148476801594139
225,1,972.0,203.0,66,True,-1.0744643486483056,-1.0744643486483056,-2.1489286972966113
225,2,952.1666666666667,203.0,66,True,-1.0690867897888898,-1.0690867897888898,-2.1381735795777796
225,3,972.0,203.0,66,True,-1.0744643486483054,-1.0744643486483054,-2.148928697296611
226,0,962.1666666666667,203.0,66,True,-1.0717981640037217,-1.0717981640037217,-2.1435963280074435
226,1,966.1666666666667,203.0,66,True,-1.0728827136896535,-1.0728827136896535,-2.145765427379307
226,2,973.1666666666667,203.0,66,True,-1.0747806756400355,-1.0747806756400355,-2.149561351280071
226,3,972.0,203.0,66,True,-1.074464348648305,-1.074464348648305,-2.14892869729661
227,0,969.1666666666667,203.0,66,True,-1.0736961259541031,-1.0736961259541031,-2.1473922519082063
227,1,961.1666666666667,203.0,66,True,-1.071527026582238,-1.071527026582238,-2.143054053164476
227,2,952.1666666666667,203.0,66,True,-1.0690867897888905,-1.0690867897888905,-2.138173579577781
227,3,971.1666666666667,203.0,66,True,-1.0742384007970693,-1.0742384007970693,-2.1484768015941387
228,0,972.0,203.0,66,True,-1.0744643486483059,-1.0744643486483059,-2.1489286972966117
228,1,972.0,203.0,66,True,-1.0744643486483054,-1.0744643486483054,-2.148928697296611
228,2,971.1666666666667,203.0,66,True,-1.0742384007970693,-1.0742384007970693,-2.1484768015941387
228,3,971.1666666666667,203.0,66,True,-1.0742384007970693,-1.0742384007970693,-2.1484768015941387
229,0,968.1666666666667,203.0,66,True,-1.0734249885326201,-1.0734249885326201,-2.1468499770652403
229,1,972.0,203.0,66,True,-1.0744643486483054,-1.0744643486483054,-2.148928697296611
229,2,972.0,203.0,66,True,-1.0744643486483052,-1.0744643486483052,-2.1489286972966104
229,3,971.1666666666667,203.0,66,True,-1.0742384007970693,-1.0742384007970693,-2.1484768015941387
230,0,955.8333333333334,266.0,66,True,-1.3217454077377904,-1.3217454077377904,-2.6434908154755807
230,1,978.1666666666667,203.0,66,True,-1.0761363627474512,-1.0761363627474512,-2.1522727254949023
230,2,997.8333333333334,341.0,67,True,-1.6327337120632506,-1.6327337120632506,-3.265467424126501
230,3,972.0,203.0,66,True,-1.0744643486483054,-1.0744643486483054,-2.148928697296611
231,0,972.0,203.0,66,True,-1.0744643486483054,-1.0744643486483054,-2.148928697296611
231,1,974.0,323.0,67,True,-1.554367475688343,-1.554367475688343,-3.108734951376686
231,2,965.1666666666667,203.0,66,True,-1.0726115762681707,-1.0726115762681707,-2.1452231525363414
231,3,951.8333333333334,201.0,65,True,-1.061007063111778,-1.061007063111778,-2.122014126223556
232,0,972.0,203.0,66,True,-1.0744643486483052,-1.0744643486483052,-2.1489286972966104
232,1,972.0,203.0,66,True,-1.074464348648305,-1.074464348648305,-2.14892869729661
232,2,963.1666666666667,203.0,66,True,-1.0720693014252045,-1.0720693014252045,-2.144138602850409
232,3,972.0,203.0,66,True,-1.0744643486483054,-1.0744643486483054,-2.148928697296611
233,0,981.1666666666667,203.0,66,True,-1.0769497750119008,-1.0769497750119008,-2.1538995500238016
233,1,949.1666666666667,203.0,66,True,-1.0682733775244408,-1.0682733775244408,-2.1365467550488817
233,2,972.0,203.0,66,True,-1.0744643486483054,-1.0744643486483054,-2.148928697296611
233,3,972.0,203.0,66,True,-1.0744643486483054,-1.0744643486483054,-2.148928697296611
234,0,972.0,203.0,66,True,-1.0744643486483052,-1.0744643486483052,-2.1489286972966104
234,1,954.1666666666667,203.0,66,True,-1.0696290646318563,-1.0696290646318563,-2.1392581292637125
234,2,972.0,203.0,66,True,-1.0744643486483052,-1.0744643486483052,-2.1489286972966104
234,3,972.0,203.0,66,True,-1.074464348648305,-1.074464348648305,-2.14892869729661
235,0,972.0,203.0,66,True,-1.0744643486483056,-1.0744643486483056,-2.1489286972966113
235,1,972.0,203.0,66,True,-1.074464348648305,-1.074464348648305,-2.14892869729661
235,2,972.1666666666667,203.0,66,True,-1.0745095382185523,-1.0745095382185523,-2.1490190764371047
235,3,967.1666666666667,203.0,66,True,-1.0731538511111365,-1.0731538511111365,-2.146307702222273
236,0,972.0,203.0,66,True,-1.0744643486483052,-1.0744643486483052,-2.1489286972966104
236,1,993.1666666666667,203.0,66,True,-1.080203424069698,-1.080203424069698,-2.160406848139396
236,2,966.1666666666667,203.0,66,True,-1.0728827136896535,-1.0728827136896535,-2.145765427379307
236,3,972.0,203.0,66,True,-1.074464348648305,-1.074464348648305,-2.14892869729661
237,0,972.0,203.0,66,True,-1.074464348648305,-1.074464348648305,-2.14892869729661
237,1,972.0,203.0,66,True,-1.074464348648305,-1.074464348648305,-2.14892869729661
237,2,968.1666666666667,203.0,66,True,-1.0734249885326197,-1.0734249885326197,-2.1468499770652394
237,3,972.0,203.0,66,True,-1.0744643486483052,-1.0744643486483052,-2.1489286972966104
238,0,972.1666666666667,203.0,66,True,-1.074509538218552,-1.074509538218552,-2.149019076437104
238,1,976.1666666666667,203.0,66,True,-1.0755940879044854,-1.0755940879044854,-2.151188175808971
238,2,973.1666666666667,203.0,66,True,-1.0747806756400353,-1.0747806756400353,-2.1495613512800706
238,3,972.0,203.0,66,True,-1.0744643486483054,-1.0744643486483054,-2.148928697296611
239,0,964.1666666666667,203.0,66,True,-1.0723404388466873,-1.0723404388466873,-2.1446808776933746
239,1,972.0,203.0,66,True,-1.0744643486483054,-1.0744643486483054,-2.148928697296611
239,2,972.0,203.0,66,True,-1.074464348648305,-1.074464348648305,-2.14892869729661
239,3,971.1666666666667,203.0,66,True,-1.0742384007970691,-1.0742384007970691,-2.1484768015941382
240,0,1003.0000000000001,386.0,69,True,-1.8138949083148144,-1.8138949083148144,-3.6277898166296287
240,1,983.8333333333334,321.0,68,True,-1.5490443127963087,-1.5490443127963087,-3.0980886255926174
240,2,1015.0,441.0,70,True,-2.0368556146296033,-2.0368556146296033,-4.073711229259207
240,3,958.1666666666667,203.0,66,True,-1.0707136143177887,-1.0707136143177887,-2.1414272286355773
241,0,1026.8333333333335,506.0,71,True,-2.299717869057233,-2.299717869057233,-4.599435738114466
241,1,988.0000000000001,386.0,69,True,-1.8098278469925677,-1.8098278469925677,-3.6196556939851354
241,2,960.1666666666667,203.0,66,True,-1.0712558891607549,-1.0712558891607549,-2.1425117783215097
241,3,986.8333333333334,382.0,68,True,-1.7935328249276017,-1.7935328249276017,-3.5870656498552034
242,0,972.0,203.0,66,True,-1.074464348648305,-1.074464348648305,-2.14892869729661
242,1,972.0000000000001,262.0,67,True,-1.3101501009785315,-1.3101501009785315,-2.620300201957063
242,2,976.1666666666667,203.0,66,True,-1.075594087904485,-1.075594087904485,-2.15118817580897
242,3,972.0,203.0,66,True,-1.0744643486483056,-1.0744643486483056,-2.1489286972966113
243,0,972.0,203.0,66,True,-1.0744643486483054,-1.0744643486483054,-2.148928697296611
243,1,972.0,203.0,66,True,-1.0744643486483052,-1.0744643486483052,-2.1489286972966104
243,2,953.1666666666667,203.0,66,True,-1.0693579272103733,-1.0693579272103733,-2.1387158544207465
243,3,972.0,203.0,66,True,-1.0744643486483052,-1.0744643486483052,-2.1489286972966104
244,0,972.0,203.0,66,True,-1.0744643486483052,-1.0744643486483052,-2.1489286972966104
244,1,972.0,203.0,66,True,-1.0744643486483054,-1.0744643486483054,-2.148928697296611
244,2,968.1666666666667,203.0,66,True,-1.0734249885326201,-1.0734249885326201,-2.1468499770652403
244,3,960.1666666666667,203.0,66,True,-1.0712558891607549,-1.0712558891607549,-2.1425117783215097
245,0,972.0,203.0,66,True,-1.074464348648305,-1.074464348648305,-2.14892869729661
245,1,972.0,203.0,66,True,-1.0744643486483054,-1.0744643486483054,-2.148928697296611
245,2,973.1666666666667,203.0,66,True,-1.0747806756400358,-1.0747806756400358,-2.1495613512800715
245,3,972.0,203.0,66,True,-1.074464348648305,-1.074464348648305,-2.14892869729661
246,0,976.1666666666667,203.0,66,True,-1.075594087904485,-1.075594087904485,-2.15118817580897
246,1,1095.1666666666667,450.0,70,True,-2.09454386183328,-2.09454386183328,-4.18908772366656
246,2,971.1666666666667,203.0,66,True,-1.0742384007970696,-1.0742384007970696,-2.148476801594139
246,3,972.0,203.0,66,True,-1.0744643486483052,-1.0744643486483052,-2.1489286972966104
247,0,972.0,203.0,66,True,-1.0744643486483054,-1.0744643486483054,-2.148928697296611
247,1,976.1666666666667,203.0,66,True,-1.075594087904485,-1.075594087904485,-2.15118817580897
247,2,971.1666666666667,203.0,66,True,-1.0742384007970691,-1.0742384007970691,-2.1484768015941382
247,3,972.0,203.0,66,True,-1.074464348648305,-1.074464348648305,-2.14892869729661
248,0,977.1666666666667,203.0,66,True,-1.0758652253259682,-1.0758652253259682,-2.1517304506519364
248,1,976.1666666666667,203.0,66,True,-1.0755940879044847,-1.0755940879044847,-2.1511881758089695
248,2,964.1666666666667,203.0,66,True,-1.0723404388466875,-1.0723404388466875,-2.144680877693375
248,3,968.1666666666667,203.0,66,True,-1.0734249885326201,-1.0734249885326201,-2.1468499770652403
249,0,972.0,203.0,66,True,-1.0744643486483052,-1.0744643486483052,-2.1489286972966104
249,1,972.0,203.0,66,True,-1.0744643486483054,-1.0744643486483054,-2.148928697296611
249,2,958.1666666666667,203.0,66,True,-1.0707136143177893,-1.0707136143177893,-2.1414272286355787
249,3,973.1666666666667,203.0,66,True,-1.0747806756400358,-1.0747806756400358,-2.1495613512800715
250,0,966.1666666666667,203.0,66,True,-1.0728827136896537,-1.0728827136896537,-2.1457654273793074
250,1,972.0,203.0,66,True,-1.0744643486483052,-1.0744643486483052,-2.1489286972966104
250,2,968.1666666666667,203.0,66,True,-1.07342498853262,-1.07342498853262,-2.14684997706524
250,3,972.0,203.0,66,True,-1.0744643486483052,-1.0744643486483052,-2.1489286972966104
251,0,972.0,203.0,66,True,-1.0744643486483052,-1.0744643486483052,-2.1489286972966104
251,1,951.1666666666667,203.0,66,True,-1.068815652367407,-1.068815652367407,-2.137631304734814
251,2,958.1666666666667,203.0,66,True,-1.0707136143177884,-1.0707136143177884,-2.141427228635577
251,3,972.0,203.0,66,True,-1.0744643486483054,-1.0744643486483054,-2.148928697296611
252,0,972.0,203.0,66,True,-1.0744643486483052,-1.0744643486483052,-2.1489286972966104
252,1,974.1666666666667,203.0,66,True,-1.0750518130615192,-1.0750518130615192,-2.1501036261230384
252,2,970.1666666666667,203.0,66,True,-1.0739672633755861,-1.0739672633755861,-2.1479345267511722
252,3,972.0,203.0,66,True,-1.0744643486483052,-1.0744643486483052,-2.1489286972966104
253,0,972.0,203.0,66,True,-1.074464348648305,-1.074464348648305,-2.14892869729661
253,1,972.1666666666667,203.0,66,True,-1.0745095382185523,-1.0745095382185523,-2.1490190764371047
253,2,961.1666666666667,203.0,66,True,-1.071527026582238,-1.071527026582238,-2.143054053164476
253,3,972.0,203.0,66,True,-1.0744643486483052,-1.0744643486483052,-2.1489286972966104
254,0,951.1666666666667,203.0,66,True,-1.0688156523674066,-1.0688156523674066,-2.137631304734813
254,1,966.1666666666667,203.0,66,True,-1.0728827136896537,-1.0728827136896537,-2.1457654273793074
254,2,945.1666666666667,203.0,66,True,-1.0671888278385082,-1.0671888278385082,-2.1343776556770164
254,3,974.1666666666667,203.0,66,True,-1.0750518130615188,-1.0750518130615188,-2.1501036261230375
255,0,963.1666666666667,203.0,66,True,-1.0720693014252043,-1.0720693014252043,-2.1441386028504086
255,1,977.1666666666667,203.0,66,True,-1.075865225325968,-1.075865225325968,-2.151730450651936
255,2,972.0,203.0,66,True,-1.0744643486483054,-1.0744643486483054,-2.148928697296611
255,3,972.0,203.0,66,True,-1.0744643486483052,-1.0744643486483052,-2.1489286972966104
256,0,964.1666666666667,203.0,66,True,-1.0723404388466875,-1.0723404388466875,-2.144680877693375
256,1,969.1666666666667,203.0,66,True,-1.0736961259541031,-1.0736961259541031,-2.1473922519082063
256,2,970.1666666666667,203.0,66,True,-1.0739672633755861,-1.0739672633755861,-2.1479345267511722
256,3,972.0,203.0,66,True,-1.0744643486483054,-1.0744643486483054,-2.148928697296611
257,0,960.1666666666667,203.0,66,True,-1.0712558891607549,-1.0712558891607549,-2.1425117783215097
257,1,963.1666666666667,203.0,66,True,-1.0720693014252043,-1.0720693014252043,-2.1441386028504086
257,2,966.1666666666667,203.0,66,True,-1.0728827136896535,-1.0728827136896535,-2.145765427379307
257,3,972.0,203.0,66,True,-1.0744643486483045,-1.0744643486483045,-2.148928697296609
258,0,972.0,203.0,66,True,-1.0744643486483052,-1.0744643486483052,-2.1489286972966104
258,1,972.0,203.0,66,True,-1.0744643486483052,-1.0744643486483052,-2.1489286972966104
258,2,972.0,203.0,66,True,-1.0744643486483052,-1.0744643486483052,-2.1489286972966104
258,3,1201.3333333333333,558.0,71,True,-2.5547543850581014,-2.5547543850581014,-5.109508770116203
259,0,972.0,203.0,66,True,-1.0744643486483054,-1.0744643486483054,-2.148928697296611
259,1,972.1666666666667,203.0,66,True,-1.0745095382185523,-1.0745095382185523,-2.1490190764371047
259,2,972.0,203.0,66,True,-1.0744643486483052,-1.0744643486483052,-2.1489286972966104
259,3,972.0,203.0,66,True,-1.0744643486483054,-1.0744643486483054,-2.148928697296611
260,0,968.1666666666667,203.0,66,True,-1.0734249885326197,-1.0734249885326197,-2.1468499770652394
260,1,963.1666666666667,203.0,66,True,-1.0720693014252045,-1.0720693014252045,-2.144138602850409
260,2,972.0,203.0,66,True,-1.074464348648305,-1.074464348648305,-2.14892869729661
260,3,968.1666666666667,203.0,66,True,-1.07342498853262,-1.07342498853262,-2.14684997706524
261,0,972.0,203.0,66,True,-1.074464348648305,-1.074464348648305,-2.14892869729661
261,1,972.0,203.0,66,True,-1.0744643486483052,-1.0744643486483052,-2.1489286972966104
261,2,972.0,203.0,66,True,-1.0744643486483052,-1.0744643486483052,-2.1489286972966104
261,3,972.0,203.0,66,True,-1.0744643486483054,-1.0744643486483054,-2.148928697296611
262,0,1188.3333333333333,558.0,72,True,-2.551229598578821,-2.551229598578821,-5.102459197157642
262,1,972.0,203.0,66,True,-1.0744643486483052,-1.0744643486483052,-2.1489286972966104
262,2,1116.5,505.0,70,True,-2.3200351840819105,-2.3200351840819105,-4.640070368163821
262,3,1129.0,570.0,71,True,-2.5830781967905296,-2.5830781967905296,-5.166156393581059
263,0,972.0,203.0,66,True,-1.0744643486483054,-1.0744643486483054,-2.148928697296611
263,1,1117.3333333333335,507.0,71,True,-2.328250479469765,-2.328250479469765,-4.65650095893953
263,2,965.0,203.0,66,True,-1.0725663866979231,-1.0725663866979231,-2.1451327733958463
263,3,972.0,203.0,66,True,-1.0744643486483052,-1.0744643486483052,-2.1489286972966104
264,0,972.0,203.0,66,True,-1.0744643486483052,-1.0744643486483052,-2.1489286972966104
264,1,1093.0,450.0,70,True,-2.0939563974200666,-2.0939563974200666,-4.187912794840133
264,2,939.8333333333334,201.0,65,True,-1.0577534140539806,-1.0577534140539806,-2.115506828107961
264,3,936.1666666666667,203.0,66,True,-1.06474859104516,-1.06474859104516,-2.12949718209032
265,0,972.0,203.0,66,True,-1.0744643486483054,-1.0744643486483054,-2.148928697296611
265,1,972.0,203.0,66,True,-1.0744643486483052,-1.0744643486483052,-2.1489286972966104
265,2,944.1666666666667,203.0,66,True,-1.0669176904170252,-1.0669176904170252,-2.1338353808340504
265,3,972.0,203.0,66,True,-1.074464348648305,-1.074464348648305,-2.14892869729661
266,0,938.0,203.0,66,True,-1.0652456763178793,-1.0652456763178793,-2.1304913526357585
266,1,1059.1666666666667,321.0,67,True,-1.5694699985480365,-1.5694699985480365,-3.138939997096073
266,2,1008.0,323.0,68,True,-1.563586148018768,-1.563586148018768,-3.127172296037536
266,3,1058.0,494.0,70,True,-2.2602322334737504,-2.2602322334737504,-4.520464466947501
267,0,961.1666666666667,203.0,66,True,-1.0715270265822379,-1.0715270265822379,-2.1430540531644757
267,1,973.1666666666667,203.0,66,True,-1.0747806756400355,-1.0747806756400355,-2.149561351280071
267,2,1132.1666666666667,570.0,72,True,-2.583936798625226,-2.583936798625226,-5.167873597250452
267,3,972.0,203.0,66,True,-1.0744643486483054,-1.0744643486483054,-2.148928697296611
268,0,972.0,203.0,66,True,-1.0744643486483056,-1.0744643486483056,-2.1489286972966113
268,1,958.1666666666667,203.0,66,True,-1.0707136143177887,-1.0707136143177887,-2.1414272286355773
268,2,960.1666666666667,203.0,66,True,-1.071255889160755,-1.071255889160755,-2.14251177832151
268,3,972.0,203.0,66,True,-1.0744643486483052,-1.0744643486483052,-2.1489286972966104
269,0,972.0,203.0,66,True,-1.0744643486483052,-1.0744643486483052,-2.1489286972966104
269,1,972.0,203.0,66,True,-1.0744643486483052,-1.0744643486483052,-2.1489286972966104
269,2,972.0,203.0,66,True,-1.0744643486483052,-1.0744643486483052,-2.1489286972966104
269,3,963.1666666666667,203.0,66,True,-1.0720693014252043,-1.0720693014252043,-2.1441386028504086
270,0,972.0,203.0,66,True,-1.0744643486483052,-1.0744643486483052,-2.1489286972966104
270,1,972.0,203.0,66,True,-1.0744643486483052,-1.0744643486483052,-2.1489286972966104
270,2,972.0,203.0,66,True,-1.0744643486483052,-1.0744643486483052,-2.1489286972966104
270,3,972.0,203.0,66,True,-1.0744643486483052,-1.0744643486483052,-2.1489286972966104
271,0,972.0,203.0,66,True,-1.0744643486483052,-1.0744643486483052,-2.1489286972966104
271,1,967.1666666666667,203.0,66,True,-1.0731538511111374,-1.0731538511111374,-2.1463077022222747
271,2,969.1666666666667,203.0,66,True,-1.073696125954103,-1.073696125954103,-2.147392251908206
271,3,965.1666666666667,203.0,66,True,-1.0726115762681707,-1.0726115762681707,-2.1452231525363414
272,0,972.0,203.0,66,True,-1.0744643486483052,-1.0744643486483052,-2.1489286972966104
272,1,972.0,203.0,66,True,-1.0744643486483052,-1.0744643486483052,-2.1489286972966104
272,2,972.0,203.0,66,True,-1.0744643486483052,-1.0744643486483052,-2.1489286972966104
272,3,972.0,203.0,66,True,-1.0744643486483052,-1.0744643486483052,-2.1489286972966104
273,0,972.0,203.0,66,True,-1.0744643486483052,-1.0744643486483052,-2.1489286972966104
273,1,972.0,203.0,66,True,-1.0744643486483054,-1.0744643486483054,-2.148928697296611
273,2,967.1666666666667,203.0,66,True,-1.073153851111137,-1.073153851111137,-2.146307702222274
273,3,972.0,203.0,66,True,-1.0744643486483052,-1.0744643486483052,-2.1489286972966104
274,0,964.1666666666667,203.0,66,True,-1.0723404388466875,-1.0723404388466875,-2.144680877693375
274,1,972.0,203.0,66,True,-1.0744643486483052,-1.0744643486483052,-2.1489286972966104
274,2,972.0,203.0,66,True,-1.0744643486483052,-1.0744643486483052,-2.1489286972966104
274,3,972.0,203.0,66,True,-1.0744643486483054,-1.0744643486483054,-2.148928697296611
275,0,962.8333333333334,201.0,65,True,-1.0639895747480923,-1.0639895747480923,-2.1279791494961846
275,1,972.0,203.0,66,True,-1.0744643486483054,-1.0744643486483054,-2.148928697296611
275,2,972.0,203.0,66,True,-1.0744643486483052,-1.0744643486483052,-2.1489286972966104
275,3,970.1666666666667,203.0,66,True,-1.0739672633755863,-1.0739672633755863,-2.1479345267511727
276,0,968.1666666666667,203.0,66,True,-1.0734249885326201,-1.0734249885326201,-2.1468499770652403
276,1,972.0,203.0,66,True,-1.0744643486483054,-1.0744643486483054,-2.148928697296611
276,2,972.0,203.0,66,True,-1.0744643486483052,-1.0744643486483052,-2.1489286972966104
276,3,972.0,203.0,66,True,-1.0744643486483052,-1.0744643486483052,-2.1489286972966104
277,0,979.1666666666667,203.0,66,True,-1.076407500168934,-1.076407500168934,-2.152815000337868
277,1,972.0,203.0,66,True,-1.0744643486483054,-1.0744643486483054,-2.148928697296611
277,2,969.1666666666667,203.0,66,True,-1.0736961259541031,-1.0736961259541031,-2.1473922519082063
277,3,957.1666666666667,203.0,66,True,-1.0704424768963057,-1.0704424768963057,-2.1408849537926113
278,0,972.0,203.0,66,True,-1.0744643486483052,-1.0744643486483052,-2.1489286972966104
278,1,970.1666666666667,203.0,66,True,-1.073967263375586,-1.073967263375586,-2.147934526751172
278,2,977.1666666666667,203.0,66,True,-1.0758652253259684,-1.0758652253259684,-2.151730450651937
278,3,972.0,203.0,66,True,-1.0744643486483054,-1.0744643486483054,-2.148928697296611
279,0,972.0,203.0,66,True,-1.074464348648305,-1.074464348648305,-2.14892869729661
279,1,964.1666666666667,203.0,66,True,-1.0723404388466875,-1.0723404388466875,-2.144680877693375
279,2,961.1666666666667,203.0,66,True,-1.071527026582238,-1.071527026582238,-2.143054053164476
279,3,977.1666666666667,203.0,66,True,-1.0758652253259682,-1.0758652253259682,-2.1517304506519364
280,0,972.0,203.0,66,True,-1.0744643486483052,-1.0744643486483052,-2.1489286972966104
280,1,976.1666666666667,203.0,66,True,-1.075594087904485,-1.075594087904485,-2.15118817580897
280,2,972.0,203.0,66,True,-1.0744643486483052,-1.0744643486483052,-2.1489286972966104
280,3,978.1666666666667,203.0,66,True,-1.0761363627474512,-1.0761363627474512,-2.1522727254949023
281,0,963.1666666666667,203.0,66,True,-1.0720693014252045,-1.0720693014252045,-2.144138602850409
281,1,972.1666666666667,203.0,66,True,-1.0745095382185523,-1.0745095382185523,-2.1490190764371047
281,2,972.0,203.0,66,True,-1.0744643486483052,-1.0744643486483052,-2.1489286972966104
281,3,960.1666666666667,203.0,66,True,-1.071255889160755,-1.071255889160755,-2.14251177832151
282,0,966.1666666666667,203.0,66,True,-1.072882713689654,-1.072882713689654,-2.145765427379308
282,1,972.0,203.0,66,True,-1.0744643486483054,-1.0744643486483054,-2.148928697296611
282,2,972.0,203.0,66,True,-1.0744643486483054,-1.0744643486483054,-2.148928697296611
282,3,963.1666666666667,203.0,66,True,-1.0720693014252045,-1.0720693014252045,-2.144138602850409
283,0,972.0,203.0,66,True,-1.074464348648305,-1.074464348648305,-2.14892869729661
283,1,1031.0,321.0,67,True,-1.5618329611762625,-1.5618329611762625,-3.123665922352525
283,2,969.1666666666667,203.0,66,True,-1.073696125954103,-1.073696125954103,-2.147392251908206
283,3,968.1666666666667,203.0,66,True,-1.07342498853262,-1.07342498853262,-2.14684997706524
284,0,966.1666666666667,203.0,66,True,-1.0728827136896537,-1.0728827136896537,-2.1457654273793074
284,1,965.0,203.0,66,True,-1.0725663866979234,-1.0725663866979234,-2.1451327733958467
284,2,973.1666666666667,203.0,66,True,-1.0747806756400355,-1.0747806756400355,-2.149561351280071
284,3,972.0,203.0,66,True,-1.0744643486483048,-1.0744643486483048,-2.1489286972966095
285,0,972.0,203.0,66,True,-1.0744643486483048,-1.0744643486483048,-2.1489286972966095
285,1,961.1666666666667,203.0,66,True,-1.071527026582238,-1.071527026582238,-2.143054053164476
285,2,972.0,203.0,66,True,-1.0744643486483052,-1.0744643486483052,-2.1489286972966104
285,3,967.1666666666667,203.0,66,True,-1.073153851111137,-1.073153851111137,-2.146307702222274
286,0,972.0,203.0,66,True,-1.074464348648305,-1.074464348648305,-2.14892869729661
286,1,977.1666666666667,203.0,66,True,-1.0758652253259677,-1.0758652253259677,-2.1517304506519355
286,2,972.0,203.0,66,True,-1.0744643486483052,-1.0744643486483052,-2.1489286972966104
286,3,972.0,203.0,66,True,-1.0744643486483054,-1.0744643486483054,-2.148928697296611
287,0,972.0,203.0,66,True,-1.0744643486483052,-1.0744643486483052,-2.1489286972966104
287,1,972.0,203.0,66,True,-1.074464348648305,-1.074464348648305,-2.14892869729661
287,2,972.0,203.0,66,True,-1.0744643486483052,-1.0744643486483052,-2.1489286972966104
287,3,972.0,203.0,66,True,-1.0744643486483052,-1.0744643486483052,-2.1489286972966104
288,0,972.0,203.0,66,True,-1.074464348648305,-1.074464348648305,-2.14892869729661
288,1,968.1666666666667,203.0,66,True,-1.0734249885326204,-1.0734249885326204,-2.1468499770652407
288,2,976.1666666666667,203.0,66,True,-1.0755940879044852,-1.0755940879044852,-2.1511881758089704
288,3,972.0,203.0,66,True,-1.0744643486483054,-1.0744643486483054,-2.148928697296611
289,0,972.0,203.0,66,True,-1.0744643486483048,-1.0744643486483048,-2.1489286972966095
289,1,972.0,203.0,66,True,-1.0744643486483054,-1.0744643486483054,-2.148928697296611
289,2,972.0,203.0,66,True,-1.074464348648305,-1.074464348648305,-2.14892869729661
289,3,965.1666666666667,203.0,66,True,-1.0726115762681707,-1.0726115762681707,-2.1452231525363414
290,0,972.0,203.0,66,True,-1.0744643486483054,-1.0744643486483054,-2.148928697296611
290,1,976.1666666666667,203.0,66,True,-1.075594087904485,-1.075594087904485,-2.15118817580897
290,2,972.0,203.0,66,True,-1.0744643486483052,-1.0744643486483052,-2.1489286972966104
290,3,972.0,203.0,66,True,-1.0744643486483052,-1.0744643486483052,-2.1489286972966104
291,0,972.0,203.0,66,True,-1.0744643486483054,-1.0744643486483054,-2.148928697296611
291,1,963.1666666666667,203.0,66,True,-1.0720693014252043,-1.0720693014252043,-2.1441386028504086
291,2,964.1666666666667,203.0,66,True,-1.0723404388466877,-1.0723404388466877,-2.1446808776933755
291,3,972.0,203.0,66,True,-1.0744643486483052,-1.0744643486483052,-2.1489286972966104
292,0,969.1666666666667,203.0,66,True,-1.073696125954103,-1.073696125954103,-2.147392251908206
292,1,972.0,203.0,66,True,-1.0744643486483052,-1.0744643486483052,-2.1489286972966104
292,2,976.1666666666667,203.0,66,True,-1.0755940879044852,-1.0755940879044852,-2.1511881758089704
292,3,972.0,203.0,66,True,-1.0744643486483052,-1.0744643486483052,-2.1489286972966104
293,0,972.0,203.0,66,True,-1.0744643486483054,-1.0744643486483054,-2.148928697296611
293,1,956.1666666666667,203.0,66,True,-1.0701713394748225,-1.0701713394748225,-2.140342678949645
293,2,972.0,203.0,66,True,-1.0744643486483052,-1.0744643486483052,-2.1489286972966104
293,3,965.1666666666667,203.0,66,True,-1.0726115762681705,-1.0726115762681705,-2.145223152536341
294,0,966.1666666666667,203.0,66,True,-1.072882713689654,-1.072882713689654,-2.145765427379308
294,1,965.1666666666667,203.0,66,True,-1.0726115762681707,-1.0726115762681707,-2.1452231525363414
294,2,972.0,203.0,66,True,-1.0744643486483052,-1.0744643486483052,-2.1489286972966104
294,3,972.0,203.0,66,True,-1.0744643486483054,-1.0744643486483054,-2.148928697296611
295,0,976.1666666666667,203.0,66,True,-1.075594087904485,-1.075594087904485,-2.15118817580897
295,1,972.1666666666667,203.0,66,True,-1.0745095382185523,-1.0745095382185523,-2.1490190764371047
295,2,972.0,203.0,66,True,-1.074464348648305,-1.074464348648305,-2.14892869729661
295,3,972.0,203.0,66,True,-1.0744643486483054,-1.0744643486483054,-2.148928697296611
296,0,974.1666666666667,203.0,66,True,-1.0750518130615185,-1.0750518130615185,-2.150103626123037
296,1,972.0,203.0,66,True,-1.0744643486483052,-1.0744643486483052,-2.1489286972966104
296,2,972.0,203.0,66,True,-1.0744643486483052,-1.0744643486483052,-2.1489286972966104
296,3,972.0,203.0,66,True,-1.0744643486483054,-1.0744643486483054,-2.148928697296611
297,0,972.0,203.0,66,True,-1.0744643486483056,-1.0744643486483056,-2.1489286972966113
297,1,972.0,203.0,66,True,-1.0744643486483054,-1.0744643486483054,-2.148928697296611
297,2,972.0,203.0,66,True,-1.0744643486483052,-1.0744643486483052,-2.1489286972966104
297,3,972.0,203.0,66,True,-1.0744643486483054,-1.0744643486483054,-2.148928697296611
298,0,966.1666666666667,203.0,66,True,-1.0728827136896537,-1.0728827136896537,-2.1457654273793074
298,1,972.0,203.0,66,True,-1.0744643486483054,-1.0744643486483054,-2.148928697296611
298,2,978.1666666666667,203.0,66,True,-1.0761363627474512,-1.0761363627474512,-2.1522727254949023
298,3,969.1666666666667,203.0,66,True,-1.0736961259541031,-1.0736961259541031,-2.1473922519082063
299,0,971.1666666666667,203.0,66,True,-1.0742384007970696,-1.0742384007970696,-2.148476801594139
299,1,972.0,203.0,66,True,-1.0744643486483052,-1.0744643486483052,-2.1489286972966104
299,2,972.0,203.0,66,True,-1.0744643486483054,-1.0744643486483054,-2.148928697296611
299,3,972.0,203.0,66,True,-1.0744643486483052,-1.0744643486483052,-2.1489286972966104
300,0,971.1666666666667,203.0,66,True,-1.0742384007970693,-1.0742384007970693,-2.1484768015941387
300,1,972.0,203.0,66,True,-1.0744643486483054,-1.0744643486483054,-2.148928697296611
300,2,972.0,203.0,66,True,-1.0744643486483052,-1.0744643486483052,-2.1489286972966104
300,3,974.1666666666667,203.0,66,True,-1.075051813061519,-1.075051813061519,-2.150103626123038
301,0,972.0,203.0,66,True,-1.074464348648305,-1.074464348648305,-2.14892869729661
301,1,973.1666666666667,203.0,66,True,-1.0747806756400355,-1.0747806756400355,-2.149561351280071
301,2,972.0,203.0,66,True,-1.0744643486483054,-1.0744643486483054,-2.148928697296611
301,3,972.0,203.0,66,True,-1.0744643486483054,-1.0744643486483054,-2.148928697296611
302,0,976.1666666666667,203.0,66,True,-1.0755940879044854,-1.0755940879044854,-2.151188175808971
302,1,972.0,203.0,66,True,-1.0744643486483054,-1.0744643486483054,-2.148928697296611
302,2,972.0,203.0,66,True,-1.0744643486483054,-1.0744643486483054,-2.148928697296611
302,3,970.1666666666667,203.0,66,True,-1.0739672633755863,-1.0739672633755863,-2.1479345267511727
303,0,972.0,203.0,66,True,-1.0744643486483056,-1.0744643486483056,-2.1489286972966113
303,1,974.1666666666667,203.0,66,True,-1.075051813061519,-1.075051813061519,-2.150103626123038
303,2,972.0,203.0,66,True,-1.074464348648305,-1.074464348648305,-2.14892869729661
303,3,972.0,203.0,66,True,-1.0744643486483052,-1.0744643486483052,-2.1489286972966104
304,0,976.1666666666667,262.0,67,True,-1.3112798402347117,-1.3112798402347117,-2.6225596804694233
304,1,1049.0,386.0,69,True,-1.8263672297030382,-1.8263672297030382,-3.6527344594060764
304,2,955.1666666666667,203.0,66,True,-1.0699002020533395,-1.0699002020533395,-2.139800404106679
304,3,963.1666666666667,203.0,66,True,-1.0720693014252043,-1.0720693014252043,-2.1441386028504086
305,0,1023.1666666666667,386.0,68,True,-1.8193628463147242,-1.8193628463147242,-3.6387256926294484
305,1,1006.0,386.0,69,True,-1.814708320579264,-1.814708320579264,-3.629416641158528
305,2,1024.0,386.0,69,True,-1.8195887941659603,-1.8195887941659603,-3.6391775883319206
305,3,961.1666666666667,203.0,66,True,-1.071527026582238,-1.071527026582238,-2.143054053164476
306,0,972.0,203.0,66,True,-1.0744643486483054,-1.0744643486483054,-2.148928697296611
306,1,952.1666666666667,203.0,66,True,-1.06908678978889,-1.06908678978889,-2.13817357957778
306,2,957.1666666666667,203.0,66,True,-1.070442476896306,-1.070442476896306,-2.140884953792612
306,3,972.0,203.0,66,True,-1.0744643486483054,-1.0744643486483054,-2.148928697296611
307,0,1067.0,386.0,69,True,-1.831247703289734,-1.831247703289734,-3.662495406579468
307,1,988.0,203.0,66,True,-1.0788025473920353,-1.0788025473920353,-2.1576050947840706
307,2,972.0,203.0,66,True,-1.0744643486483056,-1.0744643486483056,-2.1489286972966113
307,3,964.1666666666667,262.0,67,True,-1.3080261911769138,-1.3080261911769138,-2.6160523823538275
308,0,972.0,203.0,66,True,-1.0744643486483052,-1.0744643486483052,-2.1489286972966104
308,1,970.1666666666667,203.0,66,True,-1.0739672633755863,-1.0739672633755863,-2.1479345267511727
308,2,972.0,203.0,66,True,-1.0744643486483052,-1.0744643486483052,-2.1489286972966104
308,3,971.1666666666667,203.0,66,True,-1.0742384007970693,-1.0742384007970693,-2.1484768015941387
309,0,972.1666666666667,203.0,66,True,-1.0745095382185526,-1.0745095382185526,-2.149019076437105
309,1,972.0,203.0,66,True,-1.0744643486483052,-1.0744643486483052,-2.1489286972966104
309,2,964.1666666666667,203.0,66,True,-1.0723404388466873,-1.0723404388466873,-2.1446808776933746
309,3,972.0,203.0,66,True,-1.0744643486483054,-1.0744643486483054,-2.148928697296611
310,0,972.0,203.0,66,True,-1.0744643486483054,-1.0744643486483054,-2.148928697296611
310,1,972.0,203.0,66,True,-1.0744643486483052,-1.0744643486483052,-2.1489286972966104
310,2,972.0,203.0,66,True,-1.074464348648305,-1.074464348648305,-2.14892869729661
310,3,972.0,203.0,66,True,-1.0744643486483054,-1.0744643486483054,-2.148928697296611
311,0,954.1666666666667,203.0,66,True,-1.0696290646318565,-1.0696290646318565,-2.139258129263713
311,1,949.1666666666667,203.0,66,True,-1.068273377524441,-1.068273377524441,-2.136546755048882
311,2,966.1666666666667,203.0,66,True,-1.0728827136896537,-1.0728827136896537,-2.1457654273793074
311,3,966.1666666666667,203.0,66,True,-1.0728827136896542,-1.0728827136896542,-2.1457654273793083
312,0,969.1666666666667,203.0,66,True,-1.0736961259541027,-1.0736961259541027,-2.1473922519082054
312,1,968.1666666666667,203.0,66,True,-1.0734249885326197,-1.0734249885326197,-2.1468499770652394
312,2,972.0,203.0,66,True,-1.0744643486483056,-1.0744643486483056,-2.1489286972966113
312,3,964.1666666666667,203.0,66,True,-1.072340438846688,-1.072340438846688,-2.144680877693376
313,0,972.0,203.0,66,True,-1.074464348648305,-1.074464348648305,-2.14892869729661
313,1,965.1666666666667,203.0,66,True,-1.0726115762681705,-1.0726115762681705,-2.145223152536341
313,2,972.0,203.0,66,True,-1.0744643486483052,-1.0744643486483052,-2.1489286972966104
313,3,972.0,203.0,66,True,-1.0744643486483052,-1.0744643486483052,-2.1489286972966104
314,0,971.1666666666667,203.0,66,True,-1.0742384007970693,-1.0742384007970693,-2.1484768015941387
314,1,964.1666666666667,203.0,66,True,-1.0723404388466875,-1.0723404388466875,-2.144680877693375
314,2,972.0,203.0,66,True,-1.0744643486483054,-1.0744643486483054,-2.148928697296611
314,3,972.0,203.0,66,True,-1.0744643486483052,-1.0744643486483052,-2.1489286972966104
315,0,972.0,203.0,66,True,-1.0744643486483052,-1.0744643486483052,-2.1489286972966104
315,1,972.0,203.0,66,True,-1.074464348648305,-1.074464348648305,-2.14892869729661
315,2,961.1666666666667,203.0,66,True,-1.071527026582238,-1.071527026582238,-2.143054053164476
315,3,972.0,203.0,66,True,-1.0744643486483052,-1.0744643486483052,-2.1489286972966104
316,0,972.0,203.0,66,True,-1.0744643486483054,-1.0744643486483054,-2.148928697296611
316,1,972.0,203.0,66,True,-1.0744643486483054,-1.0744643486483054,-2.148928697296611
316,2,972.0,203.0,66,True,-1.0744643486483054,-1.0744643486483054,-2.148928697296611
316,3,969.1666666666667,203.0,66,True,-1.0736961259541031,-1.0736961259541031,-2.1473922519082063
317,0,972.0,203.0,66,True,-1.0744643486483056,-1.0744643486483056,-2.1489286972966113
317,1,972.0,203.0,66,True,-1.0744643486483056,-1.0744643486483056,-2.1489286972966113
317,2,972.0,203.0,66,True,-1.0744643486483052,-1.0744643486483052,-2.1489286972966104
317,3,972.0,203.0,66,True,-1.074464348648305,-1.074464348648305,-2.14892869729661
318,0,972.0,203.0,66,True,-1.0744643486483056,-1.0744643486483056,-2.1489286972966113
318,1,968.1666666666667,203.0,66,True,-1.0734249885326204,-1.0734249885326204,-2.1468499770652407
318,2,960.1666666666667,203.0,66,True,-1.0712558891607549,-1.0712558891607549,-2.1425117783215097
318,3,963.1666666666667,203.0,66,True,-1.0720693014252045,-1.0720693014252045,-2.144138602850409
319,0,976.1666666666667,203.0,66,True,-1.0755940879044854,-1.0755940879044854,-2.151188175808971
319,1,972.0,203.0,66,True,-1.0744643486483056,-1.0744643486483056,-2.1489286972966113
319,2,972.0,203.0,66,True,-1.0744643486483054,-1.0744643486483054,-2.148928697296611
319,3,972.0,203.0,66,True,-1.0744643486483054,-1.0744643486483054,-2.148928697296611
320,0,972.0,203.0,66,True,-1.0744643486483054,-1.0744643486483054,-2.148928697296611
320,1,972.0,203.0,66,True,-1.074464348648305,-1.074464348648305,-2.14892869729661
320,2,972.0,203.0,66,True,-1.0744643486483056,-1.0744643486483056,-2.1489286972966113
320,3,971.1666666666667,203.0,66,True,-1.0742384007970693,-1.0742384007970693,-2.1484768015941387
321,0,972.0,203.0,66,True,-1.0744643486483052,-1.0744643486483052,-2.1489286972966104
321,1,966.1666666666667,203.0,66,True,-1.072882713689654,-1.072882713689654,-2.145765427379308
321,2,972.0,203.0,66,True,-1.074464348648305,-1.074464348648305,-2.14892869729661
321,3,972.0,203.0,66,True,-1.0744643486483054,-1.0744643486483054,-2.148928697296611
322,0,972.0,203.0,66,True,-1.0744643486483056,-1.0744643486483056,-2.1489286972966113
322,1,972.0,203.0,66,True,-1.074464348648305,-1.074464348648305,-2.14892869729661
322,2,972.0,203.0,66,True,-1.0744643486483052,-1.0744643486483052,-2.1489286972966104
322,3,972.0,203.0,66,True,-1.0744643486483052,-1.0744643486483052,-2.1489286972966104
323,0,970.1666666666667,203.0,66,True,-1.0739672633755866,-1.0739672633755866,-2.147934526751173
323,1,961.1666666666667,203.0,66,True,-1.0715270265822383,-1.0715270265822383,-2.1430540531644766
323,2,970.1666666666667,203.0,66,True,-1.0739672633755861,-1.0739672633755861,-2.1479345267511722
323,3,972.0,203.0,66,True,-1.074464348648305,-1.074464348648305,-2.14892869729661
324,0,972.0,203.0,66,True,-1.074464348648305,-1.074464348648305,-2.14892869729661
324,1,972.0,203.0,66,True,-1.0744643486483052,-1.0744643486483052,-2.1489286972966104
324,2,972.0,203.0,66,True,-1.0744643486483052,-1.0744643486483052,-2.1489286972966104
324,3,966.1666666666667,203.0,66,True,-1.072882713689654,-1.072882713689654,-2.145765427379308
325,0,966.1666666666667,203.0,66,True,-1.072882713689654,-1.072882713689654,-2.145765427379308
325,1,972.0,203.0,66,True,-1.0744643486483054,-1.0744643486483054,-2.148928697296611
325,2,972.0,203.0,66,True,-1.074464348648305,-1.074464348648305,-2.14892869729661
325,3,972.0,203.0,66,True,-1.0744643486483056,-1.0744643486483056,-2.1489286972966113
326,0,962.1666666666667,203.0,66,True,-1.071798164003721,-1.071798164003721,-2.143596328007442
326,1,968.1666666666667,203.0,66,True,-1.0734249885326201,-1.0734249885326201,-2.1468499770652403
326,2,972.0,203.0,66,True,-1.074464348648305,-1.074464348648305,-2.14892869729661
326,3,972.0,203.0,66,True,-1.0744643486483052,-1.0744643486483052,-2.1489286972966104
327,0,972.0,203.0,66,True,-1.0744643486483052,-1.0744643486483052,-2.1489286972966104
327,1,972.0,203.0,66,True,-1.0744643486483054,-1.0744643486483054,-2.148928697296611
327,2,972.0,203.0,66,True,-1.074464348648305,-1.074464348648305,-2.14892869729661
327,3,964.1666666666667,203.0,66,True,-1.0723404388466875,-1.0723404388466875,-2.144680877693375
328,0,966.1666666666667,203.0,66,True,-1.0728827136896537,-1.0728827136896537,-2.1457654273793074
328,1,964.1666666666667,203.0,66,True,-1.0723404388466875,-1.0723404388466875,-2.144680877693375
328,2,972.0,203.0,66,True,-1.0744643486483056,-1.0744643486483056,-2.1489286972966113
328,3,972.0,203.0,66,True,-1.0744643486483052,-1.0744643486483052,-2.1489286972966104
329,0,972.0,203.0,66,True,-1.0744643486483056,-1.0744643486483056,-2.1489286972966113
329,1,972.0,203.0,66,True,-1.0744643486483054,-1.0744643486483054,-2.148928697296611
329,2,972.0,203.0,66,True,-1.0744643486483054,-1.0744643486483054,-2.148928697296611
329,3,972.0,203.0,66,True,-1.0744643486483052,-1.0744643486483052,-2.1489286972966104
330,0,978.1666666666667,203.0,66,True,-1.0761363627474512,-1.0761363627474512,-2.1522727254949023
330,1,972.0,203.0,66,True,-1.0744643486483052,-1.0744643486483052,-2.1489286972966104
330,2,972.0,203.0,66,True,-1.0744643486483054,-1.0744643486483054,-2.148928697296611
330,3,970.1666666666667,203.0,66,True,-1.0739672633755861,-1.0739672633755861,-2.1479345267511722
331,0,972.0,203.0,66,True,-1.074464348648305,-1.074464348648305,-2.14892869729661
331,1,972.0,203.0,66,True,-1.0744643486483052,-1.0744643486483052,-2.1489286972966104
331,2,966.1666666666667,203.0,66,True,-1.0728827136896535,-1.0728827136896535,-2.145765427379307
331,3,972.0,203.0,66,True,-1.0744643486483056,-1.0744643486483056,-2.1489286972966113
332,0,972.0,203.0,66,True,-1.0744643486483056,-1.0744643486483056,-2.1489286972966113
332,1,972.0,203.0,66,True,-1.0744643486483056,-1.0744643486483056,-2.1489286972966113
332,2,972.0,203.0,66,True,-1.0744643486483054,-1.0744643486483054,-2.148928697296611
332,3,972.0,203.0,66,True,-1.0744643486483054,-1.0744643486483054,-2.148928697296611
333,0,972.0,203.0,66,True,-1.0744643486483052,-1.0744643486483052,-2.1489286972966104
333,1,976.1666666666667,203.0,66,True,-1.075594087904485,-1.075594087904485,-2.15118817580897
333,2,972.0,203.0,66,True,-1.0744643486483052,-1.0744643486483052,-2.1489286972966104
333,3,972.0,203.0,66,True,-1.0744643486483056,-1.0744643486483056,-2.1489286972966113
334,0,964.1666666666667,203.0,66,True,-1.0723404388466875,-1.0723404388466875,-2.144680877693375
334,1,963.1666666666667,203.0,66,True,-1.0720693014252043,-1.0720693014252043,-2.1441386028504086
334,2,972.0,203.0,66,True,-1.0744643486483054,-1.0744643486483054,-2.148928697296611
334,3,972.0,203.0,66,True,-1.0744643486483054,-1.0744643486483054,-2.148928697296611
335,0,972.0,203.0,66,True,-1.0744643486483056,-1.0744643486483056,-2.1489286972966113
335,1,972.0,203.0,66,True,-1.0744643486483052,-1.0744643486483052,-2.1489286972966104
335,2,972.0,203.0,66,True,-1.0744643486483052,-1.0744643486483052,-2.1489286972966104
335,3,972.0,203.0,66,True,-1.0744643486483056,-1.0744643486483056,-2.1489286972966113
336,0,972.0,203.0,66,True,-1.0744643486483054,-1.0744643486483054,-2.148928697296611
336,1,972.0,203.0,66,True,-1.0744643486483054,-1.0744643486483054,-2.148928697296611
336,2,972.0,203.0,66,True,-1.0744643486483054,-1.0744643486483054,-2.148928697296611
336,3,972.0,203.0,66,True,-1.0744643486483054,-1.0744643486483054,-2.148928697296611
337,0,972.0,203.0,66,True,-1.0744643486483054,-1.0744643486483054,-2.148928697296611
337,1,972.0,203.0,66,True,-1.0744643486483052,-1.0744643486483052,-2.1489286972966104
337,2,972.0,203.0,66,True,-1.0744643486483052,-1.0744643486483052,-2.1489286972966104
337,3,972.0,203.0,66,True,-1.0744643486483052,-1.0744643486483052,-2.1489286972966104
338,0,976.1666666666667,203.0,66,True,-1.0755940879044852,-1.0755940879044852,-2.1511881758089704
338,1,972.0,203.0,66,True,-1.0744643486483056,-1.0744643486483056,-2.1489286972966113
338,2,965.1666666666667,203.0,66,True,-1.0726115762681707,-1.0726115762681707,-2.1452231525363414
338,3,972.0,203.0,66,True,-1.0744643486483052,-1.0744643486483052,-2.1489286972966104
339,0,972.0,203.0,66,True,-1.0744643486483052,-1.0744643486483052,-2.1489286972966104
339,1,970.1666666666667,203.0,66,True,-1.0739672633755861,-1.0739672633755861,-2.1479345267511722
339,2,963.1666666666667,203.0,66,True,-1.0720693014252045,-1.0720693014252045,-2.144138602850409
339,3,961.1666666666667,203.0,66,True,-1.0715270265822379,-1.0715270265822379,-2.1430540531644757
340,0,972.0,203.0,66,True,-1.0744643486483052,-1.0744643486483052,-2.1489286972966104
340,1,972.0,203.0,66,True,-1.0744643486483052,-1.0744643486483052,-2.1489286972966104
340,2,960.1666666666667,203.0,66,True,-1.0712558891607546,-1.0712558891607546,-2.1425117783215093
340,3,972.0,203.0,66,True,-1.0744643486483056,-1.0744643486483056,-2.1489286972966113
341,0,972.0,203.0,66,True,-1.0744643486483054,-1.0744643486483054,-2.148928697296611
341,1,972.0,203.0,66,True,-1.0744643486483052,-1.0744643486483052,-2.1489286972966104
341,2,958.1666666666667,203.0,66,True,-1.0707136143177887,-1.0707136143177887,-2.1414272286355773
341,3,966.1666666666667,203.0,66,True,-1.072882713689654,-1.072882713689654,-2.145765427379308
342,0,972.0,203.0,66,True,-1.0744643486483052,-1.0744643486483052,-2.1489286972966104
342,1,963.1666666666667,203.0,66,True,-1.0720693014252043,-1.0720693014252043,-2.1441386028504086
342,2,973.1666666666667,203.0,66,True,-1.0747806756400355,-1.0747806756400355,-2.149561351280071
342,3,968.1666666666667,203.0,66,True,-1.0734249885326201,-1.0734249885326201,-2.1468499770652403
343,0,974.1666666666667,203.0,66,True,-1.0750518130615188,-1.0750518130615188,-2.1501036261230375
343,1,974.1666666666667,203.0,66,True,-1.0750518130615188,-1.0750518130615188,-2.1501036261230375
343,2,972.0,203.0,66,True,-1.0744643486483054,-1.0744643486483054,-2.148928697296611
343,3,972.0,203.0,66,True,-1.0744643486483056,-1.0744643486483056,-2.1489286972966113
344,0,972.0,203.0,66,True,-1.074464348648305,-1.074464348648305,-2.14892869729661
344,1,972.0,203.0,66,True,-1.0744643486483052,-1.0744643486483052,-2.1489286972966104
344,2,971.1666666666667,203.0,66,True,-1.0742384007970693,-1.0742384007970693,-2.1484768015941387
344,3,972.0,203.0,66,True,-1.0744643486483052,-1.0744643486483052,-2.1489286972966104
345,0,972.0,203.0,66,True,-1.0744643486483054,-1.0744643486483054,-2.148928697296611
345,1,971.1666666666667,203.0,66,True,-1.0742384007970693,-1.0742384007970693,-2.1484768015941387
345,2,979.1666666666667,203.0,66,True,-1.0764075001689344,-1.0764075001689344,-2.1528150003378688
345,3,972.0,203.0,66,True,-1.074464348648305,-1.074464348648305,-2.14892869729661
346,0,974.1666666666667,203.0,66,True,-1.075051813061519,-1.075051813061519,-2.150103626123038
346,1,972.0,203.0,66,True,-1.0744643486483054,-1.0744643486483054,-2.148928697296611
346,2,972.0,203.0,66,True,-1.0744643486483052,-1.0744643486483052,-2.1489286972966104
346,3,972.0,203.0,66,True,-1.0744643486483052,-1.0744643486483052,-2.1489286972966104
347,0,977.1666666666667,203.0,66,True,-1.075865225325968,-1.075865225325968,-2.151730450651936
347,1,974.1666666666667,203.0,66,True,-1.075051813061519,-1.075051813061519,-2.150103626123038
347,2,972.0,203.0,66,True,-1.0744643486483054,-1.0744643486483054,-2.148928697296611
347,3,972.0,203.0,66,True,-1.0744643486483054,-1.0744643486483054,-2.148928697296611
348,0,972.0,203.0,66,True,-1.074464348648305,-1.074464348648305,-2.14892869729661
348,1,972.0,203.0,66,True,-1.0744643486483052,-1.0744643486483052,-2.1489286972966104
348,2,972.0,203.0,66,True,-1.0744643486483052,-1.0744643486483052,-2.1489286972966104
348,3,969.1666666666667,203.0,66,True,-1.0736961259541031,-1.0736961259541031,-2.1473922519082063
349,0,970.1666666666667,203.0,66,True,-1.0739672633755863,-1.0739672633755863,-2.1479345267511727
349,1,971.1666666666667,203.0,66,True,-1.0742384007970691,-1.0742384007970691,-2.1484768015941382
349,2,972.0,203.0,66,True,-1.0744643486483054,-1.0744643486483054,-2.148928697296611
349,3,972.0,203.0,66,True,-1.0744643486483054,-1.0744643486483054,-2.148928697296611
350,0,972.0,203.0,66,True,-1.0744643486483052,-1.0744643486483052,-2.1489286972966104
350,1,972.0,203.0,66,True,-1.0744643486483052,-1.0744643486483052,-2.1489286972966104
350,2,969.1666666666667,203.0,66,True,-1.0736961259541031,-1.0736961259541031,-2.1473922519082063
350,3,967.1666666666667,203.0,66,True,-1.0731538511111371,-1.0731538511111371,-2.1463077022222743
351,0,972.0,203.0,66,True,-1.0744643486483052,-1.0744643486483052,-2.1489286972966104
351,1,972.0,203.0,66,True,-1.0744643486483054,-1.0744643486483054,-2.148928697296611
351,2,972.0,203.0,66,True,-1.0744643486483052,-1.0744643486483052,-2.1489286972966104
351,3,967.1666666666667,203.0,66,True,-1.0731538511111367,-1.0731538511111367,-2.1463077022222734
352,0,965.1666666666667,203.0,66,True,-1.0726115762681707,-1.0726115762681707,-2.1452231525363414
352,1,963.1666666666667,203.0,66,True,-1.0720693014252045,-1.0720693014252045,-2.144138602850409
352,2,972.0,203.0,66,True,-1.0744643486483052,-1.0744643486483052,-2.1489286972966104
352,3,977.1666666666667,203.0,66,True,-1.075865225325968,-1.075865225325968,-2.151730450651936
353,0,972.0,203.0,66,True,-1.0744643486483054,-1.0744643486483054,-2.148928697296611
353,1,972.0,203.0,66,True,-1.0744643486483054,-1.0744643486483054,-2.148928697296611
353,2,972.0,203.0,66,True,-1.0744643486483052,-1.0744643486483052,-2.1489286972966104
353,3,975.1666666666667,203.0,66,True,-1.075322950483002,-1.075322950483002,-2.150645900966004
354,0,962.1666666666667,203.0,66,True,-1.0717981640037213,-1.0717981640037213,-2.1435963280074426
354,1,972.0,203.0,66,True,-1.0744643486483052,-1.0744643486483052,-2.1489286972966104
354,2,972.0,203.0,66,True,-1.0744643486483052,-1.0744643486483052,-2.1489286972966104
354,3,964.1666666666667,203.0,66,True,-1.0723404388466875,-1.0723404388466875,-2.144680877693375
355,0,962.1666666666667,203.0,66,True,-1.0717981640037213,-1.0717981640037213,-2.1435963280074426
355,1,959.1666666666667,203.0,66,True,-1.0709847517392719,-1.0709847517392719,-2.1419695034785438
355,2,980.1666666666667,203.0,66,True,-1.0766786375904176,-1.0766786375904176,-2.153357275180835
355,3,972.0,203.0,66,True,-1.0744643486483052,-1.0744643486483052,-2.1489286972966104
356,0,972.0,203.0,66,True,-1.0744643486483052,-1.0744643486483052,-2.1489286972966104
356,1,972.0,203.0,66,True,-1.0744643486483052,-1.0744643486483052,-2.1489286972966104
356,2,972.0,203.0,66,True,-1.0744643486483052,-1.0744643486483052,-2.1489286972966104
356,3,963.1666666666667,203.0,66,True,-1.0720693014252045,-1.0720693014252045,-2.144138602850409
357,0,972.0,203.0,66,True,-1.0744643486483052,-1.0744643486483052,-2.1489286972966104
357,1,972.0,203.0,66,True,-1.0744643486483052,-1.0744643486483052,-2.1489286972966104
357,2,967.1666666666667,203.0,66,True,-1.073153851111137,-1.073153851111137,-2.146307702222274
357,3,974.1666666666667,203.0,66,True,-1.0750518130615188,-1.0750518130615188,-2.1501036261230375
358,0,972.0,203.0,66,True,-1.0744643486483052,-1.0744643486483052,-2.1489286972966104
358,1,971.1666666666667,203.0,66,True,-1.0742384007970693,-1.0742384007970693,-2.1484768015941387
358,2,957.1666666666667,203.0,66,True,-1.070442476896306,-1.070442476896306,-2.140884953792612
358,3,966.1666666666667,203.0,66,True,-1.0728827136896537,-1.0728827136896537,-2.1457654273793074
359,0,970.1666666666667,203.0,66,True,-1.0739672633755863,-1.0739672633755863,-2.1479345267511727
359,1,972.0,203.0,66,True,-1.0744643486483054,-1.0744643486483054,-2.148928697296611
359,2,962.1666666666667,203.0,66,True,-1.0717981640037213,-1.0717981640037213,-2.1435963280074426
359,3,964.1666666666667,203.0,66,True,-1.0723404388466877,-1.0723404388466877,-2.1446808776933755
360,0,972.0,203.0,66,True,-1.0744643486483056,-1.0744643486483056,-2.1489286972966113
360,1,972.0,203.0,66,True,-1.0744643486483052,-1.0744643486483052,-2.1489286972966104
360,2,963.1666666666667,203.0,66,True,-1.0720693014252045,-1.0720693014252045,-2.144138602850409
360,3,966.1666666666667,203.0,66,True,-1.072882713689654,-1.072882713689654,-2.145765427379308
361,0,972.0,203.0,66,True,-1.0744643486483052,-1.0744643486483052,-2.1489286972966104
361,1,963.1666666666667,203.0,66,True,-1.0720693014252045,-1.0720693014252045,-2.144138602850409
361,2,974.1666666666667,203.0,66,True,-1.0750518130615192,-1.0750518130615192,-2.1501036261230384
361,3,962.1666666666667,203.0,66,True,-1.0717981640037213,-1.0717981640037213,-2.1435963280074426
362,0,963.1666666666667,203.0,66,True,-1.0720693014252047,-1.0720693014252047,-2.1441386028504095
362,1,972.0,203.0,66,True,-1.0744643486483054,-1.0744643486483054,-2.148928697296611
362,2,974.1666666666667,203.0,66,True,-1.075051813061519,-1.075051813061519,-2.150103626123038
362,3,971.1666666666667,203.0,66,True,-1.0742384007970693,-1.0742384007970693,-2.1484768015941387
363,0,971.1666666666667,203.0,66,True,-1.0742384007970693,-1.0742384007970693,-2.1484768015941387
363,1,978.1666666666667,203.0,66,True,-1.0761363627474512,-1.0761363627474512,-2.1522727254949023
363,2,974.1666666666667,203.0,66,True,-1.0750518130615188,-1.0750518130615188,-2.1501036261230375
363,3,972.0,203.0,66,True,-1.0744643486483052,-1.0744643486483052,-2.1489286972966104
364,0,972.0,203.0,66,True,-1.0744643486483052,-1.0744643486483052,-2.1489286972966104
364,1,972.0,203.0,66,True,-1.0744643486483054,-1.0744643486483054,-2.148928697296611
364,2,976.1666666666667,203.0,66,True,-1.0755940879044852,-1.0755940879044852,-2.1511881758089704
364,3,974.1666666666667,203.0,66,True,-1.0750518130615188,-1.0750518130615188,-2.1501036261230375
365,0,969.1666666666667,203.0,66,True,-1.0736961259541031,-1.0736961259541031,-2.1473922519082063
365,1,964.1666666666667,203.0,66,True,-1.0723404388466877,-1.0723404388466877,-2.1446808776933755
365,2,972.0,203.0,66,True,-1.0744643486483059,-1.0744643486483059,-2.1489286972966117
365,3,972.0,203.0,66,True,-1.0744643486483056,-1.0744643486483056,-2.1489286972966113
366,0,976.1666666666667,203.0,66,True,-1.0755940879044852,-1.0755940879044852,-2.1511881758089704
366,1,972.0,203.0,66,True,-1.0744643486483054,-1.0744643486483054,-2.148928697296611
366,2,972.0,203.0,66,True,-1.0744643486483056,-1.0744643486483056,-2.1489286972966113
366,3,976.1666666666667,203.0,66,True,-1.0755940879044852,-1.0755940879044852,-2.1511881758089704
367,0,972.0,203.0,66,True,-1.0744643486483052,-1.0744643486483052,-2.1489286972966104
367,1,972.0,203.0,66,True,-1.0744643486483054,-1.0744643486483054,-2.148928697296611
367,2,966.1666666666667,203.0,66,True,-1.072882713689654,-1.072882713689654,-2.145765427379308
367,3,973.1666666666667,203.0,66,True,-1.0747806756400358,-1.0747806756400358,-2.1495613512800715
368,0,972.0,203.0,66,True,-1.074464348648305,-1.074464348648305,-2.14892869729661
368,1,972.0,203.0,66,True,-1.0744643486483052,-1.0744643486483052,-2.1489286972966104
368,2,972.0,203.0,66,True,-1.0744643486483052,-1.0744643486483052,-2.1489286972966104
368,3,972.0,203.0,66,True,-1.0744643486483052,-1.0744643486483052,-2.1489286972966104
369,0,972.0,203.0,66,True,-1.0744643486483052,-1.0744643486483052,-2.1489286972966104
369,1,972.0,203.0,66,True,-1.0744643486483052,-1.0744643486483052,-2.1489286972966104
369,2,964.1666666666667,203.0,66,True,-1.0723404388466875,-1.0723404388466875,-2.144680877693375
369,3,972.0,203.0,66,True,-1.0744643486483054,-1.0744643486483054,-2.148928697296611
370,0,972.0,203.0,66,True,-1.0744643486483052,-1.0744643486483052,-2.1489286972966104
370,1,948.1666666666667,203.0,66,True,-1.0680022401029574,-1.0680022401029574,-2.136004480205915
370,2,972.0,203.0,66,True,-1.0744643486483052,-1.0744643486483052,-2.1489286972966104
370,3,972.0,203.0,66,True,-1.0744643486483054,-1.0744643486483054,-2.148928697296611
371,0,963.1666666666667,203.0,66,True,-1.0720693014252045,-1.0720693014252045,-2.144138602850409
371,1,979.1666666666667,203.0,66,True,-1.0764075001689344,-1.0764075001689344,-2.1528150003378688
371,2,972.0,203.0,66,True,-1.0744643486483056,-1.0744643486483056,-2.1489286972966113
371,3,972.0,203.0,66,True,-1.0744643486483054,-1.0744643486483054,-2.148928697296611
372,0,972.0,203.0,66,True,-1.0744643486483052,-1.0744643486483052,-2.1489286972966104
372,1,959.1666666666667,203.0,66,True,-1.0709847517392717,-1.0709847517392717,-2.1419695034785433
372,2,972.0,203.0,66,True,-1.0744643486483054,-1.0744643486483054,-2.148928697296611
372,3,972.0,203.0,66,True,-1.074464348648305,-1.074464348648305,-2.14892869729661
373,0,979.1666666666667,203.0,66,True,-1.0764075001689344,-1.0764075001689344,-2.1528150003378688
373,1,964.1666666666667,203.0,66,True,-1.0723404388466873,-1.0723404388466873,-2.1446808776933746
373,2,964.1666666666667,203.0,66,True,-1.0723404388466875,-1.0723404388466875,-2.144680877693375
373,3,977.1666666666667,203.0,66,True,-1.075865225325968,-1.075865225325968,-2.151730450651936
374,0,972.0,203.0,66,True,-1.0744643486483052,-1.0744643486483052,-2.1489286972966104
374,1,969.1666666666667,203.0,66,True,-1.0736961259541036,-1.0736961259541036,-2.147392251908207
374,2,971.1666666666667,203.0,66,True,-1.0742384007970693,-1.0742384007970693,-2.1484768015941387
374,3,972.0,203.0,66,True,-1.0744643486483052,-1.0744643486483052,-2.1489286972966104
375,0,972.0,203.0,66,True,-1.0744643486483052,-1.0744643486483052,-2.1489286972966104
375,1,961.1666666666667,203.0,66,True,-1.0715270265822383,-1.0715270265822383,-2.1430540531644766
375,2,974.1666666666667,203.0,66,True,-1.0750518130615188,-1.0750518130615188,-2.1501036261230375
375,3,972.0,203.0,66,True,-1.0744643486483052,-1.0744643486483052,-2.1489286972966104
376,0,977.1666666666667,203.0,66,True,-1.075865225325968,-1.075865225325968,-2.151730450651936
376,1,958.1666666666667,203.0,66,True,-1.0707136143177887,-1.0707136143177887,-2.1414272286355773
376,2,972.0,203.0,66,True,-1.0744643486483056,-1.0744643486483056,-2.1489286972966113
376,3,972.0,203.0,66,True,-1.0744643486483054,-1.0744643486483054,-2.148928697296611
377,0,961.1666666666667,203.0,66,True,-1.071527026582238,-1.071527026582238,-2.143054053164476
377,1,972.0,203.0,66,True,-1.0744643486483054,-1.0744643486483054,-2.148928697296611
377,2,974.1666666666667,203.0,66,True,-1.075051813061519,-1.075051813061519,-2.150103626123038
377,3,959.1666666666667,203.0,66,True,-1.0709847517392717,-1.0709847517392717,-2.1419695034785433
378,0,974.1666666666667,203.0,66,True,-1.0750518130615188,-1.0750518130615188,-2.1501036261230375
378,1,960.1666666666667,203.0,66,True,-1.0712558891607549,-1.0712558891607549,-2.1425117783215097
378,2,972.0,203.0,66,True,-1.0744643486483054,-1.0744643486483054,-2.148928697296611
378,3,954.1666666666667,203.0,66,True,-1.0696290646318565,-1.0696290646318565,-2.139258129263713
379,0,976.1666666666667,203.0,66,True,-1.075594087904485,-1.075594087904485,-2.15118817580897
379,1,964.1666666666667,203.0,66,True,-1.0723404388466875,-1.0723404388466875,-2.144680877693375
379,2,972.0,203.0,66,True,-1.0744643486483054,-1.0744643486483054,-2.148928697296611
379,3,971.1666666666667,203.0,66,True,-1.0742384007970691,-1.0742384007970691,-2.1484768015941382
380,0,972.0,203.0,66,True,-1.0744643486483052,-1.0744643486483052,-2.1489286972966104
380,1,966.1666666666667,203.0,66,True,-1.0728827136896537,-1.0728827136896537,-2.1457654273793074
380,2,955.1666666666667,203.0,66,True,-1.0699002020533397,-1.0699002020533397,-2.1398004041066794
380,3,969.1666666666667,203.0,66,True,-1.0736961259541034,-1.0736961259541034,-2.1473922519082067
381,0,972.0,203.0,66,True,-1.0744643486483052,-1.0744643486483052,-2.1489286972966104
381,1,972.0,203.0,66,True,-1.0744643486483052,-1.0744643486483052,-2.1489286972966104
381,2,963.1666666666667,203.0,66,True,-1.0720693014252043,-1.0720693014252043,-2.1441386028504086
381,3,964.1666666666667,203.0,66,True,-1.0723404388466875,-1.0723404388466875,-2.144680877693375
382,0,966.1666666666667,203.0,66,True,-1.072882713689654,-1.072882713689654,-2.145765427379308
382,1,971.1666666666667,203.0,66,True,-1.074238400797069,-1.074238400797069,-2.148476801594138
382,2,972.0,203.0,66,True,-1.0744643486483054,-1.0744643486483054,-2.148928697296611
382,3,964.1666666666667,203.0,66,True,-1.0723404388466875,-1.0723404388466875,-2.144680877693375
383,0,972.0,203.0,66,True,-1.0744643486483052,-1.0744643486483052,-2.1489286972966104
383,1,972.0,203.0,66,True,-1.0744643486483054,-1.0744643486483054,-2.148928697296611
383,2,969.1666666666667,203.0,66,True,-1.0736961259541031,-1.0736961259541031,-2.1473922519082063
383,3,972.0,203.0,66,True,-1.0744643486483052,-1.0744643486483052,-2.1489286972966104
384,0,958.1666666666667,203.0,66,True,-1.0707136143177889,-1.0707136143177889,-2.1414272286355778
384,1,972.0,203.0,66,True,-1.0744643486483054,-1.0744643486483054,-2.148928697296611
384,2,972.0,203.0,66,True,-1.0744643486483056,-1.0744643486483056,-2.1489286972966113
384,3,972.0,203.0,66,True,-1.0744643486483052,-1.0744643486483052,-2.1489286972966104
385,0,976.1666666666667,203.0,66,True,-1.075594087904485,-1.075594087904485,-2.15118817580897
385,1,974.1666666666667,203.0,66,True,-1.0750518130615188,-1.0750518130615188,-2.1501036261230375
385,2,972.0,203.0,66,True,-1.0744643486483056,-1.0744643486483056,-2.1489286972966113
385,3,974.1666666666667,203.0,66,True,-1.0750518130615188,-1.0750518130615188,-2.1501036261230375
386,0,972.0,203.0,66,True,-1.0744643486483052,-1.0744643486483052,-2.1489286972966104
386,1,972.1666666666667,203.0,66,True,-1.0745095382185526,-1.0745095382185526,-2.149019076437105
386,2,972.0,203.0,66,True,-1.0744643486483052,-1.0744643486483052,-2.1489286972966104
386,3,972.0,203.0,66,True,-1.0744643486483052,-1.0744643486483052,-2.1489286972966104
387,0,972.0,203.0,66,True,-1.0744643486483052,-1.0744643486483052,-2.1489286972966104
387,1,972.0,203.0,66,True,-1.0744643486483052,-1.0744643486483052,-2.1489286972966104
387,2,968.1666666666667,203.0,66,True,-1.07342498853262,-1.07342498853262,-2.14684997706524
387,3,972.0,203.0,66,True,-1.0744643486483052,-1.0744643486483052,-2.1489286972966104
388,0,976.1666666666667,203.0,66,True,-1.075594087904485,-1.075594087904485,-2.15118817580897
388,1,972.0,203.0,66,True,-1.0744643486483054,-1.0744643486483054,-2.148928697296611
388,2,973.1666666666667,203.0,66,True,-1.0747806756400355,-1.0747806756400355,-2.149561351280071
388,3,972.0,203.0,66,True,-1.074464348648305,-1.074464348648305,-2.14892869729661
389,0,973.1666666666667,203.0,66,True,-1.0747806756400355,-1.0747806756400355,-2.149561351280071
389,1,964.1666666666667,203.0,66,True,-1.0723404388466873,-1.0723404388466873,-2.1446808776933746
389,2,972.0,203.0,66,True,-1.0744643486483052,-1.0744643486483052,-2.1489286972966104
389,3,972.0,203.0,66,True,-1.0744643486483052,-1.0744643486483052,-2.1489286972966104
390,0,972.0,203.0,66,True,-1.074464348648305,-1.074464348648305,-2.14892869729661
390,1,972.0,203.0,66,True,-1.0744643486483054,-1.0744643486483054,-2.148928697296611
390,2,977.1666666666667,203.0,66,True,-1.075865225325968,-1.075865225325968,-2.151730450651936
390,3,969.1666666666667,203.0,66,True,-1.0736961259541034,-1.0736961259541034,-2.1473922519082067
391,0,955.1666666666667,203.0,66,True,-1.06990020205334,-1.06990020205334,-2.13980040410668
391,1,972.0,203.0,66,True,-1.0744643486483052,-1.0744643486483052,-2.1489286972966104
391,2,972.0,203.0,66,True,-1.0744643486483052,-1.0744643486483052,-2.1489286972966104
391,3,972.0,203.0,66,True,-1.0744643486483054,-1.0744643486483054,-2.148928697296611
392,0,972.0,203.0,66,True,-1.0744643486483054,-1.0744643486483054,-2.148928697296611
392,1,966.1666666666667,203.0,66,True,-1.072882713689654,-1.072882713689654,-2.145765427379308
392,2,972.0,203.0,66,True,-1.0744643486483052,-1.0744643486483052,-2.1489286972966104
392,3,972.0,203.0,66,True,-1.074464348648305,-1.074464348648305,-2.14892869729661
393,0,972.0,203.0,66,True,-1.0744643486483052,-1.0744643486483052,-2.1489286972966104
393,1,965.1666666666667,203.0,66,True,-1.0726115762681707,-1.0726115762681707,-2.1452231525363414
393,2,972.0,203.0,66,True,-1.074464348648305,-1.074464348648305,-2.14892869729661
393,3,975.1666666666667,203.0,66,True,-1.0753229504830017,-1.0753229504830017,-2.1506459009660035
394,0,972.0,203.0,66,True,-1.0744643486483052,-1.0744643486483052,-2.1489286972966104
394,1,972.0,203.0,66,True,-1.0744643486483052,-1.0744643486483052,-2.1489286972966104
394,2,972.0,203.0,66,True,-1.0744643486483052,-1.0744643486483052,-2.1489286972966104
394,3,972.0,203.0,66,True,-1.0744643486483052,-1.0744643486483052,-2.1489286972966104
395,0,967.1666666666667,203.0,66,True,-1.0731538511111371,-1.0731538511111371,-2.1463077022222743
395,1,972.0,203.0,66,True,-1.0744643486483052,-1.0744643486483052,-2.1489286972966104
395,2,968.1666666666667,203.0,66,True,-1.0734249885326201,-1.0734249885326201,-2.1468499770652403
395,3,972.0,203.0,66,True,-1.0744643486483054,-1.0744643486483054,-2.148928697296611
396,0,974.1666666666667,203.0,66,True,-1.075051813061519,-1.075051813061519,-2.150103626123038
396,1,972.0,203.0,66,True,-1.0744643486483056,-1.0744643486483056,-2.1489286972966113
396,2,969.1666666666667,203.0,66,True,-1.0736961259541031,-1.0736961259541031,-2.1473922519082063
396,3,973.1666666666667,203.0,66,True,-1.0747806756400355,-1.0747806756400355,-2.149561351280071
397,0,972.0,203.0,66,True,-1.0744643486483054,-1.0744643486483054,-2.148928697296611
397,1,972.0,203.0,66,True,-1.0744643486483052,-1.0744643486483052,-2.1489286972966104
397,2,972.0,203.0,66,True,-1.0744643486483056,-1.0744643486483056,-2.1489286972966113
397,3,972.0,203.0,66,True,-1.0744643486483052,-1.0744643486483052,-2.1489286972966104
398,0,972.0,203.0,66,True,-1.0744643486483056,-1.0744643486483056,-2.1489286972966113
398,1,965.1666666666667,203.0,66,True,-1.0726115762681705,-1.0726115762681705,-2.145223152536341
398,2,969.1666666666667,203.0,66,True,-1.073696125954103,-1.073696125954103,-2.147392251908206
398,3,970.1666666666667,203.0,66,True,-1.0739672633755866,-1.0739672633755866,-2.147934526751173
399,0,972.0,203.0,66,True,-1.0744643486483052,-1.0744643486483052,-2.1489286972966104
399,1,972.0,203.0,66,True,-1.0744643486483056,-1.0744643486483056,-2.1489286972966113
399,2,972.0,203.0,66,True,-1.0744643486483052,-1.0744643486483052,-2.1489286972966104
399,3,971.1666666666667,203.0,66,True,-1.0742384007970698,-1.0742384007970698,-2.1484768015941396
400,0,946.1666666666667,203.0,66,True,-1.0674599652599916,-1.0674599652599916,-2.1349199305199833
400,1,969.1666666666667,203.0,66,True,-1.0736961259541036,-1.0736961259541036,-2.147392251908207
400,2,972.0,203.0,66,True,-1.0744643486483052,-1.0744643486483052,-2.1489286972966104
400,3,972.0,203.0,66,True,-1.074464348648305,-1.074464348648305,-2.14892869729661
401,0,972.0,203.0,66,True,-1.0744643486483052,-1.0744643486483052,-2.1489286972966104
401,1,972.0,203.0,66,True,-1.0744643486483054,-1.0744643486483054,-2.148928697296611
401,2,972.0,203.0,66,True,-1.0744643486483052,-1.0744643486483052,-2.1489286972966104
401,3,975.1666666666667,203.0,66,True,-1.0753229504830015,-1.0753229504830015,-2.150645900966003
402,0,972.0,203.0,66,True,-1.0744643486483052,-1.0744643486483052,-2.1489286972966104
402,1,972.0,203.0,66,True,-1.0744643486483054,-1.0744643486483054,-2.148928697296611
402,2,972.0,203.0,66,True,-1.0744643486483052,-1.0744643486483052,-2.1489286972966104
402,3,972.0,203.0,66,True,-1.0744643486483052,-1.0744643486483052,-2.1489286972966104
403,0,965.1666666666667,203.0,66,True,-1.072611576268171,-1.072611576268171,-2.145223152536342
403,1,972.0,203.0,66,True,-1.0744643486483054,-1.0744643486483054,-2.148928697296611
403,2,972.0,203.0,66,True,-1.0744643486483054,-1.0744643486483054,-2.148928697296611
403,3,972.0,203.0,66,True,-1.0744643486483052,-1.0744643486483052,-2.1489286972966104
404,0,972.0,203.0,66,True,-1.0744643486483054,-1.0744643486483054,-2.148928697296611
404,1,972.0,203.0,66,True,-1.0744643486483052,-1.0744643486483052,-2.1489286972966104
404,2,961.1666666666667,203.0,66,True,-1.071527026582238,-1.071527026582238,-2.143054053164476
404,3,972.0,203.0,66,True,-1.0744643486483052,-1.0744643486483052,-2.1489286972966104
405,0,972.0,203.0,66,True,-1.0744643486483052,-1.0744643486483052,-2.1489286972966104
405,1,943.1666666666667,203.0,66,True,-1.0666465529955422,-1.0666465529955422,-2.1332931059910845
405,2,975.1666666666667,203.0,66,True,-1.0753229504830017,-1.0753229504830017,-2.1506459009660035
405,3,957.1666666666667,203.0,66,True,-1.070442476896306,-1.070442476896306,-2.140884953792612
406,0,969.1666666666667,203.0,66,True,-1.073696125954103,-1.073696125954103,-2.147392251908206
406,1,972.0,203.0,66,True,-1.0744643486483054,-1.0744643486483054,-2.148928697296611
406,2,959.1666666666667,203.0,66,True,-1.0709847517392717,-1.0709847517392717,-2.1419695034785433
406,3,967.1666666666667,203.0,66,True,-1.073153851111137,-1.073153851111137,-2.146307702222274
407,0,964.1666666666667,203.0,66,True,-1.0723404388466875,-1.0723404388466875,-2.144680877693375
407,1,972.0,203.0,66,True,-1.074464348648305,-1.074464348648305,-2.14892869729661
407,2,972.0,203.0,66,True,-1.0744643486483056,-1.0744643486483056,-2.1489286972966113
407,3,965.1666666666667,203.0,66,True,-1.0726115762681705,-1.0726115762681705,-2.145223152536341
408,0,972.0,203.0,66,True,-1.0744643486483054,-1.0744643486483054,-2.148928697296611
408,1,972.0,203.0,66,True,-1.074464348648305,-1.074464348648305,-2.14892869729661
408,2,965.0,203.0,66,True,-1.0725663866979234,-1.0725663866979234,-2.1451327733958467
408,3,972.0,203.0,66,True,-1.0744643486483056,-1.0744643486483056,-2.1489286972966113
409,0,954.1666666666667,203.0,66,True,-1.0696290646318563,-1.0696290646318563,-2.1392581292637125
409,1,972.0,203.0,66,True,-1.0744643486483052,-1.0744643486483052,-2.1489286972966104
409,2,965.0,203.0,66,True,-1.0725663866979234,-1.0725663866979234,-2.1451327733958467
409,3,971.1666666666667,203.0,66,True,-1.0742384007970693,-1.0742384007970693,-2.1484768015941387
410,0,975.1666666666667,203.0,66,True,-1.075322950483002,-1.075322950483002,-2.150645900966004
410,1,965.0,203.0,66,True,-1.0725663866979234,-1.0725663866979234,-2.1451327733958467
410,2,965.0,203.0,66,True,-1.0725663866979236,-1.0725663866979236,-2.145132773395847
410,3,964.1666666666667,203.0,66,True,-1.0723404388466877,-1.0723404388466877,-2.1446808776933755
411,0,965.0,203.0,66,True,-1.0725663866979234,-1.0725663866979234,-2.1451327733958467
411,1,972.0,203.0,66,True,-1.0744643486483052,-1.0744643486483052,-2.1489286972966104
411,2,972.0,203.0,66,True,-1.0744643486483052,-1.0744643486483052,-2.1489286972966104
411,3,972.0,203.0,66,True,-1.0744643486483052,-1.0744643486483052,-2.1489286972966104
412,0,972.0,203.0,66,True,-1.0744643486483052,-1.0744643486483052,-2.1489286972966104
412,1,970.1666666666667,203.0,66,True,-1.0739672633755861,-1.0739672633755861,-2.1479345267511722
412,2,972.0,203.0,66,True,-1.0744643486483052,-1.0744643486483052,-2.1489286972966104
412,3,973.1666666666667,203.0,66,True,-1.0747806756400358,-1.0747806756400358,-2.1495613512800715
413,0,972.0,203.0,66,True,-1.0744643486483052,-1.0744643486483052,-2.1489286972966104
413,1,972.0,203.0,66,True,-1.0744643486483054,-1.0744643486483054,-2.148928697296611
413,2,965.0,203.0,66,True,-1.0725663866979234,-1.0725663866979234,-2.1451327733958467
413,3,975.1666666666667,203.0,66,True,-1.075322950483002,-1.075322950483002,-2.150645900966004
414,0,982.1666666666667,203.0,66,True,-1.0772209124333834,-1.0772209124333834,-2.1544418248667667
414,1,973.1666666666667,203.0,66,True,-1.0747806756400355,-1.0747806756400355,-2.149561351280071
414,2,970.1666666666667,203.0,66,True,-1.0739672633755863,-1.0739672633755863,-2.1479345267511727
414,3,972.0,203.0,66,True,-1.0744643486483052,-1.0744643486483052,-2.1489286972966104
415,0,972.0,203.0,66,True,-1.0744643486483054,-1.0744643486483054,-2.148928697296611
415,1,972.0,203.0,66,True,-1.0744643486483052,-1.0744643486483052,-2.1489286972966104
415,2,964.1666666666667,203.0,66,True,-1.0723404388466877,-1.0723404388466877,-2.1446808776933755
415,3,965.0,203.0,66,True,-1.0725663866979238,-1.0725663866979238,-2.1451327733958476
416,0,1024.0,386.0,69,True,-1.8195887941659605,-1.8195887941659605,-3.639177588331921
416,1,1015.0,323.0,67,True,-1.5654841099691503,-1.5654841099691503,-3.1309682199383007
416,2,972.0,203.0,66,True,-1.0744643486483052,-1.0744643486483052,-2.1489286972966104
416,3,992.0,327.0,68,True,-1.575226644348274,-1.575226644348274,-3.150453288696548
417,0,1017.0,321.0,68,True,-1.5580370372754986,-1.5580370372754986,-3.116074074550997
417,1,946.1666666666667,203.0,66,True,-1.0674599652599912,-1.0674599652599912,-2.1349199305199824
417,2,954.8333333333334,203.0,66,True,-1.0698098229128452,-1.0698098229128452,-2.1396196458256904
417,3,956.1666666666667,203.0,66,True,-1.0701713394748227,-1.0701713394748227,-2.1403426789496454
418,0,964.1666666666667,262.0,66,True,-1.308026191176914,-1.308026191176914,-2.616052382353828
418,1,961.1666666666667,203.0,66,True,-1.0715270265822383,-1.0715270265822383,-2.1430540531644766
418,2,960.1666666666667,203.0,66,True,-1.0712558891607553,-1.0712558891607553,-2.1425117783215106
418,3,989.1666666666667,203.0,66,True,-1.0791188743837654,-1.0791188743837654,-2.158237748767531
419,0,961.1666666666667,203.0,66,True,-1.0715270265822379,-1.0715270265822379,-2.1430540531644757
419,1,1054.0,386.0,69,True,-1.827722916810454,-1.827722916810454,-3.655445833620908
419,2,931.0,203.0,66,True,-1.0633477143674974,-1.0633477143674974,-2.126695428734995
419,3,1025.1666666666667,386.0,69,True,-1.819905121157691,-1.819905121157691,-3.639810242315382
420,0,1057.8333333333335,386.0,69,True,-1.8287622769261394,-1.8287622769261394,-3.6575245538522787
420,1,938.0,203.0,66,True,-1.0652456763178795,-1.0652456763178795,-2.130491352635759
420,2,1021.0000000000001,386.0,69,True,-1.8187753819015113,-1.8187753819015113,-3.6375507638030227
420,3,952.1666666666667,262.0,67,True,-1.3047725421191163,-1.3047725421191163,-2.6095450842382326
421,0,972.0,203.0,66,True,-1.0744643486483052,-1.0744643486483052,-2.1489286972966104
421,1,938.1666666666667,203.0,66,True,-1.0652908658881264,-1.0652908658881264,-2.1305817317762528
421,2,1026.0,262.0,66,True,-1.3247915217386201,-1.3247915217386201,-2.6495830434772403
421,3,953.1666666666667,203.0,66,True,-1.0693579272103733,-1.0693579272103733,-2.1387158544207465
422,0,965.0,203.0,66,True,-1.0725663866979231,-1.0725663866979231,-2.1451327733958463
422,1,945.1666666666667,203.0,66,True,-1.067188827838508,-1.067188827838508,-2.134377655677016
422,2,972.0,203.0,66,True,-1.0744643486483054,-1.0744643486483054,-2.148928697296611
422,3,967.1666666666667,203.0,66,True,-1.073153851111137,-1.073153851111137,-2.146307702222274
423,0,972.0,203.0,66,True,-1.0744643486483054,-1.0744643486483054,-2.148928697296611
423,1,972.0,203.0,66,True,-1.0744643486483054,-1.0744643486483054,-2.148928697296611
423,2,972.0,203.0,66,True,-1.0744643486483052,-1.0744643486483052,-2.1489286972966104
423,3,972.0,203.0,66,True,-1.0744643486483052,-1.0744643486483052,-2.1489286972966104
424,0,979.1666666666667,203.0,66,True,-1.0764075001689342,-1.0764075001689342,-2.1528150003378683
424,1,965.1666666666667,203.0,66,True,-1.0726115762681703,-1.0726115762681703,-2.1452231525363405
424,2,972.0,203.0,66,True,-1.0744643486483052,-1.0744643486483052,-2.1489286972966104
424,3,965.0,203.0,66,True,-1.0725663866979236,-1.0725663866979236,-2.145132773395847
425,0,972.1666666666667,203.0,66,True,-1.0745095382185523,-1.0745095382185523,-2.1490190764371047
425,1,972.0,203.0,66,True,-1.0744643486483052,-1.0744643486483052,-2.1489286972966104
425,2,939.1666666666667,203.0,66,True,-1.0655620033096094,-1.0655620033096094,-2.1311240066192187
425,3,974.1666666666667,203.0,66,True,-1.075051813061519,-1.075051813061519,-2.150103626123038
426,0,976.1666666666667,203.0,66,True,-1.075594087904485,-1.075594087904485,-2.15118817580897
426,1,945.0,203.0,66,True,-1.0671436382682613,-1.0671436382682613,-2.1342872765365226
426,2,975.1666666666667,203.0,66,True,-1.075322950483002,-1.075322950483002,-2.150645900966004
426,3,972.0,203.0,66,True,-1.0744643486483054,-1.0744643486483054,-2.148928697296611
427,0,972.0,203.0,66,True,-1.0744643486483054,-1.0744643486483054,-2.148928697296611
427,1,960.1666666666667,203.0,66,True,-1.0712558891607544,-1.0712558891607544,-2.142511778321509
427,2,975.1666666666667,203.0,66,True,-1.0753229504830017,-1.0753229504830017,-2.1506459009660035
427,3,972.0,203.0,66,True,-1.0744643486483052,-1.0744643486483052,-2.1489286972966104
428,0,965.0,203.0,66,True,-1.0725663866979238,-1.0725663866979238,-2.1451327733958476
428,1,972.0,203.0,66,True,-1.0744643486483056,-1.0744643486483056,-2.1489286972966113
428,2,945.0,203.0,66,True,-1.0671436382682613,-1.0671436382682613,-2.1342872765365226
428,3,978.1666666666667,203.0,66,True,-1.0761363627474514,-1.0761363627474514,-2.152272725494903
429,0,965.0,203.0,66,True,-1.0725663866979234,-1.0725663866979234,-2.1451327733958467
429,1,951.1666666666667,203.0,66,True,-1.068815652367407,-1.068815652367407,-2.137631304734814
429,2,972.0,203.0,66,True,-1.0744643486483054,-1.0744643486483054,-2.148928697296611
429,3,972.0,203.0,66,True,-1.0744643486483052,-1.0744643486483052,-2.1489286972966104
430,0,955.1666666666667,203.0,66,True,-1.069900202053339,-1.069900202053339,-2.139800404106678
430,1,977.1666666666667,262.0,66,True,-1.3115509776561944,-1.3115509776561944,-2.623101955312389
430,2,945.0,203.0,66,True,-1.0671436382682613,-1.0671436382682613,-2.1342872765365226
430,3,977.1666666666667,203.0,66,True,-1.075865225325968,-1.075865225325968,-2.151730450651936
431,0,961.1666666666667,203.0,66,True,-1.0715270265822388,-1.0715270265822388,-2.1430540531644775
431,1,965.0,203.0,66,True,-1.0725663866979231,-1.0725663866979231,-2.1451327733958463
431,2,1006.0,386.0,69,True,-1.8147083205792638,-1.8147083205792638,-3.6294166411585276
431,3,955.1666666666667,203.0,66,True,-1.0699002020533395,-1.0699002020533395,-2.139800404106679
432,0,972.0,203.0,66,True,-1.0744643486483052,-1.0744643486483052,-2.1489286972966104
432,1,1015.0,323.0,68,True,-1.5654841099691503,-1.5654841099691503,-3.1309682199383007
432,2,952.1666666666667,203.0,66,True,-1.0690867897888905,-1.0690867897888905,-2.138173579577781
432,3,972.0,203.0,66,True,-1.0744643486483052,-1.0744643486483052,-2.1489286972966104
433,0,965.0,203.0,66,True,-1.0725663866979236,-1.0725663866979236,-2.145132773395847
433,1,958.0,203.0,66,True,-1.0706684247475418,-1.0706684247475418,-2.1413368494950835
433,2,962.1666666666667,203.0,66,True,-1.0717981640037213,-1.0717981640037213,-2.1435963280074426
433,3,956.0,262.0,67,True,-1.3058119022348016,-1.3058119022348016,-2.611623804469603
434,0,965.0,203.0,66,True,-1.0725663866979236,-1.0725663866979236,-2.145132773395847
434,1,953.1666666666667,203.0,66,True,-1.0693579272103735,-1.0693579272103735,-2.138715854420747
434,2,965.0,203.0,66,True,-1.0725663866979234,-1.0725663866979234,-2.1451327733958467
434,3,973.1666666666667,203.0,66,True,-1.0747806756400353,-1.0747806756400353,-2.1495613512800706
435,0,970.1666666666667,203.0,66,True,-1.0739672633755861,-1.0739672633755861,-2.1479345267511722
435,1,952.1666666666667,203.0,66,True,-1.0690867897888898,-1.0690867897888898,-2.1381735795777796
435,2,1015.0,323.0,68,True,-1.5654841099691499,-1.5654841099691499,-3.1309682199382998
435,3,965.0,203.0,66,True,-1.0725663866979231,-1.0725663866979231,-2.1451327733958463
436,0,982.1666666666667,323.0,68,True,-1.5565817646304543,-1.5565817646304543,-3.1131635292609086
436,1,967.1666666666667,203.0,66,True,-1.073153851111137,-1.073153851111137,-2.146307702222274
436,2,988.1666666666667,203.0,66,True,-1.0788477369622824,-1.0788477369622824,-2.157695473924565
436,3,986.3333333333335,323.0,68,True,-1.5577115038866343,-1.5577115038866343,-3.1154230077732685
437,0,965.1666666666667,203.0,66,True,-1.0726115762681707,-1.0726115762681707,-2.1452231525363414
437,1,956.1666666666667,203.0,66,True,-1.0701713394748225,-1.0701713394748225,-2.140342678949645
437,2,1015.0,323.0,68,True,-1.56548410996915,-1.56548410996915,-3.1309682199383
437,3,985.1666666666667,203.0,66,True,-1.0780343246978328,-1.0780343246978328,-2.1560686493956656
438,0,958.0,203.0,66,True,-1.0706684247475415,-1.0706684247475415,-2.141336849495083
438,1,974.1666666666667,203.0,66,True,-1.075051813061519,-1.075051813061519,-2.150103626123038
438,2,964.1666666666667,203.0,66,True,-1.0723404388466875,-1.0723404388466875,-2.144680877693375
438,3,965.0,203.0,66,True,-1.0725663866979236,-1.0725663866979236,-2.145132773395847
439,0,978.1666666666667,203.0,66,True,-1.0761363627474512,-1.0761363627474512,-2.1522727254949023
439,1,958.0,203.0,66,True,-1.0706684247475413,-1.0706684247475413,-2.1413368494950826
439,2,983.1666666666667,203.0,66,True,-1.0774920498548666,-1.0774920498548666,-2.154984099709733
439,3,973.1666666666667,203.0,66,True,-1.074780675640036,-1.074780675640036,-2.149561351280072
440,0,960.1666666666667,203.0,66,True,-1.071255889160755,-1.071255889160755,-2.14251177832151
440,1,976.1666666666667,203.0,66,True,-1.075594087904485,-1.075594087904485,-2.15118817580897
440,2,972.0,203.0,66,True,-1.0744643486483054,-1.0744643486483054,-2.148928697296611
440,3,973.1666666666667,203.0,66,True,-1.0747806756400358,-1.0747806756400358,-2.1495613512800715
441,0,962.1666666666667,203.0,66,True,-1.0717981640037213,-1.0717981640037213,-2.1435963280074426
441,1,955.1666666666667,203.0,66,True,-1.0699002020533392,-1.0699002020533392,-2.1398004041066785
441,2,965.0,203.0,66,True,-1.0725663866979234,-1.0725663866979234,-2.1451327733958467
441,3,966.1666666666667,203.0,66,True,-1.072882713689654,-1.072882713689654,-2.145765427379308
442,0,961.1666666666667,203.0,66,True,-1.0715270265822379,-1.0715270265822379,-2.1430540531644757
442,1,974.1666666666667,203.0,66,True,-1.0750518130615188,-1.0750518130615188,-2.1501036261230375
442,2,965.0,203.0,66,True,-1.0725663866979234,-1.0725663866979234,-2.1451327733958467
442,3,965.0,203.0,66,True,-1.0725663866979234,-1.0725663866979234,-2.1451327733958467
443,0,966.1666666666667,203.0,66,True,-1.0728827136896537,-1.0728827136896537,-2.1457654273793074
443,1,972.0,203.0,66,True,-1.0744643486483052,-1.0744643486483052,-2.1489286972966104
443,2,972.1666666666667,203.0,66,True,-1.0745095382185519,-1.0745095382185519,-2.1490190764371038
443,3,965.0,203.0,66,True,-1.0725663866979234,-1.0725663866979234,-2.1451327733958467
444,0,973.1666666666667,203.0,66,True,-1.074780675640036,-1.074780675640036,-2.149561351280072
444,1,965.0,203.0,66,True,-1.0725663866979231,-1.0725663866979231,-2.1451327733958463
444,2,984.1666666666667,203.0,66,True,-1.0777631872763498,-1.0777631872763498,-2.1555263745526996
444,3,972.0,203.0,66,True,-1.0744643486483054,-1.0744643486483054,-2.148928697296611
445,0,972.0,203.0,66,True,-1.0744643486483054,-1.0744643486483054,-2.148928697296611
445,1,966.1666666666667,203.0,66,True,-1.072882713689654,-1.072882713689654,-2.145765427379308
445,2,972.1666666666667,203.0,66,True,-1.0745095382185523,-1.0745095382185523,-2.1490190764371047
445,3,972.0,203.0,66,True,-1.0744643486483054,-1.0744643486483054,-2.148928697296611
446,0,965.0,203.0,66,True,-1.072566386697924,-1.072566386697924,-2.145132773395848
446,1,972.0,203.0,66,True,-1.0744643486483052,-1.0744643486483052,-2.1489286972966104
446,2,972.0,203.0,66,True,-1.0744643486483052,-1.0744643486483052,-2.1489286972966104
446,3,972.0,203.0,66,True,-1.0744643486483052,-1.0744643486483052,-2.1489286972966104
447,0,965.0,203.0,66,True,-1.0725663866979234,-1.0725663866979234,-2.1451327733958467
447,1,971.1666666666667,203.0,66,True,-1.0742384007970696,-1.0742384007970696,-2.148476801594139
447,2,972.0,203.0,66,True,-1.0744643486483052,-1.0744643486483052,-2.1489286972966104
447,3,968.1666666666667,203.0,66,True,-1.07342498853262,-1.07342498853262,-2.14684997706524
448,0,986.1666666666667,203.0,66,True,-1.0783054621193164,-1.0783054621193164,-2.156610924238633
448,1,973.1666666666667,203.0,66,True,-1.0747806756400355,-1.0747806756400355,-2.149561351280071
448,2,967.1666666666667,203.0,66,True,-1.0731538511111374,-1.0731538511111374,-2.1463077022222747
448,3,965.0,203.0,66,True,-1.0725663866979236,-1.0725663866979236,-2.145132773395847
449,0,972.0,203.0,66,True,-1.0744643486483054,-1.0744643486483054,-2.148928697296611
449,1,965.0,203.0,66,True,-1.0725663866979231,-1.0725663866979231,-2.1451327733958463
449,2,972.0,203.0,66,True,-1.0744643486483048,-1.0744643486483048,-2.1489286972966095
449,3,972.0,203.0,66,True,-1.0744643486483052,-1.0744643486483052,-2.1489286972966104
450,0,965.0,203.0,66,True,-1.0725663866979236,-1.0725663866979236,-2.145132773395847
450,1,957.1666666666667,203.0,66,True,-1.0704424768963055,-1.0704424768963055,-2.140884953792611
450,2,976.1666666666667,203.0,66,True,-1.075594087904485,-1.075594087904485,-2.15118817580897
450,3,965.0,203.0,66,True,-1.0725663866979234,-1.0725663866979234,-2.1451327733958467
451,0,972.0,203.0,66,True,-1.0744643486483056,-1.0744643486483056,-2.1489286972966113
451,1,960.1666666666667,203.0,66,True,-1.071255889160755,-1.071255889160755,-2.14251177832151
451,2,972.0,203.0,66,True,-1.0744643486483054,-1.0744643486483054,-2.148928697296611
451,3,965.0,203.0,66,True,-1.0725663866979236,-1.0725663866979236,-2.145132773395847
452,0,972.0,203.0,66,True,-1.0744643486483052,-1.0744643486483052,-2.1489286972966104
452,1,971.1666666666667,203.0,66,True,-1.0742384007970691,-1.0742384007970691,-2.1484768015941382
452,2,972.0,203.0,66,True,-1.0744643486483052,-1.0744643486483052,-2.1489286972966104
452,3,970.1666666666667,203.0,66,True,-1.0739672633755866,-1.0739672633755866,-2.147934526751173
453,0,972.0,203.0,66,True,-1.0744643486483054,-1.0744643486483054,-2.148928697296611
453,1,976.1666666666667,203.0,66,True,-1.075594087904485,-1.075594087904485,-2.15118817580897
453,2,965.1666666666667,203.0,66,True,-1.0726115762681705,-1.0726115762681705,-2.145223152536341
453,3,965.0,203.0,66,True,-1.0725663866979234,-1.0725663866979234,-2.1451327733958467
454,0,972.0,203.0,66,True,-1.0744643486483052,-1.0744643486483052,-2.1489286972966104
454,1,965.0,203.0,66,True,-1.0725663866979234,-1.0725663866979234,-2.1451327733958467
454,2,958.1666666666667,203.0,66,True,-1.070713614317789,-1.070713614317789,-2.141427228635578
454,3,972.0,203.0,66,True,-1.0744643486483048,-1.0744643486483048,-2.1489286972966095
455,0,965.0,203.0,66,True,-1.0725663866979231,-1.0725663866979231,-2.1451327733958463
455,1,966.1666666666667,203.0,66,True,-1.072882713689654,-1.072882713689654,-2.145765427379308
455,2,972.0,203.0,66,True,-1.0744643486483052,-1.0744643486483052,-2.1489286972966104
455,3,965.0,203.0,66,True,-1.0725663866979234,-1.0725663866979234,-2.1451327733958467
456,0,961.1666666666667,203.0,66,True,-1.071527026582238,-1.071527026582238,-2.143054053164476
456,1,965.0,203.0,66,True,-1.0725663866979236,-1.0725663866979236,-2.145132773395847
456,2,960.1666666666667,203.0,66,True,-1.0712558891607555,-1.0712558891607555,-2.142511778321511
456,3,973.1666666666667,203.0,66,True,-1.0747806756400358,-1.0747806756400358,-2.1495613512800715
457,0,965.0,203.0,66,True,-1.0725663866979231,-1.0725663866979231,-2.1451327733958463
457,1,972.1666666666667,203.0,66,True,-1.0745095382185523,-1.0745095382185523,-2.1490190764371047
457,2,972.0,203.0,66,True,-1.0744643486483059,-1.0744643486483059,-2.1489286972966117
457,3,965.1666666666667,203.0,66,True,-1.0726115762681707,-1.0726115762681707,-2.1452231525363414
458,0,964.1666666666667,203.0,66,True,-1.0723404388466873,-1.0723404388466873,-2.1446808776933746
458,1,955.1666666666667,203.0,66,True,-1.0699002020533392,-1.0699002020533392,-2.1398004041066785
458,2,978.1666666666667,203.0,66,True,-1.0761363627474514,-1.0761363627474514,-2.152272725494903
458,3,963.1666666666667,203.0,66,True,-1.0720693014252047,-1.0720693014252047,-2.1441386028504095
459,0,963.1666666666667,203.0,66,True,-1.0720693014252047,-1.0720693014252047,-2.1441386028504095
459,1,965.0,203.0,66,True,-1.0725663866979234,-1.0725663866979234,-2.1451327733958467
459,2,976.1666666666667,203.0,66,True,-1.0755940879044852,-1.0755940879044852,-2.1511881758089704
459,3,948.1666666666667,203.0,66,True,-1.0680022401029579,-1.0680022401029579,-2.1360044802059157
460,0,965.1666666666667,203.0,66,True,-1.0726115762681705,-1.0726115762681705,-2.145223152536341
460,1,972.0,203.0,66,True,-1.0744643486483052,-1.0744643486483052,-2.1489286972966104
460,2,969.1666666666667,203.0,66,True,-1.0736961259541031,-1.0736961259541031,-2.1473922519082063
460,3,969.1666666666667,203.0,66,True,-1.0736961259541031,-1.0736961259541031,-2.1473922519082063
461,0,960.1666666666667,203.0,66,True,-1.071255889160755,-1.071255889160755,-2.14251177832151
461,1,972.0,203.0,66,True,-1.0744643486483054,-1.0744643486483054,-2.148928697296611
461,2,965.0,203.0,66,True,-1.0725663866979236,-1.0725663866979236,-2.145132773395847
461,3,972.0,203.0,66,True,-1.0744643486483054,-1.0744643486483054,-2.148928697296611
462,0,962.1666666666667,203.0,66,True,-1.0717981640037213,-1.0717981640037213,-2.1435963280074426
462,1,965.0,203.0,66,True,-1.0725663866979231,-1.0725663866979231,-2.1451327733958463
462,2,965.0,203.0,66,True,-1.0725663866979234,-1.0725663866979234,-2.1451327733958467
462,3,971.1666666666667,203.0,66,True,-1.0742384007970691,-1.0742384007970691,-2.1484768015941382
463,0,965.0,203.0,66,True,-1.0725663866979231,-1.0725663866979231,-2.1451327733958463
463,1,972.0,203.0,66,True,-1.0744643486483052,-1.0744643486483052,-2.1489286972966104
463,2,965.0,203.0,66,True,-1.0725663866979234,-1.0725663866979234,-2.1451327733958467
463,3,970.1666666666667,203.0,66,True,-1.0739672633755863,-1.0739672633755863,-2.1479345267511727
464,0,957.1666666666667,203.0,66,True,-1.070442476896306,-1.070442476896306,-2.140884953792612
464,1,972.0,203.0,66,True,-1.0744643486483054,-1.0744643486483054,-2.148928697296611
464,2,973.1666666666667,203.0,66,True,-1.0747806756400355,-1.0747806756400355,-2.149561351280071
464,3,947.1666666666667,203.0,66,True,-1.0677311026814744,-1.0677311026814744,-2.135462205362949
465,0,972.0,203.0,66,True,-1.0744643486483052,-1.0744643486483052,-2.1489286972966104
465,1,958.1666666666667,203.0,66,True,-1.0707136143177887,-1.0707136143177887,-2.1414272286355773
465,2,965.0,203.0,66,True,-1.0725663866979236,-1.0725663866979236,-2.145132773395847
465,3,971.1666666666667,203.0,66,True,-1.0742384007970691,-1.0742384007970691,-2.1484768015941382
466,0,972.0,203.0,66,True,-1.0744643486483052,-1.0744643486483052,-2.1489286972966104
466,1,944.1666666666667,203.0,66,True,-1.0669176904170257,-1.0669176904170257,-2.1338353808340513
466,2,952.1666666666667,203.0,66,True,-1.06908678978889,-1.06908678978889,-2.13817357957778
466,3,972.0,203.0,66,True,-1.0744643486483052,-1.0744643486483052,-2.1489286972966104
467,0,965.0,203.0,66,True,-1.0725663866979238,-1.0725663866979238,-2.1451327733958476
467,1,972.0,203.0,66,True,-1.0744643486483052,-1.0744643486483052,-2.1489286972966104
467,2,956.1666666666667,203.0,66,True,-1.0701713394748222,-1.0701713394748222,-2.1403426789496445
467,3,972.0,203.0,66,True,-1.0744643486483056,-1.0744643486483056,-2.1489286972966113
468,0,972.0,203.0,66,True,-1.0744643486483054,-1.0744643486483054,-2.148928697296611
468,1,972.0,203.0,66,True,-1.0744643486483056,-1.0744643486483056,-2.1489286972966113
468,2,972.0,203.0,66,True,-1.0744643486483054,-1.0744643486483054,-2.148928697296611
468,3,972.0,203.0,66,True,-1.0744643486483054,-1.0744643486483054,-2.148928697296611
469,0,972.0,203.0,66,True,-1.074464348648305,-1.074464348648305,-2.14892869729661
469,1,972.0,203.0,66,True,-1.0744643486483052,-1.0744643486483052,-2.1489286972966104
469,2,972.0,203.0,66,True,-1.0744643486483054,-1.0744643486483054,-2.148928697296611
469,3,955.1666666666667,203.0,66,True,-1.0699002020533397,-1.0699002020533397,-2.1398004041066794
470,0,965.1666666666667,203.0,66,True,-1.0726115762681703,-1.0726115762681703,-2.1452231525363405
470,1,972.0,203.0,66,True,-1.0744643486483052,-1.0744643486483052,-2.1489286972966104
470,2,966.1666666666667,203.0,66,True,-1.0728827136896535,-1.0728827136896535,-2.145765427379307
470,3,972.0,203.0,66,True,-1.0744643486483054,-1.0744643486483054,-2.148928697296611
471,0,958.0,203.0,66,True,-1.0706684247475415,-1.0706684247475415,-2.141336849495083
471,1,965.0,203.0,66,True,-1.0725663866979234,-1.0725663866979234,-2.1451327733958467
471,2,984.1666666666667,279.0,66,True,-1.3813583936678282,-1.3813583936678282,-2.7627167873356564
471,3,972.0,203.0,66,True,-1.0744643486483054,-1.0744643486483054,-2.148928697296611
472,0,965.0,203.0,66,True,-1.0725663866979231,-1.0725663866979231,-2.1451327733958463
472,1,972.0,203.0,66,True,-1.0744643486483054,-1.0744643486483054,-2.148928697296611
472,2,972.0,203.0,66,True,-1.0744643486483056,-1.0744643486483056,-2.1489286972966113
472,3,965.0,203.0,66,True,-1.0725663866979236,-1.0725663866979236,-2.145132773395847
473,0,985.1666666666667,323.0,68,True,-1.5573951768949037,-1.5573951768949037,-3.1147903537898074
473,1,970.1666666666667,203.0,66,True,-1.0739672633755866,-1.0739672633755866,-2.147934526751173
473,2,955.1666666666667,203.0,66,True,-1.069900202053339,-1.069900202053339,-2.139800404106678
473,3,933.1666666666667,203.0,66,True,-1.063935178780711,-1.063935178780711,-2.127870357561422
474,0,966.1666666666667,203.0,66,True,-1.072882713689654,-1.072882713689654,-2.145765427379308
474,1,972.0,203.0,66,True,-1.0744643486483052,-1.0744643486483052,-2.1489286972966104
474,2,966.1666666666667,203.0,66,True,-1.0728827136896537,-1.0728827136896537,-2.1457654273793074
474,3,965.0,203.0,66,True,-1.0725663866979231,-1.0725663866979231,-2.1451327733958463
475,0,999.0,386.0,69,True,-1.8128103586288822,-1.8128103586288822,-3.6256207172577644
475,1,958.0,203.0,66,True,-1.0706684247475415,-1.0706684247475415,-2.141336849495083
475,2,955.1666666666667,203.0,66,True,-1.069900202053339,-1.069900202053339,-2.139800404106678
475,3,958.0,203.0,66,True,-1.0706684247475415,-1.0706684247475415,-2.141336849495083
476,0,972.0,203.0,66,True,-1.0744643486483054,-1.0744643486483054,-2.148928697296611
476,1,958.1666666666667,203.0,66,True,-1.0707136143177889,-1.0707136143177889,-2.1414272286355778
476,2,953.1666666666667,203.0,66,True,-1.0693579272103733,-1.0693579272103733,-2.1387158544207465
476,3,955.1666666666667,203.0,66,True,-1.0699002020533397,-1.0699002020533397,-2.1398004041066794
477,0,972.0,203.0,66,True,-1.0744643486483054,-1.0744643486483054,-2.148928697296611
477,1,993.3333333333334,323.0,67,True,-1.559609465837016,-1.559609465837016,-3.119218931674032
477,2,951.1666666666667,203.0,66,True,-1.0688156523674073,-1.0688156523674073,-2.1376313047348146
477,3,970.1666666666667,203.0,66,True,-1.0739672633755861,-1.0739672633755861,-2.1479345267511722
478,0,946.0,262.0,67,True,-1.3031005280199706,-1.3031005280199706,-2.606201056039941
478,1,999.1666666666667,279.0,67,True,-1.385425454990075,-1.385425454990075,-2.77085090998015
478,2,998.1666666666667,262.0,66,True,-1.3172448635073397,-1.3172448635073397,-2.6344897270146794
478,3,958.0,279.0,66,True,-1.3742636311390193,-1.3742636311390193,-2.7485272622780386
479,0,992.1666666666666,355.0,68,True,-1.6871226994311714,-1.6871226994311714,-3.374245398862343
479,1,1001.3333333333334,323.0,68,True,-1.5617785652088805,-1.5617785652088805,-3.123557130417761
479,2,958.0,203.0,66,True,-1.0706684247475415,-1.0706684247475415,-2.141336849495083
479,3,953.0,262.0,66,True,-1.304998489970352,-1.304998489970352,-2.609996979940704
480,0,940.1666666666667,203.0,66,True,-1.0658331407310924,-1.0658331407310924,-2.1316662814621847
480,1,968.1666666666667,203.0,66,True,-1.07342498853262,-1.07342498853262,-2.14684997706524
480,2,1044.0,443.0,70,True,-2.052707947389231,-2.052707947389231,-4.105415894778462
480,3,981.0,279.0,67,True,-1.3804997918331305,-1.3804997918331305,-2.760999583666261
481,0,972.0,203.0,66,True,-1.074464348648305,-1.074464348648305,-2.14892869729661
481,1,948.1666666666667,203.0,66,True,-1.0680022401029576,-1.0680022401029576,-2.1360044802059153
481,2,983.1666666666667,203.0,66,True,-1.077492049854867,-1.077492049854867,-2.154984099709734
481,3,965.0,203.0,66,True,-1.0725663866979234,-1.0725663866979234,-2.1451327733958467
482,0,966.1666666666667,203.0,66,True,-1.072882713689654,-1.072882713689654,-2.145765427379308
482,1,975.1666666666667,203.0,66,True,-1.0753229504830017,-1.0753229504830017,-2.1506459009660035
482,2,965.0,203.0,66,True,-1.0725663866979236,-1.0725663866979236,-2.145132773395847
482,3,965.0,203.0,66,True,-1.0725663866979238,-1.0725663866979238,-2.1451327733958476
483,0,972.0,203.0,66,True,-1.0744643486483052,-1.0744643486483052,-2.1489286972966104
483,1,965.0,203.0,66,True,-1.0725663866979234,-1.0725663866979234,-2.1451327733958467
483,2,972.0,203.0,66,True,-1.074464348648305,-1.074464348648305,-2.14892869729661
483,3,972.0,203.0,66,True,-1.0744643486483052,-1.0744643486483052,-2.1489286972966104
484,0,965.0,203.0,66,True,-1.0725663866979234,-1.0725663866979234,-2.1451327733958467
484,1,971.1666666666667,203.0,66,True,-1.0742384007970693,-1.0742384007970693,-2.1484768015941387
484,2,965.0,203.0,66,True,-1.0725663866979231,-1.0725663866979231,-2.1451327733958463
484,3,947.1666666666667,203.0,66,True,-1.0677311026814742,-1.0677311026814742,-2.1354622053629484
485,0,967.1666666666667,203.0,66,True,-1.073153851111137,-1.073153851111137,-2.146307702222274
485,1,991.1666666666666,279.0,66,True,-1.3832563556182098,-1.3832563556182098,-2.7665127112364196
485,2,965.0,203.0,66,True,-1.0725663866979238,-1.0725663866979238,-2.1451327733958476
485,3,965.0,203.0,66,True,-1.0725663866979234,-1.0725663866979234,-2.1451327733958467
486,0,972.0,203.0,66,True,-1.074464348648305,-1.074464348648305,-2.14892869729661
486,1,958.0,203.0,66,True,-1.070668424747541,-1.070668424747541,-2.141336849495082
486,2,972.0,203.0,66,True,-1.0744643486483052,-1.0744643486483052,-2.1489286972966104
486,3,965.0,203.0,66,True,-1.0725663866979231,-1.0725663866979231,-2.1451327733958463
487,0,1001.3333333333334,323.0,68,True,-1.561778565208881,-1.561778565208881,-3.123557130417762
487,1,992.0,386.0,69,True,-1.8109123966785003,-1.8109123966785003,-3.6218247933570007
487,2,979.3333333333334,323.0,67,True,-1.5558135419362522,-1.5558135419362522,-3.1116270838725044
487,3,965.0,203.0,66,True,-1.0725663866979236,-1.0725663866979236,-2.145132773395847
488,0,965.0,203.0,66,True,-1.0725663866979234,-1.0725663866979234,-2.1451327733958467
488,1,972.0,203.0,66,True,-1.0744643486483052,-1.0744643486483052,-2.1489286972966104
488,2,965.0,203.0,66,True,-1.072566386697924,-1.072566386697924,-2.145132773395848
488,3,972.0,203.0,66,True,-1.0744643486483054,-1.0744643486483054,-2.148928697296611
489,0,971.1666666666667,203.0,66,True,-1.0742384007970696,-1.0742384007970696,-2.148476801594139
489,1,998.8333333333334,323.0,68,True,-1.5611007216551733,-1.5611007216551733,-3.1222014433103467
489,2,968.1666666666667,203.0,66,True,-1.07342498853262,-1.07342498853262,-2.14684997706524
489,3,918.1666666666667,203.0,66,True,-1.059868117458464,-1.059868117458464,-2.119736234916928
490,0,938.1666666666667,203.0,66,True,-1.0652908658881266,-1.0652908658881266,-2.130581731776253
490,1,943.1666666666667,203.0,66,True,-1.066646552995542,-1.066646552995542,-2.133293105991084
490,2,937.1666666666667,203.0,66,True,-1.0650197284666432,-1.0650197284666432,-2.1300394569332863
490,3,937.1666666666667,203.0,66,True,-1.065019728466643,-1.065019728466643,-2.130039456933286
491,0,1045.166666666667,561.0,72,True,-2.5243957790414147,-2.5243957790414147,-5.048791558082829
491,1,1212.5,943.0,78,True,-4.095731487063597,-4.095731487063597,-8.191462974127194
491,2,958.0,203.0,66,True,-1.0706684247475413,-1.0706684247475413,-2.1413368494950826
491,3,1025.1666666666667,399.0,69,True,-1.8718358801457067,-1.8718358801457067,-3.7436717602914134
492,0,1153.5,659.0,72,True,-2.9452470289963584,-2.9452470289963584,-5.890494057992717
492,1,965.0,203.0,66,True,-1.0725663866979234,-1.0725663866979234,-2.1451327733958467
492,2,1116.5,583.0,72,True,-2.6316197380100066,-2.6316197380100066,-5.263239476020013
492,3,965.0,203.0,66,True,-1.0725663866979238,-1.0725663866979238,-2.1451327733958476
493,0,965.0,203.0,66,True,-1.072566386697924,-1.072566386697924,-2.145132773395848
493,1,1127.1666666666665,615.0,72,True,-2.7623414310917114,-2.7623414310917114,-5.524682862183423
493,2,996.0,323.0,67,True,-1.560332498960971,-1.560332498960971,-3.120664997921942
493,3,965.0,203.0,66,True,-1.0725663866979236,-1.0725663866979236,-2.145132773395847
494,0,975.1666666666667,203.0,66,True,-1.0753229504830015,-1.0753229504830015,-2.150645900966003
494,1,965.0,203.0,66,True,-1.0725663866979236,-1.0725663866979236,-2.145132773395847
494,2,970.1666666666667,203.0,66,True,-1.0739672633755861,-1.0739672633755861,-2.1479345267511722
494,3,965.0,203.0,66,True,-1.0725663866979234,-1.0725663866979234,-2.1451327733958467
495,0,977.1666666666667,203.0,66,True,-1.075865225325968,-1.075865225325968,-2.151730450651936
495,1,958.0,203.0,66,True,-1.0706684247475415,-1.0706684247475415,-2.141336849495083
495,2,965.0,203.0,66,True,-1.072566386697924,-1.072566386697924,-2.145132773395848
495,3,948.1666666666667,203.0,66,True,-1.0680022401029579,-1.0680022401029579,-2.1360044802059157
496,0,972.0,203.0,66,True,-1.0744643486483052,-1.0744643486483052,-2.1489286972966104
496,1,975.1666666666667,203.0,66,True,-1.0753229504830015,-1.0753229504830015,-2.150645900966003
496,2,972.0,203.0,66,True,-1.0744643486483054,-1.0744643486483054,-2.148928697296611
496,3,964.1666666666667,203.0,66,True,-1.0723404388466875,-1.0723404388466875,-2.144680877693375
497,0,972.0,203.0,66,True,-1.0744643486483052,-1.0744643486483052,-2.1489286972966104
497,1,965.0,203.0,66,True,-1.0725663866979234,-1.0725663866979234,-2.1451327733958467
497,2,956.1666666666667,203.0,66,True,-1.0701713394748227,-1.0701713394748227,-2.1403426789496454
497,3,967.1666666666667,203.0,66,True,-1.0731538511111371,-1.0731538511111371,-2.1463077022222743
498,0,965.0,203.0,66,True,-1.0725663866979234,-1.0725663866979234,-2.1451327733958467
498,1,972.0,203.0,66,True,-1.0744643486483052,-1.0744643486483052,-2.1489286972966104
498,2,971.1666666666667,203.0,66,True,-1.0742384007970691,-1.0742384007970691,-2.1484768015941382
498,3,990.1666666666667,203.0,66,True,-1.0793900118052486,-1.0793900118052486,-2.1587800236104973
499,0,965.0,203.0,66,True,-1.0725663866979236,-1.0725663866979236,-2.145132773395847
499,1,965.0,203.0,66,True,-1.0725663866979234,-1.0725663866979234,-2.1451327733958467
499,2,966.1666666666667,203.0,66,True,-1.0728827136896537,-1.0728827136896537,-2.1457654273793074
499,3,947.1666666666667,203.0,66,True,-1.0677311026814744,-1.0677311026814744,-2.135462205362949
500,0,951.0,203.0,66,True,-1.0687704627971595,-1.0687704627971595,-2.137540925594319
500,1,962.1666666666667,203.0,66,True,-1.0717981640037213,-1.0717981640037213,-2.1435963280074426
500,2,954.1666666666667,203.0,66,True,-1.0696290646318563,-1.0696290646318563,-2.1392581292637125
500,3,965.0,203.0,66,True,-1.0725663866979236,-1.0725663866979236,-2.145132773395847
