global_episode,worker_id,makespan,cost,steps,done,upper_reward_sum,lower_reward_sum,total_reward_sum
1,0,1508.3333333333335,3576.0,105,True,-3.8407064402890834,-3.8407064402890834,-7.681412880578167
1,1,1572.1666666666667,3396.0,99,True,-3.830043540846455,-3.830043540846455,-7.66008708169291
1,2,1486.0,4142.0,117,True,-4.107387140799024,-4.107387140799024,-8.214774281598048
1,3,1765.1666666666665,4474.0,119,True,-4.645807291899943,-4.645807291899943,-9.291614583799886
2,0,2116.166666666667,4552.0,115,True,-5.145337843900647,-5.145337843900647,-10.290675687801293
2,1,1638.1666666666665,3109.0,99,True,-3.7662793847194664,-3.7662793847194664,-7.532558769438933
2,2,1369.6666666666667,4160.0,114,True,-3.9647488126776462,-3.9647488126776462,-7.9294976253552925
2,3,1517.6666666666665,3926.0,114,True,-4.035863807851833,-4.035863807851833,-8.071727615703667
3,0,1677.1666666666665,4018.0,111,True,-4.292422263616916,-4.292422263616916,-8.584844527233832
3,1,1628.0000000000002,3847.0,113,True,-4.138773049372963,-4.138773049372963,-8.277546098745926
3,2,2103.333333333333,6635.0,147,True,-6.217430336998985,-6.217430336998985,-12.43486067399797
3,3,1563.6666666666665,3458.0,104,True,-3.8513438708113115,-3.8513438708113115,-7.702687741622623
4,0,1594.5,4418.0,118,True,-4.393472615558679,-4.393472615558679,-8.786945231117357
4,1,1418.8333333333335,3396.0,102,True,-3.629636918714591,-3.629636918714591,-7.259273837429182
4,2,1844.0,3709.0,108,True,-4.348946983500542,-4.348946983500542,-8.697893967001084
4,3,1533.1666666666667,4058.0,113,True,-4.125123871567409,-4.125123871567409,-8.250247743134818
5,0,1392.3333333333335,3293.0,99,True,-3.5411592936356233,-3.5411592936356233,-7.082318587271247
5,1,1405.8333333333333,3465.0,105,True,-3.6487149240585857,-3.6487149240585857,-7.297429848117171
5,2,1225.1666666666667,3046.0,101,True,-3.193555938023755,-3.193555938023755,-6.38711187604751
5,3,998.1666666666667,2259.0,89,True,-2.4854712904156835,-2.4854712904156835,-4.970942580831367
6,0,1201.3333333333335,2572.0,91,True,-2.914627419680287,-2.914627419680287,-5.829254839360574
6,1,1425.6666666666667,3726.0,110,True,-3.8110720039402044,-3.8110720039402044,-7.622144007880409
6,2,1372.0,3006.0,99,True,-3.364557495917002,-3.364557495917002,-6.729114991834004
6,3,1438.1666666666665,3757.0,110,True,-3.8436144140576882,-3.8436144140576882,-7.6872288281153764
7,0,1177.5,2476.0,94,True,-2.83329430123227,-2.83329430123227,-5.66658860246454
7,1,1006.1666666666666,2147.0,86,True,-2.4373805029379203,-2.4373805029379203,-4.874761005875841
7,2,1177.1666666666665,2188.0,88,True,-2.682309758551598,-2.682309758551598,-5.364619517103196
7,3,1388.3333333333335,3129.0,97,True,-3.450202073678739,-3.450202073678739,-6.900404147357478
8,0,1327.1666666666665,2520.0,93,True,-3.0519091138349133,-3.0519091138349133,-6.1038182276698265
8,1,1178.1666666666665,2495.0,94,True,-2.8440976782820635,-2.8440976782820635,-5.688195356564127
8,2,1204.1666666666665,2210.0,89,True,-2.729099012079175,-2.729099012079175,-5.45819802415835
8,3,1278.5,3266.0,104,True,-3.3782652028958196,-3.3782652028958196,-6.756530405791639
9,0,1045.3333333333335,2161.0,87,True,-2.495889673039793,-2.495889673039793,-4.991779346079586
9,1,1431.6666666666667,2026.0,85,True,-2.9302574418211655,-2.9302574418211655,-5.860514883642331
9,2,1025.3333333333333,1596.0,81,True,-2.1744020573118266,-2.1744020573118266,-4.348804114623653
9,3,1090.3333333333333,2210.0,93,True,-2.580318878474761,-2.580318878474761,-5.160637756949522
10,0,1038.1666666666665,1434.0,77,True,-2.106491477438787,-2.106491477438787,-4.212982954877574
10,1,1111.1666666666665,1580.0,82,True,-2.278222372598082,-2.278222372598082,-4.556444745196164
10,2,1139.6666666666667,1534.0,79,True,-2.291425863274939,-2.291425863274939,-4.582851726549878
10,3,879.1666666666666,1210.0,74,True,-1.7815849533110273,-1.7815849533110273,-3.5631699066220546
11,0,1115.3333333333335,1827.0,86,True,-2.412784775552388,-2.412784775552388,-4.825569551104776
11,1,1174.1666666666667,1539.0,82,True,-2.3391310490204216,-2.3391310490204216,-4.678262098040843
11,2,1223.3333333333333,1824.0,84,True,-2.5523725267249056,-2.5523725267249056,-5.104745053449811
11,3,1145.3333333333333,1378.0,78,True,-2.2172848870690602,-2.2172848870690602,-4.4345697741381205
12,0,943.1666666666666,1551.0,80,True,-2.0434869859510236,-2.0434869859510236,-4.086973971902047
12,1,1007.1666666666666,1606.0,81,True,-2.1558856207865253,-2.1558856207865253,-4.311771241573051
12,2,1141.5,1761.0,80,True,-2.412483817177028,-2.412483817177028,-4.824967634354056
12,3,1234.3333333333333,2090.0,88,True,-2.7057981382712617,-2.7057981382712617,-5.411596276542523
13,0,943.1666666666666,1642.0,79,True,-2.0910562488888185,-2.0910562488888185,-4.182112497777637
13,1,1081.3333333333333,1653.0,81,True,-2.2773901727772077,-2.2773901727772077,-4.554780345554415
13,2,973.3333333333333,1376.0,78,True,-1.9914354587191685,-1.9914354587191685,-3.982870917438337
13,3,943.1666666666666,1692.0,82,True,-2.117193206546947,-2.117193206546947,-4.234386413093894
14,0,867.1666666666666,1390.0,78,True,-1.8599940043656227,-1.8599940043656227,-3.7199880087312454
14,1,1024.3333333333335,1600.0,81,True,-2.1751860142149213,-2.1751860142149213,-4.350372028429843
14,2,931.1666666666666,1105.0,76,True,-1.7946613271258491,-1.7946613271258491,-3.5893226542516983
14,3,858.0,1803.0,83,True,-2.0639044439508383,-2.0639044439508383,-4.1278088879016765
15,0,943.1666666666666,1298.0,77,True,-1.911233980200893,-1.911233980200893,-3.822467960401786
15,1,988.1666666666666,1258.0,76,True,-1.9491394010043936,-1.9491394010043936,-3.8982788020087873
15,2,1018.3333333333334,1497.0,83,True,-2.113501883181843,-2.113501883181843,-4.227003766363686
15,3,972.0,993.0,75,True,-1.7894836967784962,-1.7894836967784962,-3.5789673935569923
16,0,1125.3333333333335,1519.0,78,True,-2.2648511134738714,-2.2648511134738714,-4.529702226947743
16,1,1087.3333333333335,1298.0,78,True,-2.0996597716618295,-2.0996597716618295,-4.199319543323659
16,2,810.0,1448.0,80,True,-1.8155960585194557,-1.8155960585194557,-3.6311921170389114
16,3,974.0,1285.0,78,True,-1.9447375289210784,-1.9447375289210784,-3.889475057842157
17,0,823.1666666666666,1263.0,77,True,-1.7360981446935293,-1.7360981446935293,-3.4721962893870586
17,1,881.1666666666666,1541.0,81,True,-1.9572256124269498,-1.9572256124269498,-3.9144512248538996
17,2,955.0,1219.0,77,True,-1.8854037503307917,-1.8854037503307917,-3.7708075006615833
17,3,993.1666666666666,1661.0,82,True,-2.1663382782766876,-2.1663382782766876,-4.332676556553375
18,0,1008.0,1348.0,80,True,-2.022108085695211,-2.022108085695211,-4.044216171390422
18,1,979.1666666666666,1206.0,74,True,-1.9101939676539386,-1.9101939676539386,-3.820387935307877
18,2,921.0,2190.0,88,True,-2.3485454779267583,-2.3485454779267583,-4.6970909558535165
18,3,1127.5,1779.0,84,True,-2.4035951260001767,-2.4035951260001767,-4.807190252000353
19,0,874.0,1315.0,78,True,-1.8297197325603936,-1.8297197325603936,-3.659439465120787
19,1,929.1666666666666,1253.0,77,True,-1.8694127223747987,-1.8694127223747987,-3.7388254447495974
19,2,929.1666666666666,1390.0,78,True,-1.9410279863580713,-1.9410279863580713,-3.8820559727161426
19,3,957.1666666666666,1691.0,81,True,-2.134968463327563,-2.134968463327563,-4.269936926655126
20,0,919.0,1198.0,77,True,-1.8273742385703748,-1.8273742385703748,-3.6547484771407497
20,1,810.0000000000001,1586.0,84,True,-1.8877340616558915,-1.8877340616558915,-3.775468123311783
20,2,860.0,1119.0,74,True,-1.7089648626067504,-1.7089648626067504,-3.417929725213501
20,3,911.0,1308.0,80,True,-1.874419547741813,-1.874419547741813,-3.748839095483626
21,0,1123.5,1218.0,73,True,-2.1051104622377514,-2.1051104622377514,-4.210220924475503
21,1,874.0,1284.0,77,True,-1.813514818812354,-1.813514818812354,-3.627029637624708
21,2,957.1666666666666,1063.0,73,True,-1.8066882751414677,-1.8066882751414677,-3.6133765502829354
21,3,601.8333333333334,939.0,75,True,-1.2774480566872122,-1.2774480566872122,-2.5548961133744243
22,0,974.1666666666666,842.0,70,True,-1.7133819173549845,-1.7133819173549845,-3.426763834709969
22,1,694.8333333333334,970.0,74,True,-1.4152039434239245,-1.4152039434239245,-2.830407886847849
22,2,855.0,919.0,74,True,-1.5978820334264585,-1.5978820334264585,-3.195764066852917
22,3,915.1666666666666,1132.0,74,True,-1.7878632889083494,-1.7878632889083494,-3.575726577816699
23,0,646.8333333333334,1284.0,79,True,-1.516608051458303,-1.516608051458303,-3.033216102916606
23,1,601.8333333333334,1003.0,77,True,-1.3109033624896167,-1.3109033624896167,-2.6218067249792334
23,2,601.8333333333334,766.0,72,True,-1.1870141831900876,-1.1870141831900876,-2.374028366380175
23,3,879.1666666666666,1046.0,74,True,-1.6958557321923657,-1.6958557321923657,-3.3917114643847315
24,0,649.8333333333334,908.0,74,True,-1.3239791289978424,-1.3239791289978424,-2.647958257995685
24,1,810.0,1108.0,76,True,-1.6378647464441818,-1.6378647464441818,-3.2757294928883636
24,2,830.0,747.0,71,True,-1.4752959063436053,-1.4752959063436053,-2.9505918126872106
24,3,649.8333333333334,1059.0,76,True,-1.4029127411253905,-1.4029127411253905,-2.805825482250781
25,0,646.8333333333334,1034.0,74,True,-1.3859232631676592,-1.3859232631676592,-2.7718465263353185
25,1,621.8333333333334,684.0,72,True,-1.1702895668218687,-1.1702895668218687,-2.3405791336437374
25,2,694.8333333333334,842.0,73,True,-1.3482933318191155,-1.3482933318191155,-2.696586663638231
25,3,601.8333333333334,1164.0,75,True,-1.3950643661487903,-1.3950643661487903,-2.7901287322975805
26,0,858.0,1214.0,73,True,-1.756011082738084,-1.756011082738084,-3.512022165476168
26,1,646.8333333333334,831.0,72,True,-1.2798072150756572,-1.2798072150756572,-2.5596144301513144
26,2,810.0,825.0,73,True,-1.4899295660991736,-1.4899295660991736,-2.979859132198347
26,3,694.8333333333334,1009.0,74,True,-1.4355907703972652,-1.4355907703972652,-2.8711815407945305
27,0,646.8333333333334,724.0,70,True,-1.2238741256872623,-1.2238741256872623,-2.4477482513745246
27,1,715.1666666666666,1113.0,73,True,-1.5165313030871368,-1.5165313030871368,-3.0330626061742736
27,2,715.1666666666666,1065.0,74,True,-1.491439823735333,-1.491439823735333,-2.982879647470666
27,3,601.8333333333334,810.0,70,True,-1.2100147059292408,-1.2100147059292408,-2.4200294118584815
28,0,601.8333333333334,1239.0,78,True,-1.434269802635984,-1.434269802635984,-2.868539605271968
28,1,858.0,739.0,71,True,-1.507709984985862,-1.507709984985862,-3.015419969971724
28,2,601.8333333333334,711.0,71,True,-1.158263529766146,-1.158263529766146,-2.316527059532292
28,3,646.8333333333334,1282.0,78,True,-1.5155625731519775,-1.5155625731519775,-3.031125146303955
29,0,601.8333333333334,562.0,69,True,-1.080375395944923,-1.080375395944923,-2.160750791889846
29,1,810.1666666666666,638.0,69,True,-1.3923951777426986,-1.3923951777426986,-2.784790355485397
29,2,829.1666666666666,1078.0,73,True,-1.6472333996157866,-1.6472333996157866,-3.2944667992315733
29,3,629.8333333333334,786.0,71,True,-1.234064958120896,-1.234064958120896,-2.468129916241792
30,0,697.8333333333334,1146.0,77,True,-1.5111270335092037,-1.5111270335092037,-3.0222540670184075
30,1,649.8333333333334,953.0,71,True,-1.3475023908901582,-1.3475023908901582,-2.6950047817803164
30,2,601.8333333333334,567.0,68,True,-1.0829890917107357,-1.0829890917107357,-2.1659781834214713
30,3,733.8333333333334,1092.0,76,True,-1.5299511087824273,-1.5299511087824273,-3.0599022175648547
31,0,646.8333333333334,878.0,74,True,-1.304375955274298,-1.304375955274298,-2.608751910548596
31,1,697.8333333333334,1594.0,85,True,-1.7453141741260367,-1.7453141741260367,-3.4906283482520735
31,2,637.8333333333334,983.0,76,True,-1.3475005689703676,-1.3475005689703676,-2.6950011379407353
31,3,649.8333333333334,1153.0,78,True,-1.452050221522673,-1.452050221522673,-2.904100443045346
32,0,712.0,1902.0,90,True,-1.9248336625188132,-1.9248336625188132,-3.8496673250376263
32,1,601.8333333333334,608.0,70,True,-1.104421396990401,-1.104421396990401,-2.208842793980802
32,2,697.8333333333334,1520.0,84,True,-1.706631476792006,-1.706631476792006,-3.413262953584012
32,3,646.8333333333334,732.0,70,True,-1.228056038912563,-1.228056038912563,-2.456112077825126
33,0,649.8333333333334,1142.0,78,True,-1.4463000908378842,-1.4463000908378842,-2.8926001816757685
33,1,790.8333333333334,1036.0,76,True,-1.5751766996499934,-1.5751766996499934,-3.150353399299987
33,2,601.8333333333334,896.0,73,True,-1.2549702731012222,-1.2549702731012222,-2.5099405462024444
33,3,649.8333333333334,523.0,69,True,-1.1227245550302525,-1.1227245550302525,-2.245449110060505
34,0,637.8333333333334,935.0,76,True,-1.3224090896185645,-1.3224090896185645,-2.644818179237129
34,1,601.8333333333334,602.0,70,True,-1.1012849620714258,-1.1012849620714258,-2.2025699241428516
34,2,601.8333333333334,622.0,70,True,-1.1117397451346773,-1.1117397451346773,-2.2234794902693547
34,3,601.8333333333334,883.0,74,True,-1.248174664110108,-1.248174664110108,-2.496349328220216
35,0,649.8333333333334,844.0,74,True,-1.2905238231954377,-1.2905238231954377,-2.5810476463908754
35,1,601.8333333333334,461.0,68,True,-1.027578741475503,-1.027578741475503,-2.055157482951006
35,2,893.1666666666666,598.0,70,True,-1.4799665875093122,-1.4799665875093122,-2.9599331750186244
35,3,601.8333333333334,608.0,70,True,-1.1044213969904009,-1.1044213969904009,-2.2088427939808017
36,0,601.8333333333334,752.0,72,True,-1.179695835045811,-1.179695835045811,-2.359391670091622
36,1,646.8333333333334,685.0,69,True,-1.2034872987139218,-1.2034872987139218,-2.4069745974278436
36,2,646.8333333333334,600.0,70,True,-1.1590544706951031,-1.1590544706951031,-2.3181089413902063
36,3,649.8333333333334,959.0,75,True,-1.3506388258091335,-1.3506388258091335,-2.701277651618267
37,0,810.0,825.0,72,True,-1.4899295660991738,-1.4899295660991738,-2.9798591321983476
37,1,860.1666666666666,1430.0,79,True,-1.8717545725252365,-1.8717545725252365,-3.743509145050473
37,2,865.1666666666666,1271.0,76,True,-1.7951740457201657,-1.7951740457201657,-3.5903480914403314
37,3,685.8333333333334,1059.0,75,True,-1.4499647306693928,-1.4499647306693928,-2.8999294613387856
38,0,649.8333333333334,814.0,73,True,-1.2748416486005605,-1.2748416486005605,-2.549683297201121
38,1,601.8333333333334,748.0,72,True,-1.1776048784331614,-1.1776048784331614,-2.355209756866323
38,2,601.8333333333334,538.0,69,True,-1.0678296562690215,-1.0678296562690215,-2.135659312538043
38,3,697.8333333333334,1050.0,77,True,-1.4609440748055975,-1.4609440748055975,-2.921888149611195
39,0,915.1666666666666,722.0,72,True,-1.5735402361116946,-1.5735402361116946,-3.147080472223389
39,1,685.8333333333334,1131.0,78,True,-1.4876019496970987,-1.4876019496970987,-2.9752038993941974
39,2,879.1666666666666,1249.0,79,True,-1.801971780284368,-1.801971780284368,-3.603943560568736
39,3,649.8333333333334,1147.0,78,True,-1.4489137866036974,-1.4489137866036974,-2.897827573207395
40,0,673.3333333333334,1465.0,81,True,-1.645859330483952,-1.645859330483952,-3.291718660967904
40,1,893.1666666666666,769.0,72,True,-1.5693549827001119,-1.5693549827001119,-3.1387099654002237
40,2,858.0,953.0,75,True,-1.6195761637626527,-1.6195761637626527,-3.2391523275253054
40,3,601.8333333333334,767.0,71,True,-1.18753692234325,-1.18753692234325,-2.3750738446865
41,0,818.0,1203.0,78,True,-1.6979809636710708,-1.6979809636710708,-3.3959619273421415
41,1,893.1666666666666,688.0,71,True,-1.5270131112939438,-1.5270131112939438,-3.0540262225878876
41,2,601.8333333333334,1103.0,77,True,-1.3631772778058744,-1.3631772778058744,-2.7263545556117488
41,3,601.8333333333334,905.0,73,True,-1.2596749254796846,-1.2596749254796846,-2.5193498509593693
42,0,611.1666666666666,1134.0,78,True,-1.3915808555097662,-1.3915808555097662,-2.7831617110195324
42,1,601.8333333333334,534.0,69,True,-1.065738699656371,-1.065738699656371,-2.131477399312742
42,2,601.8333333333334,608.0,70,True,-1.104421396990401,-1.104421396990401,-2.208842793980802
42,3,649.8333333333334,1038.0,75,True,-1.3919352189089764,-1.3919352189089764,-2.783870437817953
43,0,601.8333333333334,579.0,70,True,-1.0892619615486865,-1.0892619615486865,-2.178523923097373
43,1,715.1666666666666,843.0,73,True,-1.375391731733242,-1.375391731733242,-2.750783463466484
43,2,637.8333333333334,955.0,74,True,-1.3328638726818158,-1.3328638726818158,-2.6657277453636317
43,3,601.8333333333334,842.0,72,True,-1.2267423588304425,-1.2267423588304425,-2.453484717660885
44,0,601.8333333333334,1104.0,76,True,-1.3637000169590368,-1.3637000169590368,-2.7274000339180735
44,1,589.8333333333334,959.0,75,True,-1.272218843235796,-1.272218843235796,-2.544437686471592
44,2,810.0,947.0,75,True,-1.5537037427850078,-1.5537037427850078,-3.1074074855700156
44,3,649.8333333333334,695.0,71,True,-1.2126356893742147,-1.2126356893742147,-2.4252713787484295
45,0,601.8333333333334,592.0,70,True,-1.0960575705398001,-1.0960575705398001,-2.1921151410796003
45,1,601.8333333333334,939.0,74,True,-1.2774480566872122,-1.2774480566872122,-2.5548961133744243
45,2,601.8333333333334,986.0,75,True,-1.3020167968858527,-1.3020167968858527,-2.6040335937717054
45,3,601.8333333333334,628.0,71,True,-1.1148761800536526,-1.1148761800536526,-2.2297523601073053
46,0,601.8333333333334,660.0,71,True,-1.131603832954855,-1.131603832954855,-2.26320766590971
46,1,601.8333333333334,1009.0,75,True,-1.3140397974085922,-1.3140397974085922,-2.6280795948171845
46,2,929.1666666666666,965.0,75,True,-1.7188638462639783,-1.7188638462639783,-3.4377276925279565
46,3,601.8333333333334,799.0,73,True,-1.2042645752444519,-1.2042645752444519,-2.4085291504889037
47,0,601.8333333333334,725.0,71,True,-1.165581877910422,-1.165581877910422,-2.331163755820844
47,1,637.8333333333334,1094.0,76,True,-1.4055246149714136,-1.4055246149714136,-2.811049229942827
47,2,601.8333333333334,593.0,70,True,-1.0965803096929623,-1.0965803096929623,-2.1931606193859245
47,3,601.8333333333334,953.0,75,True,-1.284766404831488,-1.284766404831488,-2.569532809662976
48,0,649.8333333333334,906.0,73,True,-1.3229336506915172,-1.3229336506915172,-2.6458673013830345
48,1,601.8333333333334,782.0,73,True,-1.1953780096406885,-1.1953780096406885,-2.390756019281377
48,2,589.8333333333334,948.0,75,True,-1.266468712551008,-1.266468712551008,-2.532937425102016
48,3,601.8333333333334,772.0,73,True,-1.190150618109063,-1.190150618109063,-2.380301236218126
49,0,601.8333333333334,547.0,68,True,-1.0725343086474843,-1.0725343086474843,-2.1450686172949687
49,1,601.8333333333334,716.0,72,True,-1.1608772255319586,-1.1608772255319586,-2.321754451063917
49,2,601.8333333333334,809.0,72,True,-1.2094919667760782,-1.2094919667760782,-2.4189839335521564
49,3,601.8333333333334,795.0,73,True,-1.202173618631802,-1.202173618631802,-2.404347237263604
50,0,601.8333333333334,1051.0,76,True,-1.3359948418414205,-1.3359948418414205,-2.671989683682841
50,1,589.8333333333334,1057.0,77,True,-1.3234472802457282,-1.3234472802457282,-2.6468945604914564
50,2,815.1666666666666,746.0,71,True,-1.4553860048320344,-1.4553860048320344,-2.910772009664069
50,3,601.8333333333334,671.0,69,True,-1.1373539636396433,-1.1373539636396433,-2.2747079272792865
51,0,601.8333333333334,508.0,69,True,-1.052147481674144,-1.052147481674144,-2.104294963348288
51,1,601.8333333333334,815.0,72,True,-1.2126284016950535,-1.2126284016950535,-2.425256803390107
51,2,601.8333333333334,587.0,69,True,-1.0934438747739872,-1.0934438747739872,-2.1868877495479744
51,3,601.8333333333334,738.0,72,True,-1.1723774869015355,-1.1723774869015355,-2.344754973803071
52,0,601.8333333333334,504.0,68,True,-1.0500565250614937,-1.0500565250614937,-2.1001130501229874
52,1,600.1666666666667,1040.0,77,True,-1.3280663783073727,-1.3280663783073727,-2.6561327566147455
52,2,601.8333333333334,671.0,70,True,-1.1373539636396433,-1.1373539636396433,-2.2747079272792865
52,3,601.8333333333334,993.0,76,True,-1.305675970957991,-1.305675970957991,-2.611351941915982
53,0,601.8333333333334,504.0,68,True,-1.050056525061494,-1.050056525061494,-2.100113050122988
53,1,601.8333333333334,818.0,73,True,-1.214196619154541,-1.214196619154541,-2.428393238309082
53,2,649.8333333333334,705.0,72,True,-1.2178630809058404,-1.2178630809058404,-2.435726161811681
53,3,601.8333333333334,1156.0,76,True,-1.3908824529234902,-1.3908824529234902,-2.7817649058469804
54,0,589.8333333333334,983.0,76,True,-1.2847645829116976,-1.2847645829116976,-2.569529165823395
54,1,601.8333333333334,619.0,70,True,-1.1101715276751896,-1.1101715276751896,-2.220343055350379
54,2,601.8333333333334,733.0,72,True,-1.1697637911357226,-1.1697637911357226,-2.339527582271445
54,3,601.8333333333334,900.0,74,True,-1.257061229713872,-1.257061229713872,-2.514122459427744
55,0,601.8333333333334,873.0,74,True,-1.2429472725784825,-1.2429472725784825,-2.485894545156965
55,1,601.8333333333334,1159.0,77,True,-1.3924506703829782,-1.3924506703829782,-2.7849013407659564
55,2,601.8333333333334,657.0,71,True,-1.1300356154953672,-1.1300356154953672,-2.2600712309907345
55,3,646.8333333333334,991.0,75,True,-1.3634454795816688,-1.3634454795816688,-2.7268909591633377
56,0,601.8333333333334,683.0,72,True,-1.1436268334775939,-1.1436268334775939,-2.2872536669551877
56,1,601.8333333333334,819.0,73,True,-1.2147193583077038,-1.2147193583077038,-2.4294387166154077
56,2,601.8333333333334,802.0,73,True,-1.20583279270394,-1.20583279270394,-2.41166558540788
56,3,601.8333333333334,1153.0,78,True,-1.3893142354640022,-1.3893142354640022,-2.7786284709280045
57,0,601.8333333333334,678.0,71,True,-1.141013137711781,-1.141013137711781,-2.282026275423562
57,1,601.8333333333334,877.0,74,True,-1.2450382291911333,-1.2450382291911333,-2.4900764583822665
57,2,609.5,1145.0,77,True,-1.395152653345295,-1.395152653345295,-2.79030530669059
57,3,601.8333333333334,875.0,73,True,-1.2439927508848079,-1.2439927508848079,-2.4879855017696157
58,0,601.8333333333334,782.0,73,True,-1.1953780096406887,-1.1953780096406887,-2.3907560192813775
58,1,601.8333333333334,610.0,71,True,-1.1054668752967263,-1.1054668752967263,-2.2109337505934525
58,2,601.8333333333334,1086.0,77,True,-1.3542907122021102,-1.3542907122021102,-2.7085814244042203
58,3,901.0,858.0,73,True,-1.6261169317231,-1.6261169317231,-3.2522338634462
59,0,601.8333333333334,868.0,74,True,-1.2403335768126698,-1.2403335768126698,-2.4806671536253395
59,1,601.8333333333334,735.0,72,True,-1.1708092694420476,-1.1708092694420476,-2.341618538884095
59,2,601.8333333333334,675.0,71,True,-1.1394449202522932,-1.1394449202522932,-2.2788898405045863
59,3,601.8333333333334,570.0,70,True,-1.0845573091702232,-1.0845573091702232,-2.1691146183404464
60,0,649.8333333333334,828.0,72,True,-1.2821599967448365,-1.2821599967448365,-2.564319993489673
60,1,893.1666666666666,924.0,75,True,-1.6503795514403108,-1.6503795514403108,-3.3007591028806216
60,2,601.8333333333334,813.0,73,True,-1.2115829233887283,-1.2115829233887283,-2.4231658467774566
60,3,601.8333333333334,880.0,74,True,-1.2466064466506206,-1.2466064466506206,-2.493212893301241
61,0,601.8333333333334,790.0,73,True,-1.199559922865989,-1.199559922865989,-2.399119845731978
61,1,646.8333333333334,958.0,75,True,-1.346195087527304,-1.346195087527304,-2.692390175054608
61,2,601.8333333333334,719.0,72,True,-1.1624454429914468,-1.1624454429914468,-2.3248908859828936
61,3,601.8333333333334,841.0,74,True,-1.22621961967728,-1.22621961967728,-2.45243923935456
62,0,601.8333333333334,736.0,72,True,-1.1713320085952104,-1.1713320085952104,-2.3426640171904207
62,1,601.8333333333334,1060.0,77,True,-1.3406994942198842,-1.3406994942198842,-2.6813989884397684
62,2,601.8333333333334,657.0,72,True,-1.1300356154953672,-1.1300356154953672,-2.2600712309907345
62,3,601.8333333333334,976.0,75,True,-1.2967894053542277,-1.2967894053542277,-2.5935788107084554
63,0,601.8333333333334,844.0,74,True,-1.2277878371367679,-1.2277878371367679,-2.4555756742735357
63,1,601.8333333333334,905.0,73,True,-1.2596749254796848,-1.2596749254796848,-2.5193498509593697
63,2,646.8333333333334,917.0,73,True,-1.3247627822476387,-1.3247627822476387,-2.6495255644952773
63,3,601.8333333333334,575.0,70,True,-1.0871710049360361,-1.0871710049360361,-2.1743420098720723
64,0,601.8333333333334,953.0,74,True,-1.284766404831488,-1.284766404831488,-2.569532809662976
64,1,601.8333333333334,820.0,74,True,-1.2152420974608662,-1.2152420974608662,-2.4304841949217324
64,2,646.8333333333334,596.0,70,True,-1.1569635140824532,-1.1569635140824532,-2.3139270281649065
64,3,601.8333333333334,684.0,72,True,-1.1441495726307567,-1.1441495726307567,-2.2882991452615133
65,0,601.8333333333334,885.0,74,True,-1.2492201424164335,-1.2492201424164335,-2.498440284832867
65,1,601.8333333333334,918.0,75,True,-1.2664705344707983,-1.2664705344707983,-2.5329410689415965
65,2,601.8333333333334,955.0,74,True,-1.2858118831378136,-1.2858118831378136,-2.571623766275627
65,3,601.8333333333334,531.0,69,True,-1.064170482196883,-1.064170482196883,-2.128340964393766
66,0,601.8333333333334,850.0,74,True,-1.2309242720557432,-1.2309242720557432,-2.4618485441114863
66,1,601.8333333333334,897.0,74,True,-1.2554930122543841,-1.2554930122543841,-2.5109860245087683
66,2,646.8333333333334,808.0,72,True,-1.2677842145529181,-1.2677842145529181,-2.5355684291058362
66,3,601.8333333333334,901.0,74,True,-1.2575839688670345,-1.2575839688670345,-2.515167937734069
67,0,601.8333333333334,1007.0,76,True,-1.312994319102267,-1.312994319102267,-2.625988638204534
67,1,601.8333333333334,528.0,69,True,-1.0626022647373954,-1.0626022647373954,-2.1252045294747908
67,2,601.8333333333334,564.0,70,True,-1.081420874251248,-1.081420874251248,-2.162841748502496
67,3,601.8333333333334,666.0,71,True,-1.1347402678738303,-1.1347402678738303,-2.2694805357476606
68,0,601.8333333333334,610.0,71,True,-1.1054668752967263,-1.1054668752967263,-2.2109337505934525
68,1,646.8333333333334,1127.0,78,True,-1.4345380044117786,-1.4345380044117786,-2.869076008823557
68,2,601.8333333333334,644.0,71,True,-1.1232400065042538,-1.1232400065042538,-2.2464800130085076
68,3,601.8333333333334,603.0,70,True,-1.1018077012245884,-1.1018077012245884,-2.2036154024491768
69,0,646.8333333333334,916.0,75,True,-1.3242400430944756,-1.3242400430944756,-2.6484800861889513
69,1,601.8333333333334,860.0,74,True,-1.2361516635873688,-1.2361516635873688,-2.4723033271747377
69,2,601.8333333333334,843.0,73,True,-1.2272650979836053,-1.2272650979836053,-2.4545301959672106
69,3,646.8333333333334,805.0,73,True,-1.2662159970934306,-1.2662159970934306,-2.532431994186861
70,0,601.8333333333334,676.0,71,True,-1.1399676594054562,-1.1399676594054562,-2.2799353188109124
70,1,601.8333333333334,767.0,73,True,-1.18753692234325,-1.18753692234325,-2.3750738446865
70,2,646.8333333333334,634.0,71,True,-1.1768276019026307,-1.1768276019026307,-2.3536552038052614
70,3,601.8333333333334,732.0,73,True,-1.16924105198256,-1.16924105198256,-2.33848210396512
71,0,601.8333333333334,844.0,74,True,-1.2277878371367683,-1.2277878371367683,-2.4555756742735366
71,1,646.8333333333334,675.0,71,True,-1.1982599071822961,-1.1982599071822961,-2.3965198143645923
71,2,646.8333333333334,660.0,71,True,-1.1904188198848578,-1.1904188198848578,-2.3808376397697155
71,3,601.8333333333334,635.0,71,True,-1.1185353541257903,-1.1185353541257903,-2.2370707082515806
72,0,601.8333333333334,883.0,73,True,-1.2481746641101081,-1.2481746641101081,-2.4963493282202163
72,1,601.8333333333334,926.0,75,True,-1.2706524476960988,-1.2706524476960988,-2.5413048953921975
72,2,601.8333333333334,782.0,72,True,-1.1953780096406885,-1.1953780096406885,-2.390756019281377
72,3,601.8333333333334,889.0,73,True,-1.2513110990290837,-1.2513110990290837,-2.5026221980581673
73,0,601.8333333333334,775.0,73,True,-1.1917188355685504,-1.1917188355685504,-2.383437671137101
73,1,601.8333333333334,817.0,73,True,-1.2136738800013787,-1.2136738800013787,-2.4273477600027573
73,2,601.8333333333334,936.0,74,True,-1.2758798392277244,-1.2758798392277244,-2.551759678455449
73,3,601.8333333333334,904.0,75,True,-1.259152186326522,-1.259152186326522,-2.518304372653044
74,0,601.8333333333334,870.0,74,True,-1.241379055118995,-1.241379055118995,-2.48275811023799
74,1,601.8333333333334,758.0,72,True,-1.1828322699647866,-1.1828322699647866,-2.3656645399295733
74,2,601.8333333333334,859.0,74,True,-1.2356289244342067,-1.2356289244342067,-2.4712578488684134
74,3,637.8333333333334,1412.0,82,True,-1.5717556656771112,-1.5717556656771112,-3.1435113313542224
75,0,601.8333333333334,881.0,73,True,-1.247129185803783,-1.247129185803783,-2.494258371607566
75,1,601.8333333333334,734.0,72,True,-1.1702865302888847,-1.1702865302888847,-2.3405730605777695
75,2,646.8333333333334,782.0,72,True,-1.2541929965706915,-1.2541929965706915,-2.508385993141383
75,3,601.8333333333334,611.0,71,True,-1.1059896144498889,-1.1059896144498889,-2.2119792288997777
76,0,601.8333333333334,493.0,69,True,-1.0443063943767055,-1.0443063943767055,-2.088612788753411
76,1,601.8333333333334,657.0,70,True,-1.130035615495367,-1.130035615495367,-2.260071230990734
76,2,601.8333333333334,750.0,72,True,-1.1786503567394861,-1.1786503567394861,-2.3573007134789723
76,3,601.8333333333334,641.0,71,True,-1.121671789044766,-1.121671789044766,-2.243343578089532
77,0,601.8333333333334,634.0,71,True,-1.118012614972628,-1.118012614972628,-2.236025229945256
77,1,573.8333333333334,453.0,67,True,-0.9868008363826453,-0.9868008363826453,-1.9736016727652905
77,2,601.8333333333334,600.0,69,True,-1.1002394837651006,-1.1002394837651006,-2.2004789675302012
77,3,601.8333333333334,681.0,72,True,-1.142581355171269,-1.142581355171269,-2.285162710342538
78,0,589.8333333333334,1272.0,79,True,-1.4358361981756818,-1.4358361981756818,-2.8716723963513635
78,1,601.8333333333334,551.0,69,True,-1.0746252652601345,-1.0746252652601345,-2.149250530520269
78,2,646.8333333333334,1198.0,78,True,-1.4716524842863214,-1.4716524842863214,-2.943304968572643
78,3,601.8333333333334,634.0,71,True,-1.1180126149726282,-1.1180126149726282,-2.2360252299452563
79,0,601.8333333333334,913.0,74,True,-1.263856838704985,-1.263856838704985,-2.52771367740997
79,1,601.8333333333334,649.0,70,True,-1.1258537022700663,-1.1258537022700663,-2.2517074045401326
79,2,601.8333333333334,672.0,70,True,-1.137876702792806,-1.137876702792806,-2.275753405585612
79,3,601.8333333333334,1130.0,78,True,-1.3772912349412636,-1.3772912349412636,-2.754582469882527
80,0,637.8333333333334,1049.0,77,True,-1.3820013530790975,-1.3820013530790975,-2.764002706158195
80,1,810.0,1085.0,77,True,-1.6258417459214425,-1.6258417459214425,-3.251683491842885
80,2,601.8333333333334,1013.0,76,True,-1.3161307540212426,-1.3161307540212426,-2.632261508042485
80,3,601.8333333333334,513.0,68,True,-1.0547611774399568,-1.0547611774399568,-2.1095223548799136
81,0,649.8333333333334,516.0,69,True,-1.1190653809581141,-1.1190653809581141,-2.2381307619162283
81,1,637.8333333333334,954.0,74,True,-1.332341133528653,-1.332341133528653,-2.664682267057306
81,2,810.0,701.0,72,True,-1.4251099111070147,-1.4251099111070147,-2.8502198222140294
81,3,601.8333333333334,817.0,73,True,-1.2136738800013782,-1.2136738800013782,-2.4273477600027564
82,0,589.8333333333334,1080.0,76,True,-1.3354702807684673,-1.3354702807684673,-2.6709405615369346
82,1,589.8333333333334,751.0,72,True,-1.1634890993779812,-1.1634890993779812,-2.3269781987559623
82,2,589.8333333333334,1088.0,76,True,-1.339652193993768,-1.339652193993768,-2.679304387987536
82,3,589.8333333333334,1078.0,76,True,-1.3344248024621423,-1.3344248024621423,-2.6688496049242847
83,0,685.8333333333334,966.0,75,True,-1.401349989425274,-1.401349989425274,-2.802699978850548
83,1,589.8333333333334,974.0,75,True,-1.2800599305332347,-1.2800599305332347,-2.5601198610664695
83,2,637.8333333333334,938.0,74,True,-1.3239773070780523,-1.3239773070780523,-2.6479546141561046
83,3,601.8333333333334,528.0,69,True,-1.0626022647373956,-1.0626022647373956,-2.125204529474791
84,0,601.8333333333334,764.0,73,True,-1.1859687048837624,-1.1859687048837624,-2.3719374097675248
84,1,601.8333333333334,648.0,69,True,-1.125330963116904,-1.125330963116904,-2.250661926233808
84,2,601.8333333333334,513.0,68,True,-1.0547611774399568,-1.0547611774399568,-2.1095223548799136
84,3,601.8333333333334,586.0,68,True,-1.0929211356208248,-1.0929211356208248,-2.1858422712416496
85,0,640.3333333333334,1405.0,81,True,-1.571363990878862,-1.571363990878862,-3.142727981757724
85,1,601.8333333333334,727.0,72,True,-1.166627356216747,-1.166627356216747,-2.333254712433494
85,2,601.8333333333334,538.0,69,True,-1.067829656269021,-1.067829656269021,-2.135659312538042
85,3,649.8333333333334,794.0,72,True,-1.2643868655373087,-1.2643868655373087,-2.5287737310746174
86,0,637.8333333333334,1063.0,75,True,-1.3893197012233736,-1.3893197012233736,-2.778639402446747
86,1,601.8333333333334,620.0,69,True,-1.1106942668283522,-1.1106942668283522,-2.2213885336567043
86,2,601.8333333333334,1078.0,77,True,-1.3501087989768097,-1.3501087989768097,-2.7002175979536194
86,3,685.8333333333334,1134.0,77,True,-1.4891701671565858,-1.4891701671565858,-2.9783403343131716
87,0,601.8333333333334,590.0,70,True,-1.095012092233475,-1.095012092233475,-2.19002418446695
87,1,601.8333333333334,950.0,74,True,-1.2831981873720006,-1.2831981873720006,-2.5663963747440013
87,2,601.8333333333334,519.0,67,True,-1.0578976123589323,-1.0578976123589323,-2.1157952247178646
87,3,637.8333333333334,605.0,69,True,-1.1499051690749158,-1.1499051690749158,-2.2998103381498316
88,0,637.8333333333334,1412.0,81,True,-1.5717556656771108,-1.5717556656771108,-3.1435113313542216
88,1,637.8333333333334,1046.0,75,True,-1.3804331356196098,-1.3804331356196098,-2.7608662712392196
88,2,618.6666666666666,1299.0,80,True,-1.487635313603258,-1.487635313603258,-2.975270627206516
88,3,818.0,706.0,72,True,-1.4381796045492727,-1.4381796045492727,-2.8763592090985455
89,0,646.8333333333334,755.0,73,True,-1.2400790394353018,-1.2400790394353018,-2.4801580788706037
89,1,601.8333333333334,698.0,72,True,-1.1514679207750325,-1.1514679207750325,-2.302935841550065
89,2,601.8333333333334,705.0,71,True,-1.1551270948471704,-1.1551270948471704,-2.3102541896943407
89,3,646.8333333333334,738.0,72,True,-1.2311924738315385,-1.2311924738315385,-2.462384947663077
90,0,601.8333333333334,590.0,69,True,-1.0950120922334747,-1.0950120922334747,-2.1900241844669495
90,1,601.8333333333334,930.0,75,True,-1.2727434043087493,-1.2727434043087493,-2.5454868086174987
90,2,601.8333333333334,857.0,74,True,-1.2345834461278817,-1.2345834461278817,-2.4691668922557635
90,3,601.8333333333334,611.0,70,True,-1.1059896144498889,-1.1059896144498889,-2.2119792288997777
91,0,601.8333333333334,547.0,69,True,-1.0725343086474843,-1.0725343086474843,-2.1450686172949687
91,1,601.8333333333334,597.0,70,True,-1.0986712663056128,-1.0986712663056128,-2.1973425326112257
91,2,601.8333333333334,837.0,74,True,-1.2241286630646302,-1.2241286630646302,-2.4482573261292604
91,3,818.0,737.0,71,True,-1.454384518297312,-1.454384518297312,-2.908769036594624
92,0,601.8333333333334,894.0,73,True,-1.2539247947948966,-1.2539247947948966,-2.507849589589793
92,1,601.8333333333334,918.0,74,True,-1.2664705344707983,-1.2664705344707983,-2.5329410689415965
92,2,601.8333333333334,651.0,69,True,-1.1268991805763917,-1.1268991805763917,-2.2537983611527834
92,3,601.8333333333334,758.0,73,True,-1.182832269964787,-1.182832269964787,-2.365664539929574
93,0,601.8333333333334,581.0,69,True,-1.0903074398550117,-1.0903074398550117,-2.1806148797100233
93,1,601.8333333333334,825.0,74,True,-1.2178557932266791,-1.2178557932266791,-2.4357115864533583
93,2,601.8333333333334,690.0,72,True,-1.1472860075497318,-1.1472860075497318,-2.2945720150994635
93,3,601.8333333333334,845.0,71,True,-1.2283105762899307,-1.2283105762899307,-2.4566211525798614
94,0,601.8333333333334,643.0,71,True,-1.1227172673510915,-1.1227172673510915,-2.245434534702183
94,1,601.8333333333334,850.0,71,True,-1.2309242720557434,-1.2309242720557434,-2.461848544111487
94,2,601.8333333333334,632.0,68,True,-1.1169671366663028,-1.1169671366663028,-2.2339342733326055
94,3,601.8333333333334,749.0,73,True,-1.1781276175863238,-1.1781276175863238,-2.3562552351726476
95,0,589.8333333333334,668.0,71,True,-1.1201017496654881,-1.1201017496654881,-2.2402034993309763
95,1,601.8333333333334,952.0,76,True,-1.2842436656783256,-1.2842436656783256,-2.568487331356651
95,2,589.8333333333334,844.0,73,True,-1.2121038406221003,-1.2121038406221003,-2.4242076812442006
95,3,601.8333333333334,756.0,73,True,-1.1817867916584615,-1.1817867916584615,-2.363573583316923
96,0,649.8333333333334,1128.0,77,True,-1.4389817426936082,-1.4389817426936082,-2.8779634853872165
96,1,601.8333333333334,1044.0,76,True,-1.3323356677692826,-1.3323356677692826,-2.664671335538565
96,2,589.8333333333334,930.0,75,True,-1.2570594077940813,-1.2570594077940813,-2.5141188155881626
96,3,601.8333333333334,834.0,73,True,-1.2225604456051424,-1.2225604456051424,-2.445120891210285
97,0,601.8333333333334,923.0,75,True,-1.2690842302366114,-1.2690842302366114,-2.538168460473223
97,1,601.8333333333334,596.0,70,True,-1.0981485271524503,-1.0981485271524503,-2.1962970543049005
97,2,601.8333333333334,786.0,72,True,-1.197468966253339,-1.197468966253339,-2.394937932506678
97,3,601.8333333333334,821.0,74,True,-1.2157648366140295,-1.2157648366140295,-2.431529673228059
98,0,646.8333333333334,650.0,71,True,-1.1851914283532319,-1.1851914283532319,-2.3703828567064638
98,1,601.8333333333334,500.0,68,True,-1.0479655684488431,-1.0479655684488431,-2.0959311368976863
98,2,601.8333333333334,749.0,73,True,-1.1781276175863238,-1.1781276175863238,-2.3562552351726476
98,3,601.8333333333334,914.0,75,True,-1.2643795778581481,-1.2643795778581481,-2.5287591557162963
99,0,601.8333333333334,799.0,73,True,-1.2042645752444525,-1.2042645752444525,-2.408529150488905
99,1,601.8333333333334,767.0,73,True,-1.18753692234325,-1.18753692234325,-2.3750738446865
99,2,601.8333333333334,757.0,72,True,-1.1823095308116243,-1.1823095308116243,-2.3646190616232485
99,3,646.8333333333334,1282.0,79,True,-1.5155625731519773,-1.5155625731519773,-3.0311251463039546
100,0,601.8333333333334,698.0,71,True,-1.1514679207750327,-1.1514679207750327,-2.3029358415500654
100,1,573.8333333333334,955.0,76,True,-1.2492158912702558,-1.2492158912702558,-2.4984317825405116
100,2,601.8333333333334,831.0,74,True,-1.2209922281456547,-1.2209922281456547,-2.4419844562913093
100,3,589.8333333333334,892.0,73,True,-1.2371953199739039,-1.2371953199739039,-2.4743906399478077
101,0,601.8333333333334,516.0,69,True,-1.0563293948994446,-1.0563293948994446,-2.112658789798889
101,1,601.8333333333334,600.0,70,True,-1.1002394837651006,-1.1002394837651006,-2.2004789675302012
101,2,601.8333333333334,907.0,75,True,-1.2607204037860102,-1.2607204037860102,-2.5214408075720205
101,3,601.8333333333334,1009.0,76,True,-1.3140397974085927,-1.3140397974085927,-2.6280795948171853
102,0,601.8333333333334,830.0,73,True,-1.2204694889924919,-1.2204694889924919,-2.4409389779849837
102,1,601.8333333333334,810.0,73,True,-1.2100147059292405,-1.2100147059292405,-2.420029411858481
102,2,649.8333333333334,774.0,70,True,-1.2539320824740579,-1.2539320824740579,-2.5078641649481157
102,3,601.8333333333334,544.0,70,True,-1.0709660911879966,-1.0709660911879966,-2.141932182375993
103,0,601.8333333333334,869.0,75,True,-1.2408563159658321,-1.2408563159658321,-2.4817126319316642
103,1,601.8333333333334,955.0,76,True,-1.2858118831378134,-1.2858118831378134,-2.5716237662756267
103,2,601.8333333333334,744.0,72,True,-1.1755139218205106,-1.1755139218205106,-2.3510278436410212
103,3,601.8333333333334,829.0,73,True,-1.2199467498393295,-1.2199467498393295,-2.439893499678659
104,0,601.8333333333334,683.0,72,True,-1.1436268334775939,-1.1436268334775939,-2.2872536669551877
104,1,601.8333333333334,602.0,71,True,-1.101284962071426,-1.101284962071426,-2.202569924142852
104,2,601.8333333333334,982.0,76,True,-1.2999258402732032,-1.2999258402732032,-2.5998516805464065
104,3,601.8333333333334,818.0,73,True,-1.214196619154541,-1.214196619154541,-2.428393238309082
105,0,601.8333333333334,920.0,74,True,-1.2675160127771234,-1.2675160127771234,-2.535032025554247
105,1,601.8333333333334,755.0,73,True,-1.181264052505299,-1.181264052505299,-2.362528105010598
105,2,601.8333333333334,808.0,72,True,-1.2089692276229154,-1.2089692276229154,-2.4179384552458307
105,3,601.8333333333334,668.0,71,True,-1.1357857461801553,-1.1357857461801553,-2.2715714923603105
106,0,601.8333333333334,1034.0,77,True,-1.3271082762376567,-1.3271082762376567,-2.6542165524753134
106,1,601.8333333333334,742.0,72,True,-1.174468443514186,-1.174468443514186,-2.348936887028372
106,2,601.8333333333334,665.0,71,True,-1.1342175287206677,-1.1342175287206677,-2.2684350574413354
106,3,601.8333333333334,773.0,72,True,-1.1906733572622255,-1.1906733572622255,-2.381346714524451
107,0,601.8333333333334,808.0,73,True,-1.2089692276229158,-1.2089692276229158,-2.4179384552458316
107,1,601.8333333333334,697.0,71,True,-1.15094518162187,-1.15094518162187,-2.30189036324374
107,2,601.8333333333334,800.0,73,True,-1.2047873143976147,-1.2047873143976147,-2.4095746287952293
107,3,601.8333333333334,1141.0,77,True,-1.383041365626052,-1.383041365626052,-2.766082731252104
108,0,601.8333333333334,804.0,72,True,-1.2068782710102652,-1.2068782710102652,-2.4137565420205305
108,1,601.8333333333334,877.0,72,True,-1.2450382291911328,-1.2450382291911328,-2.4900764583822657
108,2,601.8333333333334,705.0,72,True,-1.1551270948471708,-1.1551270948471708,-2.3102541896943416
108,3,601.8333333333334,618.0,70,True,-1.109648788522027,-1.109648788522027,-2.219297577044054
109,0,601.8333333333334,617.0,71,True,-1.1091260493688642,-1.1091260493688642,-2.2182520987377283
109,1,601.8333333333334,745.0,73,True,-1.1760366609736737,-1.1760366609736737,-2.3520733219473473
109,2,601.8333333333334,837.0,74,True,-1.2241286630646298,-1.2241286630646298,-2.4482573261292595
109,3,601.8333333333334,614.0,70,True,-1.1075578319093768,-1.1075578319093768,-2.2151156638187537
110,0,601.8333333333334,628.0,71,True,-1.1148761800536526,-1.1148761800536526,-2.2297523601073053
110,1,601.8333333333334,767.0,73,True,-1.18753692234325,-1.18753692234325,-2.3750738446865
110,2,601.8333333333334,701.0,72,True,-1.1530361382345202,-1.1530361382345202,-2.3060722764690404
110,3,601.8333333333334,760.0,71,True,-1.1838777482711118,-1.1838777482711118,-2.3677554965422236
111,0,601.8333333333334,676.0,71,True,-1.1399676594054555,-1.1399676594054555,-2.279935318810911
111,1,601.8333333333334,858.0,73,True,-1.235106185281044,-1.235106185281044,-2.470212370562088
111,2,601.8333333333334,738.0,71,True,-1.1723774869015355,-1.1723774869015355,-2.344754973803071
111,3,601.8333333333334,683.0,72,True,-1.1436268334775939,-1.1436268334775939,-2.2872536669551877
112,0,601.8333333333334,831.0,71,True,-1.2209922281456544,-1.2209922281456544,-2.441984456291309
112,1,601.8333333333334,705.0,72,True,-1.1551270948471706,-1.1551270948471706,-2.310254189694341
112,2,601.8333333333334,774.0,72,True,-1.191196096415388,-1.191196096415388,-2.382392192830776
112,3,601.8333333333334,658.0,71,True,-1.13055835464853,-1.13055835464853,-2.26111670929706
113,0,601.8333333333334,640.0,69,True,-1.121149049891603,-1.121149049891603,-2.242298099783206
113,1,601.8333333333334,690.0,72,True,-1.147286007549732,-1.147286007549732,-2.294572015099464
113,2,601.8333333333334,658.0,71,True,-1.1305583546485294,-1.1305583546485294,-2.2611167092970588
113,3,601.8333333333334,658.0,71,True,-1.1305583546485296,-1.1305583546485296,-2.261116709297059
114,0,601.8333333333334,621.0,70,True,-1.1112170059815145,-1.1112170059815145,-2.222434011963029
114,1,601.8333333333334,903.0,73,True,-1.2586294471733601,-1.2586294471733601,-2.5172588943467202
114,2,646.8333333333334,728.0,72,True,-1.2259650822999124,-1.2259650822999124,-2.451930164599825
114,3,601.8333333333334,822.0,73,True,-1.2162875757671914,-1.2162875757671914,-2.4325751515343828
115,0,646.8333333333334,837.0,74,True,-1.2829436499946327,-1.2829436499946327,-2.5658872999892655
115,1,601.8333333333334,628.0,71,True,-1.1148761800536526,-1.1148761800536526,-2.2297523601073053
115,2,601.8333333333334,792.0,69,True,-1.200605401172314,-1.200605401172314,-2.401210802344628
115,3,601.8333333333334,717.0,70,True,-1.1613999646851214,-1.1613999646851214,-2.322799929370243
116,0,573.8333333333334,663.0,70,True,-1.096576058546785,-1.096576058546785,-2.19315211709357
116,1,601.8333333333334,691.0,71,True,-1.1478087467028948,-1.1478087467028948,-2.2956174934057896
116,2,601.8333333333334,758.0,72,True,-1.1828322699647869,-1.1828322699647869,-2.3656645399295737
116,3,601.8333333333334,457.0,68,True,-1.0254877848628527,-1.0254877848628527,-2.0509755697257055
117,0,601.8333333333334,764.0,71,True,-1.1859687048837626,-1.1859687048837626,-2.371937409767525
117,1,601.8333333333334,892.0,73,True,-1.2528793164885714,-1.2528793164885714,-2.505758632977143
117,2,601.8333333333334,636.0,71,True,-1.1190580932789531,-1.1190580932789531,-2.2381161865579062
117,3,601.8333333333334,695.0,71,True,-1.1498997033155447,-1.1498997033155447,-2.2997994066310894
118,0,601.8333333333334,628.0,71,True,-1.1148761800536526,-1.1148761800536526,-2.2297523601073053
118,1,601.8333333333334,658.0,70,True,-1.1305583546485296,-1.1305583546485296,-2.261116709297059
118,2,601.8333333333334,540.0,69,True,-1.0688751345753464,-1.0688751345753464,-2.137750269150693
118,3,601.8333333333334,787.0,72,True,-1.1979917054065012,-1.1979917054065012,-2.3959834108130025
119,0,601.8333333333334,705.0,72,True,-1.1551270948471706,-1.1551270948471706,-2.310254189694341
119,1,601.8333333333334,687.0,71,True,-1.1457177900902444,-1.1457177900902444,-2.291435580180489
119,2,601.8333333333334,821.0,74,True,-1.2157648366140288,-1.2157648366140288,-2.4315296732280576
119,3,601.8333333333334,563.0,69,True,-1.0808981350980853,-1.0808981350980853,-2.1617962701961706
120,0,601.8333333333334,686.0,72,True,-1.1451950509370814,-1.1451950509370814,-2.290390101874163
120,1,601.8333333333334,916.0,74,True,-1.2654250561644733,-1.2654250561644733,-2.5308501123289466
120,2,601.8333333333334,764.0,71,True,-1.1859687048837626,-1.1859687048837626,-2.371937409767525
120,3,601.8333333333334,706.0,72,True,-1.155649834000333,-1.155649834000333,-2.311299668000666
121,0,601.8333333333334,771.0,73,True,-1.1896278789559003,-1.1896278789559003,-2.3792557579118006
121,1,601.8333333333334,705.0,72,True,-1.1551270948471706,-1.1551270948471706,-2.310254189694341
121,2,601.8333333333334,745.0,73,True,-1.1760366609736732,-1.1760366609736732,-2.3520733219473464
121,3,601.8333333333334,749.0,73,True,-1.1781276175863236,-1.1781276175863236,-2.356255235172647
122,0,601.8333333333334,861.0,74,True,-1.2366744027405319,-1.2366744027405319,-2.4733488054810637
122,1,601.8333333333334,632.0,71,True,-1.116967136666303,-1.116967136666303,-2.233934273332606
122,2,601.8333333333334,675.0,72,True,-1.1394449202522936,-1.1394449202522936,-2.278889840504587
122,3,601.8333333333334,782.0,73,True,-1.1953780096406883,-1.1953780096406883,-2.3907560192813766
123,0,601.8333333333334,826.0,74,True,-1.218378532379842,-1.218378532379842,-2.436757064759684
123,1,601.8333333333334,912.0,75,True,-1.2633340995518234,-1.2633340995518234,-2.526668199103647
123,2,601.8333333333334,774.0,72,True,-1.1911960964153883,-1.1911960964153883,-2.3823921928307765
123,3,601.8333333333334,749.0,73,True,-1.1781276175863238,-1.1781276175863238,-2.3562552351726476
124,0,601.8333333333334,762.0,72,True,-1.1849232265774368,-1.1849232265774368,-2.3698464531548735
124,1,601.8333333333334,830.0,74,True,-1.220469488992492,-1.220469488992492,-2.440938977984984
124,2,601.8333333333334,909.0,75,True,-1.2617658820923352,-1.2617658820923352,-2.5235317641846704
124,3,601.8333333333334,766.0,73,True,-1.1870141831900876,-1.1870141831900876,-2.374028366380175
125,0,810.0,1042.0,77,True,-1.6033639623354519,-1.6033639623354519,-3.2067279246709037
125,1,601.8333333333334,756.0,73,True,-1.181786791658462,-1.181786791658462,-2.363573583316924
125,2,601.8333333333334,1055.0,77,True,-1.3380857984540708,-1.3380857984540708,-2.6761715969081417
125,3,601.8333333333334,700.0,72,True,-1.1525133990813574,-1.1525133990813574,-2.305026798162715
126,0,601.8333333333334,916.0,75,True,-1.2654250561644733,-1.2654250561644733,-2.5308501123289466
126,1,601.8333333333334,690.0,72,True,-1.147286007549732,-1.147286007549732,-2.294572015099464
126,2,601.8333333333334,969.0,76,True,-1.2931302312820896,-1.2931302312820896,-2.586260462564179
126,3,601.8333333333334,982.0,76,True,-1.299925840273203,-1.299925840273203,-2.599851680546406
127,0,601.8333333333334,624.0,70,True,-1.1127852234410023,-1.1127852234410023,-2.2255704468820046
127,1,601.8333333333334,822.0,74,True,-1.2162875757671916,-1.2162875757671916,-2.432575151534383
127,2,601.8333333333334,780.0,73,True,-1.1943325313343633,-1.1943325313343633,-2.3886650626687267
127,3,601.8333333333334,830.0,74,True,-1.220469488992492,-1.220469488992492,-2.440938977984984
128,0,601.8333333333334,830.0,74,True,-1.2204694889924923,-1.2204694889924923,-2.4409389779849846
128,1,601.8333333333334,892.0,75,True,-1.2528793164885714,-1.2528793164885714,-2.505758632977143
128,2,646.8333333333334,850.0,74,True,-1.2897392589857464,-1.2897392589857464,-2.5794785179714927
128,3,601.8333333333334,700.0,72,True,-1.1525133990813576,-1.1525133990813576,-2.3050267981627153
129,0,601.8333333333334,700.0,71,True,-1.1525133990813576,-1.1525133990813576,-2.3050267981627153
129,1,601.8333333333334,610.0,70,True,-1.1054668752967263,-1.1054668752967263,-2.2109337505934525
129,2,601.8333333333334,983.0,75,True,-1.3004485794263654,-1.3004485794263654,-2.6008971588527308
129,3,879.1666666666666,981.0,74,True,-1.6618776872367984,-1.6618776872367984,-3.323755374473597
130,0,601.8333333333334,982.0,76,True,-1.299925840273203,-1.299925840273203,-2.599851680546406
130,1,601.8333333333334,771.0,73,True,-1.1896278789559005,-1.1896278789559005,-2.379255757911801
130,2,601.8333333333334,846.0,74,True,-1.228833315443093,-1.228833315443093,-2.457666630886186
130,3,601.8333333333334,782.0,73,True,-1.1953780096406883,-1.1953780096406883,-2.3907560192813766
131,0,646.8333333333334,789.0,72,True,-1.2578521706428296,-1.2578521706428296,-2.5157043412856592
131,1,601.8333333333334,738.0,73,True,-1.1723774869015355,-1.1723774869015355,-2.344754973803071
131,2,646.8333333333334,848.0,73,True,-1.288693780679421,-1.288693780679421,-2.577387561358842
131,3,601.8333333333334,555.0,70,True,-1.076716221872785,-1.076716221872785,-2.15343244374557
132,0,601.8333333333334,687.0,71,True,-1.1457177900902442,-1.1457177900902442,-2.2914355801804884
132,1,601.8333333333334,478.0,69,True,-1.0364653070792669,-1.0364653070792669,-2.0729306141585337
132,2,601.8333333333334,906.0,73,True,-1.2601976646328474,-1.2601976646328474,-2.520395329265695
132,3,601.8333333333334,836.0,73,True,-1.2236059239114674,-1.2236059239114674,-2.4472118478229348
133,0,879.1666666666666,908.0,74,True,-1.623717729055931,-1.623717729055931,-3.247435458111862
133,1,601.8333333333334,777.0,73,True,-1.1927643138748756,-1.1927643138748756,-2.385528627749751
133,2,601.8333333333334,775.0,73,True,-1.1917188355685508,-1.1917188355685508,-2.3834376711371017
133,3,601.8333333333334,691.0,71,True,-1.1478087467028943,-1.1478087467028943,-2.2956174934057887
134,0,601.8333333333334,628.0,71,True,-1.1148761800536529,-1.1148761800536529,-2.2297523601073057
134,1,601.8333333333334,770.0,72,True,-1.189105139802738,-1.189105139802738,-2.378210279605476
134,2,601.8333333333334,731.0,71,True,-1.1687183128293976,-1.1687183128293976,-2.3374366256587953
134,3,601.8333333333334,756.0,73,True,-1.181786791658462,-1.181786791658462,-2.363573583316924
135,0,646.8333333333334,773.0,72,True,-1.2494883441922282,-1.2494883441922282,-2.4989766883844564
135,1,601.8333333333334,849.0,74,True,-1.230401532902581,-1.230401532902581,-2.460803065805162
135,2,601.8333333333334,896.0,73,True,-1.254970273101222,-1.254970273101222,-2.509940546202444
135,3,601.8333333333334,770.0,72,True,-1.1891051398027377,-1.1891051398027377,-2.3782102796054754
136,0,865.1666666666666,1070.0,74,True,-1.690103475934489,-1.690103475934489,-3.380206951868978
136,1,601.8333333333334,988.0,73,True,-1.3030622751921783,-1.3030622751921783,-2.6061245503843566
136,2,601.8333333333334,839.0,72,True,-1.2251741413709551,-1.2251741413709551,-2.4503482827419103
136,3,879.1666666666666,1005.0,74,True,-1.6744234269126999,-1.6744234269126999,-3.3488468538253997
137,0,601.8333333333334,773.0,71,True,-1.1906733572622255,-1.1906733572622255,-2.381346714524451
137,1,601.8333333333334,917.0,73,True,-1.2659477953176355,-1.2659477953176355,-2.531895590635271
137,2,601.8333333333334,855.0,74,True,-1.2335379678215561,-1.2335379678215561,-2.4670759356431122
137,3,601.8333333333334,844.0,73,True,-1.227787837136768,-1.227787837136768,-2.455575674273536
138,0,646.8333333333334,917.0,73,True,-1.3247627822476384,-1.3247627822476384,-2.649525564495277
138,1,601.8333333333334,871.0,72,True,-1.2419017942721577,-1.2419017942721577,-2.4838035885443155
138,2,601.8333333333334,851.0,73,True,-1.2314470112089058,-1.2314470112089058,-2.4628940224178115
138,3,601.8333333333334,766.0,71,True,-1.1870141831900873,-1.1870141831900873,-2.3740283663801747
139,0,601.8333333333334,851.0,73,True,-1.2314470112089058,-1.2314470112089058,-2.4628940224178115
139,1,646.8333333333334,781.0,72,True,-1.2536702574175287,-1.2536702574175287,-2.5073405148350574
139,2,601.8333333333334,891.0,73,True,-1.252356577335409,-1.252356577335409,-2.504713154670818
139,3,843.1666666666666,966.0,74,True,-1.6069846103953578,-1.6069846103953578,-3.2139692207907156
140,0,601.8333333333334,906.0,74,True,-1.2601976646328472,-1.2601976646328472,-2.5203953292656944
140,1,601.8333333333334,696.0,70,True,-1.1504224424687073,-1.1504224424687073,-2.3008448849374146
140,2,601.8333333333334,843.0,73,True,-1.2272650979836053,-1.2272650979836053,-2.4545301959672106
140,3,601.8333333333334,917.0,73,True,-1.2659477953176363,-1.2659477953176363,-2.5318955906352727
141,0,601.8333333333334,988.0,74,True,-1.303062275192178,-1.303062275192178,-2.606124550384356
141,1,601.8333333333334,658.0,70,True,-1.1305583546485298,-1.1305583546485298,-2.2611167092970597
141,2,601.8333333333334,975.0,74,True,-1.2962666662010647,-1.2962666662010647,-2.5925333324021294
141,3,601.8333333333334,705.0,72,True,-1.1551270948471706,-1.1551270948471706,-2.310254189694341
142,0,601.8333333333334,680.0,70,True,-1.142058616018106,-1.142058616018106,-2.284117232036212
142,1,601.8333333333334,693.0,72,True,-1.1488542250092197,-1.1488542250092197,-2.2977084500184395
142,2,601.8333333333334,681.0,72,True,-1.142581355171269,-1.142581355171269,-2.285162710342538
142,3,601.8333333333334,708.0,72,True,-1.1566953123066583,-1.1566953123066583,-2.3133906246133167
143,0,601.8333333333334,913.0,73,True,-1.2638568387049856,-1.2638568387049856,-2.527713677409971
143,1,601.8333333333334,990.0,74,True,-1.3041077534985033,-1.3041077534985033,-2.6082155069970065
143,2,601.8333333333334,758.0,73,True,-1.1828322699647866,-1.1828322699647866,-2.3656645399295733
143,3,601.8333333333334,900.0,75,True,-1.2570612297138721,-1.2570612297138721,-2.5141224594277443
144,0,601.8333333333334,716.0,72,True,-1.1608772255319586,-1.1608772255319586,-2.321754451063917
144,1,601.8333333333334,617.0,70,True,-1.1091260493688642,-1.1091260493688642,-2.2182520987377283
144,2,601.8333333333334,537.0,70,True,-1.0673069171158587,-1.0673069171158587,-2.1346138342317174
144,3,601.8333333333334,617.0,71,True,-1.1091260493688642,-1.1091260493688642,-2.2182520987377283
145,0,601.8333333333334,727.0,72,True,-1.1666273562167468,-1.1666273562167468,-2.3332547124334937
145,1,601.8333333333334,757.0,71,True,-1.1823095308116243,-1.1823095308116243,-2.3646190616232485
145,2,601.8333333333334,1064.0,76,True,-1.342790450832534,-1.342790450832534,-2.685580901665068
145,3,601.8333333333334,767.0,73,True,-1.18753692234325,-1.18753692234325,-2.3750738446865
146,0,607.3333333333333,1354.0,80,True,-1.5015733036522352,-1.5015733036522352,-3.0031466073044704
146,1,601.8333333333334,632.0,71,True,-1.1169671366663028,-1.1169671366663028,-2.2339342733326055
146,2,601.8333333333334,701.0,72,True,-1.1530361382345204,-1.1530361382345204,-2.306072276469041
146,3,601.8333333333334,552.0,70,True,-1.075148004413297,-1.075148004413297,-2.150296008826594
147,0,601.8333333333334,774.0,71,True,-1.1911960964153878,-1.1911960964153878,-2.3823921928307756
147,1,601.8333333333334,478.0,69,True,-1.0364653070792664,-1.0364653070792664,-2.072930614158533
147,2,649.8333333333334,705.0,72,True,-1.2178630809058402,-1.2178630809058402,-2.4357261618116803
147,3,601.8333333333334,628.0,71,True,-1.1148761800536529,-1.1148761800536529,-2.2297523601073057
148,0,601.8333333333334,555.0,70,True,-1.0767162218727848,-1.0767162218727848,-2.1534324437455696
148,1,601.8333333333334,555.0,70,True,-1.0767162218727848,-1.0767162218727848,-2.1534324437455696
148,2,601.8333333333334,660.0,71,True,-1.1316038329548548,-1.1316038329548548,-2.2632076659097096
148,3,649.8333333333334,782.0,73,True,-1.2581139956993581,-1.2581139956993581,-2.5162279913987162
149,0,601.8333333333334,629.0,71,True,-1.1153989192068152,-1.1153989192068152,-2.2307978384136304
149,1,601.8333333333334,555.0,70,True,-1.076716221872785,-1.076716221872785,-2.15343244374557
149,2,601.8333333333334,692.0,72,True,-1.1483314858560572,-1.1483314858560572,-2.2966629717121143
149,3,601.8333333333334,920.0,75,True,-1.2675160127771234,-1.2675160127771234,-2.535032025554247
150,0,601.8333333333334,989.0,76,True,-1.3035850143453407,-1.3035850143453407,-2.6071700286906814
150,1,601.8333333333334,696.0,72,True,-1.150422442468707,-1.150422442468707,-2.300844884937414
150,2,601.8333333333334,741.0,73,True,-1.1739457043610235,-1.1739457043610235,-2.347891408722047
150,3,601.8333333333334,757.0,73,True,-1.1823095308116243,-1.1823095308116243,-2.3646190616232485
151,0,646.8333333333334,782.0,73,True,-1.2541929965706915,-1.2541929965706915,-2.508385993141383
151,1,601.8333333333334,628.0,71,True,-1.1148761800536526,-1.1148761800536526,-2.2297523601073053
151,2,646.8333333333334,831.0,74,True,-1.2798072150756572,-1.2798072150756572,-2.5596144301513144
151,3,601.8333333333334,708.0,72,True,-1.1566953123066583,-1.1566953123066583,-2.3133906246133167
152,0,601.8333333333334,897.0,75,True,-1.2554930122543844,-1.2554930122543844,-2.5109860245087687
152,1,601.8333333333334,622.0,71,True,-1.111739745134677,-1.111739745134677,-2.223479490269354
152,2,601.8333333333334,696.0,72,True,-1.1504224424687073,-1.1504224424687073,-2.3008448849374146
152,3,646.8333333333334,819.0,74,True,-1.2735343452377068,-1.2735343452377068,-2.5470686904754136
153,0,646.8333333333334,830.0,74,True,-1.2792844759224944,-1.2792844759224944,-2.558568951844989
153,1,601.8333333333334,767.0,73,True,-1.18753692234325,-1.18753692234325,-2.3750738446865
153,2,601.8333333333334,478.0,69,True,-1.0364653070792667,-1.0364653070792667,-2.0729306141585333
153,3,646.8333333333334,904.0,75,True,-1.3179671732565252,-1.3179671732565252,-2.6359343465130505
154,0,601.8333333333334,658.0,71,True,-1.1305583546485296,-1.1305583546485296,-2.261116709297059
154,1,601.8333333333334,831.0,74,True,-1.2209922281456547,-1.2209922281456547,-2.4419844562913093
154,2,601.8333333333334,963.0,76,True,-1.289993796363114,-1.289993796363114,-2.579987592726228
154,3,715.1666666666666,782.0,71,True,-1.3435046433903253,-1.3435046433903253,-2.6870092867806505
155,0,601.8333333333334,632.0,71,True,-1.1169671366663028,-1.1169671366663028,-2.2339342733326055
155,1,646.8333333333334,846.0,74,True,-1.287648302373096,-1.287648302373096,-2.575296604746192
155,2,601.8333333333334,767.0,73,True,-1.18753692234325,-1.18753692234325,-2.3750738446865
155,3,601.8333333333334,841.0,74,True,-1.2262196196772803,-1.2262196196772803,-2.4524392393545607
156,0,601.8333333333334,591.0,71,True,-1.0955348313866375,-1.0955348313866375,-2.191069662773275
156,1,601.8333333333334,803.0,74,True,-1.2063555318571026,-1.2063555318571026,-2.4127110637142053
156,2,601.8333333333334,767.0,73,True,-1.18753692234325,-1.18753692234325,-2.3750738446865
156,3,601.8333333333334,625.0,71,True,-1.113307962594165,-1.113307962594165,-2.22661592518833
157,0,646.8333333333334,1000.0,76,True,-1.3681501319601321,-1.3681501319601321,-2.7363002639202643
157,1,601.8333333333334,696.0,71,True,-1.1504224424687075,-1.1504224424687075,-2.300844884937415
157,2,601.8333333333334,842.0,73,True,-1.2267423588304427,-1.2267423588304427,-2.4534847176608854
157,3,601.8333333333334,853.0,74,True,-1.2324924895152312,-1.2324924895152312,-2.4649849790304623
158,0,601.8333333333334,614.0,70,True,-1.1075578319093766,-1.1075578319093766,-2.2151156638187532
158,1,601.8333333333334,750.0,73,True,-1.1786503567394861,-1.1786503567394861,-2.3573007134789723
158,2,646.8333333333334,776.0,73,True,-1.251056561651716,-1.251056561651716,-2.502113123303432
158,3,601.8333333333334,613.0,70,True,-1.1070350927562143,-1.1070350927562143,-2.2140701855124285
159,0,601.8333333333334,591.0,71,True,-1.0955348313866378,-1.0955348313866378,-2.1910696627732755
159,1,601.8333333333334,683.0,72,True,-1.1436268334775939,-1.1436268334775939,-2.2872536669551877
159,2,601.8333333333334,774.0,71,True,-1.191196096415388,-1.191196096415388,-2.382392192830776
159,3,601.8333333333334,617.0,70,True,-1.1091260493688642,-1.1091260493688642,-2.2182520987377283
160,0,601.8333333333334,653.0,72,True,-1.127944658882717,-1.127944658882717,-2.255889317765434
160,1,601.8333333333334,769.0,72,True,-1.188582400649575,-1.188582400649575,-2.37716480129915
160,2,601.8333333333334,847.0,74,True,-1.2293560545962556,-1.2293560545962556,-2.4587121091925113
160,3,601.8333333333334,782.0,73,True,-1.1953780096406887,-1.1953780096406887,-2.3907560192813775
161,0,601.8333333333334,680.0,72,True,-1.142058616018106,-1.142058616018106,-2.284117232036212
161,1,601.8333333333334,771.0,72,True,-1.1896278789559,-1.1896278789559,-2.3792557579118
161,2,601.8333333333334,1050.0,76,True,-1.335472102688258,-1.335472102688258,-2.670944205376516
161,3,601.8333333333334,990.0,76,True,-1.3041077534985035,-1.3041077534985035,-2.608215506997007
162,0,601.8333333333334,680.0,72,True,-1.142058616018106,-1.142058616018106,-2.284117232036212
162,1,601.8333333333334,540.0,70,True,-1.068875134575346,-1.068875134575346,-2.137750269150692
162,2,601.8333333333334,826.0,74,True,-1.2183785323798417,-1.2183785323798417,-2.4367570647596835
162,3,601.8333333333334,845.0,73,True,-1.2283105762899305,-1.2283105762899305,-2.456621152579861
163,0,601.8333333333334,774.0,71,True,-1.1911960964153878,-1.1911960964153878,-2.3823921928307756
163,1,601.8333333333334,745.0,73,True,-1.1760366609736734,-1.1760366609736734,-2.352073321947347
163,2,601.8333333333334,504.0,69,True,-1.050056525061494,-1.050056525061494,-2.100113050122988
163,3,601.8333333333334,537.0,69,True,-1.0673069171158585,-1.0673069171158585,-2.134613834231717
164,0,601.8333333333334,844.0,73,True,-1.2277878371367676,-1.2277878371367676,-2.4555756742735353
164,1,601.8333333333334,782.0,73,True,-1.1953780096406883,-1.1953780096406883,-2.3907560192813766
164,2,601.8333333333334,797.0,72,True,-1.203219096938127,-1.203219096938127,-2.406438193876254
164,3,601.8333333333334,782.0,73,True,-1.1953780096406887,-1.1953780096406887,-2.3907560192813775
165,0,601.8333333333334,845.0,73,True,-1.2283105762899305,-1.2283105762899305,-2.456621152579861
165,1,601.8333333333334,868.0,73,True,-1.2403335768126695,-1.2403335768126695,-2.480667153625339
165,2,601.8333333333334,768.0,72,True,-1.1880596614964125,-1.1880596614964125,-2.376119322992825
165,3,601.8333333333334,742.0,71,True,-1.1744684435141857,-1.1744684435141857,-2.3489368870283713
166,0,601.8333333333334,782.0,73,True,-1.1953780096406885,-1.1953780096406885,-2.390756019281377
166,1,601.8333333333334,810.0,73,True,-1.2100147059292403,-1.2100147059292403,-2.4200294118584806
166,2,601.8333333333334,798.0,72,True,-1.2037418360912897,-1.2037418360912897,-2.4074836721825794
166,3,601.8333333333334,843.0,73,True,-1.2272650979836055,-1.2272650979836055,-2.454530195967211
167,0,601.8333333333334,897.0,73,True,-1.2554930122543841,-1.2554930122543841,-2.5109860245087683
167,1,601.8333333333334,845.0,73,True,-1.2283105762899307,-1.2283105762899307,-2.4566211525798614
167,2,601.8333333333334,540.0,69,True,-1.0688751345753462,-1.0688751345753462,-2.1377502691506924
167,3,646.8333333333334,793.0,72,True,-1.2599431272554797,-1.2599431272554797,-2.5198862545109595
168,0,601.8333333333334,431.0,68,True,-1.0118965668806257,-1.0118965668806257,-2.0237931337612514
168,1,601.8333333333334,540.0,69,True,-1.0688751345753464,-1.0688751345753464,-2.137750269150693
168,2,601.8333333333334,630.0,70,True,-1.1159216583599778,-1.1159216583599778,-2.2318433167199556
168,3,601.8333333333334,637.0,70,True,-1.119580832432116,-1.119580832432116,-2.239161664864232
169,0,601.8333333333334,537.0,69,True,-1.0673069171158585,-1.0673069171158585,-2.134613834231717
169,1,601.8333333333334,662.0,71,True,-1.13264931126118,-1.13264931126118,-2.26529862252236
169,2,601.8333333333334,711.0,71,True,-1.1582635297661459,-1.1582635297661459,-2.3165270595322918
169,3,601.8333333333334,689.0,71,True,-1.1467632683965694,-1.1467632683965694,-2.293526536793139
170,0,601.8333333333334,504.0,69,True,-1.0500565250614935,-1.0500565250614935,-2.100113050122987
170,1,601.8333333333334,463.0,69,True,-1.0286242197818283,-1.0286242197818283,-2.0572484395636566
170,2,601.8333333333334,615.0,71,True,-1.1080805710625394,-1.1080805710625394,-2.216161142125079
170,3,601.8333333333334,755.0,73,True,-1.181264052505299,-1.181264052505299,-2.362528105010598
171,0,601.8333333333334,844.0,74,True,-1.2277878371367679,-1.2277878371367679,-2.4555756742735357
171,1,601.8333333333334,853.0,74,True,-1.2324924895152312,-1.2324924895152312,-2.4649849790304623
171,2,601.8333333333334,629.0,70,True,-1.1153989192068152,-1.1153989192068152,-2.2307978384136304
171,3,601.8333333333334,857.0,73,True,-1.2345834461278813,-1.2345834461278813,-2.4691668922557626
172,0,601.8333333333334,438.0,68,True,-1.0155557409527642,-1.0155557409527642,-2.0311114819055285
172,1,601.8333333333334,755.0,73,True,-1.1812640525052989,-1.1812640525052989,-2.3625281050105977
172,2,601.8333333333334,845.0,74,True,-1.2283105762899307,-1.2283105762899307,-2.4566211525798614
172,3,601.8333333333334,461.0,68,True,-1.0275787414755033,-1.0275787414755033,-2.0551574829510066
173,0,601.8333333333334,735.0,73,True,-1.1708092694420476,-1.1708092694420476,-2.341618538884095
173,1,601.8333333333334,782.0,72,True,-1.1953780096406883,-1.1953780096406883,-2.3907560192813766
173,2,601.8333333333334,502.0,69,True,-1.0490110467551685,-1.0490110467551685,-2.098022093510337
173,3,601.8333333333334,540.0,69,True,-1.0688751345753464,-1.0688751345753464,-2.137750269150693
174,0,601.8333333333334,683.0,72,True,-1.1436268334775939,-1.1436268334775939,-2.2872536669551877
174,1,601.8333333333334,861.0,74,True,-1.2366744027405316,-1.2366744027405316,-2.4733488054810633
174,2,601.8333333333334,694.0,72,True,-1.1493769641623823,-1.1493769641623823,-2.2987539283247647
174,3,601.8333333333334,749.0,73,True,-1.1781276175863238,-1.1781276175863238,-2.3562552351726476
175,0,601.8333333333334,668.0,72,True,-1.1357857461801553,-1.1357857461801553,-2.2715714923603105
175,1,646.8333333333334,692.0,71,True,-1.20714647278606,-1.20714647278606,-2.41429294557212
175,2,601.8333333333334,675.0,70,True,-1.1394449202522936,-1.1394449202522936,-2.278889840504587
175,3,601.8333333333334,716.0,72,True,-1.160877225531959,-1.160877225531959,-2.321754451063918
176,0,601.8333333333334,484.0,68,True,-1.0396017419982422,-1.0396017419982422,-2.0792034839964844
176,1,601.8333333333334,431.0,68,True,-1.0118965668806257,-1.0118965668806257,-2.0237931337612514
176,2,601.8333333333334,654.0,70,True,-1.1284673980358793,-1.1284673980358793,-2.2569347960717585
176,3,601.8333333333334,567.0,69,True,-1.0829890917107357,-1.0829890917107357,-2.1659781834214713
177,0,601.8333333333334,585.0,70,True,-1.0923983964676618,-1.0923983964676618,-2.1847967929353236
177,1,601.8333333333334,602.0,71,True,-1.1012849620714258,-1.1012849620714258,-2.2025699241428516
177,2,601.8333333333334,664.0,71,True,-1.1336947895675054,-1.1336947895675054,-2.2673895791350107
177,3,601.8333333333334,803.0,73,True,-1.2063555318571029,-1.2063555318571029,-2.4127110637142057
178,0,601.8333333333334,786.0,73,True,-1.1974689662533387,-1.1974689662533387,-2.3949379325066773
178,1,601.8333333333334,793.0,73,True,-1.2011281403254772,-1.2011281403254772,-2.4022562806509544
178,2,601.8333333333334,416.0,68,True,-1.0040554795831875,-1.0040554795831875,-2.008110959166375
178,3,601.8333333333334,653.0,71,True,-1.1279446588827169,-1.1279446588827169,-2.2558893177654338
179,0,601.8333333333334,862.0,74,True,-1.2371971418936945,-1.2371971418936945,-2.474394283787389
179,1,601.8333333333334,706.0,72,True,-1.1556498340003332,-1.1556498340003332,-2.3112996680006663
179,2,601.8333333333334,632.0,71,True,-1.116967136666303,-1.116967136666303,-2.233934273332606
179,3,601.8333333333334,793.0,73,True,-1.2011281403254768,-1.2011281403254768,-2.4022562806509535
180,0,601.8333333333334,555.0,70,True,-1.076716221872785,-1.076716221872785,-2.15343244374557
180,1,601.8333333333334,746.0,72,True,-1.176559400126836,-1.176559400126836,-2.353118800253672
180,2,601.8333333333334,540.0,69,True,-1.0688751345753462,-1.0688751345753462,-2.1377502691506924
180,3,601.8333333333334,502.0,69,True,-1.0490110467551685,-1.0490110467551685,-2.098022093510337
181,0,601.8333333333334,669.0,71,True,-1.1363084853333176,-1.1363084853333176,-2.2726169706666353
181,1,601.8333333333334,506.0,69,True,-1.051102003367819,-1.051102003367819,-2.102204006735638
181,2,601.8333333333334,461.0,68,True,-1.027578741475503,-1.027578741475503,-2.055157482951006
181,3,601.8333333333334,583.0,70,True,-1.0913529181613366,-1.0913529181613366,-2.1827058363226732
182,0,601.8333333333334,431.0,68,True,-1.011896566880626,-1.011896566880626,-2.023793133761252
182,1,601.8333333333334,431.0,68,True,-1.011896566880626,-1.011896566880626,-2.023793133761252
182,2,601.8333333333334,555.0,70,True,-1.076716221872785,-1.076716221872785,-2.15343244374557
182,3,601.8333333333334,800.0,73,True,-1.2047873143976149,-1.2047873143976149,-2.4095746287952298
183,0,601.8333333333334,587.0,70,True,-1.0934438747739872,-1.0934438747739872,-2.1868877495479744
183,1,601.8333333333334,614.0,70,True,-1.1075578319093766,-1.1075578319093766,-2.2151156638187532
183,2,601.8333333333334,615.0,70,True,-1.1080805710625388,-1.1080805710625388,-2.2161611421250775
183,3,879.1666666666666,768.0,72,True,-1.5505342476131707,-1.5505342476131707,-3.1010684952263414
184,0,601.8333333333334,638.0,71,True,-1.120103571585278,-1.120103571585278,-2.240207143170556
184,1,601.8333333333334,662.0,71,True,-1.1326493112611802,-1.1326493112611802,-2.2652986225223604
184,2,601.8333333333334,617.0,71,True,-1.1091260493688644,-1.1091260493688644,-2.2182520987377288
184,3,601.8333333333334,613.0,69,True,-1.107035092756214,-1.107035092756214,-2.214070185512428
185,0,601.8333333333334,674.0,71,True,-1.1389221810991308,-1.1389221810991308,-2.2778443621982616
185,1,601.8333333333334,632.0,71,True,-1.116967136666303,-1.116967136666303,-2.233934273332606
185,2,601.8333333333334,517.0,69,True,-1.0568521340526071,-1.0568521340526071,-2.1137042681052143
185,3,601.8333333333334,594.0,70,True,-1.097103048846125,-1.097103048846125,-2.19420609769225
186,0,601.8333333333334,671.0,71,True,-1.1373539636396433,-1.1373539636396433,-2.2747079272792865
186,1,601.8333333333334,585.0,70,True,-1.092398396467662,-1.092398396467662,-2.184796792935324
186,2,601.8333333333334,545.0,69,True,-1.0714888303411594,-1.0714888303411594,-2.1429776606823188
186,3,601.8333333333334,508.0,69,True,-1.0521474816741443,-1.0521474816741443,-2.1042949633482886
187,0,601.8333333333334,893.0,74,True,-1.253402055641734,-1.253402055641734,-2.506804111283468
187,1,1014.5,775.0,73,True,-1.7310740490451693,-1.7310740490451693,-3.4621480980903385
187,2,601.8333333333334,863.0,74,True,-1.2377198810468573,-1.2377198810468573,-2.4754397620937145
187,3,601.8333333333334,798.0,73,True,-1.20374183609129,-1.20374183609129,-2.40748367218258
188,0,601.8333333333334,547.0,69,True,-1.0725343086474841,-1.0725343086474841,-2.1450686172949682
188,1,601.8333333333334,775.0,73,True,-1.1917188355685504,-1.1917188355685504,-2.383437671137101
188,2,943.1666666666666,923.0,75,True,-1.7152067977649288,-1.7152067977649288,-3.4304135955298576
188,3,589.8333333333334,756.0,72,True,-1.1661027951437941,-1.1661027951437941,-2.3322055902875882
189,0,815.1666666666666,800.0,71,True,-1.4836139191028135,-1.4836139191028135,-2.967227838205627
189,1,929.1666666666666,1000.0,75,True,-1.737159716624668,-1.737159716624668,-3.474319433249336
189,2,601.8333333333334,1052.0,77,True,-1.3365175809945828,-1.3365175809945828,-2.6730351619891657
189,3,601.8333333333334,668.0,71,True,-1.1357857461801557,-1.1357857461801557,-2.2715714923603114
190,0,601.8333333333334,679.0,72,True,-1.1415358768649437,-1.1415358768649437,-2.2830717537298875
190,1,601.8333333333334,654.0,71,True,-1.1284673980358795,-1.1284673980358795,-2.256934796071759
190,2,943.1666666666666,786.0,73,True,-1.6435915337816567,-1.6435915337816567,-3.2871830675633134
190,3,601.8333333333334,724.0,72,True,-1.1650591387572593,-1.1650591387572593,-2.3301182775145186
191,0,601.8333333333334,431.0,68,True,-1.0118965668806257,-1.0118965668806257,-2.0237931337612514
191,1,601.8333333333334,564.0,70,True,-1.0814208742512479,-1.0814208742512479,-2.1628417485024958
191,2,929.1666666666666,729.0,72,True,-1.595497406117611,-1.595497406117611,-3.190994812235222
191,3,601.8333333333334,739.0,72,True,-1.172900226054698,-1.172900226054698,-2.345800452109396
192,0,601.8333333333334,607.0,70,True,-1.1038986578372385,-1.1038986578372385,-2.207797315674477
192,1,601.8333333333334,861.0,74,True,-1.2366744027405319,-1.2366744027405319,-2.4733488054810637
192,2,601.8333333333334,744.0,72,True,-1.1755139218205108,-1.1755139218205108,-2.3510278436410217
192,3,601.8333333333334,431.0,68,True,-1.011896566880626,-1.011896566880626,-2.023793133761252
193,0,601.8333333333334,506.0,69,True,-1.051102003367819,-1.051102003367819,-2.102204006735638
193,1,601.8333333333334,759.0,73,True,-1.1833550091179492,-1.1833550091179492,-2.3667100182358984
193,2,601.8333333333334,765.0,71,True,-1.1864914440369247,-1.1864914440369247,-2.3729828880738495
193,3,601.8333333333334,752.0,73,True,-1.1796958350458113,-1.1796958350458113,-2.3593916700916227
194,0,601.8333333333334,536.0,69,True,-1.0667841779626959,-1.0667841779626959,-2.1335683559253917
194,1,589.8333333333334,838.0,74,True,-1.208967405703125,-1.208967405703125,-2.41793481140625
194,2,601.8333333333334,833.0,74,True,-1.2220377064519798,-1.2220377064519798,-2.4440754129039597
194,3,601.8333333333334,719.0,72,True,-1.1624454429914461,-1.1624454429914461,-2.3248908859828923
195,0,601.8333333333334,585.0,70,True,-1.0923983964676616,-1.0923983964676616,-2.184796792935323
195,1,601.8333333333334,706.0,72,True,-1.1556498340003332,-1.1556498340003332,-2.3112996680006663
195,2,601.8333333333334,548.0,70,True,-1.073057047800647,-1.073057047800647,-2.146114095601294
195,3,601.8333333333334,795.0,73,True,-1.2021736186318017,-1.2021736186318017,-2.4043472372636034
196,0,601.8333333333334,820.0,73,True,-1.2152420974608662,-1.2152420974608662,-2.4304841949217324
196,1,601.8333333333334,636.0,71,True,-1.119058093278953,-1.119058093278953,-2.238116186557906
196,2,601.8333333333334,652.0,71,True,-1.1274219197295543,-1.1274219197295543,-2.2548438394591086
196,3,601.8333333333334,709.0,72,True,-1.157218051459821,-1.157218051459821,-2.314436102919642
197,0,601.8333333333334,795.0,73,True,-1.202173618631802,-1.202173618631802,-2.404347237263604
197,1,601.8333333333334,792.0,73,True,-1.2006054011723142,-1.2006054011723142,-2.4012108023446284
197,2,601.8333333333334,702.0,72,True,-1.1535588773876828,-1.1535588773876828,-2.3071177547753656
197,3,601.8333333333334,745.0,73,True,-1.1760366609736732,-1.1760366609736732,-2.3520733219473464
198,0,601.8333333333334,592.0,70,True,-1.0960575705398001,-1.0960575705398001,-2.1921151410796003
198,1,601.8333333333334,783.0,73,True,-1.1959007487938509,-1.1959007487938509,-2.3918014975877018
198,2,601.8333333333334,501.0,69,True,-1.0484883076020057,-1.0484883076020057,-2.0969766152040115
198,3,601.8333333333334,431.0,68,True,-1.011896566880626,-1.011896566880626,-2.023793133761252
199,0,601.8333333333334,695.0,72,True,-1.149899703315545,-1.149899703315545,-2.29979940663109
199,1,601.8333333333334,922.0,74,True,-1.2685614910834484,-1.2685614910834484,-2.537122982166897
199,2,601.8333333333334,779.0,73,True,-1.1938097921812012,-1.1938097921812012,-2.3876195843624024
199,3,601.8333333333334,721.0,72,True,-1.1634909212977715,-1.1634909212977715,-2.326981842595543
200,0,601.8333333333334,626.0,71,True,-1.1138307017473277,-1.1138307017473277,-2.2276614034946554
200,1,601.8333333333334,540.0,70,True,-1.0688751345753462,-1.0688751345753462,-2.1377502691506924
200,2,879.1666666666666,639.0,71,True,-1.4831008968551989,-1.4831008968551989,-2.9662017937103977
200,3,601.8333333333334,478.0,69,True,-1.0364653070792669,-1.0364653070792669,-2.0729306141585337
201,0,601.8333333333334,508.0,69,True,-1.052147481674144,-1.052147481674144,-2.104294963348288
201,1,601.8333333333334,531.0,69,True,-1.0641704821968831,-1.0641704821968831,-2.1283409643937663
201,2,601.8333333333334,698.0,71,True,-1.1514679207750325,-1.1514679207750325,-2.302935841550065
201,3,601.8333333333334,501.0,69,True,-1.048488307602006,-1.048488307602006,-2.096976615204012
202,0,601.8333333333334,478.0,69,True,-1.0364653070792669,-1.0364653070792669,-2.0729306141585337
202,1,601.8333333333334,548.0,70,True,-1.073057047800647,-1.073057047800647,-2.146114095601294
202,2,601.8333333333334,457.0,68,True,-1.025487784862853,-1.025487784862853,-2.050975569725706
202,3,601.8333333333334,431.0,68,True,-1.0118965668806255,-1.0118965668806255,-2.023793133761251
203,0,601.8333333333334,661.0,71,True,-1.1321265721080176,-1.1321265721080176,-2.264253144216035
203,1,601.8333333333334,575.0,70,True,-1.0871710049360361,-1.0871710049360361,-2.1743420098720723
203,2,601.8333333333334,457.0,68,True,-1.0254877848628527,-1.0254877848628527,-2.0509755697257055
203,3,601.8333333333334,810.0,73,True,-1.2100147059292405,-1.2100147059292405,-2.420029411858481
204,0,601.8333333333334,636.0,71,True,-1.1190580932789531,-1.1190580932789531,-2.2381161865579062
204,1,601.8333333333334,551.0,70,True,-1.0746252652601347,-1.0746252652601347,-2.1492505305202694
204,2,601.8333333333334,431.0,68,True,-1.011896566880626,-1.011896566880626,-2.023793133761252
204,3,601.8333333333334,909.0,75,True,-1.2617658820923352,-1.2617658820923352,-2.5235317641846704
205,0,601.8333333333334,478.0,69,True,-1.0364653070792669,-1.0364653070792669,-2.0729306141585337
205,1,601.8333333333334,548.0,70,True,-1.073057047800647,-1.073057047800647,-2.146114095601294
205,2,601.8333333333334,782.0,73,True,-1.1953780096406885,-1.1953780096406885,-2.390756019281377
205,3,601.8333333333334,837.0,74,True,-1.22412866306463,-1.22412866306463,-2.44825732612926
206,0,646.8333333333334,667.0,71,True,-1.1940779939569957,-1.1940779939569957,-2.3881559879139913
206,1,957.1666666666666,698.0,72,True,-1.615888484237129,-1.615888484237129,-3.231776968474258
206,2,601.8333333333334,493.0,69,True,-1.0443063943767052,-1.0443063943767052,-2.0886127887534105
206,3,601.8333333333334,749.0,73,True,-1.1781276175863233,-1.1781276175863233,-2.3562552351726467
207,0,601.8333333333334,755.0,73,True,-1.181264052505299,-1.181264052505299,-2.362528105010598
207,1,601.8333333333334,683.0,72,True,-1.143626833477594,-1.143626833477594,-2.287253666955188
207,2,601.8333333333334,641.0,71,True,-1.1216717890447658,-1.1216717890447658,-2.2433435780895317
207,3,601.8333333333334,965.0,76,True,-1.2910392746694392,-1.2910392746694392,-2.5820785493388785
208,0,573.8333333333334,682.0,72,True,-1.106508102456874,-1.106508102456874,-2.213016204913748
208,1,601.8333333333334,815.0,74,True,-1.2126284016950535,-1.2126284016950535,-2.425256803390107
208,2,601.8333333333334,617.0,71,True,-1.109126049368864,-1.109126049368864,-2.218252098737728
208,3,601.8333333333334,748.0,73,True,-1.1776048784331616,-1.1776048784331616,-2.3552097568663233
209,0,589.8333333333334,738.0,73,True,-1.1566934903868675,-1.1566934903868675,-2.313386980773735
209,1,601.8333333333334,694.0,72,True,-1.1493769641623819,-1.1493769641623819,-2.2987539283247638
209,2,601.8333333333334,672.0,72,True,-1.1378767027928058,-1.1378767027928058,-2.2757534055856117
209,3,601.8333333333334,609.0,71,True,-1.1049441361435637,-1.1049441361435637,-2.2098882722871274
210,0,601.8333333333334,780.0,73,True,-1.1943325313343633,-1.1943325313343633,-2.3886650626687267
210,1,646.8333333333334,796.0,73,True,-1.261511344714967,-1.261511344714967,-2.523022689429934
210,2,601.8333333333334,708.0,72,True,-1.1566953123066581,-1.1566953123066581,-2.3133906246133162
210,3,601.8333333333334,508.0,69,True,-1.0521474816741438,-1.0521474816741438,-2.1042949633482877
211,0,601.8333333333334,585.0,70,True,-1.092398396467662,-1.092398396467662,-2.184796792935324
211,1,601.8333333333334,733.0,73,True,-1.1697637911357226,-1.1697637911357226,-2.339527582271445
211,2,601.8333333333334,585.0,70,True,-1.092398396467662,-1.092398396467662,-2.184796792935324
211,3,601.8333333333334,431.0,68,True,-1.011896566880626,-1.011896566880626,-2.023793133761252
212,0,601.8333333333334,581.0,70,True,-1.0903074398550117,-1.0903074398550117,-2.1806148797100233
212,1,601.8333333333334,585.0,70,True,-1.0923983964676618,-1.0923983964676618,-2.1847967929353236
212,2,601.8333333333334,587.0,70,True,-1.0934438747739872,-1.0934438747739872,-2.1868877495479744
212,3,601.8333333333334,622.0,71,True,-1.111739745134677,-1.111739745134677,-2.223479490269354
213,0,601.8333333333334,756.0,73,True,-1.181786791658462,-1.181786791658462,-2.363573583316924
213,1,601.8333333333334,756.0,73,True,-1.1817867916584617,-1.1817867916584617,-2.3635735833169234
213,2,601.8333333333334,767.0,73,True,-1.18753692234325,-1.18753692234325,-2.3750738446865
213,3,601.8333333333334,683.0,72,True,-1.1436268334775939,-1.1436268334775939,-2.2872536669551877
214,0,601.8333333333334,478.0,69,True,-1.0364653070792669,-1.0364653070792669,-2.0729306141585337
214,1,601.8333333333334,478.0,69,True,-1.036465307079267,-1.036465307079267,-2.072930614158534
214,2,601.8333333333334,478.0,69,True,-1.0364653070792667,-1.0364653070792667,-2.0729306141585333
214,3,601.8333333333334,695.0,72,True,-1.1498997033155447,-1.1498997033155447,-2.2997994066310894
215,0,601.8333333333334,826.0,74,True,-1.2183785323798417,-1.2183785323798417,-2.4367570647596835
215,1,601.8333333333334,551.0,70,True,-1.0746252652601347,-1.0746252652601347,-2.1492505305202694
215,2,601.8333333333334,842.0,74,True,-1.2267423588304425,-1.2267423588304425,-2.453484717660885
215,3,601.8333333333334,478.0,69,True,-1.0364653070792669,-1.0364653070792669,-2.0729306141585337
216,0,601.8333333333334,765.0,73,True,-1.1864914440369247,-1.1864914440369247,-2.3729828880738495
216,1,601.8333333333334,683.0,72,True,-1.1436268334775939,-1.1436268334775939,-2.2872536669551877
216,2,601.8333333333334,756.0,73,True,-1.1817867916584615,-1.1817867916584615,-2.363573583316923
216,3,601.8333333333334,574.0,70,True,-1.0866482657828738,-1.0866482657828738,-2.1732965315657475
217,0,601.8333333333334,734.0,73,True,-1.1702865302888854,-1.1702865302888854,-2.340573060577771
217,1,601.8333333333334,734.0,73,True,-1.170286530288885,-1.170286530288885,-2.34057306057777
217,2,601.8333333333334,860.0,74,True,-1.236151663587369,-1.236151663587369,-2.472303327174738
217,3,601.8333333333334,757.0,73,True,-1.182309530811624,-1.182309530811624,-2.364619061623248
218,0,601.8333333333334,478.0,69,True,-1.0364653070792667,-1.0364653070792667,-2.0729306141585333
218,1,601.8333333333334,830.0,74,True,-1.220469488992492,-1.220469488992492,-2.440938977984984
218,2,601.8333333333334,700.0,72,True,-1.1525133990813576,-1.1525133990813576,-2.3050267981627153
218,3,601.8333333333334,779.0,73,True,-1.1938097921812012,-1.1938097921812012,-2.3876195843624024
219,0,601.8333333333334,548.0,70,True,-1.073057047800647,-1.073057047800647,-2.146114095601294
219,1,573.8333333333334,755.0,73,True,-1.1446680606377417,-1.1446680606377417,-2.2893361212754835
219,2,646.8333333333334,691.0,72,True,-1.2066237336328975,-1.2066237336328975,-2.413247467265795
219,3,601.8333333333334,552.0,70,True,-1.0751480044132973,-1.0751480044132973,-2.1502960088265946
220,0,601.8333333333334,753.0,73,True,-1.1802185741989741,-1.1802185741989741,-2.3604371483979483
220,1,581.8333333333334,703.0,72,True,-1.1279416223497332,-1.1279416223497332,-2.2558832446994663
220,2,646.8333333333334,783.0,73,True,-1.2547157357238536,-1.2547157357238536,-2.5094314714477073
220,3,646.8333333333334,1076.0,77,True,-1.4078783076004875,-1.4078783076004875,-2.815756615200975
221,0,601.8333333333334,775.0,73,True,-1.1917188355685506,-1.1917188355685506,-2.3834376711371013
221,1,601.8333333333334,734.0,73,True,-1.170286530288885,-1.170286530288885,-2.34057306057777
221,2,601.8333333333334,478.0,69,True,-1.0364653070792669,-1.0364653070792669,-2.0729306141585337
221,3,601.8333333333334,852.0,74,True,-1.2319697503620681,-1.2319697503620681,-2.4639395007241363
222,0,646.8333333333334,769.0,73,True,-1.2473973875795776,-1.2473973875795776,-2.4947947751591553
222,1,601.8333333333334,842.0,74,True,-1.226742358830443,-1.226742358830443,-2.453484717660886
222,2,601.8333333333334,693.0,72,True,-1.1488542250092193,-1.1488542250092193,-2.2977084500184386
222,3,601.8333333333334,721.0,72,True,-1.1634909212977715,-1.1634909212977715,-2.326981842595543
223,0,601.8333333333334,683.0,72,True,-1.1436268334775939,-1.1436268334775939,-2.2872536669551877
223,1,646.8333333333334,781.0,73,True,-1.2536702574175285,-1.2536702574175285,-2.507340514835057
223,2,601.8333333333334,607.0,71,True,-1.1038986578372385,-1.1038986578372385,-2.207797315674477
223,3,601.8333333333334,696.0,72,True,-1.1504224424687073,-1.1504224424687073,-2.3008448849374146
224,0,601.8333333333334,693.0,72,True,-1.1488542250092197,-1.1488542250092197,-2.2977084500184395
224,1,601.8333333333334,833.0,74,True,-1.2220377064519796,-1.2220377064519796,-2.4440754129039592
224,2,601.8333333333334,693.0,72,True,-1.1488542250092195,-1.1488542250092195,-2.297708450018439
224,3,601.8333333333334,683.0,72,True,-1.1436268334775939,-1.1436268334775939,-2.2872536669551877
225,0,601.8333333333334,587.0,70,True,-1.0934438747739874,-1.0934438747739874,-2.186887749547975
225,1,601.8333333333334,715.0,72,True,-1.1603544863787965,-1.1603544863787965,-2.320708972757593
225,2,601.8333333333334,855.0,74,True,-1.2335379678215561,-1.2335379678215561,-2.4670759356431122
225,3,646.8333333333334,779.0,73,True,-1.2526247791112035,-1.2526247791112035,-2.505249558222407
226,0,601.8333333333334,856.0,74,True,-1.2340607069747187,-1.2340607069747187,-2.4681214139494374
226,1,929.1666666666666,927.0,74,True,-1.6989997584438004,-1.6989997584438004,-3.3979995168876007
226,2,646.8333333333334,833.0,74,True,-1.2808526933819824,-1.2808526933819824,-2.5617053867639648
226,3,893.1666666666666,799.0,72,True,-1.5850371572949893,-1.5850371572949893,-3.1700743145899786
227,0,601.8333333333334,853.0,74,True,-1.2324924895152312,-1.2324924895152312,-2.4649849790304623
227,1,601.8333333333334,713.0,71,True,-1.1593090080724708,-1.1593090080724708,-2.3186180161449417
227,2,601.8333333333334,665.0,72,True,-1.1342175287206677,-1.1342175287206677,-2.2684350574413354
227,3,943.1666666666666,846.0,73,True,-1.6749558829714113,-1.6749558829714113,-3.3499117659428226
228,0,601.8333333333334,779.0,73,True,-1.1938097921812005,-1.1938097921812005,-2.387619584362401
228,1,601.8333333333334,841.0,74,True,-1.22621961967728,-1.22621961967728,-2.45243923935456
228,2,601.8333333333334,693.0,72,True,-1.1488542250092195,-1.1488542250092195,-2.297708450018439
228,3,943.1666666666666,700.0,72,True,-1.5986359666096754,-1.5986359666096754,-3.197271933219351
229,0,601.8333333333334,771.0,72,True,-1.1896278789559003,-1.1896278789559003,-2.3792557579118006
229,1,601.8333333333334,799.0,73,True,-1.204264575244452,-1.204264575244452,-2.408529150488904
229,2,601.8333333333334,553.0,69,True,-1.0756707435664596,-1.0756707435664596,-2.1513414871329193
229,3,815.1666666666666,1003.0,75,True,-1.5897299671948155,-1.5897299671948155,-3.179459934389631
230,0,601.8333333333334,548.0,70,True,-1.0730570478006471,-1.0730570478006471,-2.1461140956012943
230,1,601.8333333333334,657.0,71,True,-1.1300356154953675,-1.1300356154953675,-2.260071230990735
230,2,601.8333333333334,839.0,73,True,-1.2251741413709554,-1.2251741413709554,-2.4503482827419107
230,3,601.8333333333334,685.0,72,True,-1.144672311783919,-1.144672311783919,-2.289344623567838
231,0,646.8333333333334,835.0,73,True,-1.2818981716883076,-1.2818981716883076,-2.563796343376615
231,1,601.8333333333334,717.0,71,True,-1.1613999646851212,-1.1613999646851212,-2.3227999293702424
231,2,601.8333333333334,820.0,74,True,-1.2152420974608662,-1.2152420974608662,-2.4304841949217324
231,3,601.8333333333334,786.0,73,True,-1.1974689662533389,-1.1974689662533389,-2.3949379325066777
232,0,893.1666666666666,776.0,72,True,-1.5730141567722502,-1.5730141567722502,-3.1460283135445004
232,1,601.8333333333334,746.0,72,True,-1.176559400126836,-1.176559400126836,-2.353118800253672
232,2,601.8333333333334,693.0,72,True,-1.1488542250092197,-1.1488542250092197,-2.2977084500184395
232,3,601.8333333333334,774.0,72,True,-1.1911960964153878,-1.1911960964153878,-2.3823921928307756
233,0,601.8333333333334,505.0,68,True,-1.0505792642146559,-1.0505792642146559,-2.1011585284293117
233,1,601.8333333333334,613.0,71,True,-1.107035092756214,-1.107035092756214,-2.214070185512428
233,2,601.8333333333334,802.0,73,True,-1.2058327927039403,-1.2058327927039403,-2.4116655854078806
233,3,601.8333333333334,701.0,71,True,-1.1530361382345202,-1.1530361382345202,-2.3060722764690404
234,0,601.8333333333334,851.0,74,True,-1.2314470112089062,-1.2314470112089062,-2.4628940224178124
234,1,957.1666666666666,989.0,75,True,-1.7680055778074373,-1.7680055778074373,-3.5360111556148746
234,2,646.8333333333334,783.0,73,True,-1.254715735723854,-1.254715735723854,-2.509431471447708
234,3,601.8333333333334,992.0,75,True,-1.3051532318048285,-1.3051532318048285,-2.610306463609657
235,0,601.8333333333334,779.0,73,True,-1.1938097921812008,-1.1938097921812008,-2.3876195843624015
235,1,646.8333333333334,709.0,72,True,-1.2160330383898235,-1.2160330383898235,-2.432066076779647
235,2,601.8333333333334,555.0,70,True,-1.0767162218727848,-1.0767162218727848,-2.1534324437455696
235,3,601.8333333333334,798.0,72,True,-1.2037418360912897,-1.2037418360912897,-2.4074836721825794
236,0,601.8333333333334,675.0,72,True,-1.1394449202522932,-1.1394449202522932,-2.2788898405045863
236,1,601.8333333333334,769.0,72,True,-1.188582400649575,-1.188582400649575,-2.37716480129915
236,2,601.8333333333334,827.0,73,True,-1.2189012715330043,-1.2189012715330043,-2.4378025430660086
236,3,601.8333333333334,752.0,72,True,-1.179695835045811,-1.179695835045811,-2.359391670091622
237,0,601.8333333333334,478.0,69,True,-1.0364653070792669,-1.0364653070792669,-2.0729306141585337
237,1,601.8333333333334,685.0,71,True,-1.1446723117839193,-1.1446723117839193,-2.2893446235678385
237,2,601.8333333333334,723.0,71,True,-1.164536399604097,-1.164536399604097,-2.329072799208194
237,3,929.1666666666666,771.0,72,True,-1.6174524505504393,-1.6174524505504393,-3.2349049011008786
238,0,601.8333333333334,540.0,69,True,-1.0688751345753464,-1.0688751345753464,-2.137750269150693
238,1,601.8333333333334,667.0,70,True,-1.1352630070269927,-1.1352630070269927,-2.2705260140539854
238,2,879.1666666666666,803.0,72,True,-1.568830117973861,-1.568830117973861,-3.137660235947722
238,3,601.8333333333334,683.0,72,True,-1.1436268334775939,-1.1436268334775939,-2.2872536669551877
239,0,646.8333333333334,817.0,72,True,-1.2724888669313814,-1.2724888669313814,-2.544977733862763
239,1,601.8333333333334,830.0,73,True,-1.220469488992492,-1.220469488992492,-2.440938977984984
239,2,601.8333333333334,778.0,73,True,-1.1932870530280384,-1.1932870530280384,-2.386574106056077
239,3,601.8333333333334,446.0,68,True,-1.0197376541780645,-1.0197376541780645,-2.039475308356129
240,0,601.8333333333334,523.0,68,True,-1.0599885689715822,-1.0599885689715822,-2.1199771379431644
240,1,601.8333333333334,613.0,70,True,-1.1070350927562143,-1.1070350927562143,-2.2140701855124285
240,2,601.8333333333334,683.0,71,True,-1.1436268334775939,-1.1436268334775939,-2.2872536669551877
240,3,601.8333333333334,844.0,73,True,-1.227787837136768,-1.227787837136768,-2.455575674273536
241,0,601.8333333333334,709.0,71,True,-1.1572180514598207,-1.1572180514598207,-2.3144361029196414
241,1,601.8333333333334,661.0,70,True,-1.1321265721080176,-1.1321265721080176,-2.264253144216035
241,2,601.8333333333334,771.0,72,True,-1.1896278789559003,-1.1896278789559003,-2.3792557579118006
241,3,601.8333333333334,666.0,70,True,-1.1347402678738303,-1.1347402678738303,-2.2694805357476606
242,0,601.8333333333334,771.0,72,True,-1.1896278789558998,-1.1896278789558998,-2.3792557579117997
242,1,601.8333333333334,563.0,70,True,-1.0808981350980855,-1.0808981350980855,-2.161796270196171
242,2,601.8333333333334,538.0,69,True,-1.067829656269021,-1.067829656269021,-2.135659312538042
242,3,601.8333333333334,778.0,73,True,-1.1932870530280384,-1.1932870530280384,-2.386574106056077
243,0,601.8333333333334,884.0,74,True,-1.2486974032632705,-1.2486974032632705,-2.497394806526541
243,1,601.8333333333334,585.0,70,True,-1.092398396467662,-1.092398396467662,-2.184796792935324
243,2,601.8333333333334,666.0,71,True,-1.1347402678738305,-1.1347402678738305,-2.269480535747661
243,3,601.8333333333334,767.0,72,True,-1.18753692234325,-1.18753692234325,-2.3750738446865
244,0,601.8333333333334,662.0,71,True,-1.13264931126118,-1.13264931126118,-2.26529862252236
244,1,601.8333333333334,634.0,71,True,-1.118012614972628,-1.118012614972628,-2.236025229945256
244,2,601.8333333333334,478.0,69,True,-1.036465307079267,-1.036465307079267,-2.072930614158534
244,3,601.8333333333334,431.0,68,True,-1.0118965668806257,-1.0118965668806257,-2.0237931337612514
245,0,646.8333333333334,711.0,72,True,-1.2170785166961484,-1.2170785166961484,-2.434157033392297
245,1,646.8333333333334,759.0,72,True,-1.242169996047952,-1.242169996047952,-2.484339992095904
245,2,601.8333333333334,814.0,72,True,-1.212105662541891,-1.212105662541891,-2.424211325083782
245,3,601.8333333333334,801.0,73,True,-1.2053100535507777,-1.2053100535507777,-2.4106201071015554
246,0,646.8333333333334,708.0,72,True,-1.215510299236661,-1.215510299236661,-2.431020598473322
246,1,601.8333333333334,808.0,73,True,-1.2089692276229154,-1.2089692276229154,-2.4179384552458307
246,2,601.8333333333334,431.0,68,True,-1.0118965668806257,-1.0118965668806257,-2.0237931337612514
246,3,929.1666666666666,1052.0,76,True,-1.764342152589122,-1.764342152589122,-3.528684305178244
247,0,601.8333333333334,533.0,70,True,-1.065215960503208,-1.065215960503208,-2.130431921006416
247,1,601.8333333333334,555.0,70,True,-1.0767162218727844,-1.0767162218727844,-2.1534324437455687
247,2,601.8333333333334,824.0,73,True,-1.2173330540735166,-1.2173330540735166,-2.434666108147033
247,3,601.8333333333334,585.0,70,True,-1.0923983964676618,-1.0923983964676618,-2.1847967929353236
248,0,601.8333333333334,766.0,73,True,-1.1870141831900873,-1.1870141831900873,-2.3740283663801747
248,1,601.8333333333334,478.0,69,True,-1.0364653070792669,-1.0364653070792669,-2.0729306141585337
248,2,810.0000000000001,822.0,73,True,-1.4883613486396865,-1.4883613486396865,-2.976722697279373
248,3,601.8333333333334,540.0,70,True,-1.0688751345753462,-1.0688751345753462,-2.1377502691506924
249,0,601.8333333333334,431.0,68,True,-1.011896566880626,-1.011896566880626,-2.023793133761252
249,1,601.8333333333334,782.0,73,True,-1.1953780096406885,-1.1953780096406885,-2.390756019281377
249,2,601.8333333333334,683.0,72,True,-1.143626833477594,-1.143626833477594,-2.287253666955188
249,3,601.8333333333334,687.0,71,True,-1.1457177900902442,-1.1457177900902442,-2.2914355801804884
250,0,715.1666666666666,667.0,70,True,-1.2833896407766294,-1.2833896407766294,-2.566779281553259
250,1,929.1666666666666,630.0,71,True,-1.5437462299545168,-1.5437462299545168,-3.0874924599090336
250,2,601.8333333333334,1041.0,77,True,-1.3307674503097944,-1.3307674503097944,-2.6615349006195888
250,3,601.8333333333334,708.0,72,True,-1.1566953123066583,-1.1566953123066583,-2.3133906246133167
251,0,601.8333333333334,1048.0,77,True,-1.3344266243819332,-1.3344266243819332,-2.6688532487638663
251,1,601.8333333333334,712.0,72,True,-1.1587862689193085,-1.1587862689193085,-2.317572537838617
251,2,646.8333333333334,851.0,74,True,-1.2902619981389085,-1.2902619981389085,-2.580523996277817
251,3,601.8333333333334,555.0,70,True,-1.0767162218727848,-1.0767162218727848,-2.1534324437455696
252,0,649.8333333333334,693.0,72,True,-1.2115902110678898,-1.2115902110678898,-2.4231804221357796
252,1,649.8333333333334,517.0,69,True,-1.1195881201112767,-1.1195881201112767,-2.2391762402225535
252,2,601.8333333333334,551.0,70,True,-1.0746252652601345,-1.0746252652601345,-2.149250530520269
252,3,649.8333333333334,709.0,72,True,-1.2199540375184905,-1.2199540375184905,-2.439908075036981
253,0,601.8333333333334,707.0,72,True,-1.1561725731534958,-1.1561725731534958,-2.3123451463069915
253,1,601.8333333333334,854.0,74,True,-1.2330152286683935,-1.2330152286683935,-2.466030457336787
253,2,601.8333333333334,708.0,72,True,-1.1566953123066581,-1.1566953123066581,-2.3133906246133162
253,3,649.8333333333334,649.0,71,True,-1.1885896883287363,-1.1885896883287363,-2.3771793766574727
254,0,646.8333333333334,778.0,73,True,-1.2521020399580411,-1.2521020399580411,-2.5042040799160823
254,1,601.8333333333334,683.0,72,True,-1.1436268334775939,-1.1436268334775939,-2.2872536669551877
254,2,601.8333333333334,673.0,72,True,-1.1383994419459686,-1.1383994419459686,-2.2767988838919373
254,3,601.8333333333334,1071.0,77,True,-1.346449624904672,-1.346449624904672,-2.692899249809344
255,0,601.8333333333334,672.0,72,True,-1.1378767027928063,-1.1378767027928063,-2.2757534055856126
255,1,649.8333333333334,907.0,75,True,-1.3234563898446796,-1.3234563898446796,-2.6469127796893592
255,2,601.8333333333334,564.0,70,True,-1.081420874251248,-1.081420874251248,-2.162841748502496
255,3,601.8333333333334,923.0,75,True,-1.2690842302366112,-1.2690842302366112,-2.5381684604732224
256,0,601.8333333333334,798.0,73,True,-1.20374183609129,-1.20374183609129,-2.40748367218258
256,1,649.8333333333334,842.0,73,True,-1.2894783448891127,-1.2894783448891127,-2.5789566897782255
256,2,649.8333333333334,530.0,69,True,-1.1263837291023902,-1.1263837291023902,-2.2527674582047803
256,3,601.8333333333334,493.0,69,True,-1.0443063943767055,-1.0443063943767055,-2.088612788753411
257,0,649.8333333333334,683.0,72,True,-1.2063628195362637,-1.2063628195362637,-2.4127256390725274
257,1,649.8333333333334,675.0,72,True,-1.2021809063109632,-1.2021809063109632,-2.4043618126219264
257,2,646.8333333333334,671.0,71,True,-1.1961689505696458,-1.1961689505696458,-2.3923379011392916
257,3,601.8333333333334,702.0,72,True,-1.1535588773876828,-1.1535588773876828,-2.3071177547753656
258,0,601.8333333333334,576.0,70,True,-1.087693744089199,-1.087693744089199,-2.175387488178398
258,1,646.8333333333334,782.0,73,True,-1.2541929965706913,-1.2541929965706913,-2.5083859931413826
258,2,601.8333333333334,694.0,71,True,-1.149376964162382,-1.149376964162382,-2.298753928324764
258,3,601.8333333333334,696.0,72,True,-1.150422442468707,-1.150422442468707,-2.300844884937414
259,0,646.8333333333334,801.0,73,True,-1.26412504048078,-1.26412504048078,-2.52825008096156
259,1,601.8333333333334,715.0,72,True,-1.1603544863787962,-1.1603544863787962,-2.3207089727575925
259,2,694.8333333333334,762.0,72,True,-1.3064741995661093,-1.3064741995661093,-2.6129483991322187
259,3,601.8333333333334,587.0,70,True,-1.0934438747739872,-1.0934438747739872,-2.1868877495479744
260,0,646.8333333333334,867.0,73,True,-1.2986258245895097,-1.2986258245895097,-2.5972516491790194
260,1,601.8333333333334,431.0,68,True,-1.0118965668806257,-1.0118965668806257,-2.0237931337612514
260,2,646.8333333333334,798.0,73,True,-1.2625568230212925,-1.2625568230212925,-2.525113646042585
260,3,601.8333333333334,508.0,69,True,-1.0521474816741438,-1.0521474816741438,-2.1042949633482877
261,0,646.8333333333334,722.0,72,True,-1.2228286473809367,-1.2228286473809367,-2.4456572947618733
261,1,646.8333333333334,890.0,74,True,-1.310648825112249,-1.310648825112249,-2.621297650224498
261,2,601.8333333333334,904.0,74,True,-1.259152186326522,-1.259152186326522,-2.518304372653044
261,3,601.8333333333334,666.0,70,True,-1.1347402678738299,-1.1347402678738299,-2.2694805357476597
262,0,646.8333333333334,761.0,73,True,-1.2432154743542772,-1.2432154743542772,-2.4864309487085543
262,1,646.8333333333334,671.0,71,True,-1.1961689505696458,-1.1961689505696458,-2.3923379011392916
262,2,601.8333333333334,746.0,72,True,-1.176559400126836,-1.176559400126836,-2.353118800253672
262,3,646.8333333333334,746.0,72,True,-1.2353743870568388,-1.2353743870568388,-2.4707487741136775
263,0,601.8333333333334,736.0,72,True,-1.1713320085952104,-1.1713320085952104,-2.3426640171904207
263,1,601.8333333333334,576.0,70,True,-1.087693744089199,-1.087693744089199,-2.175387488178398
263,2,601.8333333333334,564.0,70,True,-1.0814208742512479,-1.0814208742512479,-2.1628417485024958
263,3,646.8333333333334,661.0,71,True,-1.1909415590380201,-1.1909415590380201,-2.3818831180760403
264,0,601.8333333333334,671.0,71,True,-1.137353963639643,-1.137353963639643,-2.274707927279286
264,1,601.8333333333334,592.0,70,True,-1.0960575705398001,-1.0960575705398001,-2.1921151410796003
264,2,589.8333333333334,759.0,72,True,-1.1676710126032817,-1.1676710126032817,-2.3353420252065633
264,3,646.8333333333334,699.0,71,True,-1.2108056468581978,-1.2108056468581978,-2.4216112937163956
265,0,601.8333333333334,384.0,67,True,-0.9873278266819849,-0.9873278266819849,-1.9746556533639699
265,1,601.8333333333334,614.0,71,True,-1.1075578319093762,-1.1075578319093762,-2.2151156638187524
265,2,646.8333333333334,614.0,70,True,-1.1663728188393792,-1.1663728188393792,-2.3327456376787583
265,3,589.8333333333334,710.0,72,True,-1.1420567940983157,-1.1420567940983157,-2.2841135881966315
266,0,601.8333333333334,709.0,72,True,-1.1572180514598207,-1.1572180514598207,-2.3144361029196414
266,1,601.8333333333334,431.0,68,True,-1.0118965668806257,-1.0118965668806257,-2.0237931337612514
266,2,879.1666666666666,666.0,71,True,-1.4972148539905885,-1.4972148539905885,-2.994429707981177
266,3,601.8333333333334,545.0,69,True,-1.0714888303411592,-1.0714888303411592,-2.1429776606823183
267,0,601.8333333333334,694.0,71,True,-1.149376964162382,-1.149376964162382,-2.298753928324764
267,1,646.8333333333334,794.0,72,True,-1.260465866408642,-1.260465866408642,-2.520931732817284
267,2,601.8333333333334,585.0,70,True,-1.0923983964676622,-1.0923983964676622,-2.1847967929353245
267,3,1050.5,887.0,74,True,-1.8366728237433794,-1.8366728237433794,-3.6733456474867587
268,0,601.8333333333334,820.0,73,True,-1.215242097460866,-1.215242097460866,-2.430484194921732
268,1,601.8333333333334,887.0,74,True,-1.2502656207227585,-1.2502656207227585,-2.500531241445517
268,2,601.8333333333334,515.0,69,True,-1.055806655746282,-1.055806655746282,-2.111613311492564
268,3,879.1666666666666,737.0,72,True,-1.534329333865131,-1.534329333865131,-3.068658667730262
269,0,601.8333333333334,592.0,70,True,-1.0960575705398001,-1.0960575705398001,-2.1921151410796003
269,1,601.8333333333334,704.0,72,True,-1.1546043556940075,-1.1546043556940075,-2.309208711388015
269,2,601.8333333333334,701.0,72,True,-1.15303613823452,-1.15303613823452,-2.30607227646904
269,3,649.8333333333334,545.0,69,True,-1.1342248163998288,-1.1342248163998288,-2.2684496327996575
270,0,646.8333333333334,802.0,73,True,-1.2646477796339426,-1.2646477796339426,-2.529295559267885
270,1,879.1666666666666,857.0,74,True,-1.5970580322446397,-1.5970580322446397,-3.1941160644892794
270,2,601.8333333333334,672.0,71,True,-1.1378767027928056,-1.1378767027928056,-2.2757534055856112
270,3,601.8333333333334,816.0,73,True,-1.2131511408482158,-1.2131511408482158,-2.4263022816964317
271,0,694.8333333333334,666.0,70,True,-1.2562912408625027,-1.2562912408625027,-2.5125824817250053
271,1,601.8333333333334,817.0,73,True,-1.2136738800013789,-1.2136738800013789,-2.4273477600027578
271,2,646.8333333333334,615.0,70,True,-1.1668955579925417,-1.1668955579925417,-2.3337911159850835
271,3,601.8333333333334,732.0,72,True,-1.16924105198256,-1.16924105198256,-2.33848210396512
272,0,929.1666666666666,660.0,71,True,-1.559428404549394,-1.559428404549394,-3.118856809098788
272,1,1064.5,795.0,73,True,-1.8068788175862014,-1.8068788175862014,-3.613757635172403
272,2,601.8333333333334,845.0,74,True,-1.2283105762899307,-1.2283105762899307,-2.4566211525798614
272,3,893.1666666666666,814.0,73,True,-1.5928782445924274,-1.5928782445924274,-3.185756489184855
273,0,601.8333333333334,954.0,74,True,-1.2852891439846508,-1.2852891439846508,-2.5705782879693015
273,1,601.8333333333334,654.0,71,True,-1.1284673980358795,-1.1284673980358795,-2.256934796071759
273,2,865.1666666666666,744.0,72,True,-1.5196905120034903,-1.5196905120034903,-3.0393810240069805
273,3,589.8333333333334,915.0,75,True,-1.2492183204966432,-1.2492183204966432,-2.4984366409932863
274,0,601.8333333333334,778.0,73,True,-1.1932870530280384,-1.1932870530280384,-2.386574106056077
274,1,601.8333333333334,614.0,70,True,-1.1075578319093768,-1.1075578319093768,-2.2151156638187537
274,2,874.1666666666666,545.0,69,True,-1.4274284179101395,-1.4274284179101395,-2.854856835820279
274,3,601.8333333333334,639.0,71,True,-1.1206263107384409,-1.1206263107384409,-2.2412526214768818
275,0,601.8333333333334,508.0,69,True,-1.0521474816741438,-1.0521474816741438,-2.1042949633482877
275,1,601.8333333333334,560.0,70,True,-1.0793299176385978,-1.0793299176385978,-2.1586598352771955
275,2,601.8333333333334,783.0,73,True,-1.1959007487938509,-1.1959007487938509,-2.3918014975877018
275,3,601.8333333333334,600.0,70,True,-1.1002394837651008,-1.1002394837651008,-2.2004789675302017
276,0,601.8333333333334,735.0,72,True,-1.1708092694420478,-1.1708092694420478,-2.3416185388840955
276,1,601.8333333333334,845.0,74,True,-1.2283105762899305,-1.2283105762899305,-2.456621152579861
276,2,810.0,822.0,74,True,-1.4883613486396858,-1.4883613486396858,-2.9767226972793717
276,3,879.1666666666666,858.0,74,True,-1.5975807713978019,-1.5975807713978019,-3.1951615427956037
277,0,601.8333333333334,735.0,72,True,-1.1708092694420476,-1.1708092694420476,-2.341618538884095
277,1,765.1666666666666,568.0,69,True,-1.296988450091316,-1.296988450091316,-2.593976900182632
277,2,601.8333333333334,782.0,73,True,-1.1953780096406885,-1.1953780096406885,-2.390756019281377
277,3,601.8333333333334,834.0,74,True,-1.2225604456051424,-1.2225604456051424,-2.445120891210285
278,0,601.8333333333334,797.0,73,True,-1.2032190969381273,-1.2032190969381273,-2.4064381938762547
278,1,601.8333333333334,911.0,75,True,-1.2628113603986604,-1.2628113603986604,-2.5256227207973208
278,2,601.8333333333334,701.0,72,True,-1.15303613823452,-1.15303613823452,-2.30607227646904
278,3,601.8333333333334,1114.0,78,True,-1.3689274084906622,-1.3689274084906622,-2.7378548169813244
279,0,649.8333333333334,638.0,71,True,-1.1828395576439479,-1.1828395576439479,-2.3656791152878958
279,1,601.8333333333334,869.0,75,True,-1.240856315965832,-1.240856315965832,-2.481712631931664
279,2,601.8333333333334,708.0,72,True,-1.1566953123066581,-1.1566953123066581,-2.3133906246133162
279,3,601.8333333333334,722.0,73,True,-1.1640136604509341,-1.1640136604509341,-2.3280273209018683
280,0,601.8333333333334,782.0,73,True,-1.1953780096406883,-1.1953780096406883,-2.3907560192813766
280,1,601.8333333333334,638.0,71,True,-1.1201035715852783,-1.1201035715852783,-2.2402071431705566
280,2,601.8333333333334,771.0,73,True,-1.1896278789559,-1.1896278789559,-2.3792557579118
280,3,601.8333333333334,709.0,72,True,-1.157218051459821,-1.157218051459821,-2.314436102919642
281,0,601.8333333333334,693.0,72,True,-1.1488542250092197,-1.1488542250092197,-2.2977084500184395
281,1,601.8333333333334,661.0,72,True,-1.1321265721080176,-1.1321265721080176,-2.264253144216035
281,2,601.8333333333334,823.0,74,True,-1.2168103149203542,-1.2168103149203542,-2.4336206298407084
281,3,601.8333333333334,825.0,74,True,-1.2178557932266791,-1.2178557932266791,-2.4357115864533583
282,0,649.8333333333334,786.0,73,True,-1.2602049523120087,-1.2602049523120087,-2.5204099046240174
282,1,601.8333333333334,741.0,73,True,-1.1739457043610229,-1.1739457043610229,-2.3478914087220457
282,2,649.8333333333334,855.0,74,True,-1.296273953880226,-1.296273953880226,-2.592547907760452
282,3,646.8333333333334,708.0,72,True,-1.215510299236661,-1.215510299236661,-2.431020598473322
283,0,589.8333333333334,812.0,74,True,-1.1953761877208977,-1.1953761877208977,-2.3907523754417954
283,1,649.8333333333334,766.0,73,True,-1.2497501692487571,-1.2497501692487571,-2.4995003384975143
283,2,649.8333333333334,876.0,74,True,-1.3072514760966398,-1.3072514760966398,-2.6145029521932797
283,3,601.8333333333334,782.0,73,True,-1.1953780096406885,-1.1953780096406885,-2.390756019281377
284,0,601.8333333333334,857.0,74,True,-1.2345834461278813,-1.2345834461278813,-2.4691668922557626
284,1,601.8333333333334,766.0,73,True,-1.1870141831900873,-1.1870141831900873,-2.3740283663801747
284,2,601.8333333333334,555.0,70,True,-1.0767162218727848,-1.0767162218727848,-2.1534324437455696
284,3,601.8333333333334,782.0,73,True,-1.1953780096406885,-1.1953780096406885,-2.390756019281377
285,0,601.8333333333334,770.0,73,True,-1.1891051398027375,-1.1891051398027375,-2.378210279605475
285,1,649.8333333333334,552.0,70,True,-1.137883990471967,-1.137883990471967,-2.275767980943934
285,2,649.8333333333334,617.0,71,True,-1.171862035427534,-1.171862035427534,-2.343724070855068
285,3,601.8333333333334,888.0,75,True,-1.2507883598759213,-1.2507883598759213,-2.5015767197518426
286,0,601.8333333333334,1049.0,77,True,-1.3349493635350953,-1.3349493635350953,-2.6698987270701906
286,1,601.8333333333334,552.0,70,True,-1.075148004413297,-1.075148004413297,-2.150296008826594
286,2,649.8333333333334,680.0,72,True,-1.204794602076776,-1.204794602076776,-2.409589204153552
286,3,601.8333333333334,848.0,74,True,-1.229878793749418,-1.229878793749418,-2.459757587498836
287,0,601.8333333333334,778.0,73,True,-1.1932870530280384,-1.1932870530280384,-2.386574106056077
287,1,601.8333333333334,548.0,70,True,-1.0730570478006467,-1.0730570478006467,-2.1461140956012934
287,2,601.8333333333334,751.0,73,True,-1.1791730958926485,-1.1791730958926485,-2.358346191785297
287,3,601.8333333333334,698.0,72,True,-1.1514679207750327,-1.1514679207750327,-2.3029358415500654
288,0,601.8333333333334,702.0,72,True,-1.1535588773876826,-1.1535588773876826,-2.307117754775365
288,1,601.8333333333334,741.0,72,True,-1.173945704361023,-1.173945704361023,-2.347891408722046
288,2,646.8333333333334,517.0,69,True,-1.1156671209826097,-1.1156671209826097,-2.2313342419652193
288,3,649.8333333333334,478.0,69,True,-1.0992012931379367,-1.0992012931379367,-2.1984025862758734
289,0,601.8333333333334,805.0,72,True,-1.2074010101634276,-1.2074010101634276,-2.414802020326855
289,1,601.8333333333334,585.0,70,True,-1.0923983964676622,-1.0923983964676622,-2.1847967929353245
289,2,601.8333333333334,632.0,71,True,-1.1169671366663028,-1.1169671366663028,-2.2339342733326055
289,3,601.8333333333334,671.0,71,True,-1.1373539636396435,-1.1373539636396435,-2.274707927279287
290,0,649.8333333333334,839.0,74,True,-1.2879101274296247,-1.2879101274296247,-2.5758202548592495
290,1,649.8333333333334,718.0,71,True,-1.2246586898969538,-1.2246586898969538,-2.4493173797939076
290,2,649.8333333333334,659.0,70,True,-1.1938170798603622,-1.1938170798603622,-2.3876341597207245
290,3,601.8333333333334,564.0,70,True,-1.0814208742512479,-1.0814208742512479,-2.1628417485024958
291,0,649.8333333333334,624.0,70,True,-1.1755212094996719,-1.1755212094996719,-2.3510424189993437
291,1,601.8333333333334,671.0,71,True,-1.137353963639643,-1.137353963639643,-2.274707927279286
291,2,601.8333333333334,852.0,74,True,-1.2319697503620686,-1.2319697503620686,-2.463939500724137
291,3,601.8333333333334,782.0,73,True,-1.1953780096406883,-1.1953780096406883,-2.3907560192813766
292,0,601.8333333333334,585.0,70,True,-1.0923983964676618,-1.0923983964676618,-2.1847967929353236
292,1,601.8333333333334,718.0,72,True,-1.161922703838284,-1.161922703838284,-2.323845407676568
292,2,601.8333333333334,718.0,72,True,-1.1619227038382836,-1.1619227038382836,-2.323845407676567
292,3,601.8333333333334,718.0,72,True,-1.1619227038382836,-1.1619227038382836,-2.323845407676567
293,0,601.8333333333334,671.0,71,True,-1.1373539636396433,-1.1373539636396433,-2.2747079272792865
293,1,601.8333333333334,619.0,70,True,-1.1101715276751893,-1.1101715276751893,-2.2203430553503787
293,2,601.8333333333334,517.0,69,True,-1.0568521340526071,-1.0568521340526071,-2.1137042681052143
293,3,601.8333333333334,632.0,71,True,-1.1169671366663023,-1.1169671366663023,-2.2339342733326046
294,0,601.8333333333334,585.0,70,True,-1.0923983964676618,-1.0923983964676618,-2.1847967929353236
294,1,601.8333333333334,634.0,71,True,-1.1180126149726282,-1.1180126149726282,-2.2360252299452563
294,2,601.8333333333334,793.0,73,True,-1.2011281403254768,-1.2011281403254768,-2.4022562806509535
294,3,601.8333333333334,517.0,69,True,-1.0568521340526071,-1.0568521340526071,-2.1137042681052143
295,0,601.8333333333334,621.0,71,True,-1.1112170059815145,-1.1112170059815145,-2.222434011963029
295,1,601.8333333333334,796.0,73,True,-1.2026963577849648,-1.2026963577849648,-2.4053927155699295
295,2,601.8333333333334,563.0,70,True,-1.0808981350980853,-1.0808981350980853,-2.1617962701961706
295,3,601.8333333333334,696.0,72,True,-1.150422442468707,-1.150422442468707,-2.300844884937414
296,0,601.8333333333334,913.0,75,True,-1.2638568387049853,-1.2638568387049853,-2.5277136774099707
296,1,601.8333333333334,1012.0,76,True,-1.3156080148680802,-1.3156080148680802,-2.6312160297361604
296,2,601.8333333333334,815.0,74,True,-1.2126284016950535,-1.2126284016950535,-2.425256803390107
296,3,601.8333333333334,830.0,74,True,-1.220469488992492,-1.220469488992492,-2.440938977984984
297,0,601.8333333333334,696.0,72,True,-1.1504224424687073,-1.1504224424687073,-2.3008448849374146
297,1,601.8333333333334,986.0,76,True,-1.3020167968858531,-1.3020167968858531,-2.6040335937717063
297,2,649.8333333333334,692.0,72,True,-1.2110674719147267,-1.2110674719147267,-2.4221349438294535
297,3,601.8333333333334,641.0,71,True,-1.121671789044766,-1.121671789044766,-2.243343578089532
298,0,649.8333333333334,1099.0,77,True,-1.4238223072518936,-1.4238223072518936,-2.8476446145037873
298,1,601.8333333333334,761.0,73,True,-1.1844004874242744,-1.1844004874242744,-2.368800974848549
298,2,601.8333333333334,641.0,71,True,-1.121671789044766,-1.121671789044766,-2.243343578089532
298,3,601.8333333333334,862.0,74,True,-1.237197141893694,-1.237197141893694,-2.474394283787388
299,0,601.8333333333334,788.0,73,True,-1.198514444559664,-1.198514444559664,-2.397028889119328
299,1,601.8333333333334,718.0,72,True,-1.161922703838284,-1.161922703838284,-2.323845407676568
299,2,765.1666666666666,506.0,69,True,-1.2645786225952365,-1.2645786225952365,-2.529157245190473
299,3,601.8333333333334,632.0,71,True,-1.116967136666303,-1.116967136666303,-2.233934273332606
300,0,601.8333333333334,775.0,73,True,-1.1917188355685504,-1.1917188355685504,-2.383437671137101
300,1,601.8333333333334,716.0,72,True,-1.1608772255319588,-1.1608772255319588,-2.3217544510639176
300,2,601.8333333333334,617.0,71,True,-1.1091260493688642,-1.1091260493688642,-2.2182520987377283
300,3,601.8333333333334,649.0,71,True,-1.1258537022700665,-1.1258537022700665,-2.251707404540133
301,0,601.8333333333334,786.0,73,True,-1.1974689662533387,-1.1974689662533387,-2.3949379325066773
301,1,601.8333333333334,788.0,73,True,-1.198514444559664,-1.198514444559664,-2.397028889119328
301,2,601.8333333333334,632.0,71,True,-1.1169671366663032,-1.1169671366663032,-2.2339342733326064
301,3,601.8333333333334,1011.0,76,True,-1.3150852757149174,-1.3150852757149174,-2.630170551429835
302,0,601.8333333333334,781.0,73,True,-1.194855270487526,-1.194855270487526,-2.389710540975052
302,1,601.8333333333334,478.0,69,True,-1.0364653070792667,-1.0364653070792667,-2.0729306141585333
302,2,601.8333333333334,852.0,74,True,-1.2319697503620688,-1.2319697503620688,-2.4639395007241376
302,3,601.8333333333334,669.0,71,True,-1.1363084853333179,-1.1363084853333179,-2.2726169706666357
303,0,601.8333333333334,777.0,73,True,-1.1927643138748756,-1.1927643138748756,-2.385528627749751
303,1,601.8333333333334,622.0,71,True,-1.1117397451346773,-1.1117397451346773,-2.2234794902693547
303,2,646.8333333333334,770.0,73,True,-1.2479201267327402,-1.2479201267327402,-2.4958402534654804
303,3,601.8333333333334,778.0,73,True,-1.193287053028038,-1.193287053028038,-2.386574106056076
304,0,601.8333333333334,724.0,72,True,-1.1650591387572595,-1.1650591387572595,-2.330118277514519
304,1,601.8333333333334,545.0,69,True,-1.0714888303411592,-1.0714888303411592,-2.1429776606823183
304,2,601.8333333333334,639.0,71,True,-1.1206263107384409,-1.1206263107384409,-2.2412526214768818
304,3,601.8333333333334,783.0,73,True,-1.195900748793851,-1.195900748793851,-2.391801497587702
305,0,601.8333333333334,920.0,75,True,-1.2675160127771232,-1.2675160127771232,-2.5350320255542464
305,1,601.8333333333334,632.0,71,True,-1.1169671366663025,-1.1169671366663025,-2.233934273332605
305,2,601.8333333333334,555.0,70,True,-1.076716221872785,-1.076716221872785,-2.15343244374557
305,3,601.8333333333334,545.0,69,True,-1.0714888303411592,-1.0714888303411592,-2.1429776606823183
306,0,601.8333333333334,461.0,68,True,-1.027578741475503,-1.027578741475503,-2.055157482951006
306,1,601.8333333333334,555.0,70,True,-1.0767162218727848,-1.0767162218727848,-2.1534324437455696
306,2,601.8333333333334,791.0,73,True,-1.2000826620191516,-1.2000826620191516,-2.400165324038303
306,3,601.8333333333334,705.0,72,True,-1.1551270948471708,-1.1551270948471708,-2.3102541896943416
307,0,601.8333333333334,609.0,71,True,-1.104944136143564,-1.104944136143564,-2.209888272287128
307,1,601.8333333333334,585.0,70,True,-1.092398396467662,-1.092398396467662,-2.184796792935324
307,2,649.8333333333334,869.0,74,True,-1.303592302024502,-1.303592302024502,-2.607184604049004
307,3,601.8333333333334,666.0,71,True,-1.1347402678738305,-1.1347402678738305,-2.269480535747661
308,0,601.8333333333334,858.0,74,True,-1.2351061852810439,-1.2351061852810439,-2.4702123705620878
308,1,601.8333333333334,660.0,71,True,-1.1316038329548548,-1.1316038329548548,-2.2632076659097096
308,2,601.8333333333334,528.0,69,True,-1.0626022647373956,-1.0626022647373956,-2.125204529474791
308,3,601.8333333333334,538.0,69,True,-1.0678296562690213,-1.0678296562690213,-2.1356593125380425
309,0,601.8333333333334,564.0,70,True,-1.0814208742512477,-1.0814208742512477,-2.1628417485024953
309,1,601.8333333333334,564.0,70,True,-1.081420874251248,-1.081420874251248,-2.162841748502496
309,2,601.8333333333334,624.0,71,True,-1.1127852234410023,-1.1127852234410023,-2.2255704468820046
309,3,601.8333333333334,594.0,70,True,-1.0971030488461249,-1.0971030488461249,-2.1942060976922497
310,0,601.8333333333334,573.0,70,True,-1.0861255266297114,-1.0861255266297114,-2.172251053259423
310,1,601.8333333333334,769.0,72,True,-1.1885824006495753,-1.1885824006495753,-2.3771648012991506
310,2,601.8333333333334,647.0,71,True,-1.1248082239637414,-1.1248082239637414,-2.2496164479274827
310,3,601.8333333333334,647.0,71,True,-1.1248082239637414,-1.1248082239637414,-2.2496164479274827
311,0,601.8333333333334,384.0,67,True,-0.9873278266819849,-0.9873278266819849,-1.9746556533639699
311,1,601.8333333333334,1200.0,79,True,-1.4138829756626432,-1.4138829756626432,-2.8277659513252864
311,2,601.8333333333334,726.0,72,True,-1.166104617063585,-1.166104617063585,-2.33220923412717
311,3,601.8333333333334,587.0,70,True,-1.0934438747739872,-1.0934438747739872,-2.1868877495479744
312,0,601.8333333333334,585.0,70,True,-1.092398396467662,-1.092398396467662,-2.184796792935324
312,1,601.8333333333334,694.0,72,True,-1.1493769641623819,-1.1493769641623819,-2.2987539283247638
312,2,589.8333333333334,908.0,75,True,-1.2455591464245055,-1.2455591464245055,-2.491118292849011
312,3,601.8333333333334,384.0,67,True,-0.9873278266819852,-0.9873278266819852,-1.9746556533639703
313,0,601.8333333333334,461.0,68,True,-1.0275787414755033,-1.0275787414755033,-2.0551574829510066
313,1,601.8333333333334,461.0,68,True,-1.027578741475503,-1.027578741475503,-2.055157482951006
313,2,589.8333333333334,668.0,71,True,-1.120101749665488,-1.120101749665488,-2.240203499330976
313,3,601.8333333333334,614.0,70,True,-1.1075578319093766,-1.1075578319093766,-2.2151156638187532
314,0,601.8333333333334,461.0,68,True,-1.027578741475503,-1.027578741475503,-2.055157482951006
314,1,601.8333333333334,764.0,73,True,-1.1859687048837622,-1.1859687048837622,-2.3719374097675243
314,2,601.8333333333334,579.0,69,True,-1.0892619615486865,-1.0892619615486865,-2.178523923097373
314,3,601.8333333333334,555.0,70,True,-1.076716221872785,-1.076716221872785,-2.15343244374557
315,0,589.8333333333334,879.0,73,True,-1.2303997109827907,-1.2303997109827907,-2.4607994219655813
315,1,589.8333333333334,650.0,71,True,-1.1106924449085616,-1.1106924449085616,-2.221384889817123
315,2,589.8333333333334,917.0,74,True,-1.250263798802968,-1.250263798802968,-2.500527597605936
315,3,601.8333333333334,736.0,70,True,-1.1713320085952101,-1.1713320085952101,-2.3426640171904203
316,0,601.8333333333334,493.0,69,True,-1.0443063943767052,-1.0443063943767052,-2.0886127887534105
316,1,601.8333333333334,718.0,72,True,-1.1619227038382838,-1.1619227038382838,-2.3238454076765676
316,2,601.8333333333334,470.0,67,True,-1.0322833938539662,-1.0322833938539662,-2.0645667877079323
316,3,601.8333333333334,527.0,68,True,-1.0620795255842328,-1.0620795255842328,-2.1241590511684656
317,0,601.8333333333334,632.0,71,True,-1.116967136666303,-1.116967136666303,-2.233934273332606
317,1,646.8333333333334,675.0,71,True,-1.1982599071822964,-1.1982599071822964,-2.3965198143645927
317,2,601.8333333333334,741.0,71,True,-1.173945704361023,-1.173945704361023,-2.347891408722046
317,3,601.8333333333334,585.0,70,True,-1.092398396467662,-1.092398396467662,-2.184796792935324
318,0,697.8333333333334,978.0,75,True,-1.4233068557778918,-1.4233068557778918,-2.8466137115557837
318,1,589.8333333333334,722.0,71,True,-1.1483296639362666,-1.1483296639362666,-2.296659327872533
318,2,646.8333333333334,860.0,73,True,-1.294966650517372,-1.294966650517372,-2.589933301034744
318,3,573.8333333333334,710.0,71,True,-1.1211447987454255,-1.1211447987454255,-2.242289597490851
319,0,601.8333333333334,508.0,69,True,-1.052147481674144,-1.052147481674144,-2.104294963348288
319,1,601.8333333333334,733.0,70,True,-1.1697637911357222,-1.1697637911357222,-2.3395275822714443
319,2,646.8333333333334,540.0,68,True,-1.1276901215053492,-1.1276901215053492,-2.2553802430106984
319,3,646.8333333333334,693.0,70,True,-1.2076692119392225,-1.2076692119392225,-2.415338423878445
320,0,601.8333333333334,699.0,70,True,-1.1519906599281948,-1.1519906599281948,-2.3039813198563897
320,1,601.8333333333334,718.0,72,True,-1.161922703838284,-1.161922703838284,-2.323845407676568
320,2,601.8333333333334,458.0,67,True,-1.0260105240160158,-1.0260105240160158,-2.0520210480320316
320,3,601.8333333333334,737.0,70,True,-1.171854747748373,-1.171854747748373,-2.343709495496746
321,0,601.8333333333334,705.0,71,True,-1.1551270948471706,-1.1551270948471706,-2.310254189694341
321,1,646.8333333333334,931.0,73,True,-1.3320811303919147,-1.3320811303919147,-2.6641622607838293
321,2,601.8333333333334,784.0,71,True,-1.1964234879470137,-1.1964234879470137,-2.3928469758940274
321,3,601.8333333333334,647.0,71,True,-1.1248082239637414,-1.1248082239637414,-2.2496164479274827
322,0,646.8333333333334,665.0,71,True,-1.1930325156506703,-1.1930325156506703,-2.3860650313013405
322,1,601.8333333333334,555.0,70,True,-1.076716221872785,-1.076716221872785,-2.15343244374557
322,2,601.8333333333334,782.0,73,True,-1.1953780096406887,-1.1953780096406887,-2.3907560192813775
322,3,601.8333333333334,585.0,70,True,-1.0923983964676618,-1.0923983964676618,-2.1847967929353236
323,0,601.8333333333334,637.0,70,True,-1.1195808324321157,-1.1195808324321157,-2.2391616648642314
323,1,601.8333333333334,811.0,71,True,-1.2105374450824031,-1.2105374450824031,-2.4210748901648063
323,2,601.8333333333334,632.0,71,True,-1.1169671366663028,-1.1169671366663028,-2.2339342733326055
323,3,601.8333333333334,478.0,69,True,-1.036465307079267,-1.036465307079267,-2.072930614158534
324,0,601.8333333333334,585.0,70,True,-1.0923983964676622,-1.0923983964676622,-2.1847967929353245
324,1,601.8333333333334,718.0,72,True,-1.1619227038382842,-1.1619227038382842,-2.3238454076765684
324,2,601.8333333333334,715.0,72,True,-1.160354486378796,-1.160354486378796,-2.320708972757592
324,3,601.8333333333334,636.0,71,True,-1.1190580932789533,-1.1190580932789533,-2.2381161865579067
325,0,601.8333333333334,741.0,71,True,-1.173945704361023,-1.173945704361023,-2.347891408722046
325,1,589.8333333333334,747.0,73,True,-1.161398142765331,-1.161398142765331,-2.322796285530662
325,2,601.8333333333334,632.0,71,True,-1.1169671366663028,-1.1169671366663028,-2.2339342733326055
325,3,601.8333333333334,669.0,71,True,-1.136308485333318,-1.136308485333318,-2.272616970666636
326,0,601.8333333333334,767.0,73,True,-1.1875369223432497,-1.1875369223432497,-2.3750738446864994
326,1,646.8333333333334,715.0,72,True,-1.219169473308799,-1.219169473308799,-2.438338946617598
326,2,601.8333333333334,885.0,73,True,-1.2492201424164333,-1.2492201424164333,-2.4984402848328666
326,3,601.8333333333334,470.0,68,True,-1.0322833938539664,-1.0322833938539664,-2.064566787707933
327,0,601.8333333333334,602.0,69,True,-1.1012849620714258,-1.1012849620714258,-2.2025699241428516
327,1,601.8333333333334,597.0,69,True,-1.0986712663056124,-1.0986712663056124,-2.197342532611225
327,2,601.8333333333334,761.0,72,True,-1.1844004874242742,-1.1844004874242742,-2.3688009748485483
327,3,601.8333333333334,702.0,72,True,-1.1535588773876828,-1.1535588773876828,-2.3071177547753656
328,0,601.8333333333334,527.0,67,True,-1.062079525584233,-1.062079525584233,-2.124159051168466
328,1,646.8333333333334,814.0,71,True,-1.2709206494718936,-1.2709206494718936,-2.5418412989437873
328,2,589.8333333333334,722.0,71,True,-1.1483296639362666,-1.1483296639362666,-2.296659327872533
328,3,646.8333333333334,764.0,70,True,-1.244783691813765,-1.244783691813765,-2.48956738362753
329,0,601.8333333333334,756.0,70,True,-1.181786791658462,-1.181786791658462,-2.363573583316924
329,1,601.8333333333334,658.0,70,True,-1.1305583546485298,-1.1305583546485298,-2.2611167092970597
329,2,601.8333333333334,532.0,68,True,-1.0646932213500457,-1.0646932213500457,-2.1293864427000915
329,3,601.8333333333334,792.0,73,True,-1.200605401172314,-1.200605401172314,-2.401210802344628
330,0,601.8333333333334,538.0,69,True,-1.0678296562690213,-1.0678296562690213,-2.1356593125380425
330,1,601.8333333333334,585.0,70,True,-1.092398396467662,-1.092398396467662,-2.184796792935324
330,2,601.8333333333334,597.0,69,True,-1.0986712663056128,-1.0986712663056128,-2.1973425326112257
330,3,601.8333333333334,866.0,73,True,-1.2392880985063448,-1.2392880985063448,-2.4785761970126896
331,0,601.8333333333334,624.0,70,True,-1.1127852234410023,-1.1127852234410023,-2.2255704468820046
331,1,601.8333333333334,540.0,68,True,-1.0688751345753462,-1.0688751345753462,-2.1377502691506924
331,2,589.8333333333334,717.0,72,True,-1.1457159681704536,-1.1457159681704536,-2.2914319363409072
331,3,601.8333333333334,1053.0,76,True,-1.337040320147746,-1.337040320147746,-2.674080640295492
332,0,646.8333333333334,564.0,70,True,-1.1402358611812509,-1.1402358611812509,-2.2804717223625017
332,1,589.8333333333334,675.0,70,True,-1.1237609237376256,-1.1237609237376256,-2.247521847475251
332,2,601.8333333333334,673.0,71,True,-1.1383994419459684,-1.1383994419459684,-2.276798883891937
332,3,649.8333333333334,624.0,70,True,-1.175521209499672,-1.175521209499672,-2.351042418999344
333,0,601.8333333333334,707.0,72,True,-1.1561725731534955,-1.1561725731534955,-2.312345146306991
333,1,646.8333333333334,470.0,68,True,-1.0910983807839691,-1.0910983807839691,-2.1821967615679383
333,2,601.8333333333334,718.0,72,True,-1.161922703838284,-1.161922703838284,-2.323845407676568
333,3,601.8333333333334,585.0,70,True,-1.092398396467662,-1.092398396467662,-2.184796792935324
334,0,601.8333333333334,670.0,71,True,-1.1368312244864804,-1.1368312244864804,-2.273662448972961
334,1,646.8333333333334,871.0,71,True,-1.3007167812021605,-1.3007167812021605,-2.601433562404321
334,2,601.8333333333334,529.0,68,True,-1.063125003890558,-1.063125003890558,-2.126250007781116
334,3,601.8333333333334,655.0,70,True,-1.128990137189042,-1.128990137189042,-2.257980274378084
335,0,646.8333333333334,762.0,70,True,-1.24373821350744,-1.24373821350744,-2.48747642701488
335,1,601.8333333333334,1088.0,77,True,-1.3553361905084353,-1.3553361905084353,-2.7106723810168707
335,2,601.8333333333334,774.0,70,True,-1.191196096415388,-1.191196096415388,-2.382392192830776
335,3,601.8333333333334,921.0,71,True,-1.2680387519302858,-1.2680387519302858,-2.5360775038605716
336,0,646.8333333333334,796.0,71,True,-1.2615113447149675,-1.2615113447149675,-2.523022689429935
336,1,601.8333333333334,924.0,72,True,-1.2696069693897736,-1.2696069693897736,-2.539213938779547
336,2,818.0,764.0,73,True,-1.468498475432702,-1.468498475432702,-2.936996950865404
336,3,601.8333333333334,446.0,68,True,-1.0197376541780645,-1.0197376541780645,-2.039475308356129
337,0,646.8333333333334,877.0,72,True,-1.3038532161211356,-1.3038532161211356,-2.607706432242271
337,1,646.8333333333334,540.0,68,True,-1.1276901215053492,-1.1276901215053492,-2.2553802430106984
337,2,601.8333333333334,900.0,75,True,-1.2570612297138717,-1.2570612297138717,-2.5141224594277434
337,3,646.8333333333334,889.0,72,True,-1.3101260859590864,-1.3101260859590864,-2.620252171918173
338,0,601.8333333333334,579.0,69,True,-1.0892619615486867,-1.0892619615486867,-2.1785239230973734
338,1,601.8333333333334,540.0,69,True,-1.0688751345753464,-1.0688751345753464,-2.137750269150693
338,2,601.8333333333334,585.0,70,True,-1.092398396467662,-1.092398396467662,-2.184796792935324
338,3,646.8333333333334,865.0,72,True,-1.2975803462831847,-1.2975803462831847,-2.5951606925663695
339,0,601.8333333333334,606.0,69,True,-1.103375918684076,-1.103375918684076,-2.206751837368152
339,1,601.8333333333334,834.0,73,True,-1.222560445605142,-1.222560445605142,-2.445120891210284
339,2,601.8333333333334,537.0,69,True,-1.0673069171158585,-1.0673069171158585,-2.134613834231717
339,3,601.8333333333334,649.0,69,True,-1.1258537022700668,-1.1258537022700668,-2.2517074045401335
340,0,601.8333333333334,493.0,68,True,-1.0443063943767052,-1.0443063943767052,-2.0886127887534105
340,1,646.8333333333334,782.0,71,True,-1.2541929965706913,-1.2541929965706913,-2.5083859931413826
340,2,601.8333333333334,775.0,72,True,-1.1917188355685504,-1.1917188355685504,-2.383437671137101
340,3,573.8333333333334,706.0,70,True,-1.119053842132776,-1.119053842132776,-2.238107684265552
341,0,601.8333333333334,700.0,71,True,-1.1525133990813579,-1.1525133990813579,-2.3050267981627157
341,1,646.8333333333334,661.0,70,True,-1.1909415590380201,-1.1909415590380201,-2.3818831180760403
341,2,601.8333333333334,384.0,67,True,-0.987327826681985,-0.987327826681985,-1.97465565336397
341,3,601.8333333333334,520.0,68,True,-1.058420351512095,-1.058420351512095,-2.11684070302419
342,0,601.8333333333334,567.0,69,True,-1.0829890917107357,-1.0829890917107357,-2.1659781834214713
342,1,646.8333333333334,773.0,71,True,-1.2494883441922282,-1.2494883441922282,-2.4989766883844564
342,2,601.8333333333334,640.0,69,True,-1.1211490498916032,-1.1211490498916032,-2.2422980997832065
342,3,601.8333333333334,768.0,73,True,-1.1880596614964123,-1.1880596614964123,-2.3761193229928246
343,0,601.8333333333334,576.0,68,True,-1.087693744089199,-1.087693744089199,-2.175387488178398
343,1,601.8333333333334,655.0,70,True,-1.128990137189042,-1.128990137189042,-2.257980274378084
343,2,601.8333333333334,703.0,72,True,-1.1540816165408454,-1.1540816165408454,-2.308163233081691
343,3,601.8333333333334,614.0,70,True,-1.1075578319093766,-1.1075578319093766,-2.2151156638187532
344,0,601.8333333333334,632.0,71,True,-1.1169671366663028,-1.1169671366663028,-2.2339342733326055
344,1,601.8333333333334,718.0,72,True,-1.1619227038382838,-1.1619227038382838,-2.3238454076765676
344,2,646.8333333333334,671.0,71,True,-1.1961689505696458,-1.1961689505696458,-2.3923379011392916
344,3,601.8333333333334,671.0,71,True,-1.137353963639643,-1.137353963639643,-2.274707927279286
345,0,601.8333333333334,585.0,70,True,-1.0923983964676622,-1.0923983964676622,-2.1847967929353245
345,1,601.8333333333334,711.0,72,True,-1.158263529766146,-1.158263529766146,-2.316527059532292
345,2,646.8333333333334,594.0,70,True,-1.1559180357761278,-1.1559180357761278,-2.3118360715522557
345,3,601.8333333333334,718.0,72,True,-1.161922703838284,-1.161922703838284,-2.323845407676568
346,0,601.8333333333334,593.0,70,True,-1.0965803096929625,-1.0965803096929625,-2.193160619385925
346,1,601.8333333333334,602.0,70,True,-1.1012849620714253,-1.1012849620714253,-2.2025699241428507
346,2,601.8333333333334,700.0,72,True,-1.1525133990813576,-1.1525133990813576,-2.3050267981627153
346,3,601.8333333333334,534.0,69,True,-1.065738699656371,-1.065738699656371,-2.131477399312742
347,0,601.8333333333334,636.0,71,True,-1.1190580932789531,-1.1190580932789531,-2.2381161865579062
347,1,601.8333333333334,585.0,70,True,-1.092398396467662,-1.092398396467662,-2.184796792935324
347,2,601.8333333333334,606.0,69,True,-1.1033759186840761,-1.1033759186840761,-2.2067518373681523
347,3,601.8333333333334,632.0,71,True,-1.1169671366663028,-1.1169671366663028,-2.2339342733326055
348,0,601.8333333333334,766.0,73,True,-1.1870141831900873,-1.1870141831900873,-2.3740283663801747
348,1,601.8333333333334,517.0,69,True,-1.0568521340526071,-1.0568521340526071,-2.1137042681052143
348,2,601.8333333333334,591.0,70,True,-1.0955348313866375,-1.0955348313866375,-2.191069662773275
348,3,601.8333333333334,431.0,68,True,-1.011896566880626,-1.011896566880626,-2.023793133761252
349,0,601.8333333333334,688.0,71,True,-1.1462405292434068,-1.1462405292434068,-2.2924810584868136
349,1,601.8333333333334,718.0,72,True,-1.161922703838284,-1.161922703838284,-2.323845407676568
349,2,601.8333333333334,538.0,69,True,-1.0678296562690213,-1.0678296562690213,-2.1356593125380425
349,3,601.8333333333334,661.0,71,True,-1.1321265721080174,-1.1321265721080174,-2.2642531442160347
350,0,601.8333333333334,470.0,68,True,-1.0322833938539662,-1.0322833938539662,-2.0645667877079323
350,1,601.8333333333334,594.0,69,True,-1.097103048846125,-1.097103048846125,-2.19420609769225
350,2,601.8333333333334,660.0,71,True,-1.1316038329548548,-1.1316038329548548,-2.2632076659097096
350,3,601.8333333333334,844.0,74,True,-1.227787837136768,-1.227787837136768,-2.455575674273536
351,0,601.8333333333334,555.0,70,True,-1.0767162218727844,-1.0767162218727844,-2.1534324437455687
351,1,601.8333333333334,855.0,74,True,-1.2335379678215566,-1.2335379678215566,-2.467075935643113
351,2,601.8333333333334,634.0,71,True,-1.118012614972628,-1.118012614972628,-2.236025229945256
351,3,601.8333333333334,602.0,68,True,-1.1012849620714258,-1.1012849620714258,-2.2025699241428516
352,0,601.8333333333334,688.0,71,True,-1.1462405292434066,-1.1462405292434066,-2.292481058486813
352,1,649.8333333333334,547.0,69,True,-1.1352702947061541,-1.1352702947061541,-2.2705405894123083
352,2,601.8333333333334,716.0,72,True,-1.1608772255319588,-1.1608772255319588,-2.3217544510639176
352,3,646.8333333333334,782.0,73,True,-1.254192996570691,-1.254192996570691,-2.508385993141382
353,0,601.8333333333334,594.0,70,True,-1.0971030488461253,-1.0971030488461253,-2.1942060976922506
353,1,601.8333333333334,632.0,71,True,-1.116967136666303,-1.116967136666303,-2.233934273332606
353,2,601.8333333333334,478.0,69,True,-1.0364653070792669,-1.0364653070792669,-2.0729306141585337
353,3,646.8333333333334,634.0,71,True,-1.1768276019026305,-1.1768276019026305,-2.353655203805261
354,0,601.8333333333334,739.0,70,True,-1.1729002260546981,-1.1729002260546981,-2.3458004521093963
354,1,601.8333333333334,719.0,72,True,-1.1624454429914464,-1.1624454429914464,-2.3248908859828927
354,2,601.8333333333334,667.0,71,True,-1.1352630070269931,-1.1352630070269931,-2.2705260140539862
354,3,619.8333333333334,1257.0,79,True,-1.4672051021649108,-1.4672051021649108,-2.9344102043298217
355,0,601.8333333333334,461.0,68,True,-1.0275787414755029,-1.0275787414755029,-2.0551574829510058
355,1,601.8333333333334,814.0,74,True,-1.2121056625418911,-1.2121056625418911,-2.4242113250837822
355,2,601.8333333333334,659.0,71,True,-1.1310810938016924,-1.1310810938016924,-2.262162187603385
355,3,601.8333333333334,632.0,71,True,-1.1169671366663028,-1.1169671366663028,-2.2339342733326055
356,0,601.8333333333334,592.0,70,True,-1.0960575705398,-1.0960575705398,-2.1921151410796
356,1,601.8333333333334,738.0,72,True,-1.1723774869015353,-1.1723774869015353,-2.3447549738030706
356,2,601.8333333333334,531.0,69,True,-1.064170482196883,-1.064170482196883,-2.128340964393766
356,3,601.8333333333334,707.0,72,True,-1.156172573153496,-1.156172573153496,-2.312345146306992
357,0,601.8333333333334,716.0,71,True,-1.1608772255319588,-1.1608772255319588,-2.3217544510639176
357,1,601.8333333333334,564.0,70,True,-1.081420874251248,-1.081420874251248,-2.162841748502496
357,2,601.8333333333334,805.0,73,True,-1.2074010101634276,-1.2074010101634276,-2.414802020326855
357,3,601.8333333333334,545.0,69,True,-1.0714888303411592,-1.0714888303411592,-2.1429776606823183
358,0,601.8333333333334,784.0,73,True,-1.196423487947014,-1.196423487947014,-2.392846975894028
358,1,601.8333333333334,691.0,71,True,-1.1478087467028946,-1.1478087467028946,-2.295617493405789
358,2,601.8333333333334,784.0,72,True,-1.196423487947014,-1.196423487947014,-2.392846975894028
358,3,601.8333333333334,689.0,71,True,-1.1467632683965692,-1.1467632683965692,-2.2935265367931383
359,0,601.8333333333334,929.0,75,True,-1.2722206651555863,-1.2722206651555863,-2.5444413303111726
359,1,601.8333333333334,1154.0,78,True,-1.3898369746171655,-1.3898369746171655,-2.779673949234331
359,2,601.8333333333334,461.0,68,True,-1.027578741475503,-1.027578741475503,-2.055157482951006
359,3,697.8333333333334,384.0,67,True,-1.1127997987993246,-1.1127997987993246,-2.225599597598649
360,0,601.8333333333334,754.0,72,True,-1.1807413133521365,-1.1807413133521365,-2.361482626704273
360,1,601.8333333333334,669.0,71,True,-1.1363084853333183,-1.1363084853333183,-2.2726169706666366
360,2,646.8333333333334,1472.0,83,True,-1.6148830122528652,-1.6148830122528652,-3.2297660245057305
360,3,601.8333333333334,528.0,69,True,-1.0626022647373954,-1.0626022647373954,-2.1252045294747908
361,0,601.8333333333334,547.0,69,True,-1.0725343086474841,-1.0725343086474841,-2.1450686172949682
361,1,646.8333333333334,782.0,73,True,-1.254192996570691,-1.254192996570691,-2.508385993141382
361,2,601.8333333333334,618.0,71,True,-1.109648788522027,-1.109648788522027,-2.219297577044054
361,3,601.8333333333334,461.0,68,True,-1.027578741475503,-1.027578741475503,-2.055157482951006
362,0,601.8333333333334,937.0,75,True,-1.2764025783808877,-1.2764025783808877,-2.5528051567617753
362,1,601.8333333333334,454.0,68,True,-1.023919567403365,-1.023919567403365,-2.04783913480673
362,2,601.8333333333334,641.0,71,True,-1.121671789044766,-1.121671789044766,-2.243343578089532
362,3,601.8333333333334,478.0,69,True,-1.0364653070792669,-1.0364653070792669,-2.0729306141585337
363,0,601.8333333333334,746.0,72,True,-1.1765594001268362,-1.1765594001268362,-2.3531188002536725
363,1,601.8333333333334,624.0,70,True,-1.1127852234410025,-1.1127852234410025,-2.225570446882005
363,2,601.8333333333334,528.0,69,True,-1.0626022647373954,-1.0626022647373954,-2.1252045294747908
363,3,601.8333333333334,618.0,71,True,-1.1096487885220272,-1.1096487885220272,-2.2192975770440544
364,0,601.8333333333334,723.0,72,True,-1.1645363996040967,-1.1645363996040967,-2.3290727992081934
364,1,601.8333333333334,570.0,70,True,-1.0845573091702232,-1.0845573091702232,-2.1691146183404464
364,2,601.8333333333334,703.0,72,True,-1.1540816165408454,-1.1540816165408454,-2.308163233081691
364,3,601.8333333333334,759.0,73,True,-1.1833550091179494,-1.1833550091179494,-2.366710018235899
365,0,601.8333333333334,508.0,69,True,-1.0521474816741436,-1.0521474816741436,-2.1042949633482873
365,1,601.8333333333334,470.0,68,True,-1.0322833938539662,-1.0322833938539662,-2.0645667877079323
365,2,601.8333333333334,665.0,71,True,-1.1342175287206677,-1.1342175287206677,-2.2684350574413354
365,3,601.8333333333334,583.0,70,True,-1.0913529181613368,-1.0913529181613368,-2.1827058363226737
366,0,601.8333333333334,594.0,70,True,-1.097103048846125,-1.097103048846125,-2.19420609769225
366,1,601.8333333333334,564.0,70,True,-1.0814208742512477,-1.0814208742512477,-2.1628417485024953
366,2,601.8333333333334,493.0,69,True,-1.0443063943767052,-1.0443063943767052,-2.0886127887534105
366,3,601.8333333333334,708.0,72,True,-1.1566953123066583,-1.1566953123066583,-2.3133906246133167
367,0,601.8333333333334,632.0,71,True,-1.1169671366663028,-1.1169671366663028,-2.2339342733326055
367,1,601.8333333333334,822.0,74,True,-1.2162875757671914,-1.2162875757671914,-2.4325751515343828
367,2,601.8333333333334,564.0,70,True,-1.081420874251248,-1.081420874251248,-2.162841748502496
367,3,601.8333333333334,716.0,72,True,-1.1608772255319582,-1.1608772255319582,-2.3217544510639163
368,0,601.8333333333334,718.0,72,True,-1.161922703838284,-1.161922703838284,-2.323845407676568
368,1,601.8333333333334,538.0,69,True,-1.067829656269021,-1.067829656269021,-2.135659312538042
368,2,601.8333333333334,718.0,72,True,-1.1619227038382842,-1.1619227038382842,-2.3238454076765684
368,3,649.8333333333334,669.0,71,True,-1.1990444713919877,-1.1990444713919877,-2.3980889427839753
369,0,601.8333333333334,632.0,71,True,-1.1169671366663028,-1.1169671366663028,-2.2339342733326055
369,1,601.8333333333334,622.0,71,True,-1.111739745134677,-1.111739745134677,-2.223479490269354
369,2,601.8333333333334,683.0,72,True,-1.1436268334775939,-1.1436268334775939,-2.2872536669551877
369,3,601.8333333333334,694.0,72,True,-1.1493769641623819,-1.1493769641623819,-2.2987539283247638
370,0,601.8333333333334,570.0,70,True,-1.0845573091702234,-1.0845573091702234,-2.169114618340447
370,1,601.8333333333334,671.0,71,True,-1.137353963639643,-1.137353963639643,-2.274707927279286
370,2,601.8333333333334,683.0,72,True,-1.143626833477594,-1.143626833477594,-2.287253666955188
370,3,601.8333333333334,671.0,70,True,-1.137353963639643,-1.137353963639643,-2.274707927279286
371,0,601.8333333333334,585.0,70,True,-1.0923983964676618,-1.0923983964676618,-2.1847967929353236
371,1,601.8333333333334,478.0,69,True,-1.0364653070792667,-1.0364653070792667,-2.0729306141585333
371,2,601.8333333333334,478.0,69,True,-1.0364653070792669,-1.0364653070792669,-2.0729306141585337
371,3,601.8333333333334,508.0,69,True,-1.0521474816741438,-1.0521474816741438,-2.1042949633482877
372,0,601.8333333333334,624.0,70,True,-1.112785223441002,-1.112785223441002,-2.225570446882004
372,1,601.8333333333334,632.0,71,True,-1.1169671366663025,-1.1169671366663025,-2.233934273332605
372,2,601.8333333333334,517.0,69,True,-1.056852134052607,-1.056852134052607,-2.113704268105214
372,3,601.8333333333334,634.0,71,True,-1.118012614972628,-1.118012614972628,-2.236025229945256
373,0,601.8333333333334,613.0,71,True,-1.1070350927562136,-1.1070350927562136,-2.214070185512427
373,1,601.8333333333334,552.0,70,True,-1.0751480044132973,-1.0751480044132973,-2.1502960088265946
373,2,601.8333333333334,833.0,74,True,-1.2220377064519794,-1.2220377064519794,-2.444075412903959
373,3,601.8333333333334,594.0,70,True,-1.097103048846125,-1.097103048846125,-2.19420609769225
374,0,601.8333333333334,555.0,70,True,-1.0767162218727848,-1.0767162218727848,-2.1534324437455696
374,1,601.8333333333334,431.0,68,True,-1.011896566880626,-1.011896566880626,-2.023793133761252
374,2,601.8333333333334,632.0,71,True,-1.1169671366663028,-1.1169671366663028,-2.2339342733326055
374,3,601.8333333333334,555.0,70,True,-1.076716221872785,-1.076716221872785,-2.15343244374557
375,0,601.8333333333334,461.0,68,True,-1.027578741475503,-1.027578741475503,-2.055157482951006
375,1,601.8333333333334,555.0,70,True,-1.076716221872785,-1.076716221872785,-2.15343244374557
375,2,601.8333333333334,478.0,69,True,-1.0364653070792669,-1.0364653070792669,-2.0729306141585337
375,3,601.8333333333334,632.0,71,True,-1.1169671366663032,-1.1169671366663032,-2.2339342733326064
376,0,601.8333333333334,594.0,70,True,-1.097103048846125,-1.097103048846125,-2.19420609769225
376,1,601.8333333333334,615.0,71,True,-1.1080805710625392,-1.1080805710625392,-2.2161611421250784
376,2,601.8333333333334,671.0,71,True,-1.137353963639643,-1.137353963639643,-2.274707927279286
376,3,601.8333333333334,641.0,71,True,-1.121671789044766,-1.121671789044766,-2.243343578089532
377,0,601.8333333333334,501.0,69,True,-1.048488307602006,-1.048488307602006,-2.096976615204012
377,1,601.8333333333334,718.0,72,True,-1.1619227038382842,-1.1619227038382842,-2.3238454076765684
377,2,601.8333333333334,622.0,71,True,-1.111739745134677,-1.111739745134677,-2.223479490269354
377,3,601.8333333333334,555.0,70,True,-1.0767162218727846,-1.0767162218727846,-2.153432443745569
378,0,601.8333333333334,708.0,72,True,-1.1566953123066581,-1.1566953123066581,-2.3133906246133162
378,1,601.8333333333334,585.0,70,True,-1.092398396467662,-1.092398396467662,-2.184796792935324
378,2,601.8333333333334,707.0,72,True,-1.1561725731534958,-1.1561725731534958,-2.3123451463069915
378,3,601.8333333333334,716.0,72,True,-1.1608772255319588,-1.1608772255319588,-2.3217544510639176
379,0,601.8333333333334,643.0,71,True,-1.1227172673510912,-1.1227172673510912,-2.2454345347021825
379,1,601.8333333333334,508.0,69,True,-1.0521474816741438,-1.0521474816741438,-2.1042949633482877
379,2,601.8333333333334,671.0,71,True,-1.1373539636396433,-1.1373539636396433,-2.2747079272792865
379,3,601.8333333333334,482.0,69,True,-1.0385562636919172,-1.0385562636919172,-2.0771125273838345
380,0,601.8333333333334,699.0,71,True,-1.151990659928195,-1.151990659928195,-2.30398131985639
380,1,601.8333333333334,538.0,69,True,-1.0678296562690213,-1.0678296562690213,-2.1356593125380425
380,2,601.8333333333334,671.0,71,True,-1.137353963639643,-1.137353963639643,-2.274707927279286
380,3,601.8333333333334,523.0,69,True,-1.0599885689715824,-1.0599885689715824,-2.119977137943165
381,0,601.8333333333334,517.0,69,True,-1.0568521340526071,-1.0568521340526071,-2.1137042681052143
381,1,601.8333333333334,632.0,71,True,-1.116967136666303,-1.116967136666303,-2.233934273332606
381,2,601.8333333333334,608.0,70,True,-1.1044213969904013,-1.1044213969904013,-2.2088427939808026
381,3,601.8333333333334,718.0,72,True,-1.1619227038382836,-1.1619227038382836,-2.323845407676567
382,0,601.8333333333334,671.0,71,True,-1.1373539636396433,-1.1373539636396433,-2.2747079272792865
382,1,601.8333333333334,752.0,72,True,-1.1796958350458115,-1.1796958350458115,-2.359391670091623
382,2,601.8333333333334,718.0,72,True,-1.1619227038382836,-1.1619227038382836,-2.323845407676567
382,3,601.8333333333334,641.0,71,True,-1.121671789044766,-1.121671789044766,-2.243343578089532
383,0,601.8333333333334,624.0,70,True,-1.1127852234410025,-1.1127852234410025,-2.225570446882005
383,1,649.6666666666667,1225.0,78,True,-1.4894696072654516,-1.4894696072654516,-2.9789392145309033
383,2,601.8333333333334,589.0,70,True,-1.0944893530803121,-1.0944893530803121,-2.1889787061606243
383,3,601.8333333333334,597.0,70,True,-1.0986712663056128,-1.0986712663056128,-2.1973425326112257
384,0,601.8333333333334,594.0,70,True,-1.097103048846125,-1.097103048846125,-2.19420609769225
384,1,589.8333333333334,830.0,74,True,-1.2047854924778243,-1.2047854924778243,-2.4095709849556486
384,2,601.8333333333334,636.0,71,True,-1.1190580932789531,-1.1190580932789531,-2.2381161865579062
384,3,601.8333333333334,632.0,71,True,-1.1169671366663028,-1.1169671366663028,-2.2339342733326055
385,0,601.8333333333334,641.0,71,True,-1.121671789044766,-1.121671789044766,-2.243343578089532
385,1,601.8333333333334,978.0,76,True,-1.2978348836605524,-1.2978348836605524,-2.595669767321105
385,2,601.8333333333334,742.0,72,True,-1.174468443514186,-1.174468443514186,-2.348936887028372
385,3,601.8333333333334,431.0,68,True,-1.0118965668806261,-1.0118965668806261,-2.0237931337612522
386,0,601.8333333333334,792.0,73,True,-1.2006054011723142,-1.2006054011723142,-2.4012108023446284
386,1,601.8333333333334,566.0,70,True,-1.0824663525575733,-1.0824663525575733,-2.1649327051151466
386,2,601.8333333333334,540.0,70,True,-1.0688751345753462,-1.0688751345753462,-2.1377502691506924
386,3,601.8333333333334,671.0,71,True,-1.1373539636396428,-1.1373539636396428,-2.2747079272792856
387,0,601.8333333333334,673.0,71,True,-1.1383994419459684,-1.1383994419459684,-2.276798883891937
387,1,589.8333333333334,853.0,74,True,-1.216808493000564,-1.216808493000564,-2.433616986001128
387,2,601.8333333333334,716.0,72,True,-1.1608772255319588,-1.1608772255319588,-2.3217544510639176
387,3,601.8333333333334,632.0,71,True,-1.116967136666303,-1.116967136666303,-2.233934273332606
388,0,601.8333333333334,384.0,67,True,-0.9873278266819852,-0.9873278266819852,-1.9746556533639703
388,1,601.8333333333334,632.0,71,True,-1.116967136666303,-1.116967136666303,-2.233934273332606
388,2,601.8333333333334,384.0,67,True,-0.987327826681985,-0.987327826681985,-1.97465565336397
388,3,601.8333333333334,698.0,72,True,-1.1514679207750327,-1.1514679207750327,-2.3029358415500654
389,0,601.8333333333334,594.0,70,True,-1.0971030488461253,-1.0971030488461253,-2.1942060976922506
389,1,601.8333333333334,435.0,68,True,-1.0139875234932763,-1.0139875234932763,-2.0279750469865525
389,2,646.8333333333334,594.0,70,True,-1.1559180357761278,-1.1559180357761278,-2.3118360715522557
389,3,601.8333333333334,493.0,69,True,-1.0443063943767052,-1.0443063943767052,-2.0886127887534105
390,0,601.8333333333334,624.0,70,True,-1.1127852234410023,-1.1127852234410023,-2.2255704468820046
390,1,601.8333333333334,730.0,71,True,-1.1681955736762348,-1.1681955736762348,-2.3363911473524697
390,2,601.8333333333334,699.0,71,True,-1.1519906599281948,-1.1519906599281948,-2.3039813198563897
390,3,601.8333333333334,675.0,71,True,-1.1394449202522934,-1.1394449202522934,-2.2788898405045868
391,0,601.8333333333334,694.0,72,True,-1.1493769641623819,-1.1493769641623819,-2.2987539283247638
391,1,601.8333333333334,754.0,73,True,-1.1807413133521365,-1.1807413133521365,-2.361482626704273
391,2,601.8333333333334,718.0,72,True,-1.1619227038382833,-1.1619227038382833,-2.3238454076765667
391,3,601.8333333333334,570.0,70,True,-1.0845573091702234,-1.0845573091702234,-2.169114618340447
392,0,601.8333333333334,718.0,72,True,-1.1619227038382842,-1.1619227038382842,-2.3238454076765684
392,1,646.8333333333334,594.0,70,True,-1.155918035776128,-1.155918035776128,-2.311836071552256
392,2,601.8333333333334,538.0,69,True,-1.067829656269021,-1.067829656269021,-2.135659312538042
392,3,601.8333333333334,555.0,70,True,-1.0767162218727848,-1.0767162218727848,-2.1534324437455696
393,0,601.8333333333334,594.0,70,True,-1.0971030488461253,-1.0971030488461253,-2.1942060976922506
393,1,646.8333333333334,669.0,71,True,-1.1951234722633208,-1.1951234722633208,-2.3902469445266417
393,2,601.8333333333334,786.0,73,True,-1.197468966253339,-1.197468966253339,-2.394937932506678
393,3,601.8333333333334,647.0,71,True,-1.1248082239637416,-1.1248082239637416,-2.249616447927483
394,0,601.8333333333334,591.0,70,True,-1.0955348313866375,-1.0955348313866375,-2.191069662773275
394,1,646.8333333333334,641.0,71,True,-1.1804867759747688,-1.1804867759747688,-2.3609735519495376
394,2,601.8333333333334,614.0,70,True,-1.1075578319093766,-1.1075578319093766,-2.2151156638187532
394,3,601.8333333333334,639.0,71,True,-1.1206263107384409,-1.1206263107384409,-2.2412526214768818
395,0,601.8333333333334,585.0,70,True,-1.092398396467662,-1.092398396467662,-2.184796792935324
395,1,601.8333333333334,783.0,73,True,-1.1959007487938513,-1.1959007487938513,-2.3918014975877027
395,2,601.8333333333334,661.0,71,True,-1.1321265721080174,-1.1321265721080174,-2.2642531442160347
395,3,601.8333333333334,750.0,72,True,-1.1786503567394861,-1.1786503567394861,-2.3573007134789723
396,0,601.8333333333334,517.0,69,True,-1.056852134052607,-1.056852134052607,-2.113704268105214
396,1,601.8333333333334,641.0,71,True,-1.121671789044766,-1.121671789044766,-2.243343578089532
396,2,601.8333333333334,570.0,70,True,-1.0845573091702236,-1.0845573091702236,-2.1691146183404473
396,3,601.8333333333334,517.0,69,True,-1.0568521340526071,-1.0568521340526071,-2.1137042681052143
397,0,601.8333333333334,801.0,72,True,-1.2053100535507772,-1.2053100535507772,-2.4106201071015545
397,1,601.8333333333334,786.0,72,True,-1.1974689662533384,-1.1974689662533384,-2.394937932506677
397,2,646.8333333333334,689.0,70,True,-1.2055782553265721,-1.2055782553265721,-2.4111565106531443
397,3,601.8333333333334,639.0,71,True,-1.1206263107384407,-1.1206263107384407,-2.2412526214768813
398,0,601.8333333333334,634.0,70,True,-1.1180126149726282,-1.1180126149726282,-2.2360252299452563
398,1,601.8333333333334,724.0,71,True,-1.1650591387572595,-1.1650591387572595,-2.330118277514519
398,2,601.8333333333334,641.0,71,True,-1.121671789044766,-1.121671789044766,-2.243343578089532
398,3,601.8333333333334,779.0,71,True,-1.1938097921812008,-1.1938097921812008,-2.3876195843624015
399,0,601.8333333333334,718.0,72,True,-1.1619227038382836,-1.1619227038382836,-2.323845407676567
399,1,601.8333333333334,517.0,69,True,-1.0568521340526071,-1.0568521340526071,-2.1137042681052143
399,2,601.8333333333334,634.0,71,True,-1.118012614972628,-1.118012614972628,-2.236025229945256
399,3,601.8333333333334,564.0,70,True,-1.081420874251248,-1.081420874251248,-2.162841748502496
400,0,601.8333333333334,735.0,71,True,-1.1708092694420476,-1.1708092694420476,-2.341618538884095
400,1,601.8333333333334,1122.0,78,True,-1.3731093217159631,-1.3731093217159631,-2.7462186434319262
400,2,601.8333333333334,594.0,70,True,-1.0971030488461253,-1.0971030488461253,-2.1942060976922506
400,3,601.8333333333334,594.0,70,True,-1.097103048846125,-1.097103048846125,-2.19420609769225
401,0,601.8333333333334,921.0,73,True,-1.268038751930286,-1.268038751930286,-2.536077503860572
401,1,601.8333333333334,675.0,71,True,-1.1394449202522934,-1.1394449202522934,-2.2788898405045868
401,2,601.8333333333334,770.0,73,True,-1.1891051398027375,-1.1891051398027375,-2.378210279605475
401,3,601.8333333333334,865.0,74,True,-1.238765359353182,-1.238765359353182,-2.477530718706364
402,0,601.8333333333334,819.0,73,True,-1.2147193583077036,-1.2147193583077036,-2.4294387166154072
402,1,646.8333333333334,819.0,72,True,-1.2735343452377061,-1.2735343452377061,-2.5470686904754123
402,2,601.8333333333334,825.0,72,True,-1.217855793226679,-1.217855793226679,-2.435711586453358
402,3,601.8333333333334,767.0,72,True,-1.1875369223432495,-1.1875369223432495,-2.375073844686499
403,0,601.8333333333334,848.0,73,True,-1.2298787937494184,-1.2298787937494184,-2.459757587498837
403,1,601.8333333333334,739.0,72,True,-1.1729002260546981,-1.1729002260546981,-2.3458004521093963
403,2,573.8333333333334,602.0,70,True,-1.064688970203868,-1.064688970203868,-2.129377940407736
403,3,601.8333333333334,840.0,74,True,-1.225696880524118,-1.225696880524118,-2.451393761048236
404,0,601.8333333333334,745.0,72,True,-1.1760366609736739,-1.1760366609736739,-2.3520733219473478
404,1,974.1666666666666,970.0,73,True,-1.780292528959794,-1.780292528959794,-3.560585057919588
404,2,601.8333333333334,922.0,74,True,-1.268561491083449,-1.268561491083449,-2.537122982166898
404,3,601.8333333333334,918.0,74,True,-1.2664705344707985,-1.2664705344707985,-2.532941068941597
405,0,601.8333333333334,914.0,74,True,-1.2643795778581475,-1.2643795778581475,-2.528759155716295
405,1,929.1666666666666,776.0,73,True,-1.620066146316252,-1.620066146316252,-3.240132292632504
405,2,601.8333333333334,714.0,72,True,-1.1598317472256339,-1.1598317472256339,-2.3196634944512677
405,3,601.8333333333334,727.0,72,True,-1.166627356216747,-1.166627356216747,-2.333254712433494
406,0,601.8333333333334,657.0,71,True,-1.130035615495367,-1.130035615495367,-2.260071230990734
406,1,879.1666666666666,868.0,74,True,-1.6028081629294277,-1.6028081629294277,-3.2056163258588555
406,2,601.8333333333334,807.0,73,True,-1.2084464884697528,-1.2084464884697528,-2.4168929769395056
406,3,646.8333333333334,722.0,72,True,-1.222828647380937,-1.222828647380937,-2.445657294761874
407,0,601.8333333333334,970.0,75,True,-1.2936529704352526,-1.2936529704352526,-2.5873059408705052
407,1,601.8333333333334,919.0,73,True,-1.2669932736239609,-1.2669932736239609,-2.5339865472479217
407,2,601.8333333333334,677.0,71,True,-1.1404903985586183,-1.1404903985586183,-2.2809807971172367
407,3,601.8333333333334,704.0,71,True,-1.154604355694008,-1.154604355694008,-2.309208711388016
408,0,601.8333333333334,796.0,73,True,-1.2026963577849645,-1.2026963577849645,-2.405392715569929
408,1,943.1666666666666,848.0,74,True,-1.676001361277736,-1.676001361277736,-3.352002722555472
408,2,601.8333333333334,801.0,73,True,-1.2053100535507772,-1.2053100535507772,-2.4106201071015545
408,3,649.8333333333334,491.0,69,True,-1.10599690212905,-1.10599690212905,-2.2119938042581
409,0,601.8333333333334,877.0,72,True,-1.2450382291911328,-1.2450382291911328,-2.4900764583822657
409,1,615.8333333333334,1025.0,76,True,-1.3407016197929722,-1.3407016197929722,-2.6814032395859444
409,2,601.8333333333334,929.0,74,True,-1.2722206651555863,-1.2722206651555863,-2.5444413303111726
409,3,879.1666666666666,861.0,73,True,-1.5991489888572898,-1.5991489888572898,-3.1982979777145797
410,0,601.8333333333334,701.0,72,True,-1.15303613823452,-1.15303613823452,-2.30607227646904
410,1,601.8333333333334,858.0,73,True,-1.2351061852810443,-1.2351061852810443,-2.4702123705620886
410,2,601.8333333333334,658.0,70,True,-1.1305583546485296,-1.1305583546485296,-2.261116709297059
410,3,646.8333333333334,869.0,74,True,-1.2996713028958349,-1.2996713028958349,-2.5993426057916698
411,0,601.8333333333334,794.0,73,True,-1.2016508794786394,-1.2016508794786394,-2.4033017589572787
411,1,601.8333333333334,718.0,71,True,-1.161922703838284,-1.161922703838284,-2.323845407676568
411,2,646.8333333333334,1020.0,75,True,-1.3786049150233834,-1.3786049150233834,-2.757209830046767
411,3,601.8333333333334,912.0,75,True,-1.263334099551823,-1.263334099551823,-2.526668199103646
412,0,601.8333333333334,754.0,72,True,-1.1807413133521363,-1.1807413133521363,-2.3614826267042726
412,1,601.8333333333334,730.0,71,True,-1.168195573676235,-1.168195573676235,-2.33639114735247
412,2,601.8333333333334,797.0,72,True,-1.203219096938127,-1.203219096938127,-2.406438193876254
412,3,601.8333333333334,855.0,73,True,-1.233537967821556,-1.233537967821556,-2.467075935643112
413,0,601.8333333333334,830.0,72,True,-1.220469488992492,-1.220469488992492,-2.440938977984984
413,1,601.8333333333334,688.0,72,True,-1.1462405292434068,-1.1462405292434068,-2.2924810584868136
413,2,601.8333333333334,780.0,72,True,-1.1943325313343631,-1.1943325313343631,-2.3886650626687262
413,3,601.8333333333334,855.0,73,True,-1.2335379678215563,-1.2335379678215563,-2.4670759356431127
414,0,601.8333333333334,766.0,71,True,-1.1870141831900871,-1.1870141831900871,-2.3740283663801742
414,1,601.8333333333334,984.0,74,True,-1.3009713185795277,-1.3009713185795277,-2.6019426371590555
414,2,601.8333333333334,1013.0,76,True,-1.3161307540212432,-1.3161307540212432,-2.6322615080424865
414,3,601.8333333333334,677.0,70,True,-1.1404903985586186,-1.1404903985586186,-2.280980797117237
415,0,601.8333333333334,783.0,72,True,-1.1959007487938513,-1.1959007487938513,-2.3918014975877027
415,1,601.8333333333334,819.0,73,True,-1.2147193583077034,-1.2147193583077034,-2.429438716615407
415,2,601.8333333333334,840.0,74,True,-1.2256968805241173,-1.2256968805241173,-2.4513937610482346
415,3,601.8333333333334,844.0,74,True,-1.227787837136768,-1.227787837136768,-2.455575674273536
416,0,601.8333333333334,896.0,74,True,-1.2549702731012216,-1.2549702731012216,-2.509940546202443
416,1,601.8333333333334,834.0,74,True,-1.2225604456051424,-1.2225604456051424,-2.445120891210285
416,2,601.8333333333334,732.0,72,True,-1.1692410519825602,-1.1692410519825602,-2.3384821039651205
416,3,601.8333333333334,782.0,72,True,-1.1953780096406885,-1.1953780096406885,-2.390756019281377
417,0,601.8333333333334,673.0,71,True,-1.1383994419459682,-1.1383994419459682,-2.2767988838919364
417,1,601.8333333333334,924.0,75,True,-1.2696069693897738,-1.2696069693897738,-2.5392139387795476
417,2,601.8333333333334,592.0,70,True,-1.0960575705398001,-1.0960575705398001,-2.1921151410796003
417,3,601.8333333333334,728.0,72,True,-1.1671500953699097,-1.1671500953699097,-2.3343001907398193
418,0,601.8333333333334,772.0,71,True,-1.1901506181090629,-1.1901506181090629,-2.3803012362181257
418,1,601.8333333333334,508.0,67,True,-1.0521474816741438,-1.0521474816741438,-2.1042949633482877
418,2,601.8333333333334,544.0,70,True,-1.0709660911879963,-1.0709660911879963,-2.1419321823759927
418,3,601.8333333333334,615.0,69,True,-1.108080571062539,-1.108080571062539,-2.216161142125078
419,0,601.8333333333334,779.0,72,True,-1.1938097921812012,-1.1938097921812012,-2.3876195843624024
419,1,601.8333333333334,858.0,72,True,-1.2351061852810443,-1.2351061852810443,-2.4702123705620886
419,2,601.8333333333334,676.0,71,True,-1.1399676594054562,-1.1399676594054562,-2.2799353188109124
419,3,601.8333333333334,886.0,73,True,-1.2497428815695961,-1.2497428815695961,-2.4994857631391922
420,0,601.8333333333334,655.0,71,True,-1.128990137189042,-1.128990137189042,-2.257980274378084
420,1,601.8333333333334,792.0,72,True,-1.2006054011723146,-1.2006054011723146,-2.4012108023446292
420,2,601.8333333333334,478.0,69,True,-1.0364653070792669,-1.0364653070792669,-2.0729306141585337
420,3,601.8333333333334,752.0,72,True,-1.179695835045811,-1.179695835045811,-2.359391670091622
421,0,601.8333333333334,867.0,73,True,-1.2398108376595074,-1.2398108376595074,-2.479621675319015
421,1,601.8333333333334,672.0,72,True,-1.1378767027928056,-1.1378767027928056,-2.2757534055856112
421,2,601.8333333333334,1067.0,77,True,-1.3443586682920219,-1.3443586682920219,-2.6887173365840438
421,3,601.8333333333334,872.0,73,True,-1.2424245334253203,-1.2424245334253203,-2.4848490668506407
422,0,601.8333333333334,640.0,70,True,-1.1211490498916032,-1.1211490498916032,-2.2422980997832065
422,1,601.8333333333334,843.0,72,True,-1.2272650979836053,-1.2272650979836053,-2.4545301959672106
422,2,601.8333333333334,657.0,70,True,-1.130035615495367,-1.130035615495367,-2.260071230990734
422,3,601.8333333333334,845.0,73,True,-1.2283105762899307,-1.2283105762899307,-2.4566211525798614
423,0,601.8333333333334,643.0,71,True,-1.122717267351091,-1.122717267351091,-2.245434534702182
423,1,601.8333333333334,769.0,72,True,-1.1885824006495749,-1.1885824006495749,-2.3771648012991498
423,2,601.8333333333334,614.0,70,True,-1.1075578319093766,-1.1075578319093766,-2.2151156638187532
423,3,601.8333333333334,713.0,71,True,-1.159309008072471,-1.159309008072471,-2.318618016144942
424,0,601.8333333333334,727.0,72,True,-1.1666273562167468,-1.1666273562167468,-2.3332547124334937
424,1,601.8333333333334,516.0,69,True,-1.0563293948994443,-1.0563293948994443,-2.1126587897988887
424,2,601.8333333333334,486.0,69,True,-1.0406472203045674,-1.0406472203045674,-2.0812944406091347
424,3,601.8333333333334,548.0,70,True,-1.073057047800647,-1.073057047800647,-2.146114095601294
425,0,601.8333333333334,709.0,72,True,-1.1572180514598205,-1.1572180514598205,-2.314436102919641
425,1,601.8333333333334,820.0,73,True,-1.2152420974608662,-1.2152420974608662,-2.4304841949217324
425,2,601.8333333333334,985.0,76,True,-1.301494057732691,-1.301494057732691,-2.602988115465382
425,3,601.8333333333334,817.0,72,True,-1.2136738800013784,-1.2136738800013784,-2.427347760002757
426,0,601.8333333333334,754.0,72,True,-1.1807413133521367,-1.1807413133521367,-2.3614826267042734
426,1,601.8333333333334,578.0,70,True,-1.0887392223955237,-1.0887392223955237,-2.1774784447910474
426,2,601.8333333333334,805.0,73,True,-1.2074010101634276,-1.2074010101634276,-2.414802020326855
426,3,601.8333333333334,794.0,73,True,-1.2016508794786394,-1.2016508794786394,-2.4033017589572787
427,0,601.8333333333334,648.0,71,True,-1.1253309631169042,-1.1253309631169042,-2.2506619262338083
427,1,601.8333333333334,814.0,73,True,-1.212105662541891,-1.212105662541891,-2.424211325083782
427,2,601.8333333333334,972.0,76,True,-1.2946984487415771,-1.2946984487415771,-2.5893968974831543
427,3,601.8333333333334,738.0,72,True,-1.1723774869015355,-1.1723774869015355,-2.344754973803071
428,0,601.8333333333334,1006.0,76,True,-1.3124715799491047,-1.3124715799491047,-2.6249431598982094
428,1,943.1666666666666,821.0,73,True,-1.6618874041423464,-1.6618874041423464,-3.3237748082846927
428,2,601.8333333333334,846.0,73,True,-1.2288333154430928,-1.2288333154430928,-2.4576666308861856
428,3,601.8333333333334,732.0,72,True,-1.1692410519825602,-1.1692410519825602,-2.3384821039651205
429,0,1064.5,860.0,74,True,-1.8408568625417687,-1.8408568625417687,-3.6817137250835374
429,1,608.0,1025.0,76,True,-1.3304634554014534,-1.3304634554014534,-2.6609269108029068
429,2,1064.5,993.0,75,True,-1.910381169912391,-1.910381169912391,-3.820762339824782
429,3,929.1666666666666,784.0,73,True,-1.6242480595415527,-1.6242480595415527,-3.2484961190831054
430,0,1064.5,865.0,74,True,-1.8434705583075817,-1.8434705583075817,-3.6869411166151633
430,1,893.1666666666666,826.0,73,True,-1.5991511144303785,-1.5991511144303785,-3.198302228860757
430,2,1050.5,1081.0,77,True,-1.9380842194569183,-1.9380842194569183,-3.8761684389138367
430,3,907.1666666666666,972.0,75,True,-1.6937690267258925,-1.6937690267258925,-3.387538053451785
431,0,867.1666666666666,863.0,73,True,-1.5845104706489475,-1.5845104706489475,-3.169020941297895
431,1,957.1666666666666,1020.0,76,True,-1.784210491555477,-1.784210491555477,-3.568420983110954
431,2,1064.5,920.0,75,True,-1.872221211731523,-1.872221211731523,-3.744442423463046
431,3,1064.5,935.0,75,True,-1.8800622990289617,-1.8800622990289617,-3.7601245980579234
432,0,601.8333333333334,801.0,73,True,-1.2053100535507775,-1.2053100535507775,-2.410620107101555
432,1,601.8333333333334,882.0,73,True,-1.2476519249569455,-1.2476519249569455,-2.495303849913891
432,2,601.8333333333334,664.0,71,True,-1.1336947895675051,-1.1336947895675051,-2.2673895791350103
432,3,601.8333333333334,715.0,72,True,-1.1603544863787962,-1.1603544863787962,-2.3207089727575925
433,0,865.1666666666666,972.0,75,True,-1.6388750389245565,-1.6388750389245565,-3.277750077849113
433,1,986.5,728.0,72,True,-1.669909316978971,-1.669909316978971,-3.339818633957942
433,2,893.1666666666666,677.0,71,True,-1.5212629806091555,-1.5212629806091555,-3.042525961218311
433,3,589.8333333333334,533.0,69,True,-1.0495319639885408,-1.0495319639885408,-2.0990639279770815
434,0,1028.5,895.0,74,True,-1.8121007433584564,-1.8121007433584564,-3.624201486716913
434,1,957.1666666666666,882.0,74,True,-1.712072488419042,-1.712072488419042,-3.424144976838084
434,2,1114.5,895.0,74,True,-1.9245027183802397,-1.9245027183802397,-3.8490054367604793
434,3,602.1666666666666,1029.0,76,True,-1.3249302470416953,-1.3249302470416953,-2.6498604940833905
435,0,1064.5,1016.0,76,True,-1.92240417043513,-1.92240417043513,-3.84480834087026
435,1,1105.5,950.0,75,True,-1.9414903744181804,-1.9414903744181804,-3.882980748836361
435,2,943.1666666666666,902.0,74,True,-1.7042292755485149,-1.7042292755485149,-3.4084585510970298
435,3,943.1666666666666,897.0,74,True,-1.701615579782702,-1.701615579782702,-3.403231159565404
436,0,1050.5,1012.0,75,True,-1.9020152178887009,-1.9020152178887009,-3.8040304357774017
436,1,1105.5,997.0,76,True,-1.9660591146168216,-1.9660591146168216,-3.932118229233643
436,2,893.1666666666666,1045.0,76,True,-1.7136309889729824,-1.7136309889729824,-3.4272619779459648
436,3,1014.5,961.0,75,True,-1.828303531533407,-1.828303531533407,-3.656607063066814
437,0,589.8333333333334,760.0,72,True,-1.1681937517564442,-1.1681937517564442,-2.3363875035128885
437,1,929.1666666666666,1029.0,76,True,-1.752319152066383,-1.752319152066383,-3.504638304132766
437,2,1064.5,897.0,74,True,-1.860198211208784,-1.860198211208784,-3.720396422417568
437,3,831.1666666666666,1077.0,77,True,-1.6493246598817355,-1.6493246598817355,-3.298649319763471
438,0,601.8333333333334,880.0,74,True,-1.2466064466506204,-1.2466064466506204,-2.4932128933012407
438,1,601.8333333333334,858.0,74,True,-1.2351061852810437,-1.2351061852810437,-2.4702123705620873
438,2,601.8333333333334,638.0,71,True,-1.1201035715852783,-1.1201035715852783,-2.2402071431705566
438,3,601.8333333333334,662.0,71,True,-1.13264931126118,-1.13264931126118,-2.26529862252236
439,0,601.8333333333334,905.0,74,True,-1.2596749254796848,-1.2596749254796848,-2.5193498509593697
439,1,601.8333333333334,690.0,71,True,-1.147286007549732,-1.147286007549732,-2.294572015099464
439,2,601.8333333333334,572.0,70,True,-1.0856027874765486,-1.0856027874765486,-2.171205574953097
439,3,893.1666666666666,878.0,74,True,-1.6263335503948322,-1.6263335503948322,-3.2526671007896644
440,0,601.8333333333334,893.0,74,True,-1.2534020556417345,-1.2534020556417345,-2.506804111283469
440,1,601.8333333333334,769.0,72,True,-1.188582400649575,-1.188582400649575,-2.37716480129915
440,2,601.8333333333334,781.0,73,True,-1.194855270487526,-1.194855270487526,-2.389710540975052
440,3,589.8333333333334,997.0,75,True,-1.2920829310559745,-1.2920829310559745,-2.584165862111949
441,0,865.1666666666666,746.0,72,True,-1.5207359903098152,-1.5207359903098152,-3.0414719806196304
441,1,601.8333333333334,881.0,74,True,-1.2471291858037832,-1.2471291858037832,-2.4942583716075664
441,2,601.8333333333334,822.0,73,True,-1.2162875757671914,-1.2162875757671914,-2.4325751515343828
441,3,601.8333333333334,741.0,72,True,-1.173945704361023,-1.173945704361023,-2.347891408722046
442,0,601.8333333333334,683.0,71,True,-1.1436268334775939,-1.1436268334775939,-2.2872536669551877
442,1,601.8333333333334,816.0,73,True,-1.213151140848216,-1.213151140848216,-2.426302281696432
442,2,601.8333333333334,874.0,73,True,-1.243470011731645,-1.243470011731645,-2.48694002346329
442,3,601.8333333333334,801.0,73,True,-1.2053100535507775,-1.2053100535507775,-2.410620107101555
443,0,589.8333333333334,634.0,70,True,-1.1023286184579604,-1.1023286184579604,-2.2046572369159207
443,1,601.8333333333334,769.0,72,True,-1.188582400649575,-1.188582400649575,-2.37716480129915
443,2,601.8333333333334,608.0,70,True,-1.1044213969904013,-1.1044213969904013,-2.2088427939808026
443,3,601.8333333333334,897.0,74,True,-1.2554930122543846,-1.2554930122543846,-2.510986024508769
444,0,601.8333333333334,611.0,70,True,-1.1059896144498889,-1.1059896144498889,-2.2119792288997777
444,1,601.8333333333334,545.0,69,True,-1.0714888303411592,-1.0714888303411592,-2.1429776606823183
444,2,601.8333333333334,1009.0,76,True,-1.3140397974085924,-1.3140397974085924,-2.628079594817185
444,3,601.8333333333334,613.0,70,True,-1.107035092756214,-1.107035092756214,-2.214070185512428
445,0,601.8333333333334,886.0,73,True,-1.2497428815695961,-1.2497428815695961,-2.4994857631391922
445,1,601.8333333333334,465.0,68,True,-1.0296696980881535,-1.0296696980881535,-2.059339396176307
445,2,601.8333333333334,835.0,73,True,-1.2230831847583046,-1.2230831847583046,-2.446166369516609
445,3,601.8333333333334,769.0,72,True,-1.1885824006495753,-1.1885824006495753,-2.3771648012991506
446,0,589.8333333333334,1058.0,77,True,-1.3239700193988913,-1.3239700193988913,-2.6479400387977825
446,1,601.8333333333334,769.0,72,True,-1.1885824006495753,-1.1885824006495753,-2.3771648012991506
446,2,601.8333333333334,540.0,69,True,-1.068875134575346,-1.068875134575346,-2.137750269150692
446,3,601.8333333333334,662.0,71,True,-1.13264931126118,-1.13264931126118,-2.26529862252236
447,0,601.8333333333334,835.0,73,True,-1.2230831847583046,-1.2230831847583046,-2.446166369516609
447,1,601.8333333333334,809.0,73,True,-1.2094919667760777,-1.2094919667760777,-2.4189839335521555
447,2,907.1666666666666,626.0,70,True,-1.5129012797316428,-1.5129012797316428,-3.0258025594632856
447,3,610.3333333333333,1049.0,77,True,-1.3460588610663178,-1.3460588610663178,-2.6921177221326356
448,0,601.8333333333334,944.0,75,True,-1.2800617524530256,-1.2800617524530256,-2.560123504906051
448,1,867.1666666666666,1070.0,77,True,-1.6927174753535998,-1.6927174753535998,-3.3854349507071997
448,2,601.8333333333334,692.0,71,True,-1.1483314858560565,-1.1483314858560565,-2.296662971712113
448,3,601.8333333333334,602.0,70,True,-1.1012849620714256,-1.1012849620714256,-2.202569924142851
449,0,601.8333333333334,748.0,72,True,-1.1776048784331614,-1.1776048784331614,-2.355209756866323
449,1,601.8333333333334,743.0,72,True,-1.1749911826673483,-1.1749911826673483,-2.3499823653346965
449,2,601.8333333333334,783.0,73,True,-1.1959007487938509,-1.1959007487938509,-2.3918014975877018
449,3,601.8333333333334,882.0,74,True,-1.2476519249569458,-1.2476519249569458,-2.4953038499138915
450,0,601.8333333333334,732.0,72,True,-1.1692410519825598,-1.1692410519825598,-2.3384821039651196
450,1,601.8333333333334,806.0,73,True,-1.2079237493165904,-1.2079237493165904,-2.415847498633181
450,2,601.8333333333334,760.0,73,True,-1.183877748271112,-1.183877748271112,-2.367755496542224
450,3,601.8333333333334,890.0,74,True,-1.251833838182246,-1.251833838182246,-2.503667676364492
451,0,601.8333333333334,501.0,69,True,-1.048488307602006,-1.048488307602006,-2.096976615204012
451,1,601.8333333333334,679.0,71,True,-1.1415358768649435,-1.1415358768649435,-2.283071753729887
451,2,589.8333333333334,924.0,75,True,-1.253922972875106,-1.253922972875106,-2.507845945750212
451,3,601.8333333333334,937.0,75,True,-1.2764025783808874,-1.2764025783808874,-2.552805156761775
452,0,601.8333333333334,790.0,72,True,-1.199559922865989,-1.199559922865989,-2.399119845731978
452,1,601.8333333333334,849.0,74,True,-1.2304015329025808,-1.2304015329025808,-2.4608030658051616
452,2,601.8333333333334,1077.0,77,True,-1.349586059823647,-1.349586059823647,-2.699172119647294
452,3,601.8333333333334,649.0,71,True,-1.1258537022700668,-1.1258537022700668,-2.2517074045401335
453,0,601.8333333333334,638.0,71,True,-1.1201035715852783,-1.1201035715852783,-2.2402071431705566
453,1,601.8333333333334,897.0,74,True,-1.2554930122543848,-1.2554930122543848,-2.5109860245087696
453,2,601.8333333333334,607.0,70,True,-1.1038986578372387,-1.1038986578372387,-2.2077973156744775
453,3,601.8333333333334,622.0,70,True,-1.111739745134677,-1.111739745134677,-2.223479490269354
454,0,601.8333333333334,777.0,73,True,-1.1927643138748756,-1.1927643138748756,-2.385528627749751
454,1,601.8333333333334,525.0,69,True,-1.0610340472779076,-1.0610340472779076,-2.1220680945558152
454,2,601.8333333333334,455.0,68,True,-1.0244423065565278,-1.0244423065565278,-2.0488846131130556
454,3,601.8333333333334,861.0,74,True,-1.2366744027405316,-1.2366744027405316,-2.4733488054810633
455,0,601.8333333333334,592.0,70,True,-1.0960575705398,-1.0960575705398,-2.1921151410796
455,1,601.8333333333334,736.0,72,True,-1.17133200859521,-1.17133200859521,-2.34266401719042
455,2,601.8333333333334,716.0,72,True,-1.1608772255319588,-1.1608772255319588,-2.3217544510639176
455,3,604.3333333333334,1068.0,77,True,-1.3481489067190728,-1.3481489067190728,-2.6962978134381457
456,0,601.8333333333334,773.0,73,True,-1.1906733572622255,-1.1906733572622255,-2.381346714524451
456,1,589.8333333333334,1070.0,77,True,-1.3302428892368414,-1.3302428892368414,-2.660485778473683
456,2,601.8333333333334,754.0,72,True,-1.1807413133521365,-1.1807413133521365,-2.361482626704273
456,3,601.8333333333334,690.0,72,True,-1.147286007549732,-1.147286007549732,-2.294572015099464
457,0,646.8333333333334,662.0,71,True,-1.1914642981911827,-1.1914642981911827,-2.3829285963823654
457,1,601.8333333333334,693.0,72,True,-1.1488542250092197,-1.1488542250092197,-2.2977084500184395
457,2,601.8333333333334,502.0,69,True,-1.0490110467551685,-1.0490110467551685,-2.098022093510337
457,3,601.8333333333334,662.0,71,True,-1.13264931126118,-1.13264931126118,-2.26529862252236
458,0,601.8333333333334,821.0,73,True,-1.2157648366140288,-1.2157648366140288,-2.4315296732280576
458,1,589.8333333333334,976.0,75,True,-1.28110540883956,-1.28110540883956,-2.56221081767912
458,2,601.8333333333334,685.0,71,True,-1.1446723117839188,-1.1446723117839188,-2.2893446235678376
458,3,601.8333333333334,709.0,72,True,-1.1572180514598207,-1.1572180514598207,-2.3144361029196414
459,0,646.8333333333334,991.0,76,True,-1.3634454795816693,-1.3634454795816693,-2.7268909591633386
459,1,601.8333333333334,536.0,69,True,-1.0667841779626959,-1.0667841779626959,-2.1335683559253917
459,2,601.8333333333334,790.0,73,True,-1.1995599228659888,-1.1995599228659888,-2.3991198457319776
459,3,601.8333333333334,805.0,73,True,-1.2074010101634274,-1.2074010101634274,-2.4148020203268548
460,0,601.8333333333334,783.0,73,True,-1.195900748793851,-1.195900748793851,-2.391801497587702
460,1,601.8333333333334,669.0,71,True,-1.1363084853333179,-1.1363084853333179,-2.2726169706666357
460,2,601.8333333333334,600.0,70,True,-1.1002394837651006,-1.1002394837651006,-2.2004789675302012
460,3,601.8333333333334,650.0,71,True,-1.1263764414232291,-1.1263764414232291,-2.2527528828464582
461,0,648.6666666666666,1208.0,79,True,-1.4792760419521318,-1.4792760419521318,-2.9585520839042636
461,1,601.8333333333334,455.0,68,True,-1.0244423065565278,-1.0244423065565278,-2.0488846131130556
461,2,601.8333333333334,761.0,72,True,-1.1844004874242744,-1.1844004874242744,-2.368800974848549
461,3,601.8333333333334,416.0,68,True,-1.0040554795831873,-1.0040554795831873,-2.0081109591663746
462,0,601.8333333333334,684.0,71,True,-1.1441495726307562,-1.1441495726307562,-2.2882991452615125
462,1,601.8333333333334,545.0,69,True,-1.071488830341159,-1.071488830341159,-2.142977660682318
462,2,601.8333333333334,684.0,71,True,-1.1441495726307562,-1.1441495726307562,-2.2882991452615125
462,3,589.8333333333334,1105.0,78,True,-1.3485387595975318,-1.3485387595975318,-2.6970775191950636
463,0,907.1666666666666,759.0,72,True,-1.5824255871022648,-1.5824255871022648,-3.1648511742045295
463,1,601.8333333333334,654.0,71,True,-1.1284673980358797,-1.1284673980358797,-2.2569347960717594
463,2,601.8333333333334,811.0,73,True,-1.2105374450824031,-1.2105374450824031,-2.4210748901648063
463,3,879.1666666666666,682.0,71,True,-1.5055786804411895,-1.5055786804411895,-3.011157360882379
464,0,601.8333333333334,821.0,73,True,-1.215764836614029,-1.215764836614029,-2.431529673228058
464,1,601.8333333333334,736.0,72,True,-1.1713320085952101,-1.1713320085952101,-2.3426640171904203
464,2,601.8333333333334,827.0,73,True,-1.2189012715330039,-1.2189012715330039,-2.4378025430660077
464,3,601.8333333333334,540.0,69,True,-1.068875134575346,-1.068875134575346,-2.137750269150692
465,0,957.1666666666666,863.0,74,True,-1.7021404445089534,-1.7021404445089534,-3.404280889017907
465,1,601.8333333333334,665.0,71,True,-1.1342175287206677,-1.1342175287206677,-2.2684350574413354
465,2,929.1666666666666,959.0,75,True,-1.7157274113450025,-1.7157274113450025,-3.431454822690005
465,3,601.8333333333334,817.0,73,True,-1.2136738800013784,-1.2136738800013784,-2.427347760002757
466,0,879.1666666666666,667.0,71,True,-1.4977375931437509,-1.4977375931437509,-2.9954751862875018
466,1,601.8333333333334,735.0,72,True,-1.1708092694420476,-1.1708092694420476,-2.341618538884095
466,2,893.1666666666666,603.0,69,True,-1.4825802832751251,-1.4825802832751251,-2.9651605665502503
466,3,601.8333333333334,813.0,73,True,-1.211582923388728,-1.211582923388728,-2.423165846777456
467,0,601.8333333333334,718.0,72,True,-1.1619227038382838,-1.1619227038382838,-2.3238454076765676
467,1,1050.5,1100.0,77,True,-1.948016263367007,-1.948016263367007,-3.896032526734014
467,2,879.1666666666666,662.0,71,True,-1.4951238973779382,-1.4951238973779382,-2.9902477947558763
467,3,879.1666666666666,682.0,71,True,-1.5055786804411895,-1.5055786804411895,-3.011157360882379
468,0,1110.5,1056.0,77,True,-2.003435723201191,-2.003435723201191,-4.006871446402382
468,1,601.8333333333334,794.0,73,True,-1.2016508794786394,-1.2016508794786394,-2.4033017589572787
468,2,601.8333333333334,810.0,73,True,-1.2100147059292405,-1.2100147059292405,-2.420029411858481
468,3,601.8333333333334,446.0,68,True,-1.0197376541780643,-1.0197376541780643,-2.0394753083561286
469,0,601.8333333333334,891.0,74,True,-1.2523565773354088,-1.2523565773354088,-2.5047131546708177
469,1,601.8333333333334,860.0,74,True,-1.2361516635873693,-1.2361516635873693,-2.4723033271747386
469,2,601.8333333333334,592.0,70,True,-1.0960575705398,-1.0960575705398,-2.1921151410796
469,3,589.8333333333334,877.0,74,True,-1.2293542326764655,-1.2293542326764655,-2.458708465352931
470,0,601.8333333333334,893.0,74,True,-1.2534020556417338,-1.2534020556417338,-2.5068041112834676
470,1,1060.5,803.0,73,True,-1.8058327319732796,-1.8058327319732796,-3.6116654639465593
470,2,601.8333333333334,724.0,72,True,-1.1650591387572595,-1.1650591387572595,-2.330118277514519
470,3,601.8333333333334,802.0,73,True,-1.20583279270394,-1.20583279270394,-2.41166558540788
471,0,601.8333333333334,592.0,70,True,-1.0960575705398,-1.0960575705398,-2.1921151410796
471,1,929.1666666666666,916.0,75,True,-1.693249627759012,-1.693249627759012,-3.386499255518024
471,2,601.8333333333334,739.0,72,True,-1.172900226054698,-1.172900226054698,-2.345800452109396
471,3,646.8333333333334,540.0,69,True,-1.1276901215053488,-1.1276901215053488,-2.2553802430106975
472,0,601.8333333333334,606.0,70,True,-1.103375918684076,-1.103375918684076,-2.206751837368152
472,1,601.8333333333334,692.0,71,True,-1.1483314858560567,-1.1483314858560567,-2.2966629717121134
472,2,601.8333333333334,802.0,73,True,-1.2058327927039403,-1.2058327927039403,-2.4116655854078806
472,3,601.8333333333334,692.0,71,True,-1.148331485856057,-1.148331485856057,-2.296662971712114
473,0,601.8333333333334,592.0,70,True,-1.0960575705398,-1.0960575705398,-2.1921151410796
473,1,879.1666666666666,881.0,74,True,-1.6096037719205412,-1.6096037719205412,-3.2192075438410823
473,2,601.8333333333334,817.0,73,True,-1.213673880001379,-1.213673880001379,-2.427347760002758
473,3,601.8333333333334,592.0,70,True,-1.0960575705398001,-1.0960575705398001,-2.1921151410796003
474,0,601.8333333333334,563.0,70,True,-1.0808981350980857,-1.0808981350980857,-2.1617962701961715
474,1,601.8333333333334,746.0,72,True,-1.176559400126836,-1.176559400126836,-2.353118800253672
474,2,601.8333333333334,806.0,73,True,-1.20792374931659,-1.20792374931659,-2.41584749863318
474,3,601.8333333333334,736.0,72,True,-1.1713320085952101,-1.1713320085952101,-2.3426640171904203
475,0,601.8333333333334,592.0,70,True,-1.0960575705398004,-1.0960575705398004,-2.1921151410796007
475,1,601.8333333333334,746.0,72,True,-1.1765594001268362,-1.1765594001268362,-2.3531188002536725
475,2,601.8333333333334,732.0,72,True,-1.1692410519825598,-1.1692410519825598,-2.3384821039651196
475,3,601.8333333333334,732.0,72,True,-1.1692410519825598,-1.1692410519825598,-2.3384821039651196
476,0,601.8333333333334,603.0,70,True,-1.1018077012245884,-1.1018077012245884,-2.2036154024491768
476,1,601.8333333333334,683.0,71,True,-1.1436268334775939,-1.1436268334775939,-2.2872536669551877
476,2,601.8333333333334,602.0,70,True,-1.1012849620714258,-1.1012849620714258,-2.2025699241428516
476,3,601.8333333333334,592.0,70,True,-1.0960575705398001,-1.0960575705398001,-2.1921151410796003
477,0,601.8333333333334,618.0,70,True,-1.1096487885220268,-1.1096487885220268,-2.2192975770440535
477,1,646.8333333333334,736.0,72,True,-1.2301469955252131,-1.2301469955252131,-2.4602939910504262
477,2,601.8333333333334,742.0,72,True,-1.174468443514186,-1.174468443514186,-2.348936887028372
477,3,601.8333333333334,571.0,70,True,-1.0850800483233858,-1.0850800483233858,-2.1701600966467716
478,0,601.8333333333334,816.0,73,True,-1.2131511408482158,-1.2131511408482158,-2.4263022816964317
478,1,601.8333333333334,592.0,70,True,-1.0960575705397997,-1.0960575705397997,-2.1921151410795994
478,2,601.8333333333334,736.0,72,True,-1.1713320085952101,-1.1713320085952101,-2.3426640171904203
478,3,601.8333333333334,820.0,73,True,-1.2152420974608664,-1.2152420974608664,-2.430484194921733
479,0,893.1666666666666,616.0,70,True,-1.4893758922662386,-1.4893758922662386,-2.978751784532477
479,1,601.8333333333334,603.0,70,True,-1.1018077012245882,-1.1018077012245882,-2.2036154024491763
479,2,601.8333333333334,666.0,71,True,-1.1347402678738303,-1.1347402678738303,-2.2694805357476606
479,3,601.8333333333334,506.0,69,True,-1.051102003367819,-1.051102003367819,-2.102204006735638
480,0,601.8333333333334,876.0,74,True,-1.2445154900379702,-1.2445154900379702,-2.4890309800759405
480,1,601.8333333333334,651.0,70,True,-1.1268991805763913,-1.1268991805763913,-2.2537983611527825
480,2,601.8333333333334,486.0,69,True,-1.0406472203045676,-1.0406472203045676,-2.081294440609135
480,3,646.8333333333334,747.0,72,True,-1.2358971262100014,-1.2358971262100014,-2.4717942524200027
481,0,601.8333333333334,817.0,73,True,-1.2136738800013787,-1.2136738800013787,-2.4273477600027573
481,1,601.8333333333334,802.0,73,True,-1.20583279270394,-1.20583279270394,-2.41166558540788
481,2,601.8333333333334,426.0,68,True,-1.009282871114813,-1.009282871114813,-2.018565742229626
481,3,601.8333333333334,681.0,71,True,-1.142581355171269,-1.142581355171269,-2.285162710342538
482,0,893.1666666666666,737.0,72,True,-1.5526273297989095,-1.5526273297989095,-3.105254659597819
482,1,601.8333333333334,677.0,71,True,-1.1404903985586186,-1.1404903985586186,-2.280980797117237
482,2,601.8333333333334,732.0,72,True,-1.1692410519825602,-1.1692410519825602,-2.3384821039651205
482,3,803.1666666666666,812.0,73,True,-1.4742027924260965,-1.4742027924260965,-2.948405584852193
483,0,601.8333333333334,662.0,71,True,-1.1326493112611802,-1.1326493112611802,-2.2652986225223604
483,1,601.8333333333334,431.0,68,True,-1.0118965668806261,-1.0118965668806261,-2.0237931337612522
483,2,601.8333333333334,746.0,72,True,-1.1765594001268358,-1.1765594001268358,-2.3531188002536716
483,3,601.8333333333334,805.0,73,True,-1.2074010101634278,-1.2074010101634278,-2.4148020203268556
484,0,601.8333333333334,583.0,70,True,-1.0913529181613368,-1.0913529181613368,-2.1827058363226737
484,1,879.1666666666666,682.0,71,True,-1.5055786804411895,-1.5055786804411895,-3.011157360882379
484,2,601.8333333333334,592.0,70,True,-1.0960575705398,-1.0960575705398,-2.1921151410796
484,3,601.8333333333334,583.0,70,True,-1.0913529181613368,-1.0913529181613368,-2.1827058363226737
485,0,601.8333333333334,455.0,68,True,-1.024442306556528,-1.024442306556528,-2.048884613113056
485,1,601.8333333333334,662.0,71,True,-1.13264931126118,-1.13264931126118,-2.26529862252236
485,2,601.8333333333334,662.0,71,True,-1.13264931126118,-1.13264931126118,-2.26529862252236
485,3,646.8333333333334,572.0,70,True,-1.1444177744065513,-1.1444177744065513,-2.2888355488131027
486,0,601.8333333333334,583.0,70,True,-1.091352918161337,-1.091352918161337,-2.182705836322674
486,1,601.8333333333334,646.0,71,True,-1.124285484810579,-1.124285484810579,-2.248570969621158
486,2,601.8333333333334,583.0,70,True,-1.0913529181613366,-1.0913529181613366,-2.1827058363226732
486,3,601.8333333333334,506.0,69,True,-1.051102003367819,-1.051102003367819,-2.102204006735638
487,0,601.8333333333334,502.0,69,True,-1.0490110467551685,-1.0490110467551685,-2.098022093510337
487,1,601.8333333333334,583.0,70,True,-1.0913529181613368,-1.0913529181613368,-2.1827058363226737
487,2,601.8333333333334,782.0,73,True,-1.1953780096406885,-1.1953780096406885,-2.390756019281377
487,3,601.8333333333334,661.0,71,True,-1.1321265721080174,-1.1321265721080174,-2.2642531442160347
488,0,601.8333333333334,463.0,69,True,-1.0286242197818283,-1.0286242197818283,-2.0572484395636566
488,1,601.8333333333334,529.0,70,True,-1.063125003890558,-1.063125003890558,-2.126250007781116
488,2,601.8333333333334,736.0,72,True,-1.1713320085952101,-1.1713320085952101,-2.3426640171904203
488,3,601.8333333333334,736.0,72,True,-1.1713320085952101,-1.1713320085952101,-2.3426640171904203
489,0,601.8333333333334,639.0,71,True,-1.120626310738441,-1.120626310738441,-2.241252621476882
489,1,601.8333333333334,416.0,68,True,-1.0040554795831875,-1.0040554795831875,-2.008110959166375
489,2,601.8333333333334,736.0,72,True,-1.1713320085952104,-1.1713320085952104,-2.3426640171904207
489,3,601.8333333333334,662.0,71,True,-1.1326493112611802,-1.1326493112611802,-2.2652986225223604
490,0,601.8333333333334,747.0,72,True,-1.1770821392799986,-1.1770821392799986,-2.354164278559997
490,1,601.8333333333334,849.0,74,True,-1.2304015329025808,-1.2304015329025808,-2.4608030658051616
490,2,601.8333333333334,732.0,72,True,-1.1692410519825602,-1.1692410519825602,-2.3384821039651205
490,3,601.8333333333334,871.0,74,True,-1.2419017942721577,-1.2419017942721577,-2.4838035885443155
491,0,601.8333333333334,662.0,71,True,-1.13264931126118,-1.13264931126118,-2.26529862252236
491,1,601.8333333333334,662.0,71,True,-1.13264931126118,-1.13264931126118,-2.26529862252236
491,2,601.8333333333334,783.0,73,True,-1.1959007487938509,-1.1959007487938509,-2.3918014975877018
491,3,601.8333333333334,736.0,72,True,-1.1713320085952101,-1.1713320085952101,-2.3426640171904203
492,0,601.8333333333334,662.0,71,True,-1.1326493112611802,-1.1326493112611802,-2.2652986225223604
492,1,601.8333333333334,736.0,72,True,-1.1713320085952104,-1.1713320085952104,-2.3426640171904207
492,2,601.8333333333334,576.0,70,True,-1.0876937440891992,-1.0876937440891992,-2.1753874881783983
492,3,601.8333333333334,416.0,68,True,-1.0040554795831873,-1.0040554795831873,-2.0081109591663746
493,0,646.8333333333334,662.0,71,True,-1.1914642981911827,-1.1914642981911827,-2.3829285963823654
493,1,601.8333333333334,743.0,72,True,-1.1749911826673485,-1.1749911826673485,-2.349982365334697
493,2,601.8333333333334,646.0,71,True,-1.124285484810579,-1.124285484810579,-2.248570969621158
493,3,601.8333333333334,743.0,72,True,-1.1749911826673483,-1.1749911826673483,-2.3499823653346965
494,0,601.8333333333334,592.0,70,True,-1.0960575705398,-1.0960575705398,-2.1921151410796
494,1,601.8333333333334,747.0,72,True,-1.1770821392799986,-1.1770821392799986,-2.354164278559997
494,2,601.8333333333334,416.0,68,True,-1.0040554795831875,-1.0040554795831875,-2.008110959166375
494,3,601.8333333333334,723.0,72,True,-1.1645363996040972,-1.1645363996040972,-2.3290727992081943
495,0,601.8333333333334,747.0,72,True,-1.1770821392799982,-1.1770821392799982,-2.3541642785599963
495,1,601.8333333333334,723.0,72,True,-1.1645363996040972,-1.1645363996040972,-2.3290727992081943
495,2,601.8333333333334,792.0,73,True,-1.2006054011723142,-1.2006054011723142,-2.4012108023446284
495,3,601.8333333333334,806.0,73,True,-1.2079237493165902,-1.2079237493165902,-2.4158474986331804
496,0,601.8333333333334,732.0,72,True,-1.1692410519825602,-1.1692410519825602,-2.3384821039651205
496,1,601.8333333333334,743.0,72,True,-1.1749911826673483,-1.1749911826673483,-2.3499823653346965
496,2,601.8333333333334,579.0,70,True,-1.0892619615486863,-1.0892619615486863,-2.1785239230973725
496,3,601.8333333333334,882.0,74,True,-1.2476519249569458,-1.2476519249569458,-2.4953038499138915
497,0,601.8333333333334,787.0,73,True,-1.1979917054065015,-1.1979917054065015,-2.395983410813003
497,1,601.8333333333334,732.0,72,True,-1.16924105198256,-1.16924105198256,-2.33848210396512
497,2,601.8333333333334,517.0,69,True,-1.0568521340526071,-1.0568521340526071,-2.1137042681052143
497,3,601.8333333333334,858.0,74,True,-1.235106185281044,-1.235106185281044,-2.470212370562088
498,0,601.8333333333334,914.0,75,True,-1.2643795778581481,-1.2643795778581481,-2.5287591557162963
498,1,601.8333333333334,506.0,69,True,-1.0511020033678187,-1.0511020033678187,-2.1022040067356373
498,2,601.8333333333334,867.0,74,True,-1.2398108376595074,-1.2398108376595074,-2.479621675319015
498,3,601.8333333333334,809.0,73,True,-1.2094919667760777,-1.2094919667760777,-2.4189839335521555
499,0,601.8333333333334,463.0,69,True,-1.0286242197818283,-1.0286242197818283,-2.0572484395636566
499,1,601.8333333333334,870.0,74,True,-1.241379055118995,-1.241379055118995,-2.48275811023799
499,2,601.8333333333334,808.0,73,True,-1.2089692276229154,-1.2089692276229154,-2.4179384552458307
499,3,601.8333333333334,872.0,74,True,-1.24242453342532,-1.24242453342532,-2.48484906685064
500,0,601.8333333333334,808.0,73,True,-1.2089692276229154,-1.2089692276229154,-2.4179384552458307
500,1,601.8333333333334,805.0,73,True,-1.2074010101634276,-1.2074010101634276,-2.414802020326855
500,2,601.8333333333334,805.0,73,True,-1.2074010101634278,-1.2074010101634278,-2.4148020203268556
500,3,601.8333333333334,878.0,74,True,-1.2455609683442952,-1.2455609683442952,-2.4911219366885904
