global_episode,worker_id,makespan,cost,steps,done,upper_reward_sum,lower_reward_sum,total_reward_sum
1,0,7162.833333333334,6584.0,379,True,-26.678015909802685,-26.678015909802685,-53.35603181960537
1,1,8303.333333333334,7931.0,401,True,-32.08567741935483,-32.08567741935483,-64.17135483870966
1,2,6950.0,6266.0,368,True,-25.41010961478232,-25.41010961478232,-50.82021922956464
1,3,6982.833333333333,6068.0,364,True,-24.64626144691512,-24.64626144691512,-49.29252289383024
2,0,6024.333333333333,4736.0,335,True,-19.325033009708754,-19.325033009708754,-38.65006601941751
2,1,5691.0,4313.0,331,True,-17.630701659880987,-17.630701659880987,-35.261403319761975
2,2,5883.333333333334,4634.0,338,True,-18.907084246789854,-18.907084246789854,-37.81416849357971
2,3,6171.833333333334,4856.0,339,True,-19.813891136861884,-19.813891136861884,-39.62778227372377
3,0,4932.0,3320.0,310,True,-13.656868399624177,-13.656868399624177,-27.313736799248353
3,1,4356.833333333333,2258.0,288,True,-9.443538490447857,-9.443538490447857,-18.887076980895714
3,2,5287.166666666667,3629.0,317,True,-14.91186194801128,-14.91186194801128,-29.82372389602256
3,3,4389.833333333334,2129.0,285,True,-8.947677294080798,-8.947677294080798,-17.895354588161595
4,0,4293.166666666666,1643.0,276,True,-7.04533091136862,-7.04533091136862,-14.09066182273724
4,1,4404.833333333333,2003.0,284,True,-8.46067948637645,-8.46067948637645,-16.9213589727529
4,2,4643.0,2456.0,293,True,-10.25678020670216,-10.25678020670216,-20.51356041340432
4,3,4357.833333333333,2105.0,286,True,-8.849518571875976,-8.849518571875976,-17.69903714375195
5,0,4554.333333333333,1817.0,279,True,-7.7614977763858475,-7.7614977763858475,-15.522995552771695
5,1,4122.0,1400.0,271,True,-6.075138365173825,-6.075138365173825,-12.15027673034765
5,2,4247.833333333333,1649.0,276,True,-7.06161252740369,-7.06161252740369,-14.12322505480738
5,3,4603.0,1727.0,277,True,-7.419518697150012,-7.419518697150012,-14.839037394300025
6,0,3874.1666666666665,941.0,262,True,-4.254239899780771,-4.254239899780771,-8.508479799561542
6,1,3909.0,704.0,257,True,-3.3392450986533087,-3.3392450986533087,-6.678490197306617
6,2,3760.0,920.0,260,True,-4.1550090823676795,-4.1550090823676795,-8.310018164735359
6,3,3859.0,857.0,260,True,-3.9256779204509873,-3.9256779204509873,-7.851355840901975
7,0,3672.9999999999995,479.0,252,True,-2.428916755402444,-2.428916755402444,-4.857833510804888
7,1,3838.9999999999995,536.0,253,True,-2.6759792045098636,-2.6759792045098636,-5.351958409019727
7,2,3740.9999999999995,479.0,252,True,-2.43944578766051,-2.43944578766051,-4.87889157532102
7,3,3808.833333333333,497.0,252,True,-2.519851926088318,-2.519851926088318,-5.039703852176636
8,0,3617.9999999999995,287.0,248,True,-1.6747695584090212,-1.6747695584090212,-3.3495391168180424
8,1,3828.9999999999995,632.0,255,True,-3.047246351393673,-3.047246351393673,-6.094492702787346
8,2,3757.9999999999995,536.0,253,True,-2.663437269025997,-2.663437269025997,-5.326874538051994
8,3,3623.833333333333,497.0,251,True,-2.4912067647979956,-2.4912067647979956,-4.982413529595991
9,0,3656.9999999999995,383.0,250,True,-2.0536238020670217,-2.0536238020670217,-4.107247604134043
9,1,3642.9999999999995,383.0,250,True,-2.0514560601315375,-2.0514560601315375,-4.102912120263075
9,2,3699.9999999999995,383.0,250,True,-2.060281866583152,-2.060281866583152,-4.120563733166304
9,3,3661.0,440.0,251,True,-2.275602380206702,-2.275602380206702,-4.551204760413404
10,0,3935.333333333333,800.0,259,True,-3.7161380519887275,-3.7161380519887275,-7.432276103977455
10,1,3934.9999999999995,671.0,255,True,-3.2151155652990924,-3.2151155652990924,-6.430231130598185
10,2,3915.833333333333,761.0,255,True,-3.561662386470405,-3.561662386470405,-7.12332477294081
10,3,3737.333333333333,353.0,250,True,-1.94955765737551,-1.94955765737551,-3.89911531475102
11,0,3601.9999999999995,287.0,248,True,-1.6722921390541823,-1.6722921390541823,-3.3445842781083646
11,1,3661.9999999999995,383.0,250,True,-2.054397995615409,-2.054397995615409,-4.108795991230818
11,2,3610.9999999999995,320.0,249,True,-1.801841027247103,-1.801841027247103,-3.603682054494206
11,3,3644.9999999999995,401.0,250,True,-2.121668650172252,-2.121668650172252,-4.243337300344504
12,0,3465.833333333333,248.0,246,True,-1.4997519574068292,-1.4997519574068292,-2.9995039148136584
12,1,3630.9999999999995,383.0,250,True,-2.04959799561541,-2.04959799561541,-4.09919599123082
12,2,3700.9999999999995,479.0,252,True,-2.4332522392734126,-2.4332522392734126,-4.866504478546825
12,3,3716.0,479.0,252,True,-2.435574819918573,-2.435574819918573,-4.871149639837146
13,0,3792.9999999999995,383.0,250,True,-2.07468186658315,-2.07468186658315,-4.1493637331663
13,1,3798.333333333333,449.0,252,True,-2.3318183526464145,-2.3318183526464145,-4.663636705292829
13,2,4139.0,767.0,258,True,-3.61951819605387,-3.61951819605387,-7.23903639210774
13,3,3661.0,383.0,250,True,-2.054243156905732,-2.054243156905732,-4.108486313811464
14,0,4075.9999999999995,992.0,262,True,-4.483549765111182,-4.483549765111182,-8.967099530222365
14,1,3858.0,545.0,254,True,-2.7138725963044164,-2.7138725963044164,-5.427745192608833
14,2,3767.9999999999995,512.0,253,True,-2.571781772627623,-2.571781772627623,-5.143563545255246
14,3,3630.0,344.0,249,True,-1.8979868462261213,-1.8979868462261213,-3.7959736924522427
15,0,3417.0,344.0,249,True,-1.865006201064831,-1.865006201064831,-3.730012402129662
15,1,3596.9999999999995,383.0,250,True,-2.044333479486378,-2.044333479486378,-4.088666958972756
15,2,3720.9999999999995,410.0,250,True,-2.168387848418416,-2.168387848418416,-4.336775696836832
15,3,3601.0,383.0,250,True,-2.0449528343250885,-2.0449528343250885,-4.089905668650177
16,0,3620.9999999999995,287.0,248,True,-1.675234074538053,-1.675234074538053,-3.350468149076106
16,1,3589.9999999999995,287.0,248,True,-1.670434074538053,-1.670434074538053,-3.340868149076106
16,2,3671.9999999999995,383.0,250,True,-2.0559463827121838,-2.0559463827121838,-4.1118927654243675
16,3,3631.9999999999995,287.0,248,True,-1.6769373003445047,-1.6769373003445047,-3.3538746006890094
17,0,3670.0,383.0,250,True,-2.0556367052928284,-2.0556367052928284,-4.111273410585657
17,1,3756.333333333333,257.0,247,True,-1.5796840588787981,-1.5796840588787981,-3.1593681177575963
17,2,3510.3333333333335,440.0,251,True,-2.2522733479486376,-2.2522733479486376,-4.504546695897275
17,3,3694.0,479.0,252,True,-2.4321683683056707,-2.4321683683056707,-4.8643367366113415
18,0,3616.9999999999995,383.0,249,True,-2.047430253679926,-2.047430253679926,-4.094860507359852
18,1,3807.333333333333,482.0,252,True,-2.4613672408393374,-2.4613672408393374,-4.922734481678675
18,2,3628.0,287.0,248,True,-1.6763179455057953,-1.6763179455057953,-3.3526358910115905
18,3,3674.0,377.0,249,True,-2.0329550892577526,-2.0329550892577526,-4.065910178515505
19,0,3348.1666666666665,179.0,246,True,-1.2135714375195754,-1.2135714375195754,-2.427142875039151
19,1,3352.9999999999995,281.0,248,True,-1.6104363294707174,-1.6104363294707174,-3.2208726589414347
19,2,3487.0,479.0,252,True,-2.400116755402444,-2.400116755402444,-4.800233510804888
19,3,3615.0,479.0,252,True,-2.4199361102411547,-2.4199361102411547,-4.8398722204823095
20,0,3579.0,383.0,249,True,-2.041546382712184,-2.041546382712184,-4.083092765424368
20,1,3439.0,497.0,252,True,-2.462587409959288,-2.462587409959288,-4.925174819918576
20,2,3502.0,377.0,250,True,-2.0063228311932364,-2.0063228311932364,-4.012645662386473
20,3,3388.833333333333,395.0,249,True,-2.0587031631694326,-2.0587031631694326,-4.117406326338865
21,0,3689.9999999999995,383.0,250,True,-2.058733479486377,-2.058733479486377,-4.117466958972754
21,1,3551.333333333333,224.0,246,True,-1.4197867835891023,-1.4197867835891023,-2.8395735671782045
21,2,3731.9999999999995,383.0,250,True,-2.0652367052928304,-2.0652367052928304,-4.130473410585661
21,3,3471.1666666666665,248.0,247,True,-1.5005777638584417,-1.5005777638584417,-3.0011555277168833
22,0,3570.833333333333,497.0,252,True,-2.483000313185095,-2.483000313185095,-4.96600062637019
22,1,3623.0,344.0,249,True,-1.8969029752583786,-1.8969029752583786,-3.793805950516757
22,2,3425.0,248.0,247,True,-1.4934293767616669,-1.4934293767616669,-2.9868587535233337
22,3,3674.0,344.0,249,True,-1.9047997494519266,-1.9047997494519266,-3.8095994989038533
23,0,3424.1666666666665,308.0,249,True,-1.7263100532414672,-1.7263100532414672,-3.4526201064829345
23,1,3486.833333333333,248.0,247,True,-1.5030035703100544,-1.5030035703100544,-3.0060071406201088
23,2,3658.0,344.0,249,True,-1.9023223300970895,-1.9023223300970895,-3.804644660194179
23,3,3610.9999999999995,383.0,250,True,-2.0465012214218636,-2.0465012214218636,-4.093002442843727
24,0,3766.3333333333335,440.0,251,True,-2.291912057626058,-2.291912057626058,-4.583824115252116
24,1,4167.0,959.0,262,True,-4.369484747886001,-4.369484747886001,-8.738969495772002
24,2,3515.3333333333335,281.0,248,True,-1.6355718133416866,-1.6355718133416866,-3.271143626683373
24,3,3783.0,512.0,253,True,-2.5741043532727854,-2.5741043532727854,-5.148208706545571
25,0,3837.0,671.0,256,True,-3.199941371750705,-3.199941371750705,-6.39988274350141
25,1,4014.0,863.0,259,True,-3.972978891324773,-3.972978891324773,-7.945957782649546
25,2,3781.833333333333,536.0,253,True,-2.66712759160664,-2.66712759160664,-5.33425518321328
25,3,3793.0,575.0,254,True,-2.8203129345443174,-2.8203129345443174,-5.640625869088635
26,0,3615.833333333333,344.0,246,True,-1.8957932978390235,-1.8957932978390235,-3.791586595678047
26,1,4107.333333333334,641.0,256,True,-3.1252945818979043,-3.1252945818979043,-6.250589163795809
26,2,3585.0,353.0,249,True,-1.925970560601315,-1.925970560601315,-3.85194112120263
26,3,3972.0,671.0,256,True,-3.2208445975571554,-3.2208445975571554,-6.441689195114311
27,0,3647.0,287.0,248,True,-1.679259880989666,-1.679259880989666,-3.358519761979332
27,1,3791.9999999999995,575.0,254,True,-2.820158095834641,-2.820158095834641,-5.640316191669282
27,2,3700.9999999999995,479.0,252,True,-2.433252239273411,-2.433252239273411,-4.866504478546822
27,3,3855.333333333333,671.0,256,True,-3.2027800814281244,-3.2027800814281244,-6.405560162856249
28,0,3838.9999999999995,575.0,254,True,-2.827435515189477,-2.827435515189477,-5.654871030378954
28,1,3529.9999999999995,287.0,248,True,-1.6611437519574082,-1.6611437519574082,-3.3222875039148163
28,2,3833.333333333333,545.0,254,True,-2.710053241465706,-2.710053241465706,-5.420106482931412
28,3,3625.0,287.0,248,True,-1.6758534293767624,-1.6758534293767624,-3.351706858753525
29,0,3403.1666666666665,308.0,249,True,-1.7230584403382414,-1.7230584403382414,-3.446116880676483
29,1,3482.3333333333335,344.0,249,True,-1.8751223300970883,-1.8751223300970883,-3.7502446601941766
29,2,3653.9999999999995,287.0,248,True,-1.6803437519574076,-1.6803437519574076,-3.360687503914815
29,3,3217.0,146.0,245,True,-1.0651064202943952,-1.0651064202943952,-2.1302128405887903
30,0,3612.0,344.0,249,True,-1.895199749451927,-1.895199749451927,-3.790399498903854
30,1,3771.9999999999995,416.0,251,True,-2.199585593485751,-2.199585593485751,-4.399171186971502
30,2,3721.9999999999995,575.0,254,True,-2.809319386157221,-2.809319386157221,-5.618638772314442
30,3,3584.0,440.0,251,True,-2.2636797995615416,-2.2636797995615416,-4.527359599123083
31,0,3805.0,344.0,249,True,-1.9250836204196686,-1.9250836204196686,-3.8501672408393373
31,1,3661.0,305.0,248,True,-1.7513305355465072,-1.7513305355465072,-3.5026610710930144
31,2,3736.0,440.0,251,True,-2.2872152834325106,-2.2872152834325106,-4.574430566865021
31,3,3321.833333333333,308.0,249,True,-1.7104648919511447,-1.7104648919511447,-3.4209297839022894
32,0,3822.3333333333335,512.0,252,True,-2.5801946758534284,-2.5801946758534284,-5.160389351706857
32,1,3831.0,383.0,250,True,-2.080565737550894,-2.080565737550894,-4.161131475101788
32,2,3641.0,344.0,249,True,-1.899690072032573,-1.899690072032573,-3.799380144065146
32,3,3777.0,383.0,250,True,-2.072204447228313,-2.072204447228313,-4.144408894456626
33,0,3556.0,344.0,249,True,-1.8865287817099916,-1.8865287817099916,-3.773057563419983
33,1,3612.1666666666665,251.0,248,True,-1.5340605073598512,-1.5340605073598512,-3.0681210147197024
33,2,3675.9999999999995,383.0,250,True,-2.0565657375508937,-2.0565657375508937,-4.113131475101787
33,3,3598.333333333333,287.0,247,True,-1.671724397118698,-1.671724397118698,-3.343448794237396
34,0,3708.0,248.0,247,True,-1.537248731600377,-1.537248731600377,-3.074497463200754
34,1,3635.833333333333,344.0,249,True,-1.8988900720325723,-1.8988900720325723,-3.7977801440651446
34,2,3724.0,383.0,250,True,-2.063997995615409,-2.063997995615409,-4.127995991230818
34,3,3241.833333333333,209.0,246,True,-1.3136117757594745,-1.3136117757594745,-2.627223551518949
35,0,3270.1666666666665,212.0,247,True,-1.3296493579705606,-1.3296493579705606,-2.659298715941121
35,1,3596.0,344.0,249,True,-1.8927223300970892,-1.8927223300970892,-3.7854446601941785
35,2,3692.0,344.0,249,True,-1.9075868462261212,-1.9075868462261212,-3.8151736924522424
35,3,3676.1666666666665,155.0,246,True,-1.1711546507986237,-1.1711546507986237,-2.3423093015972474
36,0,3845.1666666666665,314.0,249,True,-1.8147981208894473,-1.8147981208894473,-3.6295962417788945
36,1,3491.9999999999995,386.0,251,True,-2.039725900407142,-2.039725900407142,-4.079451800814284
36,2,3573.3333333333335,500.0,253,True,-2.4950378953961803,-2.4950378953961803,-4.9900757907923605
36,3,3441.833333333333,371.0,250,True,-1.9737057312871908,-1.9737057312871908,-3.9474114625743817
37,0,3328.833333333333,275.0,248,True,-1.5833934231130609,-1.5833934231130609,-3.1667868462261217
37,1,3727.1666666666665,347.0,250,True,-1.9246824929533364,-1.9246824929533364,-3.8493649859066728
37,2,3356.0,404.0,250,True,-2.0885707485123723,-2.0885707485123723,-4.177141497024745
37,3,3594.833333333333,428.0,250,True,-2.218755277168808,-2.218755277168808,-4.437510554337616
38,0,3434.833333333333,332.0,249,True,-1.8211655496398385,-1.8211655496398385,-3.642331099279677
38,1,3457.833333333333,458.0,251,True,-2.314047228311934,-2.314047228311934,-4.628094456623868
38,2,3418.1666666666665,461.0,252,True,-2.319555778264955,-2.319555778264955,-4.63911155652991
38,3,3505.833333333333,458.0,251,True,-2.32147948637645,-2.32147948637645,-4.6429589727529
39,0,3313.0,308.0,249,True,-1.7090971500156604,-1.7090971500156604,-3.418194300031321
39,1,3430.833333333333,275.0,247,True,-1.599186971500158,-1.599186971500158,-3.198373943000316
39,2,3416.833333333333,305.0,248,True,-1.7135240839336052,-1.7135240839336052,-3.4270481678672104
39,3,3306.1666666666665,299.0,248,True,-1.6730876291888515,-1.6730876291888515,-3.346175258377703
40,0,3368.833333333333,275.0,247,True,-1.5895869715001578,-1.5895869715001578,-3.1791739430003156
40,1,3301.3333333333335,275.0,248,True,-1.5791353585969325,-1.5791353585969325,-3.158270717193865
40,2,3220.1666666666665,269.0,248,True,-1.5432666457876592,-1.5432666457876592,-3.0865332915753183
40,3,3462.8333333333335,365.0,248,True,-1.9536563733166306,-1.9536563733166306,-3.907312746633261
41,0,3550.833333333333,371.0,250,True,-1.9905831506420302,-1.9905831506420302,-3.9811663012840603
41,1,3523.1666666666665,458.0,251,True,-2.3241633573441907,-2.3241633573441907,-4.648326714688381
41,2,3532.1666666666665,365.0,250,True,-1.9643918571875993,-1.9643918571875993,-3.9287837143751987
41,3,3571.0,281.0,248,True,-1.644191168180396,-1.644191168180396,-3.288382336360792
42,0,3456.3333333333335,308.0,249,True,-1.7312906984027565,-1.7312906984027565,-3.462581396805513
42,1,3446.833333333333,554.0,253,True,-2.6851595364860636,-2.6851595364860636,-5.370319072972127
42,2,3348.1666666666665,179.0,245,True,-1.213571437519575,-1.213571437519575,-2.42714287503915
42,3,3448.3333333333335,308.0,249,True,-1.7300519887253367,-1.7300519887253367,-3.4601039774506734
43,0,3574.833333333333,554.0,253,True,-2.7049788913247745,-2.7049788913247745,-5.409957782649549
43,1,3365.1666666666665,365.0,250,True,-1.9385337926714692,-1.9385337926714692,-3.8770675853429384
43,2,3507.833333333333,554.0,253,True,-2.6946046977763882,-2.6946046977763882,-5.3892093955527764
43,3,3457.833333333333,554.0,253,True,-2.686862762292516,-2.686862762292516,-5.373725524585032
44,0,3350.1666666666665,461.0,251,True,-2.3090267460068894,-2.3090267460068894,-4.618053492013779
44,1,3394.833333333333,461.0,250,True,-2.3159428750391475,-2.3159428750391475,-4.631885750078295
44,2,3598.1666666666665,557.0,254,True,-2.7202422799874744,-2.7202422799874744,-5.440484559974949
44,3,3606.833333333333,620.0,252,True,-2.966244409646101,-2.966244409646101,-5.932488819292202
45,0,3594.833333333333,653.0,255,True,-3.092541684935799,-3.092541684935799,-6.185083369871598
45,1,3471.1666666666665,461.0,252,True,-2.327762229877859,-2.327762229877859,-4.655524459755718
45,2,3388.833333333333,458.0,251,True,-2.303363357344189,-2.303363357344189,-4.606726714688378
45,3,3340.833333333333,458.0,251,True,-2.295931099279673,-2.295931099279673,-4.591862198559346
46,0,3517.833333333333,395.0,250,True,-2.078677356717819,-2.078677356717819,-4.157354713435638
46,1,3455.833333333333,500.0,252,True,-2.476844347009083,-2.476844347009083,-4.953688694018166
46,2,3527.1666666666665,620.0,253,True,-2.9539089257751328,-2.9539089257751328,-5.9078178515502655
46,3,3507.1666666666665,461.0,249,True,-2.3333364234262444,-2.3333364234262444,-4.666672846852489
47,0,3442.833333333333,554.0,253,True,-2.684540181647354,-2.684540181647354,-5.369080363294708
47,1,3503.833333333333,554.0,253,True,-2.693985342937677,-2.693985342937677,-5.387970685875354
47,2,3276.833333333333,332.0,249,True,-1.7967010335108058,-1.7967010335108058,-3.5934020670216116
47,3,3411.833333333333,299.0,248,True,-1.6894489195114306,-1.6894489195114306,-3.3788978390228612
48,0,3413.833333333333,428.0,251,True,-2.1907294707171956,-2.1907294707171956,-4.381458941434391
48,1,3442.833333333333,650.0,254,True,-3.0573557156279376,-3.0573557156279376,-6.114711431255875
48,2,3353.833333333333,299.0,248,True,-1.6804682743501413,-1.6804682743501413,-3.3609365487002827
48,3,3566.833333333333,650.0,255,True,-3.0765557156279373,-3.0765557156279373,-6.153111431255875
49,0,3447.833333333333,299.0,248,True,-1.6950231130598186,-1.6950231130598186,-3.390046226119637
49,1,3423.1666666666665,308.0,248,True,-1.726155214531789,-1.726155214531789,-3.452310429063578
49,2,3382.833333333333,362.0,249,True,-1.9296187911055431,-1.9296187911055431,-3.8592375822110863
49,3,3421.833333333333,557.0,253,True,-2.692939054181021,-2.692939054181021,-5.385878108362042
50,0,3237.0,146.0,245,True,-1.0682031944879433,-1.0682031944879433,-2.1364063889758866
50,1,3292.833333333333,299.0,247,True,-1.6710231130598192,-1.6710231130598192,-3.3420462261196384
50,2,3371.1666666666665,308.0,249,True,-1.7181036016285645,-1.7181036016285645,-3.436207203257129
50,3,3405.833333333333,497.0,252,True,-2.4574519260883183,-2.4574519260883183,-4.914903852176637
51,0,3313.833333333333,308.0,249,True,-1.7092261822737256,-1.7092261822737256,-3.418452364547451
51,1,3426.1666666666665,212.0,247,True,-1.353804196680238,-1.353804196680238,-2.707608393360476
51,2,3504.0,314.0,248,True,-1.7619723144378352,-1.7619723144378352,-3.5239446288756704
51,3,3469.1666666666665,122.0,244,True,-1.010947698089572,-1.010947698089572,-2.021895396179144
52,0,3484.1666666666665,365.0,250,True,-1.9569595991230835,-1.9569595991230835,-3.913919198246167
52,1,3273.1666666666665,275.0,248,True,-1.5747740682743514,-1.5747740682743514,-3.149548136548703
52,2,3435.833333333333,497.0,249,True,-2.462097087378643,-2.462097087378643,-4.924194174757286
52,3,3291.1666666666665,332.0,249,True,-1.798920388349515,-1.798920388349515,-3.59784077669903
53,0,3513.833333333333,746.0,257,True,-3.441164797995616,-3.441164797995616,-6.882329595991232
53,1,3339.1666666666665,371.0,249,True,-1.9578089570936428,-1.9578089570936428,-3.9156179141872856
53,2,3401.833333333333,500.0,251,True,-2.4684830566865035,-2.4684830566865035,-4.936966113373007
53,3,3421.1666666666665,653.0,255,True,-3.065651362355151,-3.065651362355151,-6.131302724710302
54,0,3452.833333333333,554.0,253,True,-2.6860885687441276,-2.6860885687441276,-5.372177137488255
54,1,3563.833333333333,554.0,253,True,-2.7032756655183228,-2.7032756655183228,-5.4065513310366455
54,2,3488.833333333333,458.0,251,True,-2.3188472283119315,-2.3188472283119315,-4.637694456623863
54,3,3507.833333333333,554.0,253,True,-2.694604697776387,-2.694604697776387,-5.389209395552774
55,0,3469.1666666666665,653.0,256,True,-3.073083620419667,-3.073083620419667,-6.146167240839334
55,1,3443.833333333333,524.0,253,True,-2.5681901659881,-2.5681901659881,-5.1363803319762
55,2,3542.1666666666665,653.0,256,True,-3.0843868462261224,-3.0843868462261224,-6.168773692452245
55,3,3680.1666666666665,845.0,259,True,-3.851385656122768,-3.851385656122768,-7.702771312245536
56,0,3525.833333333333,653.0,256,True,-3.081857813968055,-3.081857813968055,-6.16371562793611
56,1,3500.833333333333,554.0,253,True,-2.6935208268086446,-2.6935208268086446,-5.387041653617289
56,2,3493.833333333333,458.0,251,True,-2.3196214218603193,-2.3196214218603193,-4.6392428437206386
56,3,3419.1666666666665,365.0,250,True,-1.9468950829940497,-1.9468950829940497,-3.8937901659880993
57,0,3364.1666666666665,461.0,251,True,-2.311194487942373,-2.311194487942373,-4.622388975884746
57,1,3314.833333333333,299.0,248,True,-1.6744295646727214,-1.6744295646727214,-3.348859129345443
57,2,3429.833333333333,554.0,253,True,-2.682527278421549,-2.682527278421549,-5.365054556843098
57,3,3224.833333333333,146.0,245,True,-1.0663193235202009,-1.0663193235202009,-2.1326386470404017
58,0,3593.833333333333,650.0,255,True,-3.080736360789228,-3.080736360789228,-6.161472721578456
58,1,3393.833333333333,554.0,253,True,-2.6769530848731615,-2.6769530848731615,-5.353906169746323
58,2,3421.1666666666665,365.0,250,True,-1.9472047604134026,-1.9472047604134026,-3.8944095208268052
58,3,3278.1666666666665,242.0,247,True,-1.4473929220169122,-1.4473929220169122,-2.8947858440338243
59,0,3351.1666666666665,365.0,250,True,-1.9363660507359852,-1.9363660507359852,-3.8727321014719704
59,1,3395.1666666666665,365.0,250,True,-1.943178953961792,-1.943178953961792,-3.886357907923584
59,2,3445.833333333333,428.0,251,True,-2.195684309426872,-2.195684309426872,-4.391368618853744
59,3,3226.833333333333,203.0,246,True,-1.2879882242405265,-1.2879882242405265,-2.575976448481053
60,0,3551.3333333333335,287.0,248,True,-1.6644469777638586,-1.6644469777638586,-3.3288939555277173
60,1,3560.0,287.0,248,True,-1.665788913247729,-1.665788913247729,-3.331577826495458
60,2,3240.1666666666665,209.0,246,True,-1.3133537112433462,-1.3133537112433462,-2.6267074224866924
60,3,3717.333333333333,224.0,247,True,-1.4454900093955536,-1.4454900093955536,-2.890980018791107
61,0,3569.833333333333,344.0,249,True,-1.8886707171938637,-1.8886707171938637,-3.7773414343877274
61,1,3305.833333333333,209.0,246,True,-1.32352145317883,-1.32352145317883,-2.64704290635766
61,2,3270.833333333333,146.0,245,True,-1.0734419041653618,-1.0734419041653618,-2.1468838083307236
61,3,3206.0,209.0,246,True,-1.308063388662701,-1.308063388662701,-2.616126777325402
62,0,3519.3333333333335,248.0,247,True,-1.508035828374571,-1.508035828374571,-3.016071656749142
62,1,3401.1666666666665,155.0,246,True,-1.1285740056373337,-1.1285740056373337,-2.2571480112746674
62,2,3431.1666666666665,89.0,244,True,-0.8769084873160051,-0.8769084873160051,-1.7538169746320103
62,3,3595.833333333333,344.0,249,True,-1.8926965236454762,-1.8926965236454762,-3.7853930472909525
63,0,3418.833333333333,344.0,249,True,-1.8652900720325734,-1.8652900720325734,-3.7305801440651467
63,1,3401.1666666666665,344.0,249,True,-1.8625545881616052,-1.8625545881616052,-3.7251091763232105
63,2,3549.3333333333335,155.0,246,True,-1.1515159411212046,-1.1515159411212046,-2.303031882242409
63,3,3387.1666666666665,212.0,247,True,-1.3477654870028193,-1.3477654870028193,-2.6955309740056386
64,0,3474.0,344.0,249,True,-1.873832007516443,-1.873832007516443,-3.747664015032886
64,1,3491.1666666666665,122.0,245,True,-1.0143541497024753,-1.0143541497024753,-2.0287082994049506
64,2,3404.833333333333,308.0,249,True,-1.7233165048543704,-1.7233165048543704,-3.4466330097087408
64,3,3222.0,308.0,248,True,-1.6950068274350147,-1.6950068274350147,-3.3900136548700295
65,0,3263.8333333333335,203.0,246,True,-1.2937172564985928,-1.2937172564985928,-2.5874345129971856
65,1,3369.1666666666665,308.0,249,True,-1.717793924209208,-1.717793924209208,-3.435587848418416
65,2,3527.1666666666665,281.0,248,True,-1.637404071406202,-1.637404071406202,-3.274808142812404
65,3,3479.3333333333335,281.0,247,True,-1.6299976197932993,-1.6299976197932993,-3.2599952395865985
66,0,3263.3333333333335,308.0,249,True,-1.7014068274350154,-1.7014068274350154,-3.4028136548700307
66,1,3410.0,248.0,247,True,-1.4911067961165054,-1.4911067961165054,-2.982213592233011
66,2,3217.1666666666665,275.0,248,True,-1.566103100532416,-1.566103100532416,-3.132206201064832
66,3,3294.1666666666665,236.0,247,True,-1.4265693704979654,-1.4265693704979654,-2.853138740995931
67,0,3148.0,209.0,246,True,-1.29908274350141,-1.29908274350141,-2.59816548700282
67,1,3499.1666666666665,236.0,246,True,-1.4583113059818364,-1.4583113059818364,-2.916622611963673
67,2,3343.1666666666665,308.0,249,True,-1.7137681177575959,-1.7137681177575959,-3.4275362355151917
67,3,3363.1666666666665,308.0,249,True,-1.7168648919511438,-1.7168648919511438,-3.4337297839022876
68,0,3623.1666666666665,155.0,246,True,-1.162948199185722,-1.162948199185722,-2.325896398371444
68,1,3135.0,209.0,246,True,-1.297069840275605,-1.297069840275605,-2.59413968055121
68,2,3740.0,383.0,250,True,-2.0664754149702476,-2.0664754149702476,-4.132950829940495
68,3,3645.3333333333335,344.0,249,True,-1.9003610397745094,-1.9003610397745094,-3.800722079549019
69,0,3373.0,242.0,246,True,-1.462076792984655,-1.462076792984655,-2.92415358596931
69,1,3399.1666666666665,308.0,249,True,-1.722439085499532,-1.722439085499532,-3.444878170999064
69,2,3331.1666666666665,461.0,252,True,-2.3060848105230196,-2.3060848105230196,-4.612169621046039
69,3,3285.0,401.0,250,True,-2.065926714688381,-2.065926714688381,-4.131853429376762
70,0,3248.1666666666665,146.0,245,True,-1.0699322267460076,-1.0699322267460076,-2.1398644534920153
70,1,3326.1666666666665,242.0,247,True,-1.454825180081431,-1.454825180081431,-2.909650360162862
70,2,3392.1666666666665,89.0,244,True,-0.8708697776385859,-0.8708697776385859,-1.7417395552771717
70,3,3367.1666666666665,212.0,247,True,-1.3446687128092714,-1.3446687128092714,-2.6893374256185427
71,0,3383.3333333333335,308.0,249,True,-1.7199874725963058,-1.7199874725963058,-3.4399749451926116
71,1,3141.0,308.0,249,True,-1.6824648919511436,-1.6824648919511436,-3.364929783902287
71,2,3147.833333333333,275.0,248,True,-1.5553676166614474,-1.5553676166614474,-3.110735233322895
71,3,3545.1666666666665,155.0,246,True,-1.1508707798308824,-1.1508707798308824,-2.3017415596617647
72,0,3370.1666666666665,365.0,250,True,-1.9393079862198546,-1.9393079862198546,-3.878615972439709
72,1,3393.1666666666665,365.0,249,True,-1.942869276542438,-1.942869276542438,-3.885738553084876
72,2,3421.1666666666665,155.0,246,True,-1.1316707798308823,-1.1316707798308823,-2.2633415596617645
72,3,3399.1666666666665,308.0,249,True,-1.722439085499531,-1.722439085499531,-3.444878170999062
73,0,3320.1666666666665,308.0,249,True,-1.7102068274350146,-1.7102068274350146,-3.4204136548700292
73,1,3748.9999999999995,383.0,250,True,-2.0678689633573457,-2.0678689633573457,-4.135737926714691
73,2,3519.0,344.0,249,True,-1.8807997494519273,-1.8807997494519273,-3.7615994989038546
73,3,3226.1666666666665,212.0,247,True,-1.3228364547447555,-1.3228364547447555,-2.645672909489511
74,0,3146.833333333333,305.0,248,True,-1.6717176323207024,-1.6717176323207024,-3.3434352646414047
74,1,3275.833333333333,332.0,249,True,-1.796546194801129,-1.796546194801129,-3.593092389602258
74,2,3164.833333333333,275.0,248,True,-1.5579998747259645,-1.5579998747259645,-3.115999749451929
74,3,3203.1666666666665,269.0,248,True,-1.5406343877231443,-1.5406343877231443,-3.0812687754462886
75,0,3325.3333333333335,122.0,245,True,-0.988676730347636,-0.988676730347636,-1.977353460695272
75,1,3206.1666666666665,179.0,246,True,-1.1915843407453817,-1.1915843407453817,-2.3831686814907633
75,2,3161.833333333333,308.0,249,True,-1.6856906984027575,-1.6856906984027575,-3.371381396805515
75,3,3190.833333333333,209.0,245,True,-1.3057150015659265,-1.3057150015659265,-2.611430003131853
76,0,3171.1666666666665,179.0,246,True,-1.186164985906672,-1.186164985906672,-2.372329971813344
76,1,3174.833333333333,209.0,246,True,-1.303237582211088,-1.303237582211088,-2.606475164422176
76,2,3460.1666666666665,557.0,253,True,-2.69887453805199,-2.69887453805199,-5.39774907610398
76,3,3314.1666666666665,365.0,250,True,-1.9306370184779207,-1.9306370184779207,-3.8612740369558414
77,0,3315.1666666666665,155.0,246,True,-1.1152578766050756,-1.1152578766050756,-2.230515753210151
77,1,3420.1666666666665,365.0,250,True,-1.9470499217037294,-1.9470499217037294,-3.8940998434074587
77,2,3258.1666666666665,365.0,250,True,-1.9219660507359864,-1.9219660507359864,-3.8439321014719727
77,3,3871.0,383.0,250,True,-2.0867592859379913,-2.0867592859379913,-4.173518571875983
78,0,3382.1666666666665,155.0,246,True,-1.1256320701534632,-1.1256320701534632,-2.2512641403069265
78,1,3368.1666666666665,344.0,249,True,-1.8574449107422506,-1.8574449107422506,-3.714889821484501
78,2,3378.3333333333335,344.0,249,True,-1.8590191042906383,-1.8590191042906383,-3.7180382085812766
78,3,3318.0,248.0,247,True,-1.4768616348261838,-1.4768616348261838,-2.9537232696523676
79,0,3420.833333333333,281.0,248,True,-1.6209395552771695,-1.6209395552771695,-3.241879110554339
79,1,3521.0,344.0,249,True,-1.881109426871283,-1.881109426871283,-3.762218853742566
79,2,3525.1666666666665,155.0,246,True,-1.1477740056373338,-1.1477740056373338,-2.2955480112746676
79,3,3912.333333333333,161.0,246,True,-1.2310233636078924,-1.2310233636078924,-2.462046727215785
80,0,3612.9999999999995,320.0,248,True,-1.8021507046664582,-1.8021507046664582,-3.6043014093329164
80,1,3650.9999999999995,383.0,250,True,-2.052694769808959,-2.052694769808959,-4.105389539617918
80,2,3870.0,383.0,250,True,-2.086604447228311,-2.086604447228311,-4.173208894456622
80,3,3771.0,383.0,250,True,-2.071275414970248,-2.071275414970248,-4.142550829940496
81,0,3345.833333333333,344.0,249,True,-1.853986846226121,-1.853986846226121,-3.707973692452242
81,1,3532.3333333333335,344.0,249,True,-1.88286426558096,-1.88286426558096,-3.76572853116192
81,2,3423.1666666666665,347.0,250,True,-1.8776115252114005,-1.8776115252114005,-3.755223050422801
81,3,3434.1666666666665,152.0,244,True,-1.122033197619795,-1.122033197619795,-2.24406639523959
82,0,3224.833333333333,209.0,246,True,-1.310979517694959,-1.310979517694959,-2.621959035389918
82,1,3255.1666666666665,155.0,246,True,-1.1059675540244303,-1.1059675540244303,-2.2119351080488605
82,2,3652.9999999999995,287.0,248,True,-1.6801889132477306,-1.6801889132477306,-3.360377826495461
82,3,3823.9999999999995,383.0,250,True,-2.0794818665831536,-2.0794818665831536,-4.158963733166307
83,0,3219.1666666666665,209.0,245,True,-1.3101020983401204,-1.3101020983401204,-2.6202041966802407
83,1,3155.1666666666665,209.0,246,True,-1.3001924209207654,-1.3001924209207654,-2.6003848418415307
83,2,3262.1666666666665,155.0,246,True,-1.1070514249921724,-1.1070514249921724,-2.2141028499843447
83,3,3197.833333333333,209.0,246,True,-1.306798872533669,-1.306798872533669,-2.613597745067338
84,0,3415.1666666666665,365.0,250,True,-1.9462757281553411,-1.9462757281553411,-3.8925514563106822
84,1,3352.833333333333,365.0,250,True,-1.9366241152521144,-1.9366241152521144,-3.873248230504229
84,2,3228.1666666666665,152.0,245,True,-1.0901364234262456,-1.0901364234262456,-2.1802728468524912
84,3,3415.833333333333,365.0,250,True,-1.9463789539617913,-1.9463789539617913,-3.8927579079235826
85,0,3030.1666666666665,83.0,244,True,-0.7915171938615743,-0.7915171938615743,-1.5830343877231485
85,1,3467.1666666666665,344.0,249,True,-1.8727739430003152,-1.8727739430003152,-3.7455478860006304
85,2,3210.833333333333,209.0,246,True,-1.3088117757594755,-1.3088117757594755,-2.617623551518951
85,3,3334.0,248.0,247,True,-1.4793390541810223,-1.4793390541810223,-2.9586781083620446
86,0,3658.9999999999995,383.0,250,True,-2.0539334794863784,-2.0539334794863784,-4.107866958972757
86,1,3622.333333333333,224.0,247,True,-1.4307803319761982,-1.4307803319761982,-2.8615606639523965
86,2,3534.833333333333,554.0,253,True,-2.6987853429376765,-2.6987853429376765,-5.397570685875353
86,3,3719.9999999999995,383.0,250,True,-2.0633786407767025,-2.0633786407767025,-4.126757281553405
87,0,3277.1666666666665,332.0,249,True,-1.7967526464140307,-1.7967526464140307,-3.5935052928280613
87,1,3155.833333333333,209.0,246,True,-1.3002956467272166,-1.3002956467272166,-2.6005912934544333
87,2,3267.833333333333,344.0,249,True,-1.8419094268712817,-1.8419094268712817,-3.6838188537425633
87,3,3004.0,83.0,244,True,-0.7874655809583481,-0.7874655809583481,-1.5749311619166961
88,0,3237.1666666666665,122.0,245,True,-0.9750251174444113,-0.9750251174444113,-1.9500502348888227
88,1,3209.1666666666665,209.0,246,True,-1.308553711243346,-1.308553711243346,-2.617107422486692
88,2,3099.0,146.0,245,True,-1.0468354525524597,-1.0468354525524597,-2.0936709051049194
88,3,3323.1666666666665,152.0,245,True,-1.1048461008456012,-1.1048461008456012,-2.2096922016912024
89,0,3287.0,152.0,245,True,-1.0992461008456011,-1.0992461008456011,-2.1984922016912023
89,1,3303.0,152.0,245,True,-1.1017235202004398,-1.1017235202004398,-2.2034470404008797
89,2,3268.1666666666665,365.0,250,True,-1.9235144378327587,-1.9235144378327587,-3.8470288756655173
89,3,3162.833333333333,266.0,247,True,-1.5227387409959303,-1.5227387409959303,-3.0454774819918606
90,0,3272.0,89.0,244,True,-0.8522633260256833,-0.8522633260256833,-1.7045266520513667
90,1,3350.1666666666665,89.0,244,True,-0.8643665518321342,-0.8643665518321342,-1.7287331036642684
90,2,3252.1666666666665,89.0,244,True,-0.8491923582837465,-0.8491923582837465,-1.698384716567493
90,3,3244.1666666666665,89.0,244,True,-0.8479536486063277,-0.8479536486063277,-1.6959072972126554
91,0,3184.0,209.0,246,True,-1.3046569370497985,-1.3046569370497985,-2.609313874099597
91,1,3443.3333333333335,155.0,246,True,-1.1351030378953983,-1.1351030378953983,-2.2702060757907967
91,2,3138.0,242.0,245,True,-1.4256896962104624,-1.4256896962104624,-2.8513793924209248
91,3,3147.0,209.0,246,True,-1.2989279047917341,-1.2989279047917341,-2.5978558095834683
92,0,3797.9999999999995,383.0,250,True,-2.075456060131541,-2.075456060131541,-4.150912120263082
92,1,3663.9999999999995,287.0,248,True,-1.681892139054181,-1.681892139054181,-3.363784278108362
92,2,3285.1666666666665,89.0,244,True,-0.8543020357031021,-0.8543020357031021,-1.7086040714062043
92,3,3246.0,152.0,245,True,-1.0928977137488276,-1.0928977137488276,-2.185795427497655
93,0,3101.833333333333,266.0,247,True,-1.5132935797056055,-1.5132935797056055,-3.026587159411211
93,1,3341.1666666666665,365.0,250,True,-1.9348176636392111,-1.9348176636392111,-3.8696353272784223
93,2,3473.833333333333,554.0,252,True,-2.6893401816473532,-2.6893401816473532,-5.3786803632947064
93,3,3298.1666666666665,428.0,251,True,-2.172819793297839,-2.172819793297839,-4.345639586595678
94,0,3262.1666666666665,332.0,248,True,-1.7944300657688694,-1.7944300657688694,-3.588860131537739
94,1,3480.833333333333,650.0,255,True,-3.0632395865956794,-3.0632395865956794,-6.126479173191359
94,2,3412.1666666666665,557.0,254,True,-2.691442279987474,-2.691442279987474,-5.382884559974948
94,3,3371.833333333333,587.0,253,True,-2.801701973066082,-2.801701973066082,-5.603403946132164
95,0,3401.833333333333,620.0,255,True,-2.9345024741622305,-2.9345024741622305,-5.869004948324461
95,1,3573.833333333333,845.0,260,True,-3.834921139993738,-3.834921139993738,-7.669842279987476
95,2,3521.1666666666665,749.0,258,True,-3.453950767303475,-3.453950767303475,-6.90790153460695
95,3,3608.833333333333,749.0,257,True,-3.467524960851864,-3.467524960851864,-6.935049921703728
96,0,3442.1666666666665,620.0,254,True,-2.940747635452554,-2.940747635452554,-5.881495270905108
96,1,3679.833333333333,908.0,259,True,-4.095994237394301,-4.095994237394301,-8.191988474788602
96,2,3390.833333333333,557.0,253,True,-2.6881390541810246,-2.6881390541810246,-5.376278108362049
96,3,3473.833333333333,683.0,256,True,-3.1903110554337606,-3.1903110554337606,-6.380622110867521
97,0,3236.833333333333,332.0,249,True,-1.790507485123709,-1.790507485123709,-3.581014970247418
97,1,3261.1666666666665,332.0,248,True,-1.7942752270591926,-1.7942752270591926,-3.5885504541183852
97,2,3321.833333333333,461.0,252,True,-2.304639649232698,-2.304639649232698,-4.609279298465396
97,3,3438.833333333333,554.0,251,True,-2.683920826808646,-2.683920826808646,-5.367841653617292
98,0,3106.1666666666665,308.0,249,True,-1.6770713435640483,-1.6770713435640483,-3.3541426871280966
98,1,3198.833333333333,209.0,246,True,-1.3069537112433454,-1.3069537112433454,-2.6139074224866907
98,2,3374.833333333333,491.0,251,True,-2.4293509552145327,-2.4293509552145327,-4.858701910429065
98,3,3151.1666666666665,203.0,246,True,-1.2762720952082685,-1.2762720952082685,-2.552544190416537
99,0,3223.833333333333,299.0,248,True,-1.660339242092077,-1.660339242092077,-3.320678484184154
99,1,3271.833333333333,332.0,248,True,-1.7959268399624178,-1.7959268399624178,-3.5918536799248355
99,2,3174.0,209.0,246,True,-1.3031085499530237,-1.3031085499530237,-2.6062170999060474
99,3,3397.833333333333,332.0,249,True,-1.8154365173817726,-1.8154365173817726,-3.630873034763545
100,0,3343.833333333333,332.0,248,True,-1.8070752270591925,-1.8070752270591925,-3.614150454118385
100,1,3350.1666666666665,365.0,250,True,-1.9362112120263062,-1.9362112120263062,-3.8724224240526124
100,2,3408.833333333333,332.0,249,True,-1.8171397431882248,-1.8171397431882248,-3.6342794863764496
100,3,3343.833333333333,332.0,249,True,-1.807075227059193,-1.807075227059193,-3.614150454118386
101,0,3256.1666666666665,89.0,244,True,-0.8498117131224572,-0.8498117131224572,-1.6996234262449144
101,1,3355.333333333333,224.0,246,True,-1.3894383964923283,-1.3894383964923283,-2.7788767929846565
101,2,3372.0,89.0,244,True,-0.8677471969934255,-0.8677471969934255,-1.735494393986851
101,3,3409.1666666666665,128.0,245,True,-1.0249583463827128,-1.0249583463827128,-2.0499166927654255
102,0,3318.1666666666665,89.0,244,True,-0.8594117131224563,-0.8594117131224563,-1.7188234262449127
102,1,3322.833333333333,305.0,247,True,-1.6989692452239282,-1.6989692452239282,-3.3979384904478565
102,2,3116.833333333333,209.0,246,True,-1.2942569370497978,-1.2942569370497978,-2.5885138740995957
102,3,3358.0,383.0,250,True,-2.0073270278734756,-2.0073270278734756,-4.014654055746951
103,0,3132.833333333333,209.0,246,True,-1.2967343564046359,-1.2967343564046359,-2.5934687128092717
103,1,3376.0,401.0,249,True,-2.0800170372690276,-2.0800170372690276,-4.160034074538055
103,2,3556.833333333333,554.0,253,True,-2.702191794550582,-2.702191794550582,-5.404383589101164
103,3,3226.1666666666665,224.0,246,True,-1.3694383964923282,-1.3694383964923282,-2.7388767929846565
104,0,3158.833333333333,209.0,246,True,-1.300760162856249,-1.300760162856249,-2.601520325712498
104,1,3161.833333333333,146.0,245,True,-1.0565644848105247,-1.0565644848105247,-2.1131289696210493
104,2,3130.833333333333,209.0,246,True,-1.2964246789852814,-1.2964246789852814,-2.5928493579705627
104,3,3268.833333333333,266.0,247,True,-1.539151644221736,-1.539151644221736,-3.078303288443472
105,0,3331.1666666666665,320.0,248,True,-1.7585119949890389,-1.7585119949890389,-3.5170239899780777
105,1,3431.1666666666665,266.0,245,True,-1.5642871280927053,-1.5642871280927053,-3.1285742561854106
105,2,3177.1666666666665,209.0,245,True,-1.3035988725336671,-1.3035988725336671,-2.6071977450673343
105,3,3351.1666666666665,203.0,245,True,-1.307239837143753,-1.307239837143753,-2.614479674287506
106,0,3187.833333333333,209.0,246,True,-1.3052504854368943,-1.3052504854368943,-2.6105009708737885
106,1,3534.0,248.0,247,True,-1.5103067961165066,-1.5103067961165066,-3.0206135922330133
106,2,3179.0,209.0,246,True,-1.3038827435014104,-1.3038827435014104,-2.607765487002821
106,3,3282.1666666666665,122.0,245,True,-0.981992859379895,-0.981992859379895,-1.96398571875979
107,0,3197.0,209.0,246,True,-1.3066698402756038,-1.3066698402756038,-2.6133396805512077
107,1,3175.833333333333,266.0,247,True,-1.5247516442217361,-1.5247516442217361,-3.0495032884434723
107,2,3179.1666666666665,209.0,246,True,-1.3039085499530232,-1.3039085499530232,-2.6078170999060464
107,3,3135.833333333333,209.0,246,True,-1.2971988725336692,-1.2971988725336692,-2.5943977450673383
108,0,3303.0,152.0,245,True,-1.10172352020044,-1.10172352020044,-2.20344704040088
108,1,3122.0,209.0,246,True,-1.2950569370497973,-1.2950569370497973,-2.5901138740995946
108,2,3320.0,152.0,245,True,-1.1043557782649556,-1.1043557782649556,-2.208711556529911
108,3,3219.833333333333,266.0,247,True,-1.5315645474475426,-1.5315645474475426,-3.063129094895085
109,0,3629.0,344.0,249,True,-1.8978320075164434,-1.8978320075164434,-3.795664015032887
109,1,3559.833333333333,305.0,248,True,-1.7356660194174762,-1.7356660194174762,-3.4713320388349524
109,2,3535.3333333333335,122.0,245,True,-1.021192859379895,-1.021192859379895,-2.04238571875979
109,3,3514.0,287.0,248,True,-1.6586663326025677,-1.6586663326025677,-3.3173326652051354
110,0,3296.833333333333,248.0,247,True,-1.4735842154713452,-1.4735842154713452,-2.9471684309426904
110,1,3733.0,416.0,251,True,-2.1935468838083296,-2.1935468838083296,-4.387093767616659
110,2,3443.0,185.0,246,True,-1.2515562793611028,-1.2515562793611028,-2.5031125587222056
110,3,3447.3333333333335,194.0,247,True,-1.2871787034137185,-1.2871787034137185,-2.574357406827437
111,0,3619.833333333333,395.0,250,True,-2.0944709051049197,-2.0944709051049197,-4.1889418102098395
111,1,3732.0,383.0,250,True,-2.065236705292829,-2.065236705292829,-4.130473410585658
111,2,3509.0,344.0,249,True,-1.8792513623551519,-1.8792513623551519,-3.7585027247103038
111,3,3583.1666666666665,155.0,246,True,-1.1567546507986235,-1.1567546507986235,-2.313509301597247
112,0,3755.9999999999995,383.0,250,True,-2.068952834325089,-2.068952834325089,-4.137905668650178
112,1,3566.9999999999995,287.0,248,True,-1.6668727842154722,-1.6668727842154722,-3.3337455684309445
112,2,3576.0,344.0,249,True,-1.8896255559035402,-1.8896255559035402,-3.7792511118070804
112,3,3074.1666666666665,146.0,245,True,-1.0429902912621358,-1.0429902912621358,-2.0859805825242717
113,0,3095.0,146.0,245,True,-1.0462160977137505,-1.0462160977137505,-2.092432195427501
113,1,3165.833333333333,209.0,246,True,-1.3018440338239918,-1.3018440338239918,-2.6036880676479837
113,2,3585.0,344.0,249,True,-1.8910191042906381,-1.8910191042906381,-3.7820382085812763
113,3,3190.0,209.0,246,True,-1.305585969307862,-1.305585969307862,-2.611171938615724
114,0,3198.0,209.0,246,True,-1.306824678985282,-1.306824678985282,-2.613649357970564
114,1,3554.9999999999995,320.0,249,True,-1.7931700595051678,-1.7931700595051678,-3.5863401190103357
114,2,3450.0,344.0,249,True,-1.8701158784841854,-1.8701158784841854,-3.7402317569683707
114,3,3491.0,344.0,249,True,-1.876464265580959,-1.876464265580959,-3.752928531161918
115,0,3520.0,344.0,249,True,-1.8809545881616043,-1.8809545881616043,-3.7619091763232086
115,1,3147.1666666666665,83.0,244,True,-0.8096333228938309,-0.8096333228938309,-1.6192666457876619
115,2,3644.0,344.0,249,True,-1.9001545881616038,-1.9001545881616038,-3.8003091763232075
115,3,3774.0,383.0,250,True,-2.071739931099278,-2.071739931099278,-4.143479862198556
116,0,3275.833333333333,266.0,246,True,-1.5402355151894775,-1.5402355151894775,-3.080471030378955
116,1,3429.1666666666665,122.0,245,True,-1.004754149702475,-1.004754149702475,-2.00950829940495
116,2,3257.833333333333,209.0,246,True,-1.3160891951143134,-1.3160891951143134,-2.632178390228627
116,3,3238.833333333333,266.0,247,True,-1.5345064829314137,-1.5345064829314137,-3.0690129658628273
117,0,3486.0,344.0,248,True,-1.8756900720325718,-1.8756900720325718,-3.7513801440651435
117,1,3231.833333333333,266.0,247,True,-1.533422611963673,-1.533422611963673,-3.066845223927346
117,2,3271.0,308.0,249,True,-1.7025939242092087,-1.7025939242092087,-3.4051878484184175
117,3,3235.0,209.0,246,True,-1.3125537112433452,-1.3125537112433452,-2.6251074224866904
118,0,3535.833333333333,344.0,249,True,-1.8834062010648303,-1.8834062010648303,-3.7668124021296605
118,1,3684.0,344.0,249,True,-1.9063481365487012,-1.9063481365487012,-3.8126962730974023
118,2,3532.0,344.0,249,True,-1.882812652677735,-1.882812652677735,-3.76562530535547
118,3,3582.833333333333,344.0,249,True,-1.8906836204196689,-1.8906836204196689,-3.7813672408393377
119,0,3346.1666666666665,365.0,250,True,-1.9355918571875983,-1.9355918571875983,-3.8711837143751966
119,1,4009.9999999999995,671.0,256,True,-3.2267284685249007,-3.2267284685249007,-6.453456937049801
119,2,3895.9999999999995,383.0,250,True,-2.0906302536799273,-2.0906302536799273,-4.1812605073598546
119,3,3475.1666666666665,155.0,246,True,-1.1400320701534632,-1.1400320701534632,-2.2800641403069264
120,0,3864.9999999999995,383.0,250,True,-2.0858302536799265,-2.0858302536799265,-4.171660507359853
120,1,3588.9999999999995,320.0,249,True,-1.7984345756341997,-1.7984345756341997,-3.5968691512683995
120,2,3778.9999999999995,383.0,250,True,-2.0725141246476673,-2.0725141246476673,-4.1450282492953345
120,3,3700.0,344.0,249,True,-1.9088255559035414,-1.9088255559035414,-3.817651111807083
121,0,3662.0,344.0,249,True,-1.9029416849357994,-1.9029416849357994,-3.805883369871599
121,1,3628.0,344.0,249,True,-1.8976771688067668,-1.8976771688067668,-3.7953543376135337
121,2,3210.0,209.0,246,True,-1.3086827435014097,-1.3086827435014097,-2.6173654870028193
121,3,3215.833333333333,209.0,246,True,-1.309585969307862,-1.309585969307862,-2.619171938615724
122,0,3544.9999999999995,383.0,250,True,-2.036281866583151,-2.036281866583151,-4.072563733166302
122,1,3500.0,185.0,246,True,-1.260382085812717,-1.260382085812717,-2.520764171625434
122,2,3653.0,344.0,249,True,-1.9015481365487015,-1.9015481365487015,-3.803096273097403
122,3,3762.833333333333,344.0,249,True,-1.918554588161605,-1.918554588161605,-3.83710917632321
123,0,3461.833333333333,554.0,253,True,-2.6874821171312253,-2.6874821171312253,-5.374964234262451
123,1,3582.0,248.0,247,True,-1.5177390541810223,-1.5177390541810223,-3.0354781083620446
123,2,3214.833333333333,269.0,247,True,-1.5424408393360487,-1.5424408393360487,-3.0848816786720974
123,3,3474.833333333333,554.0,253,True,-2.6894950203570325,-2.6894950203570325,-5.378990040714065
124,0,3727.0,344.0,249,True,-1.9130062010648308,-1.9130062010648308,-3.8260124021296615
124,1,3266.833333333333,332.0,249,True,-1.7951526464140317,-1.7951526464140317,-3.5903052928280634
124,2,3311.833333333333,248.0,247,True,-1.4759067961165053,-1.4759067961165053,-2.9518135922330107
124,3,3373.0,248.0,247,True,-1.4853777638584416,-1.4853777638584416,-2.970755527716883
125,0,3789.0,344.0,249,True,-1.9226062010648288,-1.9226062010648288,-3.8452124021296576
125,1,3735.0,344.0,249,True,-1.914244910742248,-1.914244910742248,-3.828489821484496
125,2,3711.9999999999995,224.0,247,True,-1.4446642029439412,-1.4446642029439412,-2.8893284058878823
125,3,3618.833333333333,344.0,249,True,-1.896257813968057,-1.896257813968057,-3.792515627936114
126,0,3383.833333333333,365.0,250,True,-1.9414241152521154,-1.9414241152521154,-3.882848230504231
126,1,3171.0,209.0,246,True,-1.302644033823991,-1.302644033823991,-2.605288067647982
126,2,3666.833333333333,344.0,249,True,-1.9036900720325713,-1.9036900720325713,-3.8073801440651427
126,3,3637.833333333333,344.0,249,True,-1.899199749451928,-1.899199749451928,-3.798399498903856
127,0,3196.0,146.0,245,True,-1.0618548073911698,-1.0618548073911698,-2.1237096147823395
127,1,3088.0,146.0,245,True,-1.0451322267460084,-1.0451322267460084,-2.0902644534920167
127,2,3707.833333333333,344.0,249,True,-1.9100384591293458,-1.9100384591293458,-3.8200769182586916
127,3,3410.3333333333335,122.0,245,True,-1.0018380206702175,-1.0018380206702175,-2.003676041340435
128,0,3046.833333333333,209.0,245,True,-1.283418227372378,-1.283418227372378,-2.566836454744756
128,1,3684.9999999999995,383.0,250,True,-2.057959285937991,-2.057959285937991,-4.115918571875982
128,2,3646.9999999999995,383.0,250,True,-2.0520754149702487,-2.0520754149702487,-4.104150829940497
128,3,3230.833333333333,209.0,246,True,-1.3119085499530239,-1.3119085499530239,-2.6238170999060477
129,0,3745.833333333333,344.0,249,True,-1.915922330097088,-1.915922330097088,-3.831844660194176
129,1,3251.0,146.0,245,True,-1.0703709364234273,-1.0703709364234273,-2.1407418728468546
129,2,3275.1666666666665,365.0,250,True,-1.9245983088005023,-1.9245983088005023,-3.8491966176010046
129,3,3421.1666666666665,155.0,246,True,-1.1316707798308818,-1.1316707798308818,-2.2633415596617636
130,0,3710.0,344.0,249,True,-1.9103739430003142,-1.9103739430003142,-3.8207478860006283
130,1,3380.833333333333,554.0,252,True,-2.6749401816473535,-2.6749401816473535,-5.349880363294707
130,2,3316.833333333333,305.0,247,True,-1.698040212965863,-1.698040212965863,-3.396080425931726
130,3,3213.1666666666665,83.0,244,True,-0.819852677732541,-0.819852677732541,-1.639705355465082
131,0,3423.833333333333,554.0,253,True,-2.6815982461634826,-2.6815982461634826,-5.363196492326965
131,1,3311.1666666666665,365.0,250,True,-1.9301725023488894,-1.9301725023488894,-3.8603450046977787
131,2,3130.833333333333,209.0,246,True,-1.2964246789852807,-1.2964246789852807,-2.5928493579705614
131,3,3111.833333333333,209.0,246,True,-1.293482743501411,-1.293482743501411,-2.586965487002822
132,0,3148.833333333333,209.0,246,True,-1.2992117757594743,-1.2992117757594743,-2.5984235515189487
132,1,3279.833333333333,365.0,249,True,-1.9253208894456622,-1.9253208894456622,-3.8506417788913243
132,2,3571.1666666666665,155.0,246,True,-1.154896586282495,-1.154896586282495,-2.30979317256499
132,3,3706.0,344.0,249,True,-1.9097545881616045,-1.9097545881616045,-3.819509176323209
133,0,3099.833333333333,146.0,245,True,-1.0469644848105248,-1.0469644848105248,-2.0939289696210497
133,1,3312.0,209.0,246,True,-1.3244762918885076,-1.3244762918885076,-2.648952583777015
133,2,3342.1666666666665,365.0,250,True,-1.934972502348888,-1.934972502348888,-3.869945004697776
133,3,3655.0,344.0,249,True,-1.901857813968057,-1.901857813968057,-3.803715627936114
134,0,3089.0,146.0,245,True,-1.045287065455686,-1.045287065455686,-2.090574130911372
134,1,3308.1666666666665,275.0,248,True,-1.5801934231130603,-1.5801934231130603,-3.1603868462261206
134,2,3343.833333333333,497.0,252,True,-2.447851926088319,-2.447851926088319,-4.895703852176638
134,3,3294.9999999999995,320.0,249,True,-1.7529119949890402,-1.7529119949890402,-3.5058239899780803
135,0,3105.833333333333,266.0,246,True,-1.513912934544317,-1.513912934544317,-3.027825869088634
135,1,3169.833333333333,332.0,249,True,-1.780133291575321,-1.780133291575321,-3.560266583150642
135,2,3252.833333333333,209.0,246,True,-1.315315001565927,-1.315315001565927,-2.630630003131854
135,3,3559.3333333333335,281.0,248,True,-1.642384716567493,-1.642384716567493,-3.284769433134986
136,0,3352.833333333333,281.0,248,True,-1.6104105230191061,-1.6104105230191061,-3.2208210460382123
136,1,3404.833333333333,344.0,249,True,-1.8631223300970876,-1.8631223300970876,-3.726244660194175
136,2,3150.1666666666665,269.0,247,True,-1.5324279361102415,-1.5324279361102415,-3.064855872220483
136,3,3653.0,281.0,248,True,-1.6568879423739442,-1.6568879423739442,-3.3137758847478884
137,0,3484.0,338.0,249,True,-1.8520794237394305,-1.8520794237394305,-3.704158847478861
137,1,3100.833333333333,269.0,247,True,-1.524789226432822,-1.524789226432822,-3.049578452865644
137,2,3339.0,242.0,247,True,-1.4568122768556229,-1.4568122768556229,-2.9136245537112457
137,3,3129.1666666666665,203.0,246,True,-1.2728656435953651,-1.2728656435953651,-2.5457312871907303
138,0,3083.833333333333,209.0,246,True,-1.2891472596304427,-1.2891472596304427,-2.5782945192608855
138,1,3364.833333333333,395.0,250,True,-2.054987034137175,-2.054987034137175,-4.10997406827435
138,2,3358.1666666666665,365.0,250,True,-1.9374499217037264,-1.9374499217037264,-3.874899843407453
138,3,3102.833333333333,266.0,246,True,-1.5134484184152848,-1.5134484184152848,-3.0268968368305695
139,0,3128.833333333333,203.0,246,True,-1.2728140306921392,-1.2728140306921392,-2.5456280613842783
139,1,3180.0,146.0,245,True,-1.0593773880363304,-1.0593773880363304,-2.118754776072661
139,2,3150.0,209.0,246,True,-1.2993924209207652,-1.2993924209207652,-2.5987848418415305
139,3,3157.833333333333,146.0,245,True,-1.0559451299718143,-1.0559451299718143,-2.1118902599436287
140,0,3064.833333333333,305.0,248,True,-1.6590208581271535,-1.6590208581271535,-3.318041716254307
140,1,3088.833333333333,266.0,247,True,-1.5112806764798,-1.5112806764798,-3.0225613529596
140,2,3233.833333333333,242.0,247,True,-1.4405284058878807,-1.4405284058878807,-2.8810568117757613
140,3,3280.0,248.0,247,True,-1.4709777638584411,-1.4709777638584411,-2.9419555277168823
141,0,3195.0,146.0,245,True,-1.0616999686814912,-1.0616999686814912,-2.1233999373629824
141,1,3247.1666666666665,305.0,248,True,-1.687253116191671,-1.687253116191671,-3.374506232383342
141,2,3505.833333333333,554.0,253,True,-2.6942950203570315,-2.6942950203570315,-5.388590040714063
141,3,3154.1666666666665,248.0,246,True,-1.4514938928906997,-1.4514938928906997,-2.9029877857813995
142,0,3106.0,209.0,246,True,-1.2925795176949593,-1.2925795176949593,-2.5851590353899185
142,1,3206.3333333333335,212.0,247,True,-1.319765487002819,-1.319765487002819,-2.639530974005638
142,2,3408.0,440.0,251,True,-2.236428186658316,-2.236428186658316,-4.472856373316632
142,3,3529.0,281.0,248,True,-1.6376879423739439,-1.6376879423739439,-3.2753758847478878
143,0,3295.1666666666665,236.0,247,True,-1.426724209207642,-1.426724209207642,-2.853448418415284
143,1,3037.0,146.0,245,True,-1.037235452552459,-1.037235452552459,-2.074470905104918
143,2,3600.833333333333,344.0,249,True,-1.8934707171938643,-1.8934707171938643,-3.7869414343877286
143,3,3235.333333333333,185.0,246,True,-1.2194014406514249,-1.2194014406514249,-2.4388028813028497
144,0,3458.1666666666665,155.0,246,True,-1.1373998120889472,-1.1373998120889472,-2.2747996241778945
144,1,3464.0,344.0,249,True,-1.8722836204196687,-1.8722836204196687,-3.7445672408393373
144,2,3141.833333333333,209.0,246,True,-1.2981279047917333,-1.2981279047917333,-2.5962558095834667
144,3,3005.833333333333,209.0,246,True,-1.277069840275604,-1.277069840275604,-2.554139680551208
145,0,3592.0,575.0,254,True,-2.789190353899154,-2.789190353899154,-5.578380707798308
145,1,3057.833333333333,209.0,246,True,-1.2851214531788293,-1.2851214531788293,-2.5702429063576586
145,2,3382.333333333333,383.0,249,True,-2.0110947698089574,-2.0110947698089574,-4.022189539617915
145,3,3479.0,344.0,249,True,-1.8746062010648303,-1.8746062010648303,-3.7492124021296607
146,0,3472.3333333333335,434.0,250,True,-2.2230885061071093,-2.2230885061071093,-4.446177012214219
146,1,3278.9999999999995,383.0,249,True,-1.9950947698089567,-1.9950947698089567,-3.9901895396179135
146,2,3678.9999999999995,479.0,252,True,-2.429845787660508,-2.429845787660508,-4.859691575321016
146,3,3333.0,434.0,251,True,-2.201514312558721,-2.201514312558721,-4.403028625117442
147,0,3329.0,401.0,250,True,-2.072739617914188,-2.072739617914188,-4.145479235828376
147,1,3522.0,383.0,250,True,-2.0327205762605702,-2.0327205762605702,-4.0654411525211405
147,2,3360.833333333333,434.0,251,True,-2.205823989978078,-2.205823989978078,-4.411647979956156
147,3,3229.0,287.0,248,True,-1.6145373003445025,-1.6145373003445025,-3.229074600689005
148,0,3498.1666666666665,281.0,248,True,-1.6329137488255578,-1.6329137488255578,-3.2658274976511157
148,1,2939.1666666666665,146.0,245,True,-1.0220870654556857,-1.0220870654556857,-2.0441741309113715
148,2,3198.833333333333,305.0,248,True,-1.679769245223928,-1.679769245223928,-3.359538490447856
148,3,3080.1666666666665,146.0,245,True,-1.0439193235202016,-1.0439193235202016,-2.087838647040403
149,0,3485.1666666666665,155.0,246,True,-1.1415804572502366,-1.1415804572502366,-2.283160914500473
149,1,2999.833333333333,209.0,246,True,-1.2761408080175392,-1.2761408080175392,-2.5522816160350783
149,2,2981.833333333333,209.0,246,True,-1.273353711243346,-1.273353711243346,-2.546707422486692
149,3,3535.9999999999995,383.0,250,True,-2.034888318196055,-2.034888318196055,-4.06977663639211
150,0,3000.833333333333,266.0,247,True,-1.4976548700281884,-1.4976548700281884,-2.995309740056377
150,1,3039.833333333333,203.0,246,True,-1.25903338553085,-1.25903338553085,-2.5180667710617
150,2,2982.833333333333,209.0,246,True,-1.2735085499530228,-1.2735085499530228,-2.5470170999060455
150,3,3147.1666666666665,236.0,247,True,-1.4038080801753843,-1.4038080801753843,-2.8076161603507686
151,0,3587.9999999999995,287.0,248,True,-1.6701243971186972,-1.6701243971186972,-3.3402487942373944
151,1,3362.0,344.0,249,True,-1.8564900720325739,-1.8564900720325739,-3.7129801440651478
151,2,3097.833333333333,209.0,246,True,-1.2913150015659267,-1.2913150015659267,-2.5826300031318534
151,3,3155.833333333333,203.0,246,True,-1.2769946758534294,-1.2769946758534294,-2.553989351706859
152,0,3006.0,146.0,245,True,-1.0324354525524593,-1.0324354525524593,-2.0648709051049186
152,1,3496.833333333333,344.0,249,True,-1.8773674913874112,-1.8773674913874112,-3.7547349827748224
152,2,3830.9999999999995,383.0,249,True,-2.0805657375508937,-2.0805657375508937,-4.161131475101787
152,3,3557.833333333333,344.0,249,True,-1.8868126526777338,-1.8868126526777338,-3.7736253053554676
153,0,3401.0,224.0,247,True,-1.396509364234262,-1.396509364234262,-2.793018728468524
153,1,3112.0,209.0,246,True,-1.2935085499530232,-1.2935085499530232,-2.5870170999060464
153,2,4365.0,1439.0,272,True,-6.264220482305041,-6.264220482305041,-12.528440964610082
153,3,3864.3333333333335,545.0,254,True,-2.7148532414657054,-2.7148532414657054,-5.429706482931411
154,0,3882.0,641.0,256,True,-3.090404259317256,-3.090404259317256,-6.180808518634512
154,1,3919.0,857.0,259,True,-3.9349682430316317,-3.9349682430316317,-7.8699364860632635
154,2,4042.833333333333,824.0,259,True,-3.825987096774196,-3.825987096774196,-7.651974193548392
154,3,3761.0,569.0,254,True,-2.7920571249608535,-2.7920571249608535,-5.584114249921707
155,0,4508.333333333333,1154.0,267,True,-5.179617914187287,-5.179617914187287,-10.359235828374574
155,1,3525.833333333333,914.0,261,True,-4.095450046977764,-4.095450046977764,-8.190900093955529
155,2,4408.333333333333,770.0,259,True,-3.6728719072972154,-3.6728719072972154,-7.345743814594431
155,3,4303.0,1496.0,273,True,-6.475979705606012,-6.475979705606012,-12.951959411212025
156,0,3979.9999999999995,863.0,260,True,-3.9677143751957415,-3.9677143751957415,-7.935428750391483
156,1,3813.3333333333335,1016.0,263,True,-4.536082680864391,-4.536082680864391,-9.072165361728782
156,2,4271.0,1343.0,270,True,-5.876850109614787,-5.876850109614787,-11.753700219229573
156,3,3330.1666666666665,683.0,255,True,-3.1680658941434396,-3.1680658941434396,-6.336131788286879
157,0,3842.833333333333,1016.0,263,True,-4.540650422799876,-4.540650422799876,-9.081300845599753
157,1,3943.0,920.0,259,True,-4.183344566238647,-4.183344566238647,-8.366689132477294
157,2,3882.0,953.0,262,True,-4.302054744754148,-4.302054744754148,-8.604109489508296
157,3,4108.0,1208.0,266,True,-5.3273395552771685,-5.3273395552771685,-10.654679110554337
158,0,3770.833333333333,728.0,256,True,-3.4110554337613537,-3.4110554337613537,-6.822110867522707
158,1,3857.0,953.0,262,True,-4.298183777012214,-4.298183777012214,-8.596367554024429
158,2,3739.833333333333,1010.0,263,True,-4.501401064829314,-4.501401064829314,-9.002802129658628
158,3,3840.833333333333,824.0,258,True,-3.7947096774193536,-3.7947096774193536,-7.589419354838707
159,0,3758.833333333333,824.0,259,True,-3.7820129032258083,-3.7820129032258083,-7.564025806451617
159,1,3554.833333333333,761.0,258,True,-3.5057656122768557,-3.5057656122768557,-7.011531224553711
159,2,3678.833333333333,779.0,258,True,-3.5948685248982173,-3.5948685248982173,-7.189737049796435
159,3,3577.9999999999995,728.0,257,True,-3.3811973692452226,-3.3811973692452226,-6.762394738490445
160,0,3648.0,1016.0,263,True,-4.510482680864389,-4.510482680864389,-9.020965361728779
160,1,3856.9999999999995,671.0,256,True,-3.203038145944254,-3.203038145944254,-6.406076291888508
160,2,3655.1666666666665,1073.0,264,True,-4.732951581584715,-4.732951581584715,-9.46590316316943
160,3,3920.833333333333,1112.0,265,True,-4.925543376135295,-4.925543376135295,-9.85108675227059
161,0,3333.1666666666665,434.0,251,True,-2.201540119010337,-2.201540119010337,-4.403080238020674
161,1,3489.9999999999995,728.0,257,True,-3.367571562793615,-3.367571562793615,-6.73514312558723
161,2,3362.833333333333,881.0,260,True,-3.942055997494518,-3.942055997494518,-7.884111994989036
161,3,3561.3333333333335,692.0,257,True,-3.2388108988412156,-3.2388108988412156,-6.477621797682431
162,0,3543.833333333333,824.0,259,True,-3.7487225806451647,-3.7487225806451647,-7.4974451612903295
162,1,3466.1666666666665,539.0,254,True,-2.629900657688698,-2.629900657688698,-5.259801315377396
162,2,3647.0,881.0,260,True,-3.9860559974945184,-3.9860559974945184,-7.972111994989037
162,3,3260.1666666666665,467.0,252,True,-2.31839223300971,-2.31839223300971,-4.63678446601942
163,0,3395.833333333333,593.0,253,True,-2.828719072972127,-2.828719072972127,-5.657438145944254
163,1,3231.833333333333,440.0,251,True,-2.2091507673034774,-2.2091507673034774,-4.418301534606955
163,2,3334.1666666666665,530.0,253,True,-2.5745104917005976,-2.5745104917005976,-5.149020983401195
163,3,3441.1666666666665,500.0,253,True,-2.4745733792671465,-2.4745733792671465,-4.949146758534293
164,0,3589.1666666666665,689.0,256,True,-3.231470090823677,-3.231470090823677,-6.462940181647354
164,1,3533.3333333333335,692.0,257,True,-3.234475414970247,-3.234475414970247,-6.468950829940494
164,2,3347.1666666666665,404.0,251,True,-2.0872030065768876,-2.0872030065768876,-4.174406013153775
164,3,3252.3333333333335,371.0,250,True,-1.9443637958033202,-1.9443637958033202,-3.8887275916066404
165,0,3471.1666666666665,557.0,254,True,-2.7005777638584405,-2.7005777638584405,-5.401155527716881
165,1,3371.1666666666665,536.0,253,True,-2.6035404948324463,-2.6035404948324463,-5.207080989664893
165,2,3398.1666666666665,443.0,252,True,-2.2465560914500466,-2.2465560914500466,-4.493112182900093
165,3,3419.1666666666665,500.0,253,True,-2.4711669276542447,-2.4711669276542447,-4.9423338553084895
166,0,3389.1666666666665,416.0,250,True,-2.140308174130912,-2.140308174130912,-4.280616348261824
166,1,3314.1666666666665,365.0,250,True,-1.9306370184779227,-1.9306370184779227,-3.8612740369558454
166,2,3321.1666666666665,371.0,250,True,-1.9550218603194494,-1.9550218603194494,-3.9100437206388987
166,3,3302.1666666666665,404.0,251,True,-2.0802352646414053,-2.0802352646414053,-4.160470529282811
167,0,3146.833333333333,395.0,250,True,-2.021232195427499,-2.021232195427499,-4.042464390854998
167,1,3302.1666666666665,461.0,252,True,-2.301594487942377,-2.301594487942377,-4.603188975884754
167,2,3339.1666666666665,461.0,252,True,-2.3073235202004394,-2.3073235202004394,-4.614647040400879
167,3,3288.1666666666665,365.0,250,True,-1.9266112120263064,-1.9266112120263064,-3.8532224240526127
168,0,3325.1666666666665,365.0,250,True,-1.9323402442843725,-1.9323402442843725,-3.864680488568745
168,1,3282.1666666666665,365.0,250,True,-1.9256821797682426,-1.9256821797682426,-3.8513643595364853
168,2,3254.1666666666665,365.0,250,True,-1.9213466958972742,-1.9213466958972742,-3.8426933917945485
168,3,3254.1666666666665,365.0,250,True,-1.921346695897275,-1.921346695897275,-3.84269339179455
169,0,3699.1666666666665,1034.0,263,True,-4.5883081741309155,-4.5883081741309155,-9.176616348261831
169,1,3544.0,863.0,260,True,-3.9002046977763842,-3.9002046977763842,-7.8004093955527685
169,2,3610.9999999999995,824.0,258,True,-3.7591225806451645,-3.7591225806451645,-7.518245161290329
169,3,3395.1666666666665,689.0,256,True,-3.201431381146258,-3.201431381146258,-6.402862762292516
170,0,3630.9999999999995,689.0,255,True,-3.2379475101785142,-3.2379475101785142,-6.4758950203570285
170,1,3862.0,977.0,262,True,-4.392161854055747,-4.392161854055747,-8.784323708111494
170,2,3587.833333333333,593.0,254,True,-2.858448105230191,-2.858448105230191,-5.716896210460382
170,3,3635.9999999999995,728.0,256,True,-3.390178014406515,-3.390178014406515,-6.78035602881303
171,0,3679.9999999999995,593.0,254,True,-2.8727190729721293,-2.8727190729721293,-5.7454381459442585
171,1,3740.833333333333,728.0,257,True,-3.4064102724710312,-3.4064102724710312,-6.8128205449420625
171,2,3429.833333333333,554.0,251,True,-2.6825272784215493,-2.6825272784215493,-5.3650545568430985
171,3,3569.166666666667,536.0,253,True,-2.634198559348575,-2.634198559348575,-5.26839711869715
172,0,3712.8333333333335,842.0,258,True,-3.844793235202005,-3.844793235202005,-7.68958647040401
172,1,3389.1666666666665,491.0,251,True,-2.4315703100532398,-2.4315703100532398,-4.8631406201064795
172,2,3917.3333333333335,596.0,255,True,-2.9211179455057934,-2.9211179455057934,-5.842235891011587
172,3,3958.166666666667,659.0,256,True,-3.1721007203257128,-3.1721007203257128,-6.3442014406514255
173,0,3662.3333333333335,482.0,252,True,-2.4389156279361113,-2.4389156279361113,-4.8778312558722225
173,1,3320.1666666666665,536.0,252,True,-2.595643720638897,-2.595643720638897,-5.191287441277794
173,2,3825.9999999999995,785.0,258,True,-3.640956592546198,-3.640956592546198,-7.281913185092396
173,3,3419.0,593.0,253,True,-2.832306169746321,-2.832306169746321,-5.664612339492642
174,0,3356.833333333333,497.0,252,True,-2.4498648293141243,-2.4498648293141243,-4.899729658628249
174,1,3637.8333333333335,554.0,253,True,-2.7147337300344523,-2.7147337300344523,-5.429467460068905
174,2,3646.166666666667,632.0,255,True,-3.0189366739743195,-3.0189366739743195,-6.037873347948639
174,3,3337.9999999999995,440.0,251,True,-2.225589476980897,-2.225589476980897,-4.451178953961794
175,0,3383.9999999999995,383.0,250,True,-2.0113528343250877,-2.0113528343250877,-4.022705668650175
175,1,3367.3333333333335,371.0,250,True,-1.9621702474162248,-1.9621702474162248,-3.9243404948324496
175,2,3348.1666666666665,212.0,247,True,-1.3417267773254007,-1.3417267773254007,-2.6834535546508014
175,3,3406.9999999999995,377.0,250,True,-1.9916131537738806,-1.9916131537738806,-3.983226307547761
176,0,3589.833333333333,497.0,252,True,-2.485942248668963,-2.485942248668963,-4.971884497337926
176,1,3533.9999999999995,383.0,250,True,-2.0345786407766986,-2.0345786407766986,-4.069157281553397
176,2,3321.0,377.0,250,True,-1.9782970247416232,-1.9782970247416232,-3.9565940494832463
176,3,3551.9999999999995,383.0,250,True,-2.0373657375508945,-2.0373657375508945,-4.074731475101789
177,0,3264.0,89.0,244,True,-0.8510246163482628,-0.8510246163482628,-1.7020492326965255
177,1,3230.833333333333,185.0,246,True,-1.2187046664578784,-1.2187046664578784,-2.437409332915757
177,2,3363.9999999999995,287.0,248,True,-1.6354405261509561,-1.6354405261509561,-3.2708810523019123
177,3,3233.0,344.0,249,True,-1.8365158784841846,-1.8365158784841846,-3.6730317569683693
178,0,3232.1666666666665,122.0,245,True,-0.9742509238960243,-0.9742509238960243,-1.9485018477920486
178,1,3220.1666666666665,314.0,249,True,-1.7180239273410602,-1.7180239273410602,-3.4360478546821205
178,2,3388.1666666666665,377.0,250,True,-1.988697024741624,-1.988697024741624,-3.977394049483248
178,3,3091.833333333333,146.0,245,True,-1.0457257751331062,-1.0457257751331062,-2.0914515502662123
179,0,3354.0,287.0,248,True,-1.6338921390541825,-1.6338921390541825,-3.267784278108365
179,1,3368.9999999999995,383.0,250,True,-2.0090302536799256,-2.0090302536799256,-4.018060507359851
179,2,3074.833333333333,146.0,245,True,-1.0430935170685882,-1.0430935170685882,-2.0861870341371764
179,3,3263.1666666666665,155.0,246,True,-1.1072062637018487,-1.1072062637018487,-2.2144125274036974
180,0,3091.0,89.0,244,True,-0.8242375195740702,-0.8242375195740702,-1.6484750391481404
180,1,3417.9999999999995,383.0,250,True,-2.016617350454119,-2.016617350454119,-4.033234700908238
180,2,3251.1666666666665,155.0,246,True,-1.10534819918572,-1.10534819918572,-2.21069639837144
180,3,3270.9999999999995,320.0,249,True,-1.7491958659567801,-1.7491958659567801,-3.4983917319135602
181,0,3031.1666666666665,146.0,245,True,-1.0363322267460071,-1.0363322267460071,-2.0726644534920142
181,1,3056.1666666666665,179.0,246,True,-1.1683585342937688,-1.1683585342937688,-2.3367170685875376
181,2,3359.0,320.0,249,True,-1.7628216724083943,-1.7628216724083943,-3.5256433448167885
181,3,3393.9999999999995,224.0,247,True,-1.3954254932665213,-1.3954254932665213,-2.7908509865330426
182,0,3453.0,287.0,248,True,-1.6492211713122462,-1.6492211713122462,-3.2984423426244924
182,1,3364.9999999999995,224.0,247,True,-1.3909351706858761,-1.3909351706858761,-2.7818703413717523
182,2,3041.1666666666665,89.0,244,True,-0.8165213905418109,-0.8165213905418109,-1.6330427810836219
182,3,3287.0,287.0,248,True,-1.6235179455057949,-1.6235179455057949,-3.2470358910115897
183,0,3097.0,209.0,246,True,-1.2911859693078611,-1.2911859693078611,-2.5823719386157222
183,1,3451.9999999999995,383.0,250,True,-2.021881866583151,-2.021881866583151,-4.043763733166302
183,2,3138.0,89.0,244,True,-0.8315149389289085,-0.8315149389289085,-1.663029877857817
183,3,3499.0,440.0,251,True,-2.2505185092389604,-2.2505185092389604,-4.501037018477921
184,0,3300.0,224.0,247,True,-1.3808706545568437,-1.3808706545568437,-2.7617413091136873
184,1,3127.0,89.0,244,True,-0.829811713122457,-0.829811713122457,-1.659623426244914
184,2,3163.1666666666665,89.0,244,True,-0.8354117131224553,-0.8354117131224553,-1.6708234262449106
184,3,3162.0,89.0,244,True,-0.8352310679611665,-0.8352310679611665,-1.670462135922333
185,0,3353.0,416.0,251,True,-2.1347081741309113,-2.1347081741309113,-4.269416348261823
185,1,3539.0,320.0,249,True,-1.7906926401503298,-1.7906926401503298,-3.5813852803006596
185,2,3500.9999999999995,383.0,249,True,-2.029468963357344,-2.029468963357344,-4.058937926714688
185,3,3432.333333333333,287.0,248,True,-1.6460211713122466,-1.6460211713122466,-3.292042342624493
186,0,3476.0,383.0,250,True,-2.0255979956154104,-2.0255979956154104,-4.051195991230821
186,1,3504.9999999999995,383.0,250,True,-2.030088318196055,-2.030088318196055,-4.06017663639211
186,2,3149.0,89.0,244,True,-0.8332181647353605,-0.8332181647353605,-1.666436329470721
186,3,3323.0,248.0,247,True,-1.4776358283745703,-1.4776358283745703,-2.9552716567491406
187,0,3392.0,383.0,250,True,-2.012591544002507,-2.012591544002507,-4.025183088005014
187,1,3262.9999999999995,383.0,250,True,-1.9926173504541187,-1.9926173504541187,-3.9852347009082374
187,2,3400.0,344.0,249,True,-1.8623739430003141,-1.8623739430003141,-3.7247478860006282
187,3,3463.3333333333335,161.0,246,True,-1.1615007829627317,-1.1615007829627317,-2.3230015659254635
188,0,3522.0,479.0,252,True,-2.4055361102411514,-2.4055361102411514,-4.811072220482303
188,1,3335.333333333333,161.0,246,True,-1.141681428124022,-1.141681428124022,-2.283362856248044
188,2,3612.0,479.0,252,True,-2.419471594112122,-2.419471594112122,-4.838943188224244
188,3,3559.9999999999995,575.0,254,True,-2.784235515189478,-2.784235515189478,-5.568471030378956
189,0,3408.3333333333335,290.0,249,True,-1.6539555277168814,-1.6539555277168814,-3.3079110554337627
189,1,3437.0,281.0,248,True,-1.6234427810836216,-1.6234427810836216,-3.2468855621672432
189,2,3470.9999999999995,383.0,250,True,-2.024823802067023,-2.024823802067023,-4.049647604134046
189,3,3515.0,479.0,252,True,-2.40445223927341,-2.40445223927341,-4.80890447854682
190,0,3438.0,320.0,249,True,-1.7750539304729096,-1.7750539304729096,-3.550107860945819
190,1,3593.0,383.0,250,True,-2.043714124647667,-2.043714124647667,-4.087428249295334
190,2,3315.0,224.0,247,True,-1.3831932352020049,-1.3831932352020049,-2.7663864704040098
190,3,3357.9999999999995,320.0,249,True,-1.7626668336987172,-1.7626668336987172,-3.5253336673974345
191,0,3463.0,281.0,248,True,-1.6274685875352348,-1.6274685875352348,-3.2549371750704696
191,1,3542.9999999999995,479.0,252,True,-2.4087877231443775,-2.4087877231443775,-4.817575446288755
191,2,3505.0,377.0,250,True,-2.0067873473222684,-2.0067873473222684,-4.013574694644537
191,3,3271.9999999999995,320.0,249,True,-1.7493507046664571,-1.7493507046664571,-3.4987014093329143
192,0,3130.833333333333,209.0,246,True,-1.296424678985281,-1.296424678985281,-2.592849357970562
192,1,3356.9999999999995,440.0,251,True,-2.228531412464769,-2.228531412464769,-4.457062824929538
192,2,3268.1666666666665,128.0,245,True,-1.0031260883181967,-1.0031260883181967,-2.0062521766363934
192,3,3613.0,281.0,248,True,-1.6506943939868466,-1.6506943939868466,-3.301388787973693
193,0,3420.0,248.0,247,True,-1.4926551832132802,-1.4926551832132802,-2.9853103664265603
193,1,3032.833333333333,146.0,245,True,-1.036590291262137,-1.036590291262137,-2.073180582524274
193,2,3252.0,209.0,246,True,-1.3151859693078622,-1.3151859693078622,-2.6303719386157245
193,3,3506.0,281.0,248,True,-1.6341266520513629,-1.6341266520513629,-3.2682533041027257
194,0,3235.0,146.0,245,True,-1.0678935170685881,-1.0678935170685881,-2.1357870341371763
194,1,3328.833333333333,554.0,253,True,-2.6668885687441297,-2.6668885687441297,-5.333777137488259
194,2,3413.0,248.0,247,True,-1.4915713122455376,-1.4915713122455376,-2.9831426244910753
194,3,3645.0,479.0,252,True,-2.424581271531477,-2.424581271531477,-4.849162543062954
195,0,3068.833333333333,146.0,245,True,-1.0421644848105238,-1.0421644848105238,-2.0843289696210476
195,1,3162.833333333333,146.0,245,True,-1.0567193235202013,-1.0567193235202013,-2.1134386470404025
195,2,3232.833333333333,365.0,249,True,-1.9180434700908233,-1.9180434700908233,-3.8360869401816466
195,3,3511.833333333333,344.0,249,True,-1.8796900720325722,-1.8796900720325722,-3.7593801440651444
196,0,3441.0,185.0,246,True,-1.251246601941748,-1.251246601941748,-2.502493203883496
196,1,3369.3333333333335,161.0,246,True,-1.1469459442530539,-1.1469459442530539,-2.2938918885061077
196,2,3155.1666666666665,155.0,246,True,-1.090483683056688,-1.090483683056688,-2.180967366113376
196,3,3449.9999999999995,287.0,248,True,-1.6487566551832138,-1.6487566551832138,-3.2975133103664276
197,0,3253.0,248.0,247,True,-1.4667971186971507,-1.4667971186971507,-2.9335942373943014
197,1,3298.1666666666665,89.0,244,True,-0.8563149389289088,-0.8563149389289088,-1.7126298778578175
197,2,3162.0,344.0,249,True,-1.825522330097088,-1.825522330097088,-3.651044660194176
197,3,3020.0,146.0,245,True,-1.0346031944879432,-1.0346031944879432,-2.0692063889758865
198,0,3002.0,146.0,245,True,-1.0318160977137487,-1.0318160977137487,-2.0636321954274974
198,1,3116.0,146.0,245,True,-1.0494677106169754,-1.0494677106169754,-2.098935421233951
198,2,3121.0,185.0,246,True,-1.2016982148449742,-1.2016982148449742,-2.4033964296899484
198,3,3226.833333333333,365.0,249,True,-1.9171144378327603,-1.9171144378327603,-3.8342288756655205
199,0,2985.833333333333,146.0,245,True,-1.0293128719072975,-1.0293128719072975,-2.058625743814595
199,1,3063.0,185.0,246,True,-1.1927175696836843,-1.1927175696836843,-2.3854351393673685
199,2,3180.1666666666665,185.0,246,True,-1.2108595051675555,-1.2108595051675555,-2.421719010335111
199,3,3319.1666666666665,161.0,245,True,-1.1391782023175705,-1.1391782023175705,-2.278356404635141
200,0,3276.833333333333,344.0,249,True,-1.8433029752583794,-1.8433029752583794,-3.6866059505167588
200,1,3045.0,146.0,245,True,-1.038474162229879,-1.038474162229879,-2.076948324459758
200,2,3212.9999999999995,185.0,246,True,-1.2159433761352973,-1.2159433761352973,-2.4318867522705947
200,3,3198.0,287.0,248,True,-1.609737300344504,-1.609737300344504,-3.219474600689008
201,0,3152.0,185.0,246,True,-1.2064982148449743,-1.2064982148449743,-2.4129964296899487
201,1,3273.0,248.0,247,True,-1.4698938928907002,-1.4698938928907002,-2.9397877857814003
201,2,3369.0,593.0,254,True,-2.8245642342624495,-2.8245642342624495,-5.649128468524899
201,3,3121.833333333333,209.0,246,True,-1.295031130598184,-1.295031130598184,-2.590062261196368
202,0,3295.0,344.0,249,True,-1.8461158784841858,-1.8461158784841858,-3.6922317569683716
202,1,3411.333333333333,128.0,244,True,-1.0252938302536798,-1.0252938302536798,-2.0505876605073596
202,2,3300.833333333333,440.0,251,True,-2.21983463827122,-2.21983463827122,-4.43966927654244
202,3,3236.9999999999995,287.0,248,True,-1.6157760100219238,-1.6157760100219238,-3.2315520200438477
203,0,3232.0,224.0,247,True,-1.370341622298779,-1.370341622298779,-2.740683244597558
203,1,3387.0,281.0,248,True,-1.6157008455997504,-1.6157008455997504,-3.2314016911995007
203,2,3149.833333333333,203.0,246,True,-1.2760656435953643,-1.2760656435953643,-2.5521312871907287
203,3,3006.0,146.0,245,True,-1.0324354525524593,-1.0324354525524593,-2.0648709051049186
204,0,2976.833333333333,242.0,247,True,-1.400734857500783,-1.400734857500783,-2.801469715001566
204,1,2944.833333333333,209.0,246,True,-1.267624678985281,-1.267624678985281,-2.535249357970562
204,2,2988.0,146.0,245,True,-1.0296483557782656,-1.0296483557782656,-2.0592967115565313
204,3,2936.0,185.0,246,True,-1.1730530535546522,-1.1730530535546522,-2.3461061071093043
205,0,3480.833333333333,281.0,248,True,-1.6302298778578144,-1.6302298778578144,-3.2604597557156287
205,1,3391.0,344.0,249,True,-1.8609803946132173,-1.8609803946132173,-3.7219607892264346
205,2,3152.0,146.0,245,True,-1.055041904165363,-1.055041904165363,-2.110083808330726
205,3,3338.833333333333,554.0,253,True,-2.6684369558409022,-2.6684369558409022,-5.3368739116818045
206,0,3136.833333333333,203.0,246,True,-1.2740527403695576,-1.2740527403695576,-2.5481054807391152
206,1,3524.0,281.0,247,True,-1.6369137488255565,-1.6369137488255565,-3.273827497651113
206,2,3066.833333333333,146.0,245,True,-1.04185480739117,-1.04185480739117,-2.08370961478234
206,3,3181.833333333333,299.0,248,True,-1.6538360162856258,-1.6538360162856258,-3.3076720325712516
207,0,3091.833333333333,209.0,246,True,-1.2903859693078616,-1.2903859693078616,-2.5807719386157233
207,1,3259.0,146.0,245,True,-1.0716096461008462,-1.0716096461008462,-2.1432192922016924
207,2,3141.1666666666665,332.0,249,True,-1.7756945818979017,-1.7756945818979017,-3.5513891637958035
207,3,3055.0,209.0,246,True,-1.2846827435014114,-1.2846827435014114,-2.569365487002823
208,0,3333.0,248.0,247,True,-1.479184215471345,-1.479184215471345,-2.95836843094269
208,1,3150.833333333333,266.0,247,True,-1.5208806764798015,-1.5208806764798015,-3.041761352959603
208,2,3134.833333333333,266.0,247,True,-1.5184032571249622,-1.5184032571249622,-3.0368065142499243
208,3,3440.833333333333,401.0,250,True,-2.090055746946445,-2.090055746946445,-4.18011149389289
209,0,3479.833333333333,248.0,247,True,-1.5019196993423118,-1.5019196993423118,-3.0038393986846237
209,1,2977.0,209.0,246,True,-1.2726053241465713,-1.2726053241465713,-2.5452106482931427
209,2,3239.9999999999995,305.0,248,True,-1.6861434387723144,-1.6861434387723144,-3.372286877544629
209,3,3523.0,440.0,251,True,-2.254234638271219,-2.254234638271219,-4.508469276542438
210,0,3488.1666666666665,530.0,253,True,-2.5983556529909193,-2.5983556529909193,-5.196711305981839
210,1,3382.0,689.0,256,True,-3.1993926714688383,-3.1993926714688383,-6.398785342937677
210,2,3438.0,530.0,253,True,-2.590587911055435,-2.590587911055435,-5.18117582211087
210,3,3412.0,530.0,253,True,-2.5865621046038214,-2.5865621046038214,-5.173124209207643
211,0,3100.833333333333,146.0,245,True,-1.0471193235202,-1.0471193235202,-2.0942386470404
211,1,3449.0,344.0,249,True,-1.8699610397745077,-1.8699610397745077,-3.7399220795490153
211,2,3459.3333333333335,281.0,248,True,-1.6269008455997507,-1.6269008455997507,-3.2538016911995014
211,3,3485.833333333333,497.0,252,True,-2.469839022862513,-2.469839022862513,-4.939678045725026
212,0,3075.833333333333,203.0,246,True,-1.2646075790792375,-1.2646075790792375,-2.529215158158475
212,1,3031.1666666666665,365.0,250,True,-1.8868176636392098,-1.8868176636392098,-3.7736353272784195
212,2,3214.1666666666665,305.0,247,True,-1.6821434387723146,-1.6821434387723146,-3.3642868775446293
212,3,3425.3333333333335,434.0,250,True,-2.215811086752271,-2.215811086752271,-4.431622173504542
213,0,2925.833333333333,146.0,245,True,-1.0200225493266526,-1.0200225493266526,-2.040045098653305
213,1,3416.833333333333,248.0,247,True,-1.4921648606326345,-1.4921648606326345,-2.984329721265269
213,2,3421.0,344.0,249,True,-1.865625555903541,-1.865625555903541,-3.731251111807082
213,3,3156.833333333333,266.0,247,True,-1.5218097087378633,-1.5218097087378633,-3.0436194174757265
214,0,3345.8333333333335,395.0,250,True,-2.052045098653305,-2.052045098653305,-4.10409019730661
214,1,3716.833333333333,536.0,253,True,-2.657063075477608,-2.657063075477608,-5.314126150955216
214,2,3462.1666666666665,155.0,246,True,-1.1380191669276554,-1.1380191669276554,-2.2760383338553107
214,3,3345.0,287.0,248,True,-1.6324985906670848,-1.6324985906670848,-3.2649971813341696
215,0,3196.0,209.0,246,True,-1.3065150015659264,-1.3065150015659264,-2.6130300031318527
215,1,3365.0,434.0,250,True,-2.2064691512684,-2.2064691512684,-4.4129383025368
215,2,3011.833333333333,209.0,246,True,-1.2779988725336682,-1.2779988725336682,-2.5559977450673363
215,3,3518.833333333333,344.0,249,True,-1.8807739430003136,-1.8807739430003136,-3.7615478860006273
216,0,3413.0,383.0,250,True,-2.0158431569057322,-2.0158431569057322,-4.0316863138114645
216,1,3245.833333333333,209.0,246,True,-1.3142311305981849,-1.3142311305981849,-2.6284622611963697
216,2,3449.833333333333,401.0,250,True,-2.0914492953335433,-2.0914492953335433,-4.182898590667087
216,3,3618.0,536.0,253,True,-2.6417598496711574,-2.6417598496711574,-5.283519699342315
217,0,3604.0,575.0,254,True,-2.7910484184152855,-2.7910484184152855,-5.582096836830571
217,1,3158.833333333333,266.0,247,True,-1.5221193861572198,-1.5221193861572198,-3.0442387723144395
217,2,3423.833333333333,338.0,249,True,-1.8427632947071726,-1.8427632947071726,-3.685526589414345
217,3,3056.833333333333,203.0,245,True,-1.2616656435953655,-1.2616656435953655,-2.523331287190731
218,0,3725.9999999999995,512.0,253,True,-2.565278546821173,-2.565278546821173,-5.130557093642346
218,1,3586.833333333333,587.0,253,True,-2.8349922956467295,-2.8349922956467295,-5.669984591293459
218,2,3723.0,671.0,255,True,-3.1822897588474803,-3.1822897588474803,-6.364579517694961
218,3,3411.1666666666665,338.0,249,True,-1.8408020043845905,-1.8408020043845905,-3.681604008769181
219,0,3683.0,536.0,253,True,-2.6518243658001888,-2.6518243658001888,-5.3036487316003775
219,1,3879.3333333333335,347.0,250,True,-1.9482437832759167,-1.9482437832759167,-3.8964875665518335
219,2,3664.0,569.0,254,True,-2.7770377701221443,-2.7770377701221443,-5.5540755402442885
219,3,3433.833333333333,281.0,248,True,-1.6229524585029755,-1.6229524585029755,-3.245904917005951
220,0,3171.833333333333,209.0,246,True,-1.302773066082056,-1.302773066082056,-2.605546132164112
220,1,3211.0,401.0,250,True,-2.0544686501722538,-2.0544686501722538,-4.1089373003445075
220,2,3676.0,545.0,253,True,-2.685691951143125,-2.685691951143125,-5.37138390228625
220,3,3196.833333333333,266.0,247,True,-1.5280032571249609,-1.5280032571249609,-3.0560065142499218
221,0,3566.833333333333,344.0,249,True,-1.8882062010648306,-1.8882062010648306,-3.7764124021296612
221,1,3425.833333333333,281.0,248,True,-1.6217137488255564,-1.6217137488255564,-3.243427497651113
221,2,3447.3333333333335,218.0,247,True,-1.3803825869088642,-1.3803825869088642,-2.7607651738177283
221,3,3512.833333333333,281.0,248,True,-1.6351847165674933,-1.6351847165674933,-3.2703694331349866
222,0,3487.0,377.0,250,True,-2.004000250548074,-2.004000250548074,-4.008000501096148
222,1,3571.0,383.0,250,True,-2.040307673034765,-2.040307673034765,-4.08061534606953
222,2,3390.833333333333,281.0,248,True,-1.616294393986847,-1.616294393986847,-3.232588787973694
222,3,3449.833333333333,281.0,248,True,-1.625429877857815,-1.625429877857815,-3.25085975571563
223,0,3286.0,146.0,245,True,-1.0757902912621358,-1.0757902912621358,-2.1515805825242715
223,1,3200.0,209.0,246,True,-1.3071343564046363,-1.3071343564046363,-2.6142687128092725
223,2,3382.9999999999995,224.0,247,True,-1.3937222674600676,-1.3937222674600676,-2.787444534920135
223,3,3181.0,146.0,245,True,-1.0595322267460079,-1.0595322267460079,-2.1190644534920158
224,0,3226.0,146.0,245,True,-1.0664999686814924,-1.0664999686814924,-2.132999937362985
224,1,3151.833333333333,266.0,247,True,-1.521035515189478,-1.521035515189478,-3.042071030378956
224,2,3151.1666666666665,299.0,248,True,-1.6490876291888508,-1.6490876291888508,-3.2981752583777015
224,3,3392.333333333333,416.0,249,True,-2.1407984967115574,-2.1407984967115574,-4.281596993423115
225,0,3148.833333333333,203.0,246,True,-1.2759108048856889,-1.2759108048856889,-2.5518216097713777
225,1,3338.833333333333,395.0,249,True,-2.0509612276855638,-2.0509612276855638,-4.1019224553711275
225,2,3234.1666666666665,146.0,245,True,-1.0677644848105237,-1.0677644848105237,-2.1355289696210473
225,3,3151.833333333333,209.0,246,True,-1.299676291888508,-1.299676291888508,-2.599352583777016
226,0,3087.0,209.0,246,True,-1.289637582211088,-1.289637582211088,-2.579275164422176
226,1,3539.0,281.0,248,True,-1.6392363294707177,-1.6392363294707177,-3.2784726589414355
226,2,3296.833333333333,305.0,248,True,-1.6949434387723152,-1.6949434387723152,-3.3898868775446305
226,3,3636.0,575.0,253,True,-2.796003257124961,-2.796003257124961,-5.592006514249922
227,0,3532.0,344.0,249,True,-1.8828126526777325,-1.8828126526777325,-3.765625305355465
227,1,3398.833333333333,491.0,252,True,-2.43306708424679,-2.43306708424679,-4.86613416849358
227,2,3141.833333333333,146.0,245,True,-1.0534677106169756,-1.0534677106169756,-2.1069354212339513
227,3,3486.0,320.0,249,True,-1.7824861885374268,-1.7824861885374268,-3.5649723770748536
228,0,3178.833333333333,209.0,246,True,-1.303856937049797,-1.303856937049797,-2.607713874099594
228,1,3061.0,146.0,245,True,-1.040951581584717,-1.040951581584717,-2.081903163169434
228,2,3168.0,248.0,246,True,-1.4536358283745694,-1.4536358283745694,-2.907271656749139
228,3,3092.833333333333,242.0,247,True,-1.4186961478233646,-1.4186961478233646,-2.8373922956467292
229,0,3137.833333333333,266.0,247,True,-1.5188677732539944,-1.5188677732539944,-3.0377355465079887
229,1,3158.833333333333,209.0,246,True,-1.300760162856249,-1.300760162856249,-2.601520325712498
229,2,3184.833333333333,203.0,246,True,-1.281484998434075,-1.281484998434075,-2.56296999686815
229,3,3589.833333333333,344.0,249,True,-1.8917674913874112,-1.8917674913874112,-3.7835349827748224
230,0,3611.0,344.0,249,True,-1.8950449107422491,-1.8950449107422491,-3.7900898214844982
230,1,3202.833333333333,209.0,246,True,-1.307573066082056,-1.307573066082056,-2.615146132164112
230,2,3094.833333333333,146.0,245,True,-1.0461902912621373,-1.0461902912621373,-2.0923805825242745
230,3,3228.833333333333,266.0,247,True,-1.5329580958346383,-1.5329580958346383,-3.0659161916692765
231,0,3072.833333333333,209.0,246,True,-1.287444033823991,-1.287444033823991,-2.574888067647982
231,1,3541.0,377.0,250,True,-2.0123615408706548,-2.0123615408706548,-4.0247230817413095
231,2,3376.1666666666665,218.0,247,True,-1.369363232070155,-1.369363232070155,-2.73872646414031
231,3,3595.833333333333,344.0,249,True,-1.8926965236454756,-1.8926965236454756,-3.785393047290951
232,0,3650.0,479.0,252,True,-2.4253554650798628,-2.4253554650798628,-4.8507109301597255
232,1,3590.333333333333,257.0,248,True,-1.5539808330723477,-1.5539808330723477,-3.1079616661446954
232,2,3010.1666666666665,203.0,246,True,-1.2544398371437526,-1.2544398371437526,-2.5088796742875052
232,3,3625.3333333333335,290.0,248,True,-1.6875555277168814,-1.6875555277168814,-3.375111055433763
233,0,3554.0,344.0,249,True,-1.8862191042906375,-1.8862191042906375,-3.772438208581275
233,1,3464.0,320.0,249,True,-1.7790797369245228,-1.7790797369245228,-3.5581594738490456
233,2,3335.3333333333335,212.0,247,True,-1.3397396805512072,-1.3397396805512072,-2.6794793611024144
233,3,3401.833333333333,395.0,250,True,-2.0607160663952415,-2.0607160663952415,-4.121432132790483
234,0,3472.833333333333,593.0,254,True,-2.8406416536172885,-2.8406416536172885,-5.681283307234577
234,1,3532.0,632.0,255,True,-3.0012592546194807,-3.0012592546194807,-6.0025185092389615
234,2,3069.1666666666665,275.0,248,True,-1.5431869715001583,-1.5431869715001583,-3.0863739430003165
234,3,3126.833333333333,209.0,246,True,-1.295805324146572,-1.295805324146572,-2.591610648293144
235,0,3077.9999999999995,248.0,247,True,-1.4397003445036025,-1.4397003445036025,-2.879400689007205
235,1,3041.833333333333,209.0,246,True,-1.2826440338239906,-1.2826440338239906,-2.5652880676479812
235,2,3403.3333333333335,401.0,249,True,-2.0842492953335436,-2.0842492953335436,-4.168498590667087
235,3,3082.1666666666665,185.0,246,True,-1.1956853116191675,-1.1956853116191675,-2.391370623238335
236,0,3489.833333333333,344.0,249,True,-1.8762836204196691,-1.8762836204196691,-3.7525672408393382
236,1,3511.0,281.0,248,True,-1.634900845599751,-1.634900845599751,-3.269801691199502
236,2,3579.0,344.0,249,True,-1.8900900720325728,-1.8900900720325728,-3.7801801440651457
236,3,3336.9999999999995,287.0,247,True,-1.6312598809896661,-1.6312598809896661,-3.2625197619793322
237,0,3083.1666666666665,146.0,245,True,-1.0443838396492335,-1.0443838396492335,-2.088767679298467
237,1,3092.0,146.0,245,True,-1.0457515815847171,-1.0457515815847171,-2.0915031631694343
237,2,3084.833333333333,209.0,246,True,-1.2893020983401198,-1.2893020983401198,-2.5786041966802395
237,3,2910.1666666666665,203.0,245,True,-1.2389559661760117,-1.2389559661760117,-2.4779119323520233
238,0,3571.333333333333,575.0,253,True,-2.7859903538991535,-2.7859903538991535,-5.571980707798307
238,1,3664.0,575.0,254,True,-2.800338740995929,-2.800338740995929,-5.600677481991858
238,2,3054.0,209.0,246,True,-1.2845279047917326,-1.2845279047917326,-2.5690558095834652
238,3,3513.833333333333,440.0,251,True,-2.2528152834325095,-2.2528152834325095,-4.505630566865019
239,0,3719.3333333333335,410.0,251,True,-2.1681297839022866,-2.1681297839022866,-4.336259567804573
239,1,3799.0,632.0,254,True,-3.0426011901033516,-3.0426011901033516,-6.085202380206703
239,2,3593.3333333333335,536.0,251,True,-2.637940494832446,-2.637940494832446,-5.275880989664892
239,3,2923.833333333333,146.0,245,True,-1.0197128719072976,-1.0197128719072976,-2.0394257438145953
240,0,3644.0,632.0,255,True,-3.0186011901033525,-3.0186011901033525,-6.037202380206705
240,1,3098.1666666666665,146.0,245,True,-1.0467064202943945,-1.0467064202943945,-2.093412840588789
240,2,3757.3333333333335,665.0,256,True,-3.164304917005951,-3.164304917005951,-6.328609834011902
240,3,3434.1666666666665,281.0,248,True,-1.623004071406201,-1.623004071406201,-3.246008142812402
241,0,3306.0,401.0,249,True,-2.069178327591606,-2.069178327591606,-4.138356655183212
241,1,3179.0,287.0,248,True,-1.606795364860632,-1.606795364860632,-3.213590729721264
241,2,3078.833333333333,209.0,246,True,-1.2883730660820558,-1.2883730660820558,-2.5767461321641116
241,3,3549.833333333333,689.0,256,True,-3.2253797682430307,-3.2253797682430307,-6.4507595364860615
242,0,3035.0,146.0,245,True,-1.0369257751331051,-1.0369257751331051,-2.0738515502662103
242,1,3683.0,632.0,255,True,-3.024639899780773,-3.024639899780773,-6.049279799561546
242,2,2939.0,209.0,246,True,-1.26672145317883,-1.26672145317883,-2.53344290635766
242,3,3043.0,146.0,245,True,-1.0381644848105245,-1.0381644848105245,-2.076328969621049
243,0,3089.833333333333,242.0,247,True,-1.4182316316943326,-1.4182316316943326,-2.8364632633886653
243,1,3070.833333333333,266.0,247,True,-1.5084935797056063,-1.5084935797056063,-3.0169871594112125
243,2,3020.833333333333,146.0,245,True,-1.0347322267460075,-1.0347322267460075,-2.069464453492015
243,3,3028.833333333333,266.0,247,True,-1.5019903538991548,-1.5019903538991548,-3.0039807077983096
244,0,3253.833333333333,401.0,250,True,-2.0611009082367695,-2.0611009082367695,-4.122201816473539
244,1,3114.833333333333,209.0,246,True,-1.2939472596304415,-1.2939472596304415,-2.587894519260883
244,2,3015.0,146.0,245,True,-1.033829000939556,-1.033829000939556,-2.067658001879112
244,3,3802.833333333333,665.0,256,True,-3.1713500782962747,-3.1713500782962747,-6.342700156592549
245,0,3064.833333333333,266.0,247,True,-1.5075645474475436,-1.5075645474475436,-3.0151290948950873
245,1,3050.1666666666665,203.0,246,True,-1.2606333855308487,-1.2606333855308487,-2.5212667710616974
245,2,3474.0,281.0,248,True,-1.6291718133416866,-1.6291718133416866,-3.258343626683373
245,3,3295.833333333333,185.0,246,True,-1.2287691825869096,-1.2287691825869096,-2.457538365173819
246,0,3361.833333333333,281.0,248,True,-1.6118040714062016,-1.6118040714062016,-3.2236081428124033
246,1,3529.3333333333335,257.0,248,True,-1.5445356717820227,-1.5445356717820227,-3.0890713435640453
246,2,3379.833333333333,344.0,249,True,-1.859251362355153,-1.859251362355153,-3.718502724710306
246,3,3041.0,146.0,245,True,-1.0378548073911689,-1.0378548073911689,-2.0757096147823377
247,0,3419.0,281.0,248,True,-1.6206556843094275,-1.6206556843094275,-3.241311368618855
247,1,3422.0,344.0,249,True,-1.8657803946132165,-1.8657803946132165,-3.731560789226433
247,2,3029.833333333333,266.0,246,True,-1.502145192608832,-1.502145192608832,-3.004290385217664
247,3,3411.1666666666665,122.0,245,True,-1.0019670529282818,-1.0019670529282818,-2.0039341058565636
248,0,3318.833333333333,497.0,252,True,-2.443980958346383,-2.443980958346383,-4.887961916692766
248,1,3380.833333333333,395.0,249,True,-2.057464453492015,-2.057464453492015,-4.11492890698403
248,2,3254.9999999999995,224.0,247,True,-1.3739029126213596,-1.3739029126213596,-2.747805825242719
248,3,3409.3333333333335,257.0,248,True,-1.5259550266207331,-1.5259550266207331,-3.0519100532414662
249,0,3092.833333333333,248.0,246,True,-1.4419971186971507,-1.4419971186971507,-2.8839942373943015
249,1,3473.833333333333,377.0,250,True,-2.001961540870656,-2.001961540870656,-4.003923081741312
249,2,2964.833333333333,209.0,246,True,-1.2707214531788298,-1.2707214531788298,-2.5414429063576596
249,3,3323.3333333333335,122.0,245,True,-0.9883670529282818,-0.9883670529282818,-1.9767341058565635
250,0,3142.833333333333,305.0,248,True,-1.6710982774819931,-1.6710982774819931,-3.3421965549639863
250,1,3119.9999999999995,185.0,246,True,-1.2015433761352956,-1.2015433761352956,-2.403086752270591
250,2,2951.833333333333,266.0,246,True,-1.4900677732539944,-1.4900677732539944,-2.980135546507989
250,3,3290.1666666666665,299.0,248,True,-1.6706102098340143,-1.6706102098340143,-3.3412204196680286
251,0,3512.0,248.0,247,True,-1.5069003445036027,-1.5069003445036027,-3.0138006890072053
251,1,3365.3333333333335,122.0,245,True,-0.994870278734733,-0.994870278734733,-1.989740557469466
251,2,3166.1666666666665,203.0,245,True,-1.2785946758534303,-1.2785946758534303,-2.5571893517068607
251,3,3292.333333333333,224.0,247,True,-1.3796835577826494,-1.3796835577826494,-2.759367115565299
252,0,3455.0,377.0,250,True,-1.9990454118383962,-1.9990454118383962,-3.9980908236767925
252,1,3431.0,248.0,247,True,-1.4943584090197317,-1.4943584090197317,-2.9887168180394634
252,2,3212.833333333333,305.0,248,True,-1.681936987159411,-1.681936987159411,-3.363873974318822
252,3,3241.1666666666665,236.0,247,True,-1.418362918885062,-1.418362918885062,-2.836725837770124
253,0,3020.833333333333,152.0,245,True,-1.0580331976197952,-1.0580331976197952,-2.1160663952395904
253,1,3035.0,209.0,246,True,-1.2815859693078613,-1.2815859693078613,-2.5631719386157226
253,2,2996.833333333333,209.0,246,True,-1.2756762918885067,-1.2756762918885067,-2.5513525837770135
253,3,3013.833333333333,209.0,246,True,-1.2783085499530233,-1.2783085499530233,-2.5566170999060467
254,0,3474.1666666666665,371.0,250,True,-1.9787121829000944,-1.9787121829000944,-3.957424365800189
254,1,3408.0,416.0,251,True,-2.143224303163167,-2.143224303163167,-4.286448606326334
254,2,3500.1666666666665,338.0,249,True,-1.8545826495458817,-1.8545826495458817,-3.7091652990917634
254,3,3331.0,383.0,250,True,-2.0031463827121825,-2.0031463827121825,-4.006292765424365
255,0,3610.0,320.0,249,True,-1.8016861885374253,-1.8016861885374253,-3.6033723770748507
255,1,3552.3333333333335,314.0,249,True,-1.7694561854055757,-1.7694561854055757,-3.5389123708111514
255,2,3382.833333333333,401.0,250,True,-2.081075101785157,-2.081075101785157,-4.162150203570314
255,3,3287.0,248.0,247,True,-1.4720616348261835,-1.4720616348261835,-2.944123269652367
256,0,3158.9999999999995,248.0,247,True,-1.4522422799874737,-1.4522422799874737,-2.9044845599749474
256,1,3367.8333333333335,554.0,253,True,-2.6729272784215494,-2.6729272784215494,-5.345854556843099
256,2,3178.1666666666665,179.0,246,True,-1.187248856874413,-1.187248856874413,-2.374497713748826
256,3,3175.1666666666665,236.0,246,True,-1.4081435640463524,-1.4081435640463524,-2.816287128092705
257,0,2982.1666666666665,266.0,245,True,-1.4947645474475437,-1.4947645474475437,-2.9895290948950874
257,1,3038.8333333333335,203.0,246,True,-1.2588785468211725,-1.2588785468211725,-2.517757093642345
257,2,3293.9999999999995,383.0,250,True,-1.9974173504541184,-1.9974173504541184,-3.994834700908237
257,3,3012.833333333333,146.0,245,True,-1.033493517068589,-1.033493517068589,-2.066987034137178
258,0,3302.0,248.0,246,True,-1.4743842154713447,-1.4743842154713447,-2.9487684309426894
258,1,3198.0,248.0,247,True,-1.4582809896648934,-1.4582809896648934,-2.916561979329787
258,2,2918.833333333333,209.0,246,True,-1.263598872533668,-1.263598872533668,-2.527197745067336
258,3,3235.9999999999995,248.0,247,True,-1.4641648606326356,-1.4641648606326356,-2.9283297212652712
259,0,2977.833333333333,266.0,247,True,-1.4940935797056074,-1.4940935797056074,-2.988187159411215
259,1,3015.1666666666665,146.0,245,True,-1.0338548073911686,-1.0338548073911686,-2.0677096147823373
259,2,3075.1666666666665,89.0,244,True,-0.8217859066708442,-0.8217859066708442,-1.6435718133416883
259,3,2958.0,146.0,245,True,-1.0250031944879425,-1.0250031944879425,-2.050006388975885
260,0,2976.1666666666665,209.0,245,True,-1.2724762918885069,-1.2724762918885069,-2.5449525837770137
260,1,3183.0,287.0,248,True,-1.6074147196993425,-1.6074147196993425,-3.214829439398685
260,2,3231.0,248.0,247,True,-1.4633906670842485,-1.4633906670842485,-2.926781334168497
260,3,2936.0,209.0,246,True,-1.2662569370497982,-1.2662569370497982,-2.5325138740995965
261,0,3023.0,248.0,247,True,-1.431184215471345,-1.431184215471345,-2.86236843094269
261,1,3306.0,344.0,249,True,-1.8478191042906378,-1.8478191042906378,-3.6956382085812756
261,2,3006.0,209.0,246,True,-1.2770956467272163,-1.2770956467272163,-2.5541912934544326
261,3,3195.0,248.0,247,True,-1.4578164735358614,-1.4578164735358614,-2.915632947071723
262,0,3012.833333333333,209.0,246,True,-1.2781537112433459,-1.2781537112433459,-2.5563074224866917
262,1,3541.9999999999995,320.0,249,True,-1.7911571562793607,-1.7911571562793607,-3.5823143125587213
262,2,3173.1666666666665,122.0,245,True,-0.9651154400250558,-0.9651154400250558,-1.9302308800501116
262,3,3194.0,248.0,247,True,-1.4576616348261835,-1.4576616348261835,-2.915323269652367
263,0,3101.833333333333,209.0,246,True,-1.2919343564046355,-1.2919343564046355,-2.583868712809271
263,1,3048.833333333333,266.0,246,True,-1.505087128092704,-1.505087128092704,-3.010174256185408
263,2,3182.0,344.0,248,True,-1.8286191042906386,-1.8286191042906386,-3.657238208581277
263,3,3350.0,320.0,249,True,-1.7614281240212963,-1.7614281240212963,-3.5228562480425927
264,0,3060.833333333333,266.0,247,True,-1.506945192608833,-1.506945192608833,-3.013890385217666
264,1,2901.833333333333,209.0,246,True,-1.2609666144691514,-1.2609666144691514,-2.5219332289383027
264,2,3246.1666666666665,185.0,245,True,-1.2210788600062648,-1.2210788600062648,-2.4421577200125295
264,3,3038.833333333333,209.0,246,True,-1.2821795176949589,-1.2821795176949589,-2.5643590353899177
265,0,3050.833333333333,209.0,246,True,-1.284037582211088,-1.284037582211088,-2.568075164422176
265,1,3271.1666666666665,185.0,246,True,-1.2249498277481996,-1.2249498277481996,-2.449899655496399
265,2,3028.833333333333,203.0,246,True,-1.2573301597243967,-1.2573301597243967,-2.5146603194487933
265,3,3056.833333333333,209.0,246,True,-1.284966614469152,-1.284966614469152,-2.569933228938304
266,0,3248.0,248.0,247,True,-1.4660229251487644,-1.4660229251487644,-2.932045850297529
266,1,3224.0,185.0,246,True,-1.2176466019417482,-1.2176466019417482,-2.4352932038834965
266,2,3242.1666666666665,128.0,245,True,-0.9991002818665844,-0.9991002818665844,-1.9982005637331688
266,3,3410.9999999999995,383.0,250,True,-2.015533479486376,-2.015533479486376,-4.031066958972752
267,0,2915.1666666666665,209.0,246,True,-1.2630311305981845,-1.2630311305981845,-2.526062261196369
267,1,2898.833333333333,146.0,245,True,-1.0158419041653628,-1.0158419041653628,-2.0316838083307256
267,2,2978.0,209.0,246,True,-1.2727601628562488,-1.2727601628562488,-2.5455203257124976
267,3,3436.0,383.0,250,True,-2.0194044472283124,-2.0194044472283124,-4.038808894456625
268,0,3119.1666666666665,287.0,248,True,-1.5975308487316007,-1.5975308487316007,-3.1950616974632013
268,1,3203.0,248.0,247,True,-1.4590551832132803,-1.4590551832132803,-2.9181103664265606
268,2,2948.833333333333,146.0,245,True,-1.023583839649233,-1.023583839649233,-2.047167679298466
268,3,2981.833333333333,203.0,246,True,-1.2500527403695578,-1.2500527403695578,-2.5001054807391156
269,0,3232.833333333333,458.0,251,True,-2.2792085186345155,-2.2792085186345155,-4.558417037269031
269,1,3008.833333333333,203.0,246,True,-1.2542333855308487,-1.2542333855308487,-2.5084667710616975
269,2,2916.1666666666665,203.0,246,True,-1.2398849984340752,-1.2398849984340752,-2.4797699968681504
269,3,3075.1666666666665,248.0,247,True,-1.439261634826183,-1.439261634826183,-2.878523269652366
270,0,3349.9999999999995,632.0,255,True,-2.9730786094581894,-2.9730786094581894,-5.946157218916379
270,1,3140.1666666666665,299.0,248,True,-1.6473844033823979,-1.6473844033823979,-3.2947688067647958
270,2,3282.833333333333,506.0,253,True,-2.473358221108677,-2.473358221108677,-4.946716442217354
270,3,3050.1666666666665,269.0,248,True,-1.5169440651424992,-1.5169440651424992,-3.0338881302849985
271,0,3006.0,146.0,245,True,-1.032435452552459,-1.032435452552459,-2.064870905104918
271,1,3012.833333333333,209.0,246,True,-1.2781537112433463,-1.2781537112433463,-2.5563074224866926
271,2,3470.1666666666665,281.0,248,True,-1.628578264954589,-1.628578264954589,-3.257156529909178
271,3,3015.833333333333,209.0,246,True,-1.2786182273723783,-1.2786182273723783,-2.5572364547447566
272,0,3074.0,209.0,246,True,-1.2876246789852814,-1.2876246789852814,-2.575249357970563
272,1,3044.0,146.0,245,True,-1.0383193235202008,-1.0383193235202008,-2.0766386470404017
272,2,3005.0,146.0,245,True,-1.0322806138427816,-1.0322806138427816,-2.064561227685563
272,3,3384.0,320.0,248,True,-1.7666926401503296,-1.7666926401503296,-3.533385280300659
273,0,3129.833333333333,203.0,246,True,-1.2729688694018169,-1.2729688694018169,-2.5459377388036337
273,1,3116.3333333333335,185.0,245,True,-1.2009756341998121,-1.2009756341998121,-2.4019512683996243
273,2,3365.333333333333,443.0,251,True,-2.2414722204823057,-2.2414722204823057,-4.482944440964611
273,3,3423.0,473.0,250,True,-2.366906107109303,-2.366906107109303,-4.733812214218606
274,0,3332.833333333333,650.0,254,True,-3.040323457563422,-3.040323457563422,-6.080646915126844
274,1,3130.0,305.0,247,True,-1.669111180707799,-1.669111180707799,-3.338222361415598
274,2,3230.833333333333,458.0,250,True,-2.278898841215158,-2.278898841215158,-4.557797682430316
274,3,3241.1666666666665,371.0,250,True,-1.942634763545256,-1.942634763545256,-3.885269527090512
275,0,3392.1666666666665,344.0,248,True,-1.8611610397745084,-1.8611610397745084,-3.722322079549017
275,1,3245.3333333333335,404.0,251,True,-2.071435264641404,-2.071435264641404,-4.142870529282808
275,2,3350.833333333333,281.0,247,True,-1.61010084559975,-1.61010084559975,-3.2202016911995
275,3,3060.833333333333,362.0,249,True,-1.879760726589415,-1.879760726589415,-3.75952145317883
276,0,3443.3333333333335,443.0,251,True,-2.253549639837145,-2.253549639837145,-4.50709927967429
276,1,3332.833333333333,497.0,252,True,-2.446148700281868,-2.446148700281868,-4.892297400563736
276,2,3119.1666666666665,146.0,245,True,-1.0499580331976204,-1.0499580331976204,-2.0999160663952408
276,3,3222.833333333333,371.0,249,True,-1.939796053867836,-1.939796053867836,-3.879592107735672
277,0,3018.1666666666665,266.0,247,True,-1.5003387409959286,-1.5003387409959286,-3.000677481991857
277,1,3514.1666666666665,587.0,253,True,-2.8237406827435017,-2.8237406827435017,-5.647481365487003
277,2,3078.1666666666665,146.0,244,True,-1.0436096461008464,-1.0436096461008464,-2.0872192922016928
277,3,3283.333333333333,185.0,245,True,-1.2268336987159427,-1.2268336987159427,-2.4536673974318854
278,0,3028.833333333333,299.0,248,True,-1.6301456937049805,-1.6301456937049805,-3.260291387409961
278,1,3257.0,497.0,252,True,-2.434406764797996,-2.434406764797996,-4.868813529595992
278,2,3078.1666666666665,83.0,244,True,-0.7989494519260889,-0.7989494519260889,-1.5978989038521778
278,3,3940.833333333333,1202.0,264,True,-5.278154713435639,-5.278154713435639,-10.556309426871278
279,0,3019.1666666666665,203.0,245,True,-1.25583338553085,-1.25583338553085,-2.5116667710617
279,1,3138.3333333333335,308.0,248,True,-1.682051988725338,-1.682051988725338,-3.364103977450676
279,2,3572.1666666666665,884.0,261,True,-3.986119386157219,-3.986119386157219,-7.972238772314438
279,3,3124.833333333333,179.0,246,True,-1.178990792358284,-1.178990792358284,-2.357981584716568
280,0,3181.833333333333,275.0,248,True,-1.56063213279048,-1.56063213279048,-3.12126426558096
280,1,3487.0,569.0,253,True,-2.7496313185092403,-2.7496313185092403,-5.4992626370184805
280,2,3454.3333333333335,386.0,250,True,-2.033893642342624,-2.033893642342624,-4.067787284685248
280,3,3721.333333333333,674.0,256,True,-3.193682179768243,-3.193682179768243,-6.387364359536486
281,0,3247.833333333333,458.0,251,True,-2.281531099279675,-2.281531099279675,-4.56306219855935
281,1,3017.833333333333,209.0,246,True,-1.2789279047917332,-1.2789279047917332,-2.5578558095834665
281,2,3202.333333333333,347.0,250,True,-1.8434179768243035,-1.8434179768243035,-3.686835953648607
281,3,3107.833333333333,299.0,248,True,-1.6423779517694954,-1.6423779517694954,-3.284755903538991
282,0,3223.1666666666665,332.0,248,True,-1.788391356091452,-1.788391356091452,-3.576782712182904
282,1,3100.8333333333335,362.0,248,True,-1.885954274976512,-1.885954274976512,-3.771908549953024
282,2,3158.833333333333,395.0,250,True,-2.0230902599436287,-2.0230902599436287,-4.046180519887257
282,3,3157.1666666666665,365.0,249,True,-1.9063273410585675,-1.9063273410585675,-3.812654682117135
283,0,3172.0,383.0,249,True,-1.9785270278734737,-1.9785270278734737,-3.9570540557469474
283,1,3085.0,338.0,249,True,-1.7902987785781412,-1.7902987785781412,-3.5805975571562825
283,2,3177.0,242.0,246,True,-1.4317284058878803,-1.4317284058878803,-2.8634568117757606
283,3,3057.833333333333,266.0,247,True,-1.5064806764798016,-1.5064806764798016,-3.012961352959603
284,0,2970.833333333333,146.0,245,True,-1.0269902912621374,-1.0269902912621374,-2.0539805825242747
284,1,3254.833333333333,401.0,250,True,-2.0612557469464465,-2.0612557469464465,-4.122511493892893
284,2,3009.833333333333,209.0,246,True,-1.277689195114314,-1.277689195114314,-2.555378390228628
284,3,3229.3333333333335,347.0,249,True,-1.8475986219855933,-1.8475986219855933,-3.6951972439711867
285,0,3437.833333333333,746.0,256,True,-3.4293970560601323,-3.4293970560601323,-6.858794112120265
285,1,3218.833333333333,524.0,252,True,-2.5333514563106814,-2.5333514563106814,-5.066702912621363
285,2,3364.1666666666665,653.0,255,True,-3.05682555590354,-3.05682555590354,-6.11365111180708
285,3,3095.833333333333,362.0,248,True,-1.885180081428127,-1.885180081428127,-3.770360162856254
286,0,3005.0,305.0,248,True,-1.649756341998122,-1.649756341998122,-3.299512683996244
286,1,3064.833333333333,305.0,248,True,-1.6590208581271542,-1.6590208581271542,-3.3180417162543083
286,2,2971.0,185.0,246,True,-1.17847240839336,-1.17847240839336,-2.35694481678672
286,3,3272.9999999999995,536.0,253,True,-2.5883404948324475,-2.5883404948324475,-5.176680989664895
287,0,2969.8333333333335,203.0,245,True,-1.2481946758534308,-1.2481946758534308,-2.4963893517068616
287,1,3052.1666666666665,146.0,245,True,-1.0395838396492343,-1.0395838396492343,-2.0791676792984686
287,2,3147.1666666666665,365.0,249,True,-1.9047789539617943,-1.9047789539617943,-3.8095579079235886
287,3,3054.0,305.0,248,True,-1.6573434387723172,-1.6573434387723172,-3.3146868775446343
288,0,3169.9999999999995,344.0,248,True,-1.826761039774509,-1.826761039774509,-3.653522079549018
288,1,2999.833333333333,146.0,245,True,-1.0314806138427814,-1.0314806138427814,-2.062961227685563
288,2,3286.833333333333,467.0,251,True,-2.322521265267774,-2.322521265267774,-4.645042530535548
288,3,3003.833333333333,209.0,246,True,-1.2767601628562497,-1.2767601628562497,-2.5535203257124994
289,0,3217.0,377.0,249,True,-1.9621937989351705,-1.9621937989351705,-3.924387597870341
289,1,3192.333333333333,410.0,251,True,-2.086529783902287,-2.086529783902287,-4.173059567804574
289,2,3099.1666666666665,185.0,246,True,-1.1983175696836843,-1.1983175696836843,-2.3966351393673686
289,3,3087.8333333333335,266.0,246,True,-1.511125837770123,-1.511125837770123,-3.022251675540246
290,0,3031.833333333333,299.0,247,True,-1.6306102098340132,-1.6306102098340132,-3.2612204196680263
290,1,3231.3333333333335,344.0,247,True,-1.836257813968056,-1.836257813968056,-3.672515627936112
290,2,3257.0,248.0,247,True,-1.4674164735358606,-1.4674164735358606,-2.934832947071721
290,3,3091.833333333333,338.0,249,True,-1.79135684309427,-1.79135684309427,-3.58271368618854
291,0,2899.0,146.0,245,True,-1.0158677106169758,-1.0158677106169758,-2.0317354212339516
291,1,3377.833333333333,593.0,254,True,-2.8259319761979342,-2.8259319761979342,-5.6518639523958685
291,2,3029.8333333333335,299.0,247,True,-1.6303005324146589,-1.6303005324146589,-3.2606010648293178
291,3,3341.0,383.0,250,True,-2.004694769808958,-2.004694769808958,-4.009389539617916
292,0,3087.833333333333,209.0,246,True,-1.2897666144691524,-1.2897666144691524,-2.579533228938305
292,1,3095.8333333333335,203.0,245,True,-1.2677043532727863,-1.2677043532727863,-2.5354087065455726
292,2,3264.833333333333,395.0,249,True,-2.039503163169435,-2.039503163169435,-4.07900632633887
292,3,2977.8333333333335,266.0,246,True,-1.4940935797056085,-1.4940935797056085,-2.988187159411217
293,0,3339.833333333333,338.0,249,True,-1.8297568430942692,-1.8297568430942692,-3.6595136861885385
293,1,3269.833333333333,401.0,250,True,-2.0635783275916064,-2.0635783275916064,-4.127156655183213
293,2,3384.833333333333,401.0,250,True,-2.0813847792045106,-2.0813847792045106,-4.162769558409021
293,3,3472.0,536.0,253,True,-2.6191533980582538,-2.6191533980582538,-5.2383067961165075
294,0,3461.1666666666665,218.0,247,True,-1.382524522392735,-1.382524522392735,-2.76504904478547
294,1,3342.833333333333,185.0,246,True,-1.2360466019417486,-1.2360466019417486,-2.4720932038834973
294,2,3299.833333333333,281.0,248,True,-1.602204071406202,-1.602204071406202,-3.204408142812404
294,3,3295.9999999999995,320.0,249,True,-1.7530668336987163,-1.7530668336987163,-3.5061336673974326
295,0,3285.0,305.0,248,True,-1.6931111807077994,-1.6931111807077994,-3.386222361415599
295,1,3390.833333333333,344.0,249,True,-1.860954588161605,-1.860954588161605,-3.72190917632321
295,2,3236.1666666666665,218.0,247,True,-1.3476858127153166,-1.3476858127153166,-2.6953716254306332
295,3,3375.833333333333,305.0,248,True,-1.7071756968368308,-1.7071756968368308,-3.4143513936736616
296,0,3326.0,338.0,249,True,-1.8276149076103987,-1.8276149076103987,-3.6552298152207974
296,1,3128.0,338.0,249,True,-1.7969568430942682,-1.7969568430942682,-3.5939136861885363
296,2,3175.0,185.0,246,True,-1.2100595051675547,-1.2100595051675547,-2.4201190103351093
296,3,3278.833333333333,362.0,248,True,-1.913515565299093,-1.913515565299093,-3.827031130598186
297,0,3604.0,473.0,252,True,-2.394931913560916,-2.394931913560916,-4.789863827121832
297,1,3256.833333333333,338.0,249,True,-1.8169052301910438,-1.8169052301910438,-3.6338104603820875
297,2,3543.0,377.0,250,True,-2.0126712182900106,-2.0126712182900106,-4.025342436580021
297,3,3263.833333333333,338.0,249,True,-1.8179891011587856,-1.8179891011587856,-3.6359782023175713
298,0,3292.0,320.0,249,True,-1.7524474788600068,-1.7524474788600068,-3.5048949577200137
298,1,2953.1666666666665,209.0,246,True,-1.2689150015659267,-1.2689150015659267,-2.5378300031318535
298,2,3246.0,248.0,246,True,-1.4657132477294088,-1.4657132477294088,-2.9314264954588176
298,3,3000.0,146.0,245,True,-1.031506420294395,-1.031506420294395,-2.06301284058879
299,0,3217.833333333333,299.0,246,True,-1.6594102098340118,-1.6594102098340118,-3.3188204196680235
299,1,3198.9999999999995,320.0,248,True,-1.7380474788600073,-1.7380474788600073,-3.4760949577200146
299,2,3272.8333333333335,362.0,248,True,-1.912586533041029,-1.912586533041029,-3.825173066082058
299,3,3077.0,146.0,245,True,-1.043429000939556,-1.043429000939556,-2.086858001879112
300,0,3400.9999999999995,473.0,252,True,-2.363499655496397,-2.363499655496397,-4.726999310992794
300,1,3172.0,344.0,249,True,-1.8270707171938627,-1.8270707171938627,-3.6541414343877254
300,2,3062.833333333333,185.0,246,True,-1.192691763232071,-1.192691763232071,-2.385383526464142
300,3,3205.0,416.0,250,True,-2.111792045098654,-2.111792045098654,-4.223584090197308
301,0,3072.0,146.0,245,True,-1.042654807391169,-1.042654807391169,-2.085309614782338
301,1,3532.9999999999995,512.0,250,True,-2.535394675853429,-2.535394675853429,-5.070789351706858
301,2,3110.9999999999995,224.0,246,True,-1.3516061384278102,-1.3516061384278102,-2.7032122768556204
301,3,3258.833333333333,185.0,246,True,-1.2230401503288448,-1.2230401503288448,-2.4460803006576897
302,0,3246.833333333333,362.0,248,True,-1.9085607265894167,-1.9085607265894167,-3.8171214531788333
302,1,3261.833333333333,362.0,248,True,-1.910883307234576,-1.910883307234576,-3.821766614469152
302,2,3154.0,383.0,248,True,-1.9757399310992811,-1.9757399310992811,-3.9514798621985623
302,3,3288.1666666666665,395.0,250,True,-2.0431160663952403,-2.0431160663952403,-4.086232132790481
303,0,3065.833333333333,299.0,248,True,-1.6358747259630453,-1.6358747259630453,-3.2717494519260906
303,1,3226.0,281.0,248,True,-1.5907718133416855,-1.5907718133416855,-3.181543626683371
303,2,3011.1666666666665,140.0,245,True,-1.0099344816786726,-1.0099344816786726,-2.0198689633573452
303,3,3126.0,242.0,247,True,-1.4238316316943322,-1.4238316316943322,-2.8476632633886645
304,0,3147.9999999999995,281.0,248,True,-1.5786943939868476,-1.5786943939868476,-3.1573887879736953
304,1,3119.9999999999995,281.0,248,True,-1.5743589101158793,-1.5743589101158793,-3.1487178202317585
304,2,3090.833333333333,242.0,247,True,-1.4183864704040106,-1.4183864704040106,-2.836772940808021
304,3,3060.0,209.0,246,True,-1.2854569370497975,-1.2854569370497975,-2.570913874099595
305,0,3044.833333333333,248.0,247,True,-1.4345648606326336,-1.4345648606326336,-2.869129721265267
305,1,3316.833333333333,377.0,250,True,-1.9776518634513003,-1.9776518634513003,-3.9553037269026006
305,2,3009.833333333333,203.0,246,True,-1.2543882242405282,-1.2543882242405282,-2.5087764484810564
305,3,3234.0,320.0,248,True,-1.7434668336987167,-1.7434668336987167,-3.4869336673974334
306,0,3008.0,146.0,245,True,-1.0327451299718147,-1.0327451299718147,-2.0654902599436293
306,1,3363.0,479.0,251,True,-2.380916755402444,-2.380916755402444,-4.761833510804888
306,2,3110.833333333333,203.0,246,True,-1.2700269339179469,-1.2700269339179469,-2.5400538678358937
306,3,3362.833333333333,395.0,248,True,-2.054677356717821,-2.054677356717821,-4.109354713435642
307,0,2989.833333333333,203.0,246,True,-1.2512914500469787,-1.2512914500469787,-2.5025829000939575
307,1,3255.833333333333,395.0,250,True,-2.038109614782339,-2.038109614782339,-4.076219229564678
307,2,2988.0,146.0,245,True,-1.0296483557782652,-1.0296483557782652,-2.0592967115565304
307,3,3114.9999999999995,248.0,247,True,-1.4454293767616673,-1.4454293767616673,-2.8908587535233345
308,0,3059.833333333333,203.0,246,True,-1.2621301597243986,-1.2621301597243986,-2.524260319448797
308,1,2961.8333333333335,203.0,246,True,-1.2469559661760112,-1.2469559661760112,-2.4939119323520225
308,2,2968.833333333333,146.0,245,True,-1.026680613842782,-1.026680613842782,-2.053361227685564
308,3,3078.1666666666665,203.0,246,True,-1.2649688694018166,-1.2649688694018166,-2.5299377388036333
309,0,3201.833333333333,338.0,249,True,-1.808389101158786,-1.808389101158786,-3.616778202317572
309,1,3038.833333333333,299.0,248,True,-1.6316940808017553,-1.6316940808017553,-3.2633881616035105
309,2,3024.833333333333,242.0,247,True,-1.4081671155653004,-1.4081671155653004,-2.8163342311306008
309,3,3002.833333333333,209.0,246,True,-1.2766053241465718,-1.2766053241465718,-2.5532106482931436
310,0,3028.833333333333,266.0,247,True,-1.5019903538991553,-1.5019903538991553,-3.0039807077983105
310,1,3098.833333333333,209.0,246,True,-1.2914698402756037,-1.2914698402756037,-2.5829396805512075
310,2,2940.833333333333,203.0,246,True,-1.2437043532727852,-1.2437043532727852,-2.4874087065455703
310,3,3319.833333333333,458.0,251,True,-2.2926794863764495,-2.2926794863764495,-4.585358972752899
311,0,3022.833333333333,266.0,247,True,-1.5010613216410917,-1.5010613216410917,-3.0021226432821835
311,1,3160.0,281.0,248,True,-1.5805524585029762,-1.5805524585029762,-3.1611049170059524
311,2,3126.833333333333,248.0,247,True,-1.4472616348261822,-1.4472616348261822,-2.8945232696523644
311,3,3021.833333333333,266.0,247,True,-1.5009064829314145,-1.5009064829314145,-3.001812965862829
312,0,3176.1666666666665,305.0,247,True,-1.6762595678045733,-1.6762595678045733,-3.3525191356091466
312,1,3090.0,248.0,247,True,-1.441558409019731,-1.441558409019731,-2.883116818039462
312,2,3021.833333333333,305.0,248,True,-1.6523627936110241,-1.6523627936110241,-3.3047255872220482
312,3,2984.833333333333,209.0,246,True,-1.2738182273723775,-1.2738182273723775,-2.547636454744755
313,0,2896.833333333333,209.0,246,True,-1.260192420920765,-1.260192420920765,-2.52038484184153
313,1,3052.9999999999995,287.0,247,True,-1.5872856874412782,-1.5872856874412782,-3.1745713748825564
313,2,2929.833333333333,266.0,247,True,-1.48666132164109,-1.48666132164109,-2.97332264328218
313,3,2943.0,209.0,246,True,-1.2673408080175383,-1.2673408080175383,-2.5346816160350767
314,0,3214.833333333333,458.0,251,True,-2.2764214218603223,-2.2764214218603223,-4.5528428437206445
314,1,3494.833333333333,440.0,251,True,-2.249873347948639,-2.249873347948639,-4.499746695897278
314,2,3243.833333333333,497.0,251,True,-2.4323680551205764,-2.4323680551205764,-4.864736110241153
314,3,3219.833333333333,554.0,252,True,-2.650011149389289,-2.650011149389289,-5.300022298778578
315,0,3248.3333333333335,338.0,249,True,-1.8155891011587848,-1.8155891011587848,-3.6311782023175696
315,1,3162.1666666666665,266.0,246,True,-1.522635515189479,-1.522635515189479,-3.045271030378958
315,2,3183.833333333333,554.0,253,True,-2.6444369558409018,-2.6444369558409018,-5.2888739116818035
315,3,3238.833333333333,401.0,250,True,-2.0587783275916083,-2.0587783275916083,-4.117556655183217
316,0,3694.1666666666665,683.0,255,True,-3.2244271844660184,-3.2244271844660184,-6.448854368932037
316,1,3461.833333333333,746.0,256,True,-3.433113185092391,-3.433113185092391,-6.866226370184782
316,2,3315.833333333333,497.0,252,True,-2.4435164422173496,-2.4435164422173496,-4.887032884434699
316,3,3541.833333333333,650.0,255,True,-3.0726847478860013,-3.0726847478860013,-6.145369495772003
317,0,3551.0,785.0,258,True,-3.5983759473849055,-3.5983759473849055,-7.196751894769811
317,1,3833.9999999999995,767.0,258,True,-3.5722923896022554,-3.5722923896022554,-7.144584779204511
317,2,3672.0,632.0,255,True,-3.02293667397432,-3.02293667397432,-6.04587334794864
317,3,3856.0,728.0,257,True,-3.4242425305355475,-3.4242425305355475,-6.848485061071095
318,0,3345.0,248.0,247,True,-1.481042279987473,-1.481042279987473,-2.962084559974946
318,1,3226.833333333333,434.0,251,True,-2.1850756028813034,-2.1850756028813034,-4.370151205762607
318,2,3405.0,287.0,248,True,-1.6417889132477292,-1.6417889132477292,-3.2835778264954585
318,3,3560.833333333333,842.0,259,True,-3.821257751331038,-3.821257751331038,-7.642515502662076
319,0,3311.833333333333,362.0,249,True,-1.9186252427184465,-1.9186252427184465,-3.837250485436893
319,1,3594.833333333333,881.0,260,True,-3.977978578139684,-3.977978578139684,-7.955957156279368
319,2,3334.0,338.0,249,True,-1.8288536172878167,-1.8288536172878167,-3.6577072345756334
319,3,3268.833333333333,305.0,248,True,-1.6906079549013477,-1.6906079549013477,-3.3812159098026955
320,0,3700.3333333333335,722.0,257,True,-3.3768383338553076,-3.3768383338553076,-6.753676667710615
320,1,3300.833333333333,401.0,250,True,-2.0683783275916072,-2.0683783275916072,-4.1367566551832144
320,2,3556.833333333333,746.0,257,True,-3.447822862511746,-3.447822862511746,-6.895645725023492
320,3,3553.833333333333,689.0,256,True,-3.2259991230817415,-3.2259991230817415,-6.451998246163483
321,0,3312.833333333333,593.0,254,True,-2.8158674600689,-2.8158674600689,-5.6317349201378
321,1,3464.833333333333,650.0,255,True,-3.0607621672408407,-3.0607621672408407,-6.121524334481681
321,2,3695.0,665.0,255,True,-3.1546533041027267,-3.1546533041027267,-6.309306608205453
321,3,3601.0,632.0,255,True,-3.011943125587223,-3.011943125587223,-6.023886251174446
322,0,3259.9999999999995,593.0,254,True,-2.807686814907612,-2.807686814907612,-5.615373629815224
322,1,2893.833333333333,209.0,246,True,-1.2597279047917318,-1.2597279047917318,-2.5194558095834636
322,2,3631.833333333333,536.0,253,True,-2.6439017851550273,-2.6439017851550273,-5.2878035703100545
322,3,3325.9999999999995,287.0,248,True,-1.6295566551832135,-1.6295566551832135,-3.259113310366427
323,0,3094.9999999999995,248.0,247,True,-1.4423326025681191,-1.4423326025681191,-2.8846652051362383
323,1,3558.9999999999995,479.0,252,True,-2.4112651424992153,-2.4112651424992153,-4.822530284998431
323,2,3442.833333333333,473.0,252,True,-2.369977074851238,-2.369977074851238,-4.739954149702476
323,3,3441.833333333333,536.0,253,True,-2.6144824303163174,-2.6144824303163174,-5.228964860632635
324,0,3333.333333333333,377.0,250,True,-1.980206702160977,-1.980206702160977,-3.960413404321954
324,1,3444.0,479.0,252,True,-2.393458690886314,-2.393458690886314,-4.786917381772628
324,2,3431.0,440.0,251,True,-2.239989476980897,-2.239989476980897,-4.479978953961794
324,3,3017.833333333333,209.0,246,True,-1.278927904791732,-1.278927904791732,-2.557855809583464
325,0,2950.833333333333,209.0,246,True,-1.2685537112433452,-1.2685537112433452,-2.5371074224866903
325,1,3355.833333333333,497.0,252,True,-2.4497099906044486,-2.4497099906044486,-4.899419981208897
325,2,2939.833333333333,209.0,246,True,-1.2668504854368943,-1.2668504854368943,-2.5337009708737885
325,3,3002.0,209.0,246,True,-1.2764762918885066,-1.2764762918885066,-2.5529525837770133
326,0,2969.833333333333,209.0,246,True,-1.2714956467272165,-1.2714956467272165,-2.542991293454433
326,1,2998.0,209.0,246,True,-1.2758569370497967,-1.2758569370497967,-2.5517138740995935
326,2,3241.833333333333,266.0,247,True,-1.5349709990604465,-1.5349709990604465,-3.069941998120893
326,3,3164.833333333333,266.0,247,True,-1.5230484184152828,-1.5230484184152828,-3.0460968368305656
327,0,3096.833333333333,299.0,248,True,-1.6406747259630452,-1.6406747259630452,-3.2813494519260904
327,1,2993.0,242.0,247,True,-1.4032380833072353,-1.4032380833072353,-2.8064761666144706
327,2,3034.833333333333,209.0,246,True,-1.281560162856249,-1.281560162856249,-2.563120325712498
327,3,3022.833333333333,338.0,249,True,-1.7806729721265269,-1.7806729721265269,-3.5613459442530537
328,0,3138.1666666666665,338.0,248,True,-1.798531036642657,-1.798531036642657,-3.597062073285314
328,1,3452.833333333333,689.0,256,True,-3.2103604134043224,-3.2103604134043224,-6.420720826808645
328,2,3488.0,665.0,255,True,-3.1226016911995007,-3.1226016911995007,-6.245203382399001
328,3,3354.8333333333335,497.0,252,True,-2.449555151894772,-2.449555151894772,-4.899110303789544
329,0,3464.3333333333335,473.0,252,True,-2.373306107109302,-2.373306107109302,-4.746612214218604
329,1,3294.833333333333,434.0,250,True,-2.195604635139366,-2.195604635139366,-4.391209270278732
329,2,3654.1666666666665,620.0,254,True,-2.9735734419041675,-2.9735734419041675,-5.947146883808335
329,3,3457.833333333333,587.0,254,True,-2.8150181020983447,-2.8150181020983447,-5.630036204196689
330,0,3171.8333333333335,434.0,250,True,-2.176559473849047,-2.176559473849047,-4.353118947698094
330,1,3232.3333333333335,545.0,252,True,-2.616995176949575,-2.616995176949575,-5.23399035389915
330,2,3384.833333333333,434.0,251,True,-2.209540119010335,-2.209540119010335,-4.41908023802067
330,3,3669.166666666667,728.0,256,True,-3.395313498277481,-3.395313498277481,-6.790626996554962
331,0,3166.833333333333,401.0,250,True,-2.0476299404948333,-2.0476299404948333,-4.0952598809896665
331,1,3561.833333333333,530.0,253,True,-2.6097621046038206,-2.6097621046038206,-5.219524209207641
331,2,3546.0,530.0,253,True,-2.6073104917005945,-2.6073104917005945,-5.214620983401189
331,3,3517.833333333333,536.0,252,True,-2.626250172251801,-2.626250172251801,-5.252500344503602
332,0,3355.9999999999995,440.0,250,True,-2.228376573755092,-2.228376573755092,-4.456753147510184
332,1,3465.1666666666665,563.0,253,True,-2.7229497024741645,-2.7229497024741645,-5.445899404948329
332,2,3232.833333333333,440.0,251,True,-2.2093056060131553,-2.2093056060131553,-4.418611212026311
332,3,3110.833333333333,305.0,248,True,-1.6661434387723149,-1.6661434387723149,-3.3322868775446297
333,0,3090.833333333333,203.0,246,True,-1.2669301597243978,-1.2669301597243978,-2.5338603194487956
333,1,3667.3333333333335,251.0,247,True,-1.542602442843722,-1.542602442843722,-3.085204885687444
333,2,3185.833333333333,242.0,247,True,-1.4330961478233635,-1.4330961478233635,-2.866192295646727
333,3,3212.0,209.0,246,True,-1.3089924209207646,-1.3089924209207646,-2.6179848418415292
334,0,3113.833333333333,305.0,248,True,-1.6666079549013475,-1.6666079549013475,-3.333215909802695
334,1,3098.833333333333,266.0,247,True,-1.5128290635765735,-1.5128290635765735,-3.025658127153147
334,2,3042.833333333333,242.0,247,True,-1.410954212339494,-1.410954212339494,-2.821908424678988
334,3,2986.833333333333,209.0,246,True,-1.2741279047917327,-1.2741279047917327,-2.5482558095834653
335,0,3305.833333333333,554.0,253,True,-2.6633272784215465,-2.6633272784215465,-5.326654556843093
335,1,3133.833333333333,203.0,246,True,-1.273588224240526,-1.273588224240526,-2.547176448481052
335,2,3045.0,209.0,246,True,-1.283134356404636,-1.283134356404636,-2.566268712809272
335,3,3155.833333333333,266.0,247,True,-1.5216548700281853,-1.5216548700281853,-3.0433097400563707
336,0,3218.9999999999995,281.0,248,True,-1.589687942373943,-1.589687942373943,-3.179375884747886
336,1,3119.833333333333,203.0,246,True,-1.2714204823050417,-1.2714204823050417,-2.5428409646100834
336,2,3086.833333333333,146.0,245,True,-1.0449515815847172,-1.0449515815847172,-2.0899031631694345
336,3,3073.1666666666665,308.0,249,True,-1.6719616661446925,-1.6719616661446925,-3.343923332289385
337,0,3068.1666666666665,266.0,247,True,-1.5080806764798,-1.5080806764798,-3.0161613529596
337,1,3178.833333333333,266.0,247,True,-1.525216160350766,-1.525216160350766,-3.050432320701532
337,2,3111.0,248.0,247,True,-1.4448100219229572,-1.4448100219229572,-2.8896200438459143
337,3,3264.0,248.0,247,True,-1.4685003445036022,-1.4685003445036022,-2.9370006890072045
338,0,2981.833333333333,209.0,246,True,-1.2733537112433453,-1.2733537112433453,-2.5467074224866906
338,1,2982.833333333333,146.0,245,True,-1.0288483557782662,-1.0288483557782662,-2.0576967115565323
338,2,3076.833333333333,305.0,248,True,-1.660878922643283,-1.660878922643283,-3.321757845286566
338,3,2926.833333333333,209.0,246,True,-1.2648375822110873,-1.2648375822110873,-2.5296751644221747
339,0,3213.9999999999995,185.0,246,True,-1.2160982148449753,-1.2160982148449753,-2.4321964296899505
339,1,2968.9999999999995,248.0,247,True,-1.4228229251487627,-1.4228229251487627,-2.8456458502975255
339,2,2944.0,248.0,247,True,-1.4189519574068274,-1.4189519574068274,-2.837903914813655
339,3,3243.3333333333335,185.0,246,True,-1.2206401503288444,-1.2206401503288444,-2.441280300657689
340,0,3011.0,209.0,246,True,-1.2778698402756041,-1.2778698402756041,-2.5557396805512083
340,1,2902.0,209.0,246,True,-1.2609924209207652,-1.2609924209207652,-2.5219848418415305
340,2,3549.833333333333,281.0,248,True,-1.6409137488255567,-1.6409137488255567,-3.2818274976511135
340,3,2967.833333333333,146.0,245,True,-1.026525775133104,-1.026525775133104,-2.053051550266208
341,0,3110.1666666666665,365.0,250,True,-1.8990499217037293,-1.8990499217037293,-3.7980998434074587
341,1,3090.833333333333,362.0,249,True,-1.884405887879738,-1.884405887879738,-3.768811775759476
341,2,3038.0,209.0,246,True,-1.2820504854368946,-1.2820504854368946,-2.564100970873789
341,3,3298.833333333333,524.0,253,True,-2.5457385530848753,-2.5457385530848753,-5.091477106169751
342,0,2966.833333333333,146.0,245,True,-1.026370936423427,-1.026370936423427,-2.052741872846854
342,1,2973.833333333333,266.0,247,True,-1.4934742248668975,-1.4934742248668975,-2.986948449733795
342,2,3083.3333333333335,308.0,249,True,-1.6735358596930798,-1.6735358596930798,-3.3470717193861597
342,3,3047.833333333333,266.0,247,True,-1.504932289383026,-1.504932289383026,-3.009864578766052
343,0,3114.1666666666665,203.0,246,True,-1.270543062950205,-1.270543062950205,-2.54108612590041
343,1,3116.833333333333,209.0,246,True,-1.294256937049797,-1.294256937049797,-2.588513874099594
343,2,3250.833333333333,236.0,247,True,-1.4198596930786105,-1.4198596930786105,-2.839719386157221
343,3,3090.833333333333,209.0,246,True,-1.2902311305981846,-1.2902311305981846,-2.5804622611963692
344,0,3626.1666666666665,410.0,251,True,-2.1537039774506757,-2.1537039774506757,-4.307407954901351
344,1,3239.833333333333,275.0,248,True,-1.5696127779517706,-1.5696127779517706,-3.139225555903541
344,2,3134.833333333333,185.0,246,True,-1.2038401503288443,-1.2038401503288443,-2.4076803006576886
344,3,3438.833333333333,458.0,251,True,-2.3111052928280618,-2.3111052928280618,-4.6222105856561235
345,0,3363.3333333333335,161.0,246,True,-1.1460169119949895,-1.1460169119949895,-2.292033823989979
345,1,3020.833333333333,266.0,247,True,-1.5007516442217355,-1.5007516442217355,-3.001503288443471
345,2,3302.333333333333,314.0,249,True,-1.7307465079862216,-1.7307465079862216,-3.4614930159724433
345,3,3040.833333333333,266.0,247,True,-1.5038484184152827,-1.5038484184152827,-3.0076968368305654
346,0,3076.1666666666665,266.0,247,True,-1.5093193861572192,-1.5093193861572192,-3.0186387723144383
346,1,3175.833333333333,299.0,248,True,-1.6529069840275596,-1.6529069840275596,-3.3058139680551193
346,2,3334.9999999999995,287.0,248,True,-1.6309502035703107,-1.6309502035703107,-3.2619004071406215
346,3,3087.833333333333,266.0,247,True,-1.5111258377701215,-1.5111258377701215,-3.022251675540243
347,0,3097.833333333333,266.0,247,True,-1.5126742248668963,-1.5126742248668963,-3.0253484497337926
347,1,2968.833333333333,209.0,246,True,-1.2713408080175395,-1.2713408080175395,-2.542681616035079
347,2,3006.0,209.0,246,True,-1.277095646727216,-1.277095646727216,-2.554191293454432
347,3,2992.833333333333,209.0,246,True,-1.2750569370497973,-1.2750569370497973,-2.5501138740995946
348,0,2912.833333333333,209.0,246,True,-1.2626698402756038,-1.2626698402756038,-2.5253396805512076
348,1,2996.833333333333,266.0,247,True,-1.4970355151894774,-1.4970355151894774,-2.994071030378955
348,2,3001.0,146.0,245,True,-1.0316612590040726,-1.0316612590040726,-2.063322518008145
348,3,3104.833333333333,266.0,247,True,-1.513758095834639,-1.513758095834639,-3.027516191669278
349,0,2889.0,209.0,246,True,-1.258979517694959,-1.258979517694959,-2.517959035389918
349,1,3137.0,338.0,249,True,-1.7983503914813663,-1.7983503914813663,-3.5967007829627327
349,2,3211.1666666666665,458.0,249,True,-2.275853679924836,-2.275853679924836,-4.551707359849672
349,3,2915.833333333333,203.0,246,True,-1.2398333855308494,-1.2398333855308494,-2.479666771061699
350,0,2898.0,209.0,246,True,-1.2603730660820545,-1.2603730660820545,-2.520746132164109
350,1,3318.833333333333,344.0,249,True,-1.8498062010648297,-1.8498062010648297,-3.6996124021296595
350,2,2990.833333333333,266.0,247,True,-1.4961064829314128,-1.4961064829314128,-2.9922129658628256
350,3,3069.833333333333,266.0,247,True,-1.5083387409959286,-1.5083387409959286,-3.016677481991857
351,0,3524.3333333333335,377.0,250,True,-2.0097808957093655,-2.0097808957093655,-4.019561791418731
351,1,2925.1666666666665,146.0,245,True,-1.0199193235202018,-1.0199193235202018,-2.0398386470404035
351,2,2919.833333333333,209.0,246,True,-1.263753711243345,-1.263753711243345,-2.52750742248669
351,3,2933.833333333333,209.0,246,True,-1.2659214531788299,-1.2659214531788299,-2.5318429063576597
352,0,2961.833333333333,209.0,246,True,-1.2702569370497974,-1.2702569370497974,-2.5405138740995947
352,1,2947.833333333333,266.0,247,True,-1.4894484184152834,-1.4894484184152834,-2.978896836830567
352,2,2917.833333333333,275.0,248,True,-1.519754713435641,-1.519754713435641,-3.039509426871282
352,3,3157.9999999999995,248.0,247,True,-1.4520874412777962,-1.4520874412777962,-2.9041748825555924
353,0,3220.333333333333,281.0,248,True,-1.5898943939868466,-1.5898943939868466,-3.1797887879736932
353,1,2931.833333333333,209.0,246,True,-1.2656117757594745,-1.2656117757594745,-2.531223551518949
353,2,2931.833333333333,209.0,246,True,-1.2656117757594751,-1.2656117757594751,-2.5312235515189503
353,3,2896.0,209.0,246,True,-1.2600633886627015,-1.2600633886627015,-2.520126777325403
354,0,2932.833333333333,266.0,247,True,-1.487125837770121,-1.487125837770121,-2.974251675540242
354,1,2978.1666666666665,203.0,246,True,-1.2494849984340755,-1.2494849984340755,-2.498969996868151
354,2,2908.1666666666665,146.0,245,True,-1.0172870654556858,-1.0172870654556858,-2.0345741309113716
354,3,3055.833333333333,266.0,247,True,-1.5061709990604446,-1.5061709990604446,-3.012341998120889
355,0,3163.833333333333,299.0,248,True,-1.6510489195114322,-1.6510489195114322,-3.3020978390228644
355,1,3033.833333333333,266.0,247,True,-1.5027645474475408,-1.5027645474475408,-3.0055290948950817
355,2,3084.833333333333,266.0,247,True,-1.5106613216410905,-1.5106613216410905,-3.021322643282181
355,3,3188.0,338.0,249,True,-1.806247165674914,-1.806247165674914,-3.612494331349828
356,0,3460.333333333333,281.0,248,True,-1.6270556843094266,-1.6270556843094266,-3.254111368618853
356,1,3109.0,305.0,248,True,-1.6658595678045744,-1.6658595678045744,-3.331719135609149
356,2,3306.333333333333,281.0,248,True,-1.603210523019105,-1.603210523019105,-3.20642104603821
356,3,3059.833333333333,266.0,247,True,-1.506790353899154,-1.506790353899154,-3.013580707798308
357,0,3328.833333333333,281.0,248,True,-1.6066943939868472,-1.6066943939868472,-3.2133887879736944
357,1,2933.833333333333,146.0,245,True,-1.0212612590040724,-1.0212612590040724,-2.0425225180081448
357,2,3284.0,185.0,246,True,-1.226936924522394,-1.226936924522394,-2.453873849044788
357,3,3009.833333333333,266.0,246,True,-1.499048418415283,-1.499048418415283,-2.998096836830566
358,0,3140.0,185.0,246,True,-1.2046401503288457,-1.2046401503288457,-2.4092803006576915
358,1,3179.0,248.0,247,True,-1.4553390541810212,-1.4553390541810212,-2.9106781083620423
358,2,3049.833333333333,146.0,245,True,-1.0392225493266534,-1.0392225493266534,-2.0784450986533067
358,3,3050.833333333333,266.0,247,True,-1.5053968055120572,-1.5053968055120572,-3.0107936110241145
359,0,2919.833333333333,209.0,246,True,-1.2637537112433457,-1.2637537112433457,-2.5275074224866914
359,1,3393.833333333333,458.0,251,True,-2.30413755089258,-2.30413755089258,-4.60827510178516
359,2,3024.0,146.0,245,True,-1.0352225493266531,-1.0352225493266531,-2.0704450986533063
359,3,2993.833333333333,266.0,246,True,-1.4965709990604463,-1.4965709990604463,-2.9931419981208927
360,0,2900.833333333333,242.0,247,True,-1.3889671155652996,-1.3889671155652996,-2.7779342311305992
360,1,3220.333333333333,320.0,249,True,-1.7413507046664582,-1.7413507046664582,-3.4827014093329165
360,2,3126.0,185.0,246,True,-1.202472408393361,-1.202472408393361,-2.404944816786722
360,3,2991.833333333333,146.0,245,True,-1.030241904165363,-1.030241904165363,-2.060483808330726
361,0,2900.833333333333,146.0,245,True,-1.0161515815847182,-1.0161515815847182,-2.0323031631694364
361,1,2898.9999999999995,185.0,246,True,-1.1673240212965867,-1.1673240212965867,-2.3346480425931735
361,2,3385.1666666666665,395.0,248,True,-2.0581354212339504,-2.0581354212339504,-4.116270842467901
361,3,2935.0,209.0,246,True,-1.2661020983401197,-1.2661020983401197,-2.5322041966802393
362,0,3067.0,248.0,247,True,-1.437997118697152,-1.437997118697152,-2.875994237394304
362,1,2918.1666666666665,203.0,246,True,-1.2401946758534317,-1.2401946758534317,-2.4803893517068634
362,2,3076.0,185.0,246,True,-1.1947304729094899,-1.1947304729094899,-2.3894609458189797
362,3,2880.833333333333,209.0,246,True,-1.2577150015659266,-1.2577150015659266,-2.5154300031318533
363,0,2824.833333333333,209.0,246,True,-1.2490440338239903,-1.2490440338239903,-2.4980880676479806
363,1,3308.0,185.0,246,True,-1.2306530535546518,-1.2306530535546518,-2.4613061071093036
363,2,2860.833333333333,209.0,246,True,-1.2546182273723774,-1.2546182273723774,-2.5092364547447548
363,3,2848.0,209.0,246,True,-1.2526311305981843,-1.2526311305981843,-2.5052622611963686
364,0,2983.9999999999995,185.0,246,True,-1.1804853116191671,-1.1804853116191671,-2.3609706232383343
364,1,2913.833333333333,209.0,246,True,-1.262824678985281,-1.262824678985281,-2.525649357970562
364,2,2929.833333333333,209.0,246,True,-1.2653020983401195,-1.2653020983401195,-2.530604196680239
364,3,2876.833333333333,209.0,246,True,-1.2570956467272172,-1.2570956467272172,-2.5141912934544344
365,0,2817.833333333333,209.0,246,True,-1.2479601628562484,-1.2479601628562484,-2.495920325712497
365,1,3559.833333333333,344.0,249,True,-1.8871223300970887,-1.8871223300970887,-3.7742446601941775
365,2,2836.0,209.0,246,True,-1.2507730660820546,-1.2507730660820546,-2.5015461321641093
365,3,2879.833333333333,266.0,247,True,-1.478919386157221,-1.478919386157221,-2.957838772314442
366,0,3117.9999999999995,185.0,246,True,-1.201233698715942,-1.201233698715942,-2.402467397431884
366,1,3413.833333333333,458.0,251,True,-2.307234325086128,-2.307234325086128,-4.614468650172256
366,2,3213.0,287.0,248,True,-1.612059880989665,-1.612059880989665,-3.22411976197933
366,3,2936.833333333333,266.0,247,True,-1.4877451926088332,-1.4877451926088332,-2.9754903852176664
367,0,2905.0,209.0,246,True,-1.2614569370497972,-1.2614569370497972,-2.5229138740995944
367,1,3224.0,248.0,247,True,-1.4623067961165064,-1.4623067961165064,-2.9246135922330128
367,2,3490.0,344.0,249,True,-1.8763094268712819,-1.8763094268712819,-3.7526188537425638
367,3,3231.1666666666665,299.0,247,True,-1.661474725963042,-1.661474725963042,-3.322949451926084
368,0,2846.0,209.0,246,True,-1.2523214531788298,-1.2523214531788298,-2.5046429063576596
368,1,2917.833333333333,266.0,247,True,-1.4848032571249634,-1.4848032571249634,-2.969606514249927
368,2,3220.9999999999995,287.0,248,True,-1.6132985906670845,-1.6132985906670845,-3.226597181334169
368,3,3190.0,185.0,246,True,-1.2123820858127163,-1.2123820858127163,-2.4247641716254327
369,0,2831.0,209.0,246,True,-1.2499988725336686,-1.2499988725336686,-2.499997745067337
369,1,3100.833333333333,362.0,249,True,-1.88595427497651,-1.88595427497651,-3.77190854995302
369,2,3171.333333333333,224.0,247,True,-1.3609480739116815,-1.3609480739116815,-2.721896147823363
369,3,2884.833333333333,209.0,245,True,-1.2583343564046356,-1.2583343564046356,-2.5166687128092713
370,0,3249.0,479.0,252,True,-2.363265142499218,-2.363265142499218,-4.726530284998436
370,1,3098.9999999999995,224.0,247,True,-1.3497480739116812,-1.3497480739116812,-2.6994961478233623
370,2,3064.833333333333,266.0,247,True,-1.5075645474475416,-1.5075645474475416,-3.0151290948950833
370,3,2967.0,248.0,247,True,-1.422513247729409,-1.422513247729409,-2.845026495458818
371,0,3701.0,512.0,253,True,-2.5614075790792348,-2.5614075790792348,-5.1228151581584696
371,1,2991.0,224.0,247,True,-1.33302549326652,-1.33302549326652,-2.66605098653304
371,2,3459.3333333333335,281.0,248,True,-1.6269008455997507,-1.6269008455997507,-3.2538016911995014
371,3,3304.0,479.0,252,True,-2.371781271531475,-2.371781271531475,-4.74356254306295
372,0,2910.0,209.0,246,True,-1.2622311305981835,-1.2622311305981835,-2.524462261196367
372,1,3264.0,287.0,248,True,-1.6199566551832139,-1.6199566551832139,-3.2399133103664277
372,2,3416.0,593.0,254,True,-2.83184165361729,-2.83184165361729,-5.66368330723458
372,3,3409.333333333333,377.0,250,True,-1.991974444096461,-1.991974444096461,-3.983948888192922
373,0,3238.0,224.0,247,True,-1.3712706545568438,-1.3712706545568438,-2.7425413091136877
373,1,3203.9999999999995,248.0,247,True,-1.459210021922957,-1.459210021922957,-2.918420043845914
373,2,3303.9999999999995,440.0,251,True,-2.2203249608518654,-2.2203249608518654,-4.440649921703731
373,3,3251.9999999999995,353.0,250,True,-1.8744092702787345,-1.8744092702787345,-3.748818540557469
374,0,3090.0,185.0,246,True,-1.1968982148449743,-1.1968982148449743,-2.3937964296899485
374,1,3130.9999999999995,287.0,248,True,-1.5993631067961174,-1.5993631067961174,-3.1987262135922347
374,2,2926.833333333333,146.0,245,True,-1.0201773880363296,-1.0201773880363296,-2.0403547760726592
374,3,3067.833333333333,266.0,247,True,-1.508029063576573,-1.508029063576573,-3.016058127153146
375,0,3117.833333333333,266.0,247,True,-1.5157709990604447,-1.5157709990604447,-3.0315419981208893
375,1,2902.833333333333,209.0,246,True,-1.2611214531788302,-1.2611214531788302,-2.5222429063576604
375,2,3106.9999999999995,248.0,247,True,-1.4441906670842484,-1.4441906670842484,-2.8883813341684967
375,3,3386.0,287.0,248,True,-1.63884697776386,-1.63884697776386,-3.27769395552772
376,0,3209.0,185.0,246,True,-1.2153240212965881,-1.2153240212965881,-2.4306480425931762
376,1,3312.0,248.0,247,True,-1.4759326025681188,-1.4759326025681188,-2.9518652051362375
376,2,2960.0,305.0,248,True,-1.6427886000626388,-1.6427886000626388,-3.2855772001252777
376,3,3075.833333333333,266.0,247,True,-1.509267773253992,-1.509267773253992,-3.018535546507984
377,0,3420.833333333333,440.0,251,True,-2.23841528343251,-2.23841528343251,-4.47683056686502
377,1,3297.9999999999995,320.0,249,True,-1.7533765111180715,-1.7533765111180715,-3.506753022236143
377,2,2862.833333333333,146.0,244,True,-1.0102677106169757,-1.0102677106169757,-2.0205354212339515
377,3,3072.833333333333,242.0,247,True,-1.4155993736298151,-1.4155993736298151,-2.8311987472596303
378,0,3181.1666666666665,218.0,247,True,-1.3391696836830582,-1.3391696836830582,-2.6783393673661164
378,1,3213.833333333333,299.0,248,True,-1.658790854995302,-1.658790854995302,-3.317581709990604
378,2,3420.0,344.0,249,True,-1.865470717193862,-1.865470717193862,-3.730941434387724
378,3,3568.833333333333,281.0,248,True,-1.6438556843094276,-1.6438556843094276,-3.2877113686188553
379,0,3532.0,320.0,249,True,-1.7896087691825857,-1.7896087691825857,-3.5792175383651714
379,1,3202.1666666666665,275.0,248,True,-1.5637805198872543,-1.5637805198872543,-3.1275610397745086
379,2,3588.0,440.0,251,True,-2.2642991544002515,-2.2642991544002515,-4.528598308800503
379,3,3536.0,536.0,253,True,-2.6290630754776085,-2.6290630754776085,-5.258126150955217
380,0,3259.833333333333,248.0,247,True,-1.4678551832132787,-1.4678551832132787,-2.9357103664265574
380,1,2982.833333333333,209.0,246,True,-1.2735085499530236,-1.2735085499530236,-2.5470170999060473
380,2,3556.9999999999995,632.0,254,True,-3.005130222361416,-3.005130222361416,-6.010260444722832
380,3,3516.1666666666665,473.0,252,True,-2.381331913560915,-2.381331913560915,-4.76266382712183
381,0,2969.833333333333,209.0,246,True,-1.2714956467272167,-1.2714956467272167,-2.5429912934544334
381,1,3143.9999999999995,281.0,248,True,-1.5780750391481375,-1.5780750391481375,-3.156150078296275
381,2,3138.0,248.0,247,True,-1.4489906670842474,-1.4489906670842474,-2.897981334168495
381,3,3185.9999999999995,377.0,250,True,-1.9573937989351722,-1.9573937989351722,-3.9147875978703444
382,0,2908.1666666666665,146.0,245,True,-1.0172870654556851,-1.0172870654556851,-2.0345741309113703
382,1,3090.0,185.0,246,True,-1.1968982148449743,-1.1968982148449743,-2.3937964296899485
382,2,3126.333333333333,185.0,246,True,-1.2025240212965875,-1.2025240212965875,-2.405048042593175
382,3,3165.3333333333335,185.0,246,True,-1.2085627309740061,-1.2085627309740061,-2.4171254619480123
383,0,3329.833333333333,536.0,252,True,-2.5971404948324466,-2.5971404948324466,-5.194280989664893
383,1,2915.833333333333,209.0,246,True,-1.2631343564046356,-1.2631343564046356,-2.526268712809271
383,2,2991.1666666666665,146.0,245,True,-1.030138678358911,-1.030138678358911,-2.060277356717822
383,3,2888.833333333333,146.0,245,True,-1.0142935170685885,-1.0142935170685885,-2.028587034137177
384,0,3037.833333333333,266.0,247,True,-1.5033839022862512,-1.5033839022862512,-3.0067678045725024
384,1,2980.0,344.0,248,True,-1.797341684935796,-1.797341684935796,-3.594683369871592
384,2,3194.333333333333,224.0,246,True,-1.3645093642342625,-1.3645093642342625,-2.729018728468525
384,3,3139.833333333333,266.0,247,True,-1.5191774506733475,-1.5191774506733475,-3.038354901346695
385,0,2943.833333333333,266.0,247,True,-1.4888290635765755,-1.4888290635765755,-2.977658127153151
385,1,2955.833333333333,266.0,246,True,-1.4906871280927039,-1.4906871280927039,-2.9813742561854077
385,2,2972.833333333333,209.0,246,True,-1.2719601628562482,-1.2719601628562482,-2.5439203257124965
385,3,2967.833333333333,266.0,247,True,-1.4925451926088322,-1.4925451926088322,-2.9850903852176645
386,0,3136.833333333333,362.0,249,True,-1.8915284685249,-1.8915284685249,-3.7830569370498
386,1,3107.833333333333,362.0,249,True,-1.8870381459442553,-1.8870381459442553,-3.7740762918885107
386,2,3120.833333333333,491.0,252,True,-2.390021922956469,-2.390021922956469,-4.780043845912938
386,3,2949.0,209.0,246,True,-1.2682698402756039,-1.2682698402756039,-2.5365396805512077
387,0,3014.833333333333,209.0,246,True,-1.2784633886627004,-1.2784633886627004,-2.5569267773254007
387,1,3465.833333333333,491.0,250,True,-2.443441277795178,-2.443441277795178,-4.886882555590356
387,2,3067.833333333333,209.0,246,True,-1.2866698402756034,-1.2866698402756034,-2.5733396805512068
387,3,3714.8333333333335,746.0,256,True,-3.472287378640776,-3.472287378640776,-6.944574757281552
388,0,3400.833333333333,401.0,250,True,-2.08386219855935,-2.08386219855935,-4.1677243971187
388,1,3185.0,248.0,247,True,-1.4562680864390873,-1.4562680864390873,-2.9125361728781747
388,2,3511.0,479.0,251,True,-2.403832884434701,-2.403832884434701,-4.807665768869402
388,3,2937.1666666666665,209.0,246,True,-1.2664375822110876,-1.2664375822110876,-2.532875164422175
389,0,3237.833333333333,248.0,247,True,-1.4644487316003758,-1.4644487316003758,-2.9288974632007516
389,1,3294.833333333333,683.0,254,True,-3.162594926401505,-3.162594926401505,-6.32518985280301
389,2,2971.0,242.0,247,True,-1.3998316316943327,-1.3998316316943327,-2.7996632633886653
389,3,2919.833333333333,146.0,245,True,-1.019093517068587,-1.019093517068587,-2.038187034137174
390,0,3213.0,281.0,248,True,-1.588758910115879,-1.588758910115879,-3.177517820231758
390,1,3059.1666666666665,242.0,247,True,-1.4134832445975585,-1.4134832445975585,-2.826966489195117
390,2,3192.3333333333335,185.0,246,True,-1.2127433761352955,-1.2127433761352955,-2.425486752270591
390,3,2999.1666666666665,179.0,246,True,-1.159532727842155,-1.159532727842155,-2.31906545568431
391,0,3222.833333333333,395.0,250,True,-2.032999937362982,-2.032999937362982,-4.065999874725964
391,1,3289.833333333333,338.0,249,True,-1.822014907610398,-1.822014907610398,-3.644029815220796
391,2,3036.833333333333,305.0,248,True,-1.6546853742561862,-1.6546853742561862,-3.3093707485123725
391,3,3117.833333333333,305.0,248,True,-1.6672273097400563,-1.6672273097400563,-3.3344546194801126
392,0,3516.0,767.0,258,True,-3.523053679924836,-3.523053679924836,-7.046107359849672
392,1,3355.3333333333335,512.0,253,True,-2.507884998434074,-2.507884998434074,-5.015769996868148
392,2,3109.833333333333,248.0,247,True,-1.444629376761666,-1.444629376761666,-2.889258753523332
392,3,3462.0,287.0,248,True,-1.6506147196993426,-1.6506147196993426,-3.301229439398685
393,0,2985.0,209.0,246,True,-1.2738440338239903,-1.2738440338239903,-2.5476880676479805
393,1,3153.833333333333,248.0,247,True,-1.4514422799874733,-1.4514422799874733,-2.9028845599749467
393,2,3012.833333333333,209.0,246,True,-1.2781537112433459,-1.2781537112433459,-2.5563074224866917
393,3,2997.0,209.0,246,True,-1.2757020983401193,-1.2757020983401193,-2.5514041966802385
394,0,3117.0,275.0,248,True,-1.550593423113061,-1.550593423113061,-3.101186846226122
394,1,3045.0,146.0,245,True,-1.0384741622298777,-1.0384741622298777,-2.0769483244597553
394,2,2971.0,209.0,246,True,-1.2716762918885067,-1.2716762918885067,-2.5433525837770135
394,3,3314.166666666667,395.0,249,True,-2.0471418728468533,-2.0471418728468533,-4.094283745693707
395,0,3184.833333333333,209.0,246,True,-1.3047859693078612,-1.3047859693078612,-2.6095719386157223
395,1,3042.833333333333,266.0,246,True,-1.5041580958346394,-1.5041580958346394,-3.008316191669279
395,2,3062.833333333333,362.0,248,True,-1.8800704040087715,-1.8800704040087715,-3.760140808017543
395,3,3143.833333333333,362.0,248,True,-1.8926123394926417,-1.8926123394926417,-3.7852246789852835
396,0,2965.0,146.0,245,True,-1.026087065455685,-1.026087065455685,-2.05217413091137
396,1,3430.0,344.0,249,True,-1.867019104290637,-1.867019104290637,-3.734038208581274
396,2,2997.833333333333,266.0,247,True,-1.4971903538991551,-1.4971903538991551,-2.9943807077983102
396,3,3229.0,248.0,247,True,-1.4630809896648937,-1.4630809896648937,-2.9261619793297875
397,0,3027.0,224.0,246,True,-1.3385996868149082,-1.3385996868149082,-2.6771993736298163
397,1,2964.833333333333,209.0,246,True,-1.2707214531788287,-1.2707214531788287,-2.5414429063576573
397,2,3169.0,248.0,247,True,-1.4537906670842478,-1.4537906670842478,-2.9075813341684955
397,3,3039.833333333333,242.0,247,True,-1.4104896962104605,-1.4104896962104605,-2.820979392420921
398,0,3004.833333333333,281.0,248,True,-1.5565266520513628,-1.5565266520513628,-3.1130533041027255
398,1,3148.1666666666665,377.0,250,True,-1.951535734419043,-1.951535734419043,-3.903071468838086
398,2,3044.833333333333,371.0,249,True,-1.9122347635452546,-1.9122347635452546,-3.824469527090509
398,3,3023.1666666666665,281.0,248,True,-1.5593653617287824,-1.5593653617287824,-3.1187307234575647
399,0,3006.0,146.0,245,True,-1.0324354525524595,-1.0324354525524595,-2.064870905104919
399,1,3207.833333333333,458.0,251,True,-2.2753375508925773,-2.2753375508925773,-4.5506751017851546
399,2,3055.0,185.0,246,True,-1.191478860006264,-1.191478860006264,-2.382957720012528
399,3,3042.0,146.0,245,True,-1.0380096461008466,-1.0380096461008466,-2.076019292201693
400,0,3061.0,281.0,248,True,-1.56522342624491,-1.56522342624491,-3.13044685248982
400,1,3022.9999999999995,248.0,247,True,-1.4311842154713432,-1.4311842154713432,-2.8623684309426864
400,2,2939.0,209.0,246,True,-1.266721453178829,-1.266721453178829,-2.533442906357658
400,3,2887.3333333333335,242.0,247,True,-1.3868767929846546,-1.3868767929846546,-2.773753585969309
401,0,3122.0,248.0,247,True,-1.4465132477294091,-1.4465132477294091,-2.8930264954588183
401,1,2947.0,209.0,246,True,-1.2679601628562485,-1.2679601628562485,-2.535920325712497
401,2,3225.9999999999995,281.0,248,True,-1.5907718133416846,-1.5907718133416846,-3.181543626683369
401,3,3071.833333333333,266.0,247,True,-1.5086484184152842,-1.5086484184152842,-3.0172968368305684
402,0,3033.833333333333,209.0,246,True,-1.2814053241465713,-1.2814053241465713,-2.5628106482931425
402,1,2955.0,146.0,245,True,-1.0245386783589114,-1.0245386783589114,-2.049077356717823
402,2,3246.833333333333,434.0,251,True,-2.1881723770748516,-2.1881723770748516,-4.376344754149703
402,3,3268.833333333333,458.0,251,True,-2.284782712182901,-2.284782712182901,-4.569565424365802
403,0,2930.833333333333,209.0,246,True,-1.2654569370497977,-1.2654569370497977,-2.5309138740995953
403,1,3006.833333333333,305.0,248,True,-1.6500402129658636,-1.6500402129658636,-3.300080425931727
403,2,2999.0,281.0,248,True,-1.555623426244911,-1.555623426244911,-3.111246852489822
403,3,2975.0,281.0,247,True,-1.5519072972126544,-1.5519072972126544,-3.103814594425309
404,0,2947.0,209.0,246,True,-1.2679601628562482,-1.2679601628562482,-2.5359203257124965
404,1,2894.833333333333,209.0,246,True,-1.2598827435014097,-1.2598827435014097,-2.5197654870028194
404,2,2966.833333333333,305.0,248,True,-1.6438466645787662,-1.6438466645787662,-3.2876933291575323
404,3,2978.1666666666665,146.0,245,True,-1.028125775133104,-1.028125775133104,-2.056251550266208
405,0,2924.333333333333,185.0,246,True,-1.171246601941748,-1.171246601941748,-2.342493203883496
405,1,2946.833333333333,209.0,246,True,-1.267934356404636,-1.267934356404636,-2.535868712809272
405,2,2970.0,209.0,246,True,-1.2715214531788297,-1.2715214531788297,-2.5430429063576594
405,3,3067.833333333333,203.0,245,True,-1.2633688694018157,-1.2633688694018157,-2.5267377388036314
406,0,3014.833333333333,242.0,247,True,-1.4066187284685263,-1.4066187284685263,-2.8132374569370526
406,1,3122.833333333333,266.0,247,True,-1.5165451926088322,-1.5165451926088322,-3.0330903852176645
406,2,3028.0,185.0,246,True,-1.1872982148449742,-1.1872982148449742,-2.3745964296899484
406,3,2921.0,146.0,245,True,-1.0192741622298784,-1.0192741622298784,-2.038548324459757
407,0,3293.833333333333,344.0,249,True,-1.8459352333228947,-1.8459352333228947,-3.6918704666457893
407,1,3122.833333333333,266.0,247,True,-1.5165451926088314,-1.5165451926088314,-3.0330903852176627
407,2,3142.833333333333,266.0,247,True,-1.5196419668023808,-1.5196419668023808,-3.0392839336047617
407,3,3312.833333333333,344.0,249,True,-1.8488771688067653,-1.8488771688067653,-3.6977543376135307
408,0,3070.833333333333,203.0,246,True,-1.2638333855308481,-1.2638333855308481,-2.5276667710616962
408,1,3172.833333333333,266.0,247,True,-1.5242871280927024,-1.5242871280927024,-3.048574256185405
408,2,3114.833333333333,266.0,247,True,-1.5153064829314125,-1.5153064829314125,-3.030612965862825
408,3,3133.833333333333,266.0,247,True,-1.518248418415283,-1.518248418415283,-3.036496836830566
409,0,3184.833333333333,266.0,247,True,-1.5261451926088314,-1.5261451926088314,-3.052290385217663
409,1,3153.833333333333,266.0,247,True,-1.5213451926088322,-1.5213451926088322,-3.0426903852176643
409,2,2970.0,146.0,245,True,-1.026861259004072,-1.026861259004072,-2.053722518008144
409,3,3484.0,344.0,249,True,-1.8753803946132181,-1.8753803946132181,-3.7507607892264363
410,0,2967.0,146.0,245,True,-1.0263967428750398,-1.0263967428750398,-2.0527934857500796
410,1,3096.0,242.0,247,True,-1.41918647040401,-1.41918647040401,-2.83837294080802
410,2,3097.0,146.0,245,True,-1.0465257751331043,-1.0465257751331043,-2.0930515502662086
410,3,2994.833333333333,209.0,246,True,-1.2753666144691518,-1.2753666144691518,-2.5507332289383036
411,0,2932.1666666666665,146.0,245,True,-1.021003194487943,-1.021003194487943,-2.042006388975886
411,1,3144.0,185.0,246,True,-1.205259505167554,-1.205259505167554,-2.410519010335108
411,2,3044.0,242.0,247,True,-1.4111348575007834,-1.4111348575007834,-2.8222697150015668
411,3,3049.833333333333,146.0,245,True,-1.039222549326653,-1.039222549326653,-2.078445098653306
412,0,3139.1666666666665,299.0,248,True,-1.6472295646727215,-1.6472295646727215,-3.294459129345443
412,1,3164.833333333333,266.0,247,True,-1.5230484184152844,-1.5230484184152844,-3.0460968368305688
412,2,3110.833333333333,266.0,247,True,-1.5146871280927037,-1.5146871280927037,-3.0293742561854073
412,3,3145.833333333333,371.0,250,True,-1.9278734732226763,-1.9278734732226763,-3.8557469464453527
413,0,3149.833333333333,266.0,247,True,-1.5207258377701223,-1.5207258377701223,-3.0414516755402445
413,1,3045.833333333333,266.0,247,True,-1.5046226119636708,-1.5046226119636708,-3.0092452239273415
413,2,2898.0,209.0,246,True,-1.2603730660820556,-1.2603730660820556,-2.520746132164111
413,3,3082.833333333333,305.0,248,True,-1.6618079549013465,-1.6618079549013465,-3.323615909802693
414,0,3407.833333333333,458.0,251,True,-2.306305292828063,-2.306305292828063,-4.612610585656126
414,1,3175.833333333333,209.0,246,True,-1.3033924209207652,-1.3033924209207652,-2.6067848418415305
414,2,3205.9999999999995,287.0,248,True,-1.6109760100219217,-1.6109760100219217,-3.2219520200438434
414,3,3183.833333333333,458.0,251,True,-2.2716214218603206,-2.2716214218603206,-4.543242843720641
415,0,3147.833333333333,266.0,247,True,-1.5204161603507675,-1.5204161603507675,-3.040832320701535
415,1,3169.0,248.0,247,True,-1.453790667084247,-1.453790667084247,-2.907581334168494
415,2,3034.0,305.0,248,True,-1.6542466645787683,-1.6542466645787683,-3.3084933291575367
415,3,3207.833333333333,266.0,247,True,-1.5297064829314118,-1.5297064829314118,-3.0594129658628235
416,0,3061.0,146.0,245,True,-1.0409515815847181,-1.0409515815847181,-2.0819031631694362
416,1,3051.0,146.0,245,True,-1.0394031944879436,-1.0394031944879436,-2.078806388975887
416,2,3163.833333333333,266.0,247,True,-1.522893579705606,-1.522893579705606,-3.045787159411212
416,3,3165.0,146.0,245,True,-1.0570548073911692,-1.0570548073911692,-2.1141096147823384
417,0,3656.833333333333,1130.0,265,True,-4.954568869401815,-4.954568869401815,-9.90913773880363
417,1,3528.833333333333,746.0,257,True,-3.443487378640776,-3.443487378640776,-6.886974757281552
417,2,3020.0,146.0,245,True,-1.0346031944879437,-1.0346031944879437,-2.0692063889758874
417,3,3572.833333333333,938.0,260,True,-4.195931349827748,-4.195931349827748,-8.391862699655496
418,0,3082.833333333333,266.0,247,True,-1.5103516442217353,-1.5103516442217353,-3.0207032884434706
418,1,3068.833333333333,209.0,246,True,-1.286824678985281,-1.286824678985281,-2.573649357970562
418,2,3225.1666666666665,491.0,252,True,-2.406176761666143,-2.406176761666143,-4.812353523332286
418,3,3172.833333333333,458.0,251,True,-2.2699181960538675,-2.2699181960538675,-4.539836392107735
419,0,3198.833333333333,203.0,246,True,-1.2836527403695583,-1.2836527403695583,-2.5673054807391167
419,1,3156.833333333333,299.0,248,True,-1.6499650485436894,-1.6499650485436894,-3.299930097087379
419,2,3154.0,305.0,248,True,-1.672827309740057,-1.672827309740057,-3.345654619480114
419,3,3128.833333333333,332.0,249,True,-1.7737849044785479,-1.7737849044785479,-3.5475698089570957
420,0,3024.1666666666665,203.0,246,True,-1.2566075790792361,-1.2566075790792361,-2.5132151581584723
420,1,3017.833333333333,266.0,247,True,-1.5002871280927035,-1.5002871280927035,-3.000574256185407
420,2,2939.833333333333,179.0,246,True,-1.1503456310679618,-1.1503456310679618,-2.3006912621359237
420,3,3007.833333333333,203.0,246,True,-1.254078546821172,-1.254078546821172,-2.508157093642344
421,0,3103.833333333333,266.0,246,True,-1.5136032571249631,-1.5136032571249631,-3.0272065142499263
421,1,3168.833333333333,266.0,246,True,-1.5236677732539945,-1.5236677732539945,-3.047335546507989
421,2,2964.0,146.0,245,True,-1.0259322267460083,-1.0259322267460083,-2.0518644534920165
421,3,3155.0,242.0,247,True,-1.4283219542749777,-1.4283219542749777,-2.8566439085499553
422,0,3242.8333333333335,395.0,249,True,-2.03609671155653,-2.03609671155653,-4.07219342311306
422,1,3018.833333333333,146.0,245,True,-1.034422549326653,-1.034422549326653,-2.068845098653306
422,2,3049.833333333333,185.0,246,True,-1.1906788600062628,-1.1906788600062628,-2.3813577200125255
422,3,3276.9999999999995,377.0,250,True,-1.971484121515817,-1.971484121515817,-3.942968243031634
423,0,3016.1666666666665,209.0,246,True,-1.2786698402756036,-1.2786698402756036,-2.557339680551207
423,1,2927.0,209.0,246,True,-1.2648633886627005,-1.2648633886627005,-2.529726777325401
423,2,3282.166666666667,428.0,249,True,-2.170342373943001,-2.170342373943001,-4.340684747886002
423,3,2986.833333333333,242.0,247,True,-1.4022832445975586,-1.4022832445975586,-2.804566489195117
424,0,2869.0,209.0,246,True,-1.2558827435014097,-1.2558827435014097,-2.5117654870028194
424,1,2982.0,209.0,246,True,-1.2733795176949583,-1.2733795176949583,-2.5467590353899165
424,2,2952.333333333333,185.0,246,True,-1.175582085812716,-1.175582085812716,-2.351164171625432
424,3,3196.9999999999995,248.0,247,True,-1.4581261509552155,-1.4581261509552155,-2.916252301910431
425,0,3003.833333333333,266.0,246,True,-1.4981193861572204,-1.4981193861572204,-2.996238772314441
425,1,3389.1666666666665,236.0,246,True,-1.441279047917321,-1.441279047917321,-2.882558095834642
425,2,3141.1666666666665,185.0,246,True,-1.2048207954901364,-1.2048207954901364,-2.409641590980273
425,3,2989.0,209.0,246,True,-1.2744633886627,-1.2744633886627,-2.5489267773254
426,0,3305.0,377.0,250,True,-1.975819605386784,-1.975819605386784,-3.951639210773568
426,1,3314.833333333333,185.0,245,True,-1.231711118070782,-1.231711118070782,-2.463422236141564
426,2,3184.833333333333,248.0,247,True,-1.4562422799874741,-1.4562422799874741,-2.9124845599749483
426,3,3634.833333333333,632.0,254,True,-3.0171818352646427,-3.0171818352646427,-6.034363670529285
427,0,3121.0,224.0,247,True,-1.3531545255245852,-1.3531545255245852,-2.7063090510491703
427,1,3043.9999999999995,248.0,247,True,-1.4344358283745693,-1.4344358283745693,-2.8688716567491386
427,2,3383.833333333333,344.0,249,True,-1.859870717193864,-1.859870717193864,-3.719741434387728
427,3,3268.833333333333,401.0,250,True,-2.0634234888819307,-2.0634234888819307,-4.1268469777638614
428,0,3142.833333333333,203.0,245,True,-1.2749817726276247,-1.2749817726276247,-2.5499635452552494
428,1,3000.8333333333335,266.0,246,True,-1.4976548700281886,-1.4976548700281886,-2.9953097400563773
428,2,3346.833333333333,248.0,247,True,-1.481326150955215,-1.481326150955215,-2.96265230191043
428,3,2964.833333333333,203.0,246,True,-1.2474204823050439,-1.2474204823050439,-2.4948409646100878
429,0,3026.0,209.0,246,True,-1.280192420920765,-1.280192420920765,-2.56038484184153
429,1,3300.833333333333,281.0,248,True,-1.6023589101158795,-1.6023589101158795,-3.204717820231759
429,2,3156.833333333333,179.0,246,True,-1.1839456310679606,-1.1839456310679606,-2.367891262135921
429,3,3123.833333333333,209.0,246,True,-1.2953408080175393,-1.2953408080175393,-2.5906816160350785
430,0,2971.1666666666665,203.0,245,True,-1.2484011274663334,-1.2484011274663334,-2.4968022549326667
430,1,2939.0,146.0,245,True,-1.0220612590040723,-1.0220612590040723,-2.0441225180081446
430,2,3100.0,185.0,246,True,-1.1984466019417481,-1.1984466019417481,-2.3968932038834962
430,3,3146.833333333333,362.0,248,True,-1.8930768556216737,-1.8930768556216737,-3.7861537112433474
431,0,3080.833333333333,266.0,247,True,-1.510041966802382,-1.510041966802382,-3.020083933604764
431,1,3012.0,209.0,246,True,-1.2780246789852812,-1.2780246789852812,-2.5560493579705623
431,2,3189.833333333333,305.0,248,True,-1.6783756968368313,-1.6783756968368313,-3.3567513936736626
431,3,3075.833333333333,248.0,247,True,-1.439364860632635,-1.439364860632635,-2.87872972126527
432,0,3118.833333333333,248.0,247,True,-1.4460229251487628,-1.4460229251487628,-2.8920458502975257
432,1,3622.0,479.0,252,True,-2.4210199812088966,-2.4210199812088966,-4.842039962417793
432,2,3543.9999999999995,383.0,250,True,-2.036127027873474,-2.036127027873474,-4.072254055746948
432,3,3342.0,287.0,248,True,-1.6320340745380522,-1.6320340745380522,-3.2640681490761043
433,0,3019.833333333333,266.0,247,True,-1.500596805512058,-1.500596805512058,-3.001193611024116
433,1,3166.1666666666665,185.0,246,True,-1.2086917632320706,-1.2086917632320706,-2.4173835264641412
433,2,2924.0,209.0,246,True,-1.2643988725336686,-1.2643988725336686,-2.528797745067337
433,3,3543.0,344.0,249,True,-1.8845158784841847,-1.8845158784841847,-3.7690317569683693
434,0,2920.833333333333,242.0,247,True,-1.3920638897588484,-1.3920638897588484,-2.784127779517697
434,1,3066.833333333333,209.0,246,True,-1.286515001565926,-1.286515001565926,-2.573030003131852
434,2,3100.833333333333,299.0,248,True,-1.6412940808017542,-1.6412940808017542,-3.2825881616035084
434,3,2957.0,209.0,246,True,-1.2695085499530236,-1.2695085499530236,-2.5390170999060473
435,0,2974.0,209.0,246,True,-1.2721408080175394,-1.2721408080175394,-2.5442816160350787
435,1,2962.1666666666665,362.0,249,True,-1.8644833072345768,-1.8644833072345768,-3.7289666144691536
435,2,3321.0,224.0,247,True,-1.3841222674600684,-1.3841222674600684,-2.768244534920137
435,3,2932.0,209.0,246,True,-1.2656375822110872,-1.2656375822110872,-2.5312751644221745
436,0,3106.833333333333,281.0,248,True,-1.5723202004384602,-1.5723202004384602,-3.1446404008769204
436,1,3242.333333333333,185.0,246,True,-1.220485311619167,-1.220485311619167,-2.440970623238334
436,2,2943.833333333333,209.0,246,True,-1.2674698402756042,-1.2674698402756042,-2.5349396805512083
436,3,2912.833333333333,209.0,246,True,-1.2626698402756045,-1.2626698402756045,-2.525339680551209
437,0,2917.0,209.0,246,True,-1.2633150015659267,-1.2633150015659267,-2.5266300031318534
437,1,3542.0,344.0,249,True,-1.8843610397745076,-1.8843610397745076,-3.7687220795490153
437,2,2958.0,209.0,246,True,-1.269663388662701,-1.269663388662701,-2.539326777325402
437,3,2955.833333333333,266.0,247,True,-1.4906871280927032,-1.4906871280927032,-2.9813742561854064
438,0,2970.833333333333,362.0,249,True,-1.865825242718449,-1.865825242718449,-3.731650485436898
438,1,2923.0,209.0,246,True,-1.2642440338239902,-1.2642440338239902,-2.5284880676479804
438,2,3239.833333333333,242.0,247,True,-1.4414574381459453,-1.4414574381459453,-2.8829148762918906
438,3,2939.833333333333,266.0,247,True,-1.4882097087378658,-1.4882097087378658,-2.9764194174757317
439,0,3052.0,248.0,247,True,-1.435674538051989,-1.435674538051989,-2.871349076103978
439,1,2948.833333333333,209.0,246,True,-1.2682440338239909,-1.2682440338239909,-2.5364880676479817
439,2,2992.833333333333,266.0,246,True,-1.49641616035077,-1.49641616035077,-2.99283232070154
439,3,2872.0,146.0,245,True,-1.0116870654556855,-1.0116870654556855,-2.023374130911371
440,0,2950.833333333333,248.0,246,True,-1.4200100219229568,-1.4200100219229568,-2.8400200438459136
440,1,2937.0,209.0,246,True,-1.2664117757594748,-1.2664117757594748,-2.5328235515189497
440,2,3010.8333333333335,299.0,248,True,-1.6273585969307878,-1.6273585969307878,-3.2547171938615755
440,3,3027.833333333333,362.0,249,True,-1.8746510491700608,-1.8746510491700608,-3.7493020983401215
441,0,3133.0,248.0,247,True,-1.44821647353586,-1.44821647353586,-2.89643294707172
441,1,2966.833333333333,209.0,245,True,-1.2710311305981845,-1.2710311305981845,-2.542062261196369
441,2,3334.0,383.0,250,True,-2.003610898841216,-2.003610898841216,-4.007221797682432
441,3,3005.0,248.0,247,True,-1.4283971186971507,-1.4283971186971507,-2.8567942373943014
442,0,2996.833333333333,242.0,247,True,-1.4038316316943316,-1.4038316316943316,-2.807663263388663
442,1,2935.833333333333,209.0,246,True,-1.2662311305981848,-1.2662311305981848,-2.5324622611963696
442,2,3011.833333333333,146.0,245,True,-1.0333386783589102,-1.0333386783589102,-2.0666773567178205
442,3,3333.1666666666665,338.0,249,True,-1.828724585029753,-1.828724585029753,-3.657449170059506
443,0,2884.833333333333,203.0,246,True,-1.2350333855308504,-1.2350333855308504,-2.470066771061701
443,1,3051.1666666666665,122.0,245,True,-0.9462251174444107,-0.9462251174444107,-1.8924502348888215
443,2,2907.0,242.0,247,True,-1.389921954274977,-1.389921954274977,-2.779843908549954
443,3,3181.0,248.0,247,True,-1.4556487316003768,-1.4556487316003768,-2.9112974632007536
444,0,3491.0,416.0,251,True,-2.1560759160663947,-2.1560759160663947,-4.312151832132789
444,1,3107.3333333333335,320.0,249,True,-1.7238539304729095,-1.7238539304729095,-3.447707860945819
444,2,3141.833333333333,185.0,246,True,-1.2049240212965864,-1.2049240212965864,-2.4098480425931728
444,3,3323.3333333333335,224.0,247,True,-1.3844835577826493,-1.3844835577826493,-2.7689671155652986
445,0,2898.833333333333,146.0,245,True,-1.0158419041653624,-1.0158419041653624,-2.0316838083307247
445,1,2976.833333333333,203.0,246,True,-1.2492785468211731,-1.2492785468211731,-2.4985570936423462
445,2,3044.833333333333,209.0,246,True,-1.283108549953023,-1.283108549953023,-2.566217099906046
445,3,2933.1666666666665,203.0,246,True,-1.242517256498593,-1.242517256498593,-2.485034512997186
446,0,2880.833333333333,203.0,246,True,-1.234414030692141,-1.234414030692141,-2.468828061384282
446,1,2994.0,209.0,246,True,-1.2752375822110873,-1.2752375822110873,-2.5504751644221746
446,2,3094.9999999999995,344.0,249,True,-1.815148136548701,-1.815148136548701,-3.630296273097402
446,3,3276.833333333333,338.0,249,True,-1.820002004384591,-1.820002004384591,-3.640004008769182
447,0,2971.833333333333,146.0,245,True,-1.027145129971814,-1.027145129971814,-2.054290259943628
447,1,3033.833333333333,209.0,246,True,-1.2814053241465717,-1.2814053241465717,-2.5628106482931434
447,2,3555.0,377.0,250,True,-2.0145292828061394,-2.0145292828061394,-4.029058565612279
447,3,3304.0,320.0,249,True,-1.754305543376136,-1.754305543376136,-3.508611086752272
448,0,3192.9999999999995,185.0,245,True,-1.2128466019417479,-1.2128466019417479,-2.4256932038834957
448,1,3107.833333333333,305.0,248,True,-1.6656789226432815,-1.6656789226432815,-3.331357845286563
448,2,2951.833333333333,146.0,245,True,-1.024048355778266,-1.024048355778266,-2.048096711556532
448,3,3003.833333333333,266.0,246,True,-1.4981193861572202,-1.4981193861572202,-2.9962387723144404
449,0,3197.833333333333,281.0,248,True,-1.5864105230191048,-1.5864105230191048,-3.1728210460382096
449,1,3076.833333333333,242.0,247,True,-1.4162187284685253,-1.4162187284685253,-2.8324374569370505
449,2,3091.833333333333,266.0,247,True,-1.5117451926088337,-1.5117451926088337,-3.0234903852176673
449,3,3290.0,320.0,248,True,-1.7521378014406523,-1.7521378014406523,-3.5042756028813047
450,0,3475.1666666666665,587.0,254,True,-2.817701973066084,-2.817701973066084,-5.635403946132168
450,1,3354.0,473.0,252,True,-2.3562222361415617,-2.3562222361415617,-4.712444472283123
450,2,3049.0,146.0,245,True,-1.039093517068589,-1.039093517068589,-2.078187034137178
450,3,3070.0,242.0,247,True,-1.4151606639523973,-1.4151606639523973,-2.8303213279047945
451,0,3366.833333333333,473.0,252,True,-2.3582093329157527,-2.3582093329157527,-4.7164186658315055
451,1,3186.0,434.0,251,True,-2.178753022236142,-2.178753022236142,-4.357506044472284
451,2,3734.833333333333,908.0,255,True,-4.10451036642656,-4.10451036642656,-8.20902073285312
451,3,3240.3333333333335,377.0,250,True,-1.9658067021609784,-1.9658067021609784,-3.931613404321957
452,0,3163.0,338.0,249,True,-1.8023761979329798,-1.8023761979329798,-3.6047523958659595
452,1,3015.833333333333,242.0,247,True,-1.406773567178203,-1.406773567178203,-2.813547134356406
452,2,3004.0,146.0,245,True,-1.0321257751331039,-1.0321257751331039,-2.0642515502662078
452,3,3569.833333333333,587.0,254,True,-2.832360037582213,-2.832360037582213,-5.664720075164426
453,0,3474.3333333333335,500.0,253,True,-2.479708863138116,-2.479708863138116,-4.959417726276232
453,1,3328.833333333333,491.0,252,True,-2.4222283745693702,-2.4222283745693702,-4.8444567491387405
453,2,3452.833333333333,500.0,252,True,-2.47637983088005,-2.47637983088005,-4.9527596617601
453,3,3394.0,440.0,251,True,-2.2342604447228327,-2.2342604447228327,-4.468520889445665
454,0,3526.3333333333335,692.0,257,True,-3.2333915440025063,-3.2333915440025063,-6.466783088005013
454,1,3508.833333333333,428.0,251,True,-2.20543914813655,-2.20543914813655,-4.4108782962731
454,2,3603.1666666666665,491.0,251,True,-2.464705793924211,-2.464705793924211,-4.929411587848422
454,3,3167.9999999999995,224.0,247,True,-1.3604319448794249,-1.3604319448794249,-2.7208638897588497
455,0,3362.0,377.0,250,True,-1.9846454118383978,-1.9846454118383978,-3.9692908236767956
455,1,3600.833333333333,650.0,255,True,-3.08182023175697,-3.08182023175697,-6.16364046351394
455,2,3571.833333333333,683.0,256,True,-3.205485248982148,-3.205485248982148,-6.410970497964296
455,3,3337.833333333333,473.0,252,True,-2.3537190103351096,-2.3537190103351096,-4.707438020670219
456,0,3332.9999999999995,377.0,250,True,-1.980155089257753,-1.980155089257753,-3.960310178515506
456,1,3204.833333333333,491.0,252,True,-2.4030283745693715,-2.4030283745693715,-4.806056749138743
456,2,3401.1666666666665,497.0,251,True,-2.456729345443159,-2.456729345443159,-4.913458690886318
456,3,3352.1666666666665,179.0,246,True,-1.2141907923582844,-1.2141907923582844,-2.428381584716569
457,0,3262.833333333333,434.0,251,True,-2.1906497964296916,-2.1906497964296916,-4.381299592859383
457,1,3476.9999999999995,785.0,258,True,-3.5869178828687764,-3.5869178828687764,-7.173835765737553
457,2,3407.3333333333335,569.0,254,True,-2.7372958346382723,-2.7372958346382723,-5.474591669276545
457,3,3381.1666666666665,506.0,253,True,-2.4885840275602877,-2.4885840275602877,-4.9771680551205755
458,0,3282.833333333333,299.0,248,True,-1.6694747259630471,-1.6694747259630471,-3.3389494519260943
458,1,3471.833333333333,593.0,254,True,-2.8404868149076115,-2.8404868149076115,-5.680973629815223
458,2,3095.9999999999995,242.0,247,True,-1.419186470404009,-1.419186470404009,-2.838372940808018
458,3,3266.833333333333,248.0,247,True,-1.4689390541810219,-1.4689390541810219,-2.9378781083620438
459,0,3376.0,320.0,249,True,-1.7654539304729095,-1.7654539304729095,-3.530907860945819
459,1,3387.833333333333,569.0,254,True,-2.7342764797995645,-2.7342764797995645,-5.468552959599129
459,2,3179.3333333333335,224.0,247,True,-1.3621867835891013,-1.3621867835891013,-2.7243735671782026
459,3,3230.0,377.0,250,True,-1.9642067021609781,-1.9642067021609781,-3.9284134043219563
460,0,3050.1666666666665,281.0,248,True,-1.5635460068900726,-1.5635460068900726,-3.1270920137801452
460,1,3045.0,242.0,247,True,-1.411289696210462,-1.411289696210462,-2.822579392420924
460,2,3230.833333333333,473.0,252,True,-2.3371512683996247,-2.3371512683996247,-4.6743025367992495
460,3,3076.0,242.0,247,True,-1.4160896962104605,-1.4160896962104605,-2.832179392420921
461,0,2945.833333333333,209.0,246,True,-1.2677795176949582,-1.2677795176949582,-2.5355590353899164
461,1,2961.1666666666665,371.0,250,True,-1.8992799248355776,-1.8992799248355776,-3.7985598496711552
461,2,3363.8333333333335,554.0,252,True,-2.672307923582839,-2.672307923582839,-5.344615847165678
461,3,3158.833333333333,305.0,248,True,-1.6735756968368316,-1.6735756968368316,-3.347151393673663
462,0,2949.833333333333,209.0,246,True,-1.2683988725336677,-1.2683988725336677,-2.5367977450673354
462,1,2923.0,209.0,246,True,-1.2642440338239909,-1.2642440338239909,-2.5284880676479817
462,2,3084.3333333333335,224.0,247,True,-1.3474771061697464,-1.3474771061697464,-2.6949542123394927
462,3,3405.3333333333335,377.0,250,True,-1.9913550892577527,-1.9913550892577527,-3.9827101785155055
463,0,3040.833333333333,299.0,248,True,-1.6320037582211113,-1.6320037582211113,-3.2640075164422226
463,1,2855.833333333333,209.0,246,True,-1.2538440338239905,-1.2538440338239905,-2.507688067647981
463,2,3048.833333333333,248.0,247,True,-1.4351842154713434,-1.4351842154713434,-2.870368430942687
463,3,3037.333333333333,185.0,246,True,-1.1887433761352968,-1.1887433761352968,-2.3774867522705936
464,0,3193.833333333333,338.0,249,True,-1.807150391481367,-1.807150391481367,-3.614300782962734
464,1,3089.0,287.0,248,True,-1.5928598809896652,-1.5928598809896652,-3.1857197619793305
464,2,3272.1666666666665,377.0,250,True,-1.9707357344190428,-1.9707357344190428,-3.9414714688380856
464,3,3072.0,248.0,247,True,-1.4387713122455372,-1.4387713122455372,-2.8775426244910745
465,0,3349.9999999999995,281.0,248,True,-1.609971813341685,-1.609971813341685,-3.21994362668337
465,1,2931.0,242.0,247,True,-1.3936380833072362,-1.3936380833072362,-2.7872761666144723
465,2,2916.833333333333,209.0,246,True,-1.2632891951143133,-1.2632891951143133,-2.5265783902286265
465,3,3295.9999999999995,344.0,249,True,-1.8462707171938633,-1.8462707171938633,-3.6925414343877265
466,0,2885.833333333333,209.0,246,True,-1.2584891951143131,-1.2584891951143131,-2.5169783902286262
466,1,2878.833333333333,209.0,246,True,-1.2574053241465717,-1.2574053241465717,-2.5148106482931434
466,2,3199.3333333333335,377.0,250,True,-1.9594583150642029,-1.9594583150642029,-3.9189166301284057
466,3,3172.833333333333,458.0,251,True,-2.2699181960538706,-2.2699181960538706,-4.539836392107741
467,0,2945.833333333333,305.0,248,True,-1.6405950516755403,-1.6405950516755403,-3.2811901033510806
467,1,3017.833333333333,266.0,247,True,-1.5002871280927037,-1.5002871280927037,-3.0005742561854074
467,2,2916.833333333333,266.0,247,True,-1.484648418415283,-1.484648418415283,-2.969296836830566
467,3,2854.1666666666665,209.0,246,True,-1.253585969307862,-1.253585969307862,-2.507171938615724
468,0,2930.1666666666665,275.0,248,True,-1.521664390854996,-1.521664390854996,-3.043328781709992
468,1,3087.833333333333,332.0,249,True,-1.767436517381774,-1.767436517381774,-3.534873034763548
468,2,3092.833333333333,458.0,251,True,-2.257531099279674,-2.257531099279674,-4.515062198559348
468,3,2889.0,209.0,246,True,-1.258979517694958,-1.258979517694958,-2.517959035389916
469,0,3025.9999999999995,314.0,249,True,-1.6879594112120269,-1.6879594112120269,-3.3759188224240537
469,1,2924.833333333333,401.0,250,True,-2.010158972752897,-2.010158972752897,-4.020317945505794
469,2,2895.0,146.0,245,True,-1.0152483557782663,-1.0152483557782663,-2.0304967115565327
469,3,2909.833333333333,242.0,247,True,-1.3903606639523969,-1.3903606639523969,-2.7807213279047938
470,0,2931.0,281.0,247,True,-1.5450943939868471,-1.5450943939868471,-3.0901887879736942
470,1,2959.833333333333,275.0,248,True,-1.5262579392420932,-1.5262579392420932,-3.0525158784841864
470,2,3021.0,275.0,248,True,-1.5357289069840279,-1.5357289069840279,-3.0714578139680557
470,3,2889.833333333333,209.0,246,True,-1.259108549953023,-1.259108549953023,-2.518217099906046
471,0,2881.833333333333,209.0,246,True,-1.2578698402756034,-1.2578698402756034,-2.515739680551207
471,1,3186.833333333333,458.0,251,True,-2.2720859379893517,-2.2720859379893517,-4.544171875978703
471,2,3191.0,281.0,248,True,-1.585352458502977,-1.585352458502977,-3.170704917005954
471,3,2886.0,209.0,246,True,-1.258515001565926,-1.258515001565926,-2.517030003131852
472,0,3194.833333333333,362.0,249,True,-1.9005091136861891,-1.9005091136861891,-3.8010182273723783
472,1,2865.0,209.0,246,True,-1.255263388662701,-1.255263388662701,-2.510526777325402
472,2,3076.333333333333,224.0,247,True,-1.3462383964923275,-1.3462383964923275,-2.692476792984655
472,3,3118.833333333333,266.0,247,True,-1.515925837770122,-1.515925837770122,-3.031851675540244
473,0,2977.833333333333,299.0,248,True,-1.6222489195114325,-1.6222489195114325,-3.244497839022865
473,1,2916.833333333333,248.0,247,True,-1.4147455057939258,-1.4147455057939258,-2.8294910115878515
473,2,2925.833333333333,305.0,248,True,-1.6374982774819933,-1.6374982774819933,-3.2749965549639866
473,3,3111.833333333333,266.0,247,True,-1.5148419668023811,-1.5148419668023811,-3.0296839336047623
474,0,2888.833333333333,266.0,247,True,-1.4803129345443164,-1.4803129345443164,-2.960625869088633
474,1,2970.9999999999995,248.0,247,True,-1.4231326025681192,-1.4231326025681192,-2.8462652051362385
474,2,2976.1666666666665,266.0,247,True,-1.493835515189478,-1.493835515189478,-2.987671030378956
474,3,2853.1666666666665,146.0,245,True,-1.0087709364234267,-1.0087709364234267,-2.0175418728468535
475,0,3116.9999999999995,248.0,247,True,-1.4457390541810213,-1.4457390541810213,-2.8914781083620427
475,1,3165.1666666666665,383.0,250,True,-1.9774689633573452,-1.9774689633573452,-3.9549379267146905
475,2,3069.833333333333,248.0,247,True,-1.4384358283745702,-1.4384358283745702,-2.8768716567491404
475,3,2892.833333333333,209.0,246,True,-1.2595730660820557,-1.2595730660820557,-2.5191461321641113
476,0,2912.833333333333,209.0,246,True,-1.2626698402756031,-1.2626698402756031,-2.5253396805512063
476,1,2934.833333333333,266.0,246,True,-1.4874355151894791,-1.4874355151894791,-2.9748710303789583
476,2,3116.3333333333335,185.0,246,True,-1.2009756341998137,-1.2009756341998137,-2.4019512683996274
476,3,3248.9999999999995,320.0,248,True,-1.7457894143438792,-1.7457894143438792,-3.4915788286877585
477,0,2950.0,209.0,246,True,-1.2684246789852809,-1.2684246789852809,-2.5368493579705618
477,1,2980.833333333333,248.0,247,True,-1.4246551832132788,-1.4246551832132788,-2.8493103664265576
477,2,2909.833333333333,209.0,246,True,-1.2622053241465714,-1.2622053241465714,-2.5244106482931428
477,3,2935.0,209.0,246,True,-1.26610209834012,-1.26610209834012,-2.53220419668024
478,0,2981.0,281.0,248,True,-1.5528363294707181,-1.5528363294707181,-3.1056726589414363
478,1,2938.1666666666665,266.0,247,True,-1.4879516442217362,-1.4879516442217362,-2.9759032884434724
478,2,2915.0,209.0,246,True,-1.2630053241465717,-1.2630053241465717,-2.5260106482931435
478,3,2855.1666666666665,209.0,246,True,-1.2537408080175394,-1.2537408080175394,-2.507481616035079
479,0,2945.8333333333335,266.0,246,True,-1.48913874099593,-1.48913874099593,-2.97827748199186
479,1,3028.833333333333,362.0,249,True,-1.8748058878797387,-1.8748058878797387,-3.7496117757594774
479,2,2890.833333333333,266.0,247,True,-1.480622611963672,-1.480622611963672,-2.961245223927344
479,3,3168.9999999999995,248.0,247,True,-1.4537906670842475,-1.4537906670842475,-2.907581334168495
480,0,2898.0,305.0,248,True,-1.6331886000626379,-1.6331886000626379,-3.2663772001252758
480,1,2900.833333333333,209.0,246,True,-1.2608117757594748,-1.2608117757594748,-2.5216235515189496
480,2,2963.833333333333,266.0,247,True,-1.4919258377701234,-1.4919258377701234,-2.983851675540247
480,3,2923.1666666666665,203.0,246,True,-1.2409688694018175,-1.2409688694018175,-2.481937738803635
481,0,3166.9999999999995,185.0,246,True,-1.2088207954901355,-1.2088207954901355,-2.417641590980271
481,1,2955.833333333333,266.0,246,True,-1.490687128092705,-1.490687128092705,-2.98137425618541
481,2,3194.833333333333,248.0,247,True,-1.457790667084248,-1.457790667084248,-2.915581334168496
481,3,2896.833333333333,209.0,246,True,-1.260192420920765,-1.260192420920765,-2.52038484184153
482,0,2982.833333333333,266.0,247,True,-1.4948677732539948,-1.4948677732539948,-2.9897355465079896
482,1,2900.0,209.0,246,True,-1.2606827435014103,-1.2606827435014103,-2.5213654870028206
482,2,2981.833333333333,248.0,247,True,-1.4248100219229567,-1.4248100219229567,-2.8496200438459134
482,3,2912.833333333333,242.0,247,True,-1.390825180081429,-1.390825180081429,-2.781650360162858
483,0,3090.833333333333,338.0,248,True,-1.7912020043845913,-1.7912020043845913,-3.5824040087691826
483,1,3089.0,248.0,247,True,-1.4414035703100543,-1.4414035703100543,-2.8828071406201086
483,2,2919.0,209.0,246,True,-1.2636246789852807,-1.2636246789852807,-2.5272493579705615
483,3,2903.1666666666665,209.0,246,True,-1.261173066082055,-1.261173066082055,-2.52234613216411
484,0,3012.1666666666665,362.0,249,True,-1.8722252427184474,-1.8722252427184474,-3.7444504854368947
484,1,3169.833333333333,314.0,249,True,-1.7102303789539623,-1.7102303789539623,-3.4204607579079247
484,2,2861.833333333333,209.0,246,True,-1.254773066082056,-1.254773066082056,-2.509546132164112
484,3,2950.833333333333,299.0,248,True,-1.6180682743501424,-1.6180682743501424,-3.236136548700285
485,0,3090.833333333333,458.0,251,True,-2.25722142186032,-2.25722142186032,-4.51444284372064
485,1,2992.3333333333335,275.0,248,True,-1.5312901973066095,-1.5312901973066095,-3.062580394613219
485,2,3057.1666666666665,365.0,250,True,-1.890843470090825,-1.890843470090825,-3.78168694018165
485,3,3029.0,275.0,248,True,-1.536967616661447,-1.536967616661447,-3.073935233322894
486,0,2971.1666666666665,401.0,250,True,-2.0173331663012846,-2.0173331663012846,-4.034666332602569
486,1,3234.9999999999995,632.0,255,True,-2.9552721578452865,-2.9552721578452865,-5.910544315690573
486,2,3139.833333333333,458.0,250,True,-2.264808518634515,-2.264808518634515,-4.52961703726903
486,3,3004.833333333333,395.0,250,True,-1.999245098653305,-1.999245098653305,-3.99849019730661
487,0,3352.833333333333,875.0,260,True,-3.9172066395239593,-3.9172066395239593,-7.834413279047919
487,1,3132.833333333333,530.0,252,True,-2.543336298152209,-2.543336298152209,-5.086672596304418
487,2,3073.833333333333,554.0,253,True,-2.6274046977763854,-2.6274046977763854,-5.254809395552771
487,3,3073.833333333333,434.0,250,True,-2.1613852803006584,-2.1613852803006584,-4.322770560601317
488,0,3202.833333333333,650.0,255,True,-3.0201944253053554,-3.0201944253053554,-6.040388850610711
488,1,3055.0,248.0,247,True,-1.4361390541810217,-1.4361390541810217,-2.8722781083620434
488,2,3188.833333333333,491.0,252,True,-2.4005509552145328,-2.4005509552145328,-4.8011019104290655
488,3,3019.833333333333,338.0,249,True,-1.7802084559974953,-1.7802084559974953,-3.5604169119949907
489,0,3123.0,281.0,248,True,-1.5748234262449117,-1.5748234262449117,-3.1496468524898233
489,1,3028.1666666666665,266.0,247,True,-1.5018871280927035,-1.5018871280927035,-3.003774256185407
489,2,3046.833333333333,242.0,247,True,-1.4115735671782028,-1.4115735671782028,-2.8231471343564056
489,3,3284.9999999999995,410.0,251,True,-2.1008781709990623,-2.1008781709990623,-4.2017563419981245
490,0,2939.833333333333,209.0,246,True,-1.266850485436895,-1.266850485436895,-2.53370097087379
490,1,3224.0,248.0,247,True,-1.4623067961165053,-1.4623067961165053,-2.9246135922330105
490,2,3136.833333333333,242.0,247,True,-1.4255090510491708,-1.4255090510491708,-2.8510181020983416
490,3,3054.1666666666665,299.0,248,True,-1.6340682743501413,-1.6340682743501413,-3.2681365487002827
491,0,3232.0,224.0,247,True,-1.3703416222987785,-1.3703416222987785,-2.740683244597557
491,1,2957.833333333333,209.0,246,True,-1.2696375822110866,-1.2696375822110866,-2.539275164422173
491,2,2992.833333333333,266.0,247,True,-1.4964161603507675,-1.4964161603507675,-2.992832320701535
491,3,2955.0,209.0,246,True,-1.2691988725336676,-1.2691988725336676,-2.538397745067335
492,0,3243.0,248.0,247,True,-1.4652487316003764,-1.4652487316003764,-2.9304974632007528
492,1,2950.0,146.0,245,True,-1.0237644848105236,-1.0237644848105236,-2.0475289696210472
492,2,3025.833333333333,266.0,247,True,-1.5015258377701235,-1.5015258377701235,-3.003051675540247
492,3,2982.833333333333,242.0,247,True,-1.4016638897588487,-1.4016638897588487,-2.8033277795176974
493,0,2997.0,146.0,245,True,-1.0310419041653622,-1.0310419041653622,-2.0620838083307245
493,1,3473.0,344.0,249,True,-1.873677168806766,-1.873677168806766,-3.747354337613532
493,2,3036.833333333333,305.0,248,True,-1.6546853742561864,-1.6546853742561864,-3.309370748512373
493,3,3023.833333333333,266.0,247,True,-1.5012161603507688,-1.5012161603507688,-3.0024323207015375
494,0,3345.833333333333,377.0,250,True,-1.9821421860319464,-1.9821421860319464,-3.9642843720638927
494,1,2950.833333333333,203.0,246,True,-1.2452527403695595,-1.2452527403695595,-2.490505480739119
494,2,3031.833333333333,146.0,245,True,-1.036435452552459,-1.036435452552459,-2.072870905104918
494,3,2907.1666666666665,203.0,246,True,-1.2384914500469786,-1.2384914500469786,-2.476982900093957
495,0,2863.1666666666665,146.0,245,True,-1.0103193235202008,-1.0103193235202008,-2.0206386470404016
495,1,2923.833333333333,185.0,246,True,-1.17116918258691,-1.17116918258691,-2.34233836517382
495,2,2902.833333333333,146.0,245,True,-1.0164612590040727,-1.0164612590040727,-2.0329225180081454
495,3,3075.0,185.0,246,True,-1.1945756341998128,-1.1945756341998128,-2.3891512683996257
496,0,3021.0,146.0,245,True,-1.0347580331976214,-1.0347580331976214,-2.0695160663952428
496,1,3075.8333333333335,266.0,246,True,-1.5092677732539945,-1.5092677732539945,-3.018535546507989
496,2,3244.1666666666665,395.0,250,True,-2.0363031631694346,-2.0363031631694346,-4.072606326338869
496,3,2910.833333333333,209.0,246,True,-1.2623601628562493,-1.2623601628562493,-2.5247203257124986
497,0,2903.833333333333,146.0,245,True,-1.01661609771375,-1.01661609771375,-2.0332321954275
497,1,3129.833333333333,185.0,246,True,-1.203065956780457,-1.203065956780457,-2.406131913560914
497,2,3227.0,122.0,245,True,-0.9734509238960234,-0.9734509238960234,-1.9469018477920468
497,3,3339.0,185.0,246,True,-1.2354530535546517,-1.2354530535546517,-2.4709061071093035
498,0,2946.833333333333,146.0,245,True,-1.0232741622298787,-1.0232741622298787,-2.0465483244597573
498,1,2996.833333333333,203.0,245,True,-1.2523753210147208,-1.2523753210147208,-2.5047506420294416
498,2,3022.833333333333,266.0,246,True,-1.5010613216410909,-1.5010613216410909,-3.0021226432821817
498,3,2942.0,146.0,245,True,-1.0225257751331038,-1.0225257751331038,-2.0450515502662077
499,0,3098.1666666666665,185.0,246,True,-1.198162730974007,-1.198162730974007,-2.396325461948014
499,1,3015.833333333333,332.0,249,True,-1.7562881302849997,-1.7562881302849997,-3.5125762605699995
499,2,3397.9999999999995,473.0,252,True,-2.3630351393673665,-2.3630351393673665,-4.726070278734733
499,3,2963.833333333333,242.0,247,True,-1.3987219542749774,-1.3987219542749774,-2.7974439085499547
500,0,2901.1666666666665,266.0,247,True,-1.482222611963672,-1.482222611963672,-2.964445223927344
500,1,2951.0,185.0,246,True,-1.1753756341998127,-1.1753756341998127,-2.3507512683996254
500,2,2966.0,248.0,247,True,-1.4223584090197308,-1.4223584090197308,-2.8447168180394615
500,3,2980.9999999999995,248.0,247,True,-1.4246809896648915,-1.4246809896648915,-2.849361979329783
