global_episode,worker_id,makespan,cost,steps,done,upper_reward_sum,lower_reward_sum,total_reward_sum
1,0,2995.5,9669.0,397,True,-4.626548037258668,-4.626548037258668,-9.253096074517336
1,1,3205.333333333333,9386.0,391,True,-4.663203954213583,-4.663203954213583,-9.326407908427166
1,2,3302.166666666667,9913.0,399,True,-4.876946556754051,-4.876946556754051,-9.753893113508102
1,3,3442.1666666666665,11092.0,414,True,-5.310806573452491,-5.310806573452491,-10.621613146904982
2,0,2960.6666666666665,9407.0,392,True,-4.527981882272277,-4.527981882272277,-9.055963764544554
2,1,2940.6666666666665,9805.0,396,True,-4.635540512460443,-4.635540512460443,-9.271081024920885
2,2,3018.3333333333335,9062.0,382,True,-4.458071998313653,-4.458071998313653,-8.916143996627307
2,3,2845.4999999999995,8592.0,380,True,-4.217434112068558,-4.217434112068558,-8.434868224137116
3,0,2787.6666666666665,7959.0,365,True,-3.994520872669552,-3.994520872669552,-7.989041745339104
3,1,2992.6666666666665,8387.0,380,True,-4.24119187522833,-4.24119187522833,-8.48238375045666
3,2,2596.0,8232.0,369,True,-3.9653788767038796,-3.9653788767038796,-7.930757753407759
3,3,2943.3333333333335,7872.0,359,True,-4.05851353916068,-4.05851353916068,-8.11702707832136
4,0,2142.333333333333,6248.0,345,True,-3.109157959250116,-3.109157959250116,-6.218315918500232
4,1,2605.333333333333,5550.0,329,True,-3.168023320798252,-3.168023320798252,-6.336046641596504
4,2,2433.166666666667,6346.0,340,True,-3.3066994784176855,-3.3066994784176855,-6.613398956835371
4,3,2557.1666666666665,5886.0,336,True,-3.240733906001159,-3.240733906001159,-6.481467812002318
5,0,2722.6666666666665,5549.0,331,True,-3.235585971813701,-3.235585971813701,-6.471171943627402
5,1,2446.0,4625.0,320,True,-2.7990066456173346,-2.7990066456173346,-5.598013291234669
5,2,2514.1666666666665,5525.0,328,True,-3.107812557433692,-3.107812557433692,-6.215625114867384
5,3,2640.6666666666665,5296.0,326,True,-3.112433883271482,-3.112433883271482,-6.224867766542964
6,0,2389.1666666666665,3982.0,305,True,-2.5736786593841665,-2.5736786593841665,-5.147357318768333
6,1,2310.333333333333,3822.0,298,True,-2.4801940499257698,-2.4801940499257698,-4.9603880998515395
6,2,1904.5,3936.0,305,True,-2.2795941514966698,-2.2795941514966698,-4.5591883029933395
6,3,2422.1666666666665,4404.0,314,True,-2.719074324542273,-2.719074324542273,-5.438148649084546
7,0,1742.5,2759.0,285,True,-1.833608639977674,-1.833608639977674,-3.667217279955348
7,1,2176.166666666667,3175.0,293,True,-2.208941614737232,-2.208941614737232,-4.417883229474464
7,2,2224.333333333333,2922.0,288,True,-2.161073890953063,-2.161073890953063,-4.322147781906126
7,3,2162.5,2430.0,285,True,-1.978050108809887,-1.978050108809887,-3.956100217619774
8,0,2237.333333333333,2525.0,285,True,-2.049765989352309,-2.049765989352309,-4.099531978704618
8,1,2209.333333333333,2338.0,282,True,-1.977600391280505,-1.977600391280505,-3.95520078256101
8,2,2069.3333333333335,2798.0,289,True,-2.0343120597062834,-2.0343120597062834,-4.068624119412567
8,3,1891.3333333333333,3241.0,293,True,-2.0639574092369486,-2.0639574092369486,-4.127914818473897
9,0,1938.5,2086.0,275,True,-1.7455322682641947,-1.7455322682641947,-3.4910645365283894
9,1,1674.3333333333333,2072.0,281,True,-1.5885560954166316,-1.5885560954166316,-3.177112190833263
9,2,2226.333333333333,2336.0,284,True,-1.9868340411039553,-1.9868340411039553,-3.9736680822079107
9,3,1453.6666666666665,2300.0,279,True,-1.5291723772166113,-1.5291723772166113,-3.0583447544332225
10,0,1429.6666666666665,1659.0,271,True,-1.3234327962978376,-1.3234327962978376,-2.646865592595675
10,1,1675.5,1487.0,271,True,-1.4141335829846988,-1.4141335829846988,-2.8282671659693976
10,2,1557.6666666666665,1317.0,266,True,-1.2950994667152773,-1.2950994667152773,-2.5901989334305546
10,3,1695.6666666666665,1958.0,276,True,-1.5667731135681162,-1.5667731135681162,-3.1335462271362324
11,0,2074.5,1735.0,273,True,-1.7191320864267816,-1.7191320864267816,-3.4382641728535632
11,1,2388.1666666666665,2925.0,288,True,-2.256727946775049,-2.256727946775049,-4.513455893550098
11,2,2043.3333333333333,1859.0,275,True,-1.738220888947901,-1.738220888947901,-3.476441777895802
11,3,1873.5,2246.0,280,True,-1.7558281366391144,-1.7558281366391144,-3.511656273278229
12,0,1948.1666666666665,1557.0,270,True,-1.5927873409954103,-1.5927873409954103,-3.1855746819908206
12,1,1956.3333333333333,1874.0,276,True,-1.6923924597485933,-1.6923924597485933,-3.3847849194971866
12,2,1752.6666666666665,1875.0,276,True,-1.574897285116412,-1.574897285116412,-3.149794570232824
12,3,1872.5,1590.0,267,True,-1.558901368956663,-1.558901368956663,-3.117802737913326
13,0,1886.5,1664.0,272,True,-1.5891475921170772,-1.5891475921170772,-3.1782951842341545
13,1,1824.5,1234.0,265,True,-1.4245847333088781,-1.4245847333088781,-2.8491694666177563
13,2,2094.333333333333,1968.0,275,True,-1.800342670504456,-1.800342670504456,-3.600685341008912
13,3,2186.5,1648.0,271,True,-1.7578693066098348,-1.7578693066098348,-3.5157386132196695
14,0,2046.5,1351.0,266,True,-1.5880021064333987,-1.5880021064333987,-3.1760042128667973
14,1,1915.3333333333335,1667.0,271,True,-1.6067218330171427,-1.6067218330171427,-3.2134436660342853
14,2,2134.1666666666665,2120.0,276,True,-1.8688763963185426,-1.8688763963185426,-3.7377527926370853
14,3,1977.5,1816.0,274,True,-1.6872745317349045,-1.6872745317349045,-3.374549063469809
15,0,1554.6666666666665,1215.0,265,True,-1.2628345782144677,-1.2628345782144677,-2.5256691564289353
15,1,2135.333333333333,1487.0,269,True,-1.6800869278854123,-1.6800869278854123,-3.3601738557708245
15,2,1788.5,1705.0,271,True,-1.5447392050914472,-1.5447392050914472,-3.0894784101828945
15,3,1853.1666666666665,1525.0,270,True,-1.5282643153828903,-1.5282643153828903,-3.0565286307657806
16,0,2062.5,1652.0,271,True,-1.6873487970149854,-1.6873487970149854,-3.374697594029971
16,1,1854.5,993.0,262,True,-1.3698017117021821,-1.3698017117021821,-2.7396034234043642
16,2,1905.4999999999998,1567.0,270,True,-1.5711033795203366,-1.5711033795203366,-3.1422067590406733
16,3,1801.6666666666665,1361.0,267,True,-1.4493912122419188,-1.4493912122419188,-2.8987824244838376
17,0,1809.5,1250.0,265,True,-1.4206981836512869,-1.4206981836512869,-2.8413963673025737
17,1,2009.5,1590.0,269,True,-1.638137921877426,-1.638137921877426,-3.276275843754852
17,2,1919.5,1281.0,265,True,-1.4935974326717723,-1.4935974326717723,-2.9871948653435445
17,3,1970.5,1434.0,266,True,-1.5688889238960917,-1.5688889238960917,-3.1377778477921834
18,0,1928.5,2004.0,277,True,-1.7152050284345999,-1.7152050284345999,-3.4304100568691998
18,1,1944.5,1143.0,264,True,-1.466751659153871,-1.466751659153871,-2.933503318307742
18,2,1671.6666666666665,1148.0,263,True,-1.310449875061794,-1.310449875061794,-2.620899750123588
18,3,1976.5,1455.0,267,True,-1.5786446811431456,-1.5786446811431456,-3.157289362286291
19,0,2036.5,1213.0,265,True,-1.5409134179357404,-1.5409134179357404,-3.081826835871481
19,1,2070.5,1625.0,271,True,-1.683894336259686,-1.683894336259686,-3.367788672519372
19,2,2005.5,1346.0,264,True,-1.5627924195403213,-1.5627924195403213,-3.1255848390806427
19,3,1933.5,1636.0,270,True,-1.6079502107558625,-1.6079502107558625,-3.215900421511725
20,0,2055.5,1627.0,271,True,-1.6758174244350776,-1.6758174244350776,-3.3516348488701553
20,1,1897.5,1722.0,273,True,-1.6128697229454967,-1.6128697229454967,-3.2257394458909934
20,2,2096.0,1482.0,269,True,-1.6558411893247038,-1.6558411893247038,-3.3116823786494076
20,3,2231.5,1423.0,267,True,-1.7165508053281964,-1.7165508053281964,-3.4331016106563927
21,0,2126.5,1611.0,271,True,-1.7120926380602806,-1.7120926380602806,-3.424185276120561
21,1,2019.3333333333333,1722.0,272,True,-1.6833343460416983,-1.6833343460416983,-3.3666686920833966
21,2,1570.6666666666665,1315.0,267,True,-1.302019640541041,-1.302019640541041,-2.604039281082082
21,3,1934.5,1417.0,269,True,-1.542979342999822,-1.542979342999822,-3.085958685999644
22,0,1896.0,1821.0,273,True,-1.6416340161988328,-1.6416340161988328,-3.2832680323976655
22,1,2006.5,1953.0,274,True,-1.745052919638215,-1.745052919638215,-3.49010583927643
22,2,1923.5,1341.0,265,True,-1.5138696036709558,-1.5138696036709558,-3.0277392073419116
22,3,2041.3333333333333,1761.0,273,True,-1.7077316157799463,-1.7077316157799463,-3.4154632315598925
23,0,1728.6666666666665,1598.0,270,True,-1.478107120540051,-1.478107120540051,-2.956214241080102
23,1,1481.6666666666665,908.0,261,True,-1.1287249851656977,-1.1287249851656977,-2.2574499703313955
23,2,1891.5,1396.0,269,True,-1.511823932774169,-1.511823932774169,-3.023647865548338
23,3,2009.5,1971.0,278,True,-1.752175635136929,-1.752175635136929,-3.504351270273858
24,0,2048.5,1573.0,271,True,-1.6556060159377801,-1.6556060159377801,-3.3112120318755602
24,1,1772.5,1414.0,269,True,-1.4483856303434435,-1.4483856303434435,-2.896771260686887
24,2,1857.6666666666665,1108.0,263,True,-1.4060540456198867,-1.4060540456198867,-2.8121080912397733
24,3,1983.5,1807.0,274,True,-1.68805094148121,-1.68805094148121,-3.37610188296242
25,0,1776.5,1144.0,264,True,-1.3698849788343952,-1.3698849788343952,-2.7397699576687904
25,1,1882.5,1514.0,269,True,-1.5419373786156498,-1.5419373786156498,-3.0838747572312997
25,2,1943.5,1383.0,268,True,-1.5380080701604348,-1.5380080701604348,-3.0760161403208697
25,3,2014.5,1427.0,268,True,-1.592241978787135,-1.592241978787135,-3.18448395757427
26,0,2091.5,1252.0,266,True,-1.5843968646549031,-1.5843968646549031,-3.1687937293098063
26,1,2095.5,1799.0,275,True,-1.7504337767495666,-1.7504337767495666,-3.500867553499133
26,2,1786.5,2049.0,280,True,-1.6465456517678512,-1.6465456517678512,-3.2930913035357023
26,3,1611.5,1252.0,266,True,-1.30677974493252,-1.30677974493252,-2.61355948986504
27,0,1789.6666666666665,950.0,261,True,-1.319433723488608,-1.319433723488608,-2.638867446977216
27,1,1996.5,1549.0,271,True,-1.618347349967256,-1.618347349967256,-3.236694699934512
27,2,1711.5,1506.0,271,True,-1.4406417870476855,-1.4406417870476855,-2.881283574095371
27,3,1878.5,1318.0,268,True,-1.4809588322797418,-1.4809588322797418,-2.9619176645594836
28,0,2005.5,929.0,261,True,-1.4379794892799196,-1.4379794892799196,-2.875958978559839
28,1,2006.5,1379.0,269,True,-1.5732480707905652,-1.5732480707905652,-3.1464961415811303
28,2,1476.1666666666665,1427.0,269,True,-1.2808866674318247,-1.2808866674318247,-2.5617733348636493
28,3,1473.6666666666665,1484.0,270,True,-1.2965015051846913,-1.2965015051846913,-2.5930030103693826
29,0,1933.5,889.0,260,True,-1.3843644579872303,-1.3843644579872303,-2.7687289159744606
29,1,2038.5,1118.0,264,True,-1.513635555515547,-1.513635555515547,-3.027271111031094
29,2,1836.5,1530.0,271,True,-1.5201213899759873,-1.5201213899759873,-3.0402427799519747
29,3,1906.5,1258.0,266,True,-1.4791944692620504,-1.4791944692620504,-2.958388938524101
30,0,1621.6666666666665,1181.0,266,True,-1.291408707341535,-1.291408707341535,-2.58281741468307
30,1,1458.6666666666665,1165.0,265,True,-1.1923455751020768,-1.1923455751020768,-2.3846911502041537
30,2,2049.5,1027.0,263,True,-1.4927602604235821,-1.4927602604235821,-2.9855205208471642
30,3,1978.5,1697.0,274,True,-1.6522348223146912,-1.6522348223146912,-3.3044696446293824
31,0,1904.4999999999998,1447.0,268,True,-1.5346076205179222,-1.5346076205179222,-3.0692152410358444
31,1,2003.3333333333335,962.0,261,True,-1.4466036386986616,-1.4466036386986616,-2.893207277397323
31,2,2078.5,1291.0,266,True,-1.5885512194133942,-1.5885512194133942,-3.1771024388267883
31,3,1932.5,1461.0,269,True,-1.554992314668743,-1.554992314668743,-3.109984629337486
32,0,1975.5,2706.0,291,True,-1.9525051029249265,-1.9525051029249265,-3.905010205849853
32,1,1956.5,1224.0,266,True,-1.4979363253989508,-1.4979363253989508,-2.9958726507979017
32,2,1607.6666666666665,1118.0,263,True,-1.2644549115980612,-1.2644549115980612,-2.5289098231961225
32,3,1817.5,981.0,262,True,-1.3448103197232832,-1.3448103197232832,-2.6896206394465665
33,0,1769.3333333333335,886.0,259,True,-1.2885176124987716,-1.2885176124987716,-2.5770352249975432
33,1,1744.6666666666665,1170.0,264,True,-1.359255666853456,-1.359255666853456,-2.718511333706912
33,2,1697.6666666666665,1415.0,269,True,-1.4054036618034158,-1.4054036618034158,-2.8108073236068316
33,3,1579.6666666666665,839.0,259,True,-1.1647526478572956,-1.1647526478572956,-2.329505295714591
34,0,1597.6666666666665,1064.0,263,True,-1.2425083961024974,-1.2425083961024974,-2.485016792204995
34,1,2044.5,1220.0,267,True,-1.5476355510146211,-1.5476355510146211,-3.0952711020292423
34,2,1583.6666666666665,743.0,258,True,-1.1383322118525883,-1.1383322118525883,-2.2766644237051765
34,3,1655.6666666666665,1021.0,262,True,-1.2631833999845465,-1.2631833999845465,-2.526366799969093
35,0,1828.4999999999998,1199.0,266,True,-1.4164223038890247,-1.4164223038890247,-2.8328446077780494
35,1,2125.5,1183.0,265,True,-1.583408911383517,-1.583408911383517,-3.166817822767034
35,2,1977.5,1064.0,264,True,-1.4621922210494809,-1.4621922210494809,-2.9243844420989618
35,3,2001.4999999999998,1315.0,267,True,-1.551200284458527,-1.551200284458527,-3.102400568917054
36,0,1983.5,991.0,262,True,-1.4438126894608563,-1.4438126894608563,-2.8876253789217126
36,1,1816.5,1093.0,263,True,-1.3777548480599882,-1.3777548480599882,-2.7555096961199763
36,2,1711.4999999999998,1631.0,273,True,-1.4780557349674697,-1.4780557349674697,-2.9561114699349393
36,3,1885.5,1186.0,265,True,-1.4454982862724002,-1.4454982862724002,-2.8909965725448004
37,0,1566.6666666666665,1345.0,269,True,-1.3086855120441028,-1.3086855120441028,-2.6173710240882055
37,1,1898.5,1239.0,265,True,-1.4688805971828698,-1.4688805971828698,-2.9377611943657396
37,2,1804.6666666666665,1241.0,265,True,-1.4152089292371908,-1.4152089292371908,-2.8304178584743815
37,3,1692.6666666666665,1302.0,267,True,-1.3686896078868223,-1.3686896078868223,-2.7373792157736445
38,0,2226.5,1211.0,265,True,-1.6502049046591338,-1.6502049046591338,-3.3004098093182677
38,1,1638.6666666666665,1540.0,271,True,-1.4086938387573242,-1.4086938387573242,-2.8173876775146485
38,2,1719.6666666666665,1261.0,266,True,-1.3720337959535172,-1.3720337959535172,-2.7440675919070343
38,3,2035.5,885.0,260,True,-1.4421608495948046,-1.4421608495948046,-2.8843216991896092
39,0,1947.5,1552.0,272,True,-1.5909052037456703,-1.5909052037456703,-3.1818104074913407
39,1,1957.5,1239.0,266,True,-1.5030043681487464,-1.5030043681487464,-3.0060087362974928
39,2,1866.5,1547.0,270,True,-1.542560756875727,-1.542560756875727,-3.085121513751454
39,3,1907.5,1397.0,268,True,-1.5213771483482723,-1.5213771483482723,-3.0427542966965446
40,0,1647.6666666666665,1157.0,265,True,-1.299262823325899,-1.299262823325899,-2.598525646651798
40,1,2279.0,1286.0,267,True,-1.7030176458806396,-1.7030176458806396,-3.4060352917612793
40,2,2088.333333333333,1348.0,269,True,-1.611299274825795,-1.611299274825795,-3.22259854965159
40,3,1974.3333333333333,1867.0,277,True,-1.7007079206546747,-1.7007079206546747,-3.4014158413093494
41,0,1860.5,1594.0,272,True,-1.5531581872970361,-1.5531581872970361,-3.1063163745940723
41,1,2061.5,1770.0,274,True,-1.7220891948518409,-1.7220891948518409,-3.4441783897036817
41,2,2073.5,1841.0,275,True,-1.7502807452633375,-1.7502807452633375,-3.500561490526675
41,3,2025.5,1129.0,264,True,-1.5094091859400074,-1.5094091859400074,-3.018818371880015
42,0,2099.333333333333,1478.0,270,True,-1.6565718396560094,-1.6565718396560094,-3.313143679312019
42,1,1986.5,1098.0,264,True,-1.4775741358784564,-1.4775741358784564,-2.955148271756913
42,2,1689.5,1171.0,265,True,-1.3276482886353869,-1.3276482886353869,-2.6552965772707737
42,3,1991.5,814.0,259,True,-1.3954614912018144,-1.3954614912018144,-2.790922982403629
43,0,2228.833333333333,1498.0,270,True,-1.737456856748276,-1.737456856748276,-3.474913713496552
43,1,1646.5,1390.0,269,True,-1.3683276584157191,-1.3683276584157191,-2.7366553168314383
43,2,1858.5,1070.0,262,True,-1.3951621796184568,-1.3951621796184568,-2.7903243592369136
43,3,1836.5,955.0,261,True,-1.3480172295449793,-1.3480172295449793,-2.6960344590899585
44,0,1808.5,1217.0,266,True,-1.4102425324010417,-1.4102425324010417,-2.8204850648020834
44,1,1902.5,1241.0,266,True,-1.4717926963472732,-1.4717926963472732,-2.9435853926945463
44,2,2062.5,1002.0,262,True,-1.4927962678321056,-1.4927962678321056,-2.9855925356642112
44,3,2135.333333333333,1260.0,267,True,-1.6121431984630834,-1.6121431984630834,-3.224286396926167
45,0,1760.5,1390.0,268,True,-1.4342617243497837,-1.4342617243497837,-2.8685234486995674
45,1,1795.5,1142.0,265,True,-1.3802753666566898,-1.3802753666566898,-2.7605507333133796
45,2,1601.6666666666665,635.0,256,True,-1.1164172028394843,-1.1164172028394843,-2.2328344056789686
45,3,1789.5,1164.0,265,True,-1.3833900074940417,-1.3833900074940417,-2.7667800149880835
46,0,1564.6666666666665,965.0,262,True,-1.1937903723691146,-1.1937903723691146,-2.387580744738229
46,1,1557.6666666666665,1132.0,265,True,-1.2397268237939953,-1.2397268237939953,-2.4794536475879907
46,2,1562.6666666666665,1140.0,265,True,-1.2450131614579696,-1.2450131614579696,-2.490026322915939
46,3,1591.6666666666665,808.0,260,True,-1.1624144167662496,-1.1624144167662496,-2.324828833532499
47,0,1728.5,1313.0,269,True,-1.3927069244497055,-1.3927069244497055,-2.785413848899411
47,1,1834.5,1180.0,266,True,-1.4142055978017476,-1.4142055978017476,-2.828411195603495
47,2,1523.6666666666665,1826.0,277,True,-1.4277845166643033,-1.4277845166643033,-2.8555690333286066
47,3,1781.5,1295.0,268,True,-1.4179728729186032,-1.4179728729186032,-2.8359457458372064
48,0,2123.5,1537.0,272,True,-1.6882084738935035,-1.6882084738935035,-3.376416947787007
48,1,1504.6666666666665,1420.0,269,True,-1.2952750028318325,-1.2952750028318325,-2.590550005663665
48,2,1643.6666666666665,1255.0,267,True,-1.3262818824973246,-1.3262818824973246,-2.652563764994649
48,3,1573.6666666666665,1165.0,266,True,-1.2588580100355653,-1.2588580100355653,-2.5177160200711306
49,0,1858.5,1178.0,265,True,-1.42748783062115,-1.42748783062115,-2.8549756612423
49,1,1569.6666666666665,1604.0,272,True,-1.387942319132161,-1.387942319132161,-2.775884638264322
49,2,1683.5,1688.0,273,True,-1.4789221632350853,-1.4789221632350853,-2.9578443264701706
49,3,1898.5,1098.0,264,True,-1.4266776639293535,-1.4266776639293535,-2.853355327858707
50,0,1854.1666666666665,1180.0,266,True,-1.4255801881237067,-1.4255801881237067,-2.8511603762474134
50,1,1847.5,1367.0,268,True,-1.477695660882226,-1.477695660882226,-2.955391321764452
50,2,1664.5,1521.0,270,True,-1.4179481178252422,-1.4179481178252422,-2.8358962356504844
50,3,1914.5,1529.0,272,True,-1.5649348603475162,-1.5649348603475162,-3.1298697206950323
51,0,1977.5,1712.0,273,True,-1.656146127065644,-1.656146127065644,-3.312292254131288
51,1,2002.5,1355.0,268,True,-1.56375111679228,-1.56375111679228,-3.12750223358456
51,2,2117.333333333333,1088.0,264,True,-1.5502509641358704,-1.5502509641358704,-3.1005019282717408
51,3,1840.3333333333333,1921.0,278,True,-1.6393693002335232,-1.6393693002335232,-3.2787386004670465
52,0,2153.333333333333,1591.0,272,True,-1.7216259745442617,-1.7216259745442617,-3.4432519490885234
52,1,1670.5,1805.0,277,True,-1.5064228214955229,-1.5064228214955229,-3.0128456429910457
52,2,1933.3333333333335,1259.0,267,True,-1.4950133489965562,-1.4950133489965562,-2.9900266979931125
52,3,1886.5,1550.0,271,True,-1.5550260716142343,-1.5550260716142343,-3.1100521432284687
53,0,2120.5,1164.0,266,True,-1.5748301463026013,-1.5748301463026013,-3.1496602926052026
53,1,1682.5,1417.0,268,True,-1.3972303551455714,-1.3972303551455714,-2.7944607102911427
53,2,1633.6666666666665,1568.0,272,True,-1.4141827180942481,-1.4141827180942481,-2.8283654361884962
53,3,1962.3333333333333,1252.0,267,True,-1.509690868896276,-1.509690868896276,-3.019381737792552
54,0,1780.5,1403.0,269,True,-1.4497201549218752,-1.4497201549218752,-2.8994403098437505
54,1,1985.5,1273.0,266,True,-1.529375293966734,-1.529375293966734,-3.058750587933468
54,2,1985.5,1041.0,262,True,-1.4599350066276138,-1.4599350066276138,-2.9198700132552275
54,3,2039.5,1379.0,268,True,-1.5923342477714786,-1.5923342477714786,-3.184668495542957
55,0,1821.5,1855.0,276,True,-1.6087221195761028,-1.6087221195761028,-3.2174442391522056
55,1,1805.5,1040.0,263,True,-1.355529275148362,-1.355529275148362,-2.711058550296724
55,2,1990.5,1094.0,264,True,-1.4786903655427106,-1.4786903655427106,-2.957380731085421
55,3,1853.5,937.0,262,True,-1.3524618940346973,-1.3524618940346973,-2.7049237880693946
56,0,1946.5,1334.0,268,True,-1.5250769095741448,-1.5250769095741448,-3.0501538191482895
56,1,2111.5,885.0,261,True,-1.4861168935508484,-1.4861168935508484,-2.972233787101697
56,2,2181.333333333333,1326.0,268,True,-1.658502736938125,-1.658502736938125,-3.31700547387625
56,3,2158.5,1398.0,268,True,-1.6668470787864604,-1.6668470787864604,-3.333694157572921
57,0,1889.5,1425.0,268,True,-1.5193472306927143,-1.5193472306927143,-3.0386944613854285
57,1,2053.5,1308.0,267,True,-1.5791802913449444,-1.5791802913449444,-3.158360582689889
57,2,1970.5,1471.0,270,True,-1.5799634524803476,-1.5799634524803476,-3.1599269049606953
57,3,1937.5,1557.0,270,True,-1.5866180716682459,-1.5866180716682459,-3.1732361433364917
58,0,1966.5,1268.0,267,True,-1.5168897250609312,-1.5168897250609312,-3.0337794501218625
58,1,2082.333333333333,1468.0,270,True,-1.6437464508322586,-1.6437464508322586,-3.287492901664517
58,2,1944.0,1059.0,263,True,-1.4413203016520646,-1.4413203016520646,-2.882640603304129
58,3,2117.1666666666665,1112.0,264,True,-1.5573380473032326,-1.5573380473032326,-3.114676094606465
59,0,2001.5,1348.0,267,True,-1.5610775667093508,-1.5610775667093508,-3.1221551334187017
59,1,1845.5,1092.0,263,True,-1.3942282374598574,-1.3942282374598574,-2.7884564749197147
59,2,1846.6666666666667,1282.0,266,True,-1.451772202130588,-1.451772202130588,-2.903544404261176
59,3,2129.333333333333,1490.0,269,True,-1.6775146486389572,-1.6775146486389572,-3.3550292972779143
60,0,2091.5,1359.0,267,True,-1.6164232040742386,-1.6164232040742386,-3.232846408148477
60,1,2127.6666666666665,1282.0,267,True,-1.6142938909680664,-1.6142938909680664,-3.228587781936133
60,2,1809.5,1474.0,270,True,-1.4877439783235402,-1.4877439783235402,-2.9754879566470804
60,3,1895.5,1055.0,261,True,-1.412072158846683,-1.412072158846683,-2.824144317693366
61,0,2245.833333333333,1364.0,266,True,-1.7071813775684346,-1.7071813775684346,-3.414362755136869
61,1,1730.6666666666665,1352.0,267,True,-1.4056332090327581,-1.4056332090327581,-2.8112664180655162
61,2,1854.5,1326.0,265,True,-1.4694724689604888,-1.4694724689604888,-2.9389449379209776
61,3,2001.5,1815.0,274,True,-1.7008560761376659,-1.7008560761376659,-3.4017121522753317
62,0,1811.5,1430.0,265,True,-1.4757310066546185,-1.4757310066546185,-2.951462013309237
62,1,1849.5,1331.0,266,True,-1.4680771818801712,-1.4680771818801712,-2.9361543637603424
62,2,1988.3333333333333,1124.0,263,True,-1.4864165802113787,-1.4864165802113787,-2.9728331604227574
62,3,1674.6666666666665,1066.0,261,True,-1.28764143222468,-1.28764143222468,-2.57528286444936
63,0,1612.6666666666665,1186.0,263,True,-1.2876999442635322,-1.2876999442635322,-2.5753998885270644
63,1,2028.4999999999998,1469.0,266,True,-1.6129102312800854,-1.6129102312800854,-3.2258204625601707
63,2,1573.6666666666665,1304.0,267,True,-1.3004623201223655,-1.3004623201223655,-2.600924640244731
63,3,1469.6666666666665,1533.0,271,True,-1.3088542967715608,-1.3088542967715608,-2.6177085935431217
64,0,1815.5,1084.0,262,True,-1.3744826748103416,-1.3744826748103416,-2.748965349620683
64,1,1631.6666666666665,1301.0,263,True,-1.3331097873387447,-1.3331097873387447,-2.6662195746774895
64,2,2073.333333333333,1350.0,266,True,-1.6032223630011877,-1.6032223630011877,-3.2064447260023754
64,3,2216.5,1300.0,264,True,-1.6710599455838038,-1.6710599455838038,-3.3421198911676075
65,0,1987.5,1746.0,275,True,-1.672106410894041,-1.672106410894041,-3.344212821788082
65,1,2016.5,1755.0,270,True,-1.6915729161274928,-1.6915729161274928,-3.3831458322549857
65,2,2088.5,1788.0,269,True,-1.7430927663366733,-1.7430927663366733,-3.4861855326733466
65,3,2119.5,1857.0,269,True,-1.7816747045704644,-1.7816747045704644,-3.563349409140929
66,0,1923.5,1637.0,270,True,-1.6024658323450058,-1.6024658323450058,-3.2049316646900117
66,1,2060.0,1571.0,271,True,-1.6616586362644115,-1.6616586362644115,-3.323317272528823
66,2,2092.333333333333,1577.0,268,True,-1.6821551034125257,-1.6821551034125257,-3.3643102068250514
66,3,1963.3333333333335,1751.0,274,True,-1.6596257179914764,-1.6596257179914764,-3.319251435982953
67,0,2209.5,1683.0,270,True,-1.7816476990140724,-1.7816476990140724,-3.5632953980281448
67,1,2015.5,1741.0,271,True,-1.6868041849610558,-1.6868041849610558,-3.3736083699221115
67,2,1842.6666666666665,1409.0,267,True,-1.4874712972194026,-1.4874712972194026,-2.9749425944388053
67,3,1890.4999999999998,1771.0,273,True,-1.6234874075340995,-1.6234874075340995,-3.246974815068199
68,0,1895.4999999999998,1406.0,267,True,-1.5171305246054365,-1.5171305246054365,-3.034261049210873
68,1,2024.5,1536.0,269,True,-1.6306506313674038,-1.6306506313674038,-3.2613012627348077
68,2,1580.6666666666665,1478.0,266,True,-1.3565911186226558,-1.3565911186226558,-2.7131822372453116
68,3,1816.5,1572.0,269,True,-1.5211250964886032,-1.5211250964886032,-3.0422501929772063
69,0,2156.1666666666665,1895.0,273,True,-1.8142554080502065,-1.8142554080502065,-3.628510816100413
69,1,1978.5,1609.0,272,True,-1.6258954029791626,-1.6258954029791626,-3.251790805958325
69,2,1880.5,1807.0,273,True,-1.6284789345407813,-1.6284789345407813,-3.2569578690815626
69,3,2047.4999999999998,2036.0,278,True,-1.7936089100332382,-1.7936089100332382,-3.5872178200664764
70,0,2097.1666666666665,1818.0,274,True,-1.7570846451657425,-1.7570846451657425,-3.514169290331485
70,1,1692.3333333333335,1049.0,261,True,-1.292770987630705,-1.292770987630705,-2.58554197526141
70,2,1803.5,1098.0,261,True,-1.3717326089842983,-1.3717326089842983,-2.7434652179685965
70,3,1994.5,1319.0,265,True,-1.5483489477960084,-1.5483489477960084,-3.096697895592017
71,0,2108.5,1420.0,266,True,-1.64451348364926,-1.64451348364926,-3.28902696729852
71,1,1659.6666666666665,1081.0,262,True,-1.2834555709837294,-1.2834555709837294,-2.566911141967459
71,2,1769.6666666666665,1332.0,266,True,-1.4222033683430357,-1.4222033683430357,-2.8444067366860715
71,3,1761.6666666666665,1485.0,270,True,-1.4633710886014792,-1.4633710886014792,-2.9267421772029585
72,0,1501.6666666666665,1449.0,269,True,-1.3022199317509573,-1.3022199317509573,-2.6044398635019146
72,1,2203.333333333333,1611.0,271,True,-1.7565306561825103,-1.7565306561825103,-3.5130613123650205
72,2,2012.5,1471.0,267,True,-1.6042549504560562,-1.6042549504560562,-3.2085099009121123
72,3,1738.6666666666665,1205.0,262,True,-1.366261358274465,-1.366261358274465,-2.73252271654893
73,0,1904.1666666666665,1564.0,270,True,-1.5694342861043653,-1.5694342861043653,-3.1388685722087306
73,1,1901.5,1732.0,270,True,-1.618176314776765,-1.618176314776765,-3.23635262955353
73,2,1950.5,1512.0,270,True,-1.5806678474096048,-1.5806678474096048,-3.1613356948192095
73,3,2139.5,1710.0,269,True,-1.7492432818052315,-1.7492432818052315,-3.498486563610463
74,0,2070.5,945.0,261,True,-1.480362459576058,-1.480362459576058,-2.960724919152116
74,1,1752.6666666666665,1147.0,259,True,-1.3569984524315872,-1.3569984524315872,-2.7139969048631745
74,2,1762.6666666666665,1016.0,259,True,-1.32357232500587,-1.32357232500587,-2.64714465001174
74,3,1949.5,1623.0,270,True,-1.6133130641629518,-1.6133130641629518,-3.2266261283259037
75,0,2000.4999999999998,1324.0,265,True,-1.5533157197093295,-1.5533157197093295,-3.106631439418659
75,1,1721.6666666666665,1814.0,270,True,-1.5387098395494878,-1.5387098395494878,-3.0774196790989756
75,2,1546.5,1113.0,263,True,-1.2275814498833133,-1.2275814498833133,-2.4551628997666266
75,3,1965.3333333333333,1643.0,270,True,-1.6284568049876254,-1.6284568049876254,-3.2569136099752507
76,0,2013.4999999999998,1310.0,266,True,-1.556644154534795,-1.556644154534795,-3.11328830906959
76,1,2154.5,1590.0,270,True,-1.722001426793563,-1.722001426793563,-3.444002853587126
76,2,2190.333333333333,1236.0,265,True,-1.6367700154306741,-1.6367700154306741,-3.2735400308613483
76,3,1782.5,1076.0,263,True,-1.3530020051625622,-1.3530020051625622,-2.7060040103251244
77,0,1971.5,1803.0,273,True,-1.6799132671547172,-1.6799132671547172,-3.3598265343094345
77,1,1541.6666666666665,1128.0,264,True,-1.2292756734698163,-1.2292756734698163,-2.4585513469396325
77,2,1712.5,1022.0,261,True,-1.296353349701702,-1.296353349701702,-2.592706699403404
77,3,1766.5,989.0,260,True,-1.317707993419646,-1.317707993419646,-2.635415986839292
78,0,1678.6666666666665,1024.0,262,True,-1.2773838217213194,-1.2773838217213194,-2.5547676434426387
78,1,1908.5,1285.0,266,True,-1.4884326200115678,-1.4884326200115678,-2.9768652400231357
78,2,1910.3333333333335,1156.0,264,True,-1.4508817689239561,-1.4508817689239561,-2.9017635378479123
78,3,1665.6666666666665,1339.0,266,True,-1.3641481734866943,-1.3641481734866943,-2.7282963469733885
79,0,2068.5,1001.0,259,True,-1.4959671702452777,-1.4959671702452777,-2.9919343404905554
79,1,1835.4999999999998,1277.0,264,True,-1.4438171903869215,-1.4438171903869215,-2.887634380773843
79,2,1700.3333333333335,1259.0,264,True,-1.3602533721313164,-1.3602533721313164,-2.7205067442626327
79,3,1944.3333333333335,948.0,259,True,-1.4082895055657703,-1.4082895055657703,-2.8165790111315405
80,0,1843.6666666666665,1361.0,265,True,-1.4736827102176269,-1.4736827102176269,-2.9473654204352537
80,1,1582.6666666666665,1324.0,268,True,-1.3116538727843248,-1.3116538727843248,-2.6233077455686495
80,2,1937.5,1277.0,265,True,-1.5028108283279282,-1.5028108283279282,-3.0056216566558565
80,3,1700.6666666666665,1059.0,262,True,-1.3005838451261351,-1.3005838451261351,-2.6011676902522702
81,0,1717.3333333333335,950.0,259,True,-1.2775983658637764,-1.2775983658637764,-2.555196731727553
81,1,1569.6666666666665,1384.0,267,True,-1.3220937707933402,-1.3220937707933402,-2.6441875415866805
81,2,1794.6666666666665,1136.0,263,True,-1.3779975229903545,-1.3779975229903545,-2.755995045980709
81,3,1564.6666666666665,839.0,259,True,-1.1560771128659724,-1.1560771128659724,-2.3121542257319447
82,0,1849.5,1776.0,274,True,-1.6012708364746042,-1.6012708364746042,-3.2025416729492084
82,1,1569.6666666666665,1367.0,266,True,-1.3170054738762502,-1.3170054738762502,-2.6340109477525004
82,2,1839.5,1158.0,263,True,-1.4105125879649745,-1.4105125879649745,-2.821025175929949
82,3,1601.6666666666665,1050.0,264,True,-1.2406315099331688,-1.2406315099331688,-2.4812630198663377
83,0,1911.5,1176.0,263,True,-1.4575427644237804,-1.4575427644237804,-2.915085528847561
83,1,2103.5,1320.0,266,True,-1.6116904803163243,-1.6116904803163243,-3.2233809606326487
83,2,1909.5,1230.0,266,True,-1.4725488519262837,-1.4725488519262837,-2.9450977038525674
83,3,1646.6666666666665,1537.0,269,True,-1.412422856002623,-1.412422856002623,-2.824845712005246
84,0,1847.5,1358.0,266,True,-1.4750018566320025,-1.4750018566320025,-2.950003713264005
84,1,1636.6666666666665,913.0,259,True,-1.219868737992842,-1.219868737992842,-2.439737475985684
84,2,1984.6666666666667,1096.0,262,True,-1.4759151695461343,-1.4759151695461343,-2.9518303390922687
84,3,1793.5,1196.0,265,True,-1.3952814541591927,-1.3952814541591927,-2.7905629083183854
85,0,1517.6666666666665,916.0,259,True,-1.151940761811742,-1.151940761811742,-2.303881523623484
85,1,2118.5,1780.0,271,True,-1.7580493436524562,-1.7580493436524562,-3.5160986873049125
85,2,1874.5,1698.0,271,True,-1.5923837579581992,-1.5923837579581992,-3.1847675159163984
85,3,1748.5,1502.0,270,True,-1.4608441936928525,-1.4608441936928525,-2.921688387385705
86,0,1879.1666666666667,1467.0,268,True,-1.525941837533073,-1.525941837533073,-3.051883675066146
86,1,1419.6666666666665,1765.0,272,True,-1.3493761341396004,-1.3493761341396004,-2.698752268279201
86,2,1524.6666666666665,1154.0,264,True,-1.2272255016469635,-1.2272255016469635,-2.454451003293927
86,3,1517.6666666666665,1215.0,263,True,-1.241434925235867,-1.241434925235867,-2.482869850471734
87,0,1683.6666666666665,1024.0,263,True,-1.2802756667184276,-1.2802756667184276,-2.5605513334368553
87,1,1905.5,1286.0,265,True,-1.4869968245966612,-1.4869968245966612,-2.9739936491933223
87,2,1534.5,1076.0,263,True,-1.2095664933059973,-1.2095664933059973,-2.4191329866119946
87,3,1635.6666666666665,1062.0,260,True,-1.263887794913803,-1.263887794913803,-2.527775589827606
88,0,1720.6666666666665,933.0,261,True,-1.2744379656114244,-1.2744379656114244,-2.548875931222849
88,1,2050.5,499.0,254,True,-1.335302113409834,-1.335302113409834,-2.670604226819668
88,2,1897.5,1267.0,267,True,-1.4766829525174807,-1.4766829525174807,-2.9533659050349614
88,3,1582.6666666666665,1249.0,267,True,-1.2892055040324553,-1.2892055040324553,-2.5784110080649105
89,0,1920.5,1299.0,266,True,-1.4995634101716426,-1.4995634101716426,-2.9991268203432853
89,1,1521.6666666666665,900.0,261,True,-1.1494652524756965,-1.1494652524756965,-2.298930504951393
89,2,1796.5,1100.0,264,True,-1.3682826491550641,-1.3682826491550641,-2.7365652983101283
89,3,1986.5,973.0,262,True,-1.440160187958673,-1.440160187958673,-2.880320375917346
90,0,1890.5,1158.0,264,True,-1.4400094069354767,-1.4400094069354767,-2.8800188138709535
90,1,1815.5,1319.0,266,True,-1.444820896899537,-1.444820896899537,-2.889641793799074
90,2,1775.5,1297.0,267,True,-1.4151012820887896,-1.4151012820887896,-2.830202564177579
90,3,1960.5,918.0,261,True,-1.4086604568890049,-1.4086604568890049,-2.8173209137780097
91,0,1989.3333333333335,1277.0,266,True,-1.5327896214646175,-1.5327896214646175,-3.065579242929235
91,1,1784.5,1259.0,267,True,-1.4089327629159698,-1.4089327629159698,-2.8178655258319396
91,2,1938.5,1212.0,265,True,-1.4839339444090622,-1.4839339444090622,-2.9678678888181245
91,3,1634.6666666666665,1153.0,263,True,-1.2905467799999844,-1.2905467799999844,-2.5810935599999687
92,0,1956.5,917.0,261,True,-1.40604766930796,-1.40604766930796,-2.81209533861592
92,1,1824.5,1021.0,263,True,-1.3608313660535658,-1.3608313660535658,-2.7216627321071316
92,2,1499.6666666666665,887.0,260,True,-1.1328500839047637,-1.1328500839047637,-2.2657001678095274
92,3,2069.5,851.0,259,True,-1.4516488017409583,-1.4516488017409583,-2.9032976034819167
93,0,1838.5,1286.0,267,True,-1.448246101635411,-1.448246101635411,-2.896492203270822
93,1,1954.3333333333333,1263.0,265,True,-1.508356344317843,-1.508356344317843,-3.016712688635686
93,2,2043.1666666666665,1145.0,264,True,-1.524416023596855,-1.524416023596855,-3.04883204719371
93,3,2041.5,1108.0,264,True,-1.512377546680229,-1.512377546680229,-3.024755093360458
94,0,1956.5,1443.0,268,True,-1.5634855621544141,-1.5634855621544141,-3.1269711243088283
94,1,1790.6666666666665,1127.0,263,True,-1.372990242742444,-1.372990242742444,-2.745980485484888
94,2,1545.6666666666665,913.0,261,True,-1.1672371590454738,-1.1672371590454738,-2.3344743180909475
94,3,2078.666666666667,1089.0,264,True,-1.5281866744082602,-1.5281866744082602,-3.0563733488165203
95,0,1612.6666666666665,1386.0,268,True,-1.347562260935187,-1.347562260935187,-2.695124521870374
95,1,1691.6666666666665,1034.0,262,True,-1.2878957345473827,-1.2878957345473827,-2.5757914690947654
95,2,1992.5,1069.0,262,True,-1.4723643139575968,-1.4723643139575968,-2.9447286279151936
95,3,1928.5,1382.0,268,True,-1.5290332235857518,-1.5290332235857518,-3.0580664471715036
96,0,1667.6666666666665,926.0,260,True,-1.2416892275585703,-1.2416892275585703,-2.4833784551171405
96,1,1565.6666666666665,1076.0,265,True,-1.2275923271213054,-1.2275923271213054,-2.455184654242611
96,2,1954.5,1305.0,267,True,-1.5210238256521282,-1.5210238256521282,-3.0420476513042565
96,3,1565.6666666666665,1442.0,270,True,-1.3371403666304342,-1.3371403666304342,-2.6742807332608685
97,0,1955.1666666666665,1277.0,266,True,-1.5130286806510433,-1.5130286806510433,-3.0260573613020867
97,1,2012.5,1293.0,267,True,-1.5509774886182826,-1.5509774886182826,-3.101954977236565
97,2,1814.5,1239.0,265,True,-1.4202976012314528,-1.4202976012314528,-2.8405952024629055
97,3,1816.5,1132.0,264,True,-1.3894279998109609,-1.3894279998109609,-2.7788559996219218
98,0,1925.3333333333333,1322.0,268,True,-1.5092430267527546,-1.5092430267527546,-3.018486053505509
98,1,1751.3333333333335,1195.0,265,True,-1.3705942497668897,-1.3705942497668897,-2.7411884995337794
98,2,1665.5,1556.0,271,True,-1.4290023922422037,-1.4290023922422037,-2.8580047844844074
98,3,2095.1666666666665,1184.0,264,True,-1.5661643633177524,-1.5661643633177524,-3.132328726635505
99,0,1968.5,999.0,262,True,-1.4375316471363986,-1.4375316471363986,-2.875063294272797
99,1,1892.5,980.0,261,True,-1.387888683096547,-1.387888683096547,-2.775777366193094
99,2,1741.5,978.0,260,True,-1.2999563410171635,-1.2999563410171635,-2.599912682034327
99,3,1815.5,1278.0,266,True,-1.4325491219818485,-1.4325491219818485,-2.865098243963697
100,0,2135.833333333333,1008.0,263,True,-1.5370058639565087,-1.5370058639565087,-3.0740117279130175
100,1,2092.0,1170.0,265,True,-1.5601424993192352,-1.5601424993192352,-3.1202849986384704
100,2,1885.5,869.0,260,True,-1.3506165143478268,-1.3506165143478268,-2.7012330286956536
100,3,1923.5,1154.0,264,True,-1.4578983375829573,-1.4578983375829573,-2.9157966751659146
101,0,1862.5,1131.0,265,True,-1.4157336622009977,-1.4157336622009977,-2.8314673244019954
101,1,1957.5,1127.0,264,True,-1.46948147081262,-1.46948147081262,-2.93896294162524
101,2,2227.6666666666665,1593.0,270,True,-1.7652166933346538,-1.7652166933346538,-3.5304333866693076
101,3,1841.5,994.0,262,True,-1.3625822262930596,-1.3625822262930596,-2.725164452586119
102,0,1770.5,970.0,262,True,-1.3143345493335248,-1.3143345493335248,-2.6286690986670496
102,1,1525.6666666666665,959.0,262,True,-1.1694381118915218,-1.1694381118915218,-2.3388762237830436
102,2,1884.5,1397.0,270,True,-1.5080746613615752,-1.5080746613615752,-3.0161493227231504
102,3,1899.5,713.0,258,True,-1.3120210733358388,-1.3120210733358388,-2.6240421466716777
103,0,2046.5,1025.0,263,True,-1.4904265302586002,-1.4904265302586002,-2.9808530605172003
103,1,1884.5,1072.0,263,True,-1.4107983967701354,-1.4107983967701354,-2.821596793540271
103,2,1625.6666666666665,1361.0,268,True,-1.3475982683437122,-1.3475982683437122,-2.6951965366874244
103,3,1865.5,1435.0,269,True,-1.5084594905401787,-1.5084594905401787,-3.0169189810803574
104,0,1867.5,1628.0,272,True,-1.56738336412717,-1.56738336412717,-3.13476672825434
104,1,1854.5,811.0,259,True,-1.315327003530976,-1.315327003530976,-2.630654007061952
104,2,1606.6666666666665,998.0,262,True,-1.227959152595646,-1.227959152595646,-2.455918305191292
104,3,1702.5,1252.0,268,True,-1.3594113238798886,-1.3594113238798886,-2.7188226477597772
105,0,1983.5,1244.0,266,True,-1.5195385200505007,-1.5195385200505007,-3.0390770401010014
105,1,1990.5,823.0,258,True,-1.3975769264526174,-1.3975769264526174,-2.795153852905235
105,2,1965.5,1098.0,263,True,-1.4654283868906026,-1.4654283868906026,-2.9308567737812052
105,3,1908.5,1077.0,263,True,-1.426175810673046,-1.426175810673046,-2.852351621346092
106,0,2037.0,1193.0,266,True,-1.5352163707682858,-1.5352163707682858,-3.0704327415365715
106,1,1790.5,1129.0,265,True,-1.3734924710759233,-1.3734924710759233,-2.7469849421518466
106,2,1674.6666666666665,1028.0,262,True,-1.2762675920570652,-1.2762675920570652,-2.5525351841141304
106,3,1931.5,1229.0,266,True,-1.4849736583302013,-1.4849736583302013,-2.9699473166604027
107,0,1580.6666666666665,1063.0,264,True,-1.232376811528971,-1.232376811528971,-2.464753623057942
107,1,1691.6666666666665,1027.0,262,True,-1.285800553463875,-1.285800553463875,-2.57160110692775
107,2,2026.4999999999998,1313.0,268,True,-1.5650608862773516,-1.5650608862773516,-3.1301217725547033
107,3,1708.6666666666665,1156.0,264,True,-1.3342440207072608,-1.3342440207072608,-2.6684880414145216
108,0,1930.3333333333333,1347.0,268,True,-1.5196176613338195,-1.5196176613338195,-3.039235322667639
108,1,1652.6666666666665,1166.0,266,True,-1.3048484725732314,-1.3048484725732314,-2.609696945146463
108,2,1901.5,832.0,260,True,-1.3487958897543169,-1.3487958897543169,-2.6975917795086337
108,3,1760.5,1519.0,271,True,-1.4728729186030034,-1.4728729186030034,-2.945745837206007
109,0,1700.6666666666665,937.0,261,True,-1.2640678319564247,-1.2640678319564247,-2.5281356639128494
109,1,1609.6666666666665,908.0,262,True,-1.2027562170916664,-1.2027562170916664,-2.4055124341833327
109,2,1672.6666666666665,1601.0,272,True,-1.4466163913225147,-1.4466163913225147,-2.8932327826450295
109,3,1908.5,956.0,261,True,-1.389959109086694,-1.389959109086694,-2.779918218173388
110,0,1954.5,945.0,261,True,-1.4132716556431486,-1.4132716556431486,-2.826543311286297
110,1,1809.6666666666665,1174.0,265,True,-1.3980468981492942,-1.3980468981492942,-2.7960937962985883
110,2,1814.6666666666665,975.0,262,True,-1.3413757380581053,-1.3413757380581053,-2.6827514761162106
110,3,1708.6666666666665,869.0,258,True,-1.2483415962834348,-1.2483415962834348,-2.4966831925668695
111,0,1797.6666666666665,903.0,260,True,-1.309993031066142,-1.309993031066142,-2.619986062132284
111,1,1714.6666666666665,1033.0,262,True,-1.3008989099507222,-1.3008989099507222,-2.6017978199014444
111,2,1915.5,1244.0,267,True,-1.4802094280898297,-1.4802094280898297,-2.9604188561796594
111,3,1871.5,1114.0,264,True,-1.4158506862787021,-1.4158506862787021,-2.8317013725574043
112,0,1910.5,1013.0,263,True,-1.4081766073369593,-1.4081766073369593,-2.8163532146739185
112,1,2056.5,1044.0,264,True,-1.5018971403366241,-1.5018971403366241,-3.0037942806732483
112,2,1652.6666666666665,1024.0,262,True,-1.262346227736357,-1.262346227736357,-2.524692455472714
112,3,1774.6666666666665,1398.0,268,True,-1.44484977784179,-1.44484977784179,-2.88969955568358
113,0,1849.5,1206.0,264,True,-1.430663233960387,-1.430663233960387,-2.861326467920774
113,1,2092.0,978.0,261,True,-1.502674675314446,-1.502674675314446,-3.005349350628892
113,2,2055.5,1293.0,267,True,-1.5758473555934136,-1.5758473555934136,-3.151694711186827
113,3,2128.333333333333,1008.0,263,True,-1.5326680964608463,-1.5326680964608463,-3.0653361929216927
114,0,1815.3333333333335,1176.0,265,True,-1.4019229456460671,-1.4019229456460671,-2.8038458912921342
114,1,1783.5,1503.0,270,True,-1.4813864202559686,-1.4813864202559686,-2.962772840511937
114,2,1903.3333333333333,1128.0,265,True,-1.4384524615939736,-1.4384524615939736,-2.876904923187947
114,3,1671.6666666666665,1042.0,263,True,-1.278722847225817,-1.278722847225817,-2.557445694451634
115,0,1687.6666666666665,907.0,261,True,-1.2475696874631956,-1.2475696874631956,-2.4951393749263913
115,1,1609.6666666666665,856.0,260,True,-1.1871920147570356,-1.1871920147570356,-2.3743840295140712
115,2,1642.6666666666665,881.0,260,True,-1.2137609813219066,-1.2137609813219066,-2.427521962643813
115,3,1794.5,1145.0,266,True,-1.380594932407343,-1.380594932407343,-2.761189864814686
116,0,1572.6666666666665,1017.0,263,True,-1.213981526699118,-1.213981526699118,-2.427963053398236
116,1,1653.6666666666665,951.0,261,True,-1.241074851150624,-1.241074851150624,-2.482149702301248
116,2,1882.5,1216.0,265,True,-1.452742526774884,-1.452742526774884,-2.905485053549768
116,3,1983.5,1149.0,265,True,-1.4911039196314642,-1.4911039196314642,-2.9822078392629283
117,0,1610.1666666666665,1064.0,263,True,-1.2497380085952687,-1.2497380085952687,-2.4994760171905375
117,1,1607.6666666666665,1346.0,268,True,-1.3326979526037486,-1.3326979526037486,-2.665395905207497
117,2,1798.5,1038.0,263,True,-1.3508820689856944,-1.3508820689856944,-2.701764137971389
117,3,1535.6666666666665,1200.0,265,True,-1.2473558934750824,-1.2473558934750824,-2.4947117869501647
118,0,1971.5,1479.0,269,True,-1.582936314146636,-1.582936314146636,-3.165872628293272
118,1,2003.0,1239.0,266,True,-1.5293201576224307,-1.5293201576224307,-3.0586403152448614
118,2,1873.0,1220.0,266,True,-1.4484452676138118,-1.4484452676138118,-2.8968905352276235
118,3,1528.6666666666665,917.0,261,True,-1.158602132388738,-1.158602132388738,-2.317204264777476
119,0,1613.6666666666665,1268.0,267,True,-1.3128218630983322,-1.3128218630983322,-2.6256437261966643
119,1,1503.6666666666665,1376.0,269,True,-1.2815269241646468,-1.2815269241646468,-2.5630538483292935
119,2,1671.6666666666665,1166.0,265,True,-1.3158374835622424,-1.3158374835622424,-2.631674967124485
119,3,1790.5,974.0,262,True,-1.327099175655391,-1.327099175655391,-2.654198351310782
120,0,1679.6666666666665,1307.0,266,True,-1.3626673688111326,-1.3626673688111326,-2.725334737622265
120,1,1585.6666666666665,1311.0,267,True,-1.3094979291989324,-1.3094979291989324,-2.6189958583978648
120,2,1754.5,1368.0,269,True,-1.424206655519373,-1.424206655519373,-2.848413311038746
120,3,2033.5,1231.0,267,True,-1.5445659194379244,-1.5445659194379244,-3.089131838875849
121,0,2058.5,1696.0,274,True,-1.6982050306850636,-1.6982050306850636,-3.396410061370127
121,1,1647.6666666666665,1176.0,264,True,-1.3049497434097068,-1.3049497434097068,-2.6098994868194136
121,2,1630.6666666666665,851.0,259,True,-1.1978412058280996,-1.1978412058280996,-2.395682411656199
121,3,1808.5,975.0,262,True,-1.3378091292283392,-1.3378091292283392,-2.6756182584566783
122,0,1520.6666666666665,1166.0,265,True,-1.2285037646495764,-1.2285037646495764,-2.457007529299153
122,1,1635.6666666666665,893.0,261,True,-1.213304137326255,-1.213304137326255,-2.42660827465251
122,2,1915.5,1208.0,266,True,-1.4694342110889314,-1.4694342110889314,-2.9388684221778627
122,3,1943.5,1441.0,270,True,-1.555368141995215,-1.555368141995215,-3.11073628399043
123,0,1543.6666666666665,1441.0,270,True,-1.3241169370598,-1.3241169370598,-2.6482338741196
123,1,1921.5,1182.0,266,True,-1.4651223239181457,-1.4651223239181457,-2.9302446478362913
123,2,1594.6666666666665,1260.0,267,True,-1.2994383594424557,-1.2994383594424557,-2.5988767188849113
123,3,1453.6666666666665,1285.0,268,True,-1.2253711201079627,-1.2253711201079627,-2.4507422402159253
124,0,1877.5,1272.0,267,True,-1.4666121304458393,-1.4666121304458393,-2.9332242608916785
124,1,1913.5,1119.0,264,True,-1.4416387421712016,-1.4416387421712016,-2.883277484342403
124,2,1588.6666666666665,1085.0,264,True,-1.2435886183582276,-1.2435886183582276,-2.4871772367164553
124,3,2032.5,1399.0,269,True,-1.5942718964426925,-1.5942718964426925,-3.188543792885385
125,0,1593.6666666666665,1624.0,273,True,-1.4078094067854463,-1.4078094067854463,-2.8156188135708926
125,1,1883.5,1161.0,266,True,-1.4368587586896004,-1.4368587586896004,-2.873717517379201
125,2,1930.6666666666667,1535.0,273,True,-1.57608102867165,-1.57608102867165,-3.1521620573433
125,3,1958.6666666666667,1194.0,267,True,-1.4902101107302825,-1.4902101107302825,-2.980420221460565
126,0,2015.5,1459.0,270,True,-1.6023983184540211,-1.6023983184540211,-3.2047966369080423
126,1,1565.6666666666665,1216.0,266,True,-1.2694959487914634,-1.2694959487914634,-2.538991897582927
126,2,1736.6666666666665,973.0,262,True,-1.2956643329365016,-1.2956643329365016,-2.5913286658730033
126,3,1897.5,1028.0,262,True,-1.4051474840948535,-1.4051474840948535,-2.810294968189707
127,0,1850.6666666666665,961.0,261,True,-1.3580066598702678,-1.3580066598702678,-2.7160133197405356
127,1,1692.6666666666665,1113.0,263,True,-1.3121197186321083,-1.3121197186321083,-2.6242394372642166
127,2,1847.6666666666665,1125.0,264,True,-1.40535865254276,-1.40535865254276,-2.81071730508552
127,3,1720.5,1205.0,266,True,-1.3557543214516388,-1.3557543214516388,-2.7115086429032775
128,0,1911.3333333333335,1057.0,262,True,-1.4218282911709086,-1.4218282911709086,-2.843656582341817
128,1,1740.5,1411.0,269,True,-1.4289798876118764,-1.4289798876118764,-2.857959775223753
128,2,1925.5,1125.0,263,True,-1.450375039664411,-1.450375039664411,-2.900750079328822
128,3,1808.5,770.0,258,True,-1.2764502546398921,-1.2764502546398921,-2.5529005092797843
129,0,1958.1666666666667,1759.0,275,True,-1.659031970827998,-1.659031970827998,-3.318063941655996
129,1,1951.5,1375.0,267,True,-1.540240529488943,-1.540240529488943,-3.080481058977886
129,2,1932.5,1384.0,269,True,-1.5319453227501567,-1.5319453227501567,-3.0638906455003134
129,3,1798.5,1296.0,268,True,-1.4281044574921284,-1.4281044574921284,-2.856208914984257
130,0,1570.6666666666665,767.0,258,True,-1.1379968928607058,-1.1379968928607058,-2.2759937857214116
130,1,1547.6666666666665,1308.0,268,True,-1.2866219724708357,-1.2866219724708357,-2.5732439449416713
130,2,1901.5,1292.0,268,True,-1.4864792180991233,-1.4864792180991233,-2.9729584361982466
130,3,1740.6666666666665,1058.0,263,True,-1.3234192935196416,-1.3234192935196416,-2.646838587039283
131,0,1994.5,1195.0,265,True,-1.5112343114595832,-1.5112343114595832,-3.0224686229191664
131,1,2001.5,1919.0,277,True,-1.7319844808069265,-1.7319844808069265,-3.463968961613853
131,2,1708.3333333333335,899.0,260,True,-1.2571281541177097,-1.2571281541177097,-2.5142563082354195
131,3,1960.5,1037.0,263,True,-1.4442785353086403,-1.4442785353086403,-2.8885570706172805
132,0,1797.5,1839.0,277,True,-1.5900522782562507,-1.5900522782562507,-3.1801045565125015
132,1,1999.5,758.0,258,True,-1.383326994529124,-1.383326994529124,-2.766653989058248
132,2,1961.5,1174.0,265,True,-1.4858625912281453,-1.4858625912281453,-2.9717251824562907
132,3,1910.3333333333333,1686.0,273,True,-1.6095169081038416,-1.6095169081038416,-3.2190338162076833
133,0,2135.5,1086.0,264,True,-1.560159377791981,-1.560159377791981,-3.120318755583962
133,1,1915.5,713.0,257,True,-1.321274977326585,-1.321274977326585,-2.64254995465317
133,2,1755.5,1440.0,269,True,-1.44633545852059,-1.44633545852059,-2.89267091704118
133,3,1535.3333333333335,911.0,261,True,-1.1606620562180667,-1.1606620562180667,-2.3213241124361335
134,0,1718.6666666666665,1103.0,264,True,-1.3241641967834887,-1.3241641967834887,-2.6483283935669775
134,1,1996.9999999999998,1418.0,269,True,-1.5794267170470329,-1.5794267170470329,-3.1588534340940657
134,2,1743.6666666666665,1773.0,275,True,-1.5391621826190736,-1.5391621826190736,-3.078324365238147
134,3,1770.5,1528.0,271,True,-1.4813504128474435,-1.4813504128474435,-2.962700825694887
135,0,1500.6666666666665,1352.0,268,True,-1.272608339165783,-1.272608339165783,-2.545216678331566
135,1,1919.5,1274.0,266,True,-1.4915022515882643,-1.4915022515882643,-2.9830045031765287
135,2,1575.6666666666665,1603.0,271,True,-1.3911132215453337,-1.3911132215453337,-2.7822264430906674
135,3,1878.0,1262.0,266,True,-1.4639081991119671,-1.4639081991119671,-2.9278163982239342
136,0,1862.5,1277.0,266,True,-1.459433153371306,-1.459433153371306,-2.918866306742612
136,1,1817.5,1280.0,265,True,-1.4343044831474074,-1.4343044831474074,-2.868608966294815
136,2,1894.5,1305.0,268,True,-1.4863216856868307,-1.4863216856868307,-2.9726433713736613
136,3,1706.6666666666665,1092.0,262,True,-1.3139313413734879,-1.3139313413734879,-2.6278626827469758
137,0,1822.5,1109.0,264,True,-1.3860140473902511,-1.3860140473902511,-2.7720280947805023
137,1,1934.5,960.0,262,True,-1.40619394940509,-1.40619394940509,-2.81238789881018
137,2,2080.5,1278.0,267,True,-1.5858169068285797,-1.5858169068285797,-3.1716338136571594
137,3,1796.5,1223.0,266,True,-1.4050979739081313,-1.4050979739081313,-2.8101959478162626
138,0,1814.5,1340.0,268,True,-1.4505280711506392,-1.4505280711506392,-2.9010561423012784
138,1,1768.6666666666665,915.0,260,True,-1.296812069083214,-1.296812069083214,-2.593624138166428
138,2,1810.5,1374.0,268,True,-1.458391188987135,-1.458391188987135,-2.91678237797427
138,3,1712.6666666666665,1310.0,267,True,-1.3826514805421213,-1.3826514805421213,-2.7653029610842426
139,0,1553.6666666666665,1654.0,273,True,-1.3936539943093282,-1.3936539943093282,-2.7873079886186565
139,1,1989.5,1174.0,265,True,-1.5020569232119503,-1.5020569232119503,-3.0041138464239006
139,2,2010.5,1148.0,265,True,-1.5064205710324894,-1.5064205710324894,-3.0128411420649788
139,3,1960.5,1115.0,264,True,-1.4676248388105853,-1.4676248388105853,-2.9352496776211705
140,0,1786.5,1460.0,269,True,-1.4702511291698268,-1.4702511291698268,-2.9405022583396536
140,1,2060.8333333333335,2047.0,280,True,-1.8046129241091344,-1.8046129241091344,-3.609225848218269
140,2,1677.6666666666665,725.0,258,True,-1.1873112892977724,-1.1873112892977724,-2.374622578595545
140,3,1912.5,1339.0,268,True,-1.5069089215106004,-1.5069089215106004,-3.013817843021201
141,0,1937.6666666666667,1381.0,266,True,-1.5340356278304255,-1.5340356278304255,-3.068071255660851
141,1,1866.1666666666665,1241.0,267,True,-1.4507786227016197,-1.4507786227016197,-2.9015572454032394
141,2,1549.6666666666665,1183.0,265,True,-1.2503647625498948,-1.2503647625498948,-2.5007295250997896
141,3,1719.5,1453.0,270,True,-1.4294052251250695,-1.4294052251250695,-2.858810450250139
142,0,1620.6666666666665,2150.0,281,True,-1.5808632626162828,-1.5808632626162828,-3.1617265252325657
142,1,1502.6666666666665,704.0,258,True,-1.079811171148464,-1.079811171148464,-2.159622342296928
142,2,1964.5,1580.0,269,True,-1.60911820106987,-1.60911820106987,-3.21823640213974
142,3,1836.5,988.0,262,True,-1.3578945117958015,-1.3578945117958015,-2.715789023591603
143,0,1505.6666666666665,1666.0,272,True,-1.3694840213373896,-1.3694840213373896,-2.738968042674779
143,1,1812.5,1682.0,273,True,-1.5517358946603252,-1.5517358946603252,-3.1034717893206505
143,2,2076.333333333333,771.0,259,True,-1.4316560632350108,-1.4316560632350108,-2.8633121264700216
143,3,1968.3333333333335,1520.0,272,True,-1.5933765872328234,-1.5933765872328234,-3.1867531744656468
144,0,1834.5,1332.0,267,True,-1.459700958472206,-1.459700958472206,-2.919401916944412
144,1,1802.5,2325.0,284,True,-1.738409552765481,-1.738409552765481,-3.476819105530962
144,2,1873.5,757.0,258,True,-1.3101531890186404,-1.3101531890186404,-2.620306378037281
144,3,1802.5,1320.0,266,True,-1.4376014114904136,-1.4376014114904136,-2.8752028229808273
145,0,1791.5,1069.0,263,True,-1.3561121450738487,-1.3561121450738487,-2.7122242901476974
145,1,1811.5,1105.0,263,True,-1.3784547420631792,-1.3784547420631792,-2.7569094841263584
145,2,1829.5,1450.0,269,True,-1.4921278803113736,-1.4921278803113736,-2.984255760622747
145,3,1876.5,1029.0,263,True,-1.3933010466903566,-1.3933010466903566,-2.786602093380713
146,0,1901.5,1645.0,272,True,-1.592136207024595,-1.592136207024595,-3.18427241404919
146,1,1776.6666666666665,1225.0,265,True,-1.3942256119196523,-1.3942256119196523,-2.7884512238393047
146,2,1542.6666666666665,1216.0,266,True,-1.2561934618047657,-1.2561934618047657,-2.5123869236095313
146,3,2174.166666666667,1320.0,267,True,-1.652561889608787,-1.652561889608787,-3.305123779217574
147,0,1863.5,1314.0,266,True,-1.471086050954984,-1.471086050954984,-2.942172101909968
147,1,2007.3333333333335,1231.0,266,True,-1.529431930619725,-1.529431930619725,-3.05886386123945
147,2,1802.5,1267.0,266,True,-1.4217378975724253,-1.4217378975724253,-2.8434757951448506
147,3,1699.5,1372.0,267,True,-1.3935936068846169,-1.3935936068846169,-2.7871872137692337
148,0,1766.5,1307.0,267,True,-1.4128890769275775,-1.4128890769275775,-2.825778153855155
148,1,1887.5,1101.0,264,True,-1.4212135396857903,-1.4212135396857903,-2.8424270793715807
148,2,1893.5,1144.0,264,True,-1.4375541517667254,-1.4375541517667254,-2.875108303533451
148,3,1995.5,1372.0,268,True,-1.564790830713419,-1.564790830713419,-3.129581661426838
149,0,1736.6666666666665,866.0,260,True,-1.2636379935171664,-1.2636379935171664,-2.527275987034333
149,1,1741.6666666666665,1083.0,262,True,-1.3314804521030204,-1.3314804521030204,-2.6629609042060407
149,2,1938.5,1018.0,261,True,-1.4258674972375562,-1.4258674972375562,-2.8517349944751125
149,3,1965.5,1540.0,270,True,-1.5977241067349601,-1.5977241067349601,-3.1954482134699203
150,0,1768.4999999999998,1258.0,267,True,-1.3993795473418653,-1.3993795473418653,-2.7987590946837306
150,1,1786.6666666666665,982.0,262,True,-1.3272765871578076,-1.3272765871578076,-2.654553174315615
150,2,1536.6666666666665,846.0,260,True,-1.1419779619656742,-1.1419779619656742,-2.2839559239313485
150,3,1632.6666666666665,853.0,259,True,-1.1995965669936588,-1.1995965669936588,-2.3991931339873176
151,0,1987.0,1278.0,266,True,-1.5317394053826572,-1.5317394053826572,-3.0634788107653144
151,1,1989.5,1605.0,273,True,-1.6310602156393674,-1.6310602156393674,-3.262120431278735
151,2,1827.5,963.0,262,True,-1.3452064012170506,-1.3452064012170506,-2.690412802434101
151,3,1858.5,1194.0,263,True,-1.4322768159548829,-1.4322768159548829,-2.8645536319097658
152,0,1734.1666666666665,880.0,261,True,-1.2663824331856277,-1.2663824331856277,-2.5327648663712554
152,1,1940.5,1144.0,263,True,-1.4647374947395424,-1.4647374947395424,-2.929474989479085
152,2,1589.6666666666665,837.0,259,True,-1.169937714684796,-1.169937714684796,-2.339875429369592
152,3,1728.5,1219.0,265,True,-1.3645716356140278,-1.3645716356140278,-2.7291432712280557
153,0,1850.5,1779.0,276,True,-1.6027471402241007,-1.6027471402241007,-3.2054942804482014
153,1,1779.5,1191.0,265,True,-1.3856877302504986,-1.3856877302504986,-2.7713754605009973
153,2,1680.6666666666665,1309.0,268,True,-1.3638443609772708,-1.3638443609772708,-2.7276887219545416
153,3,1471.6666666666665,1455.0,270,True,-1.2866647312684587,-1.2866647312684587,-2.5733294625369174
154,0,1883.6666666666665,804.0,259,True,-1.3301009182639327,-1.3301009182639327,-2.6602018365278655
154,1,1554.6666666666665,1100.0,264,True,-1.2284137461282663,-1.2284137461282663,-2.4568274922565325
154,2,2018.5,1049.0,264,True,-1.4814156762753936,-1.4814156762753936,-2.9628313525507872
154,3,1849.6666666666665,938.0,261,True,-1.3505441244536065,-1.3505441244536065,-2.701088248907213
155,0,1544.6666666666665,1171.0,266,True,-1.2438811785524873,-1.2438811785524873,-2.4877623571049745
155,1,1610.6666666666665,1244.0,266,True,-1.3039032780994688,-1.3039032780994688,-2.6078065561989376
155,2,1888.5,1237.0,266,True,-1.4624982840219372,-1.4624982840219372,-2.9249965680438743
155,3,1634.6666666666665,1190.0,266,True,-1.3016213085842396,-1.3016213085842396,-2.6032426171684793
156,0,1905.5,1553.0,271,True,-1.5669130173533208,-1.5669130173533208,-3.1338260347066416
156,1,1602.6666666666665,1043.0,261,True,-1.239114697849082,-1.239114697849082,-2.478229395698164
156,2,1897.5,1467.0,270,True,-1.5365452691891353,-1.5365452691891353,-3.0730905383782705
156,3,2038.4999999999998,1079.0,264,True,-1.5019624037645742,-1.5019624037645742,-3.0039248075291485
157,0,1605.6666666666665,1241.0,267,True,-1.3001134983522862,-1.3001134983522862,-2.6002269967045724
157,1,1539.6666666666665,1222.0,267,True,-1.2562542243066506,-1.2562542243066506,-2.512508448613301
157,2,1772.5,1045.0,263,True,-1.3379396560842394,-1.3379396560842394,-2.6758793121684787
157,3,1712.6666666666667,1607.0,273,True,-1.4715470207995294,-1.4715470207995294,-2.9430940415990587
158,0,1812.5,896.0,261,True,-1.3164769901407214,-1.3164769901407214,-2.632953980281443
158,1,1635.6666666666665,931.0,262,True,-1.2246779774938692,-1.2246779774938692,-2.4493559549877384
158,2,1580.6666666666665,1136.0,265,True,-1.254226557114126,-1.254226557114126,-2.508453114228252
158,3,1675.6666666666665,1162.0,264,True,-1.3169537132264966,-1.3169537132264966,-2.633907426452993
159,0,1612.6666666666665,1124.0,265,True,-1.2691426260953187,-1.2691426260953187,-2.5382852521906374
159,1,1689.6666666666665,911.0,261,True,-1.2499236717954714,-1.2499236717954714,-2.4998473435909427
159,2,1987.5,1040.0,262,True,-1.4607924330430986,-1.4607924330430986,-2.921584866086197
159,3,1971.1666666666667,1183.0,266,True,-1.4941472958061122,-1.4941472958061122,-2.9882945916122243
160,0,1800.0,1334.0,268,True,-1.4403458511588758,-1.4403458511588758,-2.8806917023177516
160,1,1868.5,1632.0,272,True,-1.569158979460024,-1.569158979460024,-3.138317958920048
160,2,1926.5,1239.0,267,True,-1.4850749291666752,-1.4850749291666752,-2.9701498583333503
160,3,1889.5,1153.0,265,True,-1.4379344800192635,-1.4379344800192635,-2.875868960038527
161,0,1955.8333333333333,1081.0,264,True,-1.4547491896457692,-1.4547491896457692,-2.9094983792915383
161,1,1815.5,1310.0,267,True,-1.4421270926493128,-1.4421270926493128,-2.8842541852986257
161,2,1571.6666666666665,1362.0,269,True,-1.3166656539583017,-1.3166656539583017,-2.6333313079166034
161,3,1894.5,1110.0,263,True,-1.4279559269319662,-1.4279559269319662,-2.8559118538639323
162,0,2049.666666666667,1115.0,264,True,-1.5191960745923474,-1.5191960745923474,-3.038392149184695
162,1,1709.6666666666665,1128.0,265,True,-1.3264416653726507,-1.3264416653726507,-2.6528833307453015
162,2,1553.6666666666665,835.0,260,True,-1.1485178075389013,-1.1485178075389013,-2.2970356150778026
162,3,2001.5,1171.0,265,True,-1.5080994164549366,-1.5080994164549366,-3.0161988329098732
163,0,1571.6666666666665,888.0,261,True,-1.1747919634464792,-1.1747919634464792,-2.3495839268929584
163,1,1871.5,1007.0,262,True,-1.3838243468593663,-1.3838243468593663,-2.7676486937187326
163,2,1628.6666666666665,917.0,261,True,-1.2164390323309024,-1.2164390323309024,-2.432878064661805
163,3,1920.8333333333335,996.0,263,True,-1.409064790080559,-1.409064790080559,-2.818129580161118
164,0,1606.6666666666665,560.0,255,True,-1.0968606790847215,-1.0968606790847215,-2.193721358169443
164,1,1660.6666666666665,1319.0,267,True,-1.3552700968224212,-1.3552700968224212,-2.7105401936448423
164,2,1633.6666666666665,875.0,261,True,-1.206759790826962,-1.206759790826962,-2.413519581653924
164,3,2034.5,1084.0,263,True,-1.5011454856836794,-1.5011454856836794,-3.002290971367359
165,0,1532.6666666666665,863.0,261,True,-1.1447527828850783,-1.1447527828850783,-2.2895055657701566
165,1,1871.5,1385.0,269,True,-1.4969641253687944,-1.4969641253687944,-2.993928250737589
165,2,1844.5,1055.0,264,True,-1.3825753398761798,-1.3825753398761798,-2.7651506797523595
165,3,2046.5,1085.0,263,True,-1.5083852252600973,-1.5083852252600973,-3.0167704505201947
166,0,1675.6666666666665,1275.0,267,True,-1.3507759221459812,-1.3507759221459812,-2.7015518442919624
166,1,1674.6666666666665,1275.0,267,True,-1.3501975531465595,-1.3501975531465595,-2.700395106293119
166,2,1923.5,1088.0,263,True,-1.4381437730813114,-1.4381437730813114,-2.8762875461626227
166,3,1561.6666666666665,1180.0,266,True,-1.2564072557928794,-1.2564072557928794,-2.5128145115857587
167,0,1904.5,1153.0,265,True,-1.4466100150105883,-1.4466100150105883,-2.8932200300211766
167,1,1977.5,1009.0,263,True,-1.445730083964776,-1.445730083964776,-2.891460167929552
167,2,1769.5,1376.0,269,True,-1.4352766831775636,-1.4352766831775636,-2.8705533663551273
167,3,1756.6666666666665,1000.0,263,True,-1.3153131256756079,-1.3153131256756079,-2.6306262513512157
168,0,1880.5,1049.0,263,True,-1.4016007543552087,-1.4016007543552087,-2.8032015087104174
168,1,1855.5,1475.0,269,True,-1.5146482638802936,-1.5146482638802936,-3.029296527760587
168,2,1854.5,899.0,261,True,-1.3416664228665045,-1.3416664228665045,-2.683332845733009
168,3,1695.6666666666665,1096.0,264,True,-1.3087665287132826,-1.3087665287132826,-2.617533057426565
169,0,1620.6666666666665,930.0,261,True,-1.215703130919186,-1.215703130919186,-2.431406261838372
169,1,2030.5,948.0,262,True,-1.458125634349267,-1.458125634349267,-2.916251268698534
169,2,1699.6666666666665,1407.0,270,True,-1.4041659071353927,-1.4041659071353927,-2.8083318142707854
169,3,1910.5,1247.0,265,True,-1.4782155178427956,-1.4782155178427956,-2.956431035685591
170,0,1624.6666666666665,1110.0,263,True,-1.2718926919213625,-1.2718926919213625,-2.543785383842725
170,1,1794.6666666666665,877.0,260,True,-1.3004758229005613,-1.3004758229005613,-2.6009516458011226
170,2,1621.6666666666665,1140.0,265,True,-1.2791369324238464,-1.2791369324238464,-2.558273864847693
170,3,2058.833333333333,1299.0,267,True,-1.5795711217583022,-1.5795711217583022,-3.1591422435166043
171,0,1971.5,1235.0,265,True,-1.5099042878072158,-1.5099042878072158,-3.0198085756144315
171,1,1706.6666666666665,675.0,256,True,-1.1891184111130866,-1.1891184111130866,-2.378236822226173
171,2,1982.5,955.0,262,True,-1.4324591034605367,-1.4324591034605367,-2.8649182069210735
171,3,1480.6666666666665,971.0,262,True,-1.1470032459178479,-1.1470032459178479,-2.2940064918356957
172,0,1681.6666666666665,801.0,260,True,-1.2123724456306884,-1.2123724456306884,-2.4247448912613767
172,1,1659.6666666666665,847.0,260,True,-1.2134166604778935,-1.2134166604778935,-2.426833320955787
172,2,1781.6666666666665,970.0,262,True,-1.3207930031604,-1.3207930031604,-2.6415860063208
172,3,2029.5,1020.0,263,True,-1.4790976993516411,-1.4790976993516411,-2.9581953987032823
173,0,1919.5,1208.0,266,True,-1.471747687086618,-1.471747687086618,-2.943495374173236
173,1,2039.5,1327.0,268,True,-1.576770045436848,-1.576770045436848,-3.153540090873696
173,2,1986.0,1321.0,266,True,-1.5440314344676425,-1.5440314344676425,-3.088062868935285
173,3,1774.6666666666665,1077.0,263,True,-1.3487707595837846,-1.3487707595837846,-2.697541519167569
174,0,2012.5,1407.0,269,True,-1.5850990091211268,-1.5850990091211268,-3.1701980182422536
174,1,1755.6666666666665,968.0,262,True,-1.3051567860087212,-1.3051567860087212,-2.6103135720174424
174,2,1682.6666666666665,857.0,260,True,-1.2297122632981734,-1.2297122632981734,-2.459424526596347
174,3,1655.6666666666665,903.0,261,True,-1.22786463314827,-1.22786463314827,-2.45572926629654
175,0,1495.6666666666665,1544.0,271,True,-1.3271843181734644,-1.3271843181734644,-2.6543686363469288
175,1,1881.5,1141.0,265,True,-1.4297157890235908,-1.4297157890235908,-2.8594315780471815
175,2,1888.5,1203.0,265,True,-1.4523216901877565,-1.4523216901877565,-2.904643380375513
175,3,1977.5,1060.0,263,True,-1.460994974716048,-1.460994974716048,-2.921989949432096
176,0,1625.6666666666665,835.0,260,True,-1.190160375497258,-1.190160375497258,-2.380320750994516
176,1,1865.5,1056.0,264,True,-1.3950204004473918,-1.3950204004473918,-2.7900408008947837
176,2,1582.6666666666665,903.0,261,True,-1.1856436961904908,-1.1856436961904908,-2.3712873923809816
176,3,1639.6666666666665,1008.0,263,True,-1.2500384454101434,-1.2500384454101434,-2.500076890820287
177,0,1939.5,1313.0,268,True,-1.5147427833276692,-1.5147427833276692,-3.0294855666553384
177,1,1883.5,993.0,262,True,-1.3865744126854098,-1.3865744126854098,-2.7731488253708196
177,2,1866.5,913.0,261,True,-1.3527972130265802,-1.3527972130265802,-2.7055944260531604
177,3,1983.5,1134.0,265,True,-1.4866142458810896,-1.4866142458810896,-2.973228491762179
178,0,2031.1666666666667,1176.0,265,True,-1.5267542546879023,-1.5267542546879023,-3.0535085093758045
178,1,1802.5,1298.0,267,True,-1.4310165566565316,-1.4310165566565316,-2.862033113313063
178,2,1980.1666666666665,1341.0,267,True,-1.5466438469715142,-1.5466438469715142,-3.0932876939430285
178,3,1589.6666666666665,1579.0,272,True,-1.3920269095366367,-1.3920269095366367,-2.7840538190732733
179,0,2147.666666666667,1132.0,265,True,-1.580964533452758,-1.580964533452758,-3.161929066905516
179,1,1750.6666666666665,943.0,262,True,-1.294782151427656,-1.294782151427656,-2.589564302855312
179,2,2023.3333333333333,1505.0,272,True,-1.6206972084506388,-1.6206972084506388,-3.2413944169012776
179,3,1610.6666666666665,1385.0,268,True,-1.346106211352986,-1.346106211352986,-2.692212422705972
180,0,1903.1666666666665,1516.0,269,True,-1.5544889611037467,-1.5544889611037467,-3.1089779222074934
180,1,2034.3333333333333,815.0,260,True,-1.4205342749270664,-1.4205342749270664,-2.841068549854133
180,2,1919.8333333333333,1655.0,273,True,-1.6057327545142412,-1.6057327545142412,-3.2114655090284825
180,3,1954.5,939.0,261,True,-1.411475786142999,-1.411475786142999,-2.822951572285998
181,0,1701.6666666666665,1050.0,264,True,-1.2984684098753316,-1.2984684098753316,-2.5969368197506633
181,1,1622.6666666666665,1082.0,264,True,-1.2623552295884874,-1.2623552295884874,-2.524710459176975
181,2,1946.6666666666667,1537.0,272,True,-1.5859335558291112,-1.5859335558291112,-3.1718671116582224
181,3,2015.3333333333333,1262.0,268,True,-1.5433375416992046,-1.5433375416992046,-3.086675083398409
182,0,1901.8333333333335,793.0,259,True,-1.3373155276698188,-1.3373155276698188,-2.6746310553396375
182,1,1922.5,811.0,259,True,-1.3546560954916473,-1.3546560954916473,-2.7093121909832947
182,2,1975.6666666666667,1349.0,268,True,-1.5464356791409832,-1.5464356791409832,-3.0928713582819665
182,3,1859.5,1070.0,264,True,-1.3957405486178782,-1.3957405486178782,-2.7914810972357564
183,0,1811.5,933.0,262,True,-1.3269731497255557,-1.3269731497255557,-2.6539462994511114
183,1,1762.6666666666665,1135.0,265,True,-1.3591904034255045,-1.3591904034255045,-2.718380806851009
183,2,1646.6666666666665,980.0,262,True,-1.2457063040720626,-1.2457063040720626,-2.4914126081441252
183,3,1865.6666666666667,976.0,263,True,-1.3711718686119672,-1.3711718686119672,-2.7423437372239343
184,0,1940.8333333333335,1103.0,264,True,-1.4526585094883275,-1.4526585094883275,-2.905317018976655
184,1,1844.5,1282.0,267,True,-1.4505190692985082,-1.4505190692985082,-2.9010381385970163
184,2,1966.5,1421.0,269,True,-1.5626843973147475,-1.5626843973147475,-3.125368794629495
184,3,2035.5,967.0,262,True,-1.4667043994301834,-1.4667043994301834,-2.9334087988603668
185,0,1982.1666666666667,1023.0,263,True,-1.452619501462426,-1.452619501462426,-2.905239002924852
185,1,1718.1666666666667,993.0,262,True,-1.2909507381143668,-1.2909507381143668,-2.5819014762287336
185,2,1716.6666666666665,882.0,261,True,-1.256859598862466,-1.256859598862466,-2.513719197724932
185,3,1615.6666666666665,1197.0,265,True,-1.292727478678739,-1.292727478678739,-2.585454957357478
186,0,1967.5,882.0,261,True,-1.4019338228840588,-1.4019338228840588,-2.8038676457681175
186,1,1736.5,1041.0,263,True,-1.3159211257716275,-1.3159211257716275,-2.631842251543255
186,2,1887.5,1037.0,263,True,-1.4020575983508605,-1.4020575983508605,-2.804115196701721
186,3,1915.1666666666665,1169.0,265,True,-1.4575682696714845,-1.4575682696714845,-2.915136539342969
187,0,1960.5,1167.0,265,True,-1.483189041145216,-1.483189041145216,-2.966378082290432
187,1,1978.6666666666667,1498.0,270,True,-1.5927682120596316,-1.5927682120596316,-3.185536424119263
187,2,2110.333333333333,1435.0,269,True,-1.650063500565241,-1.650063500565241,-3.300127001130482
187,3,1624.6666666666665,1018.0,262,True,-1.2443560262524018,-1.2443560262524018,-2.4887120525048037
188,0,2155.5,1146.0,265,True,-1.58968545278191,-1.58968545278191,-3.17937090556382
188,1,2093.833333333333,1295.0,267,True,-1.5986167904046251,-1.5986167904046251,-3.1972335808092502
188,2,2094.166666666667,1088.0,264,True,-1.5368520823159368,-1.5368520823159368,-3.0737041646318737
188,3,1927.5,1300.0,267,True,-1.5039113047509531,-1.5039113047509531,-3.0078226095019063
189,0,2079.0,1099.0,264,True,-1.531372579908316,-1.531372579908316,-3.062745159816632
189,1,1892.5,1027.0,262,True,-1.4019563275143863,-1.4019563275143863,-2.8039126550287725
189,2,1823.5,1102.0,263,True,-1.3844972353061644,-1.3844972353061644,-2.768994470612329
189,3,2047.5,1090.0,264,True,-1.51046015217631,-1.51046015217631,-3.02092030435262
190,0,2002.5,944.0,262,True,-1.4407340560320279,-1.4407340560320279,-2.8814681120640557
190,1,2074.0,1246.0,266,True,-1.5724795376648748,-1.5724795376648748,-3.1449590753297496
190,2,1954.1666666666665,1476.0,269,True,-1.5720133167399188,-1.5720133167399188,-3.1440266334798377
190,3,1952.5,1244.0,266,True,-1.5016090810684302,-1.5016090810684302,-3.0032181621368603
191,0,1835.6666666666667,1063.0,263,True,-1.3798609063814875,-1.3798609063814875,-2.759721812762975
191,1,1815.5,1774.0,273,True,-1.5810076673275524,-1.5810076673275524,-3.1620153346551048
191,2,1531.6666666666665,1549.0,270,True,-1.3495021600694337,-1.3495021600694337,-2.6990043201388674
191,3,2133.5,1192.0,265,True,-1.5907296676291156,-1.5907296676291156,-3.181459335258231
192,0,1874.5,1331.0,267,True,-1.482536406865712,-1.482536406865712,-2.965072813731424
192,1,1836.5,1410.0,269,True,-1.484203999972994,-1.484203999972994,-2.968407999945988
192,2,2033.5,1507.0,270,True,-1.6271759164448087,-1.6271759164448087,-3.2543518328896175
192,3,2054.5,1586.0,271,True,-1.6629672805179667,-1.6629672805179667,-3.3259345610359334
193,0,1626.6666666666665,1191.0,265,True,-1.297293668172226,-1.297293668172226,-2.594587336344452
193,1,1913.5,1422.0,269,True,-1.53233015192876,-1.53233015192876,-3.06466030385752
193,2,1779.5,1024.0,262,True,-1.3357026958296676,-1.3357026958296676,-2.671405391659335
193,3,1606.6666666666665,1475.0,270,True,-1.3707307778575433,-1.3707307778575433,-2.7414615557150865
194,0,1599.6666666666665,1789.0,275,True,-1.4606660320360905,-1.4606660320360905,-2.921332064072181
194,1,1716.6666666666667,909.0,261,True,-1.2649410116131399,-1.2649410116131399,-2.5298820232262798
194,2,1715.6666666666665,887.0,261,True,-1.2577777877798357,-1.2577777877798357,-2.5155555755596715
194,3,2046.5,1272.0,267,True,-1.5643564913480952,-1.5643564913480952,-3.1287129826961904
195,0,1619.6666666666665,1484.0,270,True,-1.38094337910025,-1.38094337910025,-2.7618867582005
195,1,1816.5,1336.0,267,True,-1.4504875628160496,-1.4504875628160496,-2.9009751256320992
195,2,1720.6666666666665,907.0,261,True,-1.2666558644441097,-1.2666558644441097,-2.5333117288882194
195,3,2098.5,1030.0,263,True,-1.5219982761453166,-1.5219982761453166,-3.043996552290633
196,0,1593.6666666666665,1293.0,266,True,-1.3087372726938562,-1.3087372726938562,-2.6174745453877124
196,1,1784.3333333333335,1577.0,270,True,-1.5040174515906644,-1.5040174515906644,-3.0080349031813287
196,2,2196.833333333333,1350.0,268,True,-1.6746509344297589,-1.6746509344297589,-3.3493018688595178
196,3,1556.6666666666665,1291.0,269,True,-1.28673899654854,-1.28673899654854,-2.57347799309708
197,0,1733.6666666666665,1083.0,263,True,-1.326853500107647,-1.326853500107647,-2.653707000215294
197,1,2061.5,1699.0,273,True,-1.7008380724334033,-1.7008380724334033,-3.4016761448668067
197,2,1529.6666666666665,1227.0,267,True,-1.2519670922292259,-1.2519670922292259,-2.5039341844584517
197,3,1643.6666666666665,1405.0,269,True,-1.371178620001065,-1.371178620001065,-2.74235724000213
198,0,2000.5,1389.0,269,True,-1.572770972627618,-1.572770972627618,-3.145541945255236
198,1,1858.5,1211.0,265,True,-1.4373651128719735,-1.4373651128719735,-2.874730225743947
198,2,1732.6666666666665,1194.0,265,True,-1.3594987168609942,-1.3594987168609942,-2.7189974337219884
198,3,1477.6666666666665,891.0,260,True,-1.1213232122509207,-1.1213232122509207,-2.2426464245018414
199,0,1506.6666666666665,905.0,261,True,-1.1422862754011636,-1.1422862754011636,-2.284572550802327
199,1,1315.6666666666665,896.0,261,True,-1.0291239922614073,-1.0291239922614073,-2.0582479845228145
199,2,1540.6666666666665,1312.0,267,True,-1.2837706358083167,-1.2837706358083167,-2.5675412716166335
199,3,1634.5,1488.0,272,True,-1.39071976559177,-1.39071976559177,-2.78143953118354
200,0,1651.6666666666665,918.0,261,True,-1.2300408309009583,-1.2300408309009583,-2.4600816618019166
200,1,1946.4999999999998,1200.0,266,True,-1.4849691574041366,-1.4849691574041366,-2.969938314808273
200,2,1751.6666666666665,971.0,262,True,-1.3037412447611094,-1.3037412447611094,-2.607482489522219
200,3,1776.6666666666665,1051.0,263,True,-1.3421453964153123,-1.3421453964153123,-2.6842907928306246
201,0,1497.6666666666665,835.0,259,True,-1.11612914357129,-1.11612914357129,-2.23225828714258
201,1,1547.6666666666665,935.0,261,True,-1.1749787518781991,-1.1749787518781991,-2.3499575037563982
201,2,1753.5,1183.0,266,True,-1.36825564359867,-1.36825564359867,-2.73651128719734
201,3,1591.6666666666665,1223.0,266,True,-1.286628723859934,-1.286628723859934,-2.573257447719868
202,0,1957.1666666666665,1081.0,263,True,-1.4555203483116654,-1.4555203483116654,-2.911040696623331
202,1,1667.6666666666665,1171.0,266,True,-1.315020565481347,-1.315020565481347,-2.630041130962694
202,2,1961.6666666666667,1374.0,268,True,-1.5458213027330374,-1.5458213027330374,-3.091642605466075
202,3,2013.5,1373.0,269,True,-1.575500784286367,-1.575500784286367,-3.151001568572734
203,0,2111.5,1184.0,265,True,-1.5756110569749726,-1.5756110569749726,-3.1512221139499452
203,1,1677.5,1864.0,276,True,-1.5281307879096115,-1.5281307879096115,-3.056261575819223
203,2,1922.5,1245.0,266,True,-1.4845573226691398,-1.4845573226691398,-2.9691146453382795
203,3,1885.5,1214.0,266,True,-1.453879010606432,-1.453879010606432,-2.907758021212864
204,0,1891.5,1489.0,269,True,-1.539659910026488,-1.539659910026488,-3.079319820052976
204,1,1921.5,1310.0,267,True,-1.503434206588005,-1.503434206588005,-3.00686841317601
204,2,1818.5,1108.0,264,True,-1.3834012598092058,-1.3834012598092058,-2.7668025196184116
204,3,1838.1666666666665,1537.0,269,True,-1.5231805193918646,-1.5231805193918646,-3.046361038783729
205,0,1871.4999999999998,1437.0,270,True,-1.5125283277034247,-1.5125283277034247,-3.0250566554068494
205,1,1973.8333333333335,1446.0,270,True,-1.57440855956113,-1.57440855956113,-3.14881711912226
205,2,1627.6666666666665,1254.0,267,True,-1.3167286669232192,-1.3167286669232192,-2.6334573338464384
205,3,1610.6666666666665,1024.0,262,True,-1.2380547297606483,-1.2380547297606483,-2.4761094595212967
206,0,2012.6666666666667,1256.0,268,True,-1.5399993548672632,-1.5399993548672632,-3.0799987097345265
206,1,2028.5,1267.0,266,True,-1.552449291441714,-1.552449291441714,-3.104898582883428
206,2,1615.6666666666665,1114.0,264,True,-1.2678846172600013,-1.2678846172600013,-2.5357692345200027
206,3,1953.5,1538.0,271,True,-1.5901850555751844,-1.5901850555751844,-3.180370111150369
207,0,2005.5,1054.0,263,True,-1.4753934371997042,-1.4753934371997042,-2.9507868743994083
207,1,1905.1666666666665,1593.0,271,True,-1.5786926910211787,-1.5786926910211787,-3.1573853820423574
207,2,1926.5,1193.0,266,True,-1.4713065963321954,-1.4713065963321954,-2.942613192664391
207,3,1710.5,748.0,258,True,-1.2131852378626902,-1.2131852378626902,-2.4263704757253803
208,0,1934.3333333333333,1260.0,267,True,-1.4958910295793364,-1.4958910295793364,-2.991782059158673
208,1,1734.5,741.0,258,True,-1.2249709127653017,-1.2249709127653017,-2.4499418255306034
208,2,1473.6666666666665,1621.0,273,True,-1.3375071921047739,-1.3375071921047739,-2.6750143842095477
208,3,1485.6666666666665,1324.0,268,True,-1.2555520798404274,-1.2555520798404274,-2.5111041596808548
209,0,1570.6666666666665,1012.0,263,True,-1.2113282307834832,-1.2113282307834832,-2.4226564615669663
209,1,1802.5,1464.0,268,True,-1.4807022794940055,-1.4807022794940055,-2.961404558988011
209,2,1773.5,945.0,261,True,-1.3085868667478333,-1.3085868667478333,-2.6171737334956666
209,3,1425.6666666666665,1146.0,265,True,-1.1675724780373558,-1.1675724780373558,-2.3351449560747115
210,0,1873.5,1126.0,265,True,-1.420599163277844,-1.420599163277844,-2.841198326555688
210,1,1759.5,1757.0,274,True,-1.5435307064428514,-1.5435307064428514,-3.087061412885703
210,2,1477.6666666666665,1130.0,264,True,-1.192858680673548,-1.192858680673548,-2.385717361347096
210,3,1967.5,946.0,262,True,-1.4210897642189877,-1.4210897642189877,-2.8421795284379754
211,0,1706.6666666666665,885.0,260,True,-1.2519738436183239,-1.2519738436183239,-2.5039476872366477
211,1,1738.5,1114.0,264,True,-1.3389276093556246,-1.3389276093556246,-2.677855218711249
211,2,1594.6666666666665,1045.0,264,True,-1.2350863690204263,-1.2350863690204263,-2.4701727380408527
211,3,1733.5,1373.0,268,True,-1.4135574644483107,-1.4135574644483107,-2.8271149288966213
212,0,2010.1666666666665,1365.0,267,True,-1.5711783949547624,-1.5711783949547624,-3.142356789909525
212,1,2149.5,1562.0,272,True,-1.7107288574624235,-1.7107288574624235,-3.421457714924847
212,2,1855.5,1185.0,265,True,-1.4278479047063934,-1.4278479047063934,-2.855695809412787
212,3,1577.6666666666665,1626.0,272,True,-1.3991541259614166,-1.3991541259614166,-2.7983082519228333
213,0,1643.6666666666665,827.0,259,True,-1.198176524819982,-1.198176524819982,-2.396353049639964
213,1,1646.6666666666665,1342.0,268,True,-1.3540570972477586,-1.3540570972477586,-2.708114194495517
213,2,1686.6666666666665,954.0,262,True,-1.2610589628816125,-1.2610589628816125,-2.522117925763225
213,3,1996.5,1354.0,268,True,-1.559981591212392,-1.559981591212392,-3.119963182424784
214,0,2003.4999999999998,1094.0,264,True,-1.4862091625351912,-1.4862091625351912,-2.9724183250703824
214,1,1972.3333333333335,1152.0,266,True,-1.4855434005546642,-1.4855434005546642,-2.9710868011093283
214,2,2009.5,1207.0,265,True,-1.5235015854512064,-1.5235015854512064,-3.047003170902413
214,3,2048.333333333333,1037.0,263,True,-1.4950786124245061,-1.4950786124245061,-2.9901572248490123
215,0,1672.5,1344.0,267,True,-1.3695969195662008,-1.3695969195662008,-2.7391938391324016
215,1,1617.6666666666665,1183.0,265,True,-1.2896938545105658,-1.2896938545105658,-2.5793877090211317
215,2,1854.5,1051.0,263,True,-1.3871617835369625,-1.3871617835369625,-2.774323567073925
215,3,1508.6666666666665,969.0,262,True,-1.1625989547349367,-1.1625989547349367,-2.3251979094698734
216,0,1739.6666666666665,947.0,261,True,-1.2896173387674514,-1.2896173387674514,-2.579234677534903
216,1,1803.5,849.0,260,True,-1.2972040247280874,-1.2972040247280874,-2.5944080494561748
216,2,1671.6666666666665,1377.0,269,True,-1.3789922276508388,-1.3789922276508388,-2.7579844553016777
216,3,1967.5,1283.0,267,True,-1.5219577678107268,-1.5219577678107268,-3.0439155356214536
217,0,2080.5,1527.0,271,True,-1.6603454910847906,-1.6603454910847906,-3.320690982169581
217,1,1817.5,1311.0,267,True,-1.4435831422315144,-1.4435831422315144,-2.887166284463029
217,2,1954.5,1228.0,265,True,-1.4979768337335413,-1.4979768337335413,-2.9959536674670826
217,3,2118.166666666667,1105.0,265,True,-1.5558212352191474,-1.5558212352191474,-3.111642470438295
218,0,1894.6666666666667,1129.0,264,True,-1.433739241849011,-1.433739241849011,-2.867478483698022
218,1,1663.6666666666665,647.0,257,True,-1.155867819803925,-1.155867819803925,-2.31173563960785
218,2,2025.3333333333333,1572.0,272,True,-1.641907822534486,-1.641907822534486,-3.283815645068972
218,3,2146.333333333333,1392.0,269,True,-1.658014386460014,-1.658014386460014,-3.316028772920028
219,0,2087.5,1148.0,265,True,-1.5509549839879553,-1.5509549839879553,-3.1019099679759106
219,1,1845.5,1347.0,268,True,-1.470552691216218,-1.470552691216218,-2.941105382432436
219,2,1527.6666666666665,1578.0,272,True,-1.3558687199891373,-1.3558687199891373,-2.7117374399782745
219,3,1722.1666666666665,1228.0,265,True,-1.3636024362012484,-1.3636024362012484,-2.727204872402497
220,0,1774.6666666666665,1416.0,268,True,-1.4502373863422393,-1.4502373863422393,-2.9004747726844786
220,1,2007.5,999.0,262,True,-1.4600880381138421,-1.4600880381138421,-2.9201760762276843
220,2,1448.5,1375.0,268,True,-1.2493209227798618,-1.2493209227798618,-2.4986418455597237
220,3,1823.1666666666665,1128.0,264,True,-1.3920865468070056,-1.3920865468070056,-2.784173093614011
221,0,1982.3333333333335,1111.0,264,True,-1.4790553156311905,-1.4790553156311905,-2.958110631262381
221,1,1804.5,1102.0,263,True,-1.373508224317154,-1.373508224317154,-2.747016448634308
221,2,1868.3333333333333,1435.0,269,True,-1.510098202705207,-1.510098202705207,-3.020196405410414
221,3,1515.6666666666665,1554.0,270,True,-1.3417448139954795,-1.3417448139954795,-2.683489627990959
222,0,1977.5,1266.0,266,True,-1.5226531608878526,-1.5226531608878526,-3.0453063217757053
222,1,2060.333333333333,1238.0,266,True,-1.5621806686725792,-1.5621806686725792,-3.1243613373451584
222,2,1576.6666666666665,1371.0,269,True,-1.3222513032056347,-1.3222513032056347,-2.6445026064112693
222,3,1726.5,1002.0,263,True,-1.2984642840264387,-1.2984642840264387,-2.5969285680528773
223,0,1476.6666666666665,1228.0,267,True,-1.2216128468432375,-1.2216128468432375,-2.443225693686475
223,1,1572.6666666666665,974.0,262,True,-1.2011111286147123,-1.2011111286147123,-2.4022222572294245
223,2,1860.5,1302.0,266,True,-1.46575920495642,-1.46575920495642,-2.93151840991284
223,3,2024.5,1144.0,265,True,-1.5133204906909592,-1.5133204906909592,-3.0266409813819184
224,0,1595.6666666666665,1539.0,270,True,-1.383524660198836,-1.383524660198836,-2.767049320397672
224,1,1892.3333333333333,1001.0,263,True,-1.394077831513834,-1.394077831513834,-2.788155663027668
224,2,1505.6666666666665,1433.0,268,True,-1.2997444224149122,-1.2997444224149122,-2.5994888448298243
224,3,2086.5,1248.0,265,True,-1.5803077733243611,-1.5803077733243611,-3.1606155466487222
225,0,2118.833333333333,1090.0,264,True,-1.55171714080172,-1.55171714080172,-3.10343428160344
225,1,1783.5,1480.0,270,True,-1.4745022538387276,-1.4745022538387276,-2.949004507677455
225,2,1580.6666666666665,1203.0,265,True,-1.274280433199131,-1.274280433199131,-2.548560866398262
225,3,1995.5,998.0,262,True,-1.4528482985374243,-1.4528482985374243,-2.9056965970748485
226,0,2116.5,968.0,262,True,-1.5138515999666933,-1.5138515999666933,-3.0277031999333865
226,1,1602.6666666666665,1457.0,269,True,-1.3630296933594086,-1.3630296933594086,-2.726059386718817
226,2,1994.5,1443.0,269,True,-1.5854635841324352,-1.5854635841324352,-3.1709271682648703
226,3,1663.5,837.0,260,True,-1.2126406258087599,-1.2126406258087599,-2.4252812516175197
227,0,1999.8333333333335,1164.0,265,True,-1.5050402870390585,-1.5050402870390585,-3.010080574078117
227,1,1918.5,988.0,262,True,-1.4053207697483754,-1.4053207697483754,-2.8106415394967508
227,2,1806.5,1091.0,263,True,-1.3713725348990558,-1.3713725348990558,-2.7427450697981115
227,3,1976.5,1009.0,263,True,-1.4451517149653537,-1.4451517149653537,-2.8903034299307073
228,0,1775.5,664.0,256,True,-1.2256370498230007,-1.2256370498230007,-2.4512740996460014
228,1,1606.6666666666665,686.0,258,True,-1.1345739385878646,-1.1345739385878646,-2.269147877175729
228,2,1978.6666666666667,1012.0,263,True,-1.447302782547509,-1.447302782547509,-2.894605565095018
228,3,2047.5,1125.0,264,True,-1.52093605759385,-1.52093605759385,-3.0418721151877
229,0,1619.6666666666665,1076.0,262,True,-1.258824253090074,-1.258824253090074,-2.517648506180148
229,1,1693.6666666666665,1380.0,267,True,-1.3926142803881894,-1.3926142803881894,-2.7852285607763787
229,2,1565.6666666666665,947.0,261,True,-1.188981132868088,-1.188981132868088,-2.377962265736176
229,3,2041.3333333333333,1009.0,262,True,-1.4826493050945235,-1.4826493050945235,-2.965298610189047
230,0,1858.5,1075.0,263,True,-1.3966587375352486,-1.3966587375352486,-2.793317475070497
230,1,1870.5,1494.0,270,True,-1.5290107189554254,-1.5290107189554254,-3.058021437910851
230,2,1539.6666666666665,1040.0,262,True,-1.2017795161354452,-1.2017795161354452,-2.4035590322708904
230,3,1550.6666666666665,1097.0,263,True,-1.2252023353805044,-1.2252023353805044,-2.4504046707610088
231,0,1790.6666666666665,1022.0,262,True,-1.3415625264898252,-1.3415625264898252,-2.6831250529796504
231,1,1847.5,1416.0,268,True,-1.4923619284667822,-1.4923619284667822,-2.9847238569335643
231,2,2044.5,1300.0,267,True,-1.5715804776832838,-1.5715804776832838,-3.1431609553665676
231,3,1785.6666666666665,1145.0,265,True,-1.3754860062457857,-1.3754860062457857,-2.7509720124915713
232,0,1884.5,1225.0,267,True,-1.456593069023952,-1.456593069023952,-2.913186138047904
232,1,1757.5,1245.0,265,True,-1.3891264377645702,-1.3891264377645702,-2.7782528755291405
232,2,2097.5,1227.0,266,True,-1.5803842890674757,-1.5803842890674757,-3.1607685781349515
232,3,1944.3333333333333,991.0,262,True,-1.4211599036501756,-1.4211599036501756,-2.8423198073003513
233,0,1891.5,1321.0,267,True,-1.4893755640222979,-1.4893755640222979,-2.9787511280445957
233,1,1941.5,1096.0,264,True,-1.450948907737767,-1.450948907737767,-2.901897815475534
233,2,1555.6666666666665,1039.0,262,True,-1.210734108542833,-1.210734108542833,-2.421468217085666
233,3,2069.5,1272.0,266,True,-1.5776589783347927,-1.5776589783347927,-3.1553179566695855
234,0,1975.5,1249.0,266,True,-1.5164081259719189,-1.5164081259719189,-3.0328162519438377
234,1,1820.5,1113.0,265,True,-1.3860545557248403,-1.3860545557248403,-2.7721091114496805
234,2,2007.5,1027.0,263,True,-1.4684687624478732,-1.4684687624478732,-2.9369375248957463
234,3,1991.3333333333333,1087.0,264,True,-1.477077158625387,-1.477077158625387,-2.954154317250774
235,0,2030.5,1558.0,272,True,-1.6407057001978158,-1.6407057001978158,-3.2814114003956316
235,1,1589.6666666666665,942.0,261,True,-1.201365430937416,-1.201365430937416,-2.402730861874832
235,2,1886.5,1301.0,268,True,-1.4804974873580243,-1.4804974873580243,-2.9609949747160487
235,3,1892.5,1040.0,263,True,-1.4058473780980436,-1.4058473780980436,-2.811694756196087
236,0,2018.3333333333333,1213.0,265,True,-1.530406381112914,-1.530406381112914,-3.060812762225828
236,1,1797.5,894.0,259,True,-1.3072028319826805,-1.3072028319826805,-2.614405663965361
236,2,1750.5,1090.0,261,True,-1.3386845593480852,-1.3386845593480852,-2.6773691186961703
236,3,1822.1666666666665,1416.0,267,True,-1.4777099138147674,-1.4777099138147674,-2.9554198276295347
237,0,1720.5,1341.0,267,True,-1.3964606967883637,-1.3964606967883637,-2.7929213935767274
237,1,1908.5,1170.0,264,True,-1.4540117879253653,-1.4540117879253653,-2.9080235758507307
237,2,2028.1666666666665,1031.0,263,True,-1.4816189681026875,-1.4816189681026875,-2.963237936205375
237,3,1791.5,1124.0,264,True,-1.3725742821585531,-1.3725742821585531,-2.7451485643171063
238,0,1854.5,1404.0,268,True,-1.4928187724624342,-1.4928187724624342,-2.9856375449248684
238,1,1862.1666666666667,1086.0,264,True,-1.402071851283402,-1.402071851283402,-2.804143702566804
238,2,1990.5,1371.0,267,True,-1.561599674132953,-1.561599674132953,-3.123199348265906
238,3,1953.5,1041.0,263,True,-1.441427198646121,-1.441427198646121,-2.882854397292242
239,0,1591.6666666666665,1111.0,264,True,-1.2531058265238078,-1.2531058265238078,-2.5062116530476155
239,1,1835.6666666666665,1415.0,268,True,-1.485218583723601,-1.485218583723601,-2.970437167447202
239,2,1781.6666666666665,1451.0,270,True,-1.4647618747557312,-1.4647618747557312,-2.9295237495114623
239,3,1960.1666666666667,960.0,262,True,-1.4210387537235794,-1.4210387537235794,-2.8420775074471587
240,0,2049.5,1080.0,264,True,-1.508623774341571,-1.508623774341571,-3.017247548683142
240,1,1756.5,1427.0,270,True,-1.4430227769363553,-1.4430227769363553,-2.8860455538727106
240,2,1935.5,1353.0,267,True,-1.5244017706643134,-1.5244017706643134,-3.0488035413286267
240,3,1526.6666666666665,1068.0,263,True,-1.2026414434769956,-1.2026414434769956,-2.4052828869539913
241,0,1830.5,1038.0,262,True,-1.3693898769671857,-1.3693898769671857,-2.7387797539343715
241,1,1606.5,1276.0,267,True,-1.3110713779360108,-1.3110713779360108,-2.6221427558720216
241,2,1892.5,1254.0,265,True,-1.4699000569367153,-1.4699000569367153,-2.9398001138734307
241,3,1721.5,1354.0,268,True,-1.4009301163714434,-1.4009301163714434,-2.8018602327428868
242,0,1976.5,1614.0,272,True,-1.6262352228971113,-1.6262352228971113,-3.2524704457942226
242,1,1774.1666666666665,937.0,261,True,-1.3065779534139146,-1.3065779534139146,-2.613155906827829
242,2,1900.6666666666667,1078.0,264,True,-1.4219445650942684,-1.4219445650942684,-2.8438891301885367
242,3,1918.5,1244.0,266,True,-1.481944535088094,-1.481944535088094,-2.963889070176188
243,0,1521.6666666666665,1053.0,263,True,-1.1952599247295133,-1.1952599247295133,-2.3905198494590265
243,1,1744.6666666666665,1068.0,263,True,-1.328725885350911,-1.328725885350911,-2.657451770701822
243,2,1488.6666666666665,1111.0,265,True,-1.1935338195833791,-1.1935338195833791,-2.3870676391667582
243,3,1698.6666666666667,1136.0,264,True,-1.3224740990458792,-1.3224740990458792,-2.6449481980917584
244,0,2112.5,1178.0,265,True,-1.574393556474245,-1.574393556474245,-3.14878711294849
244,1,1893.0,1042.0,263,True,-1.4067351857644708,-1.4067351857644708,-2.8134703715289415
244,2,1790.5,843.0,259,True,-1.2878893582354574,-1.2878893582354574,-2.5757787164709147
244,3,2021.5,1219.0,265,True,-1.5340337524445653,-1.5340337524445653,-3.0680675048891306
245,0,1564.6666666666665,814.0,260,True,-1.1485943232820153,-1.1485943232820153,-2.2971886465640305
245,1,1925.6666666666667,1133.0,264,True,-1.4528659271645143,-1.4528659271645143,-2.9057318543290287
245,2,1450.6666666666665,1497.0,272,True,-1.287090068781651,-1.287090068781651,-2.574180137563302
245,3,2127.333333333333,1004.0,263,True,-1.5308924811279918,-1.5308924811279918,-3.0617849622559836
246,0,1910.1666666666665,1364.0,268,True,-1.5130421834292402,-1.5130421834292402,-3.0260843668584805
246,1,1864.5,1325.0,267,True,-1.4749568473713466,-1.4749568473713466,-2.949913694742693
246,2,1691.6666666666665,971.0,262,True,-1.2690391047958116,-1.2690391047958116,-2.5380782095916232
246,3,1600.6666666666665,1637.0,273,True,-1.4157490403650554,-1.4157490403650554,-2.831498080730111
247,0,1897.5,1272.0,265,True,-1.478179510434272,-1.478179510434272,-2.956359020868544
247,1,1858.6666666666667,1254.0,265,True,-1.450331905789616,-1.450331905789616,-2.900663811579232
247,2,1764.6666666666665,1128.0,264,True,-1.35825196034084,-1.35825196034084,-2.71650392068168
247,3,1718.5,976.0,261,True,-1.2860552308637505,-1.2860552308637505,-2.572110461727501
248,0,1795.5,1191.0,265,True,-1.3949416342412448,-1.3949416342412448,-2.7898832684824897
248,1,1690.5,1302.0,267,True,-1.367436475054742,-1.367436475054742,-2.734872950109484
248,2,1938.8333333333335,1266.0,266,True,-1.5002895595768835,-1.5002895595768835,-3.000579119153767
248,3,1790.5,1083.0,263,True,-1.359724138241443,-1.359724138241443,-2.719448276482886
249,0,1434.6666666666665,900.0,261,True,-1.0991471495260157,-1.0991471495260157,-2.1982942990520313
249,1,1688.6666666666665,1006.0,263,True,-1.2777799032150872,-1.2777799032150872,-2.5555598064301743
249,2,1896.5,1113.0,264,True,-1.430010599680884,-1.430010599680884,-2.860021199361768
249,3,1819.5,1226.0,265,True,-1.419298395644904,-1.419298395644904,-2.838596791289808
250,0,1878.5,970.0,262,True,-1.3767984012710617,-1.3767984012710617,-2.7535968025421234
250,1,1919.0,1272.0,267,True,-1.4906144439218365,-1.4906144439218365,-2.981228887843673
250,2,2034.5,1213.0,266,True,-1.539756679936897,-1.539756679936897,-3.079513359873794
250,3,2058.5,1271.0,265,True,-1.5709976077577956,-1.5709976077577956,-3.1419952155155912
251,0,1875.6666666666667,1025.0,264,True,-1.3916218261907387,-1.3916218261907387,-2.7832436523814774
251,1,1783.5,931.0,260,True,-1.3101801945750338,-1.3101801945750338,-2.6203603891500675
251,2,1402.3333333333335,1058.0,264,True,-1.127737782048657,-1.127737782048657,-2.255475564097314
251,3,1948.5,1248.0,266,True,-1.5004928514041762,-1.5004928514041762,-3.0009857028083524
252,0,1965.5,1315.0,266,True,-1.5303790004793483,-1.5303790004793483,-3.0607580009586965
252,1,2025.1666666666667,1503.0,270,True,-1.6211589284495282,-1.6211589284495282,-3.2423178568990565
252,2,1883.5,1338.0,267,True,-1.4898369089440155,-1.4898369089440155,-2.979673817888031
252,3,2058.333333333333,1512.0,271,True,-1.6430353045139041,-1.6430353045139041,-3.2860706090278082
253,0,1957.5,1302.0,266,True,-1.521860997900318,-1.521860997900318,-3.043721995800636
253,1,2084.1666666666665,1275.0,266,True,-1.5870396584097168,-1.5870396584097168,-3.1740793168194337
253,2,2199.333333333333,1526.0,268,True,-1.7287756955993696,-1.7287756955993696,-3.457551391198739
253,3,1767.5,1112.0,263,True,-1.3551016871721355,-1.3551016871721355,-2.710203374344271
254,0,2028.1666666666665,1584.0,272,True,-1.6471382736998137,-1.6471382736998137,-3.2942765473996274
254,1,1798.6666666666667,1285.0,265,True,-1.4249084249084252,-1.4249084249084252,-2.8498168498168504
254,2,1849.6666666666667,1620.0,271,True,-1.5546746243039506,-1.5546746243039506,-3.1093492486079013
254,3,2053.5,1843.0,274,True,-1.7393119884416217,-1.7393119884416217,-3.4786239768832434
255,0,2117.666666666667,1947.0,276,True,-1.8075524039071038,-1.8075524039071038,-3.6151048078142076
255,1,2046.1666666666665,1612.0,272,True,-1.6659296400234345,-1.6659296400234345,-3.331859280046869
255,2,2006.3333333333333,1665.0,272,True,-1.6587547887977938,-1.6587547887977938,-3.3175095775955876
255,3,2058.5,1564.0,268,True,-1.6586959016817706,-1.6586959016817706,-3.3173918033635412
256,0,2017.3333333333333,2137.0,278,True,-1.806391915136539,-1.806391915136539,-3.612783830273078
256,1,2066.5,1455.0,268,True,-1.6306978910910923,-1.6306978910910923,-3.2613957821821846
256,2,1921.4999999999998,1525.0,269,True,-1.5677861970100346,-1.5677861970100346,-3.1355723940200693
256,3,2101.5,1666.0,270,True,-1.7140955501594461,-1.7140955501594461,-3.4281911003188923
257,0,1916.5,1643.0,272,True,-1.6002131188492026,-1.6002131188492026,-3.200426237698405
257,1,2102.333333333333,1486.0,268,True,-1.6607014393211397,-1.6607014393211397,-3.3214028786422793
257,2,1983.1666666666665,1630.0,269,True,-1.6348800015603207,-1.6348800015603207,-3.2697600031206413
257,3,1905.3333333333335,1865.0,275,True,-1.660201836527866,-1.660201836527866,-3.320403673055732
258,0,1923.5,1588.0,269,True,-1.5877995647604501,-1.5877995647604501,-3.1755991295209003
258,1,1964.1666666666665,1489.0,269,True,-1.5816880573177927,-1.5816880573177927,-3.1633761146355854
258,2,1890.5,1756.0,274,True,-1.618997733783727,-1.618997733783727,-3.237995467567454
258,3,2123.5,904.0,260,True,-1.498744241627715,-1.498744241627715,-2.99748848325543
259,0,2001.8333333333333,1323.0,268,True,-1.5537875667918672,-1.5537875667918672,-3.1075751335837345
259,1,1464.6666666666665,972.0,262,True,-1.1380486535104595,-1.1380486535104595,-2.276097307020919
259,2,1971.5,1020.0,263,True,-1.4455522973851869,-1.4455522973851869,-2.8911045947703737
259,3,2021.6666666666667,1386.0,267,True,-1.5841151816986345,-1.5841151816986345,-3.168230363397269
260,0,2015.3333333333333,1634.0,272,True,-1.6546814507084835,-1.6546814507084835,-3.309362901416967
260,1,1961.5,1506.0,268,True,-1.5852340369030928,-1.5852340369030928,-3.1704680738061857
260,2,1969.5,1587.0,271,True,-1.6141052271504868,-1.6141052271504868,-3.2282104543009735
260,3,2068.0,1168.0,265,True,-1.545663020166399,-1.545663020166399,-3.091326040332798
261,0,1930.5,1128.0,264,True,-1.454164819411594,-1.454164819411594,-2.908329638823188
261,1,1935.5,988.0,262,True,-1.4151530427385437,-1.4151530427385437,-2.8303060854770874
261,2,1692.6666666666665,1141.0,264,True,-1.3205004429661402,-1.3205004429661402,-2.6410008859322804
261,3,1943.8333333333335,1583.0,272,True,-1.5980631764985642,-1.5980631764985642,-3.1961263529971284
262,0,2114.333333333333,1153.0,265,True,-1.567971110055894,-1.567971110055894,-3.135942220111788
262,1,1824.5,1091.0,264,True,-1.3817831768886444,-1.3817831768886444,-2.7635663537772888
262,2,1901.1666666666665,1327.0,267,True,-1.4967623338501896,-1.4967623338501896,-2.9935246677003793
262,3,1617.6666666666665,795.0,259,True,-1.173560960167555,-1.173560960167555,-2.34712192033511
263,0,1861.5,1021.0,263,True,-1.382231019032165,-1.382231019032165,-2.76446203806433
263,1,1696.6666666666667,1272.0,266,True,-1.3620237363837608,-1.3620237363837608,-2.7240474727675217
263,2,1969.5,1361.0,269,True,-1.5464608093115155,-1.5464608093115155,-3.092921618623031
263,3,1778.4999999999998,945.0,261,True,-1.311478711744942,-1.311478711744942,-2.622957423489884
264,0,2093.1666666666665,1300.0,267,True,-1.5997277689884692,-1.5997277689884692,-3.1994555379769385
264,1,1928.4999999999998,1210.0,264,True,-1.4775516312481294,-1.4775516312481294,-2.9551032624962588
264,2,1981.5,1295.0,267,True,-1.533646672802929,-1.533646672802929,-3.067293345605858
264,3,1580.6666666666665,999.0,262,True,-1.2132208701940415,-1.2132208701940415,-2.426441740388083
265,0,1989.4999999999998,1206.0,264,True,-1.511634893879416,-1.511634893879416,-3.023269787758832
265,1,1627.6666666666665,1055.0,263,True,-1.257165661834922,-1.257165661834922,-2.514331323669844
265,2,2086.833333333333,1367.0,268,True,-1.61611864141047,-1.61611864141047,-3.23223728282094
265,3,2022.5,1439.0,269,True,-1.6004606697828079,-1.6004606697828079,-3.2009213395656158
266,0,1907.6666666666667,1179.0,265,True,-1.456223618009405,-1.456223618009405,-2.91244723601881
266,1,1849.5,1340.0,266,True,-1.4707709861303968,-1.4707709861303968,-2.9415419722607936
266,2,1589.6666666666665,1074.0,263,True,-1.2408745599407072,-1.2408745599407072,-2.4817491198814143
266,3,1661.6666666666665,1073.0,263,True,-1.2822178163157067,-1.2822178163157067,-2.5644356326314135
267,0,2106.5,1428.0,269,True,-1.6457512383172828,-1.6457512383172828,-3.2915024766345655
267,1,1794.5,1328.0,267,True,-1.435368952161907,-1.435368952161907,-2.870737904323814
267,2,1682.6666666666665,1114.0,264,True,-1.3066353402212503,-1.3066353402212503,-2.6132706804425005
267,3,1918.5,1306.0,266,True,-1.500501853256307,-1.500501853256307,-3.001003706512614
268,0,1659.6666666666665,1364.0,267,True,-1.3681607490741219,-1.3681607490741219,-2.7363214981482438
268,1,2008.3333333333333,1129.0,265,True,-1.4994805181166022,-1.4994805181166022,-2.9989610362332044
268,2,1968.0,1279.0,267,True,-1.5210497059770043,-1.5210497059770043,-3.0420994119540086
268,3,1936.3333333333333,1226.0,266,True,-1.4868711737439986,-1.4868711737439986,-2.973742347487997
269,0,2093.5,1090.0,264,True,-1.5370651261497055,-1.5370651261497055,-3.074130252299411
269,1,1823.5,1119.0,264,True,-1.3895855322232546,-1.3895855322232546,-2.7791710644465093
269,2,1697.3333333333335,1178.0,265,True,-1.334274026881031,-1.334274026881031,-2.668548053762062
269,3,2015.5,1252.0,267,True,-1.5404408206988591,-1.5404408206988591,-3.0808816413977183
270,0,1894.5,1419.0,269,True,-1.5204432061896733,-1.5204432061896733,-3.0408864123793466
270,1,1753.5,1296.0,268,True,-1.4020778525181556,-1.4020778525181556,-2.8041557050363113
270,2,1846.5,1193.0,266,True,-1.4250370763784646,-1.4250370763784646,-2.850074152756929
270,3,2074.5,1386.0,268,True,-1.614672343834744,-1.614672343834744,-3.229344687669488
271,0,1500.6666666666665,1158.0,265,True,-1.2145418919942779,-1.2145418919942779,-2.4290837839885557
271,1,2029.4999999999998,1266.0,266,True,-1.5527283488577777,-1.5527283488577777,-3.1054566977155553
271,2,1914.8333333333335,1359.0,268,True,-1.5142446808430843,-1.5142446808430843,-3.0284893616861686
271,3,2020.5,1234.0,266,True,-1.5379450571955178,-1.5379450571955178,-3.0758901143910355
272,0,2007.5,1468.0,269,True,-1.6004651707088728,-1.6004651707088728,-3.2009303414177457
272,1,1944.4999999999998,1208.0,266,True,-1.4862069120721586,-1.4862069120721586,-2.972413824144317
272,2,2067.666666666667,1094.0,264,True,-1.5233211733314138,-1.5233211733314138,-3.0466423466628276
272,3,2068.333333333333,935.0,261,True,-1.4761162109103947,-1.4761162109103947,-2.9522324218207894
273,0,1809.6666666666667,1192.0,265,True,-1.4034345066497431,-1.4034345066497431,-2.8068690132994862
273,1,1723.5,1447.0,270,True,-1.429922831622607,-1.429922831622607,-2.859845663245214
273,2,2110.5,1198.0,265,True,-1.5792230501425664,-1.5792230501425664,-3.1584461002851327
273,3,1609.6666666666665,1931.0,278,True,-1.5089519668671836,-1.5089519668671836,-3.017903933734367
274,0,1954.3333333333333,1123.0,264,True,-1.4664527226476842,-1.4664527226476842,-2.9329054452953685
274,1,2101.0,1186.0,264,True,-1.5701368056477616,-1.5701368056477616,-3.140273611295523
274,2,1876.5,1049.0,263,True,-1.399287278357522,-1.399287278357522,-2.798574556715044
274,3,1788.4999999999998,1165.0,265,True,-1.3831109500779781,-1.3831109500779781,-2.7662219001559563
275,0,1960.6666666666667,1702.0,274,True,-1.6434171330751304,-1.6434171330751304,-3.2868342661502608
275,1,1749.5,1251.0,266,True,-1.3862953552693464,-1.3862953552693464,-2.772590710538693
275,2,1824.5,1387.0,269,True,-1.4703794055626944,-1.4703794055626944,-2.940758811125389
275,3,1824.5,1425.0,269,True,-1.4817532457303093,-1.4817532457303093,-2.9635064914606186
276,0,1784.5,1015.0,263,True,-1.335900736576551,-1.335900736576551,-2.671801473153102
276,1,1971.3333333333333,928.0,262,True,-1.4179192368829883,-1.4179192368829883,-2.8358384737659765
276,2,1914.5,1304.0,267,True,-1.4975897540919045,-1.4975897540919045,-2.995179508183809
276,3,1459.1666666666665,1758.0,275,True,-1.370126528533246,-1.370126528533246,-2.740253057066492
277,0,1986.5,1061.0,263,True,-1.4664996072942005,-1.4664996072942005,-2.932999214588401
277,1,1808.5,1151.0,265,True,-1.3904879678993949,-1.3904879678993949,-2.7809759357987898
277,2,1837.5,1402.0,269,True,-1.48238787630555,-1.48238787630555,-2.9647757526111
277,3,1644.6666666666665,1327.0,268,True,-1.3484106854985412,-1.3484106854985412,-2.6968213709970823
278,0,1998.3333333333333,1436.0,268,True,-1.585585484213377,-1.585585484213377,-3.171170968426754
278,1,1527.6666666666665,1075.0,262,True,-1.2053149935599257,-1.2053149935599257,-2.4106299871198513
278,2,1661.5,1375.0,268,True,-1.3725135196566693,-1.3725135196566693,-2.7450270393133387
278,3,1929.5,1318.0,266,True,-1.5104556512502454,-1.5104556512502454,-3.020911302500491
279,0,1987.5,1348.0,267,True,-1.5529804007174475,-1.5529804007174475,-3.105960801434895
279,1,1811.5,1024.0,262,True,-1.3542105038111587,-1.3542105038111587,-2.7084210076223174
279,2,1940.4999999999998,1221.0,266,True,-1.4877844866581298,-1.4877844866581298,-2.9755689733162596
279,3,1963.4999999999998,1250.0,266,True,-1.5097670095622167,-1.5097670095622167,-3.0195340191244333
280,0,2064.666666666667,1245.0,267,True,-1.5667821154202473,-1.5667821154202473,-3.1335642308404945
280,1,2078.5,1510.0,271,True,-1.6541004561688568,-1.6541004561688568,-3.3082009123377136
280,2,2028.8333333333333,1498.0,269,True,-1.6217830568639495,-1.6217830568639495,-3.243566113727899
280,3,2030.5,1236.0,266,True,-1.5443273703564506,-1.5443273703564506,-3.0886547407129012
281,0,1974.5,1256.0,266,True,-1.5179249380560051,-1.5179249380560051,-3.0358498761120103
281,1,2011.3333333333333,1582.0,271,True,-1.636803772376167,-1.636803772376167,-3.273607544752334
281,2,2074.666666666667,1305.0,268,True,-1.590524500415961,-1.590524500415961,-3.181049000831922
281,3,2020.5,1533.0,271,True,-1.6274392206196424,-1.6274392206196424,-3.254878441239285
282,0,1532.6666666666665,1451.0,270,True,-1.3207479938997442,-1.3207479938997442,-2.6414959877994884
282,1,1827.5,1232.0,265,True,-1.4257212171404277,-1.4257212171404277,-2.8514424342808553
282,2,2181.5,1265.0,266,True,-1.6403411251865074,-1.6403411251865074,-3.280682250373015
282,3,2050.333333333333,1334.0,266,True,-1.5851308906807577,-1.5851308906807577,-3.1702617813615155
283,0,1694.5,1612.0,272,True,-1.4625365418934946,-1.4625365418934946,-2.925073083786989
283,1,1713.5,1472.0,268,True,-1.4316219312123475,-1.4316219312123475,-2.863243862424695
283,2,1462.6666666666665,1696.0,274,True,-1.3535935018630088,-1.3535935018630088,-2.7071870037260175
283,3,1878.5,1138.0,265,True,-1.4270827472752527,-1.4270827472752527,-2.8541654945505055
284,0,1606.6666666666665,1633.0,271,True,-1.4180220080281516,-1.4180220080281516,-2.836044016056303
284,1,1846.5,1392.0,267,True,-1.4846000814667615,-1.4846000814667615,-2.969200162933523
284,2,1989.0,1490.0,268,True,-1.5963501990534557,-1.5963501990534557,-3.1927003981069113
284,3,2015.3333333333333,1221.0,264,True,-1.531065766781514,-1.531065766781514,-3.062131533563028
285,0,1860.3333333333335,1622.0,273,True,-1.5614425167978314,-1.5614425167978314,-3.122885033595663
285,1,1951.3333333333335,1230.0,265,True,-1.4967439550687556,-1.4967439550687556,-2.993487910137511
285,2,2035.5,1131.0,263,True,-1.51579149910094,-1.51579149910094,-3.03158299820188
285,3,1843.5,1189.0,264,True,-1.4221047230467667,-1.4221047230467667,-2.8442094460935334
286,0,1547.6666666666665,1337.0,267,True,-1.2953020083882252,-1.2953020083882252,-2.5906040167764504
286,1,1544.6666666666665,1130.0,264,True,-1.2316094036347975,-1.2316094036347975,-2.463218807269595
286,2,1569.6666666666665,1042.0,263,True,-1.21972920928481,-1.21972920928481,-2.43945841856962
286,3,1901.4999999999998,1219.0,264,True,-1.4646294725139692,-1.4646294725139692,-2.9292589450279385
287,0,1900.4999999999998,1137.0,266,True,-1.4395075536791695,-1.4395075536791695,-2.879015107358339
287,1,1539.6666666666665,1444.0,269,True,-1.3227013958121887,-1.3227013958121887,-2.6454027916243774
287,2,1955.5,1189.0,262,True,-1.4868820509819891,-1.4868820509819891,-2.9737641019639782
287,3,1459.833333333333,1860.0,275,True,-1.4010418893687375,-1.4010418893687375,-2.802083778737475
288,0,1736.6666666666667,1246.0,266,True,-1.3773763951933107,-1.3773763951933107,-2.7547527903866214
288,1,1572.6666666666665,1310.0,268,True,-1.3016798206230935,-1.3016798206230935,-2.603359641246187
288,2,1807.5,1271.0,266,True,-1.4258269889029662,-1.4258269889029662,-2.8516539778059324
288,3,2061.5,1240.0,265,True,-1.5634540556719547,-1.5634540556719547,-3.1269081113439094
289,0,1619.5,1775.0,273,True,-1.467946655024271,-1.467946655024271,-2.935893310048542
289,1,1606.6666666666665,1836.0,275,True,-1.478782259449882,-1.478782259449882,-2.957564518899764
289,2,1829.5,1125.0,263,True,-1.3948516157199342,-1.3948516157199342,-2.7897032314398684
289,3,1453.6666666666665,1852.0,273,True,-1.395080787872105,-1.395080787872105,-2.79016157574421
290,0,1875.5,1440.0,268,True,-1.5157397384511861,-1.5157397384511861,-3.0314794769023723
290,1,1534.6666666666665,1458.0,268,True,-1.3239999129820959,-1.3239999129820959,-2.6479998259641917
290,2,1957.3333333333333,1834.0,275,True,-1.6809983654136829,-1.6809983654136829,-3.3619967308273657
290,3,1771.5,1467.0,269,True,-1.46367077526201,-1.46367077526201,-2.92734155052402
291,0,1563.6666666666665,1374.0,267,True,-1.315630440963228,-1.315630440963228,-2.631260881926456
291,1,2065.5,1553.0,269,True,-1.6594520572607807,-1.6594520572607807,-3.3189041145215614
291,2,1905.5,1266.0,265,True,-1.4810105929294957,-1.4810105929294957,-2.9620211858589913
291,3,1661.5,1409.0,268,True,-1.3826901134908507,-1.3826901134908507,-2.7653802269817014
292,0,2010.5,1498.0,268,True,-1.6111796252078865,-1.6111796252078865,-3.222359250415773
292,1,1877.5,1173.0,264,True,-1.4369802836933694,-1.4369802836933694,-2.8739605673867388
292,2,1988.5,1232.0,264,True,-1.5188386260473088,-1.5188386260473088,-3.0376772520946176
292,3,1464.6666666666665,970.0,262,True,-1.1374500303437431,-1.1374500303437431,-2.2749000606874863
293,0,1800.5,1594.0,271,True,-1.518456047331739,-1.518456047331739,-3.036912094663478
293,1,1907.5,1141.0,264,True,-1.4447533830085535,-1.4447533830085535,-2.889506766017107
293,2,2212.5,1409.0,268,True,-1.7013714321721696,-1.7013714321721696,-3.402742864344339
293,3,1540.6666666666665,1466.0,269,True,-1.3298646196454917,-1.3298646196454917,-2.6597292392909835
294,0,1981.5,1510.0,270,True,-1.597998663224958,-1.597998663224958,-3.195997326449916
294,1,1821.5,1301.0,264,True,-1.4429035023956174,-1.4429035023956174,-2.8858070047912348
294,2,1847.3333333333333,1069.0,262,True,-1.3884044142082228,-1.3884044142082228,-2.7768088284164456
294,3,1806.5,1401.0,268,True,-1.4641591257401203,-1.4641591257401203,-2.9283182514802406
295,0,1882.5,1012.0,263,True,-1.3916829637697956,-1.3916829637697956,-2.7833659275395912
295,1,1899.5,1323.0,264,True,-1.4946011391843874,-1.4946011391843874,-2.989202278368775
295,2,1609.6666666666665,1592.0,270,True,-1.407485340108727,-1.407485340108727,-2.814970680217454
295,3,2003.4999999999998,1122.0,264,True,-1.494589886869223,-1.494589886869223,-2.989179773738446
296,0,1980.5,1421.0,266,True,-1.5707815633066502,-1.5707815633066502,-3.1415631266133004
296,1,1573.6666666666665,1446.0,267,True,-1.3429645649592399,-1.3429645649592399,-2.6859291299184798
296,2,1781.5,1395.0,267,True,-1.4479040312544305,-1.4479040312544305,-2.895808062508861
296,3,1820.5,1034.0,261,True,-1.3624089406395368,-1.3624089406395368,-2.7248178812790735
297,0,1845.1666666666667,1118.0,263,True,-1.4018175489606983,-1.4018175489606983,-2.8036350979213966
297,1,1957.5,1125.0,263,True,-1.4688828476459028,-1.4688828476459028,-2.9377656952918056
297,2,1930.5,1353.0,268,True,-1.5215099256672064,-1.5215099256672064,-3.043019851334413
297,3,2022.6666666666667,1132.0,264,True,-1.5086684085250537,-1.5086684085250537,-3.0173368170501074
298,0,1558.6666666666665,1539.0,271,True,-1.362125007220235,-1.362125007220235,-2.72425001444047
298,1,1838.5,1142.0,264,True,-1.40514523363182,-1.40514523363182,-2.81029046726364
298,2,1811.5,1517.0,269,True,-1.501771114406789,-1.501771114406789,-3.003542228813578
298,3,1858.5,917.0,261,True,-1.3493675073646403,-1.3493675073646403,-2.6987350147292806
299,0,1899.5,1369.0,268,True,-1.5083694720188683,-1.5083694720188683,-3.0167389440377366
299,1,2015.5,1263.0,264,True,-1.5437332481158,-1.5437332481158,-3.0874664962316
299,2,1881.5,904.0,257,True,-1.3587789437676803,-1.3587789437676803,-2.7175578875353605
299,3,1634.6666666666665,957.0,261,True,-1.2318817096617627,-1.2318817096617627,-2.4637634193235254
300,0,1917.4999999999998,1393.0,268,True,-1.5259635920090555,-1.5259635920090555,-3.051927184018111
300,1,2031.5,1578.0,271,True,-1.6472703008644018,-1.6472703008644018,-3.2945406017288037
300,2,1934.1666666666667,1632.0,272,True,-1.607138543755377,-1.607138543755377,-3.214277087510754
300,3,1758.6666666666665,1105.0,263,True,-1.3478975799270698,-1.3478975799270698,-2.6957951598541396
301,0,1458.6666666666665,1689.0,272,True,-1.3491848447818142,-1.3491848447818142,-2.6983696895636284
301,1,1625.6666666666665,1175.0,265,True,-1.2919263138390724,-1.2919263138390724,-2.583852627678145
301,2,1872.5,1088.0,262,True,-1.408646954110808,-1.408646954110808,-2.817293908221616
301,3,1813.5,1652.0,272,True,-1.5433349161590002,-1.5433349161590002,-3.0866698323180004
302,0,1604.6666666666665,1342.0,267,True,-1.3297655992720505,-1.3297655992720505,-2.659531198544101
302,1,1360.6666666666665,1214.0,266,True,-1.1503316807433128,-1.1503316807433128,-2.3006633614866256
302,2,1890.5,1061.0,262,True,-1.4109761833497236,-1.4109761833497236,-2.8219523666994473
302,3,2055.833333333333,1234.0,265,True,-1.5583807618417487,-1.5583807618417487,-3.1167615236834973
303,0,1933.5,1194.0,265,True,-1.4756544909115052,-1.4756544909115052,-2.9513089818230105
303,1,1689.5,2451.0,284,True,-1.7107671153339796,-1.7107671153339796,-3.4215342306679593
303,2,1878.5,1293.0,265,True,-1.473476042695785,-1.473476042695785,-2.94695208539157
303,3,1507.6666666666665,1614.0,272,True,-1.3550765570016032,-1.3550765570016032,-2.7101531140032065
304,0,1723.5,1474.0,267,True,-1.4380042443732803,-1.4380042443732803,-2.8760084887465607
304,1,1902.5,1008.0,261,True,-1.402053097424795,-1.402053097424795,-2.80410619484959
304,2,1890.5,1253.0,264,True,-1.4684440073545124,-1.4684440073545124,-2.936888014709025
304,3,1934.4999999999998,1746.0,272,True,-1.6414528539246953,-1.6414528539246953,-3.2829057078493906
305,0,2003.5,1536.0,269,True,-1.6185048823795494,-1.6185048823795494,-3.2370097647590987
305,1,1927.4999999999998,1186.0,264,True,-1.4697897842481087,-1.4697897842481087,-2.9395795684962174
305,2,2067.5,1094.0,263,True,-1.523224778498176,-1.523224778498176,-3.046449556996352
305,3,1453.4999999999998,1589.0,270,True,-1.3162654466156412,-1.3162654466156412,-2.6325308932312823
306,0,1540.6666666666665,1244.0,265,True,-1.263417448139955,-1.263417448139955,-2.52683489627991
306,1,2058.333333333333,1294.0,265,True,-1.5777853793417995,-1.5777853793417995,-3.155570758683599
306,2,2046.5,1362.0,266,True,-1.59129453385034,-1.59129453385034,-3.18258906770068
306,3,1478.6666666666665,1104.0,263,True,-1.1856549485056547,-1.1856549485056547,-2.3713098970113093
307,0,2059.833333333333,1160.0,263,True,-1.5385451806709234,-1.5385451806709234,-3.0770903613418468
307,1,1777.5,1197.0,264,True,-1.3863268617518056,-1.3863268617518056,-2.7726537235036113
307,2,1838.5,1154.0,262,True,-1.4087369726321186,-1.4087369726321186,-2.8174739452642372
307,3,2084.5,1290.0,267,True,-1.5917221218265658,-1.5917221218265658,-3.1834442436531316
308,0,1526.6666666666665,1171.0,263,True,-1.233470536562898,-1.233470536562898,-2.466941073125796
308,1,1885.5,958.0,261,True,-1.3772552452667137,-1.3772552452667137,-2.7545104905334274
308,2,1894.5,1560.0,270,True,-1.5626461394431903,-1.5626461394431903,-3.1252922788863806
308,3,1784.5,1369.0,264,True,-1.4418570370853805,-1.4418570370853805,-2.883714074170761
309,0,1861.5,1002.0,263,True,-1.3765440989483588,-1.3765440989483588,-2.7530881978967177
309,1,1950.5,1167.0,265,True,-1.4774053511509997,-1.4774053511509997,-2.9548107023019994
309,2,2025.5,1144.0,264,True,-1.5138988596903813,-1.5138988596903813,-3.0277977193807626
309,3,1854.5,1146.0,262,True,-1.4155963839559986,-1.4155963839559986,-2.8311927679119973
310,0,2038.5,1274.0,267,True,-1.560328162519438,-1.560328162519438,-3.120656325038876
310,1,1748.5,1037.0,262,True,-1.3216643074312537,-1.3216643074312537,-2.6433286148625075
310,2,1725.6666666666665,1179.0,265,True,-1.3509604601146685,-1.3509604601146685,-2.701920920229337
310,3,2027.5,1028.0,262,True,-1.480335454019665,-1.480335454019665,-2.96067090803933
311,0,1857.5,1238.0,265,True,-1.4448681566232255,-1.4448681566232255,-2.889736313246451
311,1,2061.5,1263.0,265,True,-1.570338222089195,-1.570338222089195,-3.14067644417839
311,2,1880.5,1309.0,267,True,-1.4794217660283606,-1.4794217660283606,-2.9588435320567212
311,3,2062.333333333333,1645.0,273,True,-1.6851572210982406,-1.6851572210982406,-3.3703144421964812
312,0,1860.5,1122.0,262,True,-1.4118831199519302,-1.4118831199519302,-2.8237662399038603
312,1,1679.6666666666665,1143.0,261,True,-1.3135802691403755,-1.3135802691403755,-2.627160538280751
312,2,1451.6666666666665,993.0,261,True,-1.1368153997685022,-1.1368153997685022,-2.2736307995370044
312,3,1883.5,1180.0,264,True,-1.4425456787734081,-1.4425456787734081,-2.8850913575468162
313,0,2059.5,1781.0,274,True,-1.7242248842699373,-1.7242248842699373,-3.4484497685398745
313,1,1840.5,1085.0,264,True,-1.3892412113792414,-1.3892412113792414,-2.778482422758483
313,2,1728.5,1102.0,264,True,-1.3295521803611088,-1.3295521803611088,-2.6591043607222176
313,3,2032.5,1168.0,265,True,-1.5251309206869312,-1.5251309206869312,-3.0502618413738625
314,0,2120.5,1054.0,261,True,-1.5419058721331917,-1.5419058721331917,-3.0838117442663835
314,1,1826.5,1137.0,263,True,-1.3967082477219686,-1.3967082477219686,-2.793416495443937
314,2,1780.5,964.0,261,True,-1.3183223698275919,-1.3183223698275919,-2.6366447396551838
314,3,2004.5,1480.0,270,True,-1.6023218027109085,-1.6023218027109085,-3.204643605421817
315,0,1865.5,1259.0,266,True,-1.455780651869122,-1.455780651869122,-2.911561303738244
315,1,1864.3333333333335,1176.0,265,True,-1.4302630266177272,-1.4302630266177272,-2.8605260532354544
315,2,1789.5,1000.0,261,True,-1.3343029078232846,-1.3343029078232846,-2.6686058156465693
315,3,2066.5,1262.0,266,True,-1.5729307555029446,-1.5729307555029446,-3.145861511005889
316,0,1767.5,1171.0,264,True,-1.3727610705902737,-1.3727610705902737,-2.7455221411805475
316,1,2119.0,1421.0,267,True,-1.6508856697265462,-1.6508856697265462,-3.3017713394530923
316,2,2029.5,1111.0,263,True,-1.5063350534372442,-1.5063350534372442,-3.0126701068744883
316,3,2151.5,1189.0,264,True,-1.6002423748686292,-1.6002423748686292,-3.2004847497372584
317,0,2145.333333333333,1086.0,264,True,-1.5658466729529594,-1.5658466729529594,-3.131693345905919
317,1,1835.5,1593.0,271,True,-1.5383996507281372,-1.5383996507281372,-3.0767993014562744
317,2,1884.5,1409.0,269,True,-1.511666400361875,-1.511666400361875,-3.02333280072375
317,3,1902.5,1411.0,268,True,-1.5226756655181808,-1.5226756655181808,-3.0453513310363616
318,0,1681.6666666666665,1005.0,261,True,-1.2734320086357767,-1.2734320086357767,-2.5468640172715533
318,1,1953.5,1676.0,270,True,-1.6314900540786268,-1.6314900540786268,-3.2629801081572536
318,2,1953.5,1227.0,264,True,-1.4970991531507611,-1.4970991531507611,-2.9941983063015223
318,3,1878.5,1725.0,272,True,-1.6027786467065592,-1.6027786467065592,-3.2055572934131185
319,0,1602.6666666666665,1262.0,266,True,-1.3046639346045446,-1.3046639346045446,-2.609327869209089
319,1,1885.5,1092.0,262,True,-1.417362997436723,-1.417362997436723,-2.834725994873446
319,2,2098.833333333333,1031.0,262,True,-1.5224903773951486,-1.5224903773951486,-3.044980754790297
319,3,1714.6666666666665,1202.0,264,True,-1.3514825675382705,-1.3514825675382705,-2.702965135076541
320,0,1968.5,1231.0,263,True,-1.5069719344755186,-1.5069719344755186,-3.013943868951037
320,1,1943.5,1405.0,266,True,-1.5445929249943176,-1.5445929249943176,-3.089185849988635
320,2,1934.5,1131.0,264,True,-1.457376230159355,-1.457376230159355,-2.91475246031871
320,3,1948.5,1712.0,271,True,-1.639373426082416,-1.639373426082416,-3.278746852164832
321,0,1963.5,1048.0,261,True,-1.4493060697238453,-1.4493060697238453,-2.8986121394476907
321,1,1556.6666666666665,1143.0,264,True,-1.242440882211515,-1.242440882211515,-2.48488176442303
321,2,1890.4999999999998,1265.0,263,True,-1.4720357463548115,-1.4720357463548115,-2.944071492709623
321,3,1754.6666666666665,1463.0,268,True,-1.452737650771647,-1.452737650771647,-2.905475301543294
322,0,1922.5,1059.0,263,True,-1.4288853681644997,-1.4288853681644997,-2.8577707363289995
322,1,1610.6666666666665,961.0,261,True,-1.219198100009077,-1.219198100009077,-2.438396200018154
322,2,1975.5,1444.0,269,True,-1.574773884726783,-1.574773884726783,-3.149547769453566
322,3,1776.5,1342.0,267,True,-1.4291486723393343,-1.4291486723393343,-2.8582973446786686
323,0,1995.5,1488.0,269,True,-1.5995109743829794,-1.5995109743829794,-3.199021948765959
323,1,1935.5,1243.0,265,True,-1.491477496494904,-1.491477496494904,-2.982954992989808
323,2,1620.6666666666665,1201.0,265,True,-1.2968165700092793,-1.2968165700092793,-2.5936331400185586
323,3,1647.6666666666665,1152.0,261,True,-1.2977662654091078,-1.2977662654091078,-2.5955325308182156
324,0,1742.6666666666665,1381.0,268,True,-1.4212536729432073,-1.4212536729432073,-2.8425073458864145
324,1,1580.6666666666665,1226.0,265,True,-1.281164599616371,-1.281164599616371,-2.562329199232742
324,2,1586.6666666666665,1301.0,265,True,-1.3070831823647715,-1.3070831823647715,-2.614166364729543
324,3,1811.5,795.0,259,True,-1.2856681512221138,-1.2856681512221138,-2.5713363024442275
325,0,1717.6666666666665,1511.0,266,True,-1.4457049537942432,-1.4457049537942432,-2.8914099075884865
325,1,1990.5,1318.0,265,True,-1.5457361602149642,-1.5457361602149642,-3.0914723204299284
325,2,2006.5,1093.0,262,True,-1.4876449579500977,-1.4876449579500977,-2.9752899159001953
325,3,1954.5,1052.0,262,True,-1.4452979950624838,-1.4452979950624838,-2.8905959901249676
326,0,1669.6666666666665,1416.0,268,True,-1.3895086414029687,-1.3895086414029687,-2.7790172828059374
326,1,2063.5,1278.0,265,True,-1.5759846338384114,-1.5759846338384114,-3.1519692676768227
326,2,1708.6666666666665,881.0,260,True,-1.2519333352837347,-1.2519333352837347,-2.5038666705674695
326,3,2007.5,1117.0,263,True,-1.495406804950119,-1.495406804950119,-2.990813609900238
327,0,1970.4999999999998,1370.0,264,True,-1.549732982561162,-1.549732982561162,-3.099465965122324
327,1,1808.5,1200.0,264,True,-1.4051542354839508,-1.4051542354839508,-2.8103084709679016
327,2,1499.6666666666665,1145.0,262,True,-1.2100724724111989,-1.2100724724111989,-2.4201449448223977
327,3,1933.5,1512.0,270,True,-1.5708355744194364,-1.5708355744194364,-3.141671148838873
328,0,2007.6666666666667,1213.0,264,True,-1.5242371117857496,-1.5242371117857496,-3.048474223571499
328,1,2027.8333333333333,1923.0,278,True,-1.748412110791795,-1.748412110791795,-3.49682422158359
328,2,1849.5,1145.0,262,True,-1.4124052273755325,-1.4124052273755325,-2.824810454751065
328,3,1517.6666666666665,939.0,259,True,-1.1588249282289829,-1.1588249282289829,-2.3176498564579657
329,0,2117.5,1384.0,267,True,-1.6389435876431577,-1.6389435876431577,-3.2778871752863155
329,1,1804.5,1264.0,265,True,-1.4219967008211942,-1.4219967008211942,-2.8439934016423885
329,2,1904.1666666666667,1397.0,267,True,-1.5194492516835338,-1.5194492516835338,-3.0388985033670677
329,3,1624.6666666666665,1272.0,265,True,-1.3203811684254043,-1.3203811684254043,-2.6407623368508086
330,0,1893.5,1191.0,266,True,-1.451621796184565,-1.451621796184565,-2.90324359236913
330,1,2107.333333333333,1124.0,262,True,-1.5552424911425526,-1.5552424911425526,-3.1104849822851053
330,2,1444.0,1767.0,274,True,-1.3640484029589084,-1.3640484029589084,-2.728096805917817
330,3,1900.5,1321.0,267,True,-1.4945808850170923,-1.4945808850170923,-2.9891617700341846
331,0,1728.5,1166.0,265,True,-1.3487081216960382,-1.3487081216960382,-2.6974162433920763
331,1,1453.6666666666665,943.0,260,True,-1.1230065585994315,-1.1230065585994315,-2.246013117198863
331,2,2015.5,1130.0,263,True,-1.5039248075291496,-1.5039248075291496,-3.007849615058299
331,3,1548.6666666666665,1327.0,268,True,-1.2928872615540656,-1.2928872615540656,-2.5857745231081313
332,0,1975.6666666666667,1043.0,259,True,-1.454846334633351,-1.454846334633351,-2.909692669266702
332,1,2031.0,1446.0,268,True,-1.6074719873613992,-1.6074719873613992,-3.2149439747227984
332,2,1792.6666666666667,1615.0,272,True,-1.5202110334201269,-1.5202110334201269,-3.0404220668402537
332,3,1918.5,1194.0,265,True,-1.4669789559201805,-1.4669789559201805,-2.933957911840361
333,0,1950.1666666666665,1346.0,265,True,-1.5307893349056565,-1.5307893349056565,-3.061578669811313
333,1,1589.6666666666665,798.0,257,True,-1.1582645629338235,-1.1582645629338235,-2.316529125867647
333,2,2008.5,1177.0,263,True,-1.5139438689510374,-1.5139438689510374,-3.0278877379020748
333,3,1866.5,1124.0,262,True,-1.415951957115177,-1.415951957115177,-2.831903914230354
334,0,1803.5,899.0,261,True,-1.3121696038960013,-1.3121696038960013,-2.6243392077920027
334,1,1581.6666666666665,1070.0,262,True,-1.2350503616119015,-1.2350503616119015,-2.470100723223803
334,2,1822.6666666666667,1036.0,262,True,-1.364260696638333,-1.364260696638333,-2.728521393276666
334,3,1941.0,989.0,262,True,-1.4186333838187213,-1.4186333838187213,-2.8372667676374426
335,0,1918.5,1543.0,268,True,-1.5714386985122186,-1.5714386985122186,-3.1428773970244372
335,1,2033.5,1223.0,266,True,-1.5421714267710582,-1.5421714267710582,-3.0843428535421165
335,2,1935.5,1308.0,266,True,-1.510932749413192,-1.510932749413192,-3.021865498826384
335,3,1909.5,1013.0,262,True,-1.4075982383375385,-1.4075982383375385,-2.815196476675077
336,0,1894.5,1019.0,261,True,-1.4007185728463634,-1.4007185728463634,-2.8014371456927267
336,1,1655.6666666666665,986.0,262,True,-1.2527074945670065,-1.2527074945670065,-2.505414989134013
336,2,1541.6666666666665,968.0,260,True,-1.1813858201324923,-1.1813858201324923,-2.3627716402649845
336,3,2263.333333333333,1217.0,265,True,-1.6733040323046466,-1.6733040323046466,-3.3466080646092933
337,0,2101.333333333333,1235.0,266,True,-1.584995862898791,-1.584995862898791,-3.169991725797582
337,1,1927.5,1380.0,267,True,-1.5278562314196142,-1.5278562314196142,-3.0557124628392285
337,2,1879.5,1425.0,266,True,-1.5135635406984982,-1.5135635406984982,-3.0271270813969964
337,3,1903.5,946.0,261,True,-1.3840741482560035,-1.3840741482560035,-2.768148296512007
338,0,2034.5,1075.0,262,True,-1.4984516814334548,-1.4984516814334548,-2.9969033628669095
338,1,1585.6666666666665,745.0,258,True,-1.1400875730181481,-1.1400875730181481,-2.2801751460362962
338,2,1827.5,1224.0,264,True,-1.4233267244735606,-1.4233267244735606,-2.846653448947121
338,3,1825.5,1304.0,265,True,-1.4461149131433793,-1.4461149131433793,-2.8922298262867585
339,0,2090.6666666666665,1532.0,270,True,-1.6677221338290344,-1.6677221338290344,-3.335444267658069
339,1,2081.6666666666665,1531.0,270,True,-1.6622175012508817,-1.6622175012508817,-3.3244350025017635
339,2,1662.5,1021.0,262,True,-1.2671355881472608,-1.2671355881472608,-2.5342711762945216
339,3,1840.4999999999998,1276.0,266,True,-1.4464097238006721,-1.4464097238006721,-2.8928194476013442
340,0,2099.166666666667,1397.0,267,True,-1.6322312065707525,-1.6322312065707525,-3.264462413141505
340,1,1691.3333333333335,1302.0,266,True,-1.3679184492209278,-1.3679184492209278,-2.7358368984418555
340,2,1507.6666666666665,901.0,260,True,-1.141667398067152,-1.141667398067152,-2.283334796134304
340,3,2019.5,1481.0,268,True,-1.61129664928559,-1.61129664928559,-3.22259329857118
341,0,1949.5,1244.0,265,True,-1.499873974070165,-1.499873974070165,-2.99974794814033
341,1,2019.5,1046.0,262,True,-1.4810961105247407,-1.4810961105247407,-2.9621922210494813
341,2,1958.8333333333335,1176.0,264,True,-1.484918897063071,-1.484918897063071,-2.969837794126142
341,3,2013.6666666666667,1098.0,264,True,-1.4932864936960781,-1.4932864936960781,-2.9865729873921563
342,0,2243.833333333333,1027.0,263,True,-1.6051566359778524,-1.6051566359778524,-3.210313271955705
342,1,1564.6666666666665,985.0,261,True,-1.19977660403628,-1.19977660403628,-2.39955320807256
342,2,1933.8333333333335,1186.0,265,True,-1.4734527879111132,-1.4734527879111132,-2.9469055758222265
342,3,1931.5,1371.0,267,True,-1.5274759031670762,-1.5274759031670762,-3.0549518063341523
343,0,2130.333333333333,1287.0,266,True,-1.6173327662166492,-1.6173327662166492,-3.2346655324332985
343,1,2040.3333333333333,1273.0,266,True,-1.5610891941016862,-1.5610891941016862,-3.1221783882033725
343,2,2175.5,1103.0,264,True,-1.588382434685937,-1.588382434685937,-3.176764869371874
343,3,1995.4999999999998,917.0,261,True,-1.4286040602854027,-1.4286040602854027,-2.8572081205708053
344,0,2013.5,1027.0,263,True,-1.4719389764444029,-1.4719389764444029,-2.9438779528888057
344,1,1850.6666666666667,1127.0,265,True,-1.4076923827077423,-1.4076923827077423,-2.8153847654154847
344,2,2100.5,966.0,262,True,-1.5039990728092305,-1.5039990728092305,-3.007998145618461
344,3,2018.5,1212.0,266,True,-1.5302034643627926,-1.5302034643627926,-3.0604069287255853
345,0,2061.5,1250.0,266,True,-1.5664471715055373,-1.5664471715055373,-3.1328943430110745
345,1,1920.9999999999998,1123.0,264,True,-1.4471737560002966,-1.4471737560002966,-2.8943475120005933
345,2,1919.0,1432.0,269,True,-1.5385042972591605,-1.5385042972591605,-3.077008594518321
345,3,2106.0,1257.0,266,True,-1.5942797730633076,-1.5942797730633076,-3.188559546126615
346,0,1664.3333333333335,1222.0,266,True,-1.3283575595678812,-1.3283575595678812,-2.6567151191357623
346,1,1444.6666666666665,1274.0,267,True,-1.2168733716962263,-1.2168733716962263,-2.4337467433924527
346,2,2128.166666666667,1251.0,267,True,-1.6053044163836707,-1.6053044163836707,-3.2106088327673414
346,3,1552.6666666666665,992.0,262,True,-1.1949313571267288,-1.1949313571267288,-2.3898627142534576
347,0,1673.6666666666665,1237.0,266,True,-1.3382453439795234,-1.3382453439795234,-2.676490687959047
347,1,1995.3333333333335,1184.0,265,True,-1.5084238582088263,-1.5084238582088263,-3.0168477164176526
347,2,1961.3333333333333,1106.0,264,True,-1.4654130087265453,-1.4654130087265453,-2.9308260174530907
347,3,1858.5,1368.0,266,True,-1.4843570314592227,-1.4843570314592227,-2.9687140629184454
348,0,1831.5,1202.0,266,True,-1.4190553456373645,-1.4190553456373645,-2.838110691274729
348,1,1722.6666666666667,1438.0,270,True,-1.4267470532061968,-1.4267470532061968,-2.8534941064123935
348,2,2114.333333333333,1111.0,265,True,-1.555400023554846,-1.555400023554846,-3.110800047109692
348,3,2128.5,1057.0,263,True,-1.5474307588786402,-1.5474307588786402,-3.0948615177572805
349,0,1550.6666666666665,1394.0,269,True,-1.3140978756379125,-1.3140978756379125,-2.628195751275825
349,1,1988.5,1120.0,264,True,-1.4853157287111816,-1.4853157287111816,-2.970631457422363
349,2,1899.3333333333333,1008.0,262,True,-1.400221595593293,-1.400221595593293,-2.800443191186586
349,3,1765.5,1131.0,263,True,-1.3596318692570997,-1.3596318692570997,-2.7192637385141993
350,0,1490.6666666666665,1011.0,262,True,-1.164759399246395,-1.164759399246395,-2.32951879849279
350,1,1649.6666666666665,1522.0,271,True,-1.4096682892505135,-1.4096682892505135,-2.819336578501027
350,2,1547.6666666666665,1751.0,275,True,-1.419217003898552,-1.419217003898552,-2.838434007797104
350,3,1661.6666666666665,1281.0,266,True,-1.3444746256542288,-1.3444746256542288,-2.6889492513084576
351,0,1873.5,1654.0,273,True,-1.578635679291014,-1.578635679291014,-3.157271358582028
351,1,1548.6666666666665,1126.0,264,True,-1.232725633299052,-1.232725633299052,-2.465451266598104
351,2,2000.5,1330.0,267,True,-1.5551115892094796,-1.5551115892094796,-3.110223178418959
351,3,2044.8333333333333,1309.0,267,True,-1.5744670715999818,-1.5744670715999818,-3.1489341431999636
352,0,1714.5,976.0,262,True,-1.283741754866063,-1.283741754866063,-2.567483509732126
352,1,1814.1666666666665,1104.0,264,True,-1.3796977478116124,-1.3796977478116124,-2.7593954956232247
352,2,1773.5,1527.0,270,True,-1.482786208262351,-1.482786208262351,-2.965572416524702
352,3,1766.5,973.0,262,True,-1.3129190080859137,-1.3129190080859137,-2.6258380161718273
353,0,1845.5,790.0,259,True,-1.3038361392856583,-1.3038361392856583,-2.6076722785713167
353,1,2081.5,1158.0,266,True,-1.5504778858250083,-1.5504778858250083,-3.1009557716500167
353,2,1923.3333333333335,1274.0,267,True,-1.4937193327527143,-1.4937193327527143,-2.9874386655054286
353,3,1886.5,1129.0,265,True,-1.4290158950204006,-1.4290158950204006,-2.858031790040801
354,0,1887.5,1255.0,266,True,-1.4673075235229653,-1.4673075235229653,-2.9346150470459307
354,1,2043.5,1355.0,267,True,-1.5874642457685673,-1.5874642457685673,-3.1749284915371345
354,2,1947.5,1259.0,266,True,-1.5032069098216956,-1.5032069098216956,-3.006413819643391
354,3,2001.5,1006.0,263,True,-1.4587130052008195,-1.4587130052008195,-2.917426010401639
355,0,1467.6666666666665,1214.0,266,True,-1.2122171636814278,-1.2122171636814278,-2.4244343273628557
355,1,1778.5,966.0,262,True,-1.3177642549954653,-1.3177642549954653,-2.6355285099909307
355,2,1892.3333333333333,1014.0,262,True,-1.3979688820974918,-1.3979688820974918,-2.7959377641949836
355,3,2111.833333333333,1093.0,264,True,-1.5485664925558433,-1.5485664925558433,-3.0971329851116867
356,0,1860.5,1323.0,267,True,-1.4720447482069428,-1.4720447482069428,-2.9440894964138855
356,1,1604.6666666666665,978.0,262,True,-1.220816182929638,-1.220816182929638,-2.441632365859276
356,2,1512.6666666666665,1074.0,264,True,-1.1963401469852422,-1.1963401469852422,-2.3926802939704843
356,3,1602.6666666666665,986.0,263,True,-1.2220539375976605,-1.2220539375976605,-2.444107875195321
357,0,1757.5,1847.0,276,True,-1.5693120109462522,-1.5693120109462522,-3.1386240218925043
357,1,2130.5,1060.0,263,True,-1.549485431627557,-1.549485431627557,-3.098970863255114
357,2,1875.5,1360.0,268,True,-1.4917948117825246,-1.4917948117825246,-2.983589623565049
357,3,2063.5,1176.0,265,True,-1.545454852335868,-1.545454852335868,-3.090909704671736
358,0,1992.8333333333333,982.0,262,True,-1.4465169958719002,-1.4465169958719002,-2.8930339917438004
358,1,1810.5,1142.0,264,True,-1.388950901648014,-1.388950901648014,-2.777901803296028
358,2,2159.5,1411.0,269,True,-1.6713164983695394,-1.6713164983695394,-3.342632996739079
358,3,1797.5,878.0,260,True,-1.3024138466489488,-1.3024138466489488,-2.6048276932978975
359,0,1934.8333333333333,1007.0,261,True,-1.4204543834894023,-1.4204543834894023,-2.8409087669788047
359,1,1967.6666666666667,1123.0,263,True,-1.4741643093066397,-1.4741643093066397,-2.9483286186132793
359,2,1609.6666666666665,868.0,260,True,-1.1907837537573354,-1.1907837537573354,-2.3815675075146707
359,3,2072.5,997.0,261,True,-1.497083399909531,-1.497083399909531,-2.994166799819062
360,0,1906.5,1189.0,264,True,-1.4585419700103295,-1.4585419700103295,-2.917083940020659
360,1,1956.5,1139.0,264,True,-1.472494840813497,-1.472494840813497,-2.944989681626994
360,2,2138.166666666667,1468.0,270,True,-1.6760387199666338,-1.6760387199666338,-3.3520774399332676
360,3,1845.4999999999998,1001.0,262,True,-1.3669908833742543,-1.3669908833742543,-2.7339817667485087
361,0,1569.6666666666665,1062.0,263,True,-1.225715440951976,-1.225715440951976,-2.451430881903952
361,1,1844.4999999999998,962.0,262,True,-1.3547393626238609,-1.3547393626238609,-2.7094787252477217
361,2,2123.5,1428.0,270,True,-1.6555835113074513,-1.6555835113074513,-3.3111670226149026
361,3,1544.6666666666665,1055.0,264,True,-1.2091610348829263,-1.2091610348829263,-2.4183220697658525
362,0,1502.6666666666665,1059.0,264,True,-1.186066783240652,-1.186066783240652,-2.372133566481304
362,1,1537.6666666666665,957.0,261,True,-1.1757799167178646,-1.1757799167178646,-2.3515598334357293
362,2,1640.6666666666665,1635.0,272,True,-1.4382851771752037,-1.4382851771752037,-2.8765703543504073
362,3,1838.6666666666667,1183.0,263,True,-1.4175134033827452,-1.4175134033827452,-2.8350268067654905
363,0,1943.5,1066.0,263,True,-1.4431262982358617,-1.4431262982358617,-2.8862525964717234
363,1,1909.4999999999998,1127.0,264,True,-1.4417197588403814,-1.4417197588403814,-2.883439517680763
363,2,1882.3333333333335,1209.0,264,True,-1.4505509508581387,-1.4505509508581387,-2.9011019017162774
363,3,2039.5,959.0,262,True,-1.4666233827610033,-1.4666233827610033,-2.9332467655220067
364,0,1817.5,1484.0,271,True,-1.4953640461524957,-1.4953640461524957,-2.9907280923049915
364,1,1616.6666666666665,952.0,260,True,-1.2199745097553818,-1.2199745097553818,-2.4399490195107636
364,2,1494.6666666666665,1356.0,267,True,-1.2703353715026864,-1.2703353715026864,-2.5406707430053728
364,3,2141.5,1178.0,265,True,-1.5911662574574714,-1.5911662574574714,-3.182332514914943
365,0,1950.5,1009.0,263,True,-1.4301141209803916,-1.4301141209803916,-2.860228241960783
365,1,1792.6666666666665,1167.0,264,True,-1.3861194440756186,-1.3861194440756186,-2.772238888151237
365,2,1788.5,1076.0,264,True,-1.3564722191590914,-1.3564722191590914,-2.712944438318183
365,3,1982.5,1124.0,262,True,-1.4830427610480852,-1.4830427610480852,-2.9660855220961704
366,0,2037.6666666666667,1342.0,269,True,-1.5801993760216169,-1.5801993760216169,-3.1603987520432337
366,1,2017.5,1049.0,263,True,-1.480837307275972,-1.480837307275972,-2.961674614551944
366,2,1830.5,1382.0,268,True,-1.4723530616424327,-1.4723530616424327,-2.9447061232848655
366,3,1946.8333333333333,1227.0,266,True,-1.493243359821283,-1.493243359821283,-2.986486719642566
367,0,1758.6666666666665,818.0,259,True,-1.261995155503244,-1.261995155503244,-2.523990311006488
367,1,2140.5,1008.0,263,True,-1.539704919287143,-1.539704919287143,-3.079409838574286
367,2,2069.5,1178.0,266,True,-1.5495236894991145,-1.5495236894991145,-3.099047378998229
367,3,1802.4999999999998,1041.0,262,True,-1.3540934797334554,-1.3540934797334554,-2.708186959466911
368,0,1564.6666666666665,700.0,256,True,-1.1144728027791722,-1.1144728027791722,-2.2289456055583443
368,1,1902.6666666666667,1206.0,265,True,-1.4614131857629704,-1.4614131857629704,-2.922826371525941
368,2,1935.5,982.0,262,True,-1.4133571732383938,-1.4133571732383938,-2.8267143464767877
368,3,1946.5,1134.0,265,True,-1.4652145929024898,-1.4652145929024898,-2.9304291858049796
369,0,2054.333333333333,1334.0,267,True,-1.5874443666784441,-1.5874443666784441,-3.1748887333568883
369,1,1925.6666666666667,1292.0,267,True,-1.5004564689184798,-1.5004564689184798,-3.0009129378369597
369,2,1983.5,1207.0,266,True,-1.5084639914662445,-1.5084639914662445,-3.016927982932489
369,3,1694.6666666666665,983.0,262,True,-1.2743659507943756,-1.2743659507943756,-2.5487319015887513
370,0,1987.5,1226.0,267,True,-1.5164643875477382,-1.5164643875477382,-3.0329287750954763
370,1,1820.0,993.0,262,True,-1.3498479812221365,-1.3498479812221365,-2.699695962444273
370,2,2068.333333333333,1090.0,264,True,-1.5225095063309275,-1.5225095063309275,-3.045019012661855
370,3,2123.5,1447.0,271,True,-1.6612704313912587,-1.6612704313912587,-3.3225408627825175
371,0,1673.6666666666665,1050.0,263,True,-1.2822740778915263,-1.2822740778915263,-2.5645481557830525
371,1,1528.6666666666665,1250.0,267,True,-1.2582728896470454,-1.2582728896470454,-2.516545779294091
371,2,2108.333333333333,1098.0,265,True,-1.5480387589746585,-1.5480387589746585,-3.096077517949317
371,3,1808.3333333333335,1261.0,267,True,-1.4233158472355687,-1.4233158472355687,-2.8466316944711374
372,0,1757.6666666666665,1089.0,263,True,-1.342530225593915,-1.342530225593915,-2.68506045118783
372,1,1999.3333333333333,1198.0,265,True,-1.5149276963735292,-1.5149276963735292,-3.0298553927470584
372,2,1754.5,1059.0,264,True,-1.3317193762616657,-1.3317193762616657,-2.6634387525233314
372,3,2011.5,1278.0,266,True,-1.5459094458684877,-1.5459094458684877,-3.0918188917369753
373,0,1925.5,1432.0,269,True,-1.5422636957554017,-1.5422636957554017,-3.0845273915108034
373,1,1622.6666666666665,976.0,263,True,-1.2306282017525099,-1.2306282017525099,-2.4612564035050197
373,2,1950.6666666666667,1096.0,264,True,-1.4562506235657977,-1.4562506235657977,-2.9125012471315954
373,3,1934.5,1117.0,264,True,-1.4531858679923395,-1.4531858679923395,-2.906371735984679
374,0,2046.6666666666667,1103.0,264,True,-1.5138692285937836,-1.5138692285937836,-3.027738457187567
374,1,1596.6666666666665,870.0,261,True,-1.1838635799315713,-1.1838635799315713,-2.3677271598631426
374,2,1578.6666666666665,1083.0,264,True,-1.2372063051972937,-1.2372063051972937,-2.4744126103945874
374,3,1912.4999999999998,1425.0,270,True,-1.5326497176794123,-1.5326497176794123,-3.0652994353588245
375,0,1812.5,1190.0,266,True,-1.4044745956480542,-1.4044745956480542,-2.8089491912961084
375,1,2012.1666666666667,1221.0,266,True,-1.5292342649500141,-1.5292342649500141,-3.0584685299000283
375,2,1595.6666666666665,1072.0,264,True,-1.2437461507705208,-1.2437461507705208,-2.4874923015410415
375,3,2109.333333333333,921.0,260,True,-1.4956389777196655,-1.4956389777196655,-2.991277955439331
376,0,2138.0,1543.0,271,True,-1.6983906938852669,-1.6983906938852669,-3.3967813877705337
376,1,1975.4999999999998,1299.0,268,True,-1.5313737051398324,-1.5313737051398324,-3.062747410279665
376,2,1536.6666666666665,1277.0,266,True,-1.2709812543930905,-1.2709812543930905,-2.541962508786181
376,3,1950.3333333333333,1065.0,264,True,-1.4467791748152186,-1.4467791748152186,-2.893558349630437
377,0,1709.1666666666667,1218.0,267,True,-1.3530905233751835,-1.3530905233751835,-2.706181046750367
377,1,1565.6666666666665,931.0,262,True,-1.1841921475343555,-1.1841921475343555,-2.368384295068711
377,2,1605.6666666666665,1071.0,265,True,-1.249230529181379,-1.249230529181379,-2.498461058362758
377,3,1890.5,1031.0,263,True,-1.401996835848976,-1.401996835848976,-2.803993671697952
378,0,1810.5,1040.0,263,True,-1.35842112014547,-1.35842112014547,-2.71684224029094
378,1,1993.5,1141.0,264,True,-1.4944931169588143,-1.4944931169588143,-2.9889862339176285
378,2,1507.6666666666665,1024.0,261,True,-1.1784827228202202,-1.1784827228202202,-2.3569654456404403
378,3,1877.5,1301.0,267,True,-1.4752921663632301,-1.4752921663632301,-2.9505843327264603
379,0,2028.5,1269.0,266,True,-1.5530479146084308,-1.5530479146084308,-3.1060958292168617
379,1,1859.5,1640.0,273,True,-1.5663481511320958,-1.5663481511320958,-3.1326963022641916
379,2,1673.6666666666665,1280.0,267,True,-1.3511157420639295,-1.3511157420639295,-2.702231484127859
379,3,1737.5,1048.0,264,True,-1.3185946758545566,-1.3185946758545566,-2.637189351709113
380,0,1734.6666666666665,992.0,261,True,-1.3001945150214655,-1.3001945150214655,-2.600389030042931
380,1,1873.5,1207.0,264,True,-1.4448434015298646,-1.4448434015298646,-2.889686803059729
380,2,1678.5,1181.0,266,True,-1.3242793454753312,-1.3242793454753312,-2.6485586909506624
380,3,1581.6666666666665,950.0,261,True,-1.199132971608908,-1.199132971608908,-2.398265943217816
381,0,1608.6666666666665,1271.0,267,True,-1.310827952851299,-1.310827952851299,-2.621655905702598
381,1,2028.5,1241.0,267,True,-1.5446671902743994,-1.5446671902743994,-3.0893343805487987
381,2,1900.5,1522.0,271,True,-1.5547425132721047,-1.5547425132721047,-3.1094850265442093
381,3,1997.4999999999998,1332.0,268,True,-1.5539751053779316,-1.5539751053779316,-3.107950210755863
382,0,2194.166666666667,1376.0,268,True,-1.6808907182652832,-1.6808907182652832,-3.3617814365305665
382,1,1607.6666666666665,1075.0,263,True,-1.2515845135136558,-1.2515845135136558,-2.5031690270273117
382,2,1492.6666666666665,860.0,259,True,-1.1207200881581385,-1.1207200881581385,-2.241440176316277
382,3,1456.6666666666665,1050.0,262,True,-1.1567680050170326,-1.1567680050170326,-2.313536010034065
383,0,1574.6666666666665,1333.0,268,True,-1.3097207250391762,-1.3097207250391762,-2.6194414500783525
383,1,1519.6666666666665,1314.0,267,True,-1.27222350998718,-1.27222350998718,-2.54444701997436
383,2,1449.6666666666665,1054.0,263,True,-1.1539166683545143,-1.1539166683545143,-2.3078333367090287
383,3,1876.5,1333.0,269,True,-1.4842917680312724,-1.4842917680312724,-2.9685835360625448
384,0,1462.6666666666665,1118.0,264,True,-1.1805914066819247,-1.1805914066819247,-2.3611828133638495
384,1,1997.5,994.0,261,True,-1.452807790202834,-1.452807790202834,-2.905615580405668
384,2,1631.5,1336.0,268,True,-1.3434892979230477,-1.3434892979230477,-2.6869785958460954
384,3,1754.3333333333333,1536.0,271,True,-1.4743946066903264,-1.4743946066903264,-2.948789213380653
385,0,1781.5,1074.0,264,True,-1.3518250129964238,-1.3518250129964238,-2.7036500259928475
385,1,1873.5,1359.0,268,True,-1.4903387622003226,-1.4903387622003226,-2.980677524400645
385,2,1706.5,1341.0,267,True,-1.3883635307964615,-1.3883635307964615,-2.776727061592923
385,3,1772.5,1425.0,268,True,-1.4516780577603847,-1.4516780577603847,-2.9033561155207694
386,0,1499.6666666666665,1264.0,266,True,-1.2456905508308336,-1.2456905508308336,-2.491381101661667
386,1,1429.1666666666667,1342.0,267,True,-1.2282618398735536,-1.2282618398735536,-2.4565236797471073
386,2,1661.6666666666665,960.0,261,True,-1.2483956073962217,-1.2483956073962217,-2.4967912147924434
386,3,1917.5,1428.0,269,True,-1.536439497426595,-1.536439497426595,-3.07287899485319
387,0,1442.1666666666667,1260.0,266,True,-1.211237087030657,-1.211237087030657,-2.422474174061314
387,1,1358.6666666666665,967.0,262,True,-1.075244981654975,-1.075244981654975,-2.15048996330995
387,2,2117.5,1427.0,269,True,-1.6518139857275644,-1.6518139857275644,-3.303627971455129
387,3,1889.5,1222.0,266,True,-1.4585869792709856,-1.4585869792709856,-2.917173958541971
388,0,2011.5,1023.0,262,True,-1.4695849921121273,-1.4695849921121273,-2.9391699842242547
388,1,1906.5,1415.0,268,True,-1.526186387849301,-1.526186387849301,-3.052372775698602
388,2,1530.6666666666665,909.0,261,True,-1.157364377720716,-1.157364377720716,-2.314728755441432
388,3,1920.6666666666667,943.0,262,True,-1.3931048813293334,-1.3931048813293334,-2.786209762658667
389,0,1784.5,1099.0,265,True,-1.3610429095786456,-1.3610429095786456,-2.722085819157291
389,1,1595.6666666666665,1433.0,270,True,-1.3517976323628584,-1.3517976323628584,-2.703595264725717
389,2,1558.6666666666665,839.0,260,True,-1.1526068988694425,-1.1526068988694425,-2.305213797738885
389,3,1846.5,1092.0,264,True,-1.3948066064592792,-1.3948066064592792,-2.7896132129185585
390,0,1798.8333333333333,912.0,261,True,-1.313361599149025,-1.313361599149025,-2.62672319829805
390,1,1412.6666666666665,1339.0,268,True,-1.2178208166330229,-1.2178208166330229,-2.4356416332660458
390,2,1706.5,1710.0,274,True,-1.498809505055665,-1.498809505055665,-2.99761901011133
390,3,1904.4999999999998,1130.0,265,True,-1.4397258485933477,-1.4397258485933477,-2.8794516971866955
391,0,1509.5,1177.0,264,True,-1.225337738239643,-1.225337738239643,-2.450675476479286
391,1,1751.4999999999998,1103.0,265,True,-1.3431539789311655,-1.3431539789311655,-2.686307957862331
391,2,1522.6666666666665,1371.0,269,True,-1.2910193772368668,-1.2910193772368668,-2.5820387544737335
391,3,1951.5,1067.0,263,True,-1.4480525618145932,-1.4480525618145932,-2.8961051236291864
392,0,1872.5,1241.0,265,True,-1.4544416263646243,-1.4544416263646243,-2.9088832527292485
392,1,1469.6666666666665,1040.0,262,True,-1.1612936861759307,-1.1612936861759307,-2.3225873723518613
392,2,1452.6666666666665,1473.0,270,True,-1.2810633287798965,-1.2810633287798965,-2.562126657559793
392,3,1532.6666666666665,832.0,259,True,-1.1354741238009727,-1.1354741238009727,-2.2709482476019454
393,0,1482.6666666666665,870.0,261,True,-1.1179295139975054,-1.1179295139975054,-2.235859027995011
393,1,1570.6666666666665,1034.0,262,True,-1.2179130856173657,-1.2179130856173657,-2.4358261712347313
393,2,1591.6666666666665,1396.0,269,True,-1.338409627780916,-1.338409627780916,-2.676819255561832
393,3,1835.0,1661.0,273,True,-1.5584636538967889,-1.5584636538967889,-3.1169273077935777
394,0,1556.6666666666665,863.0,260,True,-1.1586336388711977,-1.1586336388711977,-2.3172672777423955
394,1,1815.5,1111.0,265,True,-1.3825640875610157,-1.3825640875610157,-2.7651281751220314
394,2,1666.6666666666665,683.0,257,True,-1.1683781438030882,-1.1683781438030882,-2.3367562876061765
394,3,1784.5,1332.0,269,True,-1.4307825085011239,-1.4307825085011239,-2.8615650170022477
395,0,1620.5,1311.0,267,True,-1.329644449345453,-1.329644449345453,-2.659288898690906
395,1,2033.5,1106.0,264,True,-1.5071519715181394,-1.5071519715181394,-3.014303943036279
395,2,1840.5,1126.0,264,True,-1.4015129862969309,-1.4015129862969309,-2.8030259725938618
395,3,2005.5,1084.0,264,True,-1.4843727847004513,-1.4843727847004513,-2.9687455694009026
396,0,2033.0,1070.0,263,True,-1.496087570017531,-1.496087570017531,-2.992175140035062
396,1,1927.5,1176.0,265,True,-1.4667966684145257,-1.4667966684145257,-2.9335933368290514
396,2,1943.5,969.0,262,True,-1.4140930746501092,-1.4140930746501092,-2.8281861493002185
396,3,1519.6666666666665,873.0,260,True,-1.1402271017261794,-1.1402271017261794,-2.2804542034523587
397,0,2126.666666666667,1390.0,268,True,-1.646041172971339,-1.646041172971339,-3.292082345942678
397,1,2119.333333333333,1359.0,268,True,-1.6325211412248064,-1.6325211412248064,-3.265042282449613
397,2,1805.6666666666665,1009.0,262,True,-1.3463470108974924,-1.3463470108974924,-2.692694021794985
397,3,1894.6666666666665,1250.0,265,True,-1.4699559434353624,-1.4699559434353624,-2.939911886870725
398,0,1710.5,933.0,261,True,-1.268557880783971,-1.268557880783971,-2.537115761567942
398,1,2066.333333333333,1126.0,264,True,-1.5321279853329817,-1.5321279853329817,-3.0642559706659633
398,2,1707.6666666666665,969.0,261,True,-1.2776943856198413,-1.2776943856198413,-2.5553887712396826
398,3,2084.5,1062.0,263,True,-1.5234790808208782,-1.5234790808208782,-3.0469581616417565
399,0,1650.6666666666665,1700.0,274,True,-1.463524120087709,-1.463524120087709,-2.927048240175418
399,1,1726.6666666666665,1254.0,267,True,-1.3739871978659601,-1.3739871978659601,-2.7479743957319203
399,2,1806.5,1113.0,264,True,-1.3779573897329374,-1.3779573897329374,-2.7559147794658747
399,3,2183.5,930.0,261,True,-1.5412284827603284,-1.5412284827603284,-3.082456965520657
400,0,2112.1666666666665,1377.0,267,True,-1.6337637718960671,-1.6337637718960671,-3.2675275437921343
400,1,2096.5,996.0,263,True,-1.5106649443122924,-1.5106649443122924,-3.0213298886245847
400,2,2012.5,1527.0,270,True,-1.6210163991241198,-1.6210163991241198,-3.2420327982482395
400,3,2071.333333333333,1364.0,268,True,-1.6062559871693602,-1.6062559871693602,-3.2125119743387205
401,0,1993.5,1346.0,267,True,-1.5558519915472606,-1.5558519915472606,-3.1117039830945212
401,1,2093.5,1111.0,265,True,-1.543350669400229,-1.543350669400229,-3.086701338800458
401,2,1889.5,929.0,262,True,-1.3708886853470104,-1.3708886853470104,-2.7417773706940207
401,3,2027.5,1029.0,263,True,-1.4806347656030228,-1.4806347656030228,-2.9612695312060455
402,0,1786.3333333333335,1521.0,271,True,-1.4884127409214445,-1.4884127409214445,-2.976825481842889
402,1,1812.5,934.0,261,True,-1.327850830308336,-1.327850830308336,-2.655701660616672
402,2,1955.5,1343.0,268,True,-1.5329760348191637,-1.5329760348191637,-3.0659520696383273
402,3,1951.5,1579.0,271,True,-1.6013000924940297,-1.6013000924940297,-3.2026001849880594
403,0,1754.5,1075.0,265,True,-1.3365083615953983,-1.3365083615953983,-2.6730167231907966
403,1,2090.833333333333,1747.0,276,True,-1.7321705190843015,-1.7321705190843015,-3.464341038168603
403,2,1880.6666666666665,998.0,261,True,-1.386432258437173,-1.386432258437173,-2.772864516874346
403,3,1693.6666666666665,905.0,260,True,-1.2504412782930086,-1.2504412782930086,-2.500882556586017
404,0,2142.5,1182.0,265,True,-1.5929418727903264,-1.5929418727903264,-3.185883745580653
404,1,2133.5,1349.0,267,True,-1.637721586216364,-1.637721586216364,-3.275443172432728
404,2,1834.8333333333333,948.0,262,True,-1.3449581001291018,-1.3449581001291018,-2.6899162002582035
404,3,1966.5,1090.0,263,True,-1.4636122632231578,-1.4636122632231578,-2.9272245264463157
405,0,2173.5,1156.0,265,True,-1.6030892106050825,-1.6030892106050825,-3.206178421210165
405,1,1856.5,1212.0,265,True,-1.4365076864564883,-1.4365076864564883,-2.8730153729129766
405,2,2094.5,1243.0,266,True,-1.5834381674029436,-1.5834381674029436,-3.1668763348058873
405,3,1895.5,1205.0,266,True,-1.4569688963504244,-1.4569688963504244,-2.9139377927008487
406,0,1839.5,1084.0,263,True,-1.388363530796461,-1.388363530796461,-2.776727061592922
406,1,2087.5,1178.0,266,True,-1.5599343314887038,-1.5599343314887038,-3.1198686629774075
406,2,2082.833333333333,1109.0,264,True,-1.5365827769063483,-1.5365827769063483,-3.0731655538126965
406,3,1767.6666666666665,776.0,258,True,-1.2546293899969918,-1.2546293899969918,-2.5092587799939836
407,0,1701.6666666666665,931.0,261,True,-1.2628503314556976,-1.2628503314556976,-2.525700662911395
407,1,1974.4999999999998,1372.0,268,True,-1.5526450817255648,-1.5526450817255648,-3.1052901634511296
407,2,1900.5,1607.0,273,True,-1.5801839978575591,-1.5801839978575591,-3.1603679957151183
407,3,1728.3333333333335,1014.0,263,True,-1.3031163661923435,-1.3031163661923435,-2.606232732384687
408,0,2045.5,1205.0,265,True,-1.5437242462636687,-1.5437242462636687,-3.0874484925273373
408,1,1781.6666666666665,1182.0,264,True,-1.3842470588323554,-1.3842470588323554,-2.768494117664711
408,2,2056.5,989.0,263,True,-1.4854350032519188,-1.4854350032519188,-2.9708700065038376
408,3,1732.6666666666665,899.0,261,True,-1.2712017997703027,-1.2712017997703027,-2.5424035995406054
409,0,2054.5,1314.0,267,True,-1.5815545298445155,-1.5815545298445155,-3.163109059689031
409,1,1931.5,1063.0,263,True,-1.435287935492727,-1.435287935492727,-2.870575870985454
409,2,1564.6666666666665,1023.0,262,True,-1.2111504442038952,-1.2111504442038952,-2.4223008884077903
409,3,1970.5,1305.0,267,True,-1.5302777296428733,-1.5302777296428733,-3.0605554592857467
410,0,1574.6666666666665,923.0,261,True,-1.1870029758622833,-1.1870029758622833,-2.3740059517245666
410,1,1745.5,1672.0,275,True,-1.5099920558654947,-1.5099920558654947,-3.0199841117309894
410,2,1629.6666666666665,1150.0,265,True,-1.2867570002528022,-1.2867570002528022,-2.5735140005056043
410,3,2128.5,1505.0,271,True,-1.6815223482231474,-1.6815223482231474,-3.363044696446295
411,0,1749.4999999999998,950.0,261,True,-1.296202568678506,-1.296202568678506,-2.592405137357012
411,1,1870.5,1117.0,264,True,-1.4161702520293553,-1.4161702520293553,-2.8323405040587106
411,2,1911.5,1080.0,264,True,-1.4288088524213862,-1.4288088524213862,-2.8576177048427724
411,3,2039.5,1099.0,264,True,-1.5085270044311612,-1.5085270044311612,-3.0170540088623223
412,0,1764.5,1230.0,266,True,-1.3886853470101472,-1.3886853470101472,-2.7773706940202945
412,1,2014.5,1395.0,270,True,-1.5826640081196708,-1.5826640081196708,-3.1653280162393416
412,2,1555.6666666666665,924.0,262,True,-1.1763132764566304,-1.1763132764566304,-2.352626552913261
412,3,1963.5,1095.0,265,True,-1.4633737141416845,-1.4633737141416845,-2.926747428283369
413,0,2038.5,1221.0,266,True,-1.5444646486014502,-1.5444646486014502,-3.0889292972029003
413,1,2054.5,1122.0,265,True,-1.5240867058397267,-1.5240867058397267,-3.0481734116794534
413,2,2040.5,1229.0,267,True,-1.548015879267159,-1.548015879267159,-3.096031758534318
413,3,1814.5,977.0,262,True,-1.341877966391585,-1.341877966391585,-2.68375593278317
414,0,1735.6666666666665,832.0,260,True,-1.252883030683563,-1.252883030683563,-2.505766061367126
414,1,2004.5,1168.0,266,True,-1.5089365887031259,-1.5089365887031259,-3.0178731774062517
414,2,1909.4999999999998,1130.0,265,True,-1.442617693590456,-1.442617693590456,-2.885235387180912
414,3,1909.5,1238.0,267,True,-1.47494334459315,-1.47494334459315,-2.9498866891863
415,0,1513.6666666666665,1566.0,272,True,-1.344179814996936,-1.344179814996936,-2.688359629993872
415,1,2051.5,1312.0,268,True,-1.5792207996795349,-1.5792207996795349,-3.1584415993590698
415,2,1874.5,1112.0,264,True,-1.41698717011025,-1.41698717011025,-2.8339743402205
415,3,1722.5,1417.0,271,True,-1.4203651151224364,-1.4203651151224364,-2.8407302302448727
416,0,1808.5,1145.0,264,True,-1.3886920983992457,-1.3886920983992457,-2.7773841967984914
416,1,1864.5,1207.0,266,True,-1.4396380805350704,-1.4396380805350704,-2.8792761610701407
416,2,1981.5,1163.0,266,True,-1.4941375437996365,-1.4941375437996365,-2.988275087599273
416,3,2058.5,1108.0,265,True,-1.5222098196703968,-1.5222098196703968,-3.0444196393407936
417,0,1852.5,1296.0,268,True,-1.459336383460897,-1.459336383460897,-2.918672766921794
417,1,1530.6666666666665,1009.0,263,True,-1.1872955360565436,-1.1872955360565436,-2.374591072113087
417,2,2023.5,1109.0,264,True,-1.502266216273999,-1.502266216273999,-3.004532432547998
417,3,1972.5,1026.0,263,True,-1.4479265358847584,-1.4479265358847584,-2.895853071769517
418,0,2151.5,1060.0,263,True,-1.5616311806154117,-1.5616311806154117,-3.1232623612308235
418,1,1940.5,1132.0,265,True,-1.4611457557392435,-1.4611457557392435,-2.922291511478487
418,2,1945.5,1004.0,262,True,-1.425725718066492,-1.425725718066492,-2.851451436132984
418,3,1905.4999999999998,997.0,262,True,-1.4004957770061188,-1.4004957770061188,-2.8009915540122376
419,0,1948.4999999999998,1268.0,267,True,-1.5064790830713413,-1.5064790830713413,-3.0129581661426825
419,1,1748.3333333333335,892.0,261,True,-1.2781677330110672,-1.2781677330110672,-2.5563354660221345
419,2,1831.5,933.0,261,True,-1.3385405297139887,-1.3385405297139887,-2.6770810594279775
419,3,1945.5,1057.0,264,True,-1.4415892319844803,-1.4415892319844803,-2.8831784639689606
420,0,1808.5,1457.0,270,True,-1.4820773124070272,-1.4820773124070272,-2.9641546248140545
420,1,2036.5,1261.0,266,True,-1.5552803739369376,-1.5552803739369376,-3.1105607478738753
420,2,1991.4999999999998,917.0,262,True,-1.426290584287717,-1.426290584287717,-2.852581168575434
420,3,2066.333333333333,1092.0,264,True,-1.521951391498801,-1.521951391498801,-3.043902782997602
421,0,1662.4999999999998,1109.0,265,True,-1.2934750074827892,-1.2934750074827892,-2.5869500149655784
421,1,1904.3333333333335,1407.0,268,True,-1.5225387623503541,-1.5225387623503541,-3.0450775247007082
421,2,1891.8333333333335,1183.0,265,True,-1.4482633551853301,-1.4482633551853301,-2.8965267103706602
421,3,1610.6666666666665,1103.0,265,True,-1.261700344845951,-1.261700344845951,-2.523400689691902
422,0,1896.4999999999998,1689.0,273,True,-1.6024140716952506,-1.6024140716952506,-3.2048281433905013
422,1,2081.5,1133.0,265,True,-1.542995096241051,-1.542995096241051,-3.085990192482102
422,2,1381.6666666666665,1046.0,263,True,-1.1121930837269771,-1.1121930837269771,-2.2243861674539542
422,3,1367.6666666666665,1120.0,264,True,-1.126244974903586,-1.126244974903586,-2.252489949807172
423,0,1851.8333333333333,1028.0,263,True,-1.378735299787931,-1.378735299787931,-2.757470599575862
423,1,1836.5,896.0,261,True,-1.330357846126841,-1.330357846126841,-2.660715692253682
423,2,1897.9999999999998,1132.0,265,True,-1.436565073263824,-1.436565073263824,-2.873130146527648
423,3,1798.5,928.0,260,True,-1.3179577948162833,-1.3179577948162833,-2.6359155896325666
424,0,1643.5,1356.0,268,True,-1.356415957583273,-1.356415957583273,-2.712831915166546
424,1,2177.5,1031.0,264,True,-1.5679887386829838,-1.5679887386829838,-3.1359774773659677
424,2,1875.6666666666665,1392.0,269,True,-1.501469177283226,-1.501469177283226,-3.002938354566452
424,3,1642.5,1457.0,271,True,-1.3860680585030363,-1.3860680585030363,-2.7721361170060725
425,0,1704.5,1533.0,272,True,-1.4446746168024072,-1.4446746168024072,-2.8893492336048143
425,1,1779.5,1624.0,273,True,-1.5152896458446328,-1.5152896458446328,-3.0305792916892655
425,2,2055.166666666667,887.0,261,True,-1.4541340630834798,-1.4541340630834798,-2.9082681261669596
425,3,1466.6666666666665,1380.0,269,True,-1.2613245175194792,-1.2613245175194792,-2.5226490350389583
426,0,1480.1666666666665,1857.0,276,True,-1.41190412427357,-1.41190412427357,-2.82380824854714
426,1,2067.666666666667,1283.0,267,True,-1.5798910625861275,-1.5798910625861275,-3.159782125172255
426,2,1682.5,1588.0,272,True,-1.4484126358998355,-1.4484126358998355,-2.896825271799671
426,3,1958.3333333333335,1187.0,265,True,-1.4879221399803015,-1.4879221399803015,-2.975844279960603
427,0,2017.1666666666667,1541.0,272,True,-1.6279058166217697,-1.6279058166217697,-3.2558116332435394
427,1,1817.3333333333333,1809.0,276,True,-1.5925439159106987,-1.5925439159106987,-3.1850878318213973
427,2,1646.1666666666665,1588.0,273,True,-1.4273985622541834,-1.4273985622541834,-2.8547971245083668
427,3,1848.3333333333333,1268.0,268,True,-1.448545788295942,-1.448545788295942,-2.897091576591884
428,0,1491.6666666666665,1246.0,267,True,-1.2356759903350103,-1.2356759903350103,-2.4713519806700206
428,1,1535.6666666666665,822.0,258,True,-1.1342161149656544,-1.1342161149656544,-2.268432229931309
428,2,1848.5,1853.0,276,True,-1.6237394593937704,-1.6237394593937704,-3.247478918787541
428,3,1489.8333333333333,1778.0,274,True,-1.3938494095160077,-1.3938494095160077,-2.7876988190320153
429,0,2006.1666666666667,1338.0,269,True,-1.5607835062064017,-1.5607835062064017,-3.1215670124128034
429,1,2136.5,977.0,263,True,-1.52811278420535,-1.52811278420535,-3.0562255684107
429,2,2084.6666666666665,1331.0,269,True,-1.6040902915774915,-1.6040902915774915,-3.208180583154983
429,3,1533.6666666666665,1109.0,265,True,-1.2189618013906356,-1.2189618013906356,-2.437923602781271
430,0,1493.3333333333335,958.0,261,True,-1.1504382026601976,-1.1504382026601976,-2.300876405320395
430,1,1909.6666666666665,1418.0,269,True,-1.5289158244308758,-1.5289158244308758,-3.0578316488617516
430,2,1717.3333333333335,1040.0,264,True,-1.3045364083660214,-1.3045364083660214,-2.6090728167320427
430,3,1465.6666666666665,1087.0,264,True,-1.173047854596083,-1.173047854596083,-2.346095709192166
431,0,1791.4999999999998,956.0,262,True,-1.3222899361543639,-1.3222899361543639,-2.6445798723087277
431,1,1884.5,1281.0,266,True,-1.4733545176920158,-1.4733545176920158,-2.9467090353840315
431,2,1558.6666666666665,885.0,260,True,-1.1663752317039229,-1.1663752317039229,-2.3327504634078458
431,3,1583.5,1211.0,266,True,-1.2783136380310252,-1.2783136380310252,-2.5566272760620503
432,0,1765.5,1581.0,273,True,-1.494322081768325,-1.494322081768325,-2.98864416353665
432,1,1824.5,1384.0,269,True,-1.4694814708126194,-1.4694814708126194,-2.9389629416252387
432,2,1360.6666666666665,1200.0,266,True,-1.1461413185762974,-1.1461413185762974,-2.292282637152595
432,3,1809.5,1048.0,264,True,-1.3602372438129142,-1.3602372438129142,-2.7204744876258284
433,0,1450.6666666666665,908.0,261,True,-1.110795546183627,-1.110795546183627,-2.221591092367254
433,1,1857.5,1569.0,272,True,-1.5439402907148139,-1.5439402907148139,-3.0878805814296277
433,2,1643.3333333333335,981.0,262,True,-1.2440777189906822,-1.2440777189906822,-2.4881554379813644
433,3,1692.6666666666665,644.0,256,True,-1.1717425860370771,-1.1717425860370771,-2.3434851720741543
434,0,1830.3333333333335,1066.0,265,True,-1.3776742064679808,-1.3776742064679808,-2.7553484129359616
434,1,1542.6666666666665,1087.0,263,True,-1.2175822675515486,-1.2175822675515486,-2.4351645351030973
434,2,1985.3333333333335,1695.0,274,True,-1.6555883873106896,-1.6555883873106896,-3.311176774621379
434,3,1875.4999999999998,1077.0,264,True,-1.4070896336921315,-1.4070896336921315,-2.814179267384263
435,0,1943.0,984.0,263,True,-1.4182935639007732,-1.4182935639007732,-2.8365871278015464
435,1,1544.6666666666665,1339.0,268,True,-1.2941655245566777,-1.2941655245566777,-2.5883310491133553
435,2,1877.5,1150.0,266,True,-1.4300961172761297,-1.4300961172761297,-2.8601922345522595
435,3,2090.5,1479.0,271,True,-1.6517622250778103,-1.6517622250778103,-3.3035244501556207
436,0,1746.4999999999998,956.0,262,True,-1.2962633311803906,-1.2962633311803906,-2.592526662360781
436,1,1666.5,1368.0,267,True,-1.3733101835702697,-1.3733101835702697,-2.7466203671405394
436,2,1904.5,1217.0,266,True,-1.4657659563455183,-1.4657659563455183,-2.9315319126910366
436,3,1771.5,1365.0,268,True,-1.4331409937594666,-1.4331409937594666,-2.866281987518933
437,0,1725.5,1260.0,268,True,-1.375108303533452,-1.375108303533452,-2.750216607066904
437,1,2093.166666666667,1355.0,269,True,-1.6161899060731748,-1.6161899060731748,-3.2323798121463496
437,2,1753.4999999999998,990.0,262,True,-1.310488508010523,-1.310488508010523,-2.620977016021046
437,3,1742.4999999999998,1305.0,269,True,-1.3984095977747424,-1.3984095977747424,-2.7968191955494848
438,0,1936.5,993.0,263,True,-1.4172279696547565,-1.4172279696547565,-2.834455939309513
438,1,2123.5,960.0,262,True,-1.5155056902957789,-1.5155056902957789,-3.0310113805915577
438,2,2191.5,1007.0,263,True,-1.5689024266742884,-1.5689024266742884,-3.1378048533485767
438,3,1652.5,1273.0,267,True,-1.3367784171593295,-1.3367784171593295,-2.673556834318659
439,0,1783.5,1736.0,274,True,-1.5511260191784462,-1.5511260191784462,-3.1022520383568923
439,1,1930.5,1171.0,265,True,-1.4670352174959993,-1.4670352174959993,-2.9340704349919986
439,2,2100.5,1311.0,268,True,-1.6072615690678356,-1.6072615690678356,-3.214523138135671
439,3,2119.5,1283.0,268,True,-1.6098698557228153,-1.6098698557228153,-3.2197397114456305
440,0,2088.5,1312.0,268,True,-1.6006204526581345,-1.6006204526581345,-3.201240905316269
440,1,1639.4999999999998,732.0,258,True,-1.167332053570022,-1.167332053570022,-2.334664107140044
440,2,1951.5,1163.0,265,True,-1.4767864738169878,-1.4767864738169878,-2.9535729476339756
440,3,2107.5,1254.0,267,True,-1.5942493918123657,-1.5942493918123657,-3.1884987836247314
441,0,1752.5,1264.0,267,True,-1.391921512851269,-1.391921512851269,-2.783843025702538
441,1,2198.5,1281.0,267,True,-1.6549623835104073,-1.6549623835104073,-3.3099247670208145
441,2,2103.333333333333,1369.0,269,True,-1.626260353067644,-1.626260353067644,-3.252520706135288
441,3,1759.4999999999998,1032.0,263,True,-1.326529808508101,-1.326529808508101,-2.653059617016202
442,0,1978.5,800.0,259,True,-1.3837523320423175,-1.3837523320423175,-2.767504664084635
442,1,1833.5,742.0,258,True,-1.2825287552914013,-1.2825287552914013,-2.5650575105828026
442,2,1991.5,1337.0,268,True,-1.5520014492981935,-1.5520014492981935,-3.104002898596387
442,3,1832.5,1378.0,268,True,-1.4723125533078434,-1.4723125533078434,-2.9446251066156868
443,0,2017.5,914.0,261,True,-1.4404302435226044,-1.4404302435226044,-2.880860487045209
443,1,1588.4999999999998,838.0,260,True,-1.1695622624354962,-1.1695622624354962,-2.3391245248709924
443,2,2107.5,1166.0,264,True,-1.5679099724768377,-1.5679099724768377,-3.1358199449536754
443,3,1808.5,1705.0,274,True,-1.5563065850798796,-1.5563065850798796,-3.1126131701597592
444,0,1870.5,1527.0,270,True,-1.5388880012062482,-1.5388880012062482,-3.0777760024124965
444,1,1953.5,913.0,261,True,-1.403115315976262,-1.403115315976262,-2.806230631952524
444,2,1934.4999999999998,1034.0,263,True,-1.4283430065736022,-1.4283430065736022,-2.8566860131472045
444,3,2029.5,1184.0,265,True,-1.5281847990223993,-1.5281847990223993,-3.0563695980447987
445,0,2093.333333333333,1336.0,269,True,-1.6105993808226042,-1.6105993808226042,-3.2211987616452085
445,1,2041.5,876.0,260,True,-1.4429372593411098,-1.4429372593411098,-2.8858745186822197
445,2,1754.5,937.0,262,True,-1.2952033630919562,-1.2952033630919562,-2.5904067261839123
445,3,1782.5,823.0,259,True,-1.2772761745729184,-1.2772761745729184,-2.554552349145837
446,0,1877.5,940.0,262,True,-1.3672406847708918,-1.3672406847708918,-2.7344813695417836
446,1,2116.5,1275.0,266,True,-1.605740256057684,-1.605740256057684,-3.211480512115368
446,2,1682.5,1369.0,269,True,-1.3828633991443737,-1.3828633991443737,-2.7657267982887475
446,3,1948.5,1451.0,269,True,-1.5612531028259062,-1.5612531028259062,-3.1225062056518125
447,0,1794.5,1280.0,267,True,-1.42100199616071,-1.42100199616071,-2.84200399232142
447,1,1635.6666666666667,1290.0,267,True,-1.3321308359194908,-1.3321308359194908,-2.6642616718389815
447,2,1772.8333333333333,1054.0,263,True,-1.3408262500009374,-1.3408262500009374,-2.6816525000018747
447,3,2103.5,1296.0,268,True,-1.604507002315725,-1.604507002315725,-3.20901400463145
448,0,1903.5,964.0,262,True,-1.3894617567564531,-1.3894617567564531,-2.7789235135129062
448,1,1915.5,1063.0,263,True,-1.4260340315019817,-1.4260340315019817,-2.8520680630039634
448,2,1885.5,1274.0,267,True,-1.4718377056079293,-1.4718377056079293,-2.9436754112158585
448,3,1593.5,833.0,260,True,-1.170957549515813,-1.170957549515813,-2.341915099031626
449,0,1975.5,1185.0,267,True,-1.4972521846369888,-1.4972521846369888,-2.9945043692739777
449,1,1764.6666666666665,964.0,262,True,-1.3091648606700832,-1.3091648606700832,-2.6183297213401664
449,2,2000.5,1034.0,263,True,-1.4665153605354297,-1.4665153605354297,-2.9330307210708595
449,3,1641.6666666666665,957.0,262,True,-1.2359302926577143,-1.2359302926577143,-2.4718605853154285
450,0,2006.4999999999998,1073.0,263,True,-1.4816587262829322,-1.4816587262829322,-2.9633174525658643
450,1,2084.5,1324.0,266,True,-1.6018987156607472,-1.6018987156607472,-3.2037974313214943
450,2,1986.5,983.0,262,True,-1.4431533037922555,-1.4431533037922555,-2.886306607584511
450,3,1973.5,1243.0,266,True,-1.513455518472926,-1.513455518472926,-3.026911036945852
451,0,1986.1666666666667,1275.0,267,True,-1.5303594964663974,-1.5303594964663974,-3.0607189929327947
451,1,2021.3333333333335,1210.0,267,True,-1.5312435533611042,-1.5312435533611042,-3.0624871067222084
451,2,2055.333333333333,1031.0,263,True,-1.497331325920308,-1.497331325920308,-2.994662651840616
451,3,2057.5,990.0,263,True,-1.4863126838346985,-1.4863126838346985,-2.972625367669397
452,0,1704.5,1098.0,264,True,-1.3144740780415571,-1.3144740780415571,-2.6289481560831143
452,1,1999.5,908.0,261,True,-1.4282237320328655,-1.4282237320328655,-2.856447464065731
452,2,1808.5,1178.0,266,True,-1.3985693806500687,-1.3985693806500687,-2.7971387613001375
452,3,1634.5,1007.0,263,True,-1.2467508939964398,-1.2467508939964398,-2.4935017879928796
453,0,1983.5,1038.0,263,True,-1.457880333878695,-1.457880333878695,-2.91576066775739
453,1,1477.6666666666665,912.0,261,True,-1.127608755501444,-1.127608755501444,-2.255217511002888
453,2,1729.5,973.0,262,True,-1.2915193551073132,-1.2915193551073132,-2.5830387102146264
453,3,1990.5,1171.0,265,True,-1.5017373574612982,-1.5017373574612982,-3.0034747149225964
454,0,1723.5,1299.0,268,True,-1.3856247172855813,-1.3856247172855813,-2.7712494345711627
454,1,1541.1666666666665,2174.0,283,True,-1.542066405162862,-1.542066405162862,-3.084132810325724
454,2,1428.6666666666665,1273.0,266,True,-1.2073201561221225,-1.2073201561221225,-2.414640312244245
454,3,1469.6666666666665,1347.0,268,True,-1.253182342266921,-1.253182342266921,-2.506364684533842
455,0,1844.5,1112.0,264,True,-1.399636100127601,-1.399636100127601,-2.799272200255202
455,1,1660.5,1278.0,267,True,-1.3429019270714948,-1.3429019270714948,-2.6858038541429896
455,2,1931.5,1532.0,271,True,-1.5756650680877593,-1.5756650680877593,-3.1513301361755186
455,3,1969.5,1007.0,263,True,-1.4405045088026853,-1.4405045088026853,-2.8810090176053706
456,0,1708.5,834.0,260,True,-1.2377692960326587,-1.2377692960326587,-2.4755385920653175
456,1,1969.5,871.0,260,True,-1.3997981334659604,-1.3997981334659604,-2.7995962669319208
456,2,1577.6666666666665,1155.0,265,True,-1.2581783701996685,-1.2581783701996685,-2.516356740399337
456,3,1966.5,1323.0,268,True,-1.5333518621456368,-1.5333518621456368,-3.0667037242912736
457,0,1455.6666666666665,1177.0,265,True,-1.1942022071041123,-1.1942022071041123,-2.3884044142082246
457,1,2091.5,1341.0,268,True,-1.6110355955737887,-1.6110355955737887,-3.2220711911475775
457,2,1836.5,946.0,260,True,-1.3453234252947548,-1.3453234252947548,-2.6906468505895096
457,3,1997.1666666666667,1319.0,268,True,-1.5498912651278,-1.5498912651278,-3.0997825302556
458,0,1575.6666666666665,1634.0,273,True,-1.400391880629439,-1.400391880629439,-2.800783761258878
458,1,2089.333333333333,1107.0,264,True,-1.539743552235872,-1.539743552235872,-3.079487104471744
458,2,1453.6666666666665,1018.0,263,True,-1.1454549273513024,-1.1454549273513024,-2.2909098547026048
458,3,1863.5,807.0,259,True,-1.319335078192338,-1.319335078192338,-2.638670156384676
459,0,1628.1666666666667,1255.0,266,True,-1.3173171630062888,-1.3173171630062888,-2.6346343260125775
459,1,1982.5,1003.0,262,True,-1.4468260594617335,-1.4468260594617335,-2.893652118923467
459,2,1687.5,1405.0,268,True,-1.3965304611423803,-1.3965304611423803,-2.7930609222847607
459,3,1709.5,961.0,262,True,-1.276360236118582,-1.276360236118582,-2.552720472237164
460,0,1983.5,1568.0,270,True,-1.6165154730585822,-1.6165154730585822,-3.2330309461171645
460,1,2036.5,1137.0,264,True,-1.5181657376005109,-1.5181657376005109,-3.0363314752010218
460,2,1882.5,1743.0,274,True,-1.6104797312046957,-1.6104797312046957,-3.2209594624093913
460,3,1797.5,975.0,262,True,-1.3314470702347014,-1.3314470702347014,-2.662894140469403
461,0,1964.5,999.0,262,True,-1.4352181711387122,-1.4352181711387122,-2.8704363422774244
461,1,1683.5,1484.0,271,True,-1.4178626002299968,-1.4178626002299968,-2.8357252004599935
461,2,1855.5,1354.0,267,True,-1.4784315622939426,-1.4784315622939426,-2.956863124587885
461,3,1832.5,916.0,261,True,-1.33403060179632,-1.33403060179632,-2.66806120359264
462,0,1864.5,957.0,262,True,-1.3648101846955019,-1.3648101846955019,-2.7296203693910037
462,1,1721.5,1104.0,263,True,-1.326102220531875,-1.326102220531875,-2.65220444106375
462,2,1764.5,1100.0,264,True,-1.3497748411735713,-1.3497748411735713,-2.6995496823471425
462,3,1583.1666666666665,826.0,260,True,-1.162885888771615,-1.162885888771615,-2.32577177754323
463,0,1982.5,1205.0,265,True,-1.507286999300106,-1.507286999300106,-3.014573998600212
463,1,1756.5,991.0,263,True,-1.312522926592146,-1.312522926592146,-2.625045853184292
463,2,1580.6666666666665,1120.0,265,True,-1.2494375717803938,-1.2494375717803938,-2.4988751435607877
463,3,1898.5,1254.0,267,True,-1.473370270933245,-1.473370270933245,-2.94674054186649
464,0,2106.5,1209.0,266,True,-1.5802020015618208,-1.5802020015618208,-3.1604040031236416
464,1,1601.5,1151.0,265,True,-1.270765585019118,-1.270765585019118,-2.541531170038236
464,2,1818.5,1191.0,266,True,-1.4082441212279433,-1.4082441212279433,-2.8164882424558866
464,3,1900.5,944.0,262,True,-1.381740418091022,-1.381740418091022,-2.763480836182044
465,0,1589.6666666666665,821.0,259,True,-1.1651487293510638,-1.1651487293510638,-2.3302974587021277
465,1,1876.5,1532.0,271,True,-1.5438547731195698,-1.5438547731195698,-3.0877095462391395
465,2,1793.5,1335.0,268,True,-1.4368857642459938,-1.4368857642459938,-2.8737715284919876
465,3,2141.5,1087.0,264,True,-1.5639289033718689,-1.5639289033718689,-3.1278578067437377
466,0,2200.833333333333,1245.0,267,True,-1.6455366941748264,-1.6455366941748264,-3.291073388349653
466,1,2067.0,1144.0,265,True,-1.5379011731663788,-1.5379011731663788,-3.0758023463327575
466,2,1671.4999999999998,1214.0,266,True,-1.330108044730203,-1.330108044730203,-2.660216089460406
466,3,1365.6666666666665,1218.0,267,True,-1.1544207720738533,-1.1544207720738533,-2.3088415441477066
467,0,2135.5,1322.0,267,True,-1.630796911464534,-1.630796911464534,-3.261593822929068
467,1,1667.5,1155.0,265,True,-1.310135185314379,-1.310135185314379,-2.620270370628758
467,2,1839.5,867.0,261,True,-1.3234129172077151,-1.3234129172077151,-2.6468258344154303
467,3,1790.4999999999998,1016.0,263,True,-1.339670262156439,-1.339670262156439,-2.679340524312878
468,0,2060.5,1407.0,270,True,-1.6128607210933648,-1.6128607210933648,-3.2257214421867295
468,1,1844.5,1341.0,268,True,-1.4681784527166466,-1.4681784527166466,-2.936356905433293
468,2,1936.0,1335.0,268,True,-1.5193033466635764,-1.5193033466635764,-3.0386066933271527
468,3,1600.5,1296.0,268,True,-1.313587395606646,-1.313587395606646,-2.627174791213292
469,0,2172.5,1302.0,267,True,-1.6462103327759692,-1.6462103327759692,-3.2924206655519384
469,1,1863.5,1104.0,263,True,-1.408230618449746,-1.408230618449746,-2.816461236899492
469,2,1841.6666666666667,1003.0,262,True,-1.3653724253765216,-1.3653724253765216,-2.730744850753043
469,3,1838.5,1127.0,264,True,-1.400655559881446,-1.400655559881446,-2.801311119762892
470,0,1309.6666666666665,1244.0,266,True,-1.1298142092735586,-1.1298142092735586,-2.259628418547117
470,1,1642.5,1163.0,265,True,-1.2980704529957034,-1.2980704529957034,-2.596140905991407
470,2,1489.5,1757.0,275,True,-1.3873710765990106,-1.3873710765990106,-2.774742153198021
470,3,1515.6666666666665,1243.0,266,True,-1.2486589115710562,-1.2486589115710562,-2.4973178231421125
471,0,2092.5,1369.0,269,True,-1.619994688907242,-1.619994688907242,-3.239989377814484
471,1,1516.6666666666665,841.0,260,True,-1.1289140240604507,-1.1289140240604507,-2.2578280481209014
471,2,2113.833333333333,998.0,263,True,-1.5212886301356507,-1.5212886301356507,-3.0425772602713015
471,3,1718.5,1222.0,266,True,-1.3596858803698866,-1.3596858803698866,-2.719371760739773
472,0,1554.6666666666665,918.0,261,True,-1.1739390379570602,-1.1739390379570602,-2.3478780759141205
472,1,1823.5,1587.0,273,True,-1.5296633532349286,-1.5296633532349286,-3.0593267064698573
472,2,1791.5,1073.0,263,True,-1.357309391407282,-1.357309391407282,-2.714618782814564
472,3,1870.5,1036.0,262,True,-1.3919260137773346,-1.3919260137773346,-2.783852027554669
473,0,1972.6666666666667,1246.0,267,True,-1.5138714790568168,-1.5138714790568168,-3.0277429581136337
473,1,2056.333333333333,1365.0,268,True,-1.597879763761394,-1.597879763761394,-3.195759527522788
473,2,1659.5,1190.0,265,True,-1.3159841387365445,-1.3159841387365445,-2.631968277473089
473,3,2006.0,1342.0,267,True,-1.561884357706599,-1.561884357706599,-3.123768715413198
474,0,2164.5,945.0,262,True,-1.5347291455216918,-1.5347291455216918,-3.0694582910433836
474,1,2014.5,1080.0,264,True,-1.488380859361814,-1.488380859361814,-2.976761718723628
474,2,1792.5,1520.0,272,True,-1.4916800381678532,-1.4916800381678532,-2.9833600763357064
474,3,2067.1666666666665,1638.0,272,True,-1.685857490178604,-1.685857490178604,-3.371714980357208
475,0,1778.5,1541.0,269,True,-1.4898684154264736,-1.4898684154264736,-2.9797368308529473
475,1,2091.5,1100.0,264,True,-1.5389015039844447,-1.5389015039844447,-3.0778030079688894
475,2,1853.5,1486.0,270,True,-1.5167839532983918,-1.5167839532983918,-3.0335679065967835
475,3,1795.5,1408.0,270,True,-1.4598922478299914,-1.4598922478299914,-2.9197844956599828
476,0,1810.3333333333335,1376.0,267,True,-1.4588934173206136,-1.4588934173206136,-2.9177868346412272
476,1,2070.0,1683.0,274,True,-1.7009652235947552,-1.7009652235947552,-3.4019304471895104
476,2,1821.5,1098.0,264,True,-1.3821432509738876,-1.3821432509738876,-2.764286501947775
476,3,1870.5,1130.0,264,True,-1.4200613026130122,-1.4200613026130122,-2.8401226052260244
477,0,1789.5,1064.0,264,True,-1.3534588491582142,-1.3534588491582142,-2.7069176983164285
477,1,1692.5,1584.0,272,True,-1.45299907956062,-1.45299907956062,-2.90599815912124
477,2,2094.833333333333,1259.0,267,True,-1.5884199424031493,-1.5884199424031493,-3.1768398848062986
477,3,1968.5,1106.0,265,True,-1.4695579865557333,-1.4695579865557333,-2.9391159731114667
478,0,1816.5,1383.0,268,True,-1.4645552072338888,-1.4645552072338888,-2.9291104144677775
478,1,2113.5,1234.0,267,True,-1.5917333741417294,-1.5917333741417294,-3.183466748283459
478,2,1877.5,1153.0,264,True,-1.4309940520262043,-1.4309940520262043,-2.8619881040524087
478,3,1726.5,1012.0,263,True,-1.3014573998600207,-1.3014573998600207,-2.6029147997200415
479,0,2135.5,1105.0,264,True,-1.5658462978757883,-1.5658462978757883,-3.1316925957515767
479,1,2165.833333333333,1346.0,268,True,-1.6555242491142543,-1.6555242491142543,-3.3110484982285087
479,2,1745.5,1913.0,278,True,-1.5821261474548385,-1.5821261474548385,-3.164252294909677
479,3,1482.6666666666665,1105.0,264,True,-1.1882677360866993,-1.1882677360866993,-2.3765354721733987
480,0,2103.333333333333,1319.0,267,True,-1.61129477389973,-1.61129477389973,-3.22258954779946
480,1,1672.5,1107.0,263,True,-1.2986600743102896,-1.2986600743102896,-2.5973201486205792
480,2,2139.333333333333,1310.0,267,True,-1.6294222536286844,-1.6294222536286844,-3.258844507257369
480,3,2123.5,1577.0,273,True,-1.700180937227835,-1.700180937227835,-3.40036187445567
481,0,1974.5,1916.0,277,True,-1.7154705830724672,-1.7154705830724672,-3.4309411661449345
481,1,1886.5,1211.0,265,True,-1.4535594448557796,-1.4535594448557796,-2.907118889711559
481,2,1638.5,954.0,260,True,-1.2332008560761374,-1.2332008560761374,-2.4664017121522748
481,3,1497.1666666666665,796.0,259,True,-1.1041668073206057,-1.1041668073206057,-2.2083336146412114
482,0,2142.333333333333,1047.0,263,True,-1.5524384142037218,-1.5524384142037218,-3.1048768284074435
482,1,1750.5,1080.0,264,True,-1.3356914435145029,-1.3356914435145029,-2.6713828870290057
482,2,2009.5,1344.0,268,True,-1.5645072723712907,-1.5645072723712907,-3.1290145447425814
482,3,1959.3333333333335,1041.0,263,True,-1.4448010178094142,-1.4448010178094142,-2.8896020356188283
483,0,2184.5,1210.0,266,True,-1.6256140951000662,-1.6256140951000662,-3.2512281902001323
483,1,2023.5,1630.0,272,True,-1.65820755120366,-1.65820755120366,-3.31641510240732
483,2,2096.5,1466.0,270,True,-1.6513413884906814,-1.6513413884906814,-3.3026827769813627
483,3,1694.5,1668.0,274,True,-1.4792979905615589,-1.4792979905615589,-2.9585959811231177
484,0,2141.333333333333,1530.0,270,True,-1.696427539966348,-1.696427539966348,-3.392855079932696
484,1,1993.5,1382.0,268,True,-1.566627208548158,-1.566627208548158,-3.133254417096316
484,2,1800.5,1130.0,263,True,-1.3795754726534983,-1.3795754726534983,-2.7591509453069967
484,3,2091.333333333333,1123.0,265,True,-1.5456892755684484,-1.5456892755684484,-3.0913785511368967
485,0,1947.5,1021.0,263,True,-1.431970752982426,-1.431970752982426,-2.863941505964852
485,1,2115.1666666666665,1122.0,265,True,-1.5591744251379718,-1.5591744251379718,-3.1183488502759436
485,2,1818.1666666666665,1374.0,267,True,-1.4628253513160336,-1.4628253513160336,-2.9256507026320673
485,3,2200.5,1202.0,266,True,-1.6324735064239462,-1.6324735064239462,-3.2649470128478923
486,0,1750.5,1615.0,273,True,-1.4958231406111815,-1.4958231406111815,-2.991646281222363
486,1,1801.5,1319.0,267,True,-1.436723730907634,-1.436723730907634,-2.873447461815268
486,2,2029.6666666666667,1037.0,263,True,-1.4842823911019698,-1.4842823911019698,-2.9685647822039396
486,3,2068.5,1062.0,263,True,-1.5142251768301327,-1.5142251768301327,-3.0284503536602654
487,0,1858.5,1912.0,276,True,-1.6471825328061251,-1.6471825328061251,-3.2943650656122503
487,1,2102.833333333333,1542.0,270,True,-1.6777520724889148,-1.6777520724889148,-3.3555041449778296
487,2,2044.1666666666667,1223.0,266,True,-1.548340696098222,-1.548340696098222,-3.096681392196444
487,3,2092.5,1223.0,266,True,-1.5762951977369342,-1.5762951977369342,-3.1525903954738683
488,0,2099.5,1286.0,266,True,-1.5992004104844568,-1.5992004104844568,-3.1984008209689136
488,1,1979.5,1580.0,271,True,-1.6177937360611947,-1.6177937360611947,-3.2355874721223894
488,2,1917.5,1198.0,265,True,-1.4675978332541924,-1.4675978332541924,-2.9351956665083847
488,3,1951.5,1101.0,264,True,-1.4582291556487745,-1.4582291556487745,-2.916458311297549
489,0,2087.5,1267.0,266,True,-1.5865730624075907,-1.5865730624075907,-3.1731461248151813
489,1,2251.833333333333,1236.0,266,True,-1.672339708895105,-1.672339708895105,-3.34467941779021
489,2,2096.5,1126.0,263,True,-1.5495754501488679,-1.5495754501488679,-3.0991509002977358
489,3,2028.3333333333333,1199.0,266,True,-1.5319997089401143,-1.5319997089401143,-3.0639994178802286
490,0,2150.5,1895.0,277,True,-1.8109779837201503,-1.8109779837201503,-3.6219559674403006
490,1,2149.0,1203.0,266,True,-1.6029868145370905,-1.6029868145370905,-3.205973629074181
490,2,2290.333333333333,1373.0,268,True,-1.7356126022929226,-1.7356126022929226,-3.471225204585845
490,3,1868.5,1536.0,271,True,-1.540425067457629,-1.540425067457629,-3.080850134915258
491,0,2032.5,1373.0,268,True,-1.586489795275378,-1.586489795275378,-3.172979590550756
491,1,2208.333333333333,1231.0,267,True,-1.6456840995034727,-1.6456840995034727,-3.2913681990069454
491,2,1969.5,1546.0,271,True,-1.6018334522327966,-1.6018334522327966,-3.203666904465593
491,3,2017.5,1158.0,265,True,-1.5134622698620244,-1.5134622698620244,-3.0269245397240487
492,0,2119.5,1322.0,268,True,-1.6215430074737878,-1.6215430074737878,-3.2430860149475755
492,1,1692.5,1169.0,265,True,-1.3287847724669357,-1.3287847724669357,-2.6575695449338714
492,2,2110.333333333333,1372.0,268,True,-1.6312068708136698,-1.6312068708136698,-3.2624137416273395
492,3,2121.5,911.0,261,True,-1.4996826847123796,-1.4996826847123796,-2.9993653694247593
493,0,2109.333333333333,1476.0,270,True,-1.6617569064835092,-1.6617569064835092,-3.3235138129670183
493,1,1872.5,1588.0,273,True,-1.5583027457899463,-1.5583027457899463,-3.1166054915798926
493,2,2029.5,1272.0,267,True,-1.554524218357927,-1.554524218357927,-3.109048436715854
493,3,1886.0,1649.0,273,True,-1.5843687338669938,-1.5843687338669938,-3.1687374677339877
494,0,1893.5,1711.0,274,True,-1.607263819530869,-1.607263819530869,-3.214527639061738
494,1,2078.5,1352.0,266,True,-1.606809225998249,-1.606809225998249,-3.213618451996498
494,2,1824.5,1277.0,267,True,-1.437455131393284,-1.437455131393284,-2.874910262786568
494,3,1868.5,1550.0,271,True,-1.5446154296246464,-1.5446154296246464,-3.0892308592492927
495,0,2096.5,1319.0,268,True,-1.6073425857370154,-1.6073425857370154,-3.2146851714740308
495,1,2059.5,1146.0,265,True,-1.5341620288374331,-1.5341620288374331,-3.0683240576748663
495,2,1883.8333333333335,1577.0,272,True,-1.5615651670331172,-1.5615651670331172,-3.1231303340662344
495,3,1796.0,1545.0,270,True,-1.501187119249786,-1.501187119249786,-3.002374238499572
496,0,2073.5,1455.0,269,True,-1.6347464740870428,-1.6347464740870428,-3.2694929481740855
496,1,1944.8333333333333,1096.0,264,True,-1.452876804402506,-1.452876804402506,-2.905753608805012
496,2,2028.5,1128.0,264,True,-1.510844981354913,-1.510844981354913,-3.021689962709826
496,3,2082.5,1368.0,268,True,-1.6139116873296682,-1.6139116873296682,-3.2278233746593363
497,0,2163.833333333333,1561.0,271,True,-1.7187195015374415,-1.7187195015374415,-3.437439003074883
497,1,2155.333333333333,1161.0,265,True,-1.594078731699047,-1.594078731699047,-3.188157463398094
497,2,2172.5,1226.0,266,True,-1.6234626524407394,-1.6234626524407394,-3.246925304881479
497,3,2183.333333333333,1159.0,265,True,-1.6096744405161365,-1.6096744405161365,-3.219348881032273
498,0,2048.333333333333,974.0,262,True,-1.4762219826729355,-1.4762219826729355,-2.952443965345871
498,1,2025.1666666666667,1572.0,270,True,-1.6418114277012485,-1.6418114277012485,-3.283622855402497
498,2,1739.5,988.0,262,True,-1.3017927188519036,-1.3017927188519036,-2.6035854377038072
498,3,2315.6666666666665,1364.0,268,True,-1.7475708126947125,-1.7475708126947125,-3.495141625389425
499,0,2167.666666666667,1845.0,273,True,-1.8059410723756415,-1.8059410723756415,-3.611882144751283
499,1,1397.1666666666665,1463.0,268,True,-1.2459707334784134,-1.2459707334784134,-2.4919414669568267
499,2,2055.333333333333,1499.0,270,True,-1.6374091469319816,-1.6374091469319816,-3.274818293863963
499,3,2029.1666666666667,1116.0,264,True,-1.5076388216875625,-1.5076388216875625,-3.015277643375125
500,0,2121.5,962.0,262,True,-1.5149475754636519,-1.5149475754636519,-3.0298951509273038
500,1,1678.5,1254.0,266,True,-1.3461290910604853,-1.3461290910604853,-2.6922581821209706
500,2,2051.333333333333,1090.0,264,True,-1.51267723334076,-1.51267723334076,-3.02535446668152
500,3,1629.6666666666667,1247.0,266,True,-1.3157902238385548,-1.3157902238385548,-2.6315804476771096
