global_episode,worker_id,makespan,cost,steps,done,upper_reward_sum,lower_reward_sum,total_reward_sum
1,0,3605.666666666667,2332.0,186,True,-11.513398280479741,-11.513398280479741,-23.026796560959482
1,1,4086.5,2798.0,191,True,-13.728662736066623,-13.728662736066623,-27.457325472133245
1,2,3687.666666666666,2296.0,181,True,-11.384734449973966,-11.384734449973966,-22.76946889994793
1,3,4811.5,3906.0,219,True,-18.846755847822923,-18.846755847822923,-37.693511695645846
2,0,4572.999999999999,3504.0,211,True,-16.99857879258346,-16.99857879258346,-33.99715758516692
2,1,4059.499999999999,2720.0,190,True,-13.376932662285787,-13.376932662285787,-26.753865324571574
2,2,5111.333333333334,4085.0,222,True,-19.738726494964798,-19.738726494964798,-39.477452989929596
2,3,4682.666666666667,3565.0,213,True,-17.305216018836877,-17.305216018836877,-34.61043203767375
3,0,4308.666666666667,3311.0,204,True,-16.057859480266483,-16.057859480266483,-32.115718960532966
3,1,3490.333333333333,2141.0,182,True,-10.634565593647263,-10.634565593647263,-21.269131187294526
3,2,3130.833333333333,1758.0,173,True,-8.826588461171642,-8.826588461171642,-17.653176922343285
3,3,3460.6666666666665,1995.0,177,True,-9.98363930725129,-9.98363930725129,-19.96727861450258
4,0,3597.0,2147.0,181,True,-10.69890532632267,-10.69890532632267,-21.39781065264534
4,1,3240.166666666666,1916.0,174,True,-9.558545459093777,-9.558545459093777,-19.117090918187554
4,2,3090.8333333333326,1822.0,167,True,-9.093031236856966,-9.093031236856966,-18.186062473713932
4,3,3286.666666666667,1965.0,177,True,-9.790033802535037,-9.790033802535037,-19.580067605070074
5,0,2765.333333333333,1175.0,158,True,-6.1392794994347994,-6.1392794994347994,-12.278558998869599
5,1,3085.4999999999995,1531.0,166,True,-7.814814250223184,-7.814814250223184,-15.629628500446367
5,2,3309.833333333333,1864.0,176,True,-9.355309671558809,-9.355309671558809,-18.710619343117617
5,3,2646.0,1217.0,159,True,-6.280950739293648,-6.280950739293648,-12.561901478587297
6,0,2834.833333333333,1297.0,162,True,-6.699142194225425,-6.699142194225425,-13.39828438845085
6,1,2450.166666666667,1047.0,155,True,-5.465527120983991,-5.465527120983991,-10.931054241967981
6,2,2406.5,983.0,154,True,-5.169259314849817,-5.169259314849817,-10.338518629699633
6,3,2196.166666666667,706.0,149,True,-3.879368571147147,-3.879368571147147,-7.758737142294294
7,0,2117.833333333333,406.0,141,True,-2.535655264174159,-2.535655264174159,-5.071310528348318
7,1,2547.333333333333,957.0,153,True,-5.1054277146390605,-5.1054277146390605,-10.210855429278121
7,2,2371.9999999999995,1099.0,155,True,-5.665732875545069,-5.665732875545069,-11.331465751090137
7,3,2238.8333333333335,640.0,148,True,-3.605104464217314,-3.605104464217314,-7.210208928434628
8,0,2499.6666666666665,974.0,154,True,-5.162997168529556,-5.162997168529556,-10.325994337059113
8,1,2309.5000000000005,824.0,150,True,-4.4373128704481095,-4.4373128704481095,-8.874625740896219
8,2,2285.333333333333,604.0,144,True,-3.4637857901147138,-3.4637857901147138,-6.9275715802294275
8,3,2181.5,604.0,146,True,-3.4267718579042743,-3.4267718579042743,-6.853543715808549
9,0,2272.8333333333335,768.0,148,True,-4.178628104884793,-4.178628104884793,-8.357256209769586
9,1,2048.6666666666665,430.0,141,True,-2.6162622713990213,-2.6162622713990213,-5.232524542798043
9,2,2256.3333333333335,808.0,151,True,-4.348184872662003,-4.348184872662003,-8.696369745324006
9,3,2169.0,770.0,150,True,-4.150386102498918,-4.150386102498918,-8.300772204997836
10,0,1852.6666666666665,260.0,138,True,-1.8007792406781127,-1.8007792406781127,-3.6015584813562254
10,1,2239.3333333333335,738.0,148,True,-4.035107262854579,-4.035107262854579,-8.070214525709158
10,2,1907.1666666666665,301.0,137,True,-2.0000316605612594,-2.0000316605612594,-4.000063321122519
10,3,1977.5000000000002,444.0,142,True,-2.6522966805660433,-2.6522966805660433,-5.304593361132087
11,0,2147.5,661.0,147,True,-3.664651726008721,-3.664651726008721,-7.329303452017442
11,1,2244.333333333333,729.0,147,True,-3.997415950981633,-3.997415950981633,-7.994831901963266
11,2,2158.3333333333335,632.0,143,True,-3.541320550284009,-3.541320550284009,-7.082641100568018
11,3,1804.6666666666665,226.0,136,True,-1.6345456592197893,-1.6345456592197893,-3.2690913184395787
12,0,1884.0000000000002,226.0,136,True,-1.6628259669760797,-1.6628259669760797,-3.3256519339521593
12,1,2129.333333333333,801.0,149,True,-4.272210860901474,-4.272210860901474,-8.544421721802948
12,2,1811.5,349.0,139,True,-2.1764552522916767,-2.1764552522916767,-4.352910504583353
12,3,1942.0000000000002,301.0,138,True,-2.012448854513076,-2.012448854513076,-4.024897709026152
13,0,1922.6666666666665,338.0,138,True,-2.167837716562148,-2.167837716562148,-4.335675433124296
13,1,1782.8333333333335,177.0,135,True,-1.4118503526439294,-1.4118503526439294,-2.823700705287859
13,2,1786.6666666666665,185.0,136,True,-1.4483045574009874,-1.4483045574009874,-2.896609114801975
13,3,1768.0000000000002,226.0,136,True,-1.6214749287441932,-1.6214749287441932,-3.2429498574883864
14,0,1967.4999999999998,311.0,138,True,-2.065398602557547,-2.065398602557547,-4.130797205115094
14,1,1964.0000000000002,323.0,138,True,-2.1167825208686093,-2.1167825208686093,-4.233565041737219
14,2,1895.0000000000002,386.0,140,True,-2.368501572083671,-2.368501572083671,-4.737003144167342
14,3,1860.5000000000002,301.0,137,True,-1.9833961854105004,-1.9833961854105004,-3.966792370821001
15,0,1725.6666666666665,226.0,136,True,-1.606384176286005,-1.606384176286005,-3.21276835257201
15,1,1895.6666666666665,226.0,136,True,-1.6669848357637698,-1.6669848357637698,-3.3339696715275395
15,2,1855.0000000000002,301.0,137,True,-1.9814355758391613,-1.9814355758391613,-3.9628711516783226
15,3,1809.5000000000002,345.0,139,True,-2.158198443707522,-2.158198443707522,-4.316396887415044
16,0,1828.8333333333335,276.0,137,True,-1.862458704465467,-1.862458704465467,-3.724917408930934
16,1,1751.8333333333333,247.0,137,True,-1.7078171880105741,-1.7078171880105741,-3.4156343760211483
16,2,1859.3333333333333,469.0,143,True,-2.719822403794889,-2.719822403794889,-5.439644807589778
16,3,1793.1666666666665,260.0,137,True,-1.7795690098608954,-1.7795690098608954,-3.559138019721791
17,0,1848.5,189.0,136,True,-1.4878904216248663,-1.4878904216248663,-2.9757808432497326
17,1,1877.166666666667,416.0,141,True,-2.4937233914480528,-2.4937233914480528,-4.9874467828961055
17,2,1661.6666666666665,229.0,136,True,-1.5967277051018054,-1.5967277051018054,-3.193455410203611
17,3,1952.1666666666667,457.0,141,True,-2.7002835379152805,-2.7002835379152805,-5.400567075830561
18,0,1687.6666666666665,185.0,136,True,-1.4130135851168777,-1.4130135851168777,-2.8260271702337554
18,1,1876.6666666666665,297.0,138,True,-1.9716153296528895,-1.9716153296528895,-3.943230659305779
18,2,2132.5,546.0,144,True,-3.1549186440836965,-3.1549186440836965,-6.309837288167393
18,3,2030.5,420.0,141,True,-2.5659266694496696,-2.5659266694496696,-5.131853338899339
19,0,1828.1666666666665,235.0,137,True,-1.6823964934169482,-1.6823964934169482,-3.3647929868338964
19,1,2000.666666666667,457.0,142,True,-2.717572549589819,-2.717572549589819,-5.435145099179638
19,2,1879.3333333333333,335.0,139,True,-2.1392325948996005,-2.1392325948996005,-4.278465189799201
19,3,1843.5,323.0,139,True,-2.0738273475328994,-2.0738273475328994,-4.147654695065799
20,0,2017.8333333333333,296.0,138,True,-2.0175516770716553,-2.0175516770716553,-4.035103354143311
20,1,1699.5,260.0,138,True,-1.7461792347368725,-1.7461792347368725,-3.492358469473745
20,2,1835.5000000000002,444.0,142,True,-2.6016773061787335,-2.6016773061787335,-5.203354612357467
20,3,2118.5,576.0,145,True,-3.2815069489068893,-3.2815069489068893,-6.563013897813779
21,0,1931.6666666666667,359.0,139,True,-2.263151249927689,-2.263151249927689,-4.526302499855378
21,1,1988.6666666666665,344.0,140,True,-2.2176808208919048,-2.2176808208919048,-4.4353616417838095
21,2,1823.5,260.0,138,True,-1.790382068708889,-1.790382068708889,-3.580764137417778
21,3,1882.1666666666665,306.0,139,True,-2.0130496234347555,-2.0130496234347555,-4.026099246869511
22,0,1820.8333333333333,269.0,138,True,-1.8289051543393713,-1.8289051543393713,-3.6578103086787426
22,1,2017.8333333333333,381.0,140,True,-2.390358694615515,-2.390358694615515,-4.78071738923103
22,2,1972.6666666666667,551.0,145,True,-3.119871966253751,-3.119871966253751,-6.239743932507502
22,3,2080.6666666666665,415.0,141,True,-2.5618799806753314,-2.5618799806753314,-5.123759961350663
23,0,1879.0,381.0,141,True,-2.340868156042007,-2.340868156042007,-4.681736312084014
23,1,2376.333333333333,764.0,149,True,-4.197979352623607,-4.197979352623607,-8.395958705247214
23,2,1971.0,395.0,141,True,-2.4350673158254326,-2.4350673158254326,-4.870134631650865
23,3,2084.1666666666665,539.0,144,True,-3.1069872904344455,-3.1069872904344455,-6.213974580868891
24,0,1917.0,458.0,142,True,-2.6921334840532385,-2.6921334840532385,-5.384266968106477
24,1,1945.3333333333333,468.0,142,True,-2.746093243089008,-2.746093243089008,-5.492186486178016
24,2,1832.8333333333333,458.0,141,True,-2.662130216370621,-2.662130216370621,-5.324260432741242
24,3,1874.8333333333333,439.0,142,True,-2.59376881067297,-2.59376881067297,-5.18753762134594
25,0,1760.5000000000002,396.0,141,True,-2.3644154053255395,-2.3644154053255395,-4.728830810651079
25,1,1814.5000000000002,185.0,136,True,-1.4582264300801895,-1.4582264300801895,-2.916452860160379
25,2,1949.0,342.0,139,True,-2.1947687371891984,-2.1947687371891984,-4.389537474378397
25,3,1705.0,243.0,138,True,-1.673578440799439,-1.673578440799439,-3.347156881598878
26,0,1734.5,259.0,138,True,-1.754269876187661,-1.754269876187661,-3.508539752375322
26,1,1775.1666666666665,342.0,139,True,-2.13280159225262,-2.13280159225262,-4.26560318450524
26,2,2004.8333333333333,243.0,138,True,-1.7804613686430657,-1.7804613686430657,-3.5609227372861314
26,3,1813.8333333333333,291.0,139,True,-1.9229010611369337,-1.9229010611369337,-3.8458021222738674
27,0,1816.0,342.0,139,True,-2.147357633009534,-2.147357633009534,-4.294715266019068
27,1,1912.0,342.0,140,True,-2.1815791818910952,-2.1815791818910952,-4.3631583637821905
27,2,1990.9999999999998,454.0,142,True,-2.7009687350003193,-2.7009687350003193,-5.401937470000639
27,3,1879.8333333333333,292.0,138,True,-1.9508143409052876,-1.9508143409052876,-3.901628681810575
28,0,2104.0,624.0,145,True,-3.486864384917377,-3.486864384917377,-6.973728769834754
28,1,2146.333333333333,594.0,144,True,-3.3703761900071445,-3.3703761900071445,-6.740752380014289
28,2,2126.333333333333,742.0,147,True,-4.012369507674365,-4.012369507674365,-8.02473901534873
28,3,2031.1666666666667,515.0,144,True,-2.9828309857613453,-2.9828309857613453,-5.965661971522691
29,0,2072.6666666666665,281.0,139,True,-1.9713088866895856,-1.9713088866895856,-3.942617773379171
29,1,1750.5,259.0,138,True,-1.7599734676679206,-1.7599734676679206,-3.5199469353358412
29,2,1913.8333333333333,243.0,138,True,-1.748022192099086,-1.748022192099086,-3.496044384198172
29,3,1813.8333333333333,206.0,137,True,-1.5500940435930735,-1.5500940435930735,-3.100188087186147
30,0,2109.6666666666665,403.0,141,True,-2.519586161285934,-2.519586161285934,-5.039172322571868
30,1,1858.0,347.0,140,True,-2.184259385206621,-2.184259385206621,-4.368518770413242
30,2,1761.8333333333333,206.0,137,True,-1.5315573712822281,-1.5315573712822281,-3.0631147425644563
30,3,1729.9999999999998,405.0,141,True,-2.3930166182768198,-2.3930166182768198,-4.7860332365536395
31,0,1988.3333333333333,515.0,144,True,-2.9675619960694006,-2.9675619960694006,-5.935123992138801
31,1,1891.0,291.0,139,True,-1.950409007546939,-1.950409007546939,-3.900818015093878
31,2,1978.6666666666665,373.0,140,True,-2.341309058672883,-2.341309058672883,-4.682618117345766
31,3,2034.8333333333333,403.0,140,True,-2.492909988633468,-2.492909988633468,-4.985819977266936
32,0,2081.833333333333,444.0,140,True,-2.6894888500102403,-2.6894888500102403,-5.378977700020481
32,1,1858.0,342.0,140,True,-2.162329560645217,-2.162329560645217,-4.324659121290434
32,2,1922.0,342.0,140,True,-2.185143926566258,-2.185143926566258,-4.370287853132516
32,3,1858.0000000000002,485.0,142,True,-2.7895225431013584,-2.7895225431013584,-5.579045086202717
33,0,1740.8333333333333,206.0,137,True,-1.5240714074643873,-1.5240714074643873,-3.0481428149287746
33,1,1943.0,211.0,137,True,-1.618068486875328,-1.618068486875328,-3.236136973750656
33,2,1852.8333333333333,206.0,137,True,-1.563996547826208,-1.563996547826208,-3.127993095652416
33,3,1970.4999999999998,371.0,141,True,-2.3296259206969383,-2.3296259206969383,-4.659251841393877
34,0,1712.6666666666667,247.0,137,True,-1.6938552713661883,-1.6938552713661883,-3.3877105427323766
34,1,1895.8333333333333,332.0,139,True,-2.1319565288767777,-2.1319565288767777,-4.263913057753555
34,2,1749.5,237.0,137,True,-1.6631257651302296,-1.6631257651302296,-3.326251530260459
34,3,1723.8333333333333,269.0,138,True,-1.7943271309902946,-1.7943271309902946,-3.5886542619805892
35,0,1675.6666666666667,225.0,136,True,-1.58417448799791,-1.58417448799791,-3.16834897599582
35,1,1633.8333333333335,140.0,134,True,-1.1964549552296204,-1.1964549552296204,-2.392909910459241
35,2,1695.6666666666667,310.0,138,True,-1.9641109948920952,-1.9641109948920952,-3.9282219897841903
35,3,1800.6666666666667,381.0,140,True,-2.3129443227532347,-2.3129443227532347,-4.625888645506469
36,0,1853.6666666666667,383.0,139,True,-2.340609399356157,-2.340609399356157,-4.681218798712314
36,1,1754.8333333333335,177.0,135,True,-1.4018690675534748,-1.4018690675534748,-2.8037381351069497
36,2,1686.3333333333333,299.0,138,True,-1.912538285826856,-1.912538285826856,-3.825076571653712
36,3,1673.6666666666667,225.0,135,True,-1.5834615390628777,-1.5834615390628777,-3.1669230781257554
37,0,1875.0000000000002,301.0,138,True,-1.9885650651894864,-1.9885650651894864,-3.977130130378973
37,1,1906.8333333333333,248.0,137,True,-1.7674566953878763,-1.7674566953878763,-3.5349133907757526
37,2,1806.0,257.0,138,True,-1.7709858707905117,-1.7709858707905117,-3.5419717415810235
37,3,1808.8333333333333,158.0,136,True,-1.3377853554660193,-1.3377853554660193,-2.6755707109320386
38,0,1874.6666666666665,338.0,137,True,-2.1507269421213673,-2.1507269421213673,-4.301453884242735
38,1,1776.0000000000002,301.0,138,True,-1.9532740929053767,-1.9532740929053767,-3.9065481858107534
38,2,1770.1666666666665,211.0,137,True,-1.556457816406267,-1.556457816406267,-3.112915632812534
38,3,1928.8333333333333,136.0,135,True,-1.2840710634977954,-1.2840710634977954,-2.568142126995591
39,0,1916.1666666666665,211.0,136,True,-1.6085030886636413,-1.6085030886636413,-3.2170061773272827
39,1,1800.8333333333333,206.0,137,True,-1.545459875515362,-1.545459875515362,-3.090919751030724
39,2,1958.1666666666667,369.0,140,True,-2.3164574724396756,-2.3164574724396756,-4.632914944879351
39,3,1729.8333333333333,206.0,136,True,-1.5201501883217077,-1.5201501883217077,-3.0403003766434153
40,0,1958.8333333333335,394.0,141,True,-2.426344244891706,-2.426344244891706,-4.852688489783412
40,1,1900.5000000000002,301.0,138,True,-1.9976551641111508,-1.9976551641111508,-3.9953103282223017
40,2,1917.1666666666665,260.0,137,True,-1.8237718438329131,-1.8237718438329131,-3.6475436876658263
40,3,1943.166666666667,435.0,141,True,-2.6005840396374595,-2.6005840396374595,-5.201168079274919
41,0,1924.4999999999998,516.0,143,True,-2.949193007471893,-2.949193007471893,-5.898386014943786
41,1,1973.0,206.0,136,True,-1.6068328963394123,-1.6068328963394123,-3.2136657926788246
41,2,1826.8333333333333,247.0,137,True,-1.734552773074294,-1.734552773074294,-3.469105546148588
41,3,1813.8333333333333,332.0,138,True,-2.102725622540443,-2.102725622540443,-4.205451245080886
42,0,1840.1666666666665,323.0,139,True,-2.0726390993078447,-2.0726390993078447,-4.1452781986156895
42,1,1832.5000000000002,301.0,138,True,-1.9734149003200447,-1.9734149003200447,-3.9468298006400895
42,2,2065.166666666667,592.0,145,True,-3.3326704159025153,-3.3326704159025153,-6.665340831805031
42,3,2093.6666666666665,568.0,141,True,-3.2375667803319894,-3.2375667803319894,-6.475133560663979
43,0,1723.0,211.0,137,True,-1.5396441040217494,-1.5396441040217494,-3.079288208043499
43,1,1723.0000000000002,301.0,138,True,-1.9343809461270138,-1.9343809461270138,-3.8687618922540277
43,2,1914.3333333333333,442.0,141,True,-2.6210074468767046,-2.6210074468767046,-5.242014893753409
43,3,1912.0,211.0,137,True,-1.6070177783823243,-1.6070177783823243,-3.2140355567646486
44,0,1753.8333333333333,255.0,137,True,-1.7436178562438518,-1.7436178562438518,-3.4872357124877036
44,1,1748.5,259.0,137,True,-1.7592605187328882,-1.7592605187328882,-3.5185210374657765
44,2,1758.1666666666667,323.0,139,True,-2.043408192971511,-2.043408192971511,-4.086816385943022
44,3,2100.6666666666665,359.0,140,True,-2.3233954349379387,-2.3233954349379387,-4.646790869875877
45,0,1608.1666666666665,264.0,137,True,-1.7311650930195095,-1.7311650930195095,-3.462330186039019
45,1,1852.6666666666667,454.0,142,True,-2.6516564336605715,-2.6516564336605715,-5.303312867321143
45,2,1739.0,357.0,140,True,-2.185698572694995,-2.185698572694995,-4.37139714538999
45,3,1925.6666666666665,507.0,142,True,-2.9101352101401354,-2.9101352101401354,-5.820270420280271
46,0,1854.6666666666665,383.0,140,True,-2.3409658738236727,-2.3409658738236727,-4.681931747647345
46,1,1823.6666666666667,354.0,140,True,-2.2027221828745276,-2.2027221828745276,-4.405444365749055
46,2,1706.0,342.0,139,True,-2.108145441582747,-2.108145441582747,-4.216290883165494
46,3,1558.1666666666665,184.0,136,True,-1.3624641766612406,-1.3624641766612406,-2.7249283533224813
47,0,1676.0,235.0,137,True,-1.6281529619432233,-1.6281529619432233,-3.2563059238864467
47,1,1553.1666666666665,162.0,135,True,-1.2641905762534842,-1.2641905762534842,-2.5283811525069684
47,2,1735.0000000000002,384.0,140,True,-2.302693727456508,-2.302693727456508,-4.605387454913016
47,3,1812.8333333333333,291.0,139,True,-1.922544586669418,-1.922544586669418,-3.845089173338836
48,0,1715.1666666666667,323.0,139,True,-2.0280797908683126,-2.0280797908683126,-4.056159581736625
48,1,1884.1666666666665,211.0,137,True,-1.5970959057031213,-1.5970959057031213,-3.1941918114062426
48,2,1741.0,211.0,137,True,-1.546060644437044,-1.546060644437044,-3.092121288874088
48,3,1753.8333333333333,269.0,137,True,-1.8050213650157831,-1.8050213650157831,-3.6100427300315663
49,0,1777.0000000000002,301.0,138,True,-1.9536305673728918,-1.9536305673728918,-3.9072611347457835
49,1,1704.0000000000002,226.0,136,True,-1.5986605628231534,-1.5986605628231534,-3.1973211256463068
49,2,1822.0000000000002,386.0,140,True,-2.3424789359549845,-2.3424789359549845,-4.684957871909969
49,3,1884.5,372.0,140,True,-2.3033550814028207,-2.3033550814028207,-4.6067101628056415
50,0,1924.5,215.0,136,True,-1.6290175688754007,-1.6290175688754007,-3.2580351377508014
50,1,1701.3333333333333,228.0,136,True,-1.6064818940676702,-1.6064818940676702,-3.2129637881353403
50,2,1617.0,136.0,135,True,-1.1729104420439738,-1.1729104420439738,-2.3458208840879475
50,3,1657.0,211.0,137,True,-1.5161167891656766,-1.5161167891656766,-3.032233578331353
51,0,1781.4999999999998,274.0,138,True,-1.8368136498451362,-1.8368136498451362,-3.6736272996902724
51,1,1815.166666666667,338.0,137,True,-2.129516711304148,-2.129516711304148,-4.259033422608296
51,2,1893.1666666666665,435.0,141,True,-2.582760316261646,-2.582760316261646,-5.165520632523292
51,3,1697.0000000000002,437.0,141,True,-2.521603838041768,-2.521603838041768,-5.043207676083536
52,0,1676.8333333333335,276.0,137,True,-1.8082745854029947,-1.8082745854029947,-3.6165491708059894
52,1,1593.6666666666667,184.0,136,True,-1.3751190202580672,-1.3751190202580672,-2.7502380405161344
52,2,1876.5,301.0,138,True,-1.9890997768907606,-1.9890997768907606,-3.978199553781521
52,3,1772.5,413.0,140,True,-2.4432545024445083,-2.4432545024445083,-4.8865090048890165
53,0,1736.0000000000002,323.0,138,True,-2.0355063422749016,-2.0355063422749016,-4.071012684549803
53,1,1617.1666666666665,189.0,136,True,-1.4054259948061036,-1.4054259948061036,-2.8108519896122073
53,2,1598.8333333333335,276.0,136,True,-1.780469576936727,-1.780469576936727,-3.560939153873454
53,3,1583.0000000000002,226.0,136,True,-1.5555271522536847,-1.5555271522536847,-3.1110543045073693
54,0,1849.6666666666665,296.0,139,True,-1.9576045541176694,-1.9576045541176694,-3.915209108235339
54,1,1703.9999999999998,298.0,137,True,-1.9144500365073622,-1.9144500365073622,-3.8289000730147245
54,2,1738.1666666666665,235.0,137,True,-1.650313791340484,-1.650313791340484,-3.300627582680968
54,3,1727.0,332.0,139,True,-2.07177175627778,-2.07177175627778,-4.14354351255556
55,0,1612.6666666666667,199.0,136,True,-1.4476815088250878,-1.4476815088250878,-2.8953630176501757
55,1,1599.8333333333335,189.0,136,True,-1.3992471040358219,-1.3992471040358219,-2.7984942080716437
55,2,1578.8333333333335,114.0,134,True,-1.0628137717969282,-1.0628137717969282,-2.1256275435938563
55,3,1642.0,235.0,137,True,-1.6160328300476698,-1.6160328300476698,-3.2320656600953397
56,0,1888.0,395.0,140,True,-2.4054799350215847,-2.4054799350215847,-4.8109598700431695
56,1,1733.0,257.0,138,True,-1.744963234661824,-1.744963234661824,-3.489926469323648
56,2,1693.0,235.0,137,True,-1.6342130278909983,-1.6342130278909983,-3.2684260557819966
56,3,1714.0,235.0,137,True,-1.6416989917088405,-1.6416989917088405,-3.283397983417681
57,0,1787.8333333333333,206.0,136,True,-1.5408257074376515,-1.5408257074376515,-3.081651414875303
57,1,1758.0,136.0,135,True,-1.2231733419637658,-1.2231733419637658,-2.4463466839275316
57,2,1761.0,298.0,137,True,-1.9347690811557894,-1.9347690811557894,-3.8695381623115788
57,3,1665.0,235.0,137,True,-1.6242317428005442,-1.6242317428005442,-3.2484634856010883
58,0,1563.1666666666665,347.0,139,True,-2.079158829700576,-2.079158829700576,-4.158317659401152
58,1,1761.8333333333333,206.0,137,True,-1.5315573712822277,-1.5315573712822277,-3.0631147425644554
58,2,1756.8333333333333,255.0,138,True,-1.7446872796464012,-1.7446872796464012,-3.4893745592928025
58,3,1757.5,367.0,141,True,-2.2361529994668516,-2.2361529994668516,-4.472305998933703
59,0,1705.5,260.0,138,True,-1.74831808154197,-1.74831808154197,-3.49663616308394
59,1,1622.5,211.0,137,True,-1.5038184200363658,-1.5038184200363658,-3.0076368400727316
59,2,1664.5000000000002,306.0,139,True,-1.9354570143387144,-1.9354570143387144,-3.870914028677429
59,3,1672.5,301.0,138,True,-1.9163789855174422,-1.9163789855174422,-3.8327579710348845
60,0,1604.8333333333335,242.0,137,True,-1.6334856167242806,-1.6334856167242806,-3.266971233448561
60,1,1639.1666666666665,248.0,137,True,-1.6720403629160225,-1.6720403629160225,-3.344080725832045
60,2,1614.4999999999998,250.0,137,True,-1.672019255875183,-1.672019255875183,-3.344038511750366
60,3,1714.0,211.0,136,True,-1.536435833814103,-1.536435833814103,-3.072871667628206
61,0,1635.5,306.0,139,True,-1.9251192547807439,-1.9251192547807439,-3.8502385095614877
61,1,1571.0,235.0,137,True,-1.5907231428540147,-1.5907231428540147,-3.1814462857080295
61,2,1732.0,235.0,137,True,-1.6481155321241334,-1.6481155321241334,-3.296231064248267
61,3,1736.0,257.0,138,True,-1.7460326580643728,-1.7460326580643728,-3.4920653161287456
62,0,1818.6666666666667,473.0,141,True,-2.72286963509835,-2.72286963509835,-5.4457392701967
62,1,1711.0,235.0,137,True,-1.6406295683062917,-1.6406295683062917,-3.2812591366125834
62,2,1509.6666666666667,184.0,136,True,-1.345175164986702,-1.345175164986702,-2.690350329973404
62,3,1865.0,221.0,137,True,-1.634123127531866,-1.634123127531866,-3.268246255063732
63,0,1766.0,235.0,137,True,-1.660235664019686,-1.660235664019686,-3.320471328039372
63,1,1636.0,259.0,138,True,-1.7191571411373083,-1.7191571411373083,-3.4383142822746167
63,2,1552.0,184.0,136,True,-1.3602659174448897,-1.3602659174448897,-2.7205318348897793
63,3,1720.1666666666667,422.0,141,True,-2.4640726895216822,-2.4640726895216822,-4.9281453790433645
64,0,1668.0,257.0,138,True,-1.7217923942732671,-1.7217923942732671,-3.4435847885465343
64,1,1738.1666666666667,347.0,137,True,-2.1415418615159245,-2.1415418615159245,-4.283083723031849
64,2,1590.0,136.0,135,True,-1.1632856314210345,-1.1632856314210345,-2.326571262842069
64,3,1866.6666666666665,281.0,139,True,-1.8978751463812347,-1.8978751463812347,-3.7957502927624693
65,0,1568.0,235.0,137,True,-1.589653719451466,-1.589653719451466,-3.179307438902932
65,1,1684.8333333333335,199.0,136,True,-1.4734070828975114,-1.4734070828975114,-2.946814165795023
65,2,1592.0,187.0,136,True,-1.3876827908823834,-1.3876827908823834,-2.775365581764767
65,3,1584.0,235.0,137,True,-1.5953573109317256,-1.5953573109317256,-3.1907146218634512
66,0,1636.0,187.0,136,True,-1.4033676674530973,-1.4033676674530973,-2.8067353349061945
66,1,1609.0,136.0,135,True,-1.170058646303843,-1.170058646303843,-2.340117292607686
66,2,1483.6666666666667,114.0,134,True,-1.0288892849716298,-1.0288892849716298,-2.0577785699432596
66,3,1789.0,235.0,137,True,-1.66843457677256,-1.66843457677256,-3.33686915354512
67,0,1709.0,211.0,137,True,-1.5346534614765213,-1.5346534614765213,-3.0693069229530425
67,1,1606.0,211.0,137,True,-1.4979365913223475,-1.4979365913223475,-2.995873182644695
67,2,1627.0,211.0,137,True,-1.5054225551401874,-1.5054225551401874,-3.010845110280375
67,3,1656.0,136.0,135,True,-1.1868129462771073,-1.1868129462771073,-2.3736258925542146
68,0,1487.0,136.0,135,True,-1.1265687612668591,-1.1265687612668591,-2.2531375225337182
68,1,1779.0,211.0,137,True,-1.5596066742026615,-1.5596066742026615,-3.119213348405323
68,2,1910.1666666666667,323.0,138,True,-2.0975923120339828,-2.0975923120339828,-4.1951846240679656
68,3,1690.0,136.0,135,True,-1.1989330781726606,-1.1989330781726606,-2.397866156345321
69,0,1443.8333333333335,213.0,136,True,-1.448900244998022,-1.448900244998022,-2.897800489996044
69,1,1525.8333333333335,199.0,136,True,-1.4167276425624258,-1.4167276425624258,-2.8334552851248516
69,2,1777.1666666666667,323.0,139,True,-2.050181207854321,-2.050181207854321,-4.100362415708642
69,3,1638.8333333333335,199.0,136,True,-1.4570092573917632,-1.4570092573917632,-2.9140185147835265
70,0,1615.0000000000002,226.0,136,True,-1.5669343352142047,-1.5669343352142047,-3.1338686704284093
70,1,1526.0000000000002,325.0,138,True,-1.9694186339210467,-1.9694186339210467,-3.9388372678420933
70,2,1520.8333333333335,213.0,136,True,-1.476348778996774,-1.476348778996774,-2.952697557993548
70,3,1544.0,211.0,137,True,-1.47583517433634,-1.47583517433634,-2.95167034867268
71,0,1619.0000000000002,226.0,136,True,-1.56836023308427,-1.56836023308427,-3.13672046616854
71,1,1703.5,301.0,138,True,-1.9274296940104465,-1.9274296940104465,-3.854859388020893
71,2,1639.0000000000002,226.0,136,True,-1.5754897224345952,-1.5754897224345952,-3.1509794448691903
71,3,1682.6666666666665,226.0,136,True,-1.5910557741828049,-1.5910557741828049,-3.1821115483656097
72,0,1605.1666666666665,233.0,137,True,-1.5941307573362593,-1.5941307573362593,-3.1882615146725186
72,1,1565.1666666666665,213.0,136,True,-1.4921524803899953,-1.4921524803899953,-2.9843049607799905
72,2,1544.0,184.0,136,True,-1.3574141217047602,-1.3574141217047602,-2.7148282434095203
72,3,1653.8333333333335,199.0,136,True,-1.462356374404507,-1.462356374404507,-2.924712748809014
73,0,1454.8333333333335,213.0,136,True,-1.4528214641407,-1.4528214641407,-2.9056429282814
73,1,1633.8333333333335,237.0,137,True,-1.621893551720849,-1.621893551720849,-3.243787103441698
73,2,1591.5000000000002,233.0,137,True,-1.5892589396135368,-1.5892589396135368,-3.1785178792270736
73,3,1703.6666666666667,226.0,136,True,-1.5985417380006466,-1.5985417380006466,-3.197083476001293
74,0,1748.4999999999998,423.0,140,True,-2.478558764346925,-2.478558764346925,-4.95711752869385
74,1,1687.8333333333335,274.0,138,True,-1.8034238747211122,-1.8034238747211122,-3.6068477494422244
74,2,1702.0000000000002,311.0,138,True,-1.9707546314319797,-1.9707546314319797,-3.9415092628639594
74,3,1749.6666666666667,226.0,136,True,-1.6149395635063941,-1.6149395635063941,-3.2298791270127882
75,0,1573.8333333333335,162.0,135,True,-1.2715577152488204,-1.2715577152488204,-2.543115430497641
75,1,1743.6666666666667,162.0,135,True,-1.332098962315332,-1.332098962315332,-2.664197924630664
75,2,1651.0,383.0,140,True,-2.2683639072728607,-2.2683639072728607,-4.5367278145457215
75,3,1653.5,189.0,136,True,-1.4183779004591948,-1.4183779004591948,-2.8367558009183895
76,0,1765.666666666667,382.0,140,True,-2.304853681302445,-2.304853681302445,-4.60970736260489
76,1,1748.5,301.0,138,True,-1.9434710450486783,-1.9434710450486783,-3.8869420900973566
76,2,1555.1666666666665,213.0,136,True,-1.4885877357148325,-1.4885877357148325,-2.977175471429665
76,3,1632.6666666666667,247.0,137,True,-1.6653373139648866,-1.6653373139648866,-3.330674627929773
77,0,1580.8333333333335,199.0,136,True,-1.4363337382758201,-1.4363337382758201,-2.8726674765516402
77,1,1708.6666666666667,359.0,139,True,-2.1836574436715614,-2.1836574436715614,-4.367314887343123
77,2,1611.8333333333335,199.0,136,True,-1.4473844467688248,-1.4473844467688248,-2.8947688935376497
77,3,1566.6666666666667,162.0,134,True,-1.2690029815649542,-1.2690029815649542,-2.5380059631299083
78,0,1670.1666666666665,259.0,138,True,-1.7313366854441157,-1.7313366854441157,-3.4626733708882314
78,1,1749.5,393.0,141,True,-2.3473362914460196,-2.3473362914460196,-4.694672582892039
78,2,1676.8333333333335,213.0,136,True,-1.5319587959293106,-1.5319587959293106,-3.0639175918586212
78,3,1711.0,318.0,139,True,-2.0046646560255907,-2.0046646560255907,-4.0093293120511815
79,0,1728.0,327.0,138,True,-2.0501984061838936,-2.0501984061838936,-4.100396812367787
79,1,1615.4999999999998,199.0,136,True,-1.4486915198163839,-1.4486915198163839,-2.8973830396327678
79,2,1653.8333333333335,247.0,137,True,-1.6728826901939806,-1.6728826901939806,-3.3457653803879612
79,3,1671.8333333333335,199.0,136,True,-1.4687729148198012,-1.4687729148198012,-2.9375458296396024
80,0,1696.666666666667,297.0,138,True,-1.9074499254999633,-1.9074499254999633,-3.8148998509999266
80,1,1853.3333333333335,443.0,142,True,-2.6036484692704924,-2.6036484692704924,-5.207296938540985
80,2,1712.1666666666667,248.0,136,True,-1.6980629990447103,-1.6980629990447103,-3.3961259980894205
80,3,1925.5,547.0,142,True,-3.0855143942201106,-3.0855143942201106,-6.171028788440221
81,0,1713.1666666666667,374.0,140,True,-2.251051052459595,-2.251051052459595,-4.50210210491919
81,1,1878.8333333333335,568.0,145,True,-3.1609841822272466,-3.1609841822272466,-6.321968364454493
81,2,1686.6666666666667,162.0,135,True,-1.3117799176669056,-1.3117799176669056,-2.623559835333811
81,3,1705.1666666666667,398.0,141,True,-2.353462414614204,-2.353462414614204,-4.706924829228408
82,0,1802.1666666666665,372.0,140,True,-2.2740053502439816,-2.2740053502439816,-4.548010700487963
82,1,1872.5,301.0,138,True,-1.9876738790206954,-1.9876738790206954,-3.9753477580413907
82,2,1708.0000000000002,301.0,138,True,-1.9290338291142697,-1.9290338291142697,-3.8580676582285394
82,3,1878.0000000000002,461.0,142,True,-2.6913888745569476,-2.6913888745569476,-5.382777749113895
83,0,1605.5000000000002,233.0,137,True,-1.594249582158765,-1.594249582158765,-3.18849916431753
83,1,1546.5000000000002,233.0,137,True,-1.5732175885753046,-1.5732175885753046,-3.146435177150609
83,2,1461.8333333333335,199.0,136,True,-1.3939132766413844,-1.3939132766413844,-2.787826553282769
83,3,1458.6666666666667,114.0,134,True,-1.0199774232837233,-1.0199774232837233,-2.0399548465674466
84,0,1496.0,184.0,136,True,-1.3403033472639785,-1.3403033472639785,-2.680606694527957
84,1,1823.8333333333335,407.0,141,True,-2.435237735636661,-2.435237735636661,-4.870475471273322
84,2,1621.8333333333335,162.0,135,True,-1.2886684896896001,-1.2886684896896001,-2.5773369793792003
84,3,1557.8333333333335,162.0,135,True,-1.26585412376856,-1.26585412376856,-2.53170824753712
85,0,1735.5000000000002,185.0,136,True,-1.4300649471464046,-1.4300649471464046,-2.8601298942928093
85,1,1644.0,184.0,136,True,-1.3930615684563863,-1.3930615684563863,-2.7861231369127726
85,2,1618.8333333333335,199.0,136,True,-1.449879768041437,-1.449879768041437,-2.899759536082874
85,3,1762.0000000000002,311.0,138,True,-1.992143099482954,-1.992143099482954,-3.984286198965908
86,0,1739.1666666666667,248.0,136,True,-1.7076878096676489,-1.7076878096676489,-3.4153756193352978
86,1,1627.1666666666665,233.0,137,True,-1.6019731956216168,-1.6019731956216168,-3.2039463912432335
86,2,1567.4999999999998,199.0,136,True,-1.4315807453756029,-1.4315807453756029,-2.8631614907512057
86,3,1615.8333333333335,199.0,136,True,-1.4488103446388894,-1.4488103446388894,-2.8976206892777787
87,0,1743.0,211.0,137,True,-1.546773593372075,-1.546773593372075,-3.09354718674415
87,1,1896.3333333333335,355.0,140,True,-2.2330119590929915,-2.2330119590929915,-4.466023918185983
87,2,1620.0,136.0,135,True,-1.1739798654465226,-1.1739798654465226,-2.347959730893045
87,3,1760.1666666666667,323.0,139,True,-2.0441211419065435,-2.0441211419065435,-4.088242283813087
88,0,1817.666666666667,382.0,140,True,-2.323390353613291,-2.323390353613291,-4.646780707226582
88,1,1756.6666666666665,226.0,136,True,-1.6174348847790083,-1.6174348847790083,-3.2348697695580166
88,2,1894.8333333333337,409.0,140,True,-2.4693193526548756,-2.4693193526548756,-4.938638705309751
88,3,1672.0000000000002,301.0,138,True,-1.9162007482836845,-1.9162007482836845,-3.832401496567369
89,0,1862.5,443.0,142,True,-2.6069161518893917,-2.6069161518893917,-5.2138323037787835
89,1,1841.666666666667,372.0,140,True,-2.288086091710874,-2.288086091710874,-4.576172183421748
89,2,1485.6666666666667,114.0,134,True,-1.029602233906663,-1.029602233906663,-2.059204467813326
89,3,1712.6666666666665,185.0,136,True,-1.4219254468047837,-1.4219254468047837,-2.8438508936095674
90,0,1598.5000000000002,185.0,136,True,-1.3812279450966785,-1.3812279450966785,-2.762455890193357
90,1,1667.6666666666665,226.0,136,True,-1.585708657170061,-1.585708657170061,-3.171417314340122
90,2,1801.6666666666667,447.0,141,True,-2.602774481431277,-2.602774481431277,-5.205548962862554
90,3,1744.3333333333335,345.0,139,True,-2.1349681909077116,-2.1349681909077116,-4.269936381815423
91,0,1607.6666666666667,114.0,134,True,-1.0730921189436469,-1.0730921189436469,-2.1461842378872937
91,1,1815.4999999999998,382.0,140,True,-2.3226179922670047,-2.3226179922670047,-4.645235984534009
91,2,1654.8333333333335,250.0,137,True,-1.6863970593983393,-1.6863970593983393,-3.3727941187966786
91,3,1604.6666666666667,247.0,136,True,-1.6553560288744311,-1.6553560288744311,-3.3107120577488622
92,0,1560.8333333333335,162.0,135,True,-1.2669235471711084,-1.2669235471711084,-2.533847094342217
92,1,1763.0000000000002,301.0,138,True,-1.9486399248276642,-1.9486399248276642,-3.8972798496553285
92,2,1669.5,301.0,138,True,-1.9153095621148934,-1.9153095621148934,-3.830619124229787
92,3,1793.0000000000002,311.0,138,True,-2.003193807975959,-2.003193807975959,-4.006387615951918
93,0,1434.8333333333335,165.0,135,True,-1.235165659000902,-1.235165659000902,-2.470331318001804
93,1,1576.8333333333335,250.0,137,True,-1.6585920509320706,-1.6585920509320706,-3.3171841018641413
93,2,1585.5000000000002,318.0,139,True,-1.959927110352299,-1.959927110352299,-3.919854220704598
93,3,1578.8333333333335,199.0,136,True,-1.4356207893407873,-1.4356207893407873,-2.8712415786815746
94,0,1632.8333333333335,187.0,136,True,-1.402238831639297,-1.402238831639297,-2.804477663278594
94,1,1757.1666666666667,323.0,139,True,-2.0430517185039943,-2.0430517185039943,-4.0861034370079885
94,2,1741.0,221.0,137,True,-1.58992029355985,-1.58992029355985,-3.1798405871197
94,3,1818.9999999999998,386.0,140,True,-2.3414095125524343,-2.3414095125524343,-4.682819025104869
95,0,1743.0000000000002,311.0,138,True,-1.9853700846001454,-1.9853700846001454,-3.970740169200291
95,1,1721.8333333333335,189.0,136,True,-1.4427369890728072,-1.4427369890728072,-2.8854739781456145
95,2,1629.0,298.0,138,True,-1.8877144514436428,-1.8877144514436428,-3.7754289028872856
95,3,1666.0,211.0,137,True,-1.519325059373323,-1.519325059373323,-3.038650118746646
96,0,1735.0000000000002,226.0,136,True,-1.6097112713161563,-1.6097112713161563,-3.2194225426323126
96,1,1632.0,136.0,135,True,-1.178257559056717,-1.178257559056717,-2.356515118113434
96,2,1652.6666666666667,114.0,134,True,-1.0891334699818789,-1.0891334699818789,-2.1782669399637578
96,3,1620.8333333333335,162.0,135,True,-1.288312015222084,-1.288312015222084,-2.576624030444168
97,0,1802.1666666666665,301.0,138,True,-1.9626018414720516,-1.9626018414720516,-3.9252036829441033
97,1,1761.6666666666665,189.0,136,True,-1.4569365553622036,-1.4569365553622036,-2.913873110724407
97,2,1674.6666666666665,114.0,134,True,-1.0969759082672361,-1.0969759082672361,-2.1939518165344722
97,3,1492.6666666666665,114.0,134,True,-1.0320975551792761,-1.0320975551792761,-2.0641951103585523
98,0,1513.0,213.0,136,True,-1.473556395667896,-1.473556395667896,-2.947112791335792
98,1,1650.4999999999998,274.0,138,True,-1.7901154946005047,-1.7901154946005047,-3.5802309892010094
98,2,1684.6666666666665,114.0,134,True,-1.1005406529423998,-1.1005406529423998,-2.2010813058847996
98,3,1449.8333333333335,114.0,134,True,-1.0168285654873297,-1.0168285654873297,-2.0336571309746594
99,0,1517.1666666666665,189.0,136,True,-1.3697785480544769,-1.3697785480544769,-2.7395570961089537
99,1,1578.0,211.0,137,True,-1.4879553062318913,-1.4879553062318913,-2.9759106124637826
99,2,1708.6666666666665,250.0,137,True,-1.705587268232963,-1.705587268232963,-3.411174536465926
99,3,1608.0,298.0,138,True,-1.8802284876258015,-1.8802284876258015,-3.760456975251603
100,0,1673.5,301.0,138,True,-1.9167354599849589,-1.9167354599849589,-3.8334709199699177
100,1,1625.0,211.0,137,True,-1.5047096062051557,-1.5047096062051557,-3.0094192124103114
100,2,1689.0000000000002,301.0,138,True,-1.9222608142314612,-1.9222608142314612,-3.8445216284629224
100,3,1545.8333333333335,189.0,136,True,-1.3799974827899428,-1.3799974827899428,-2.7599949655798857
101,0,1497.8333333333335,165.0,135,True,-1.257623550454426,-1.257623550454426,-2.515247100908852
101,1,1638.8333333333335,189.0,136,True,-1.4131496082689559,-1.4131496082689559,-2.8262992165379117
101,2,1614.8333333333335,189.0,136,True,-1.4045942210485658,-1.4045942210485658,-2.8091884420971316
101,3,1497.0,165.0,135,True,-1.2573264883981625,-1.2573264883981625,-2.514652976796325
102,0,1470.8333333333335,162.0,135,True,-1.2348408450946449,-1.2348408450946449,-2.4696816901892897
102,1,1451.1666666666665,213.0,136,True,-1.451514391093141,-1.451514391093141,-2.903028782186282
102,2,1555.8333333333335,279.0,137,True,-1.7782990695703698,-1.7782990695703698,-3.5565981391407395
102,3,1432.8333333333335,162.0,135,True,-1.2212948153290268,-1.2212948153290268,-2.4425896306580537
103,0,1910.3333333333333,468.0,143,True,-2.733616636725939,-2.733616636725939,-5.467233273451878
103,1,1767.5,237.0,137,True,-1.6695423055455214,-1.6695423055455214,-3.339084611091043
103,2,1594.5,237.0,137,True,-1.6078722226652087,-1.6078722226652087,-3.2157444453304174
103,3,1590.8333333333335,298.0,138,True,-1.8741090092667734,-1.8741090092667734,-3.7482180185335467
104,0,1599.8333333333335,298.0,138,True,-1.8773172794744186,-1.8773172794744186,-3.7546345589488372
104,1,1534.8333333333335,250.0,137,True,-1.6436201232963878,-1.6436201232963878,-3.2872402465927757
104,2,1591.8333333333335,247.0,137,True,-1.650781273207973,-1.650781273207973,-3.301562546415946
104,3,1655.6666666666667,247.0,137,True,-1.67353622671776,-1.67353622671776,-3.34707245343552
105,0,1575.8333333333335,213.0,136,True,-1.4959548747101687,-1.4959548747101687,-2.9919097494203375
105,1,1610.0000000000002,226.0,136,True,-1.5651519628766242,-1.5651519628766242,-3.1303039257532483
105,2,1488.1666666666665,242.0,136,True,-1.5918969288473832,-1.5918969288473832,-3.1837938576947664
105,3,1590.8333333333335,213.0,136,True,-1.5013019917229125,-1.5013019917229125,-3.002603983445825
106,0,1706.0000000000002,301.0,138,True,-1.9283208801792378,-1.9283208801792378,-3.8566417603584755
106,1,1466.0000000000002,277.0,137,True,-1.7375038500805966,-1.7375038500805966,-3.475007700161193
106,2,1705.5,386.0,140,True,-2.30094966048934,-2.30094966048934,-4.60189932097868
106,3,1586.0000000000002,301.0,138,True,-1.8855439440772863,-1.8855439440772863,-3.7710878881545726
107,0,1411.8333333333335,114.0,134,True,-1.003282535721712,-1.003282535721712,-2.006565071443424
107,1,1538.0,242.0,136,True,-1.609661239811944,-1.609661239811944,-3.219322479623888
107,2,1515.8333333333335,213.0,136,True,-1.4745664066591924,-1.4745664066591924,-2.9491328133183847
107,3,1638.6666666666667,304.0,139,True,-1.9174761607699844,-1.9174761607699844,-3.834952321539969
108,0,1470.1666666666665,213.0,136,True,-1.45828740597595,-1.45828740597595,-2.9165748119519
108,1,1944.5,322.0,139,True,-2.105445303839761,-2.105445303839761,-4.210890607679522
108,2,1559.6666666666667,247.0,137,True,-1.6393146778361996,-1.6393146778361996,-3.278629355672399
108,3,1482.6666666666667,162.0,135,True,-1.2390591262935875,-1.2390591262935875,-2.478118252587175
109,0,1487.1666666666665,242.0,136,True,-1.5915404543798666,-1.5915404543798666,-3.183080908759733
109,1,1507.6666666666667,162.0,135,True,-1.2479709879814938,-1.2479709879814938,-2.4959419759629875
109,2,1545.9999999999998,276.0,138,True,-1.7616358425696177,-1.7616358425696177,-3.5232716851392354
109,3,1434.6666666666667,162.0,135,True,-1.2219483518528076,-1.2219483518528076,-2.443896703705615
110,0,1677.6666666666665,413.0,140,True,-2.4094488404417156,-2.4094488404417156,-4.818897680883431
110,1,1592.1666666666665,301.0,138,True,-1.887742203293636,-1.887742203293636,-3.775484406587272
110,2,1701.166666666667,413.0,140,True,-2.4178259904283483,-2.4178259904283483,-4.835651980856697
110,3,1526.8333333333335,189.0,136,True,-1.373224467907135,-1.373224467907135,-2.74644893581427
111,0,1509.5,189.0,136,True,-1.3670455771368537,-1.3670455771368537,-2.7340911542737074
111,1,1506.1666666666665,242.0,136,True,-1.5983134692626766,-1.5983134692626766,-3.196626938525353
111,2,1455.8333333333335,114.0,134,True,-1.0189674122924277,-1.0189674122924277,-2.0379348245848554
111,3,1527.8333333333335,213.0,136,True,-1.4788441002693882,-1.4788441002693882,-2.9576882005387763
112,0,1546.0000000000002,301.0,138,True,-1.871284965376635,-1.871284965376635,-3.74256993075327
112,1,1647.0000000000002,301.0,138,True,-1.9072888865957778,-1.9072888865957778,-3.8145777731915556
112,2,1839.1666666666665,323.0,139,True,-2.0722826248403288,-2.0722826248403288,-4.1445652496806575
112,3,1616.5,301.0,138,True,-1.8964164153365317,-1.8964164153365317,-3.7928328306730634
113,0,1489.0000000000002,226.0,136,True,-1.5220185523071559,-1.5220185523071559,-3.0440371046143118
113,1,1476.8333333333335,213.0,136,True,-1.4606639024260586,-1.4606639024260586,-2.921327804852117
113,2,1481.8333333333335,165.0,135,True,-1.2519199589741659,-1.2519199589741659,-2.5038399179483317
113,3,1505.5,237.0,137,True,-1.5761459950562613,-1.5761459950562613,-3.1522919901125226
114,0,1501.8333333333335,276.0,137,True,-1.7458915535876496,-1.7458915535876496,-3.491783107175299
114,1,1462.1666666666665,242.0,137,True,-1.5826285926919605,-1.5826285926919605,-3.165257185383921
114,2,1521.5,237.0,137,True,-1.5818495865365219,-1.5818495865365219,-3.1636991730730437
114,3,1397.8333333333335,213.0,136,True,-1.432502419492274,-1.432502419492274,-2.865004838984548
115,0,1397.8333333333335,189.0,136,True,-1.3272392615975368,-1.3272392615975368,-2.6544785231950736
115,1,1478.1666666666665,242.0,136,True,-1.5883321841722202,-1.5883321841722202,-3.1766643683444404
115,2,1538.8333333333335,213.0,136,True,-1.4827653194120676,-1.4827653194120676,-2.965530638824135
115,3,1655.0000000000002,311.0,138,True,-1.9540003314587147,-1.9540003314587147,-3.9080006629174293
116,0,1643.9999999999998,298.0,138,True,-1.8930615684563874,-1.8930615684563874,-3.786123136912775
116,1,1424.6666666666667,114.0,134,True,-1.0078572913881707,-1.0078572913881707,-2.0157145827763414
116,2,1510.0,272.0,138,True,-1.7312589020899087,-1.7312589020899087,-3.4625178041798175
116,3,1514.8333333333335,189.0,136,True,-1.3689467742969395,-1.3689467742969395,-2.737893548593879
117,0,1638.8333333333333,325.0,139,True,-2.0096408363391314,-2.0096408363391314,-4.019281672678263
117,1,1470.8333333333335,213.0,136,True,-1.458525055620961,-1.458525055620961,-2.917050111241922
117,2,1496.1666666666665,242.0,136,True,-1.5947487245875127,-1.5947487245875127,-3.1894974491750254
117,3,1683.8333333333335,274.0,138,True,-1.8019979768510483,-1.8019979768510483,-3.6039959537020967
118,0,1606.6666666666665,301.0,138,True,-1.892911083072622,-1.892911083072622,-3.785822166145244
118,1,1488.0000000000002,352.0,139,True,-2.074293656787008,-2.074293656787008,-4.148587313574016
118,2,1522.1666666666665,317.0,139,True,-1.9329644291639891,-1.9329644291639891,-3.8659288583279783
118,3,1683.5,413.0,140,True,-2.411528274835561,-2.411528274835561,-4.823056549671122
119,0,1473.8333333333335,250.0,137,True,-1.621875180777896,-1.621875180777896,-3.243750361555792
119,1,1660.5,386.0,140,True,-2.284908309451107,-2.284908309451107,-4.569816618902214
119,2,1535.6666666666667,226.0,136,True,-1.5386540274579148,-1.5386540274579148,-3.0773080549158296
119,3,1349.6666666666667,162.0,135,True,-1.1916480221139247,-1.1916480221139247,-2.3832960442278495
120,0,1600.5,393.0,141,True,-2.2942215957860963,-2.2942215957860963,-4.588443191572193
120,1,1541.5,308.0,139,True,-1.900382584658777,-1.900382584658777,-3.800765169317554
120,2,1362.6666666666667,162.0,135,True,-1.1962821901916363,-1.1962821901916363,-2.3925643803832726
120,3,1363.6666666666667,162.0,135,True,-1.196638664659153,-1.196638664659153,-2.393277329318306
121,0,1571.5,308.0,137,True,-1.9110768186842648,-1.9110768186842648,-3.8221536373685296
121,1,1732.5,308.0,138,True,-1.968469207954383,-1.968469207954383,-3.936938415908766
121,2,1680.5,237.0,137,True,-1.6385290268716073,-1.6385290268716073,-3.2770580537432146
121,3,1807.5,444.0,140,True,-2.5916960210882785,-2.5916960210882785,-5.183392042176557
122,0,1582.5,308.0,138,True,-1.9149980378269438,-1.9149980378269438,-3.8299960756538876
122,1,1600.5,308.0,137,True,-1.9214145782422372,-1.9214145782422372,-3.8428291564844743
122,2,1457.6666666666667,247.0,137,True,-1.6029542821495402,-1.6029542821495402,-3.2059085642990803
122,3,1454.1666666666665,317.0,139,True,-1.908724165372882,-1.908724165372882,-3.817448330745764
123,0,1640.5,308.0,138,True,-1.9356735569428865,-1.9356735569428865,-3.871347113885773
123,1,1637.0000000000002,437.0,141,True,-2.5002153699907907,-2.5002153699907907,-5.0004307399815815
123,2,1494.5,349.0,139,True,-2.063452846089021,-2.063452846089021,-4.126905692178042
123,3,1670.1666666666667,408.0,141,True,-2.3848454573739404,-2.3848454573739404,-4.769690914747881
124,0,1616.5,349.0,139,True,-2.1069427311260056,-2.1069427311260056,-4.213885462252011
124,1,1571.5,189.0,136,True,-1.389146994122861,-1.389146994122861,-2.778293988245722
124,2,1637.5,189.0,136,True,-1.412674308978934,-1.412674308978934,-2.825348617957868
124,3,1630.5,189.0,136,True,-1.410178987706321,-1.410178987706321,-2.820357975412642
125,0,1575.5,259.0,138,True,-1.697590435852575,-1.697590435852575,-3.39518087170515
125,1,1577.0,235.0,137,True,-1.5928619896591119,-1.5928619896591119,-3.1857239793182237
125,2,1652.5,211.0,137,True,-1.5145126540618534,-1.5145126540618534,-3.029025308123707
125,3,1435.0,136.0,135,True,-1.1080320889560134,-1.1080320889560134,-2.2160641779120267
126,0,1446.0,235.0,137,True,-1.5461638344144812,-1.5461638344144812,-3.0923276688289625
126,1,1752.0,272.0,138,True,-1.817525723228844,-1.817525723228844,-3.635051446457688
126,2,1590.0,235.0,137,True,-1.597496157736823,-1.597496157736823,-3.194992315473646
126,3,1616.5,211.0,137,True,-1.5016795732312676,-1.5016795732312676,-3.003359146462535
127,0,1478.0,235.0,137,True,-1.5575710173750026,-1.5575710173750026,-3.115142034750005
127,1,1582.0,272.0,138,True,-1.7569250637510794,-1.7569250637510794,-3.5138501275021587
127,2,1531.0,310.0,139,True,-1.9054115325744163,-1.9054115325744163,-3.8108230651488326
127,3,1410.0,235.0,137,True,-1.5333307535838965,-1.5333307535838965,-3.066661507167793
128,0,1496.0,235.0,137,True,-1.5639875577902949,-1.5639875577902949,-3.1279751155805897
128,1,1614.5,211.0,137,True,-1.5009666242962354,-1.5009666242962354,-3.001933248592471
128,2,1480.0,310.0,138,True,-1.8872313347310865,-1.8872313347310865,-3.774462669462173
128,3,1540.0,211.0,137,True,-1.4744092764662737,-1.4744092764662737,-2.9488185529325475
129,0,1648.8333333333333,381.0,141,True,-2.2588196161020146,-2.2588196161020146,-4.517639232204029
129,1,1618.5,211.0,137,True,-1.5023925221663004,-1.5023925221663004,-3.0047850443326007
129,2,1642.0,286.0,139,True,-1.8397170405739847,-1.8397170405739847,-3.6794340811479693
129,3,1540.5,211.0,137,True,-1.474587513700032,-1.474587513700032,-2.949175027400064
130,0,1609.9999999999998,320.0,139,True,-1.9774326646310092,-1.9774326646310092,-3.9548653292620184
130,1,1554.0,235.0,137,True,-1.584663076906238,-1.584663076906238,-3.169326153812476
130,2,1426.6666666666667,184.0,136,True,-1.3155877841828523,-1.3155877841828523,-2.6311755683657045
130,3,1621.0,235.0,137,True,-1.6085468662298283,-1.6085468662298283,-3.2170937324596567
131,0,1553.1666666666667,323.0,139,True,-1.970330927130677,-1.970330927130677,-3.940661854261354
131,1,1670.5,322.0,139,True,-2.007771299740305,-2.007771299740305,-4.01554259948061
131,2,1356.1666666666665,235.0,137,True,-1.5141405447492717,-1.5141405447492717,-3.0282810894985435
131,3,1356.1666666666665,184.0,136,True,-1.2904563342229547,-1.2904563342229547,-2.5809126684459094
132,0,1369.0,235.0,137,True,-1.5187153004157294,-1.5187153004157294,-3.037430600831459
132,1,1361.0,235.0,137,True,-1.5158635046755993,-1.5158635046755993,-3.0317270093511985
132,2,1367.6666666666667,184.0,135,True,-1.2945557905993925,-1.2945557905993925,-2.589111581198785
132,3,1477.0,272.0,138,True,-1.7194952446618712,-1.7194952446618712,-3.4389904893237424
133,0,1643.0,211.0,137,True,-1.5111261466204498,-1.5111261466204498,-3.0222522932408995
133,1,1510.0,235.0,137,True,-1.5689782003355226,-1.5689782003355226,-3.137956400671045
133,2,1507.6666666666665,298.0,138,True,-1.8444622160516688,-1.8444622160516688,-3.6889244321033376
133,3,1596.5,344.0,140,True,-2.0778834172142773,-2.0778834172142773,-4.1557668344285545
134,0,1826.3333333333333,398.0,141,True,-2.3966552375949224,-2.3966552375949224,-4.793310475189845
134,1,1651.1666666666667,323.0,139,True,-2.0052654249472703,-2.0052654249472703,-4.010530849894541
134,2,1672.4999999999998,333.0,139,True,-2.056729862710425,-2.056729862710425,-4.11345972542085
134,3,1709.1666666666665,211.0,137,True,-1.5347128738877747,-1.5347128738877747,-3.0694257477755493
135,0,1584.5,259.0,138,True,-1.7007987060602212,-1.7007987060602212,-3.4015974121204424
135,1,1649.1666666666665,323.0,139,True,-2.0045524760122384,-2.0045524760122384,-4.009104952024477
135,2,1565.5,211.0,137,True,-1.4834993753879382,-1.4834993753879382,-2.9669987507758764
135,3,1577.0,235.0,137,True,-1.5928619896591125,-1.5928619896591125,-3.185723979318225
136,0,1666.5,442.0,141,True,-2.532661191343925,-2.532661191343925,-5.06532238268785
136,1,1422.0,235.0,137,True,-1.537608447194092,-1.537608447194092,-3.075216894388184
136,2,1574.5,259.0,138,True,-1.6972339613850584,-1.6972339613850584,-3.394467922770117
136,3,1401.0,235.0,136,True,-1.5301224833762506,-1.5301224833762506,-3.060244966752501
137,0,1742.0,565.0,145,True,-3.0990486978519294,-3.0990486978519294,-6.198097395703859
137,1,1819.5,344.0,140,True,-2.1573772234704043,-2.1573772234704043,-4.314754446940809
137,2,1824.5,415.0,140,True,-2.470563104579913,-2.470563104579913,-4.941126209159826
137,3,2069.333333333333,490.0,142,True,-2.8867873051312,-2.8867873051312,-5.7735746102624
138,0,1657.5,259.0,138,True,-1.726821342188909,-1.726821342188909,-3.453642684377818
138,1,1739.5,296.0,139,True,-1.9183329502796278,-1.9183329502796278,-3.8366659005592556
138,2,1566.9999999999998,320.0,139,True,-1.9621042625278091,-1.9621042625278091,-3.9242085250556182
138,3,1660.5,344.0,140,True,-2.1006977831353173,-2.1006977831353173,-4.201395566270635
139,0,1857.0,395.0,141,True,-2.394429226528579,-2.394429226528579,-4.788858453057158
139,1,1624.5,296.0,139,True,-1.877338386515257,-1.877338386515257,-3.754676773030514
139,2,1719.0,259.0,138,True,-1.748744521941158,-1.748744521941158,-3.497489043882316
139,3,1719.0,320.0,139,True,-2.0162883815902815,-2.0162883815902815,-4.032576763180563
140,0,1599.0,320.0,139,True,-1.9735114454883287,-1.9735114454883287,-3.9470228909766574
140,1,1710.0,480.0,143,True,-2.7148344973475496,-2.7148344973475496,-5.429668994695099
140,2,1636.0,272.0,138,True,-1.7761746849969582,-1.7761746849969582,-3.5523493699939164
140,3,1545.0,272.0,138,True,-1.7437355084529778,-1.7437355084529778,-3.4874710169059555
141,0,1701.1666666666667,248.0,137,True,-1.6941417799020313,-1.6941417799020313,-3.3882835598040626
141,1,1601.0,211.0,137,True,-1.4961542189847659,-1.4961542189847659,-2.9923084379695317
141,2,1616.0,221.0,137,True,-1.5453609851203167,-1.5453609851203167,-3.0907219702406334
141,3,1601.0,221.0,137,True,-1.5400138681075726,-1.5400138681075726,-3.080027736215145
142,0,1742.0,211.0,137,True,-1.5464171189045592,-1.5464171189045592,-3.0928342378091185
142,1,1737.0,136.0,135,True,-1.2156873781459248,-1.2156873781459248,-2.4313747562918495
142,2,1834.1666666666665,323.0,139,True,-2.0705002525027476,-2.0705002525027476,-4.141000505005495
142,3,1772.0,211.0,137,True,-1.557111352930047,-1.557111352930047,-3.114222705860094
143,0,1790.0,211.0,137,True,-1.56352789334534,-1.56352789334534,-3.12705578669068
143,1,1801.0,211.0,137,True,-1.5674491124880188,-1.5674491124880188,-3.1348982249760375
143,2,1698.0,136.0,135,True,-1.2017848739127908,-1.2017848739127908,-2.4035697478255815
143,3,1726.1666666666665,211.0,136,True,-1.5407729398355516,-1.5407729398355516,-3.0815458796711033
144,0,1819.0,211.0,137,True,-1.573865652903311,-1.573865652903311,-3.147731305806622
144,1,1812.1666666666665,211.0,137,True,-1.5714297440419505,-1.5714297440419505,-3.142859488083901
144,2,1757.0,136.0,135,True,-1.2228168674962505,-1.2228168674962505,-2.445633734992501
144,3,1641.0,136.0,135,True,-1.1814658292643645,-1.1814658292643645,-2.362931658528729
145,0,1605.1666666666667,323.0,138,True,-1.9888675994415224,-1.9888675994415224,-3.9777351988830447
145,1,1680.1666666666667,323.0,139,True,-2.0156031845052422,-2.0156031845052422,-4.0312063690104845
145,2,1642.0,272.0,138,True,-1.778313531802055,-1.778313531802055,-3.55662706360411
145,3,1663.6666666666665,248.0,136,True,-1.6807739873701721,-1.6807739873701721,-3.3615479747403443
146,0,1628.1666666666667,248.0,137,True,-1.6681191437733436,-1.6681191437733436,-3.336238287546687
146,1,1684.6666666666665,248.0,137,True,-1.6882599511880125,-1.6882599511880125,-3.376519902376025
146,2,1445.0,235.0,137,True,-1.545807359946966,-1.545807359946966,-3.091614719893932
146,3,1652.1666666666667,248.0,137,True,-1.6766745309937345,-1.6766745309937345,-3.353349061987469
147,0,1665.6666666666665,248.0,137,True,-1.6814869363052036,-1.6814869363052036,-3.3629738726104073
147,1,1610.8333333333335,319.0,139,True,-1.973343761774992,-1.973343761774992,-3.946687523549984
147,2,1700.1666666666667,248.0,137,True,-1.693785305434515,-1.693785305434515,-3.38757061086903
147,3,1697.4999999999998,384.0,140,True,-2.2893259349246473,-2.2893259349246473,-4.578651869849295
148,0,1517.0,235.0,137,True,-1.5714735216081364,-1.5714735216081364,-3.1429470432162727
148,1,1537.0,320.0,139,True,-1.9514100285023213,-1.9514100285023213,-3.9028200570046425
148,2,1565.0,272.0,138,True,-1.7508649978033028,-1.7508649978033028,-3.5017299956066057
148,3,1572.0,235.0,137,True,-1.5910796173215311,-1.5910796173215311,-3.1821592346430623
149,0,1728.6666666666665,248.0,137,True,-1.7039448277587277,-1.7039448277587277,-3.4078896555174554
149,1,1735.5,323.0,139,True,-2.0353281050411423,-2.0353281050411423,-4.0706562100822845
149,2,1675.1666666666665,323.0,139,True,-2.0138208121676615,-2.0138208121676615,-4.027641624335323
149,3,1619.0,221.0,137,True,-1.546430408522866,-1.546430408522866,-3.092860817045732
150,0,1640.5,211.0,137,True,-1.510234960451659,-1.510234960451659,-3.020469920903318
150,1,1661.6666666666665,211.0,137,True,-1.5177803366807534,-1.5177803366807534,-3.035560673361507
150,2,1644.5,211.0,137,True,-1.511660858321724,-1.511660858321724,-3.023321716643448
150,3,1769.1666666666665,323.0,139,True,-2.0473294121141894,-2.0473294121141894,-4.094658824228379
151,0,1588.1666666666667,323.0,139,True,-1.9828075334937454,-1.9828075334937454,-3.9656150669874908
151,1,1656.0,310.0,139,True,-1.9499708410139502,-1.9499708410139502,-3.8999416820279005
151,2,1702.5,323.0,139,True,-2.0235644476131056,-2.0235644476131056,-4.047128895226211
151,3,1666.0,221.0,137,True,-1.5631847084961301,-1.5631847084961301,-3.1263694169922602
152,0,1771.1666666666665,323.0,139,True,-2.048042361049222,-2.048042361049222,-4.096084722098444
152,1,1486.0,235.0,137,True,-1.5604228131151323,-1.5604228131151323,-3.1208456262302646
152,2,1705.5,259.0,138,True,-1.7439321166296902,-1.7439321166296902,-3.4878642332593803
152,3,1497.0,272.0,138,True,-1.7266247340121978,-1.7266247340121978,-3.4532494680243957
153,0,1628.0,264.0,138,True,-1.738235169958583,-1.738235169958583,-3.476470339917166
153,1,1559.0,235.0,137,True,-1.5864454492438207,-1.5864454492438207,-3.1728908984876414
153,2,1628.0,264.0,138,True,-1.7382351699585816,-1.7382351699585816,-3.4764703399171633
153,3,1507.0,235.0,136,True,-1.5679087769329736,-1.5679087769329736,-3.135817553865947
154,0,1499.1666666666665,235.0,137,True,-1.5651163936040962,-1.5651163936040962,-3.1302327872081923
154,1,1538.0,320.0,139,True,-1.951766502969838,-1.951766502969838,-3.903533005939676
154,2,1688.5,259.0,138,True,-1.7378720506819143,-1.7378720506819143,-3.4757441013638286
154,3,1532.0,320.0,139,True,-1.9496276561647403,-1.9496276561647403,-3.8992553123294806
155,0,1440.0,264.0,138,True,-1.6712179700655247,-1.6712179700655247,-3.3424359401310495
155,1,1568.0,357.0,140,True,-2.1247414387497123,-2.1247414387497123,-4.249482877499425
155,2,1570.0,320.0,139,True,-1.963173685930358,-1.963173685930358,-3.926347371860716
155,3,1724.5,344.0,140,True,-2.1235121490563578,-2.1235121490563578,-4.2470242981127155
156,0,1456.0,235.0,137,True,-1.5497285790896451,-1.5497285790896451,-3.0994571581792902
156,1,1520.0,320.0,139,True,-1.9453499625545443,-1.9453499625545443,-3.8906999251090886
156,2,1392.0,235.0,137,True,-1.5269142131686038,-1.5269142131686038,-3.0538284263372075
156,3,1388.1666666666665,264.0,138,True,-1.6527407101659317,-1.6527407101659317,-3.3054814203318634
157,0,1406.1666666666665,184.0,135,True,-1.3082800575987676,-1.3082800575987676,-2.6165601151975353
157,1,1499.0,235.0,137,True,-1.565056981192844,-1.565056981192844,-3.130113962385688
157,2,1546.1666666666665,288.0,139,True,-1.8143268339282377,-1.8143268339282377,-3.6286536678564754
157,3,1617.1666666666667,323.0,139,True,-1.9931452930517168,-1.9931452930517168,-3.9862905861034337
158,0,1415.0,235.0,137,True,-1.5351131259214776,-1.5351131259214776,-3.0702262518429553
158,1,1486.0,235.0,137,True,-1.5604228131151325,-1.5604228131151325,-3.120845626230265
158,2,1565.0,235.0,137,True,-1.5885842960489176,-1.5885842960489176,-3.177168592097835
158,3,1424.0,235.0,137,True,-1.5383213961291238,-1.5383213961291238,-3.0766427922582475
159,0,1580.0,264.0,138,True,-1.7211243955178024,-1.7211243955178024,-3.4422487910356048
159,1,1487.1666666666665,235.0,137,True,-1.5608386999939012,-1.5608386999939012,-3.1216773999878025
159,2,1734.5,323.0,139,True,-2.034971630573626,-2.034971630573626,-4.069943261147252
159,3,1673.0,235.0,137,True,-1.6270835385406741,-1.6270835385406741,-3.2541670770813482
160,0,1460.0,264.0,137,True,-1.6783474594158505,-1.6783474594158505,-3.356694918831701
160,1,1867.3333333333333,430.0,142,True,-2.5516215679560723,-2.5516215679560723,-5.103243135912145
160,2,1574.0,235.0,137,True,-1.5917925662565646,-1.5917925662565646,-3.1835851325131292
160,3,1712.5,259.0,138,True,-1.7464274379023033,-1.7464274379023033,-3.4928548758046065
161,0,1438.1666666666665,235.0,137,True,-1.5433714510856043,-1.5433714510856043,-3.0867429021712085
161,1,1493.1666666666665,235.0,137,True,-1.562977546798999,-1.562977546798999,-3.125955093597998
161,2,1559.0,301.0,138,True,-1.8759191334543466,-1.8759191334543466,-3.751838266908693
161,3,1450.1666666666665,235.0,137,True,-1.5476491446958003,-1.5476491446958003,-3.0952982893916006
162,0,1461.1666666666665,184.0,136,True,-1.327886153312163,-1.327886153312163,-2.655772306624326
162,1,1492.0,235.0,137,True,-1.56256165992023,-1.56256165992023,-3.12512331984046
162,2,1461.1666666666665,235.0,137,True,-1.5515703638384788,-1.5515703638384788,-3.1031407276769576
162,3,1513.0,235.0,137,True,-1.5700476237380712,-1.5700476237380712,-3.1400952474761423
163,0,1418.1666666666665,235.0,137,True,-1.5362419617352794,-1.5362419617352794,-3.0724839234705588
163,1,1381.1666666666665,184.0,136,True,-1.299368195910862,-1.299368195910862,-2.598736391821724
163,2,1518.9999999999998,320.0,139,True,-1.9449934880870283,-1.9449934880870283,-3.8899869761740566
163,3,1490.0,320.0,139,True,-1.934655728529058,-1.934655728529058,-3.869311457058116
164,0,1486.1666666666665,235.0,137,True,-1.5604822255263853,-1.5604822255263853,-3.1209644510527705
164,1,1506.1666666666665,264.0,137,True,-1.694804697332851,-1.694804697332851,-3.389609394665702
164,2,1520.1666666666665,235.0,137,True,-1.5726023574219379,-1.5726023574219379,-3.1452047148438758
164,3,1482.0,272.0,137,True,-1.721277616999454,-1.721277616999454,-3.442555233998908
165,0,1349.1666666666665,184.0,136,True,-1.287961012950341,-1.287961012950341,-2.575922025900682
165,1,1550.1666666666665,235.0,137,True,-1.583296591447426,-1.583296591447426,-3.166593182894852
165,2,1518.0,264.0,137,True,-1.6990229785317927,-1.6990229785317927,-3.3980459570635855
165,3,1481.0,184.0,136,True,-1.3349562302512354,-1.3349562302512354,-2.669912460502471
166,0,1549.0,306.0,139,True,-1.8942842133405875,-1.8942842133405875,-3.788568426681175
166,1,1675.1666666666667,323.0,139,True,-2.0138208121676615,-2.0138208121676615,-4.027641624335323
166,2,1598.1666666666667,323.0,139,True,-1.9863722781689084,-1.9863722781689084,-3.9727445563378168
166,3,1535.0,221.0,137,True,-1.5164865532515006,-1.5164865532515006,-3.0329731065030012
167,0,1612.1666666666667,323.0,139,True,-1.9913629207141366,-1.9913629207141366,-3.982725841428273
167,1,1683.1666666666667,408.0,141,True,-2.389479625451652,-2.389479625451652,-4.778959250903304
167,2,1707.1666666666665,435.0,141,True,-2.5164560653036205,-2.5164560653036205,-5.032912130607241
167,3,1622.1666666666667,248.0,137,True,-1.665980296968247,-1.665980296968247,-3.331960593936494
168,0,1572.1666666666667,248.0,137,True,-1.648156573592433,-1.648156573592433,-3.296313147184866
168,1,1607.1666666666667,323.0,139,True,-1.989580548376555,-1.989580548376555,-3.97916109675311
168,2,1590.0,211.0,137,True,-1.4922329998420873,-1.4922329998420873,-2.9844659996841747
168,3,1590.1666666666667,323.0,139,True,-1.9835204824287789,-1.9835204824287789,-3.9670409648575577
169,0,1596.1666666666667,248.0,137,True,-1.6567119608128233,-1.6567119608128233,-3.3134239216256467
169,1,1496.6666666666667,221.0,137,True,-1.5028216986633767,-1.5028216986633767,-3.0056433973267533
169,2,1513.0,221.0,137,True,-1.5086441149661414,-1.5086441149661414,-3.0172882299322827
169,3,1588.6666666666667,269.0,138,True,-1.7461436654643459,-1.7461436654643459,-3.4922873309286917
170,0,1608.6666666666667,136.0,135,True,-1.169939821481338,-1.169939821481338,-2.339879642962676
170,1,1663.6666666666665,248.0,137,True,-1.6807739873701715,-1.6807739873701715,-3.361547974740343
170,2,1519.0,310.0,139,True,-1.9011338389642216,-1.9011338389642216,-3.8022676779284432
170,3,1673.6666666666667,323.0,139,True,-2.0132861004663862,-2.0132861004663862,-4.0265722009327725
171,0,1761.3333333333335,435.0,140,True,-2.5357650989607516,-2.5357650989607516,-5.071530197921503
171,1,1457.0,187.0,135,True,-1.339558737767688,-1.339558737767688,-2.679117475535376
171,2,1585.1666666666667,323.0,139,True,-1.9817381100911975,-1.9817381100911975,-3.963476220182395
171,3,1598.5,211.0,137,True,-1.495263032815975,-1.495263032815975,-2.99052606563195
172,0,1565.8333333333335,347.0,139,True,-2.08010942828062,-2.08010942828062,-4.16021885656124
172,1,1555.6666666666667,318.0,139,True,-1.9492922887380637,-1.9492922887380637,-3.8985845774761274
172,2,1463.8333333333335,262.0,137,True,-1.6709420150501015,-1.6709420150501015,-3.341884030100203
172,3,1504.8333333333335,199.0,136,True,-1.409241678744584,-1.409241678744584,-2.818483357489168
173,0,1550.5,189.0,136,True,-1.3816610303050196,-1.3816610303050196,-2.7633220606100393
173,1,1447.3333333333333,250.0,137,True,-1.6124286073887146,-1.6124286073887146,-3.2248572147774293
173,2,1717.8333333333333,310.0,138,True,-1.9720128455887056,-1.9720128455887056,-3.944025691177411
173,3,1623.8333333333333,247.0,137,True,-1.662188456168492,-1.662188456168492,-3.324376912336984
174,0,1499.0000000000002,400.0,140,True,-2.2887411917191605,-2.2887411917191605,-4.577482383438321
174,1,1715.166666666667,413.0,140,True,-2.4228166329735763,-2.4228166329735763,-4.845633265947153
174,2,1621.8333333333335,228.0,136,True,-1.5781421739001273,-1.5781421739001273,-3.1562843478002547
174,3,1631.8333333333333,136.0,135,True,-1.178198146645465,-1.178198146645465,-2.35639629329093
175,0,1522.6666666666667,262.0,137,True,-1.6919145962223079,-1.6919145962223079,-3.3838291924446158
175,1,1600.8333333333333,269.0,137,True,-1.7504807714857944,-1.7504807714857944,-3.500961542971589
175,2,1531.6666666666667,361.0,139,True,-2.129333392745744,-2.129333392745744,-4.258666785491488
175,3,1544.9999999999998,347.0,139,True,-2.072682876874031,-2.072682876874031,-4.145365753748062
176,0,1766.5,337.0,139,True,-2.107782322306077,-2.107782322306077,-4.215564644612154
176,1,1785.5,385.0,140,True,-2.3250816529783584,-2.3250816529783584,-4.650163305956717
176,2,1555.8333333333333,269.0,138,True,-1.734439420447562,-1.734439420447562,-3.468878840895124
176,3,1444.8333333333335,250.0,137,True,-1.6115374212199243,-1.6115374212199243,-3.2230748424398485
177,0,1451.8333333333335,228.0,136,True,-1.5175415144223625,-1.5175415144223625,-3.035083028844725
177,1,1486.0,298.0,138,True,-1.836738602588818,-1.836738602588818,-3.673477205177636
177,2,1555.8333333333335,250.0,137,True,-1.651106087114229,-1.651106087114229,-3.302212174228458
177,3,1589.8333333333335,228.0,136,True,-1.5667349909396058,-1.5667349909396058,-3.1334699818792116
178,0,1572.0000000000002,226.0,136,True,-1.5516059331110055,-1.5516059331110055,-3.103211866222011
178,1,1599.166666666667,338.0,138,True,-2.052518226320636,-2.052518226320636,-4.105036452641272
178,2,1712.5,260.0,138,True,-1.750813402814584,-1.750813402814584,-3.501626805629168
178,3,1629.5,286.0,138,True,-1.8352611097300322,-1.8352611097300322,-3.6705222194600644
179,0,1417.1666666666665,184.0,136,True,-1.3122012767414473,-1.3122012767414473,-2.6244025534828945
179,1,1690.5,252.0,137,True,-1.7078832452309813,-1.7078832452309813,-3.4157664904619627
179,2,1346.1666666666665,184.0,136,True,-1.286891589547793,-1.286891589547793,-2.573783179095586
179,3,1407.1666666666665,235.0,137,True,-1.5323207425926,-1.5323207425926,-3.0646414851852
180,0,1404.1666666666665,233.0,137,True,-1.522479389365491,-1.522479389365491,-3.044958778730982
180,1,1402.8333333333335,162.0,135,True,-1.2106005813035396,-1.2106005813035396,-2.4212011626070793
180,2,1497.8333333333335,250.0,137,True,-1.6304305679982862,-1.6304305679982862,-3.2608611359965725
180,3,1425.1666666666665,213.0,136,True,-1.442246054937718,-1.442246054937718,-2.884492109875436
181,0,1317.0,136.0,135,True,-1.0659681017890938,-1.0659681017890938,-2.1319362035781877
181,1,1433.8333333333335,213.0,136,True,-1.4453355003228587,-1.4453355003228587,-2.8906710006457175
181,2,1641.8333333333333,206.0,137,True,-1.4887804351802758,-1.4887804351802758,-2.9775608703605516
181,3,1603.0,158.0,136,True,-1.2644110275689209,-1.2644110275689209,-2.5288220551378418
182,0,1371.8333333333335,162.0,135,True,-1.1995498728105352,-1.1995498728105352,-2.3990997456210703
182,1,1625.5,259.0,138,True,-1.7154141592283885,-1.7154141592283885,-3.430828318456777
182,2,1480.0,320.0,139,True,-1.9310909838538957,-1.9310909838538957,-3.8621819677077913
182,3,1422.1666666666665,213.0,136,True,-1.4411766315351693,-1.4411766315351693,-2.8823532630703386
183,0,1417.8333333333335,199.0,136,True,-1.378228400070669,-1.378228400070669,-2.756456800141338
183,1,1400.8333333333335,276.0,137,True,-1.7098876323685062,-1.7098876323685062,-3.4197752647370123
183,2,1413.0,184.0,136,True,-1.3107159664601298,-1.3107159664601298,-2.6214319329202596
183,3,1519.4999999999998,311.0,138,True,-1.9056980411102604,-1.9056980411102604,-3.811396082220521
184,0,1509.1666666666667,422.0,141,True,-2.3888565768757513,-2.3888565768757513,-4.7777131537515025
184,1,1683.6666666666665,301.0,138,True,-1.9203596170713753,-1.9203596170713753,-3.8407192341427505
184,2,1487.0000000000002,301.0,138,True,-1.8502529717931753,-1.8502529717931753,-3.7005059435863505
184,3,1605.5,296.0,139,True,-1.8705653716324488,-1.8705653716324488,-3.7411307432648977
185,0,1543.5,323.0,139,True,-1.96688500727802,-1.96688500727802,-3.93377001455604
185,1,1618.166666666667,338.0,138,True,-2.0592912412034456,-2.0592912412034456,-4.118582482406891
185,2,1781.1666666666665,435.0,141,True,-2.5428351758998238,-2.5428351758998238,-5.0856703517996475
185,3,1780.6666666666665,431.0,141,True,-2.5251130790169434,-2.5251130790169434,-5.050226158033887
186,0,1672.6666666666665,338.0,138,True,-2.0787190996830818,-2.0787190996830818,-4.1574381993661635
186,1,1538.8333333333335,335.0,139,True,-2.0178530387103124,-2.0178530387103124,-4.035706077420625
186,2,1480.8333333333335,213.0,136,True,-1.4620898002961236,-1.4620898002961236,-2.924179600592247
186,3,1631.0000000000002,248.0,137,True,-1.66912915476464,-1.66912915476464,-3.33825830952928
187,0,1565.1666666666667,333.0,139,True,-2.018468269863679,-2.018468269863679,-4.036936539727358
187,1,1655.0,320.0,139,True,-1.9934740156692405,-1.9934740156692405,-3.986948031338481
187,2,1389.1666666666665,184.0,136,True,-1.3022199916509924,-1.3022199916509924,-2.604439983301985
187,3,1477.8333333333335,284.0,138,True,-1.7724238856655046,-1.7724238856655046,-3.544847771331009
188,0,1458.0,221.0,137,True,-1.4890380192527473,-1.4890380192527473,-2.9780760385054945
188,1,1509.0,306.0,138,True,-1.8800252346399362,-1.8800252346399362,-3.7600504692798724
188,2,1445.1666666666665,184.0,136,True,-1.322182561831903,-1.322182561831903,-2.644365123663806
188,3,1563.0,357.0,140,True,-2.122959066412131,-2.122959066412131,-4.245918132824262
189,0,1489.1666666666667,248.0,137,True,-1.6185691927885832,-1.6185691927885832,-3.2371383855771665
189,1,1487.5000000000002,270.0,138,True,-1.7144662967462325,-1.7144662967462325,-3.428932593492465
189,2,1641.5,413.0,140,True,-2.396556347199877,-2.396556347199877,-4.793112694399754
189,3,1460.6666666666667,162.0,135,True,-1.2312166880082291,-1.2312166880082291,-2.4624333760164583
190,0,1485.6666666666667,255.0,138,True,-1.6480232865382407,-1.6480232865382407,-3.2960465730764814
190,1,1556.5000000000002,270.0,138,True,-1.7390630350048542,-1.7390630350048542,-3.4781260700097083
190,2,1474.6666666666667,162.0,135,True,-1.236207330553458,-1.236207330553458,-2.472414661106916
190,3,1548.6666666666667,233.0,137,True,-1.573989949921591,-1.573989949921591,-3.147979899843182
191,0,1542.6666666666667,292.0,139,True,-1.8306230329410536,-1.8306230329410536,-3.661246065882107
191,1,1362.1666666666665,184.0,136,True,-1.292595181028052,-1.292595181028052,-2.585190362056104
191,2,1487.6666666666667,292.0,139,True,-1.8110169372276603,-1.8110169372276603,-3.6220338744553207
191,3,1386.0,184.0,136,True,-1.3010911558371905,-1.3010911558371905,-2.602182311674381
192,0,1561.6666666666667,377.0,141,True,-2.2102030653677245,-2.2102030653677245,-4.420406130735449
192,1,1408.1666666666665,184.0,136,True,-1.3089930065338011,-1.3089930065338011,-2.6179860130676023
192,2,1421.6666666666667,162.0,135,True,-1.2173141837750956,-1.2173141837750956,-2.434628367550191
192,3,1439.1666666666665,162.0,135,True,-1.2235524869566303,-1.2235524869566303,-2.4471049739132607
193,0,1475.1666666666665,162.0,135,True,-1.236385567787215,-1.236385567787215,-2.47277113557443
193,1,1396.0,184.0,135,True,-1.3046559005123533,-1.3046559005123533,-2.6093118010247065
193,2,1539.5000000000002,233.0,137,True,-1.5707222673026904,-1.5707222673026904,-3.1414445346053808
193,3,1408.8333333333335,250.0,137,True,-1.5987043403893382,-1.5987043403893382,-3.1974086807786763
194,0,1461.8333333333335,250.0,137,True,-1.6175974871677004,-1.6175974871677004,-3.2351949743354007
194,1,1613.1666666666667,323.0,139,True,-1.9917193951816528,-1.9917193951816528,-3.9834387903633055
194,2,1444.5,225.0,136,True,-1.5017694735904004,-1.5017694735904004,-3.0035389471808007
194,3,1537.6666666666667,221.0,136,True,-1.5174371518315428,-1.5174371518315428,-3.0348743036630856
195,0,1589.6666666666665,114.0,134,True,-1.0666755785283542,-1.0666755785283542,-2.1333511570567083
195,1,1507.8333333333335,177.0,135,True,-1.3138198740769569,-1.3138198740769569,-2.6276397481539138
195,2,1462.8333333333335,199.0,136,True,-1.394269751108902,-1.394269751108902,-2.788539502217804
195,3,1638.5,252.0,137,True,-1.6893465729201347,-1.6893465729201347,-3.3786931458402694
196,0,1520.8333333333335,189.0,136,True,-1.371085621102037,-1.371085621102037,-2.742171242204074
196,1,1470.1666666666665,162.0,135,True,-1.2346031954496344,-1.2346031954496344,-2.4692063908992687
196,2,1747.0000000000002,376.0,140,True,-2.2718837017684566,-2.2718837017684566,-4.543767403536913
196,3,1620.8333333333335,189.0,136,True,-1.406733067853663,-1.406733067853663,-2.813466135707326
197,0,1471.8333333333335,199.0,136,True,-1.397478021316547,-1.397478021316547,-2.794956042633094
197,1,1585.8333333333335,211.0,137,True,-1.49074768956077,-1.49074768956077,-2.98149537912154
197,2,1395.8333333333335,114.0,134,True,-0.9975789442414514,-0.9975789442414514,-1.9951578884829029
197,3,1441.8333333333335,199.0,136,True,-1.386783787291059,-1.386783787291059,-2.773567574582118
198,0,1503.6666666666667,184.0,135,True,-1.3430363181816038,-1.3430363181816038,-2.6860726363632077
198,1,1520.6666666666667,114.0,134,True,-1.0420788402697323,-1.0420788402697323,-2.0841576805394646
198,2,1594.0,211.0,136,True,-1.4936588977121517,-1.4936588977121517,-2.9873177954243033
198,3,1500.8333333333335,250.0,137,True,-1.6314999914008341,-1.6314999914008341,-3.2629999828016683
199,0,1593.8333333333335,250.0,137,True,-1.6646521168798476,-1.6646521168798476,-3.329304233759695
199,1,1507.8333333333335,276.0,137,True,-1.7480304003927467,-1.7480304003927467,-3.4960608007854934
199,2,1527.8333333333335,114.0,134,True,-1.0446335739535986,-1.0446335739535986,-2.089267147907197
199,3,1574.0000000000002,301.0,138,True,-1.881266250467091,-1.881266250467091,-3.762532500934182
200,0,1472.0000000000002,226.0,136,True,-1.5159584863593787,-1.5159584863593787,-3.0319169727187574
200,1,1611.1666666666665,189.0,136,True,-1.4032871480010058,-1.4032871480010058,-2.8065742960020117
200,2,1485.8333333333335,177.0,135,True,-1.3059774357915992,-1.3059774357915992,-2.6119548715831984
200,3,1715.0000000000002,289.0,137,True,-1.878897571439515,-1.878897571439515,-3.75779514287903
201,0,1350.8333333333335,191.0,135,True,-1.3192568914488336,-1.3192568914488336,-2.6385137828976672
201,1,1697.6666666666665,226.0,136,True,-1.596402891195549,-1.596402891195549,-3.192805782391098
201,2,1585.0000000000002,301.0,138,True,-1.885187469609769,-1.885187469609769,-3.770374939219538
201,3,1741.166666666667,435.0,141,True,-2.528576197199175,-2.528576197199175,-5.05715239439835
202,0,1464.6666666666667,162.0,135,True,-1.2326425858782946,-1.2326425858782946,-2.465285171756589
202,1,1579.6666666666667,386.0,139,True,-2.2560932899935424,-2.2560932899935424,-4.512186579987085
202,2,1643.6666666666665,226.0,136,True,-1.577153269949671,-1.577153269949671,-3.154306539899342
202,3,1447.1666666666665,162.0,135,True,-1.2264042826967596,-1.2264042826967596,-2.452808565393519
203,0,1428.1666666666665,213.0,136,True,-1.443315478340267,-1.443315478340267,-2.886630956680534
203,1,1489.8333333333335,228.0,136,True,-1.53108754418798,-1.53108754418798,-3.06217508837596
203,2,1445.8333333333335,213.0,136,True,-1.4496131939330543,-1.4496131939330543,-2.8992263878661086
203,3,1504.6666666666667,247.0,136,True,-1.619708582122805,-1.619708582122805,-3.23941716424561
204,0,1485.8333333333335,213.0,136,True,-1.4638721726337045,-1.4638721726337045,-2.927744345267409
204,1,1470.8333333333335,228.0,136,True,-1.524314529305171,-1.524314529305171,-3.048629058610342
204,2,1630.5,189.0,136,True,-1.4101789877063204,-1.4101789877063204,-2.820357975412641
204,3,1605.5,301.0,138,True,-1.8924951961938523,-1.8924951961938523,-3.7849903923877046
205,0,1417.1666666666665,247.0,137,True,-1.5885170662151322,-1.5885170662151322,-3.1770341324302644
205,1,1531.6666666666667,185.0,136,True,-1.357403568184341,-1.357403568184341,-2.714807136368682
205,2,1820.1666666666667,355.0,140,True,-2.205860487150502,-2.205860487150502,-4.411720974301004
205,3,1468.8333333333335,247.0,137,True,-1.6069349137034714,-1.6069349137034714,-3.213869827406943
206,0,1405.1666666666665,235.0,137,True,-1.5316077936575683,-1.5316077936575683,-3.0632155873151365
206,1,1647.6666666666667,297.0,138,True,-1.8899826765916647,-1.8899826765916647,-3.7799653531833295
206,2,1413.1666666666665,298.0,138,True,-1.8107753788713827,-1.8107753788713827,-3.6215507577427655
206,3,1604.6666666666665,297.0,138,True,-1.8746542744884669,-1.8746542744884669,-3.7493085489769338
207,0,1679.8333333333335,319.0,139,True,-1.9979405000336141,-1.9979405000336141,-3.9958810000672282
207,1,1505.6666666666665,207.0,137,True,-1.4446264600990928,-1.4446264600990928,-2.8892529201981856
207,2,1668.3333333333335,360.0,138,True,-2.1736656050606857,-2.1736656050606857,-4.3473312101213715
207,3,1608.6666666666667,381.0,141,True,-2.24450122499011,-2.24450122499011,-4.48900244998022
208,0,1416.6666666666667,255.0,138,True,-1.6234265482796206,-1.6234265482796206,-3.2468530965592413
208,1,1419.1666666666665,213.0,136,True,-1.4401072081326205,-1.4401072081326205,-2.880214416265241
208,2,1857.8333333333333,354.0,140,True,-2.2149017271813345,-2.2149017271813345,-4.429803454362669
208,3,1398.6666666666667,184.0,136,True,-1.3056064990923963,-1.3056064990923963,-2.6112129981847927
209,0,1624.6666666666667,304.0,139,True,-1.9124855182247569,-1.9124855182247569,-3.8249710364495138
209,1,1490.6666666666667,255.0,137,True,-1.6498056588758232,-1.6498056588758232,-3.2996113177516464
209,2,1434.8333333333335,162.0,135,True,-1.2220077642640599,-1.2220077642640599,-2.4440155285281198
209,3,1479.0,136.0,135,True,-1.1237169655267292,-1.1237169655267292,-2.2474339310534583
210,0,1457.1666666666665,162.0,135,True,-1.2299690273719222,-1.2299690273719222,-2.4599380547438443
210,1,1516.5,274.0,138,True,-1.7423479159533273,-1.7423479159533273,-3.4846958319066546
210,2,1459.6666666666667,199.0,136,True,-1.3931409152950989,-1.3931409152950989,-2.7862818305901977
210,3,1815.0,286.0,139,True,-1.9013871234542987,-1.9013871234542987,-3.8027742469085974
211,0,1493.6666666666667,162.0,135,True,-1.2429803454362662,-1.2429803454362662,-2.4859606908725325
211,1,1325.0,184.0,136,True,-1.2793462133186975,-1.2793462133186975,-2.558692426637395
211,2,1429.6666666666667,184.0,136,True,-1.3166572075854004,-1.3166572075854004,-2.633314415170801
211,3,1296.6666666666667,136.0,135,True,-1.0587197876162633,-1.0587197876162633,-2.1174395752325266
212,0,1404.6666666666667,162.0,135,True,-1.2112541178273184,-1.2112541178273184,-2.422508235654637
212,1,1462.8333333333335,199.0,136,True,-1.3942697511089006,-1.3942697511089006,-2.7885395022178012
212,2,1405.1666666666665,162.0,135,True,-1.2114323550610764,-1.2114323550610764,-2.4228647101221528
212,3,1383.1666666666665,213.0,136,True,-1.4272741273020348,-1.4272741273020348,-2.8545482546040697
213,0,1433.0,187.0,136,True,-1.331003350547297,-1.331003350547297,-2.662006701094594
213,1,1893.1666666666667,353.0,141,True,-2.223111193454631,-2.223111193454631,-4.446222386909262
213,2,1705.8333333333335,319.0,139,True,-2.007208836189038,-2.007208836189038,-4.014417672378076
213,3,1660.5,301.0,138,True,-1.912101291907247,-1.912101291907247,-3.824202583814494
214,0,1649.6666666666665,274.0,138,True,-1.7898184325442412,-1.7898184325442412,-3.5796368650884824
214,1,1664.5000000000002,321.0,139,True,-2.001246488022926,-2.001246488022926,-4.002492976045852
214,2,1783.1666666666667,408.0,141,True,-2.425127072203278,-2.425127072203278,-4.850254144406556
214,3,1565.6666666666667,207.0,137,True,-1.4660149281500683,-1.4660149281500683,-2.9320298563001366
215,0,1692.6666666666665,260.0,138,True,-1.7437433258755108,-1.7437433258755108,-3.4874866517510217
215,1,1681.6666666666665,211.0,137,True,-1.5249098260310783,-1.5249098260310783,-3.0498196520621565
215,2,1713.0,136.0,135,True,-1.2071319909255358,-1.2071319909255358,-2.4142639818510716
215,3,1688.6666666666667,207.0,137,True,-1.5098612876545692,-1.5098612876545692,-3.0197225753091383
216,0,1732.3333333333333,278.0,138,True,-1.836830848174709,-1.836830848174709,-3.673661696349418
216,1,1838.6666666666665,199.0,136,True,-1.528244738483763,-1.528244738483763,-3.056489476967526
216,2,1700.1666666666667,331.0,139,True,-2.057820393153814,-2.057820393153814,-4.115640786307628
216,3,1838.6666666666667,367.0,141,True,-2.2650868437469214,-2.2650868437469214,-4.530173687493843
217,0,1724.0,136.0,135,True,-1.2110532100682132,-1.2110532100682132,-2.4221064201364264
217,1,1767.6666666666667,207.0,137,True,-1.5380227705883533,-1.5380227705883533,-3.0760455411767067
217,2,2033.1666666666665,515.0,144,True,-2.9835439346963795,-2.9835439346963795,-5.967087869392759
217,3,1804.5000000000002,260.0,137,True,-1.7836090538260807,-1.7836090538260807,-3.5672181076521614
218,0,1866.3333333333333,278.0,138,True,-1.8845984268218874,-1.8845984268218874,-3.7691968536437748
218,1,1833.4999999999998,367.0,141,True,-2.263245058998087,-2.263245058998087,-4.526490117996174
218,2,1833.666666666667,297.0,138,True,-1.9562869275496908,-1.9562869275496908,-3.9125738550993816
218,3,1852.4999999999998,367.0,141,True,-2.270018073880897,-2.270018073880897,-4.540036147761794
219,0,1818.8333333333333,381.0,141,True,-2.319420275579777,-2.319420275579777,-4.638840551159554
219,1,1785.9999999999998,457.0,142,True,-2.6410493638963275,-2.6410493638963275,-5.282098727792655
219,2,1727.0,211.0,136,True,-1.5410700018918158,-1.5410700018918158,-3.0821400037836315
219,3,1791.6666666666667,282.0,139,True,-1.8755255262297965,-1.8755255262297965,-3.751051052459593
220,0,1519.5000000000002,236.0,137,True,-1.576750672689208,-1.576750672689208,-3.153501345378416
220,1,1633.166666666667,323.0,139,True,-1.998848884531978,-1.998848884531978,-3.997697769063956
220,2,1602.5,189.0,136,True,-1.400197702615865,-1.400197702615865,-2.80039540523173
220,3,1632.4999999999998,311.0,138,True,-1.945979655939599,-1.945979655939599,-3.891959311879198
221,0,1481.0,211.0,137,True,-1.4533772828828153,-1.4533772828828153,-2.9067545657656306
221,1,1412.6666666666665,187.0,136,True,-1.3237550363744661,-1.3237550363744661,-2.6475100727489322
221,2,1488.5,189.0,136,True,-1.3595596133190113,-1.3595596133190113,-2.7191192266380226
221,3,1580.0000000000002,301.0,138,True,-1.8834050972721885,-1.8834050972721885,-3.766810194544377
222,0,1412.0,136.0,135,True,-1.0998331762031395,-1.0998331762031395,-2.199666352406279
222,1,1629.5,189.0,136,True,-1.4098225132388051,-1.4098225132388051,-2.8196450264776103
222,2,1589.0000000000002,301.0,138,True,-1.8866133674798344,-1.8866133674798344,-3.773226734959669
222,3,1638.5,323.0,139,True,-2.0007500816920647,-2.0007500816920647,-4.001500163384129
223,0,1622.1666666666667,323.0,138,True,-1.9949276653892993,-1.9949276653892993,-3.9898553307785987
223,1,1669.0000000000002,311.0,138,True,-1.958990974003943,-1.958990974003943,-3.917981948007886
223,2,1712.1666666666665,211.0,137,True,-1.5357822972903237,-1.5357822972903237,-3.0715645945806473
223,3,1802.166666666667,498.0,142,True,-2.826636929191349,-2.826636929191349,-5.653273858382698
224,0,1538.5,323.0,139,True,-1.9651026349404375,-1.9651026349404375,-3.930205269880875
224,1,1603.5,301.0,138,True,-1.8917822472588204,-1.8917822472588204,-3.7835644945176408
224,2,1466.0000000000002,226.0,136,True,-1.513819639554281,-1.513819639554281,-3.027639279108562
224,3,1722.0000000000002,386.0,139,True,-2.3068314892033577,-2.3068314892033577,-4.613662978406715
225,0,1684.1666666666665,323.0,139,True,-2.017029082375308,-2.017029082375308,-4.034058164750616
225,1,1738.4999999999998,423.0,140,True,-2.474994019671762,-2.474994019671762,-4.949988039343524
225,2,1645.1666666666665,301.0,138,True,-1.9066353500719975,-1.9066353500719975,-3.813270700143995
225,3,1576.0000000000002,277.0,137,True,-1.776716041507386,-1.776716041507386,-3.553432083014772
226,0,1532.6666666666665,226.0,136,True,-1.5375846040553656,-1.5375846040553656,-3.075169208110731
226,1,1612.5,301.0,138,True,-1.894990517466466,-1.894990517466466,-3.789981034932932
226,2,1425.1666666666667,299.0,138,True,-1.8194390373938583,-1.8194390373938583,-3.6388780747877165
226,3,1591.5,189.0,136,True,-1.3962764834731858,-1.3962764834731858,-2.7925529669463716
227,0,1516.0000000000002,301.0,138,True,-1.8605907313511474,-1.8605907313511474,-3.7211814627022948
227,1,1630.0000000000002,301.0,138,True,-1.9012288206480012,-1.9012288206480012,-3.8024576412960025
227,2,1676.0000000000002,386.0,140,True,-2.2904336636976095,-2.2904336636976095,-4.580867327395219
227,3,1599.0000000000002,301.0,138,True,-1.8901781121549972,-1.8901781121549972,-3.7803562243099944
228,0,1541.1666666666667,248.0,137,True,-1.637105865099429,-1.637105865099429,-3.274211730198858
228,1,1456.6666666666667,114.0,134,True,-1.0192644743486916,-1.0192644743486916,-2.038528948697383
228,2,1575.0000000000002,301.0,138,True,-1.8816227249346063,-1.8816227249346063,-3.7632454498692125
228,3,1519.0000000000002,226.0,136,True,-1.5327127863326437,-1.5327127863326437,-3.0654255726652875
229,0,1562.1666666666667,323.0,139,True,-1.9735391973383232,-1.9735391973383232,-3.9470783946766463
229,1,1435.0000000000002,277.0,137,True,-1.7264531415875928,-1.7264531415875928,-3.4529062831751856
229,2,1762.6666666666665,301.0,138,True,-1.948521100005159,-1.948521100005159,-3.897042200010318
229,3,1710.0000000000002,311.0,138,True,-1.9736064271721097,-1.9736064271721097,-3.9472128543442193
230,0,1574.0000000000002,301.0,138,True,-1.8812662504670905,-1.8812662504670905,-3.762532500934181
230,1,1468.0000000000002,277.0,137,True,-1.7382167990156296,-1.7382167990156296,-3.4764335980312593
230,2,1482.0000000000002,299.0,138,True,-1.8396986696310325,-1.8396986696310325,-3.679397339262065
230,3,1639.0000000000002,301.0,138,True,-1.9044370908556485,-1.9044370908556485,-3.808874181711297
231,0,1556.6666666666665,248.0,137,True,-1.6426312193459311,-1.6426312193459311,-3.2852624386918623
231,1,1558.0000000000002,301.0,138,True,-1.8755626589868304,-1.8755626589868304,-3.7511253179736608
231,2,1744.6666666666665,338.0,138,True,-2.1043852613442535,-2.1043852613442535,-4.208770522688507
231,3,1745.0000000000002,311.0,138,True,-1.9860830335351785,-1.9860830335351785,-3.972166067070357
232,0,1659.0000000000002,311.0,138,True,-1.9554262293287796,-1.9554262293287796,-3.9108524586575593
232,1,1640.0000000000002,311.0,138,True,-1.94865321444597,-1.94865321444597,-3.89730642889194
232,2,1522.0000000000002,301.0,138,True,-1.8627295781562443,-1.8627295781562443,-3.7254591563124886
232,3,1650.0000000000002,362.0,139,True,-2.1759021696474483,-2.1759021696474483,-4.351804339294897
233,0,1595.0000000000002,301.0,138,True,-1.8887522142849322,-1.8887522142849322,-3.7775044285698645
233,1,1464.0000000000002,226.0,136,True,-1.5131066906192492,-1.5131066906192492,-3.0262133812384984
233,2,1528.5,349.0,139,True,-2.075572977984575,-2.075572977984575,-4.15114595596915
233,3,1357.0,136.0,135,True,-1.0802270804897451,-1.0802270804897451,-2.1604541609794903
234,0,1622.5000000000002,301.0,138,True,-1.8985552621416293,-1.8985552621416293,-3.7971105242832586
234,1,1569.0000000000002,226.0,136,True,-1.5505365097084565,-1.5505365097084565,-3.101073019416913
234,2,1560.6666666666667,226.0,136,True,-1.5475658891458206,-1.5475658891458206,-3.095131778291641
234,3,1862.3333333333337,610.0,143,True,-3.3393128798290177,-3.3393128798290177,-6.678625759658035
235,0,1656.0000000000002,311.0,138,True,-1.9543568059262308,-1.9543568059262308,-3.9087136118524617
235,1,1770.6666666666667,382.0,140,True,-2.306636053640026,-2.306636053640026,-4.613272107280052
235,2,1556.1666666666667,248.0,137,True,-1.6424529821121732,-1.6424529821121732,-3.2849059642243463
235,3,1518.6666666666665,226.0,136,True,-1.5325939615101372,-1.5325939615101372,-3.0651879230202743
236,0,1598.6666666666665,226.0,136,True,-1.5611119189114386,-1.5611119189114386,-3.1222238378228773
236,1,1505.5,211.0,137,True,-1.4621109073369625,-1.4621109073369625,-2.924221814673925
236,2,1628.0000000000002,362.0,139,True,-2.1680597313620917,-2.1680597313620917,-4.3361194627241835
236,3,1489.5000000000002,236.0,137,True,-1.5660564386637204,-1.5660564386637204,-3.1321128773274407
237,0,1568.0000000000002,226.0,136,True,-1.55018003524094,-1.55018003524094,-3.10036007048188
237,1,1831.5,386.0,140,True,-2.3458654433963892,-2.3458654433963892,-4.6917308867927785
237,2,1643.4999999999998,311.0,138,True,-1.9499008750822775,-1.9499008750822775,-3.899801750164555
237,3,1599.5,372.0,140,True,-2.201759858160686,-2.201759858160686,-4.403519716321372
238,0,1406.6666666666667,140.0,134,True,-1.1154758386921761,-1.1154758386921761,-2.2309516773843523
238,1,1420.6666666666667,114.0,134,True,-1.0064313935181055,-1.0064313935181055,-2.012862787036211
238,2,1558.1666666666665,189.0,136,True,-1.3843940012226439,-1.3843940012226439,-2.7687880024452878
238,3,1554.5,189.0,136,True,-1.3830869281750848,-1.3830869281750848,-2.7661738563501697
239,0,1553.5,301.0,138,True,-1.8739585238830065,-1.8739585238830065,-3.747917047766013
239,1,1645.6666666666667,311.0,138,True,-1.9506732364285624,-1.9506732364285624,-3.9013464728571248
239,2,1534.8333333333335,335.0,139,True,-2.0164271408402477,-2.0164271408402477,-4.032854281680495
239,3,1503.6666666666667,162.0,135,True,-1.246545090111429,-1.246545090111429,-2.493090180222858
240,0,1504.6666666666667,297.0,138,True,-1.83900682773684,-1.83900682773684,-3.67801365547368
240,1,1440.1666666666665,162.0,135,True,-1.2239089614241467,-1.2239089614241467,-2.4478179228482935
240,2,1504.6666666666667,226.0,136,True,-1.5276033189649096,-1.5276033189649096,-3.0552066379298193
240,3,1536.1666666666665,213.0,136,True,-1.4818147208320234,-1.4818147208320234,-2.9636294416640467
241,0,1573.8333333333335,313.0,138,True,-1.9338384170032066,-1.9338384170032066,-3.867676834006413
241,1,1561.1666666666665,213.0,136,True,-1.490726582519931,-1.490726582519931,-2.981453165039862
241,2,1514.6666666666667,381.0,140,True,-2.2109926250435814,-2.2109926250435814,-4.421985250087163
241,3,1508.8333333333335,276.0,137,True,-1.7483868748602631,-1.7483868748602631,-3.4967737497205262
242,0,1625.5,371.0,140,True,-2.2066422294038275,-2.2066422294038275,-4.413284458807655
242,1,1545.8333333333335,276.0,137,True,-1.7615764301583643,-1.7615764301583643,-3.5231528603167286
242,2,1484.6666666666667,199.0,136,True,-1.4020527769830065,-1.4020527769830065,-2.804105553966013
242,3,1504.6666666666667,226.0,136,True,-1.52760331896491,-1.52760331896491,-3.05520663792982
243,0,1611.6666666666667,225.0,136,True,-1.5613601220768698,-1.5613601220768698,-3.1227202441537396
243,1,1454.6666666666667,177.0,135,True,-1.2948673148873426,-1.2948673148873426,-2.5897346297746853
243,2,1660.8333333333335,250.0,137,True,-1.688535906203437,-1.688535906203437,-3.377071812406874
243,3,1627.8333333333335,199.0,136,True,-1.4530880382490847,-1.4530880382490847,-2.9061760764981694
244,0,1457.6666666666667,199.0,136,True,-1.3924279663600674,-1.3924279663600674,-2.7848559327201348
244,1,1412.1666666666665,213.0,136,True,-1.4376118868600065,-1.4376118868600065,-2.875223773720013
244,2,1579.4999999999998,311.0,138,True,-1.9270865091612361,-1.9270865091612361,-3.8541730183224723
244,3,1529.6666666666667,162.0,135,True,-1.2558134262668523,-1.2558134262668523,-2.5116268525337047
245,0,1408.6666666666667,233.0,137,True,-1.5240835244693136,-1.5240835244693136,-3.048167048938627
245,1,1429.5000000000002,284.0,138,True,-1.7551942864022188,-1.7551942864022188,-3.5103885728044375
245,2,1471.6666666666667,162.0,135,True,-1.2351379071509085,-1.2351379071509085,-2.470275814301817
245,3,1540.6666666666667,114.0,134,True,-1.0492083296200572,-1.0492083296200572,-2.0984166592401143
246,0,1515.8333333333335,213.0,136,True,-1.474566406659193,-1.474566406659193,-2.949132813318386
246,1,1387.6666666666667,162.0,135,True,-1.2051940518795419,-1.2051940518795419,-2.4103881037590837
246,2,1536.6666666666667,162.0,135,True,-1.2583087475394652,-1.2583087475394652,-2.5166174950789304
246,3,1452.1666666666665,237.0,137,True,-1.557134023455394,-1.557134023455394,-3.114268046910788
247,0,1496.8333333333335,361.0,139,True,-2.1169161987939273,-2.1169161987939273,-4.233832397587855
247,1,1517.6666666666667,177.0,135,True,-1.3173252063408674,-1.3173252063408674,-2.6346504126817347
247,2,1504.6666666666667,225.0,136,True,-1.5232173540526295,-1.5232173540526295,-3.046434708105259
247,3,1720.5,237.0,137,True,-1.6527880055722586,-1.6527880055722586,-3.305576011144517
248,0,1426.8333333333335,228.0,136,True,-1.5086296527344556,-1.5086296527344556,-3.017259305468911
248,1,1357.1666666666665,213.0,136,True,-1.418005791146612,-1.418005791146612,-2.836011582293224
248,2,1361.8333333333335,114.0,134,True,-0.9854588123458983,-0.9854588123458983,-1.9709176246917965
248,3,1432.6666666666667,162.0,135,True,-1.2212354029177745,-1.2212354029177745,-2.442470805835549
249,0,1439.1666666666665,162.0,135,True,-1.2235524869566294,-1.2235524869566294,-2.447104973913259
249,1,1614.6666666666667,225.0,136,True,-1.562429545479419,-1.562429545479419,-3.124859090958838
249,2,1521.8333333333335,213.0,136,True,-1.4767052534642908,-1.4767052534642908,-2.9534105069285816
249,3,1479.6666666666667,162.0,135,True,-1.237989702891039,-1.237989702891039,-2.475979405782078
250,0,1534.1666666666665,325.0,138,True,-1.9723298420724298,-1.9723298420724298,-3.9446596841448596
250,1,1591.1666666666667,323.0,139,True,-1.9838769568962953,-1.9838769568962953,-3.9677539137925906
250,2,1760.6666666666665,338.0,138,True,-2.110088852824513,-2.110088852824513,-4.220177705649026
250,3,1584.0000000000002,301.0,138,True,-1.8848309951422535,-1.8848309951422535,-3.769661990284507
251,0,1605.0,296.0,138,True,-1.8703871343986904,-1.8703871343986904,-3.740774268797381
251,1,1679.1666666666665,323.0,139,True,-2.0152467100377267,-2.0152467100377267,-4.030493420075453
251,2,1597.5000000000002,301.0,138,True,-1.8896434004537224,-1.8896434004537224,-3.7792868009074447
251,3,1653.5,386.0,138,True,-2.282412988178495,-2.282412988178495,-4.56482597635699
252,0,1492.0,235.0,137,True,-1.5625616599202297,-1.5625616599202297,-3.1251233198404593
252,1,1526.8333333333335,237.0,137,True,-1.583750783696609,-1.583750783696609,-3.167501567393218
252,2,1446.1666666666665,288.0,138,True,-1.7786793871766118,-1.7786793871766118,-3.5573587743532236
252,3,1501.1666666666665,237.0,136,True,-1.574601272363691,-1.574601272363691,-3.149202544727382
253,0,1474.1666666666665,237.0,137,True,-1.5649764617407516,-1.5649764617407516,-3.129952923481503
253,1,1564.8333333333335,288.0,138,True,-1.8209810239885416,-1.8209810239885416,-3.641962047977083
253,2,1427.1666666666665,237.0,136,True,-1.5482221617674876,-1.5482221617674876,-3.0964443235349752
253,3,1564.1666666666665,317.0,138,True,-1.9479363567996708,-1.9479363567996708,-3.8958727135993416
254,0,1454.0,213.0,136,True,-1.4525244020844372,-1.4525244020844372,-2.9050488041688745
254,1,1556.1666666666665,288.0,138,True,-1.8178915786034016,-1.8178915786034016,-3.635783157206803
254,2,1576.1666666666665,213.0,136,True,-1.4960736995326736,-1.4960736995326736,-2.992147399065347
254,3,1481.1666666666665,213.0,136,True,-1.4622086251186293,-1.4622086251186293,-2.9244172502372585
255,0,1427.8333333333335,237.0,137,True,-1.5484598114124992,-1.5484598114124992,-3.0969196228249984
255,1,1564.0,235.0,137,True,-1.588227821581401,-1.588227821581401,-3.176455643162802
255,2,1506.0,213.0,136,True,-1.4710610743952826,-1.4710610743952826,-2.942122148790565
255,3,1429.1666666666665,242.0,137,True,-1.5708649352639235,-1.5708649352639235,-3.141729870527847
256,0,1492.8333333333335,298.0,138,True,-1.8391745114501774,-1.8391745114501774,-3.678349022900355
256,1,1540.8333333333335,162.0,135,True,-1.2597940578207836,-1.2597940578207836,-2.519588115641567
256,2,1490.0,320.0,139,True,-1.9346557285290573,-1.9346557285290573,-3.8693114570581146
256,3,1612.6666666666667,162.0,135,True,-1.2854008070707017,-1.2854008070707017,-2.5708016141414034
257,0,1665.8333333333333,402.0,140,True,-2.3569849452076843,-2.3569849452076843,-4.713969890415369
257,1,1511.6666666666667,162.0,135,True,-1.2493968858515592,-1.2493968858515592,-2.4987937717031183
257,2,1590.6666666666667,247.0,137,True,-1.650365386329204,-1.650365386329204,-3.300730772658408
257,3,1541.8333333333335,213.0,136,True,-1.4838347428146152,-1.4838347428146152,-2.9676694856292305
258,0,1506.1666666666665,213.0,136,True,-1.4711204868065362,-1.4711204868065362,-2.9422409736130724
258,1,1431.0,235.0,137,True,-1.5408167174017373,-1.5408167174017373,-3.0816334348034746
258,2,1486.8333333333335,189.0,136,True,-1.3589654892064846,-1.3589654892064846,-2.7179309784129693
258,3,1599.0,272.0,138,True,-1.7629851296988566,-1.7629851296988566,-3.525970259397713
259,0,1487.8333333333335,213.0,136,True,-1.4645851215687378,-1.4645851215687378,-2.9291702431374755
259,1,1701.8333333333335,250.0,137,True,-1.7031513593716046,-1.7031513593716046,-3.406302718743209
259,2,1505.1666666666665,213.0,136,True,-1.470764012339019,-1.470764012339019,-2.941528024678038
259,3,1530.1666666666665,213.0,136,True,-1.479675874026926,-1.479675874026926,-2.959351748053852
260,0,1617.6666666666667,361.0,139,True,-2.159990196952145,-2.159990196952145,-4.31998039390429
260,1,1661.8333333333333,395.0,140,True,-2.324857292951656,-2.324857292951656,-4.649714585903312
260,2,1671.6666666666667,332.0,139,True,-2.0520468357418813,-2.0520468357418813,-4.104093671483763
260,3,1589.8333333333335,298.0,138,True,-1.8737525347992565,-1.8737525347992565,-3.747505069598513
261,0,1475.1666666666665,235.0,137,True,-1.5565610063837065,-1.5565610063837065,-3.113122012767413
261,1,1551.1666666666665,213.0,136,True,-1.4871618378447682,-1.4871618378447682,-2.9743236756895364
261,2,1503.8333333333335,276.0,137,True,-1.746604502522682,-1.746604502522682,-3.493209005045364
261,3,1600.4999999999998,199.0,136,True,-1.4433444028036393,-1.4433444028036393,-2.8866888056072786
262,0,1551.6666666666667,162.0,135,True,-1.26365586455221,-1.26365586455221,-2.52731172910442
262,1,1543.6666666666667,162.0,135,True,-1.2608040688120796,-1.2608040688120796,-2.5216081376241593
262,2,1488.1666666666665,213.0,136,True,-1.464703946391243,-1.464703946391243,-2.929407892782486
262,3,1450.5000000000002,233.0,137,True,-1.5389960396937443,-1.5389960396937443,-3.0779920793874886
263,0,1568.8333333333335,189.0,136,True,-1.3881963955428183,-1.3881963955428183,-2.7763927910856365
263,1,1398.8333333333335,189.0,136,True,-1.3275957360650528,-1.3275957360650528,-2.6551914721301055
263,2,1448.6666666666667,162.0,135,True,-1.2269389943980344,-1.2269389943980344,-2.453877988796069
263,3,1384.1666666666665,162.0,135,True,-1.203946391243236,-1.203946391243236,-2.407892782486472
264,0,1328.0,136.0,135,True,-1.0698893209317732,-1.0698893209317732,-2.1397786418635465
264,1,1500.8333333333335,250.0,137,True,-1.6314999914008348,-1.6314999914008348,-3.2629999828016696
264,2,1392.6666666666665,165.0,135,True,-1.2201343189539657,-1.2201343189539657,-2.4402686379079315
264,3,1498.1666666666665,242.0,137,True,-1.5954616735225462,-1.5954616735225462,-3.1909233470450924
265,0,1638.8333333333335,199.0,136,True,-1.457009257391764,-1.457009257391764,-2.914018514783528
265,1,1429.1666666666665,242.0,137,True,-1.570864935263924,-1.570864935263924,-3.141729870527848
265,2,1499.8333333333333,298.0,138,True,-1.8416698327227916,-1.8416698327227916,-3.683339665445583
265,3,1441.8333333333333,276.0,137,True,-1.7245030855366732,-1.7245030855366732,-3.4490061710733464
266,0,1401.8333333333335,276.0,137,True,-1.7102441068360223,-1.7102441068360223,-3.4204882136720447
266,1,1369.6666666666667,162.0,135,True,-1.19877751146425,-1.19877751146425,-2.3975550229285
266,2,1528.5,276.0,137,True,-1.755397539388082,-1.755397539388082,-3.510795078776164
266,3,1411.1666666666665,235.0,137,True,-1.5337466404626654,-1.5337466404626654,-3.067493280925331
267,0,1460.5,225.0,136,True,-1.5074730650706607,-1.5074730650706607,-3.0149461301413214
267,1,1644.5000000000002,301.0,138,True,-1.9063977004269872,-1.9063977004269872,-3.8127954008539744
267,2,1483.5000000000002,211.0,136,True,-1.4542684690516052,-1.4542684690516052,-2.9085369381032105
267,3,1450.0,242.0,137,True,-1.5782914866705129,-1.5782914866705129,-3.1565829733410258
268,0,1460.8333333333335,162.0,135,True,-1.2312761004194808,-1.2312761004194808,-2.4625522008389615
268,1,1488.0,213.0,136,True,-1.4646445339799898,-1.4646445339799898,-2.9292890679599797
268,2,1448.0,213.0,136,True,-1.4503855552793392,-1.4503855552793392,-2.9007711105586784
268,3,1507.0,298.0,138,True,-1.8442245664066585,-1.8442245664066585,-3.688449132813317
269,0,1335.8333333333335,114.0,134,True,-0.9761904761904759,-0.9761904761904759,-1.9523809523809519
269,1,1580.0000000000002,226.0,136,True,-1.5544577288511356,-1.5544577288511356,-3.1089154577022713
269,2,1619.0000000000002,311.0,138,True,-1.9411672506281294,-1.9411672506281294,-3.882334501256259
269,3,1448.0,213.0,136,True,-1.4503855552793399,-1.4503855552793399,-2.9007711105586798
270,0,1630.5,266.0,138,True,-1.7478982859519345,-1.7478982859519345,-3.495796571903869
270,1,1502.8333333333335,276.0,137,True,-1.7462480280551653,-1.7462480280551653,-3.4924960561103306
270,2,1481.3333333333333,228.0,136,True,-1.528057511214092,-1.528057511214092,-3.056115022428184
270,3,1450.0,213.0,136,True,-1.4510985042143714,-1.4510985042143714,-2.9021970084287427
271,0,1483.8333333333335,213.0,136,True,-1.463159223698672,-1.463159223698672,-2.926318447397344
271,1,1430.1666666666665,242.0,136,True,-1.5712214097314392,-1.5712214097314392,-3.1424428194628784
271,2,1530.8333333333333,317.0,138,True,-1.9360538745491305,-1.9360538745491305,-3.872107749098261
271,3,1412.1666666666665,162.0,135,True,-1.2139276763336906,-1.2139276763336906,-2.427855352667381
272,0,1554.0000000000002,301.0,138,True,-1.874136761116765,-1.874136761116765,-3.74827352223353
272,1,1715.0000000000002,437.0,141,True,-2.5280203784570614,-2.5280203784570614,-5.056040756914123
272,2,1582.0000000000002,301.0,138,True,-1.8841180462072211,-1.8841180462072211,-3.7682360924144422
272,3,1673.8333333333335,325.0,139,True,-2.0221174427022017,-2.0221174427022017,-4.0442348854044035
273,0,1587.5,301.0,138,True,-1.88607865577856,-1.88607865577856,-3.77215731155712
273,1,1627.666666666667,372.0,140,True,-2.2118005556623936,-2.2118005556623936,-4.423601111324787
273,2,1578.5,301.0,138,True,-1.8828703855709132,-1.8828703855709132,-3.7657407711418265
273,3,1357.6666666666665,114.0,134,True,-0.9839735020645815,-0.9839735020645815,-1.967947004129163
274,0,1460.8333333333335,213.0,136,True,-1.4549603109457985,-1.4549603109457985,-2.909920621891597
274,1,1483.1666666666665,242.0,137,True,-1.590114556509801,-1.590114556509801,-3.180229113019602
274,2,1403.8333333333335,213.0,136,True,-1.434641266297371,-1.434641266297371,-2.869282532594742
274,3,1384.0,136.0,135,True,-1.089851891112684,-1.089851891112684,-2.179703782225368
275,0,1556.8333333333335,276.0,137,True,-1.765497649301044,-1.765497649301044,-3.530995298602088
275,1,1465.5000000000002,270.0,138,True,-1.7066238584608744,-1.7066238584608744,-3.4132477169217488
275,2,1629.5,189.0,136,True,-1.409822513238804,-1.409822513238804,-2.819645026477608
275,3,1441.1666666666665,242.0,136,True,-1.5751426288741188,-1.5751426288741188,-3.1502852577482376
276,0,1439.3333333333333,228.0,136,True,-1.5130855835784092,-1.5130855835784092,-3.0261711671568183
276,1,1436.1666666666665,288.0,138,True,-1.7751146425014497,-1.7751146425014497,-3.5502292850028994
276,2,1477.0,242.0,136,True,-1.587916297293452,-1.587916297293452,-3.175832594586904
276,3,1414.1666666666665,213.0,136,True,-1.4383248357950396,-1.4383248357950396,-2.876649671590079
277,0,1436.0,242.0,136,True,-1.5733008441252851,-1.5733008441252851,-3.1466016882505703
277,1,1566.4999999999998,270.0,138,True,-1.7426277796800171,-1.7426277796800171,-3.4852555593600343
277,2,1594.5,189.0,136,True,-1.3973459068757343,-1.3973459068757343,-2.7946918137514687
277,3,1586.0000000000002,362.0,139,True,-2.1530878037264087,-2.1530878037264087,-4.3061756074528175
278,0,1502.8333333333335,199.0,136,True,-1.4085287298095517,-1.4085287298095517,-2.8170574596191034
278,1,1509.8333333333335,250.0,137,True,-1.6347082616084816,-1.6347082616084816,-3.269416523216963
278,2,1406.8333333333335,213.0,136,True,-1.4357106896999194,-1.4357106896999194,-2.871421379399839
278,3,1481.0,213.0,136,True,-1.4621492127073767,-1.4621492127073767,-2.9242984254147535
279,0,1394.1666666666665,213.0,136,True,-1.431195346444714,-1.431195346444714,-2.862390692889428
279,1,1726.6666666666667,467.0,141,True,-2.66375819461317,-2.66375819461317,-5.32751638922634
279,2,1447.6666666666667,114.0,134,True,-1.0160562041410455,-1.0160562041410455,-2.032112408282091
279,3,1454.1666666666665,213.0,136,True,-1.4525838144956893,-1.4525838144956893,-2.9051676289913786
280,0,1477.1666666666665,213.0,136,True,-1.4607827272485636,-1.4607827272485636,-2.9215654544971272
280,1,1432.1666666666665,288.0,138,True,-1.7736887446313852,-1.7736887446313852,-3.5473774892627703
280,2,1393.8333333333335,162.0,135,True,-1.207392311095893,-1.207392311095893,-2.414784622191786
280,3,1487.0000000000002,226.0,136,True,-1.5213056033721228,-1.5213056033721228,-3.0426112067442457
281,0,1441.8333333333335,114.0,134,True,-1.0139767697471993,-1.0139767697471993,-2.0279535394943986
281,1,1591.0000000000002,226.0,135,True,-1.5583789479938144,-1.5583789479938144,-3.1167578959876288
281,2,1518.8333333333335,213.0,136,True,-1.4756358300617414,-1.4756358300617414,-2.9512716601234827
281,3,1580.5,189.0,135,True,-1.3923552643305073,-1.3923552643305073,-2.7847105286610145
282,0,1660.5,237.0,137,True,-1.6313995375212822,-1.6313995375212822,-3.2627990750425644
282,1,1641.5,349.0,139,True,-2.1158545928139123,-2.1158545928139123,-4.231709185627825
282,2,1399.1666666666665,213.0,136,True,-1.4329777187822956,-1.4329777187822956,-2.8659554375645913
282,3,1530.8333333333335,250.0,136,True,-1.642194225426322,-1.642194225426322,-3.284388450852644
283,0,1498.8333333333335,189.0,135,True,-1.3632431828166787,-1.3632431828166787,-2.7264863656333573
283,1,1549.8333333333335,213.0,136,True,-1.4866865385547452,-1.4866865385547452,-2.9733730771094904
283,2,1596.8333333333335,298.0,138,True,-1.87624785607187,-1.87624785607187,-3.75249571214374
283,3,1507.8333333333335,213.0,136,True,-1.4717146109190629,-1.4717146109190629,-2.9434292218381257
284,0,1465.8333333333335,189.0,135,True,-1.351479525388643,-1.351479525388643,-2.702959050777286
284,1,1484.1666666666665,213.0,136,True,-1.4632780485211778,-1.4632780485211778,-2.9265560970423556
284,2,1510.8333333333335,213.0,136,True,-1.4727840343216114,-1.4727840343216114,-2.945568068643223
284,3,1708.5,237.0,137,True,-1.6485103119620628,-1.6485103119620628,-3.2970206239241255
285,0,1680.5,237.0,137,True,-1.638529026871607,-1.638529026871607,-3.277058053743214
285,1,1706.5,237.0,137,True,-1.6477973630270304,-1.6477973630270304,-3.295594726054061
285,2,1521.8333333333335,250.0,137,True,-1.6389859552186767,-1.6389859552186767,-3.2779719104373535
285,3,1502.8333333333335,213.0,136,True,-1.469932238581481,-1.469932238581481,-2.939864477162962
286,0,1407.6666666666667,114.0,134,True,-1.0017972254403946,-1.0017972254403946,-2.0035944508807892
286,1,1584.0000000000002,301.0,137,True,-1.8848309951422535,-1.8848309951422535,-3.769661990284507
286,2,1533.0000000000002,301.0,138,True,-1.8666507972989241,-1.8666507972989241,-3.7333015945978483
286,3,1586.0000000000002,301.0,138,True,-1.8855439440772856,-1.8855439440772856,-3.7710878881545713
287,0,1467.1666666666665,213.0,136,True,-1.4572179825734013,-1.4572179825734013,-2.9144359651468026
287,1,1578.8333333333335,213.0,136,True,-1.497024298112717,-1.497024298112717,-2.994048596225434
287,2,1516.8333333333335,213.0,136,True,-1.4749228811267092,-1.4749228811267092,-2.9498457622534184
287,3,1478.6666666666667,162.0,135,True,-1.2376332284235225,-1.2376332284235225,-2.475266456847045
288,0,1529.8333333333335,213.0,136,True,-1.4795570492044208,-1.4795570492044208,-2.9591140984088415
288,1,1502.8333333333335,237.0,137,True,-1.5751953964762182,-1.5751953964762182,-3.1503907929524364
288,2,1595.5,189.0,135,True,-1.3977023813432516,-1.3977023813432516,-2.7954047626865033
288,3,1467.8333333333335,213.0,135,True,-1.4574556322184118,-1.4574556322184118,-2.9149112644368236
289,0,1534.8333333333335,250.0,137,True,-1.6436201232963878,-1.6436201232963878,-3.2872402465927757
289,1,1727.5,301.0,138,True,-1.9359850812308372,-1.9359850812308372,-3.8719701624616745
289,2,1632.5,237.0,137,True,-1.6214182524308267,-1.6214182524308267,-3.2428365048616534
289,3,1425.8333333333335,213.0,136,True,-1.442483704582729,-1.442483704582729,-2.884967409165458
290,0,1476.1666666666665,242.0,136,True,-1.5876192352371878,-1.5876192352371878,-3.1752384704743757
290,1,1450.0,242.0,136,True,-1.5782914866705127,-1.5782914866705127,-3.1565829733410253
290,2,1507.8333333333335,165.0,134,True,-1.2611882951295892,-1.2611882951295892,-2.5223765902591784
290,3,1508.8333333333335,213.0,136,True,-1.4720710853865793,-1.4720710853865793,-2.9441421707731585
291,0,1582.8333333333335,250.0,136,True,-1.6607308977371684,-1.6607308977371684,-3.321461795474337
291,1,1520.1666666666665,213.0,135,True,-1.476111129351764,-1.476111129351764,-2.952222258703528
291,2,1506.8333333333335,250.0,137,True,-1.6336388382059326,-1.6336388382059326,-3.267277676411865
291,3,1514.1666666666665,213.0,136,True,-1.4739722825466655,-1.4739722825466655,-2.947944565093331
292,0,1481.1666666666665,213.0,136,True,-1.4622086251186286,-1.4622086251186286,-2.924417250237257
292,1,1611.8333333333335,199.0,136,True,-1.4473844467688242,-1.4473844467688242,-2.8947688935376483
292,2,1447.1666666666665,213.0,136,True,-1.450088493223076,-1.450088493223076,-2.900176986446152
292,3,1613.8333333333335,250.0,137,True,-1.671781606230172,-1.671781606230172,-3.343563212460344
293,0,1492.1666666666665,242.0,137,True,-1.5933228267174482,-1.5933228267174482,-3.1866456534348964
293,1,1568.8333333333335,250.0,137,True,-1.6557402551919411,-1.6557402551919411,-3.3114805103838822
293,2,1509.1666666666665,242.0,137,True,-1.5993828926652252,-1.5993828926652252,-3.1987657853304503
293,3,1630.8333333333335,250.0,136,True,-1.6778416721779492,-1.6778416721779492,-3.3556833443558984
294,0,1525.8333333333335,213.0,136,True,-1.4781311513343551,-1.4781311513343551,-2.9562623026687103
294,1,1433.8333333333335,189.0,136,True,-1.3400723424281225,-1.3400723424281225,-2.680144684856245
294,2,1384.8333333333335,114.0,134,True,-0.9936577250987731,-0.9936577250987731,-1.9873154501975463
294,3,1606.4999999999998,250.0,137,True,-1.669167460135053,-1.669167460135053,-3.338334920270106
295,0,1474.0,242.0,137,True,-1.5868468738909023,-1.5868468738909023,-3.1736937477818046
295,1,1558.0000000000002,301.0,138,True,-1.8755626589868306,-1.8755626589868306,-3.751125317973661
295,2,1570.8333333333335,250.0,137,True,-1.6564532041269728,-1.6564532041269728,-3.3129064082539457
295,3,1465.1666666666665,213.0,136,True,-1.4565050336383683,-1.4565050336383683,-2.9130100672767365
296,0,1569.8333333333335,250.0,137,True,-1.6560967296594569,-1.6560967296594569,-3.3121934593189137
296,1,1531.1666666666665,213.0,136,True,-1.4800323484944424,-1.4800323484944424,-2.960064696988885
296,2,1625.8333333333335,250.0,137,True,-1.676059299840368,-1.676059299840368,-3.352118599680736
296,3,1673.4999999999998,250.0,136,True,-1.6930512494586423,-1.6930512494586423,-3.3861024989172845
297,0,1587.8333333333335,213.0,136,True,-1.5002325683203637,-1.5002325683203637,-3.0004651366407273
297,1,1590.8333333333335,213.0,136,True,-1.501301991722912,-1.501301991722912,-3.002603983445824
297,2,1651.8333333333335,250.0,136,True,-1.685327635995791,-1.685327635995791,-3.370655271991582
297,3,1656.0000000000002,362.0,139,True,-2.178041016452547,-2.178041016452547,-4.356082032905094
298,0,1524.8333333333335,213.0,136,True,-1.4777746768668387,-1.4777746768668387,-2.9555493537336774
298,1,1465.1666666666665,242.0,137,True,-1.5836980160945096,-1.5836980160945096,-3.167396032189019
298,2,1631.8333333333335,298.0,138,True,-1.8887244624349382,-1.8887244624349382,-3.7774489248698764
298,3,1495.8333333333335,213.0,136,True,-1.467436917308868,-1.467436917308868,-2.934873834617736
299,0,1592.8333333333335,250.0,136,True,-1.6642956424123319,-1.6642956424123319,-3.3285912848246637
299,1,1462.8333333333335,165.0,134,True,-1.2451469440913563,-1.2451469440913563,-2.4902938881827126
299,2,1580.0,250.0,136,True,-1.6597208867458724,-1.6597208867458724,-3.3194417734917447
299,3,1407.0,213.0,136,True,-1.4357701021111728,-1.4357701021111728,-2.8715402042223457
300,0,1453.0,213.0,136,True,-1.4521679276169213,-1.4521679276169213,-2.9043358552338425
300,1,1434.1666666666665,242.0,137,True,-1.5726473076015042,-1.5726473076015042,-3.1452946152030083
300,2,1600.1666666666665,213.0,136,True,-1.5046290867530645,-1.5046290867530645,-3.009258173506129
300,3,1544.8333333333335,213.0,136,True,-1.4849041662171647,-1.4849041662171647,-2.9698083324343294
301,0,1489.8333333333335,213.0,136,True,-1.4652980705037701,-1.4652980705037701,-2.9305961410075403
301,1,1472.0,242.0,136,True,-1.5861339249558701,-1.5861339249558701,-3.1722678499117403
301,2,1500.8333333333335,213.0,135,True,-1.469219289646448,-1.469219289646448,-2.938438579292896
301,3,1441.8333333333335,213.0,136,True,-1.4481872960629891,-1.4481872960629891,-2.8963745921259783
302,0,1428.1666666666665,213.0,136,True,-1.4433154783402666,-1.4433154783402666,-2.8866309566805333
302,1,1376.1666666666665,213.0,136,True,-1.4247788060294218,-1.4247788060294218,-2.8495576120588435
302,2,1499.8333333333335,213.0,136,True,-1.4688628151789316,-1.4688628151789316,-2.937725630357863
302,3,1496.8333333333335,199.0,136,True,-1.4063898830044534,-1.4063898830044534,-2.812779766008907
303,0,1527.9999999999998,298.0,137,True,-1.8517105302245014,-1.8517105302245014,-3.7034210604490028
303,1,1557.6666666666667,247.0,137,True,-1.638601728901167,-1.638601728901167,-3.277203457802334
303,2,1645.9999999999998,327.0,139,True,-2.0209674998475595,-2.0209674998475595,-4.041934999695119
303,3,1516.6666666666667,162.0,135,True,-1.2511792581891417,-1.2511792581891417,-2.5023585163782833
304,0,1554.8333333333335,199.0,136,True,-1.427065402120398,-1.427065402120398,-2.854130804240796
304,1,1493.6666666666667,140.0,134,True,-1.1464891173660914,-1.1464891173660914,-2.2929782347321828
304,2,1534.9999999999998,247.0,136,True,-1.6305216409707992,-1.6305216409707992,-3.2610432819415984
304,3,1585.8333333333335,228.0,136,True,-1.5653090930695417,-1.5653090930695417,-3.1306181861390834
305,0,1481.1666666666665,213.0,136,True,-1.4622086251186284,-1.4622086251186284,-2.9244172502372567
305,1,1461.8333333333335,250.0,137,True,-1.6175974871677001,-1.6175974871677001,-3.2351949743354003
305,2,1534.8333333333335,213.0,136,True,-1.4813394215420026,-1.4813394215420026,-2.962678843084005
305,3,1517.8333333333335,225.0,136,True,-1.5279109345415938,-1.5279109345415938,-3.0558218690831875
306,0,1502.8333333333335,140.0,134,True,-1.1497567999849894,-1.1497567999849894,-2.2995135999699787
306,1,1580.8333333333335,228.0,136,True,-1.5635267207319605,-1.5635267207319605,-3.127053441463921
306,2,1422.6666666666667,162.0,135,True,-1.2176706582426111,-1.2176706582426111,-2.4353413164852222
306,3,1522.8333333333335,177.0,135,True,-1.319166991089701,-1.319166991089701,-2.638333982179402
307,0,1437.8333333333335,177.0,135,True,-1.2888666613508177,-1.2888666613508177,-2.5777333227016355
307,1,1474.8333333333335,191.0,135,True,-1.3634597254208505,-1.3634597254208505,-2.726919450841701
307,2,1414.8333333333335,140.0,134,True,-1.1183870468435584,-1.1183870468435584,-2.2367740936871168
307,3,1391.8333333333335,140.0,134,True,-1.1101881340906845,-1.1101881340906845,-2.220376268181369
308,0,1386.8333333333335,140.0,134,True,-1.108405761753103,-1.108405761753103,-2.216811523506206
308,1,1534.8333333333335,162.0,135,True,-1.2576552110156858,-1.2576552110156858,-2.5153104220313716
308,2,1373.8333333333335,191.0,135,True,-1.327455804201708,-1.327455804201708,-2.654911608403416
308,3,1423.6666666666667,162.0,135,True,-1.2180271327101277,-1.2180271327101277,-2.4360542654202555
309,0,1379.8333333333335,140.0,134,True,-1.1059104404804896,-1.1059104404804896,-2.211820880960979
309,1,1404.3333333333333,228.0,136,True,-1.5006089772153393,-1.5006089772153393,-3.0012179544306785
309,2,1404.8333333333335,177.0,135,True,-1.2771030039227822,-1.2771030039227822,-2.5542060078455644
309,3,1498.8333333333335,177.0,135,True,-1.3106116038693112,-1.3106116038693112,-2.6212232077386224
310,0,1457.8333333333335,199.0,136,True,-1.39248737877132,-1.39248737877132,-2.78497475754264
310,1,1409.8333333333335,177.0,135,True,-1.2788853762603631,-1.2788853762603631,-2.5577707525207263
310,2,1502.8333333333335,228.0,136,True,-1.5357217122656914,-1.5357217122656914,-3.071443424531383
310,3,1356.1666666666665,162.0,135,True,-1.19396510615278,-1.19396510615278,-2.38793021230556
311,0,1356.8333333333335,140.0,134,True,-1.097711527727615,-1.097711527727615,-2.19542305545523
311,1,1364.1666666666665,162.0,135,True,-1.1968169018929098,-1.1968169018929098,-2.3936338037858196
311,2,1371.1666666666665,162.0,135,True,-1.1993122231655249,-1.1993122231655249,-2.3986244463310498
311,3,1443.8333333333335,213.0,136,True,-1.4489002449980217,-1.4489002449980217,-2.8978004899960434
312,0,1404.8333333333335,177.0,135,True,-1.2771030039227818,-1.2771030039227818,-2.5542060078455635
312,1,1402.8333333333335,177.0,135,True,-1.276390054987749,-1.276390054987749,-2.552780109975498
312,2,1550.0000000000002,226.0,136,True,-1.5437634948256476,-1.5437634948256476,-3.087526989651295
312,3,1531.8333333333335,189.0,135,True,-1.3750068402447162,-1.3750068402447162,-2.7500136804894324
313,0,1472.0000000000002,226.0,136,True,-1.515958486359379,-1.515958486359379,-3.031916972718758
313,1,1473.1666666666665,162.0,135,True,-1.2356726188521823,-1.2356726188521823,-2.4713452377043645
313,2,1357.0,140.0,134,True,-1.097770940138868,-1.097770940138868,-2.195541880277736
313,3,1402.8333333333335,228.0,136,True,-1.500074265514065,-1.500074265514065,-3.00014853102813
314,0,1507.4999999999998,199.0,136,True,-1.4101922773246276,-1.4101922773246276,-2.820384554649255
314,1,1537.8333333333335,250.0,137,True,-1.6446895466989366,-1.6446895466989366,-3.2893790933978733
314,2,1508.6666666666667,114.0,134,True,-1.0378011466595367,-1.0378011466595367,-2.0756022933190734
314,3,1576.8333333333335,250.0,137,True,-1.6585920509320704,-1.6585920509320704,-3.317184101864141
315,0,1470.8333333333335,189.0,136,True,-1.3532618977262236,-1.3532618977262236,-2.7065237954524473
315,1,1450.8333333333335,213.0,136,True,-1.451395566270636,-1.451395566270636,-2.902791132541272
315,2,1353.1666666666665,162.0,135,True,-1.1928956827502306,-1.1928956827502306,-2.3857913655004612
315,3,1670.5000000000002,301.0,137,True,-1.9156660365824103,-1.9156660365824103,-3.8313320731648206
316,0,1405.1666666666665,213.0,136,True,-1.4351165655873928,-1.4351165655873928,-2.8702331311747855
316,1,1523.1666666666665,189.0,135,True,-1.3719173948595744,-1.3719173948595744,-2.743834789719149
316,2,1600.6666666666665,226.0,136,True,-1.561824867846471,-1.561824867846471,-3.123649735692942
316,3,1692.6666666666665,301.0,138,True,-1.923567887279021,-1.923567887279021,-3.847135774558042
317,0,1392.8333333333335,177.0,135,True,-1.2728253103125877,-1.2728253103125877,-2.5456506206251754
317,1,1648.5,359.0,138,True,-2.1622095632093323,-2.1622095632093323,-4.324419126418665
317,2,1485.8333333333335,250.0,136,True,-1.626152874388091,-1.626152874388091,-3.252305748776182
317,3,1371.1666666666665,162.0,135,True,-1.199312223165524,-1.199312223165524,-2.398624446331048
318,0,1495.8333333333335,213.0,136,True,-1.4674369173088673,-1.4674369173088673,-2.9348738346177345
318,1,1691.5,413.0,140,True,-2.414380070575691,-2.414380070575691,-4.828760141151382
318,2,1469.8333333333335,189.0,136,True,-1.3529054232587074,-1.3529054232587074,-2.705810846517415
318,3,1408.8333333333335,213.0,136,True,-1.436423638634953,-1.436423638634953,-2.872847277269906
319,0,1605.166666666667,338.0,138,True,-2.054657073125733,-2.054657073125733,-4.109314146251466
319,1,1306.0,140.0,134,True,-1.0795907422955386,-1.0795907422955386,-2.1591814845910773
319,2,1417.8333333333335,191.0,135,True,-1.3431406807724229,-1.3431406807724229,-2.6862813615448458
319,3,1461.0000000000002,226.0,136,True,-1.5120372672167004,-1.5120372672167004,-3.024074534433401
320,0,1355.0,162.0,135,True,-1.1935492192740118,-1.1935492192740118,-2.3870984385480236
320,1,1398.1666666666665,213.0,136,True,-1.4326212443147794,-1.4326212443147794,-2.865242488629559
320,2,1368.8333333333335,162.0,135,True,-1.1984804494079868,-1.1984804494079868,-2.3969608988159736
320,3,1461.8333333333335,162.0,135,True,-1.231632574886998,-1.231632574886998,-2.463265149773996
321,0,1364.6666666666667,225.0,136,True,-1.4733109286003532,-1.4733109286003532,-2.9466218572007064
321,1,1419.8333333333335,213.0,136,True,-1.440344857777632,-1.440344857777632,-2.880689715555264
321,2,1501.8333333333335,213.0,136,True,-1.4695757641139642,-1.4695757641139642,-2.9391515282279284
321,3,1444.8333333333335,213.0,136,True,-1.4492567194655377,-1.4492567194655377,-2.8985134389310754
322,0,1392.5000000000002,211.0,136,True,-1.4218292925076252,-1.4218292925076252,-2.8436585850152505
322,1,1446.0,262.0,137,True,-1.664584887046062,-1.664584887046062,-3.329169774092124
322,2,1559.8333333333335,288.0,137,True,-1.8191986516509604,-1.8191986516509604,-3.638397303301921
322,3,1412.8333333333335,177.0,135,True,-1.2799547996629126,-1.2799547996629126,-2.559909599325825
323,0,1410.6666666666667,114.0,134,True,-1.0028666488429432,-1.0028666488429432,-2.0057332976858864
323,1,1529.5000000000002,211.0,136,True,-1.4706662945573532,-1.4706662945573532,-2.9413325891147064
323,2,1389.0,140.0,134,True,-1.1091781230993887,-1.1091781230993887,-2.2183562461987774
323,3,1536.8333333333335,276.0,137,True,-1.7583681599507188,-1.7583681599507188,-3.5167363199014376
324,0,1349.6666666666665,114.0,134,True,-0.9811217063244507,-0.9811217063244507,-1.9622434126489015
324,1,1519.0,213.0,136,True,-1.4756952424729943,-1.4756952424729943,-2.9513904849459887
324,2,1799.5,286.0,138,True,-1.8958617692077964,-1.8958617692077964,-3.7917235384155927
324,3,1777.5,215.0,136,True,-1.576615822150509,-1.576615822150509,-3.153231644301018
325,0,1687.666666666667,457.0,142,True,-2.6059960412572285,-2.6059960412572285,-5.211992082514457
325,1,1558.5,189.0,136,True,-1.3845128260451496,-1.3845128260451496,-2.769025652090299
325,2,1705.5,244.0,137,True,-1.6781426429454789,-1.6781426429454789,-3.3562852858909578
325,3,1803.666666666667,508.0,143,True,-2.871031290015432,-2.871031290015432,-5.742062580030864
326,0,1507.8333333333335,199.0,136,True,-1.4103111021471324,-1.4103111021471324,-2.820622204294265
326,1,1612.5,274.0,137,True,-1.7765694648348873,-1.7765694648348873,-3.5531389296697746
326,2,1524.0,213.0,136,True,-1.4774776148105755,-1.4774776148105755,-2.954955229621151
326,3,1569.0,311.0,138,True,-1.923343527252316,-1.923343527252316,-3.846687054504632
327,0,1427.8333333333335,250.0,136,True,-1.6054773552721473,-1.6054773552721473,-3.2109547105442946
327,1,1501.5000000000002,284.0,138,True,-1.780860448063389,-1.780860448063389,-3.561720896126778
327,2,1492.0,191.0,135,True,-1.369579203779879,-1.369579203779879,-2.739158407559758
327,3,1539.6666666666667,211.0,136,True,-1.4742904516437687,-1.4742904516437687,-2.9485809032875374
328,0,1527.0000000000002,301.0,138,True,-1.8645119504938266,-1.8645119504938266,-3.729023900987653
328,1,1344.8333333333335,140.0,134,True,-1.09343383411742,-1.09343383411742,-2.18686766823484
328,2,1340.8333333333335,140.0,134,True,-1.0920079362473558,-1.0920079362473558,-2.1840158724947116
328,3,1452.5000000000002,211.0,136,True,-1.443217760558601,-1.443217760558601,-2.886435521117202
329,0,1455.1666666666665,162.0,135,True,-1.2292560784368904,-1.2292560784368904,-2.458512156873781
329,1,1570.1666666666667,248.0,136,True,-1.6474436246574007,-1.6474436246574007,-3.2948872493148014
329,2,1592.0000000000002,301.0,138,True,-1.887682790882383,-1.887682790882383,-3.775365581764766
329,3,1341.0,191.0,135,True,-1.315751559184924,-1.315751559184924,-2.631503118369848
330,0,1648.8333333333335,383.0,139,True,-2.267591545926576,-2.267591545926576,-4.535183091853152
330,1,1574.5000000000002,318.0,139,True,-1.956005891209621,-1.956005891209621,-3.912011782419242
330,2,1552.8333333333335,298.0,138,True,-1.8605629795011545,-1.8605629795011545,-3.721125959002309
330,3,1472.8333333333335,213.0,136,True,-1.4592380045559934,-1.4592380045559934,-2.918476009111987
331,0,1506.8333333333335,199.0,136,True,-1.4099546276796162,-1.4099546276796162,-2.8199092553592324
331,1,1527.8333333333335,247.0,137,True,-1.6279669072869318,-1.6279669072869318,-3.2559338145738637
331,2,1643.166666666667,304.0,139,True,-1.9190802958738071,-1.9190802958738071,-3.8381605917476143
331,3,1588.8333333333335,332.0,139,True,-2.0225188673492838,-2.0225188673492838,-4.0450377346985675
332,0,1489.6666666666667,162.0,135,True,-1.2415544475662013,-1.2415544475662013,-2.4831088951324025
332,1,1505.0,213.0,136,True,-1.4707045999277668,-1.4707045999277668,-2.9414091998555336
332,2,1466.8333333333335,162.0,135,True,-1.2334149472245797,-1.2334149472245797,-2.4668298944491593
332,3,1580.8333333333335,199.0,136,True,-1.4363337382758201,-1.4363337382758201,-2.8726674765516402
333,0,1389.1666666666665,213.0,136,True,-1.4294129741071324,-1.4294129741071324,-2.858825948214265
333,1,1369.8333333333335,114.0,134,True,-0.9883106080860292,-0.9883106080860292,-1.9766212161720584
333,2,1619.5,237.0,137,True,-1.6167840843531145,-1.6167840843531145,-3.233568168706229
333,3,1565.0000000000002,226.0,136,True,-1.5491106118383917,-1.5491106118383917,-3.0982212236767834
334,0,1500.1666666666665,213.0,136,True,-1.468981640001438,-1.468981640001438,-2.937963280002876
334,1,1502.0000000000002,226.0,136,True,-1.526652720384867,-1.526652720384867,-3.053305440769734
334,2,1494.5000000000002,233.0,137,True,-1.5546809162644597,-1.5546809162644597,-3.1093618325289194
334,3,1423.6666666666667,114.0,134,True,-1.0075008169206545,-1.0075008169206545,-2.015001633841309
335,0,1405.1666666666665,162.0,135,True,-1.211432355061077,-1.211432355061077,-2.422864710122154
335,1,1542.6666666666667,226.0,136,True,-1.5411493487305286,-1.5411493487305286,-3.082298697461057
335,2,1382.6666666666667,114.0,134,True,-0.9928853637524878,-0.9928853637524878,-1.9857707275049756
335,3,1588.5000000000002,233.0,137,True,-1.5881895162109885,-1.5881895162109885,-3.176379032421977
336,0,1493.8333333333335,114.0,134,True,-1.032513442058046,-1.032513442058046,-2.065026884116092
336,1,1489.8333333333335,213.0,136,True,-1.4652980705037693,-1.4652980705037693,-2.9305961410075385
336,2,1508.8333333333335,213.0,136,True,-1.4720710853865793,-1.4720710853865793,-2.9441421707731585
336,3,1478.4999999999998,199.0,136,True,-1.3998545177666568,-1.3998545177666568,-2.7997090355333136
337,0,1476.1666666666665,213.0,136,True,-1.4604262527810477,-1.4604262527810477,-2.9208525055620953
337,1,1498.4999999999998,311.0,138,True,-1.8982120772924187,-1.8982120772924187,-3.7964241545848374
337,2,1505.0000000000002,226.0,136,True,-1.5277221437874153,-1.5277221437874153,-3.0554442875748307
337,3,1418.1666666666665,242.0,136,True,-1.5669437161212445,-1.5669437161212445,-3.133887432242489
338,0,1468.8333333333335,199.0,136,True,-1.396408597913998,-1.396408597913998,-2.792817195827996
338,1,1639.666666666667,382.0,140,True,-2.2599378983953957,-2.2599378983953957,-4.519875796790791
338,2,1525.8333333333335,250.0,137,True,-1.640411853088742,-1.640411853088742,-3.280823706177484
338,3,1401.6666666666667,114.0,134,True,-0.9996583786352964,-0.9996583786352964,-1.9993167572705928
339,0,1421.6666666666667,233.0,137,True,-1.5287176925470254,-1.5287176925470254,-3.0574353850940508
339,1,1531.0000000000002,301.0,138,True,-1.8659378483638918,-1.8659378483638918,-3.7318756967277835
339,2,1494.0000000000002,226.0,136,True,-1.5238009246447373,-1.5238009246447373,-3.0476018492894745
339,3,1611.1666666666667,338.0,138,True,-2.0567959199308303,-2.0567959199308303,-4.113591839861661
340,0,1419.8333333333335,114.0,134,True,-1.0061343314618423,-1.0061343314618423,-2.0122686629236846
340,1,1554.6666666666665,226.0,136,True,-1.5454270423407233,-1.5454270423407233,-3.0908540846814465
340,2,1599.666666666667,372.0,140,True,-2.2018192705719386,-2.2018192705719386,-4.403638541143877
340,3,1417.8333333333335,199.0,136,True,-1.378228400070668,-1.378228400070668,-2.756456800141336
341,0,1513.0000000000002,226.0,136,True,-1.530573939527546,-1.530573939527546,-3.061147879055092
341,1,1511.0000000000002,301.0,138,True,-1.8588083590135656,-1.8588083590135656,-3.717616718027131
341,2,1583.6666666666665,226.0,136,True,-1.555764801898695,-1.555764801898695,-3.11152960379739
341,3,1479.5,185.0,136,True,-1.338807483462242,-1.338807483462242,-2.677614966924484
342,0,1598.6666666666667,233.0,137,True,-1.591813673297404,-1.591813673297404,-3.183627346594808
342,1,1533.5000000000002,233.0,137,True,-1.5685834204975941,-1.5685834204975941,-3.1371668409951883
342,2,1513.1666666666665,284.0,138,True,-1.7850193168510795,-1.7850193168510795,-3.570038633702159
342,3,1393.6666666666667,274.0,137,True,-1.6985609688600785,-1.6985609688600785,-3.397121937720157
343,0,1398.8333333333335,199.0,136,True,-1.3714553851878604,-1.3714553851878604,-2.7429107703757207
343,1,1531.1666666666665,284.0,138,True,-1.7914358572663722,-1.7914358572663722,-3.5828717145327444
343,2,1449.8333333333335,199.0,136,True,-1.3896355830311904,-1.3896355830311904,-2.779271166062381
343,3,1497.8333333333335,250.0,137,True,-1.630430567998286,-1.630430567998286,-3.260861135996572
344,0,1665.5,308.0,138,True,-1.9445854186307936,-1.9445854186307936,-3.889170837261587
344,1,1353.1666666666665,213.0,136,True,-1.416579893276547,-1.416579893276547,-2.833159786553094
344,2,1374.8333333333335,199.0,136,True,-1.3628999979674707,-1.3628999979674707,-2.7257999959349415
344,3,1492.4999999999998,199.0,136,True,-1.404845160311882,-1.404845160311882,-2.809690320623764
345,0,1474.8333333333335,213.0,136,True,-1.4599509534910258,-1.4599509534910258,-2.9199019069820515
345,1,1419.8333333333335,162.0,135,True,-1.2166606472513164,-1.2166606472513164,-2.433321294502633
345,2,1420.1666666666665,213.0,136,True,-1.4404636826001371,-1.4404636826001371,-2.8809273652002743
345,3,1450.8333333333335,199.0,136,True,-1.3899920574987052,-1.3899920574987052,-2.7799841149974105
346,0,1487.4999999999998,199.0,136,True,-1.4030627879743025,-1.4030627879743025,-2.806125575948605
346,1,1393.8333333333335,213.0,136,True,-1.4310765216222086,-1.4310765216222086,-2.862153043244417
346,2,1530.8333333333335,250.0,137,True,-1.6421942254263224,-1.6421942254263224,-3.284388450852645
346,3,1475.8333333333335,199.0,135,True,-1.3989039191866128,-1.3989039191866128,-2.7978078383732257
347,0,1669.5,274.0,138,True,-1.7968885094833147,-1.7968885094833147,-3.5937770189666294
347,1,1364.6666666666667,162.0,135,True,-1.1969951391266687,-1.1969951391266687,-2.3939902782533373
347,2,1489.8333333333335,274.0,138,True,-1.7328419301528921,-1.7328419301528921,-3.4656838603057842
347,3,1480.0,250.0,137,True,-1.6240734399942462,-1.6240734399942462,-3.2481468799884925
348,0,1420.6666666666667,162.0,135,True,-1.216957709307578,-1.216957709307578,-2.433915418615156
348,1,1482.8333333333335,199.0,136,True,-1.4013992404592264,-1.4013992404592264,-2.8027984809184527
348,2,1419.8333333333335,199.0,136,True,-1.3789413490057005,-1.3789413490057005,-2.757882698011401
348,3,1464.8333333333335,199.0,136,True,-1.3949827000439345,-1.3949827000439345,-2.789965400087869
349,0,1546.8333333333335,335.0,138,True,-2.020704834450443,-2.020704834450443,-4.041409668900886
349,1,1436.4999999999998,199.0,136,True,-1.3848825901309725,-1.3848825901309725,-2.769765180261945
349,2,1442.8333333333335,247.0,137,True,-1.597666577548049,-1.597666577548049,-3.195333155096098
349,3,1364.1666666666665,162.0,135,True,-1.1968169018929111,-1.1968169018929111,-2.3936338037858222
350,0,1494.1666666666665,213.0,136,True,-1.46684279319634,-1.46684279319634,-2.93368558639268
350,1,1444.6666666666667,247.0,137,True,-1.59832011407183,-1.59832011407183,-3.19664022814366
350,2,1455.8333333333335,250.0,137,True,-1.6154586403626021,-1.6154586403626021,-3.2309172807252042
350,3,1471.8333333333335,199.0,136,True,-1.3974780213165472,-1.3974780213165472,-2.7949560426330944
351,0,1399.4999999999998,199.0,136,True,-1.371693034832871,-1.371693034832871,-2.743386069665742
351,1,1363.8333333333335,199.0,136,True,-1.3589787788247905,-1.3589787788247905,-2.717957557649581
351,2,1423.8333333333335,298.0,138,True,-1.8145777731915564,-1.8145777731915564,-3.629155546383113
351,3,1495.5000000000002,233.0,137,True,-1.5550373907319752,-1.5550373907319752,-3.1100747814639504
352,0,1429.0,213.0,136,True,-1.4436125403965305,-1.4436125403965305,-2.887225080793061
352,1,1402.8333333333335,199.0,135,True,-1.3728812830579251,-1.3728812830579251,-2.7457625661158502
352,2,1383.1666666666665,213.0,136,True,-1.4272741273020353,-1.4272741273020353,-2.8545482546040706
352,3,1523.1666666666665,288.0,138,True,-1.8061279211753642,-1.8061279211753642,-3.6122558423507285
353,0,1477.5,237.0,137,True,-1.5661647099658058,-1.5661647099658058,-3.1323294199316116
353,1,1409.1666666666665,191.0,136,True,-1.3400512353872824,-1.3400512353872824,-2.680102470774565
353,2,1463.0,213.0,136,True,-1.455732672292084,-1.455732672292084,-2.911465344584168
353,3,1436.1666666666665,266.0,138,True,-1.6786234144312748,-1.6786234144312748,-3.3572468288625497
354,0,1462.8333333333335,199.0,136,True,-1.3942697511089006,-1.3942697511089006,-2.7885395022178012
354,1,1647.5,359.0,139,True,-2.1618530887418164,-2.1618530887418164,-4.323706177483633
354,2,1338.8333333333335,162.0,135,True,-1.1877862153824983,-1.1877862153824983,-2.3755724307649966
354,3,1398.8333333333335,213.0,136,True,-1.4328588939597902,-1.4328588939597902,-2.8657177879195803
355,0,1421.8333333333335,213.0,136,True,-1.4410578067126638,-1.4410578067126638,-2.8821156134253276
355,1,1393.4999999999998,199.0,135,True,-1.3695541880277733,-1.3695541880277733,-2.7391083760555466
355,2,1404.8333333333335,199.0,136,True,-1.3735942319929582,-1.3735942319929582,-2.7471884639859163
355,3,1497.3333333333333,284.0,138,True,-1.7793751377820723,-1.7793751377820723,-3.5587502755641447
356,0,1383.1666666666665,162.0,135,True,-1.2035899167757187,-1.2035899167757187,-2.4071798335514374
356,1,1421.8333333333335,162.0,135,True,-1.217373596186349,-1.217373596186349,-2.434747192372698
356,2,1436.8333333333335,199.0,136,True,-1.3850014149534788,-1.3850014149534788,-2.7700028299069577
356,3,1357.1666666666665,191.0,136,True,-1.3215145630764364,-1.3215145630764364,-2.643029126152873
357,0,1434.4999999999998,199.0,136,True,-1.3841696411959397,-1.3841696411959397,-2.7683392823918793
357,1,1446.8333333333335,199.0,136,True,-1.3885661596286407,-1.3885661596286407,-2.7771323192572814
357,2,1458.8333333333335,199.0,136,True,-1.3928438532388365,-1.3928438532388365,-2.785687706477673
357,3,1430.8333333333335,199.0,136,True,-1.3828625681483808,-1.3828625681483808,-2.7657251362967616
358,0,1379.1666666666665,162.0,135,True,-1.2021640189056537,-1.2021640189056537,-2.4043280378113074
358,1,1488.4999999999998,250.0,137,True,-1.6271034729681344,-1.6271034729681344,-3.254206945936269
358,2,1496.8333333333335,298.0,138,True,-1.8406004093202442,-1.8406004093202442,-3.6812008186404883
358,3,1622.8333333333335,298.0,138,True,-1.8855161922272938,-1.8855161922272938,-3.7710323844545877
359,0,1529.8333333333335,250.0,137,True,-1.6418377509588065,-1.6418377509588065,-3.283675501917613
359,1,1608.6666666666665,226.0,136,True,-1.5646766635866016,-1.5646766635866016,-3.1293533271732032
359,2,1526.6666666666665,226.0,136,True,-1.535445757250268,-1.535445757250268,-3.070891514500536
359,3,1399.6666666666667,185.0,136,True,-1.3103489384721927,-1.3103489384721927,-2.6206978769443854
360,0,1442.6666666666667,247.0,137,True,-1.5976071651367973,-1.5976071651367973,-3.1952143302735947
360,1,1406.8333333333335,199.0,136,True,-1.3743071809279903,-1.3743071809279903,-2.7486143618559806
360,2,1362.6666666666667,162.0,135,True,-1.1962821901916356,-1.1962821901916356,-2.3925643803832712
360,3,1414.4999999999998,250.0,137,True,-1.600724362371931,-1.600724362371931,-3.201448724743862
361,0,1521.8333333333335,199.0,136,True,-1.415301744692361,-1.415301744692361,-2.830603489384722
361,1,1419.8333333333335,199.0,135,True,-1.3789413490057016,-1.3789413490057016,-2.7578826980114033
361,2,1393.5000000000002,185.0,136,True,-1.3081506792558433,-1.3081506792558433,-2.6163013585116865
361,3,1382.1666666666665,242.0,137,True,-1.5541106352906593,-1.5541106352906593,-3.1082212705813186
362,0,1469.8333333333335,199.0,136,True,-1.3967650723815157,-1.3967650723815157,-2.7935301447630314
362,1,1559.8333333333335,199.0,136,True,-1.4288477744579786,-1.4288477744579786,-2.8576955489159572
362,2,1386.1666666666665,162.0,135,True,-1.2046593401782681,-1.2046593401782681,-2.4093186803565363
362,3,1385.8333333333335,199.0,136,True,-1.3668212171101493,-1.3668212171101493,-2.7336424342202985
363,0,1559.0000000000002,226.0,136,True,-1.5469717650332941,-1.5469717650332941,-3.0939435300665883
363,1,1491.8333333333335,213.0,136,True,-1.4660110194388027,-1.4660110194388027,-2.9320220388776055
363,2,1438.8333333333335,189.0,135,True,-1.3418547147657032,-1.3418547147657032,-2.6837094295314063
363,3,1523.8333333333335,213.0,136,True,-1.477418202399323,-1.477418202399323,-2.954836404798646
364,0,1411.4999999999998,199.0,136,True,-1.375970728443066,-1.375970728443066,-2.751941456886132
364,1,1444.8333333333335,114.0,134,True,-1.015046193149749,-1.015046193149749,-2.030092386299498
364,2,1372.6666666666665,114.0,134,True,-0.9893206190773253,-0.9893206190773253,-1.9786412381546505
364,3,1417.1666666666665,242.0,137,True,-1.5665872416537283,-1.5665872416537283,-3.1331744833074566
365,0,1423.8333333333335,162.0,135,True,-1.218086545121381,-1.218086545121381,-2.436173090242762
365,1,1385.8333333333335,199.0,136,True,-1.3668212171101497,-1.3668212171101497,-2.7336424342202994
365,2,1401.8333333333335,162.0,135,True,-1.2102441068360232,-1.2102441068360232,-2.4204882136720465
365,3,1510.8333333333335,298.0,138,True,-1.845591051865472,-1.845591051865472,-3.691182103730944
366,0,1403.4999999999998,199.0,135,True,-1.373118932702937,-1.373118932702937,-2.746237865405874
366,1,1424.8333333333335,199.0,136,True,-1.380723721343283,-1.380723721343283,-2.761447442686566
366,2,1407.8333333333335,199.0,135,True,-1.3746636553955065,-1.3746636553955065,-2.749327310791013
366,3,1411.1666666666665,213.0,136,True,-1.437255412392491,-1.437255412392491,-2.874510824784982
367,0,1463.8333333333335,199.0,136,True,-1.394626225576417,-1.394626225576417,-2.789252451152834
367,1,1542.5,189.0,136,True,-1.3788092345648895,-1.3788092345648895,-2.757618469129779
367,2,1394.8333333333335,213.0,136,True,-1.4314329960897247,-1.4314329960897247,-2.8628659921794495
367,3,1436.6666666666667,162.0,135,True,-1.2226613007878386,-1.2226613007878386,-2.4453226015756773
368,0,1397.1666666666665,213.0,136,True,-1.4322647698472626,-1.4322647698472626,-2.864529539694525
368,1,1432.8333333333335,242.0,136,True,-1.5721720083114825,-1.5721720083114825,-3.144344016622965
368,2,1500.0000000000002,226.0,136,True,-1.5259397714498353,-1.5259397714498353,-3.0518795428996706
368,3,1556.1666666666665,317.0,139,True,-1.9450845610595418,-1.9450845610595418,-3.8901691221190835
369,0,1314.6666666666665,114.0,134,True,-0.9686450999613808,-0.9686450999613808,-1.9372901999227616
369,1,1395.6666666666665,114.0,134,True,-0.9975195318301987,-0.9975195318301987,-1.9950390636603974
369,2,1422.6666666666667,114.0,133,True,-1.0071443424531379,-1.0071443424531379,-2.0142886849062758
369,3,1603.6666666666665,226.0,136,True,-1.5628942912490202,-1.5628942912490202,-3.1257885824980405
370,0,1414.8333333333335,250.0,137,True,-1.6008431871944364,-1.6008431871944364,-3.201686374388873
370,1,1468.0,349.0,139,True,-2.05400627269984,-2.05400627269984,-4.10801254539968
370,2,1518.333333333333,306.0,138,True,-1.8833523296700883,-1.8833523296700883,-3.7667046593401765
370,3,1506.9999999999998,247.0,136,True,-1.620540355880343,-1.620540355880343,-3.241080711760686
371,0,1288.6666666666667,114.0,134,True,-0.9593767638059596,-0.9593767638059596,-1.9187535276119192
371,1,1449.4999999999998,199.0,136,True,-1.389516758208684,-1.389516758208684,-2.779033516417368
371,2,1472.8333333333335,213.0,136,True,-1.4592380045559925,-1.4592380045559925,-2.918476009111985
371,3,1444.8333333333335,199.0,136,True,-1.3878532106936081,-1.3878532106936081,-2.7757064213872162
372,0,1438.1666666666665,162.0,135,True,-1.223196012489114,-1.223196012489114,-2.446392024978228
372,1,1462.8333333333335,189.0,136,True,-1.3504101019860941,-1.3504101019860941,-2.7008202039721882
372,2,1403.8333333333335,114.0,134,True,-1.0004307399815817,-1.0004307399815817,-2.0008614799631634
372,3,1484.8333333333335,213.0,136,True,-1.4635156981661885,-1.4635156981661885,-2.927031396332377
373,0,1438.8333333333335,213.0,135,True,-1.4471178726604401,-1.4471178726604401,-2.8942357453208802
373,1,1440.8333333333335,189.0,136,True,-1.3425676637007362,-1.3425676637007362,-2.6851353274014724
373,2,1454.8333333333335,114.0,134,True,-1.0186109378249115,-1.0186109378249115,-2.037221875649823
373,3,1486.6666666666665,114.0,134,True,-1.0299587083741788,-1.0299587083741788,-2.0599174167483576
374,0,1496.0000000000002,226.0,136,True,-1.5245138735797692,-1.5245138735797692,-3.0490277471595384
374,1,1521.0000000000002,226.0,136,True,-1.533425735267676,-1.533425735267676,-3.066851470535352
374,2,1487.8333333333335,189.0,136,True,-1.3593219636740008,-1.3593219636740008,-2.7186439273480016
374,3,1523.8333333333335,114.0,133,True,-1.0432076760835334,-1.0432076760835334,-2.0864153521670668
375,0,1451.8333333333335,114.0,133,True,-1.0175415144223623,-1.0175415144223623,-2.0350830288447246
375,1,1527.0000000000002,226.0,135,True,-1.5355645820727737,-1.5355645820727737,-3.0711291641455474
375,2,1527.8333333333335,114.0,134,True,-1.0446335739535986,-1.0446335739535986,-2.089267147907197
375,3,1668.8333333333335,325.0,139,True,-2.02033507036462,-2.02033507036462,-4.04067014072924
376,0,1507.0000000000002,226.0,136,True,-1.5284350927224486,-1.5284350927224486,-3.056870185444897
376,1,1547.0000000000002,226.0,136,True,-1.542694071423099,-1.542694071423099,-3.085388142846198
376,2,1525.0000000000002,226.0,136,True,-1.534851633137741,-1.534851633137741,-3.069703266275482
376,3,1590.5,301.0,138,True,-1.8871480791811088,-1.8871480791811088,-3.7742961583622177
377,0,1606.0000000000002,301.0,137,True,-1.8926734334276114,-1.8926734334276114,-3.785346866855223
377,1,1534.0000000000002,226.0,136,True,-1.5380599033453881,-1.5380599033453881,-3.0761198066907762
377,2,1726.6666666666665,301.0,137,True,-1.935688019174574,-1.935688019174574,-3.871376038349148
377,3,1494.8333333333335,189.0,136,True,-1.361817284946614,-1.361817284946614,-2.723634569893228
378,0,1402.6666666666665,114.0,134,True,-1.0000148531028124,-1.0000148531028124,-2.0000297062056247
378,1,1517.8333333333335,189.0,136,True,-1.3700161976994885,-1.3700161976994885,-2.740032395398977
378,2,1405.1666666666665,191.0,136,True,-1.3386253375172177,-1.3386253375172177,-2.6772506750344354
378,3,1499.0,165.0,135,True,-1.2580394373331951,-1.2580394373331951,-2.5160788746663902
379,0,1543.0000000000002,226.0,136,True,-1.5412681735530336,-1.5412681735530336,-3.082536347106067
379,1,1622.0000000000002,301.0,138,True,-1.898377024907871,-1.898377024907871,-3.796754049815742
379,2,1543.0000000000002,226.0,136,True,-1.5412681735530338,-1.5412681735530338,-3.0825363471060676
379,3,1534.6666666666665,114.0,134,True,-1.0470694828149596,-1.0470694828149596,-2.094138965629919
380,0,1360.6666666666665,114.0,134,True,-0.9850429254671298,-0.9850429254671298,-1.9700858509342596
380,1,1397.1666666666665,213.0,136,True,-1.4322647698472621,-1.4322647698472621,-2.8645295396945243
380,2,1510.8333333333335,199.0,136,True,-1.411380525549682,-1.411380525549682,-2.822761051099364
380,3,1487.8333333333335,114.0,134,True,-1.030374595252948,-1.030374595252948,-2.060749190505896
381,0,1498.6666666666667,114.0,134,True,-1.034236401984374,-1.034236401984374,-2.068472803968748
381,1,1583.1666666666665,189.0,136,True,-1.3933058629105508,-1.3933058629105508,-2.7866117258211016
381,2,1420.8333333333335,189.0,136,True,-1.3354381743504105,-1.3354381743504105,-2.670876348700821
381,3,1489.6666666666665,114.0,134,True,-1.0310281317767276,-1.0310281317767276,-2.062056263553455
382,0,1509.8333333333335,199.0,136,True,-1.4110240510821663,-1.4110240510821663,-2.8220481021643327
382,1,1437.6666666666665,185.0,136,True,-1.323894968237813,-1.323894968237813,-2.647789936475626
382,2,1632.5,413.0,140,True,-2.393348076992231,-2.393348076992231,-4.786696153984462
382,3,1527.5,189.0,136,True,-1.3734621175521458,-1.3734621175521458,-2.7469242351042915
383,0,1558.0,325.0,138,True,-1.9808258168815667,-1.9808258168815667,-3.9616516337631333
383,1,1635.5,237.0,137,True,-1.6224876758333762,-1.6224876758333762,-3.2449753516667523
383,2,1486.6666666666665,158.0,135,True,-1.2229411645145294,-1.2229411645145294,-2.4458823290290588
383,3,1378.8333333333335,114.0,134,True,-0.9915188782936748,-0.9915188782936748,-1.9830377565873496
384,0,1625.6666666666667,338.0,138,True,-2.0619647997098167,-2.0619647997098167,-4.123929599419633
384,1,1528.0000000000002,400.0,140,True,-2.299078951277131,-2.299078951277131,-4.598157902554262
384,2,1344.8333333333335,165.0,135,True,-1.203082956924438,-1.203082956924438,-2.406165913848876
384,3,1481.5,237.0,136,True,-1.5675906078358717,-1.5675906078358717,-3.1351812156717433
385,0,1587.5,237.0,137,True,-1.6053769013925951,-1.6053769013925951,-3.2107538027851903
385,1,1648.5,420.0,141,True,-2.4297534228584574,-2.4297534228584574,-4.859506845716915
385,2,1692.6666666666665,338.0,138,True,-2.0858485890334073,-2.0858485890334073,-4.171697178066815
385,3,1376.0,226.0,136,True,-1.4817369374778164,-1.4817369374778164,-2.963473874955633
386,0,1397.8333333333335,165.0,135,True,-1.2219761037027996,-1.2219761037027996,-2.4439522074055993
386,1,1416.6666666666667,114.0,134,True,-1.0050054956480408,-1.0050054956480408,-2.0100109912960815
386,2,1441.0,235.0,137,True,-1.5443814620768999,-1.5443814620768999,-3.0887629241537997
386,3,1446.8333333333335,189.0,136,True,-1.3447065105058331,-1.3447065105058331,-2.6894130210116662
387,0,1486.6666666666667,199.0,136,True,-1.4027657259180388,-1.4027657259180388,-2.8055314518360777
387,1,1407.1666666666665,162.0,135,True,-1.2121453039961099,-1.2121453039961099,-2.4242906079922197
387,2,1445.8333333333335,199.0,136,True,-1.3882096851611243,-1.3882096851611243,-2.7764193703222486
387,3,1527.4999999999998,250.0,137,True,-1.6410059772012677,-1.6410059772012677,-3.2820119544025355
388,0,1310.6666666666667,114.0,134,True,-0.9672192020913167,-0.9672192020913167,-1.9344384041826335
388,1,1566.5000000000002,270.0,137,True,-1.7426277796800167,-1.7426277796800167,-3.4852555593600334
388,2,1461.6666666666667,162.0,135,True,-1.2315731624757464,-1.2315731624757464,-2.463146324951493
388,3,1399.8333333333335,114.0,133,True,-0.9990048421115166,-0.9990048421115166,-1.9980096842230333
389,0,1324.6666666666667,162.0,135,True,-1.1827361604260183,-1.1827361604260183,-2.3654723208520365
389,1,1434.1666666666665,213.0,136,True,-1.4454543251453644,-1.4454543251453644,-2.890908650290729
389,2,1366.8333333333335,162.0,135,True,-1.1977675004729538,-1.1977675004729538,-2.3955350009459075
389,3,1385.0,136.0,135,True,-1.0902083655802006,-1.0902083655802006,-2.1804167311604012
390,0,1490.0,226.0,136,True,-1.5223750267746714,-1.5223750267746714,-3.044750053549343
390,1,1466.5,185.0,136,True,-1.3341733153845308,-1.3341733153845308,-2.6683466307690615
390,2,1459.5,185.0,136,True,-1.3316779941119163,-1.3316779941119163,-2.6633559882238327
390,3,1461.6666666666665,114.0,134,True,-1.0210468466862723,-1.0210468466862723,-2.0420936933725446
391,0,1474.5000000000002,236.0,137,True,-1.5607093216509764,-1.5607093216509764,-3.121418643301953
391,1,1526.6666666666665,226.0,136,True,-1.535445757250268,-1.535445757250268,-3.070891514500536
391,2,1529.6666666666665,226.0,136,True,-1.536515180652817,-1.536515180652817,-3.073030361305634
391,3,1522.0000000000002,226.0,136,True,-1.5337822097351923,-1.5337822097351923,-3.0675644194703846
392,0,1487.4999999999998,321.0,139,True,-1.938150507272548,-1.938150507272548,-3.876301014545096
392,1,1485.0000000000002,226.0,136,True,-1.5205926544370905,-1.5205926544370905,-3.041185308874181
392,2,1585.0000000000002,226.0,136,True,-1.556240101188717,-1.556240101188717,-3.112480202377434
392,3,1600.0000000000002,301.0,138,True,-1.8905345866225136,-1.8905345866225136,-3.7810691732450272
393,0,1549.1666666666665,237.0,137,True,-1.5917120468044712,-1.5917120468044712,-3.1834240936089424
393,1,1368.6666666666665,114.0,134,True,-0.98789472120726,-0.98789472120726,-1.97578944241452
393,2,1456.1666666666665,242.0,136,True,-1.580489745886862,-1.580489745886862,-3.160979491773724
393,3,1563.0000000000002,226.0,136,True,-1.5483976629033593,-1.5483976629033593,-3.0967953258067187
394,0,1364.6666666666665,114.0,134,True,-0.9864688233371951,-0.9864688233371951,-1.9729376466743902
394,1,1335.6666666666667,191.0,136,True,-1.3138503620248367,-1.3138503620248367,-2.6277007240496735
394,2,1500.0000000000002,226.0,136,True,-1.5259397714498346,-1.5259397714498346,-3.0518795428996692
394,3,1351.8333333333335,114.0,134,True,-0.9818940676707365,-0.9818940676707365,-1.963788135341473
395,0,1404.8333333333335,199.0,136,True,-1.373594231992959,-1.373594231992959,-2.747188463985918
395,1,1458.8333333333335,199.0,136,True,-1.3928438532388359,-1.3928438532388359,-2.7856877064776717
395,2,1387.8333333333335,213.0,136,True,-1.4289376748171114,-1.4289376748171114,-2.857875349634223
395,3,1445.8333333333335,199.0,136,True,-1.3882096851611252,-1.3882096851611252,-2.7764193703222504
396,0,1395.8333333333335,199.0,136,True,-1.3703859617853111,-1.3703859617853111,-2.7407719235706223
396,1,1444.1666666666665,213.0,136,True,-1.4490190698205268,-1.4490190698205268,-2.8980381396410535
396,2,1361.1666666666665,191.0,136,True,-1.3229404609465023,-1.3229404609465023,-2.6458809218930046
396,3,1280.0,114.0,134,True,-0.9562873184208177,-0.9562873184208177,-1.9125746368416354
397,0,1372.1666666666665,162.0,135,True,-1.1996686976330402,-1.1996686976330402,-2.3993373952660804
397,1,1326.6666666666667,162.0,135,True,-1.1834491093610506,-1.1834491093610506,-2.3668982187221013
397,2,1500.6666666666665,114.0,134,True,-1.0349493509194072,-1.0349493509194072,-2.0698987018388144
397,3,1400.8333333333335,213.0,136,True,-1.4335718428948223,-1.4335718428948223,-2.8671436857896446
398,0,1331.8333333333335,114.0,134,True,-0.974764578320411,-0.974764578320411,-1.949529156640822
398,1,1502.6666666666665,114.0,134,True,-1.0356622998544387,-1.0356622998544387,-2.0713245997088774
398,2,1396.8333333333335,114.0,134,True,-0.9979354187089683,-0.9979354187089683,-1.9958708374179366
398,3,1461.8333333333335,114.0,134,True,-1.021106259097525,-1.021106259097525,-2.04221251819505
399,0,1429.4999999999998,199.0,136,True,-1.3823872688583583,-1.3823872688583583,-2.7647745377167166
399,1,1398.8333333333335,199.0,136,True,-1.3714553851878597,-1.3714553851878597,-2.7429107703757194
399,2,1499.8333333333335,199.0,136,True,-1.4074593064070033,-1.4074593064070033,-2.8149186128140067
399,3,1499.8333333333335,199.0,136,True,-1.4074593064070031,-1.4074593064070031,-2.8149186128140062
400,0,1364.1666666666665,162.0,135,True,-1.19681690189291,-1.19681690189291,-2.39363380378582
400,1,1404.1666666666665,191.0,136,True,-1.338268863049701,-1.338268863049701,-2.676537726099402
400,2,1448.8333333333335,199.0,136,True,-1.3892791085636735,-1.3892791085636735,-2.778558217127347
400,3,1448.4999999999998,199.0,136,True,-1.3891602837411685,-1.3891602837411685,-2.778320567482337
401,0,1414.8333333333335,199.0,136,True,-1.3771589766681205,-1.3771589766681205,-2.754317953336241
401,1,1405.8333333333335,199.0,135,True,-1.373950706460474,-1.373950706460474,-2.747901412920948
401,2,1402.8333333333335,114.0,134,True,-1.0000742655140655,-1.0000742655140655,-2.000148531028131
401,3,1386.8333333333335,250.0,137,True,-1.5908619021039805,-1.5908619021039805,-3.181723804207961
402,0,1403.6666666666667,226.0,136,True,-1.4915993977457669,-1.4915993977457669,-2.9831987954915338
402,1,1441.8333333333335,199.0,136,True,-1.3867837872910593,-1.3867837872910593,-2.7735675745821187
402,2,1470.4999999999998,270.0,138,True,-1.7084062307984555,-1.7084062307984555,-3.416812461596911
402,3,1436.0,410.0,140,True,-2.3101429493884442,-2.3101429493884442,-4.6202858987768884
403,0,1408.8333333333335,213.0,136,True,-1.4364236386349527,-1.4364236386349527,-2.8728472772699054
403,1,1440.8333333333335,250.0,137,True,-1.6101115233498593,-1.6101115233498593,-3.2202230466997186
403,2,1518.4999999999998,362.0,139,True,-2.129025777169061,-2.129025777169061,-4.258051554338122
403,3,1433.8333333333335,250.0,137,True,-1.6076162020772444,-1.6076162020772444,-3.215232404154489
404,0,1667.5,266.0,138,True,-1.7610878412500361,-1.7610878412500361,-3.5221756825000723
404,1,1577.5,189.0,136,True,-1.391285840927959,-1.391285840927959,-2.782571681855918
404,2,1409.5000000000002,185.0,136,True,-1.3138542707361036,-1.3138542707361036,-2.6277085414722072
404,3,1310.8333333333335,114.0,134,True,-0.9672786145025688,-0.9672786145025688,-1.9345572290051376
405,0,1430.0,242.0,136,True,-1.5711619973201876,-1.5711619973201876,-3.142323994640375
405,1,1413.1666666666665,242.0,137,True,-1.565161343783663,-1.565161343783663,-3.130322687567326
405,2,1307.6666666666667,162.0,135,True,-1.1766760944782415,-1.1766760944782415,-2.353352188956483
405,3,1406.1666666666665,191.0,136,True,-1.3389818119847336,-1.3389818119847336,-2.6779636239694673
406,0,1463.5000000000002,284.0,138,True,-1.7673144182977718,-1.7673144182977718,-3.5346288365955436
406,1,1418.1666666666665,242.0,137,True,-1.566943716121245,-1.566943716121245,-3.13388743224249
406,2,1441.1666666666665,242.0,137,True,-1.5751426288741184,-1.5751426288741184,-3.1502852577482368
406,3,1470.0,327.0,139,True,-1.9582279935646967,-1.9582279935646967,-3.9164559871293934
407,0,1508.8333333333335,373.0,140,True,-2.1738254713514906,-2.1738254713514906,-4.347650942702981
407,1,1326.8333333333335,162.0,135,True,-1.183508521772303,-1.183508521772303,-2.367017043544606
407,2,1433.8333333333335,213.0,136,True,-1.4453355003228594,-1.4453355003228594,-2.890671000645719
407,3,1428.8333333333335,242.0,137,True,-1.570746110441418,-1.570746110441418,-3.141492220882836
408,0,1427.8333333333335,250.0,137,True,-1.6054773552721477,-1.6054773552721477,-3.2109547105442955
408,1,1462.8333333333335,199.0,136,True,-1.3942697511089008,-1.3942697511089008,-2.7885395022178017
408,2,1530.5,322.0,139,True,-1.9578648742880276,-1.9578648742880276,-3.915729748576055
408,3,1443.8333333333335,250.0,137,True,-1.6111809467524076,-1.6111809467524076,-3.2223618935048153
409,0,1385.8333333333335,114.0,134,True,-0.9940141995662892,-0.9940141995662892,-1.9880283991325784
409,1,1423.8333333333335,114.0,134,True,-1.0075602293319075,-1.0075602293319075,-2.015120458663815
409,2,1378.6666666666665,165.0,135,True,-1.2151436764087378,-1.2151436764087378,-2.4302873528174755
409,3,1442.8333333333335,189.0,136,True,-1.3432806126357681,-1.3432806126357681,-2.6865612252715363
410,0,1372.5000000000002,284.0,138,True,-1.734875241753792,-1.734875241753792,-3.469750483507584
410,1,1513.8333333333335,298.0,137,True,-1.8466604752680194,-1.8466604752680194,-3.6933209505360387
410,2,1716.5,237.0,137,True,-1.6513621077021925,-1.6513621077021925,-3.302724215404385
410,3,1677.5,372.0,140,True,-2.2295648666269536,-2.2295648666269536,-4.459129733253907
411,0,1750.1666666666667,408.0,141,True,-2.4133634147752403,-2.4133634147752403,-4.826726829550481
411,1,1592.4999999999998,362.0,139,True,-2.155404887765264,-2.155404887765264,-4.310809775530528
411,2,1436.5000000000002,284.0,138,True,-1.757689607674833,-1.757689607674833,-3.515379215349666
411,3,1595.0000000000002,311.0,138,True,-1.9326118634077392,-1.9326118634077392,-3.8652237268154783
412,0,1375.6666666666667,162.0,135,True,-1.2009163582693474,-1.2009163582693474,-2.401832716538695
412,1,1578.0000000000002,437.0,141,True,-2.479183376407331,-2.479183376407331,-4.958366752814662
412,2,1400.8333333333335,213.0,136,True,-1.4335718428948225,-1.4335718428948225,-2.867143685789645
412,3,1496.5,308.0,139,True,-1.884341233620545,-1.884341233620545,-3.76868246724109
413,0,1387.1666666666665,213.0,136,True,-1.428700025172101,-1.428700025172101,-2.857400050344202
413,1,1330.0,191.0,136,True,-1.3118303400422457,-1.3118303400422457,-2.6236606800844915
413,2,1602.0000000000002,226.0,136,True,-1.5623001671364936,-1.5623001671364936,-3.124600334272987
413,3,1399.0,226.0,136,True,-1.489935850230691,-1.489935850230691,-2.979871700461382
414,0,1765.6666666666667,508.0,143,True,-2.8574852602498133,-2.8574852602498133,-5.714970520499627
414,1,1420.8333333333335,114.0,134,True,-1.0064908059293585,-1.0064908059293585,-2.012981611858717
414,2,1429.8333333333335,250.0,137,True,-1.6061903042071806,-1.6061903042071806,-3.212380608414361
414,3,1369.8333333333335,165.0,135,True,-1.2119948186123446,-1.2119948186123446,-2.423989637224689
415,0,1437.0,270.0,137,True,-1.6964643361366611,-1.6964643361366611,-3.3929286722733223
415,1,1355.1666666666665,213.0,136,True,-1.4172928422115796,-1.4172928422115796,-2.834585684423159
415,2,1460.8333333333335,199.0,136,True,-1.393556802173867,-1.393556802173867,-2.787113604347734
415,3,1429.4999999999998,270.0,138,True,-1.6937907776302894,-1.6937907776302894,-3.387581555260579
416,0,1435.8333333333335,199.0,136,True,-1.3846449404859615,-1.3846449404859615,-2.769289880971923
416,1,1554.8333333333335,250.0,137,True,-1.650749612646714,-1.650749612646714,-3.301499225293428
416,2,1312.6666666666667,162.0,135,True,-1.1784584668158227,-1.1784584668158227,-2.3569169336316453
416,3,1384.1666666666665,213.0,136,True,-1.427630601769551,-1.427630601769551,-2.855261203539102
417,0,1462.6666666666667,311.0,138,True,-1.8854384088730876,-1.8854384088730876,-3.770876817746175
417,1,1346.6666666666667,162.0,134,True,-1.1905785987113757,-1.1905785987113757,-2.3811571974227514
417,2,1391.5,284.0,138,True,-1.7416482566366014,-1.7416482566366014,-3.4832965132732028
417,3,1598.5,237.0,137,True,-1.6092981205352739,-1.6092981205352739,-3.2185962410705478
418,0,1450.8333333333335,189.0,136,True,-1.3461324083758988,-1.3461324083758988,-2.6922648167517975
418,1,1438.6666666666667,114.0,134,True,-1.0128479339333982,-1.0128479339333982,-2.0256958678667965
418,2,1380.6666666666667,114.0,134,True,-0.9921724148174553,-0.9921724148174553,-1.9843448296349107
418,3,1456.5,237.0,136,True,-1.5586787461479648,-1.5586787461479648,-3.1173574922959295
419,0,1482.6666666666667,185.0,136,True,-1.3399363192760432,-1.3399363192760432,-2.6798726385520864
419,1,1620.6666666666667,297.0,138,True,-1.8803578659687268,-1.8803578659687268,-3.7607157319374536
419,2,1499.5,308.0,139,True,-1.8854106570230937,-1.8854106570230937,-3.7708213140461875
419,3,1348.6666666666665,114.0,134,True,-0.9807652318569349,-0.9807652318569349,-1.9615304637138697
420,0,1499.5,189.0,136,True,-1.3634808324616894,-1.3634808324616894,-2.7269616649233788
420,1,1415.6666666666667,199.0,135,True,-1.377456038724384,-1.377456038724384,-2.754912077448768
420,2,1505.6666666666665,114.0,134,True,-1.0367317232569881,-1.0367317232569881,-2.0734634465139763
420,3,1410.0000000000002,226.0,136,True,-1.4938570693733708,-1.4938570693733708,-2.9877141387467416
421,0,1307.8333333333335,213.0,136,True,-1.4004197174158102,-1.4004197174158102,-2.8008394348316203
421,1,1442.5000000000002,270.0,138,True,-1.6984249457080005,-1.6984249457080005,-3.396849891416001
421,2,1416.8333333333335,250.0,137,True,-1.6015561361294686,-1.6015561361294686,-3.203112272258937
421,3,1415.8333333333335,250.0,137,True,-1.601199661661952,-1.601199661661952,-3.202399323323904
422,0,1433.6666666666665,114.0,134,True,-1.011065561595817,-1.011065561595817,-2.022131123191634
422,1,1315.8333333333335,165.0,135,True,-1.192745197366466,-1.192745197366466,-2.385490394732932
422,2,1614.5,359.0,140,True,-2.1500894313137806,-2.1500894313137806,-4.300178862627561
422,3,1388.8333333333335,165.0,135,True,-1.2187678334951537,-1.2187678334951537,-2.4375356669903074
423,0,1356.8333333333335,114.0,134,True,-0.9836764400083173,-0.9836764400083173,-1.9673528800166347
423,1,1516.8333333333335,114.0,134,True,-1.0407123548109194,-1.0407123548109194,-2.081424709621839
423,2,1399.8333333333335,114.0,134,True,-0.9990048421115167,-0.9990048421115167,-1.9980096842230335
423,3,1458.8333333333335,114.0,134,True,-1.0200368356949767,-1.0200368356949767,-2.0400736713899534
424,0,1598.0000000000002,226.0,136,True,-1.5608742692664288,-1.5608742692664288,-3.1217485385328576
424,1,1372.8333333333335,240.0,137,True,-1.5420116104359451,-1.5420116104359451,-3.0840232208718903
424,2,1424.0,213.0,135,True,-1.4418301680589498,-1.4418301680589498,-2.8836603361178996
424,3,1396.1666666666665,213.0,136,True,-1.4319082953797468,-1.4319082953797468,-2.8638165907594937
425,0,1361.6666666666665,277.0,137,True,-1.7003116806363998,-1.7003116806363998,-3.4006233612727996
425,1,1311.6666666666667,162.0,135,True,-1.1781019923483063,-1.1781019923483063,-2.3562039846966125
425,2,1397.8333333333335,162.0,135,True,-1.2088182089659583,-1.2088182089659583,-2.4176364179319165
425,3,1480.8333333333335,250.0,137,True,-1.6243705020505097,-1.6243705020505097,-3.2487410041010194
426,0,1579.0000000000002,226.0,136,True,-1.5541012543836197,-1.5541012543836197,-3.1082025087672394
426,1,1613.6666666666665,226.0,136,True,-1.566459035924183,-1.566459035924183,-3.132918071848366
426,2,1355.0,191.0,136,True,-1.3207422017301518,-1.3207422017301518,-2.6414844034603036
426,3,1424.0000000000002,226.0,136,True,-1.4988477119185981,-1.4988477119185981,-2.9976954238371962
427,0,1497.4999999999998,270.0,138,True,-1.7180310414213948,-1.7180310414213948,-3.4360620828427897
427,1,1644.6666666666665,226.0,136,True,-1.5775097444171862,-1.5775097444171862,-3.1550194888343723
427,2,1603.6666666666665,226.0,136,True,-1.56289429124902,-1.56289429124902,-3.12578858249804
427,3,1457.6666666666665,114.0,134,True,-1.0196209488162071,-1.0196209488162071,-2.0392418976324143
428,0,1481.4999999999998,274.0,138,True,-1.729871309590257,-1.729871309590257,-3.459742619180514
428,1,1527.6666666666665,207.0,137,True,-1.45246889838445,-1.45246889838445,-2.9049377967689
428,2,1592.6666666666665,226.0,136,True,-1.5589730721063413,-1.5589730721063413,-3.1179461442126826
428,3,1563.6666666666665,226.0,136,True,-1.5486353125483694,-1.5486353125483694,-3.097270625096739
429,0,1527.6666666666667,226.0,136,True,-1.5358022317177842,-1.5358022317177842,-3.0716044634355684
429,1,1507.6666666666667,226.0,136,True,-1.528672742367458,-1.528672742367458,-3.057345484734916
429,2,1521.6666666666665,226.0,136,True,-1.5336633849126864,-1.5336633849126864,-3.067326769825373
429,3,1531.6666666666665,226.0,136,True,-1.5372281295878492,-1.5372281295878492,-3.0744562591756983
430,0,1383.5000000000002,185.0,136,True,-1.3045859345806805,-1.3045859345806805,-2.609171869161361
430,1,1505.8333333333335,114.0,134,True,-1.0367911356682413,-1.0367911356682413,-2.0735822713364827
430,2,1503.8333333333335,199.0,136,True,-1.4088852042770679,-1.4088852042770679,-2.8177704085541357
430,3,1366.8333333333335,114.0,134,True,-0.9872411846834805,-0.9872411846834805,-1.974482369366961
431,0,1522.6666666666667,226.0,136,True,-1.5340198593802028,-1.5340198593802028,-3.0680397187604056
431,1,1582.6666666666665,226.0,136,True,-1.5554083274311787,-1.5554083274311787,-3.1108166548623575
431,2,1447.8333333333335,114.0,134,True,-1.0161156165522975,-1.0161156165522975,-2.032231233104595
431,3,1482.6666666666665,114.0,134,True,-1.0285328105041138,-1.0285328105041138,-2.0570656210082277
432,0,1508.0000000000002,226.0,136,True,-1.5287915671899648,-1.5287915671899648,-3.0575831343799296
432,1,1444.5000000000002,185.0,136,True,-1.3263308770991737,-1.3263308770991737,-2.6526617541983475
432,2,1574.0000000000002,226.0,136,True,-1.5523188820460376,-1.5523188820460376,-3.1046377640920753
432,3,1460.6666666666665,226.0,136,True,-1.5119184423941945,-1.5119184423941945,-3.023836884788389
433,0,1334.6666666666667,185.0,136,True,-1.2871780980836358,-1.2871780980836358,-2.5743561961672716
433,1,1403.6666666666667,114.0,134,True,-1.0003713275703294,-1.0003713275703294,-2.000742655140659
433,2,1511.6666666666667,226.0,136,True,-1.5300986402375238,-1.5300986402375238,-3.0601972804750477
433,3,1338.8333333333335,114.0,134,True,-0.9772598995930247,-0.9772598995930247,-1.9545197991860495
434,0,1525.1666666666665,189.0,136,True,-1.3726303437946077,-1.3726303437946077,-2.7452606875892154
434,1,1419.8333333333335,189.0,136,True,-1.335081699882895,-1.335081699882895,-2.67016339976579
434,2,1536.5000000000002,270.0,137,True,-1.7319335456545295,-1.7319335456545295,-3.463867091309059
434,3,1325.8333333333335,114.0,134,True,-0.9726257315153134,-0.9726257315153134,-1.9452514630306268
435,0,1388.8333333333335,213.0,136,True,-1.4292941492846276,-1.4292941492846276,-2.8585882985692552
435,1,1559.8333333333335,199.0,136,True,-1.4288477744579784,-1.4288477744579784,-2.857695548915957
435,2,1560.6666666666667,284.0,137,True,-1.8019518540581023,-1.8019518540581023,-3.6039037081162046
435,3,1328.8333333333335,114.0,134,True,-0.9736951549178622,-0.9736951549178622,-1.9473903098357244
436,0,1473.8333333333335,213.0,136,True,-1.4595944790235098,-1.4595944790235098,-2.9191889580470196
436,1,1528.5,266.0,138,True,-1.7115378902652751,-1.7115378902652751,-3.4230757805305503
436,2,1264.8333333333335,114.0,134,True,-0.9508807889968209,-0.9508807889968209,-1.9017615779936419
436,3,1380.8333333333335,114.0,134,True,-0.9922318272287077,-0.9922318272287077,-1.9844636544574155
437,0,1635.0000000000002,226.0,135,True,-1.5740638245645302,-1.5740638245645302,-3.1481276491290604
437,1,1611.0000000000002,226.0,136,True,-1.5655084373441401,-1.5655084373441401,-3.1310168746882803
437,2,1350.8333333333335,114.0,134,True,-0.9815375932032199,-0.9815375932032199,-1.9630751864064397
437,3,1515.5000000000002,270.0,138,True,-1.7244475818366876,-1.7244475818366876,-3.448895163673375
438,0,1613.1666666666665,372.0,140,True,-2.2066316758834077,-2.2066316758834077,-4.413263351766815
438,1,1396.0,136.0,135,True,-1.0941295847228798,-1.0941295847228798,-2.1882591694457596
438,2,1584.0000000000002,226.0,136,True,-1.5558836267212004,-1.5558836267212004,-3.111767253442401
438,3,1409.8333333333335,114.0,134,True,-1.0025695867866797,-1.0025695867866797,-2.0051391735733595
439,0,1445.8333333333335,199.0,136,True,-1.388209685161125,-1.388209685161125,-2.77641937032225
439,1,1709.0000000000002,386.0,140,True,-2.302197321125646,-2.302197321125646,-4.604394642251292
439,2,1468.4999999999998,199.0,136,True,-1.396289773091492,-1.396289773091492,-2.792579546182984
439,3,1357.8333333333335,114.0,134,True,-0.984032914475834,-0.984032914475834,-1.968065828951668
440,0,1503.8333333333335,199.0,136,True,-1.408885204277067,-1.408885204277067,-2.817770408554134
440,1,1510.4999999999998,270.0,138,True,-1.7226652094991064,-1.7226652094991064,-3.445330418998213
440,2,1450.4999999999998,199.0,136,True,-1.3898732326762002,-1.3898732326762002,-2.7797464653524004
440,3,1416.4999999999998,199.0,136,True,-1.3777531007806467,-1.3777531007806467,-2.7555062015612934
441,0,1494.5000000000002,233.0,137,True,-1.5546809162644597,-1.5546809162644597,-3.1093618325289194
441,1,1279.0,162.0,135,True,-1.1664571597427755,-1.1664571597427755,-2.332914319485551
441,2,1360.1666666666665,191.0,136,True,-1.3225839864789857,-1.3225839864789857,-2.6451679729579713
441,3,1286.6666666666667,162.0,134,True,-1.1691901306604,-1.1691901306604,-2.3383802613208
442,0,1536.5000000000002,270.0,138,True,-1.7319335456545295,-1.7319335456545295,-3.463867091309059
442,1,1530.8333333333335,274.0,138,True,-1.74745738332106,-1.74745738332106,-3.49491476664212
442,2,1714.333333333333,477.0,143,True,-2.7032213253032773,-2.7032213253032773,-5.406442650606555
442,3,1615.5000000000002,321.0,139,True,-1.9837792391146285,-1.9837792391146285,-3.967558478229257
443,0,1460.8333333333335,250.0,137,True,-1.6172410127001842,-1.6172410127001842,-3.2344820254003683
443,1,1543.8333333333335,250.0,137,True,-1.6468283935040338,-1.6468283935040338,-3.2936567870080675
443,2,1442.6666666666667,162.0,135,True,-1.224800147592937,-1.224800147592937,-2.449600295185874
443,3,1383.1666666666665,191.0,136,True,-1.3307828992318596,-1.3307828992318596,-2.661565798463719
444,0,1452.8333333333335,199.0,136,True,-1.3907050064337374,-1.3907050064337374,-2.781410012867475
444,1,1434.8333333333335,242.0,137,True,-1.572884957246516,-1.572884957246516,-3.145769914493032
444,2,1539.8333333333335,228.0,136,True,-1.5489112675637933,-1.5489112675637933,-3.0978225351275865
444,3,1479.1666666666665,213.0,136,True,-1.4614956761835964,-1.4614956761835964,-2.922991352367193
445,0,1593.0000000000002,226.0,136,True,-1.5590918969288474,-1.5590918969288474,-3.118183793857695
445,1,1712.5000000000002,270.0,138,True,-1.7946730519373901,-1.7946730519373901,-3.5893461038747803
445,2,1445.8333333333335,250.0,137,True,-1.6118938956874405,-1.6118938956874405,-3.223787791374881
445,3,1416.8333333333335,199.0,136,True,-1.3778719256031533,-1.3778719256031533,-2.7557438512063066
446,0,1543.5000000000002,233.0,137,True,-1.5721481651727558,-1.5721481651727558,-3.1442963303455116
446,1,1341.8333333333335,114.0,134,True,-0.9783293229955732,-0.9783293229955732,-1.9566586459911464
446,2,1312.8333333333335,114.0,134,True,-0.9679915634376018,-0.9679915634376018,-1.9359831268752037
446,3,1378.5,185.0,136,True,-1.3028035622430996,-1.3028035622430996,-2.605607124486199
447,0,1420.1666666666665,213.0,136,True,-1.4404636826001356,-1.4404636826001356,-2.880927365200271
447,1,1341.8333333333335,213.0,136,True,-1.4125398493113621,-1.4125398493113621,-2.8250796986227242
447,2,1344.1666666666665,162.0,135,True,-1.1896874125425845,-1.1896874125425845,-2.379374825085169
447,3,1730.5000000000002,284.0,138,True,-1.8624931011246135,-1.8624931011246135,-3.724986202249227
448,0,1364.8333333333335,177.0,135,True,-1.2628440252221318,-1.2628440252221318,-2.5256880504442636
448,1,1412.8333333333335,298.0,138,True,-1.8106565540488773,-1.8106565540488773,-3.6213131080977545
448,2,1453.8333333333335,199.0,136,True,-1.391061480901254,-1.391061480901254,-2.782122961802508
448,3,1368.8333333333335,162.0,135,True,-1.1984804494079864,-1.1984804494079864,-2.3969608988159727
449,0,1387.6666666666667,191.0,136,True,-1.3323870343356827,-1.3323870343356827,-2.6647740686713655
449,1,1432.8333333333335,140.0,134,True,-1.1248035872588518,-1.1248035872588518,-2.2496071745177035
449,2,1527.5,237.0,137,True,-1.583988433341619,-1.583988433341619,-3.167976866683238
449,3,1522.0,311.0,138,True,-1.9065892272790508,-1.9065892272790508,-3.8131784545581016
450,0,1605.8333333333335,250.0,137,True,-1.6689298104900419,-1.6689298104900419,-3.3378596209800837
450,1,1439.8333333333335,250.0,137,True,-1.6097550488823424,-1.6097550488823424,-3.219510097764685
450,2,1464.6666666666667,233.0,137,True,-1.544046094650225,-1.544046094650225,-3.08809218930045
450,3,1458.4999999999998,270.0,138,True,-1.7041285371882606,-1.7041285371882606,-3.4082570743765213
451,0,1420.8333333333335,199.0,136,True,-1.379297823473217,-1.379297823473217,-2.758595646946434
451,1,1411.6666666666667,162.0,135,True,-1.2137494390999333,-1.2137494390999333,-2.4274988781998665
451,2,1352.1666666666665,162.0,135,True,-1.192539208282715,-1.192539208282715,-2.38507841656543
451,3,1371.1666666666665,213.0,136,True,-1.4229964336918395,-1.4229964336918395,-2.845992867383679
452,0,1618.5,237.0,137,True,-1.6164276098855992,-1.6164276098855992,-3.2328552197711984
452,1,1444.4999999999998,270.0,138,True,-1.6991378946430327,-1.6991378946430327,-3.3982757892860653
452,2,1546.5,237.0,137,True,-1.5907614482244286,-1.5907614482244286,-3.181522896448857
452,3,1534.5,237.0,137,True,-1.5864837546142325,-1.5864837546142325,-3.172967509228465
453,0,1465.8333333333335,250.0,137,True,-1.619023385037766,-1.619023385037766,-3.238046770075532
453,1,1450.8333333333335,199.0,136,True,-1.3899920574987052,-1.3899920574987052,-2.7799841149974105
453,2,1683.666666666667,372.0,140,True,-2.2317631258433037,-2.2317631258433037,-4.463526251686607
453,3,1667.666666666667,372.0,140,True,-2.226059534363044,-2.226059534363044,-4.452119068726088
454,0,1518.4999999999998,270.0,138,True,-1.7255170052392361,-1.7255170052392361,-3.4510340104784722
454,1,1444.4999999999998,199.0,136,True,-1.3877343858711024,-1.3877343858711024,-2.775468771742205
454,2,1648.5,322.0,138,True,-1.9999288614549469,-1.9999288614549469,-3.9998577229098937
454,3,1434.8333333333335,250.0,137,True,-1.6079726765447615,-1.6079726765447615,-3.215945353089523
455,0,1578.5000000000002,270.0,138,True,-1.7469054732902118,-1.7469054732902118,-3.4938109465804237
455,1,1608.9999999999998,386.0,140,True,-2.26654987437402,-2.26654987437402,-4.53309974874804
455,2,1542.8333333333335,274.0,138,True,-1.7517350769312547,-1.7517350769312547,-3.5034701538625095
455,3,1748.5000000000002,430.0,142,True,-2.5092605187328907,-2.5092605187328907,-5.018521037465781
456,0,1473.5000000000002,185.0,136,True,-1.3366686366571452,-1.3366686366571452,-2.6733372733142904
456,1,1619.5000000000002,270.0,138,True,-1.761520926458378,-1.761520926458378,-3.523041852916756
456,2,1634.0000000000002,301.0,138,True,-1.9026547185180662,-1.9026547185180662,-3.8053094370361324
456,3,1520.5,301.0,138,True,-1.8621948664549703,-1.8621948664549703,-3.7243897329099407
457,0,1667.1666666666665,260.0,138,True,-1.7346532269538462,-1.7346532269538462,-3.4693064539076923
457,1,1381.5000000000002,236.0,137,True,-1.5275571961719643,-1.5275571961719643,-3.0551143923439286
457,2,1352.8333333333335,213.0,136,True,-1.4164610684540415,-1.4164610684540415,-2.832922136908083
457,3,1577.5,189.0,136,True,-1.3912858409279585,-1.3912858409279585,-2.782571681855917
458,0,1414.1666666666665,213.0,136,True,-1.4383248357950393,-1.4383248357950393,-2.8766496715900787
458,1,1668.8333333333335,250.0,137,True,-1.6913877019435668,-1.6913877019435668,-3.3827754038871336
458,2,1621.8333333333335,250.0,137,True,-1.6746334019703026,-1.6746334019703026,-3.3492668039406053
458,3,1437.5,185.0,136,True,-1.3238355558265587,-1.3238355558265587,-2.6476711116531173
459,0,1699.3333333333333,430.0,141,True,-2.4917338574133425,-2.4917338574133425,-4.983467714826685
459,1,1956.5,601.0,146,True,-3.3334072079762747,-3.3334072079762747,-6.666814415952549
459,2,1763.6666666666665,269.0,137,True,-1.8085266972796923,-1.8085266972796923,-3.6170533945593846
459,3,1959.3333333333333,478.0,142,True,-2.794943534757042,-2.794943534757042,-5.589887069514084
460,0,1543.6666666666665,325.0,139,True,-1.9757163495138337,-1.9757163495138337,-3.9514326990276674
460,1,1675.6666666666665,274.0,138,True,-1.7990867686996643,-1.7990867686996643,-3.5981735373993287
460,2,1815.1666666666665,566.0,144,True,-3.129516711304152,-3.129516711304152,-6.259033422608304
460,3,1501.6666666666665,262.0,138,True,-1.6844286324044653,-1.6844286324044653,-3.3688572648089306
461,0,1526.6666666666665,185.0,135,True,-1.3556211958467592,-1.3556211958467592,-2.7112423916935184
461,1,1580.4999999999998,362.0,139,True,-2.151127194155069,-2.151127194155069,-4.302254388310138
461,2,1689.5000000000002,260.0,138,True,-1.74261449006171,-1.74261449006171,-3.48522898012342
461,3,1672.0000000000002,386.0,139,True,-2.289007765827545,-2.289007765827545,-4.57801553165509
462,0,1731.5000000000002,260.0,138,True,-1.7575864176973928,-1.7575864176973928,-3.5151728353947855
462,1,1721.1666666666665,301.0,138,True,-1.933727409603234,-1.933727409603234,-3.867454819206468
462,2,1479.6666666666665,136.0,135,True,-1.1239546151717394,-1.1239546151717394,-2.247909230343479
462,3,1723.1666666666667,323.0,139,True,-2.0309315866084425,-2.0309315866084425,-4.061863173216885
463,0,1718.1666666666665,301.0,138,True,-1.9326579862006845,-1.9326579862006845,-3.865315972401369
463,1,1700.6666666666665,226.0,136,True,-1.5974723145980976,-1.5974723145980976,-3.194944629196195
463,2,1686.6666666666665,226.0,136,True,-1.5924816720528703,-1.5924816720528703,-3.1849633441057406
463,3,1779.166666666667,338.0,138,True,-2.1166836304735632,-2.1166836304735632,-4.2333672609471265
464,0,1566.0,211.0,137,True,-1.4836776126216964,-1.4836776126216964,-2.967355225243393
464,1,1715.0000000000002,301.0,138,True,-1.9315291503868846,-1.9315291503868846,-3.863058300773769
464,2,1725.0000000000002,301.0,138,True,-1.9350938950620464,-1.9350938950620464,-3.870187790124093
464,3,1563.6666666666665,136.0,135,True,-1.153898470443107,-1.153898470443107,-2.307796940886214
465,0,1397.6666666666667,292.0,139,True,-1.7789342351511965,-1.7789342351511965,-3.557868470302393
465,1,1621.6666666666665,226.0,136,True,-1.5693108316643136,-1.5693108316643136,-3.1386216633286272
465,2,1754.1666666666667,416.0,141,True,-2.449877031943552,-2.449877031943552,-4.899754063887104
465,3,1744.0000000000002,386.0,140,True,-2.314673927488715,-2.314673927488715,-4.62934785497743
466,0,1727.6666666666665,199.0,136,True,-1.4886760725894572,-1.4886760725894572,-2.9773521451789144
466,1,1681.6666666666665,335.0,139,True,-2.068769475153885,-2.068769475153885,-4.13753895030777
466,2,1343.8333333333335,114.0,134,True,-0.9790422719306058,-0.9790422719306058,-1.9580845438612116
466,3,1586.0,211.0,137,True,-1.4908071019720215,-1.4908071019720215,-2.981614203944043
467,0,1395.6666666666665,189.0,136,True,-1.3264669002512515,-1.3264669002512515,-2.652933800502503
467,1,1439.4999999999998,199.0,136,True,-1.385952013533521,-1.385952013533521,-2.771904027067042
467,2,1710.6666666666665,199.0,136,True,-1.4826160066416805,-1.4826160066416805,-2.965232013283361
467,3,1425.5,185.0,136,True,-1.3195578622163637,-1.3195578622163637,-2.6391157244327275
468,0,1501.1666666666665,213.0,136,True,-1.4693381144689537,-1.4693381144689537,-2.9386762289379074
468,1,1551.6666666666665,199.0,136,True,-1.4259365663065946,-1.4259365663065946,-2.851873132613189
468,2,1494.5000000000002,185.0,136,True,-1.3441546004749871,-1.3441546004749871,-2.6883092009499743
468,3,1571.6666666666665,284.0,138,True,-1.80587307320078,-1.80587307320078,-3.61174614640156
469,0,1548.1666666666665,162.0,135,True,-1.2624082039159024,-1.2624082039159024,-2.5248164078318047
469,1,1511.5000000000002,233.0,137,True,-1.560740982212236,-1.560740982212236,-3.121481964424472
469,2,1397.8333333333335,114.0,134,True,-0.9982918931764839,-0.9982918931764839,-1.9965837863529678
469,3,1481.6666666666665,136.0,135,True,-1.1246675641067727,-1.1246675641067727,-2.2493351282135454
470,0,1428.8333333333335,250.0,137,True,-1.6058338297396635,-1.6058338297396635,-3.211667659479327
470,1,1322.6666666666665,114.0,134,True,-0.9714968957015115,-0.9714968957015115,-1.942993791403023
470,2,1442.1666666666665,162.0,135,True,-1.224621910359178,-1.224621910359178,-2.449243820718356
470,3,1298.6666666666667,114.0,134,True,-0.9629415084811216,-0.9629415084811216,-1.9258830169622432
471,0,1867.5,408.0,140,True,-2.4551897522971498,-2.4551897522971498,-4.9103795045942995
471,1,1622.0000000000002,226.0,136,True,-1.5694296564868186,-1.5694296564868186,-3.1388593129736373
471,2,1765.1666666666665,372.0,140,True,-2.2608157949458785,-2.2608157949458785,-4.521631589891757
471,3,1424.5000000000002,185.0,136,True,-1.3192013877488487,-1.3192013877488487,-2.6384027754976973
472,0,1454.8333333333335,250.0,137,True,-1.6151021658950868,-1.6151021658950868,-3.2302043317901736
472,1,1744.5000000000002,260.0,138,True,-1.762220585775104,-1.762220585775104,-3.524441171550208
472,2,1757.166666666667,338.0,138,True,-2.1088411921882058,-2.1088411921882058,-4.2176823843764115
472,3,1774.5,301.0,138,True,-1.952739381204101,-1.952739381204101,-3.905478762408202
473,0,1577.8333333333335,199.0,136,True,-1.4352643148732709,-1.4352643148732709,-2.8705286297465418
473,1,1469.6666666666667,114.0,134,True,-1.0238986424264025,-1.0238986424264025,-2.047797284852805
473,2,1409.8333333333335,165.0,135,True,-1.226253797312995,-1.226253797312995,-2.45250759462599
473,3,1313.6666666666667,114.0,134,True,-0.9682886254938654,-0.9682886254938654,-1.9365772509877308
474,0,1433.4999999999998,199.0,136,True,-1.383813166728424,-1.383813166728424,-2.767626333456848
474,1,1582.8333333333335,284.0,138,True,-1.8098537047547123,-1.8098537047547123,-3.6197074095094246
474,2,1337.1666666666665,213.0,136,True,-1.410876301796287,-1.410876301796287,-2.821752603592574
474,3,1650.5000000000002,233.0,137,True,-1.6102909331969961,-1.6102909331969961,-3.2205818663939922
475,0,1499.8333333333335,199.0,136,True,-1.4074593064070031,-1.4074593064070031,-2.8149186128140062
475,1,1721.5,274.0,138,True,-1.8154251817941602,-1.8154251817941602,-3.6308503635883205
475,2,1480.8333333333335,199.0,136,True,-1.4006862915241935,-1.4006862915241935,-2.801372583048387
475,3,1636.5,237.0,137,True,-1.6228441503008915,-1.6228441503008915,-3.245688300601783
476,0,1421.5,237.0,137,True,-1.5462021397848957,-1.5462021397848957,-3.0924042795697915
476,1,1637.8333333333335,410.0,141,True,-2.382091379415475,-2.382091379415475,-4.76418275883095
476,2,1508.5,274.0,138,True,-1.7394961202131967,-1.7394961202131967,-3.4789922404263933
476,3,1480.1666666666665,213.0,136,True,-1.4618521506511124,-1.4618521506511124,-2.923704301302225
477,0,1518.8333333333335,373.0,140,True,-2.177390216026653,-2.177390216026653,-4.354780432053306
477,1,1584.5,274.0,138,True,-1.7665881797444318,-1.7665881797444318,-3.5331763594888637
477,2,1437.8333333333335,199.0,136,True,-1.385357889420994,-1.385357889420994,-2.770715778841988
477,3,1507.0,213.0,136,True,-1.471417548862799,-1.471417548862799,-2.942835097725598
478,0,1680.1666666666665,323.0,139,True,-2.0156031845052427,-2.0156031845052427,-4.031206369010485
478,1,1606.5,274.0,138,True,-1.77443061802979,-1.77443061802979,-3.54886123605958
478,2,1546.8333333333335,250.0,137,True,-1.647897816906583,-1.647897816906583,-3.295795633813166
478,3,1466.8333333333335,213.0,136,True,-1.4570991577508963,-1.4570991577508963,-2.9141983155017925
479,0,1458.1666666666665,213.0,136,True,-1.4540097123657545,-1.4540097123657545,-2.908019424731509
479,1,1597.5,237.0,137,True,-1.6089416460677588,-1.6089416460677588,-3.2178832921355176
479,2,1475.8333333333335,199.0,136,True,-1.398903919186612,-1.398903919186612,-2.797807838373224
479,3,1622.8333333333335,335.0,139,True,-2.0477968939816793,-2.0477968939816793,-4.095593787963359
480,0,1584.0,298.0,138,True,-1.8716731004054106,-1.8716731004054106,-3.743346200810821
480,1,1692.0,247.0,137,True,-1.6864881323708523,-1.6864881323708523,-3.3729762647417045
480,2,1440.8333333333335,213.0,136,True,-1.4478308215954723,-1.4478308215954723,-2.8956616431909445
480,3,1584.8333333333335,250.0,137,True,-1.6614438466722012,-1.6614438466722012,-3.3228876933444025
481,0,1555.1666666666665,284.0,138,True,-1.7999912444867618,-1.7999912444867618,-3.5999824889735237
481,1,1615.3333333333333,284.0,138,True,-1.8214391249489912,-1.8214391249489912,-3.6428782498979824
481,2,1481.5000000000002,233.0,137,True,-1.5500467481867481,-1.5500467481867481,-3.1000934963734963
481,3,1465.8333333333335,199.0,136,True,-1.3953391745114505,-1.3953391745114505,-2.790678349022901
482,0,1541.4999999999998,199.0,136,True,-1.4223124092201798,-1.4223124092201798,-2.8446248184403595
482,1,1501.6666666666667,191.0,136,True,-1.3730251236325364,-1.3730251236325364,-2.7460502472650727
482,2,1411.1666666666665,213.0,136,True,-1.4372554123924908,-1.4372554123924908,-2.8745108247849815
482,3,1550.0,140.0,134,True,-1.1665705123695072,-1.1665705123695072,-2.3331410247390143
483,0,1717.6666666666665,405.0,140,True,-2.388620099844121,-2.388620099844121,-4.777240199688242
483,1,1447.5,284.0,138,True,-1.761610826817511,-1.761610826817511,-3.523221653635022
483,2,1557.4999999999998,272.0,138,True,-1.7481914392969309,-1.7481914392969309,-3.4963828785938618
483,3,1371.6666666666667,162.0,135,True,-1.1994904603992822,-1.1994904603992822,-2.3989809207985644
484,0,1754.9999999999998,386.0,140,True,-2.3185951466313943,-2.3185951466313943,-4.637190293262789
484,1,1697.8333333333335,235.0,137,True,-1.6359359878173276,-1.6359359878173276,-3.2718719756346553
484,2,1645.8333333333335,269.0,137,True,-1.7665221225240268,-1.7665221225240268,-3.5330442450480537
484,3,1598.3333333333333,406.0,141,True,-2.3504667782994613,-2.3504667782994613,-4.7009335565989225
485,0,1428.4999999999998,199.0,136,True,-1.3820307943908425,-1.3820307943908425,-2.764061588781685
485,1,1762.0,291.0,139,True,-1.9044238012373418,-1.9044238012373418,-3.8088476024746836
485,2,1488.0,272.0,138,True,-1.7234164638045508,-1.7234164638045508,-3.4468329276091016
485,3,1553.8333333333335,177.0,135,True,-1.3302176995827053,-1.3302176995827053,-2.6604353991654106
486,0,1445.8333333333335,199.0,136,True,-1.3882096851611245,-1.3882096851611245,-2.776419370322249
486,1,1477.8333333333335,199.0,136,True,-1.3996168681216448,-1.3996168681216448,-2.7992337362432895
486,2,1460.8333333333335,213.0,136,True,-1.4549603109457978,-1.4549603109457978,-2.9099206218915956
486,3,1549.8333333333335,199.0,136,True,-1.4252830297828156,-1.4252830297828156,-2.8505660595656312
487,0,1407.1666666666665,213.0,136,True,-1.435829514522426,-1.435829514522426,-2.871659029044852
487,1,1425.8333333333335,213.0,136,True,-1.4424837045827288,-1.4424837045827288,-2.8849674091654576
487,2,1553.6666666666665,114.0,134,True,-1.0538424976977683,-1.0538424976977683,-2.1076849953955366
487,3,1583.8333333333335,199.0,136,True,-1.4374031616783691,-1.4374031616783691,-2.8748063233567382
488,0,1714.0000000000002,437.0,140,True,-2.527663903989544,-2.527663903989544,-5.055327807979088
488,1,1692.1666666666665,301.0,138,True,-1.9233896500452632,-1.9233896500452632,-3.8467793000905264
488,2,1632.1666666666665,301.0,138,True,-1.902001181994287,-1.902001181994287,-3.804002363988574
488,3,1565.0000000000002,301.0,138,True,-1.8780579802594446,-1.8780579802594446,-3.756115960518889
489,0,1603.0000000000002,301.0,138,True,-1.8916040100250624,-1.8916040100250624,-3.783208020050125
489,1,1487.0000000000002,301.0,138,True,-1.8502529717931757,-1.8502529717931757,-3.7005059435863514
489,2,1620.0000000000002,301.0,138,True,-1.897664075972838,-1.897664075972838,-3.795328151945676
489,3,1630.1666666666667,323.0,139,True,-1.9977794611294297,-1.9977794611294297,-3.9955589222588594
490,0,1648.8333333333335,189.0,136,True,-1.4167143529441177,-1.4167143529441177,-2.8334287058882355
490,1,1715.5000000000002,301.0,138,True,-1.9317073876206416,-1.9317073876206416,-3.8634147752412833
490,2,1532.8333333333335,189.0,136,True,-1.3753633147122324,-1.3753633147122324,-2.7507266294244648
490,3,1686.8333333333335,373.0,139,True,-2.2372779265693863,-2.2372779265693863,-4.474555853138773
491,0,1408.8333333333335,165.0,135,True,-1.225897322845479,-1.225897322845479,-2.451794645690958
491,1,1646.8333333333335,325.0,139,True,-2.0124926320792618,-2.0124926320792618,-4.0249852641585235
491,2,1661.0000000000002,301.0,138,True,-1.9122795291410044,-1.9122795291410044,-3.824559058282009
491,3,1478.8333333333335,189.0,136,True,-1.3561136934663545,-1.3561136934663545,-2.712227386932709
492,0,1484.1666666666665,213.0,136,True,-1.4632780485211774,-1.4632780485211774,-2.9265560970423548
492,1,1528.8333333333335,213.0,136,True,-1.4792005747369028,-1.4792005747369028,-2.9584011494738056
492,2,1591.8333333333335,213.0,136,True,-1.5016584661904282,-1.5016584661904282,-3.0033169323808564
492,3,1359.8333333333335,213.0,136,True,-1.418956389726655,-1.418956389726655,-2.83791277945331
493,0,1522.8333333333335,250.0,137,True,-1.639342429686193,-1.639342429686193,-3.278684859372386
493,1,1540.0,235.0,136,True,-1.5796724343610102,-1.5796724343610102,-3.1593448687220205
493,2,1613.6666666666665,420.0,141,True,-2.41733622890664,-2.41733622890664,-4.83467245781328
493,3,1457.4999999999998,250.0,137,True,-1.61605276447513,-1.61605276447513,-3.23210552895026
494,0,1605.8333333333335,298.0,137,True,-1.8794561262795162,-1.8794561262795162,-3.7589122525590324
494,1,1457.8333333333335,250.0,137,True,-1.6161715892976358,-1.6161715892976358,-3.2323431785952716
494,2,1617.8333333333333,247.0,137,True,-1.6600496093633952,-1.6600496093633952,-3.3200992187267904
494,3,1420.8333333333335,228.0,136,True,-1.5064908059293582,-1.5064908059293582,-3.0129816118587165
495,0,1490.8333333333333,184.0,135,True,-1.3384615625151453,-1.3384615625151453,-2.6769231250302905
495,1,1639.8333333333335,274.0,138,True,-1.7863131002803319,-1.7863131002803319,-3.5726262005606637
495,2,1430.8333333333335,189.0,136,True,-1.3390029190255732,-1.3390029190255732,-2.6780058380511464
495,3,1582.8333333333333,269.0,137,True,-1.7440642310705008,-1.7440642310705008,-3.4881284621410016
496,0,1741.8333333333333,417.0,140,True,-2.449866478423133,-2.449866478423133,-4.899732956846266
496,1,1693.0,442.0,141,True,-2.5421077647331067,-2.5421077647331067,-5.0842155294662135
496,2,1676.8333333333335,235.0,136,True,-1.6284500239994861,-1.6284500239994861,-3.2569000479989723
496,3,1398.8333333333335,177.0,135,True,-1.2749641571176848,-1.2749641571176848,-2.5499283142353697
497,0,1508.8333333333335,213.0,136,True,-1.4720710853865786,-1.4720710853865786,-2.944142170773157
497,1,1493.8333333333335,250.0,137,True,-1.629004670128221,-1.629004670128221,-3.258009340256442
497,2,1388.1666666666665,213.0,136,True,-1.4290564996396162,-1.4290564996396162,-2.8581129992792325
497,3,1483.8333333333335,250.0,137,True,-1.625439925453058,-1.625439925453058,-3.250879850906116
498,0,1404.8333333333335,165.0,135,True,-1.2244714249754138,-1.2244714249754138,-2.4489428499508277
498,1,1396.6666666666667,114.0,134,True,-0.9978760062977151,-0.9978760062977151,-1.9957520125954302
498,2,1531.5,349.0,138,True,-2.076642401387123,-2.076642401387123,-4.153284802774246
498,3,1446.1666666666665,213.0,136,True,-1.4497320187555593,-1.4497320187555593,-2.8994640375111187
499,0,1670.1666666666667,333.0,139,True,-2.0558980889528873,-2.0558980889528873,-4.111796177905775
499,1,1625.4999999999998,311.0,138,True,-1.9434843346669843,-1.9434843346669843,-3.8869686693339687
499,2,1415.8333333333335,213.0,136,True,-1.4389189599075662,-1.4389189599075662,-2.8778379198151325
499,3,1447.0000000000002,226.0,136,True,-1.5070466246714722,-1.5070466246714722,-3.0140932493429444
500,0,1527.6666666666667,382.0,140,True,-2.220012758033574,-2.220012758033574,-4.440025516067148
500,1,1419.6666666666667,162.0,134,True,-1.2166012348400628,-1.2166012348400628,-2.4332024696801255
500,2,1717.1666666666667,384.0,140,True,-2.2963365994524696,-2.2963365994524696,-4.592673198904939
500,3,1298.6666666666667,114.0,134,True,-0.9629415084811211,-0.9629415084811211,-1.9258830169622423
