global_episode,worker_id,makespan,cost,steps,done,upper_reward_sum,lower_reward_sum,total_reward_sum
1,0,2623.8333333333335,2239.0,161,True,-9.721859116559639,-9.721859116559639,-19.443718233119277
1,1,2481.0,1960.0,159,True,-8.564168126094566,-8.564168126094566,-17.128336252189133
1,2,2529.0,1786.0,156,True,-7.882178633975475,-7.882178633975475,-15.76435726795095
1,3,2565.8333333333335,2031.0,158,True,-8.872929752870204,-8.872929752870204,-17.74585950574041
2,0,2533.0,2269.0,160,True,-9.815346176298894,-9.815346176298894,-19.630692352597787
2,1,2718.0,2024.0,157,True,-8.889345008756566,-8.889345008756566,-17.77869001751313
2,2,2504.0,2254.0,162,True,-9.746881494454174,-9.746881494454174,-19.493762988908347
2,3,2655.0,2628.0,169,True,-11.28695621716288,-11.28695621716288,-22.57391243432576
3,0,2403.8333333333335,1944.0,156,True,-8.477644288772135,-8.477644288772135,-16.95528857754427
3,1,2734.0,2326.0,162,True,-10.102015178050205,-10.102015178050205,-20.20403035610041
3,2,2395.0,1880.0,156,True,-8.219065966141267,-8.219065966141267,-16.438131932282534
3,3,2443.8333333333335,1635.0,154,True,-7.253319712006224,-7.253319712006224,-14.506639424012448
4,0,2608.8333333333335,2326.0,163,True,-10.065480832846857,-10.065480832846857,-20.130961665693714
4,1,2609.0,2477.0,166,True,-10.669529480443668,-10.669529480443668,-21.339058960887336
4,2,2437.0,1816.0,154,True,-7.975325160537064,-7.975325160537064,-15.950650321074129
4,3,2730.0,2715.0,167,True,-11.656847635726791,-11.656847635726791,-23.313695271453582
5,0,2430.0,1873.0,159,True,-8.201281961471103,-8.201281961471103,-16.402563922942207
5,1,2490.0,1658.0,153,True,-7.35879509632224,-7.35879509632224,-14.71759019264448
5,2,2446.0,1873.0,157,True,-8.205952130764734,-8.205952130764734,-16.411904261529468
5,3,2394.8333333333335,1801.0,156,True,-7.90301731854446,-7.90301731854446,-15.80603463708892
6,0,2459.0,1571.0,152,True,-7.001746643315814,-7.001746643315814,-14.003493286631628
6,1,2106.8333333333335,1118.0,148,True,-5.086954271259001,-5.086954271259001,-10.173908542518001
6,2,2504.0,2024.0,157,True,-8.826881494454181,-8.826881494454181,-17.653762988908362
6,3,2259.8333333333335,1412.0,152,True,-6.3076127651294085,-6.3076127651294085,-12.615225530258817
7,0,2181.8333333333335,1182.0,150,True,-5.364845689822921,-5.364845689822921,-10.729691379645843
7,1,2240.0,1046.0,145,True,-4.837823701109164,-4.837823701109164,-9.675647402218328
7,2,2263.0,1420.0,153,True,-6.34053706946877,-6.34053706946877,-12.68107413893754
7,3,2152.8333333333335,1427.0,152,True,-6.336381007978202,-6.336381007978202,-12.672762015956405
8,0,1797.0,204.0,137,True,-1.3405183887915941,-1.3405183887915941,-2.6810367775831883
8,1,2171.0,1031.0,146,True,-4.757683596030355,-4.757683596030355,-9.51536719206071
8,2,1985.8333333333335,736.0,144,True,-3.5236361159758722,-3.5236361159758722,-7.0472722319517445
8,3,2139.0,578.0,141,True,-2.936343257443081,-2.936343257443081,-5.872686514886162
9,0,1801.0,283.0,138,True,-1.6576859311150034,-1.6576859311150034,-3.315371862230007
9,1,2043.0,578.0,142,True,-2.90832224168126,-2.90832224168126,-5.81664448336252
9,2,2014.0,506.0,141,True,-2.6118575598365443,-2.6118575598365443,-5.223715119673089
9,3,1940.0,434.0,140,True,-2.302258026853474,-2.302258026853474,-4.604516053706948
10,0,2006.8333333333335,729.0,144,True,-3.5017657131737696,-3.5017657131737696,-7.003531426347539
10,1,2112.0,578.0,141,True,-2.9284623467600692,-2.9284623467600692,-5.8569246935201384
10,2,2023.0,578.0,142,True,-2.902484530064215,-2.902484530064215,-5.80496906012843
10,3,1890.0,427.0,140,True,-2.2596637478108583,-2.2596637478108583,-4.519327495621717
11,0,1897.0,434.0,140,True,-2.2897069468768247,-2.2897069468768247,-4.5794138937536495
11,1,2070.0,887.0,146,True,-4.152203152364272,-4.152203152364272,-8.304406304728545
11,2,2013.0,744.0,143,True,-3.5635656742556923,-3.5635656742556923,-7.1271313485113845
11,3,2026.0,427.0,139,True,-2.299360186806771,-2.299360186806771,-4.598720373613542
12,0,2014.0,427.0,139,True,-2.295857559836544,-2.295857559836544,-4.591715119673088
12,1,1931.8333333333335,434.0,140,True,-2.2998742946098463,-2.2998742946098463,-4.5997485892196925
12,2,2076.0,880.0,146,True,-4.125954465849387,-4.125954465849387,-8.251908931698773
12,3,1950.0,506.0,141,True,-2.5931768826619965,-2.5931768826619965,-5.186353765323993
13,0,1883.8333333333335,578.0,142,True,-2.8618637867289363,-2.8618637867289363,-5.7237275734578725
13,1,1881.8333333333335,427.0,140,True,-2.2572800155672303,-2.2572800155672303,-4.514560031134461
13,2,1851.0,283.0,138,True,-1.6722802101576189,-1.6722802101576189,-3.3445604203152377
13,3,1948.0,427.0,140,True,-2.2765931115002918,-2.2765931115002918,-4.5531862230005835
14,0,2119.0,578.0,142,True,-2.9305055458260365,-2.9305055458260365,-5.861011091652073
14,1,1879.8333333333335,578.0,142,True,-2.860696244405527,-2.860696244405527,-5.721392488811054
14,2,1920.0,585.0,142,True,-2.900420315236424,-2.900420315236424,-5.800840630472848
14,3,1934.8333333333335,434.0,140,True,-2.3007499513524037,-2.3007499513524037,-4.601499902704807
15,0,2034.0,578.0,142,True,-2.9056952714535904,-2.9056952714535904,-5.811390542907181
15,1,1993.0,427.0,140,True,-2.2897279626386453,-2.2897279626386453,-4.579455925277291
15,2,1920.8333333333335,427.0,140,True,-2.2686635532204713,-2.2686635532204713,-4.537327106440943
15,3,2173.0,427.0,139,True,-2.3422673671920604,-2.3422673671920604,-4.684534734384121
16,0,1900.8333333333335,276.0,138,True,-1.6588258416034245,-1.6588258416034245,-3.317651683206849
16,1,1995.0,427.0,140,True,-2.2903117338003502,-2.2903117338003502,-4.5806234676007005
16,2,1922.8333333333335,276.0,138,True,-1.6652473243821757,-1.6652473243821757,-3.3304946487643514
16,3,1939.8333333333335,578.0,142,True,-2.8782093792566648,-2.8782093792566648,-5.7564187585133295
17,0,2014.0,427.0,140,True,-2.295857559836543,-2.295857559836543,-4.591715119673086
17,1,1984.0,276.0,138,True,-1.683100992410975,-1.683100992410975,-3.36620198482195
17,2,2083.0,427.0,140,True,-2.3159976649153533,-2.3159976649153533,-4.631995329830707
17,3,1872.0,427.0,140,True,-2.2544098073555174,-2.2544098073555174,-4.508819614711035
18,0,2040.8333333333335,729.0,144,True,-3.5116898229227473,-3.5116898229227473,-7.023379645845495
18,1,2107.0,665.0,143,True,-3.2750029188558076,-3.2750029188558076,-6.550005837711615
18,2,1920.8333333333335,578.0,141,True,-2.872663553220471,-2.872663553220471,-5.745327106440942
18,3,2049.0,514.0,141,True,-2.6540735551663723,-2.6540735551663723,-5.308147110332745
19,0,1946.8333333333335,276.0,138,True,-1.6722525783226307,-1.6722525783226307,-3.3445051566452615
19,1,1820.8333333333335,276.0,138,True,-1.6354749951352399,-1.6354749951352399,-3.2709499902704797
19,2,2121.0,729.0,144,True,-3.5350893169877406,-3.5350893169877406,-7.070178633975481
19,3,1946.0,427.0,140,True,-2.2760093403385873,-2.2760093403385873,-4.5520186806771745
20,0,1828.8333333333335,125.0,136,True,-1.0338100797820595,-1.0338100797820595,-2.067620159564119
20,1,1842.0,427.0,140,True,-2.245653239929947,-2.245653239929947,-4.491306479859894
20,2,1974.8333333333335,276.0,138,True,-1.680425374586496,-1.680425374586496,-3.360850749172992
20,3,1900.8333333333335,427.0,140,True,-2.262825841603424,-2.262825841603424,-4.525651683206848
21,0,1800.8333333333335,125.0,136,True,-1.0256372835181944,-1.0256372835181944,-2.0512745670363888
21,1,1793.0,125.0,136,True,-1.0233508464681846,-1.0233508464681846,-2.0467016929363693
21,2,1837.8333333333335,427.0,140,True,-2.24443705000973,-2.24443705000973,-4.48887410001946
21,3,1956.0,427.0,139,True,-2.2789281961471097,-2.2789281961471097,-4.5578563922942195
22,0,1979.8333333333335,427.0,140,True,-2.2858848024907563,-2.2858848024907563,-4.571769604981513
22,1,1819.0,125.0,136,True,-1.030939871570345,-1.030939871570345,-2.06187974314069
22,2,1862.0,204.0,137,True,-1.3594909515469937,-1.3594909515469937,-2.7189819030939875
22,3,1798.8333333333335,125.0,136,True,-1.0250535123564897,-1.0250535123564897,-2.0501070247129793
23,0,1861.0,283.0,138,True,-1.675199065966141,-1.675199065966141,-3.350398131932282
23,1,1848.0,434.0,140,True,-2.27540455341506,-2.27540455341506,-4.55080910683012
23,2,1898.0,204.0,137,True,-1.3699988324576764,-1.3699988324576764,-2.739997664915353
23,3,1946.8333333333335,276.0,138,True,-1.6722525783226319,-1.6722525783226319,-3.3445051566452637
24,0,1736.0,125.0,136,True,-1.0067133683596037,-1.0067133683596037,-2.0134267367192074
24,1,1778.0,125.0,136,True,-1.0189725627553998,-1.0189725627553998,-2.0379451255107996
24,2,1876.0,276.0,138,True,-1.6515773496789263,-1.6515773496789263,-3.3031546993578527
24,3,1865.8333333333335,427.0,140,True,-2.2526098462735944,-2.2526098462735944,-4.505219692547189
25,0,1794.8333333333335,125.0,136,True,-1.0238859700330811,-1.0238859700330811,-2.0477719400661623
25,1,1873.0,125.0,136,True,-1.0467016929363693,-1.0467016929363693,-2.0934033858727386
25,2,1734.8333333333335,125.0,136,True,-1.006372835181942,-1.006372835181942,-2.012745670363884
25,3,1807.0,283.0,138,True,-1.6594372446001175,-1.6594372446001175,-3.318874489200235
26,0,1811.8333333333335,125.0,136,True,-1.0288480249075695,-1.0288480249075695,-2.057696049815139
26,1,1809.0,276.0,138,True,-1.6320210157618216,-1.6320210157618216,-3.264042031523643
26,2,1842.8333333333335,283.0,138,True,-1.6698964779139907,-1.6698964779139907,-3.3397929558279813
26,3,1855.0,125.0,136,True,-1.041447752481028,-1.041447752481028,-2.082895504962056
27,0,1742.0,204.0,137,True,-1.3244646818447168,-1.3244646818447168,-2.6489293636894335
27,1,1802.8333333333335,125.0,136,True,-1.0262210546798993,-1.0262210546798993,-2.0524421093597986
27,2,1808.8333333333335,125.0,136,True,-1.0279723681650128,-1.0279723681650128,-2.0559447363300256
27,3,1839.0,125.0,136,True,-1.0367775831873904,-1.0367775831873904,-2.073555166374781
28,0,1812.8333333333335,125.0,136,True,-1.0291399104884225,-1.0291399104884225,-2.058279820976845
28,1,1766.0,125.0,136,True,-1.0154699357851724,-1.0154699357851724,-2.030939871570345
28,2,1831.8333333333335,283.0,138,True,-1.666685736524616,-1.666685736524616,-3.333371473049232
28,3,1750.0,125.0,136,True,-1.0107997664915362,-1.0107997664915362,-2.0215995329830725
29,0,1842.8333333333335,276.0,138,True,-1.6418964779139922,-1.6418964779139922,-3.2837929558279844
29,1,1797.8333333333335,125.0,136,True,-1.0247616267756379,-1.0247616267756379,-2.0495232535512757
29,2,1778.0,125.0,136,True,-1.0189725627553996,-1.0189725627553996,-2.037945125510799
29,3,1747.8333333333335,125.0,136,True,-1.0101673477330224,-1.0101673477330224,-2.020334695466045
30,0,1855.8333333333335,125.0,136,True,-1.0416909904650715,-1.0416909904650715,-2.083381980930143
30,1,1813.8333333333335,125.0,136,True,-1.0294317960692745,-1.0294317960692745,-2.058863592138549
30,2,1741.0,125.0,136,True,-1.008172796263865,-1.008172796263865,-2.01634559252773
30,3,1796.0,125.0,136,True,-1.0242265032107418,-1.0242265032107418,-2.0484530064214836
31,0,1793.8333333333335,125.0,136,True,-1.0235940844522289,-1.0235940844522289,-2.0471881689044578
31,1,1712.0,125.0,136,True,-0.9997081144191486,-0.9997081144191486,-1.9994162288382973
31,2,1770.8333333333335,125.0,136,True,-1.0168807160926256,-1.0168807160926256,-2.0337614321852513
31,3,1806.8333333333335,125.0,136,True,-1.0273885970033083,-1.0273885970033083,-2.0547771940066166
32,0,1727.8333333333335,125.0,136,True,-1.0043296361159761,-1.0043296361159761,-2.0086592722319523
32,1,1702.8333333333335,125.0,136,True,-0.9970324965946685,-0.9970324965946685,-1.994064993189337
32,2,1818.8333333333335,125.0,136,True,-1.0308912239735364,-1.0308912239735364,-2.0617824479470728
32,3,1748.0,125.0,136,True,-1.0102159953298313,-1.0102159953298313,-2.0204319906596626
33,0,1708.8333333333335,125.0,136,True,-0.9987838100797832,-0.9987838100797832,-1.9975676201595665
33,1,1739.8333333333335,125.0,136,True,-1.0078322630862038,-1.0078322630862038,-2.0156645261724075
33,2,1701.8333333333335,125.0,136,True,-0.9967406110138158,-0.9967406110138158,-1.9934812220276317
33,3,1767.8333333333335,125.0,136,True,-1.0160050593500682,-1.0160050593500682,-2.0320101187001365
34,0,1798.8333333333335,125.0,136,True,-1.0250535123564901,-1.0250535123564901,-2.0501070247129802
34,1,1700.0,125.0,136,True,-0.9962054874489207,-0.9962054874489207,-1.9924109748978414
34,2,1821.8333333333335,125.0,136,True,-1.0317668807160931,-1.0317668807160931,-2.0635337614321863
34,3,1754.8333333333335,125.0,136,True,-1.012210546798989,-1.012210546798989,-2.024421093597978
35,0,1791.8333333333335,125.0,136,True,-1.0230103132905242,-1.0230103132905242,-2.0460206265810483
35,1,1807.8333333333335,125.0,136,True,-1.0276804825841612,-1.0276804825841612,-2.0553609651683225
35,2,1766.8333333333335,125.0,136,True,-1.0157131737692167,-1.0157131737692167,-2.0314263475384333
35,3,1752.0,125.0,136,True,-1.0113835376532399,-1.0113835376532399,-2.0227670753064797
36,0,1834.8333333333335,125.0,136,True,-1.0355613932671732,-1.0355613932671732,-2.0711227865343464
36,1,1885.0,125.0,136,True,-1.0502043199065976,-1.0502043199065976,-2.100408639813195
36,2,1771.8333333333335,125.0,136,True,-1.0171726016734777,-1.0171726016734777,-2.0343452033469553
36,3,1731.8333333333335,125.0,136,True,-1.005497178439385,-1.005497178439385,-2.01099435687877
37,0,1813.0,125.0,136,True,-1.0291885580852311,-1.0291885580852311,-2.0583771161704623
37,1,1803.8333333333335,125.0,136,True,-1.0265129402607513,-1.0265129402607513,-2.0530258805215027
37,2,1719.8333333333335,125.0,136,True,-1.0019945514691577,-1.0019945514691577,-2.0039891029383154
37,3,1739.0,125.0,136,True,-1.0075890251021604,-1.0075890251021604,-2.015178050204321
38,0,1836.0,125.0,136,True,-1.035901926444834,-1.035901926444834,-2.071803852889668
38,1,1748.0,125.0,136,True,-1.0102159953298309,-1.0102159953298309,-2.0204319906596617
38,2,1805.0,125.0,136,True,-1.0268534734384123,-1.0268534734384123,-2.0537069468768245
38,3,1835.8333333333335,125.0,136,True,-1.035853278848025,-1.035853278848025,-2.07170655769605
39,0,1849.8333333333335,125.0,136,True,-1.0399396769799578,-1.0399396769799578,-2.0798793539599156
39,1,1795.8333333333335,125.0,136,True,-1.0241778556139332,-1.0241778556139332,-2.0483557112278663
39,2,1815.8333333333335,125.0,136,True,-1.0300155672309792,-1.0300155672309792,-2.0600311344619584
39,3,1856.8333333333335,125.0,136,True,-1.0419828760459244,-1.0419828760459244,-2.083965752091849
40,0,1854.8333333333335,276.0,138,True,-1.6453991048842191,-1.6453991048842191,-3.2907982097684383
40,1,1771.8333333333335,125.0,136,True,-1.017172601673478,-1.017172601673478,-2.034345203346956
40,2,1842.8333333333335,125.0,136,True,-1.0378964779139916,-1.0378964779139916,-2.0757929558279833
40,3,1926.8333333333335,125.0,136,True,-1.062414866705585,-1.062414866705585,-2.12482973341117
41,0,1850.8333333333335,125.0,136,True,-1.04023156256081,-1.04023156256081,-2.08046312512162
41,1,1833.8333333333335,125.0,136,True,-1.0352695076863208,-1.0352695076863208,-2.0705390153726415
41,2,1806.8333333333335,125.0,136,True,-1.0273885970033085,-1.0273885970033085,-2.054777194006617
41,3,1805.8333333333335,125.0,136,True,-1.0270967114224558,-1.0270967114224558,-2.0541934228449117
42,0,1799.8333333333335,125.0,136,True,-1.0253453979373426,-1.0253453979373426,-2.050690795874685
42,1,1726.8333333333335,125.0,136,True,-1.0040377505351241,-1.0040377505351241,-2.0080755010702482
42,2,1839.8333333333335,125.0,136,True,-1.0370208211714347,-1.0370208211714347,-2.0740416423428694
42,3,1836.0,125.0,136,True,-1.0359019264448335,-1.0359019264448335,-2.071803852889667
43,0,1707.0,125.0,136,True,-0.9982486865148865,-0.9982486865148865,-1.996497373029773
43,1,1822.8333333333335,125.0,136,True,-1.0320587662969454,-1.0320587662969454,-2.0641175325938907
43,2,1720.0,125.0,136,True,-1.0020431990659668,-1.0020431990659668,-2.0040863981319337
43,3,1794.8333333333335,125.0,136,True,-1.0238859700330807,-1.0238859700330807,-2.0477719400661614
44,0,1800.0,125.0,136,True,-1.025394045534151,-1.025394045534151,-2.050788091068302
44,1,1803.8333333333335,125.0,136,True,-1.026512940260751,-1.026512940260751,-2.053025880521502
44,2,1723.0,283.0,138,True,-1.634918855808523,-1.634918855808523,-3.269837711617046
44,3,1727.8333333333335,125.0,136,True,-1.0043296361159768,-1.0043296361159768,-2.0086592722319536
45,0,1749.0,125.0,136,True,-1.010507880910683,-1.010507880910683,-2.021015761821366
45,1,1739.8333333333335,125.0,136,True,-1.0078322630862038,-1.0078322630862038,-2.0156645261724075
45,2,1765.8333333333335,125.0,136,True,-1.0154212881883637,-1.0154212881883637,-2.0308425763767275
45,3,1742.0,125.0,136,True,-1.0084646818447172,-1.0084646818447172,-2.0169293636894343
46,0,1749.0,125.0,136,True,-1.0105078809106833,-1.0105078809106833,-2.0210157618213667
46,1,1738.8333333333335,125.0,136,True,-1.0075403775053515,-1.0075403775053515,-2.015080755010703
46,2,1763.0,125.0,136,True,-1.014594279042616,-1.014594279042616,-2.029188558085232
46,3,1836.0,125.0,136,True,-1.035901926444834,-1.035901926444834,-2.071803852889668
47,0,1819.8333333333335,125.0,136,True,-1.0311831095543886,-1.0311831095543886,-2.0623662191087773
47,1,1735.8333333333335,125.0,136,True,-1.0066647207627943,-1.0066647207627943,-2.0133294415255887
47,2,1787.8333333333335,125.0,136,True,-1.0218427709671145,-1.0218427709671145,-2.043685541934229
47,3,1847.8333333333335,125.0,136,True,-1.039355905818253,-1.039355905818253,-2.078711811636506
48,0,1810.8333333333335,125.0,136,True,-1.0285561393267177,-1.0285561393267177,-2.0571122786534355
48,1,1800.8333333333335,125.0,136,True,-1.0256372835181944,-1.0256372835181944,-2.0512745670363888
48,2,1778.8333333333335,125.0,136,True,-1.0192158007394436,-1.0192158007394436,-2.0384316014788872
48,3,1843.8333333333335,125.0,136,True,-1.038188363494844,-1.038188363494844,-2.076376726989688
49,0,1853.8333333333335,125.0,136,True,-1.0411072193033664,-1.0411072193033664,-2.0822144386067327
49,1,2011.8333333333335,363.0,139,True,-2.03922514107803,-2.03922514107803,-4.07845028215606
49,2,1841.8333333333335,125.0,136,True,-1.0376045923331387,-1.0376045923331387,-2.0752091846662775
49,3,1849.8333333333335,125.0,136,True,-1.0399396769799576,-1.0399396769799576,-2.079879353959915
50,0,1725.8333333333335,125.0,136,True,-1.0037458649542719,-1.0037458649542719,-2.0074917299085437
50,1,1832.8333333333335,125.0,136,True,-1.0349776221054678,-1.0349776221054678,-2.0699552442109357
50,2,1731.8333333333335,125.0,136,True,-1.005497178439386,-1.005497178439386,-2.010994356878772
50,3,1813.8333333333335,125.0,136,True,-1.029431796069275,-1.029431796069275,-2.05886359213855
51,0,1849.8333333333335,125.0,136,True,-1.0399396769799578,-1.0399396769799578,-2.0798793539599156
51,1,1934.8333333333335,125.0,136,True,-1.064749951352403,-1.064749951352403,-2.129499902704806
51,2,1797.0,125.0,136,True,-1.0245183887915938,-1.0245183887915938,-2.0490367775831877
51,3,1804.8333333333335,125.0,136,True,-1.0268048258416036,-1.0268048258416036,-2.053609651683207
52,0,1805.8333333333335,125.0,136,True,-1.0270967114224556,-1.0270967114224556,-2.0541934228449112
52,1,1838.0,125.0,136,True,-1.0364856976065386,-1.0364856976065386,-2.0729713952130773
52,2,1903.8333333333335,125.0,136,True,-1.0557014983459827,-1.0557014983459827,-2.1114029966919654
52,3,1820.8333333333335,125.0,136,True,-1.0314749951352409,-1.0314749951352409,-2.0629499902704818
53,0,1763.8333333333335,125.0,136,True,-1.014837517026659,-1.014837517026659,-2.029675034053318
53,1,1765.0,125.0,136,True,-1.0151780502043195,-1.0151780502043195,-2.030356100408639
53,2,1780.8333333333335,125.0,136,True,-1.0197995719011483,-1.0197995719011483,-2.0395991438022967
53,3,1849.8333333333335,125.0,136,True,-1.0399396769799574,-1.0399396769799574,-2.0798793539599147
54,0,1800.8333333333335,125.0,136,True,-1.0256372835181944,-1.0256372835181944,-2.0512745670363888
54,1,1901.8333333333335,125.0,136,True,-1.055117727184277,-1.055117727184277,-2.110235454368554
54,2,1823.0,125.0,136,True,-1.0321074138937545,-1.0321074138937545,-2.064214827787509
54,3,1919.8333333333335,125.0,136,True,-1.0603716676396187,-1.0603716676396187,-2.1207433352792373
55,0,1819.8333333333335,125.0,136,True,-1.0311831095543882,-1.0311831095543882,-2.0623662191087764
55,1,1805.8333333333335,125.0,136,True,-1.0270967114224565,-1.0270967114224565,-2.054193422844913
55,2,1868.8333333333335,125.0,136,True,-1.0454855030161516,-1.0454855030161516,-2.0909710060323032
55,3,1867.8333333333335,125.0,136,True,-1.045193617435299,-1.045193617435299,-2.090387234870598
56,0,1796.8333333333335,125.0,136,True,-1.0244697411947852,-1.0244697411947852,-2.0489394823895704
56,1,1874.8333333333335,125.0,136,True,-1.047236816501265,-1.047236816501265,-2.09447363300253
56,2,1774.8333333333335,125.0,136,True,-1.0180482584160346,-1.0180482584160346,-2.0360965168320693
56,3,1818.8333333333335,125.0,136,True,-1.0308912239735362,-1.0308912239735362,-2.0617824479470723
57,0,1794.0,125.0,136,True,-1.0236427320490369,-1.0236427320490369,-2.0472854640980738
57,1,1738.8333333333335,125.0,136,True,-1.0075403775053513,-1.0075403775053513,-2.0150807550107026
57,2,1812.8333333333335,125.0,136,True,-1.0291399104884222,-1.0291399104884222,-2.0582798209768445
57,3,1729.0,125.0,136,True,-1.0046701692936373,-1.0046701692936373,-2.0093403385872746
58,0,1806.8333333333335,125.0,136,True,-1.0273885970033085,-1.0273885970033085,-2.054777194006617
58,1,1869.8333333333335,125.0,136,True,-1.0457773885970036,-1.0457773885970036,-2.0915547771940073
58,2,1726.8333333333335,125.0,136,True,-1.0040377505351235,-1.0040377505351235,-2.008075501070247
58,3,1798.8333333333335,125.0,136,True,-1.0250535123564903,-1.0250535123564903,-2.0501070247129807
59,0,1805.0,427.0,140,True,-2.2348534734384127,-2.2348534734384127,-4.469706946876825
59,1,1833.0,212.0,137,True,-1.383026269702277,-1.383026269702277,-2.766052539404554
59,2,1744.0,125.0,136,True,-1.0090484530064219,-1.0090484530064219,-2.0180969060128437
59,3,1792.0,125.0,136,True,-1.0230589608873326,-1.0230589608873326,-2.0461179217746652
60,0,1797.8333333333335,276.0,138,True,-1.6287616267756384,-1.6287616267756384,-3.257523253551277
60,1,1742.0,125.0,136,True,-1.0084646818447174,-1.0084646818447174,-2.0169293636894348
60,2,1736.0,125.0,136,True,-1.0067133683596035,-1.0067133683596035,-2.013426736719207
60,3,1801.8333333333335,427.0,140,True,-2.2339291690990466,-2.2339291690990466,-4.467858338198093
61,0,1720.8333333333335,125.0,136,True,-1.0022864370500104,-1.0022864370500104,-2.004572874100021
61,1,1747.0,125.0,136,True,-1.0099241097489786,-1.0099241097489786,-2.0198482194979572
61,2,1833.8333333333335,125.0,136,True,-1.035269507686321,-1.035269507686321,-2.070539015372642
61,3,1761.8333333333335,125.0,136,True,-1.0142537458649548,-1.0142537458649548,-2.0285074917299095
62,0,1817.8333333333335,125.0,136,True,-1.0305993383926837,-1.0305993383926837,-2.0611986767853674
62,1,1779.8333333333335,125.0,136,True,-1.0195076863202965,-1.0195076863202965,-2.039015372640593
62,2,1694.0,125.0,136,True,-0.9944541739638066,-0.9944541739638066,-1.9889083479276133
62,3,1815.8333333333335,125.0,136,True,-1.030015567230979,-1.030015567230979,-2.060031134461958
63,0,1804.8333333333335,125.0,136,True,-1.0268048258416043,-1.0268048258416043,-2.0536096516832085
63,1,1771.0,283.0,138,True,-1.6489293636894342,-1.6489293636894342,-3.2978587273788684
63,2,1749.0,125.0,136,True,-1.0105078809106827,-1.0105078809106827,-2.0210157618213653
63,3,1800.0,283.0,138,True,-1.6573940455341507,-1.6573940455341507,-3.3147880910683014
64,0,1845.8333333333335,125.0,136,True,-1.0387721346565484,-1.0387721346565484,-2.0775442693130968
64,1,1771.0,283.0,138,True,-1.6489293636894344,-1.6489293636894344,-3.297858727378869
64,2,1742.0,125.0,136,True,-1.0084646818447174,-1.0084646818447174,-2.0169293636894348
64,3,1783.0,204.0,137,True,-1.3364319906596616,-1.3364319906596616,-2.672863981319323
65,0,1812.0,283.0,138,True,-1.6608966725043788,-1.6608966725043788,-3.3217933450087576
65,1,1823.0,125.0,136,True,-1.032107413893754,-1.032107413893754,-2.064214827787508
65,2,1713.8333333333335,125.0,136,True,-1.0002432379840436,-1.0002432379840436,-2.000486475968087
65,3,1748.0,204.0,137,True,-1.3262159953298314,-1.3262159953298314,-2.6524319906596627
66,0,1778.8333333333335,125.0,136,True,-1.0192158007394432,-1.0192158007394432,-2.0384316014788864
66,1,1776.8333333333335,125.0,136,True,-1.0186320295777394,-1.0186320295777394,-2.0372640591554787
66,2,1816.8333333333335,125.0,136,True,-1.030307452811831,-1.030307452811831,-2.060614905623662
66,3,1789.8333333333335,125.0,136,True,-1.0224265421288192,-1.0224265421288192,-2.0448530842576385
67,0,1735.0,283.0,138,True,-1.6384214827787518,-1.6384214827787518,-3.2768429655575035
67,1,1844.8333333333335,125.0,136,True,-1.038480249075696,-1.038480249075696,-2.076960498151392
67,2,1721.8333333333335,125.0,136,True,-1.0025783226308622,-1.0025783226308622,-2.0051566452617244
67,3,1742.0,125.0,136,True,-1.0084646818447172,-1.0084646818447172,-2.0169293636894343
68,0,1802.8333333333335,125.0,136,True,-1.0262210546798993,-1.0262210546798993,-2.0524421093597986
68,1,1831.8333333333335,125.0,136,True,-1.034685736524616,-1.034685736524616,-2.069371473049232
68,2,1778.8333333333335,125.0,136,True,-1.0192158007394434,-1.0192158007394434,-2.038431601478887
68,3,1778.8333333333335,125.0,136,True,-1.0192158007394436,-1.0192158007394436,-2.0384316014788872
69,0,1799.8333333333335,125.0,136,True,-1.025345397937342,-1.025345397937342,-2.050690795874684
69,1,1765.0,125.0,136,True,-1.0151780502043202,-1.0151780502043202,-2.0303561004086403
69,2,1784.8333333333335,125.0,136,True,-1.020967114224558,-1.020967114224558,-2.041934228449116
69,3,1779.8333333333335,125.0,136,True,-1.019507686320296,-1.019507686320296,-2.039015372640592
70,0,1720.0,125.0,136,True,-1.0020431990659662,-1.0020431990659662,-2.0040863981319323
70,1,1721.8333333333335,125.0,136,True,-1.0025783226308629,-1.0025783226308629,-2.0051566452617258
70,2,1813.0,125.0,136,True,-1.0291885580852307,-1.0291885580852307,-2.0583771161704614
70,3,1804.8333333333335,125.0,136,True,-1.0268048258416038,-1.0268048258416038,-2.0536096516832076
71,0,1831.8333333333335,125.0,136,True,-1.0346857365246158,-1.0346857365246158,-2.0693714730492316
71,1,1736.0,125.0,136,True,-1.0067133683596035,-1.0067133683596035,-2.013426736719207
71,2,1757.0,125.0,136,True,-1.0128429655575015,-1.0128429655575015,-2.025685931115003
71,3,1742.0,125.0,136,True,-1.0084646818447172,-1.0084646818447172,-2.0169293636894343
72,0,1823.0,125.0,136,True,-1.0321074138937543,-1.0321074138937543,-2.0642148277875085
72,1,1732.8333333333335,125.0,136,True,-1.0057890640202378,-1.0057890640202378,-2.0115781280404756
72,2,1694.0,204.0,137,True,-1.3104541739638063,-1.3104541739638063,-2.6209083479276125
72,3,1742.0,204.0,137,True,-1.3244646818447177,-1.3244646818447177,-2.6489293636894353
73,0,1771.8333333333335,427.0,140,True,-2.225172601673478,-2.225172601673478,-4.450345203346956
73,1,1762.8333333333335,125.0,136,True,-1.0145456314458068,-1.0145456314458068,-2.0290912628916136
73,2,1735.0,355.0,139,True,-1.9264214827787507,-1.9264214827787507,-3.8528429655575014
73,3,1699.0,204.0,137,True,-1.311913601868068,-1.311913601868068,-2.623827203736136
74,0,1771.0,283.0,138,True,-1.6489293636894347,-1.6489293636894347,-3.2978587273788693
74,1,1796.8333333333335,427.0,140,True,-2.2324697411947847,-2.2324697411947847,-4.464939482389569
74,2,1743.8333333333335,283.0,138,True,-1.640999805409613,-1.640999805409613,-3.281999610819226
74,3,1688.0,125.0,136,True,-0.9927028604786929,-0.9927028604786929,-1.9854057209573859
75,0,1777.8333333333335,283.0,138,True,-1.6509239151585922,-1.6509239151585922,-3.3018478303171843
75,1,1757.8333333333335,283.0,138,True,-1.6450862035415452,-1.6450862035415452,-3.2901724070830904
75,2,1729.0,125.0,136,True,-1.004670169293637,-1.004670169293637,-2.009340338587274
75,3,1771.8333333333335,283.0,138,True,-1.6491726016734773,-1.6491726016734773,-3.2983452033469547
76,0,1835.0,283.0,138,True,-1.6676100408639818,-1.6676100408639818,-3.3352200817279636
76,1,1712.0,125.0,136,True,-0.9997081144191483,-0.9997081144191483,-1.9994162288382966
76,2,1763.0,125.0,136,True,-1.0145942790426155,-1.0145942790426155,-2.029188558085231
76,3,1700.0,283.0,138,True,-1.628205487448921,-1.628205487448921,-3.256410974897842
77,0,1812.0,506.0,141,True,-2.5528966725043785,-2.5528966725043785,-5.105793345008757
77,1,1771.0,283.0,138,True,-1.648929363689434,-1.648929363689434,-3.297858727378868
77,2,1700.0,204.0,137,True,-1.3122054874489206,-1.3122054874489206,-2.6244109748978413
77,3,1736.8333333333335,204.0,137,True,-1.3229566063436475,-1.3229566063436475,-2.645913212687295
78,0,1700.0,125.0,136,True,-0.9962054874489202,-0.9962054874489202,-1.9924109748978405
78,1,1741.0,125.0,136,True,-1.0081727962638647,-1.0081727962638647,-2.0163455925277294
78,2,1806.8333333333335,125.0,136,True,-1.027388597003309,-1.027388597003309,-2.054777194006618
78,3,1739.8333333333335,204.0,137,True,-1.3238322630862043,-1.3238322630862043,-2.6476645261724086
79,0,1776.8333333333335,125.0,136,True,-1.0186320295777391,-1.0186320295777391,-2.0372640591554783
79,1,1736.0,125.0,136,True,-1.0067133683596035,-1.0067133683596035,-2.013426736719207
79,2,1784.8333333333335,514.0,141,True,-2.576967114224557,-2.576967114224557,-5.153934228449114
79,3,1741.0,204.0,137,True,-1.3241727962638652,-1.3241727962638652,-2.6483455925277304
80,0,1733.0,204.0,137,True,-1.3218377116170463,-1.3218377116170463,-2.6436754232340927
80,1,1781.0,204.0,137,True,-1.3358482194979577,-1.3358482194979577,-2.6716964389959155
80,2,1720.0,125.0,136,True,-1.0020431990659662,-1.0020431990659662,-2.0040863981319323
80,3,1789.8333333333335,283.0,138,True,-1.6544265421288198,-1.6544265421288198,-3.3088530842576396
81,0,1725.0,204.0,137,True,-1.319502626970228,-1.319502626970228,-2.639005253940456
81,1,1747.8333333333335,283.0,138,True,-1.6421673477330228,-1.6421673477330228,-3.2843346954660455
81,2,1785.8333333333335,204.0,137,True,-1.3372589998054107,-1.3372589998054107,-2.6745179996108215
81,3,1765.0,283.0,138,True,-1.6471780502043198,-1.6471780502043198,-3.2943561004086397
82,0,1789.8333333333335,427.0,140,True,-2.2304265421288187,-2.2304265421288187,-4.4608530842576375
82,1,1820.8333333333335,283.0,138,True,-1.6634749951352406,-1.6634749951352406,-3.326949990270481
82,2,1771.8333333333335,125.0,136,True,-1.0171726016734781,-1.0171726016734781,-2.0343452033469562
82,3,1762.8333333333335,204.0,137,True,-1.3305456314458066,-1.3305456314458066,-2.6610912628916132
83,0,1771.0,125.0,136,True,-1.0169293636894339,-1.0169293636894339,-2.0338587273788677
83,1,1751.8333333333335,283.0,138,True,-1.6433348900564315,-1.6433348900564315,-3.286669780112863
83,2,1784.8333333333335,125.0,136,True,-1.0209671142245578,-1.0209671142245578,-2.0419342284491155
83,3,1797.8333333333335,125.0,136,True,-1.024761626775637,-1.024761626775637,-2.049523253551274
84,0,1854.0,514.0,140,True,-2.597155866900175,-2.597155866900175,-5.19431173380035
84,1,1734.8333333333335,283.0,138,True,-1.6383728351819422,-1.6383728351819422,-3.2767456703638844
84,2,1745.8333333333335,283.0,138,True,-1.641583576571318,-1.641583576571318,-3.283167153142636
84,3,1757.8333333333335,283.0,138,True,-1.6450862035415454,-1.6450862035415454,-3.290172407083091
85,0,1758.8333333333335,283.0,138,True,-1.6453780891223984,-1.6453780891223984,-3.2907561782447967
85,1,1722.8333333333335,283.0,138,True,-1.6348702082117148,-1.6348702082117148,-3.2697404164234296
85,2,1753.8333333333335,204.0,137,True,-1.3279186612181364,-1.3279186612181364,-2.655837322436273
85,3,1724.8333333333335,283.0,138,True,-1.6354539793734195,-1.6354539793734195,-3.270907958746839
86,0,1770.0,283.0,138,True,-1.6486374781085815,-1.6486374781085815,-3.297274956217163
86,1,1806.0,283.0,138,True,-1.6591453590192649,-1.6591453590192649,-3.3182907180385297
86,2,1763.8333333333335,125.0,136,True,-1.0148375170266588,-1.0148375170266588,-2.0296750340533176
86,3,1699.8333333333335,283.0,138,True,-1.628156839852112,-1.628156839852112,-3.256313679704224
87,0,1759.8333333333335,283.0,138,True,-1.64566997470325,-1.64566997470325,-3.2913399494065
87,1,1712.0,204.0,137,True,-1.3157081144191483,-1.3157081144191483,-2.6314162288382965
87,2,1705.8333333333335,283.0,138,True,-1.629908153337226,-1.629908153337226,-3.259816306674452
87,3,1802.8333333333335,427.0,140,True,-2.2342210546798986,-2.2342210546798986,-4.468442109359797
88,0,1753.0,283.0,138,True,-1.6436754232340918,-1.6436754232340918,-3.2873508464681835
88,1,1783.0,204.0,137,True,-1.3364319906596616,-1.3364319906596616,-2.672863981319323
88,2,1776.0,204.0,137,True,-1.3343887915936958,-1.3343887915936958,-2.6687775831873917
88,3,1769.8333333333335,283.0,138,True,-1.6485888305117729,-1.6485888305117729,-3.2971776610235457
89,0,1733.8333333333335,283.0,138,True,-1.6380809496010902,-1.6380809496010902,-3.2761618992021804
89,1,1741.0,283.0,138,True,-1.6401727962638646,-1.6401727962638646,-3.280345592527729
89,2,1724.8333333333335,283.0,138,True,-1.635453979373419,-1.635453979373419,-3.270907958746838
89,3,1712.8333333333335,283.0,138,True,-1.6319513524031914,-1.6319513524031914,-3.263902704806383
90,0,1775.8333333333335,283.0,138,True,-1.6503401439968868,-1.6503401439968868,-3.3006802879937736
90,1,1786.8333333333335,204.0,137,True,-1.3375508853862623,-1.3375508853862623,-2.6751017707725246
90,2,1774.8333333333335,283.0,138,True,-1.6500482584160343,-1.6500482584160343,-3.3000965168320686
90,3,1785.8333333333335,283.0,138,True,-1.6532589998054106,-1.6532589998054106,-3.306517999610821
91,0,1717.8333333333335,283.0,138,True,-1.6334107803074533,-1.6334107803074533,-3.2668215606149067
91,1,1735.8333333333335,283.0,138,True,-1.6386647207627951,-1.6386647207627951,-3.2773294415255902
91,2,1689.0,283.0,138,True,-1.6249947460595453,-1.6249947460595453,-3.2499894921190906
91,3,1788.8333333333335,283.0,138,True,-1.6541346565479667,-1.6541346565479667,-3.3082693130959333
92,0,1812.0,283.0,138,True,-1.6608966725043783,-1.6608966725043783,-3.3217933450087567
92,1,1729.0,125.0,136,True,-1.0046701692936375,-1.0046701692936375,-2.009340338587275
92,2,1806.0,283.0,138,True,-1.6591453590192649,-1.6591453590192649,-3.3182907180385297
92,3,1750.8333333333335,204.0,137,True,-1.327043004475579,-1.327043004475579,-2.654086008951158
93,0,1757.8333333333335,283.0,138,True,-1.645086203541546,-1.645086203541546,-3.290172407083092
93,1,1758.8333333333335,283.0,138,True,-1.6453780891223977,-1.6453780891223977,-3.2907561782447954
93,2,1766.8333333333335,283.0,138,True,-1.6477131737692163,-1.6477131737692163,-3.2954263475384327
93,3,1795.0,283.0,138,True,-1.6559346176298892,-1.6559346176298892,-3.3118692352597785
94,0,1742.0,283.0,138,True,-1.6404646818447173,-1.6404646818447173,-3.2809293636894346
94,1,1844.0,427.0,140,True,-2.2462370110916527,-2.2462370110916527,-4.4924740221833055
94,2,1747.8333333333335,283.0,138,True,-1.6421673477330223,-1.6421673477330223,-3.2843346954660446
94,3,1741.0,283.0,138,True,-1.6401727962638648,-1.6401727962638648,-3.2803455925277296
95,0,1714.8333333333335,283.0,138,True,-1.6325351235648957,-1.6325351235648957,-3.2650702471297914
95,1,1764.0,355.0,139,True,-1.9348861646234674,-1.9348861646234674,-3.869772329246935
95,2,1724.0,283.0,138,True,-1.635210741389376,-1.635210741389376,-3.270421482778752
95,3,1713.8333333333335,283.0,138,True,-1.6322432379840441,-1.6322432379840441,-3.2644864759680883
96,0,1871.0,427.0,140,True,-2.254117921774664,-2.254117921774664,-4.508235843549328
96,1,1732.8333333333335,283.0,138,True,-1.637789064020238,-1.637789064020238,-3.275578128040476
96,2,1729.8333333333335,283.0,138,True,-1.6369134072776805,-1.6369134072776805,-3.273826814555361
96,3,1710.8333333333335,283.0,138,True,-1.6313675812414865,-1.6313675812414865,-3.262735162482973
97,0,1718.0,283.0,138,True,-1.6334594279042625,-1.6334594279042625,-3.266918855808525
97,1,1713.8333333333335,283.0,138,True,-1.632243237984044,-1.632243237984044,-3.264486475968088
97,2,1776.8333333333335,283.0,138,True,-1.6506320295777392,-1.6506320295777392,-3.3012640591554785
97,3,1737.0,283.0,138,True,-1.6390052539404554,-1.6390052539404554,-3.2780105078809108
98,0,1717.8333333333335,283.0,138,True,-1.633410780307453,-1.633410780307453,-3.266821560614906
98,1,1701.0,283.0,138,True,-1.628497373029772,-1.628497373029772,-3.256994746059544
98,2,1755.8333333333335,283.0,138,True,-1.6445024323798405,-1.6445024323798405,-3.289004864759681
98,3,1765.8333333333335,283.0,138,True,-1.6474212881883632,-1.6474212881883632,-3.2948425763767264
99,0,1720.8333333333335,283.0,138,True,-1.6342864370500105,-1.6342864370500105,-3.268572874100021
99,1,1773.8333333333335,283.0,138,True,-1.6497563728351823,-1.6497563728351823,-3.2995127456703646
99,2,1709.8333333333335,283.0,138,True,-1.631075695660635,-1.631075695660635,-3.26215139132127
99,3,1721.8333333333335,283.0,138,True,-1.6345783226308621,-1.6345783226308621,-3.2691566452617242
100,0,1839.0,427.0,140,True,-2.24477758318739,-2.24477758318739,-4.48955516637478
100,1,1816.8333333333335,427.0,140,True,-2.238307452811832,-2.238307452811832,-4.476614905623664
100,2,1911.0,427.0,140,True,-2.265793345008756,-2.265793345008756,-4.531586690017512
100,3,1761.0,283.0,138,True,-1.6460105078809109,-1.6460105078809109,-3.2920210157618217
101,0,1725.8333333333335,283.0,138,True,-1.635745864954271,-1.635745864954271,-3.271491729908542
101,1,1729.8333333333335,283.0,138,True,-1.6369134072776808,-1.6369134072776808,-3.2738268145553615
101,2,1725.8333333333335,283.0,138,True,-1.6357458649542715,-1.6357458649542715,-3.271491729908543
101,3,1713.0,283.0,138,True,-1.632,-1.632,-3.264
102,0,1804.8333333333335,434.0,140,True,-2.2628048258416036,-2.2628048258416036,-4.525609651683207
102,1,1708.8333333333335,283.0,138,True,-1.630783810079782,-1.630783810079782,-3.261567620159564
102,2,1701.0,283.0,138,True,-1.6284973730297723,-1.6284973730297723,-3.2569947460595445
102,3,1707.0,283.0,138,True,-1.6302486865148866,-1.6302486865148866,-3.2604973730297733
103,0,1715.8333333333335,283.0,138,True,-1.6328270091457484,-1.6328270091457484,-3.265654018291497
103,1,1783.8333333333335,427.0,140,True,-2.2286752286437053,-2.2286752286437053,-4.4573504572874105
103,2,1764.0,283.0,138,True,-1.6468861646234676,-1.6468861646234676,-3.293772329246935
103,3,1757.8333333333335,283.0,138,True,-1.6450862035415454,-1.6450862035415454,-3.290172407083091
104,0,1723.8333333333335,283.0,138,True,-1.6351620937925668,-1.6351620937925668,-3.2703241875851337
104,1,1816.8333333333335,578.0,142,True,-2.8423074528118315,-2.8423074528118315,-5.684614905623663
104,2,1775.8333333333335,427.0,140,True,-2.226340143996887,-2.226340143996887,-4.452680287993774
104,3,1753.8333333333335,283.0,138,True,-1.6439186612181365,-1.6439186612181365,-3.287837322436273
105,0,1755.0,283.0,138,True,-1.6442591943957974,-1.6442591943957974,-3.2885183887915947
105,1,1769.8333333333335,283.0,138,True,-1.6485888305117737,-1.6485888305117737,-3.2971776610235475
105,2,1755.0,283.0,138,True,-1.6442591943957974,-1.6442591943957974,-3.2885183887915947
105,3,1781.8333333333335,283.0,138,True,-1.652091457482001,-1.652091457482001,-3.304182914964002
106,0,2171.0,514.0,140,True,-2.6896835960303545,-2.6896835960303545,-5.379367192060709
106,1,1760.0,283.0,138,True,-1.6457186223000584,-1.6457186223000584,-3.2914372446001168
106,2,1740.8333333333335,283.0,138,True,-1.6401241486670557,-1.6401241486670557,-3.2802482973341114
106,3,1985.8333333333335,427.0,140,True,-2.287636115975869,-2.287636115975869,-4.575272231951738
107,0,1760.0,283.0,138,True,-1.6457186223000586,-1.6457186223000586,-3.291437244600117
107,1,1717.8333333333335,283.0,138,True,-1.6334107803074531,-1.6334107803074531,-3.2668215606149063
107,2,2189.8333333333335,363.0,139,True,-2.0911807744697413,-2.0911807744697413,-4.1823615489394825
107,3,1969.0,427.0,140,True,-2.28272270869819,-2.28272270869819,-4.56544541739638
108,0,1762.8333333333335,204.0,137,True,-1.3305456314458068,-1.3305456314458068,-2.6610912628916137
108,1,2174.8333333333335,363.0,139,True,-2.0868024907569556,-2.0868024907569556,-4.173604981513911
108,2,1791.8333333333335,283.0,138,True,-1.6550103132905234,-1.6550103132905234,-3.310020626581047
108,3,2193.8333333333335,363.0,139,True,-2.092348316793151,-2.092348316793151,-4.184696633586302
109,0,1790.8333333333335,427.0,140,True,-2.2307184277096717,-2.2307184277096717,-4.461436855419343
109,1,1764.8333333333335,283.0,138,True,-1.6471294026075114,-1.6471294026075114,-3.294258805215023
109,2,1838.8333333333335,125.0,136,True,-1.0367289355905822,-1.0367289355905822,-2.0734578711811644
109,3,1766.8333333333335,283.0,138,True,-1.647713173769216,-1.647713173769216,-3.295426347538432
110,0,1790.8333333333335,427.0,140,True,-2.230718427709671,-2.230718427709671,-4.461436855419342
110,1,1762.8333333333335,204.0,137,True,-1.330545631445807,-1.330545631445807,-2.661091262891614
110,2,1767.8333333333335,427.0,140,True,-2.2240050593500684,-2.2240050593500684,-4.448010118700137
110,3,1775.8333333333335,283.0,138,True,-1.6503401439968866,-1.6503401439968866,-3.300680287993773
111,0,1776.8333333333335,283.0,138,True,-1.6506320295777395,-1.6506320295777395,-3.301264059155479
111,1,1803.8333333333335,427.0,140,True,-2.234512940260751,-2.234512940260751,-4.469025880521502
111,2,1749.8333333333335,283.0,138,True,-1.642751118894727,-1.642751118894727,-3.285502237789454
111,3,1747.8333333333335,204.0,137,True,-1.3261673477330225,-1.3261673477330225,-2.652334695466045
112,0,2153.8333333333335,363.0,139,True,-2.080672893559059,-2.080672893559059,-4.161345787118118
112,1,1839.8333333333335,125.0,136,True,-1.0370208211714347,-1.0370208211714347,-2.0740416423428694
112,2,1821.8333333333335,125.0,136,True,-1.0317668807160931,-1.0317668807160931,-2.0635337614321863
112,3,1750.8333333333335,125.0,136,True,-1.0110430044755794,-1.0110430044755794,-2.0220860089511588
113,0,1886.0,427.0,140,True,-2.258496205487449,-2.258496205487449,-4.516992410974898
113,1,1758.8333333333335,125.0,136,True,-1.013378089122398,-1.013378089122398,-2.026756178244796
113,2,1986.0,427.0,139,True,-2.28768476357268,-2.28768476357268,-4.57536952714536
113,3,1781.0,125.0,136,True,-1.0198482194979572,-1.0198482194979572,-2.0396964389959145
114,0,1761.8333333333335,125.0,136,True,-1.0142537458649548,-1.0142537458649548,-2.0285074917299095
114,1,1911.0,125.0,136,True,-1.0577933450087562,-1.0577933450087562,-2.1155866900175124
114,2,1777.0,283.0,138,True,-1.6506806771745486,-1.6506806771745486,-3.301361354349097
114,3,1745.8333333333335,125.0,136,True,-1.009583576571318,-1.009583576571318,-2.019167153142636
115,0,1777.0,204.0,137,True,-1.3346806771745474,-1.3346806771745474,-2.669361354349095
115,1,1911.0,427.0,140,True,-2.2657933450087575,-2.2657933450087575,-4.531586690017515
115,2,1808.8333333333335,427.0,140,True,-2.235972368165012,-2.235972368165012,-4.471944736330024
115,3,1722.8333333333335,125.0,136,True,-1.0028702082117145,-1.0028702082117145,-2.005740416423429
116,0,1818.0,276.0,137,True,-1.6346479859894925,-1.6346479859894925,-3.269295971978985
116,1,1908.0,427.0,139,True,-2.2649176882662,-2.2649176882662,-4.5298353765324
116,2,1800.8333333333335,427.0,140,True,-2.233637283518195,-2.233637283518195,-4.46727456703639
116,3,1805.8333333333335,427.0,140,True,-2.2350967114224565,-2.2350967114224565,-4.470193422844913
117,0,1847.0,427.0,140,True,-2.2471126678342093,-2.2471126678342093,-4.4942253356684185
117,1,1839.8333333333335,125.0,136,True,-1.0370208211714345,-1.0370208211714345,-2.074041642342869
117,2,1827.0,125.0,136,True,-1.0332749562171633,-1.0332749562171633,-2.0665499124343265
117,3,1716.8333333333335,204.0,137,True,-1.3171188947266008,-1.3171188947266008,-2.6342377894532016
118,0,1895.0,427.0,140,True,-2.2611231757151202,-2.2611231757151202,-4.5222463514302405
118,1,1841.8333333333335,427.0,140,True,-2.245604592333139,-2.245604592333139,-4.491209184666278
118,2,1837.0,125.0,136,True,-1.0361938120256864,-1.0361938120256864,-2.072387624051373
118,3,1863.0,427.0,140,True,-2.2517828371278457,-2.2517828371278457,-4.503565674255691
119,0,1794.8333333333335,427.0,140,True,-2.231885970033081,-2.231885970033081,-4.463771940066162
119,1,1700.0,125.0,136,True,-0.9962054874489203,-0.9962054874489203,-1.9924109748978407
119,2,1762.0,204.0,137,True,-1.3303023934617635,-1.3303023934617635,-2.660604786923527
119,3,1758.8333333333335,125.0,136,True,-1.013378089122398,-1.013378089122398,-2.026756178244796
120,0,1792.8333333333335,125.0,136,True,-1.0233021988713764,-1.0233021988713764,-2.046604397742753
120,1,1860.8333333333335,125.0,136,True,-1.0431504183693325,-1.0431504183693325,-2.086300836738665
120,2,1831.0,204.0,137,True,-1.3504424985405725,-1.3504424985405725,-2.700884997081145
120,3,1940.0,427.0,140,True,-2.2742580268534733,-2.2742580268534733,-4.548516053706947
121,0,1742.0,204.0,137,True,-1.3244646818447174,-1.3244646818447174,-2.648929363689435
121,1,1827.8333333333335,125.0,136,True,-1.0335181942012073,-1.0335181942012073,-2.0670363884024145
121,2,1768.0,125.0,136,True,-1.016053706946877,-1.016053706946877,-2.032107413893754
121,3,1712.8333333333335,125.0,136,True,-0.9999513524031917,-0.9999513524031917,-1.9999027048063833
122,0,1815.0,427.0,140,True,-2.2377723292469356,-2.2377723292469356,-4.475544658493871
122,1,1732.8333333333335,204.0,137,True,-1.3217890640202377,-1.3217890640202377,-2.6435781280404753
122,2,1866.0,427.0,140,True,-2.252658493870403,-2.252658493870403,-4.505316987740806
122,3,1840.8333333333335,125.0,136,True,-1.0373127067522867,-1.0373127067522867,-2.0746254135045734
123,0,1953.0,276.0,138,True,-1.6740525394045538,-1.6740525394045538,-3.3481050788091076
123,1,1760.8333333333335,125.0,136,True,-1.0139618602841027,-1.0139618602841027,-2.0279237205682055
123,2,1796.8333333333335,427.0,140,True,-2.232469741194786,-2.232469741194786,-4.464939482389572
123,3,1748.8333333333335,204.0,137,True,-1.3264592333138754,-1.3264592333138754,-2.6529184666277508
124,0,1921.0,427.0,140,True,-2.26871220081728,-2.26871220081728,-4.53742440163456
124,1,1708.8333333333335,125.0,136,True,-0.9987838100797827,-0.9987838100797827,-1.9975676201595653
124,2,1802.0,427.0,140,True,-2.2339778166958553,-2.2339778166958553,-4.4679556333917105
124,3,1794.0,125.0,136,True,-1.0236427320490369,-1.0236427320490369,-2.0472854640980738
125,0,1734.8333333333335,125.0,136,True,-1.0063728351819423,-1.0063728351819423,-2.0127456703638846
125,1,1858.0,427.0,139,True,-2.250323409223585,-2.250323409223585,-4.50064681844717
125,2,1833.8333333333335,125.0,136,True,-1.03526950768632,-1.03526950768632,-2.07053901537264
125,3,1748.8333333333335,125.0,136,True,-1.0104592333138744,-1.0104592333138744,-2.020918466627749
126,0,1778.0,125.0,136,True,-1.0189725627554007,-1.0189725627554007,-2.0379451255108014
126,1,1743.0,125.0,136,True,-1.0087565674255699,-1.0087565674255699,-2.0175131348511397
126,2,1842.8333333333335,125.0,136,True,-1.0378964779139914,-1.0378964779139914,-2.075792955827983
126,3,1800.8333333333335,125.0,136,True,-1.0256372835181937,-1.0256372835181937,-2.0512745670363874
127,0,1733.0,125.0,136,True,-1.0058377116170467,-1.0058377116170467,-2.0116754232340934
127,1,1794.0,125.0,136,True,-1.0236427320490376,-1.0236427320490376,-2.047285464098075
127,2,1903.0,427.0,140,True,-2.2634582603619373,-2.2634582603619373,-4.526916520723875
127,3,1747.8333333333335,125.0,136,True,-1.010167347733022,-1.010167347733022,-2.020334695466044
128,0,1828.8333333333335,125.0,136,True,-1.0338100797820597,-1.0338100797820597,-2.0676201595641195
128,1,1809.8333333333335,125.0,136,True,-1.0282642537458646,-1.0282642537458646,-2.056528507491729
128,2,1749.8333333333335,125.0,136,True,-1.0107511188947276,-1.0107511188947276,-2.021502237789455
128,3,1807.0,204.0,137,True,-1.343437244600117,-1.343437244600117,-2.686874489200234
129,0,1784.8333333333335,125.0,136,True,-1.0209671142245575,-1.0209671142245575,-2.041934228449115
129,1,1776.8333333333335,125.0,136,True,-1.0186320295777391,-1.0186320295777391,-2.0372640591554783
129,2,1798.8333333333335,125.0,136,True,-1.0250535123564901,-1.0250535123564901,-2.0501070247129802
129,3,1908.0,125.0,136,True,-1.0569176882662001,-1.0569176882662001,-2.1138353765324003
130,0,1819.8333333333335,125.0,136,True,-1.031183109554389,-1.031183109554389,-2.062366219108778
130,1,1798.8333333333335,125.0,136,True,-1.0250535123564897,-1.0250535123564897,-2.0501070247129793
130,2,1739.0,125.0,136,True,-1.0075890251021609,-1.0075890251021609,-2.0151780502043217
130,3,1827.8333333333335,125.0,136,True,-1.0335181942012066,-1.0335181942012066,-2.067036388402413
131,0,1796.0,427.0,140,True,-2.2322265032107413,-2.2322265032107413,-4.464453006421483
131,1,1788.8333333333335,125.0,136,True,-1.0221346565479672,-1.0221346565479672,-2.0442693130959344
131,2,1748.0,283.0,138,True,-1.6422159953298316,-1.6422159953298316,-3.2844319906596633
131,3,1752.8333333333335,125.0,136,True,-1.0116267756372843,-1.0116267756372843,-2.0232535512745686
132,0,1745.8333333333335,125.0,136,True,-1.009583576571318,-1.009583576571318,-2.019167153142636
132,1,1743.8333333333335,427.0,140,True,-2.2169998054096127,-2.2169998054096127,-4.4339996108192254
132,2,1895.8333333333335,125.0,136,True,-1.0533664136991636,-1.0533664136991636,-2.1067328273983272
132,3,1755.8333333333335,204.0,137,True,-1.3285024323798407,-1.3285024323798407,-2.6570048647596813
133,0,1822.8333333333335,125.0,136,True,-1.0320587662969456,-1.0320587662969456,-2.064117532593891
133,1,1876.8333333333335,125.0,136,True,-1.0478205876629703,-1.0478205876629703,-2.0956411753259405
133,2,1739.8333333333335,125.0,136,True,-1.0078322630862038,-1.0078322630862038,-2.0156645261724075
133,3,1827.8333333333335,125.0,136,True,-1.0335181942012068,-1.0335181942012068,-2.0670363884024137
134,0,1747.8333333333335,125.0,136,True,-1.0101673477330226,-1.0101673477330226,-2.0203346954660453
134,1,1780.8333333333335,283.0,138,True,-1.6517995719011482,-1.6517995719011482,-3.3035991438022965
134,2,1739.8333333333335,125.0,136,True,-1.007832263086204,-1.007832263086204,-2.015664526172408
134,3,1717.0,125.0,136,True,-1.0011675423234097,-1.0011675423234097,-2.0023350846468193
135,0,1765.8333333333335,125.0,136,True,-1.015421288188364,-1.015421288188364,-2.030842576376728
135,1,1807.0,125.0,136,True,-1.027437244600117,-1.027437244600117,-2.054874489200234
135,2,1982.0,427.0,140,True,-2.28651722124927,-2.28651722124927,-4.57303444249854
135,3,1823.8333333333335,125.0,136,True,-1.0323506518777974,-1.0323506518777974,-2.064701303755595
136,0,1839.0,125.0,136,True,-1.0367775831873909,-1.0367775831873909,-2.0735551663747818
136,1,1851.8333333333335,125.0,136,True,-1.040523448141662,-1.040523448141662,-2.081046896283324
136,2,1803.8333333333335,125.0,136,True,-1.0265129402607518,-1.0265129402607518,-2.0530258805215036
136,3,1733.0,125.0,136,True,-1.0058377116170458,-1.0058377116170458,-2.0116754232340917
137,0,1832.8333333333335,125.0,136,True,-1.0349776221054685,-1.0349776221054685,-2.069955244210937
137,1,1825.8333333333335,125.0,136,True,-1.0329344230395023,-1.0329344230395023,-2.0658688460790047
137,2,1817.0,125.0,136,True,-1.0303561004086406,-1.0303561004086406,-2.060712200817281
137,3,1914.8333333333335,125.0,136,True,-1.0589122397353574,-1.0589122397353574,-2.117824479470715
138,0,1792.8333333333335,125.0,136,True,-1.0233021988713762,-1.0233021988713762,-2.0466043977427524
138,1,1753.8333333333335,125.0,136,True,-1.0119186612181361,-1.0119186612181361,-2.0238373224362722
138,2,1877.8333333333335,125.0,136,True,-1.048112473243822,-1.048112473243822,-2.096224946487644
138,3,1829.8333333333335,125.0,136,True,-1.034101965362912,-1.034101965362912,-2.068203930725824
139,0,1884.8333333333335,125.0,136,True,-1.0501556723097885,-1.0501556723097885,-2.100311344619577
139,1,1800.8333333333335,125.0,136,True,-1.0256372835181942,-1.0256372835181942,-2.0512745670363883
139,2,1912.8333333333335,125.0,136,True,-1.058328468573653,-1.058328468573653,-2.116656937147306
139,3,1887.8333333333335,125.0,136,True,-1.0510313290523452,-1.0510313290523452,-2.1020626581046904
140,0,1844.8333333333335,125.0,136,True,-1.038480249075696,-1.038480249075696,-2.076960498151392
140,1,1849.8333333333335,125.0,136,True,-1.0399396769799578,-1.0399396769799578,-2.0798793539599156
140,2,1895.8333333333335,125.0,136,True,-1.0533664136991632,-1.0533664136991632,-2.1067328273983263
140,3,1791.8333333333335,125.0,136,True,-1.0230103132905244,-1.0230103132905244,-2.0460206265810488
141,0,1894.8333333333335,125.0,136,True,-1.0530745281183111,-1.0530745281183111,-2.1061490562366223
141,1,1914.8333333333335,125.0,136,True,-1.0589122397353574,-1.0589122397353574,-2.117824479470715
141,2,1831.8333333333335,125.0,136,True,-1.034685736524616,-1.034685736524616,-2.069371473049232
141,3,1833.8333333333335,125.0,136,True,-1.0352695076863219,-1.0352695076863219,-2.0705390153726437
142,0,1829.8333333333335,125.0,136,True,-1.0341019653629113,-1.0341019653629113,-2.0682039307258226
142,1,1792.8333333333335,125.0,136,True,-1.0233021988713764,-1.0233021988713764,-2.046604397742753
142,2,1963.8333333333335,276.0,138,True,-1.6772146331971194,-1.6772146331971194,-3.3544292663942388
142,3,1755.0,125.0,136,True,-1.0122591943957968,-1.0122591943957968,-2.0245183887915936
143,0,1873.8333333333335,125.0,136,True,-1.0469449309204129,-1.0469449309204129,-2.0938898618408257
143,1,1795.8333333333335,125.0,136,True,-1.024177855613933,-1.024177855613933,-2.048355711227866
143,2,1803.0,125.0,136,True,-1.026269702276708,-1.026269702276708,-2.052539404553416
143,3,1795.8333333333335,125.0,136,True,-1.024177855613933,-1.024177855613933,-2.048355711227866
144,0,1771.0,125.0,136,True,-1.0169293636894345,-1.0169293636894345,-2.033858727378869
144,1,1751.8333333333335,125.0,136,True,-1.0113348900564316,-1.0113348900564316,-2.0226697801128632
144,2,1768.0,125.0,136,True,-1.0160537069468771,-1.0160537069468771,-2.0321074138937543
144,3,1768.0,125.0,136,True,-1.0160537069468776,-1.0160537069468776,-2.032107413893755
145,0,1799.8333333333335,125.0,136,True,-1.0253453979373421,-1.0253453979373421,-2.0506907958746843
145,1,1797.8333333333335,125.0,136,True,-1.0247616267756379,-1.0247616267756379,-2.0495232535512757
145,2,1858.8333333333335,125.0,136,True,-1.0425666472076278,-1.0425666472076278,-2.0851332944152556
145,3,1790.8333333333335,125.0,136,True,-1.0227184277096715,-1.0227184277096715,-2.045436855419343
146,0,1748.8333333333335,125.0,136,True,-1.0104592333138753,-1.0104592333138753,-2.0209184666277507
146,1,1845.0,125.0,136,True,-1.0385288966725041,-1.0385288966725041,-2.0770577933450083
146,2,1719.8333333333335,125.0,136,True,-1.0019945514691577,-1.0019945514691577,-2.0039891029383154
146,3,1755.0,125.0,136,True,-1.0122591943957973,-1.0122591943957973,-2.0245183887915945
147,0,1709.8333333333335,125.0,136,True,-0.9990756956606353,-0.9990756956606353,-1.9981513913212705
147,1,1787.8333333333335,125.0,136,True,-1.0218427709671138,-1.0218427709671138,-2.0436855419342277
147,2,1810.8333333333335,427.0,140,True,-2.236556139326718,-2.236556139326718,-4.473112278653436
147,3,1731.8333333333335,125.0,136,True,-1.0054971784393858,-1.0054971784393858,-2.0109943568787716
148,0,1720.0,125.0,136,True,-1.002043199065967,-1.002043199065967,-2.004086398131934
148,1,1698.8333333333335,125.0,136,True,-0.9958649542712591,-0.9958649542712591,-1.9917299085425182
148,2,1715.8333333333335,125.0,136,True,-1.000827009145749,-1.000827009145749,-2.001654018291498
148,3,1751.8333333333335,283.0,137,True,-1.6433348900564317,-1.6433348900564317,-3.2866697801128635
149,0,1810.8333333333335,125.0,136,True,-1.028556139326717,-1.028556139326717,-2.057112278653434
149,1,1841.8333333333335,125.0,136,True,-1.037604592333139,-1.037604592333139,-2.075209184666278
149,2,1733.0,125.0,136,True,-1.0058377116170458,-1.0058377116170458,-2.0116754232340917
149,3,1826.8333333333335,125.0,136,True,-1.0332263086203548,-1.0332263086203548,-2.0664526172407096
150,0,1780.8333333333335,125.0,136,True,-1.0197995719011486,-1.0197995719011486,-2.039599143802297
150,1,1706.0,125.0,136,True,-0.9979568009340347,-0.9979568009340347,-1.9959136018680694
150,2,1754.8333333333335,283.0,138,True,-1.6442105467989887,-1.6442105467989887,-3.2884210935979774
150,3,1733.8333333333335,125.0,136,True,-1.0060809496010903,-1.0060809496010903,-2.0121618992021806
151,0,1736.0,283.0,138,True,-1.6387133683596034,-1.6387133683596034,-3.2774267367192067
151,1,1791.8333333333335,125.0,136,True,-1.0230103132905242,-1.0230103132905242,-2.0460206265810483
151,2,1756.8333333333335,125.0,136,True,-1.0127943179606933,-1.0127943179606933,-2.0255886359213866
151,3,1705.8333333333335,125.0,136,True,-0.9979081533372256,-0.9979081533372256,-1.9958163066744512
152,0,1736.0,125.0,136,True,-1.0067133683596035,-1.0067133683596035,-2.013426736719207
152,1,1815.8333333333335,125.0,136,True,-1.030015567230979,-1.030015567230979,-2.060031134461958
152,2,1723.8333333333335,204.0,137,True,-1.319162093792567,-1.319162093792567,-2.638324187585134
152,3,1803.8333333333335,125.0,136,True,-1.0265129402607511,-1.0265129402607511,-2.0530258805215023
153,0,1720.0,125.0,136,True,-1.0020431990659662,-1.0020431990659662,-2.0040863981319323
153,1,1706.0,125.0,136,True,-0.997956800934034,-0.997956800934034,-1.995913601868068
153,2,1715.8333333333335,204.0,137,True,-1.3168270091457486,-1.3168270091457486,-2.633654018291497
153,3,1701.0,125.0,136,True,-0.9964973730297724,-0.9964973730297724,-1.9929947460595447
154,0,1753.8333333333335,283.0,138,True,-1.6439186612181365,-1.6439186612181365,-3.287837322436273
154,1,1712.0,204.0,137,True,-1.315708114419148,-1.315708114419148,-2.631416228838296
154,2,1720.0,125.0,136,True,-1.0020431990659666,-1.0020431990659666,-2.0040863981319332
154,3,1828.0,427.0,140,True,-2.2415668417980155,-2.2415668417980155,-4.483133683596031
155,0,1717.0,125.0,136,True,-1.0011675423234094,-1.0011675423234094,-2.002335084646819
155,1,1772.8333333333335,283.0,138,True,-1.6494644872543296,-1.6494644872543296,-3.298928974508659
155,2,1876.8333333333335,125.0,136,True,-1.0478205876629694,-1.0478205876629694,-2.0956411753259387
155,3,1769.8333333333335,125.0,136,True,-1.0165888305117732,-1.0165888305117732,-2.0331776610235464
156,0,1784.0,283.0,138,True,-1.652723876240514,-1.652723876240514,-3.305447752481028
156,1,1746.8333333333335,125.0,136,True,-1.0098754621521695,-1.0098754621521695,-2.019750924304339
156,2,1762.8333333333335,125.0,136,True,-1.0145456314458063,-1.0145456314458063,-2.0290912628916127
156,3,1787.8333333333335,125.0,136,True,-1.0218427709671147,-1.0218427709671147,-2.0436855419342295
157,0,1749.8333333333335,125.0,136,True,-1.010751118894727,-1.010751118894727,-2.021502237789454
157,1,1856.8333333333335,125.0,136,True,-1.0419828760459235,-1.0419828760459235,-2.083965752091847
157,2,1864.8333333333335,125.0,136,True,-1.044317960692742,-1.044317960692742,-2.088635921385484
157,3,1755.8333333333335,125.0,136,True,-1.0125024323798404,-1.0125024323798404,-2.025004864759681
158,0,1771.0,125.0,136,True,-1.0169293636894339,-1.0169293636894339,-2.0338587273788677
158,1,1706.0,204.0,137,True,-1.3139568009340339,-1.3139568009340339,-2.6279136018680678
158,2,1858.8333333333335,125.0,136,True,-1.042566647207628,-1.042566647207628,-2.085133294415256
158,3,1736.8333333333335,125.0,136,True,-1.0069566063436473,-1.0069566063436473,-2.0139132126872945
159,0,1749.0,125.0,136,True,-1.0105078809106824,-1.0105078809106824,-2.021015761821365
159,1,1742.8333333333335,204.0,137,True,-1.3247079198287608,-1.3247079198287608,-2.6494158396575216
159,2,1755.0,125.0,136,True,-1.012259194395797,-1.012259194395797,-2.024518388791594
159,3,1704.8333333333335,125.0,136,True,-0.997616267756373,-0.997616267756373,-1.995232535512746
160,0,1745.8333333333335,125.0,136,True,-1.0095835765713177,-1.0095835765713177,-2.0191671531426354
160,1,1786.8333333333335,125.0,136,True,-1.0215508853862627,-1.0215508853862627,-2.0431017707725254
160,2,1782.8333333333335,204.0,137,True,-1.3363833430628527,-1.3363833430628527,-2.6727666861257053
160,3,1794.8333333333335,283.0,138,True,-1.6558859700330801,-1.6558859700330801,-3.3117719400661603
161,0,1746.8333333333335,125.0,136,True,-1.0098754621521697,-1.0098754621521697,-2.0197509243043394
161,1,1754.0,283.0,138,True,-1.6439673088149442,-1.6439673088149442,-3.2879346176298885
161,2,1803.0,283.0,138,True,-1.6582697022767074,-1.6582697022767074,-3.316539404553415
161,3,1780.0,283.0,138,True,-1.6515563339171049,-1.6515563339171049,-3.3031126678342098
162,0,1752.0,125.0,136,True,-1.01138353765324,-1.01138353765324,-2.02276707530648
162,1,1787.8333333333335,125.0,136,True,-1.0218427709671152,-1.0218427709671152,-2.0436855419342304
162,2,1739.0,125.0,136,True,-1.0075890251021604,-1.0075890251021604,-2.015178050204321
162,3,1800.8333333333335,283.0,138,True,-1.657637283518194,-1.657637283518194,-3.315274567036388
163,0,1757.8333333333335,125.0,136,True,-1.013086203541545,-1.013086203541545,-2.02617240708309
163,1,1718.0,204.0,137,True,-1.3174594279042617,-1.3174594279042617,-2.6349188558085235
163,2,1795.8333333333335,125.0,136,True,-1.0241778556139327,-1.0241778556139327,-2.0483557112278654
163,3,1724.0,125.0,136,True,-1.003210741389376,-1.003210741389376,-2.006421482778752
164,0,1755.0,283.0,138,True,-1.6442591943957974,-1.6442591943957974,-3.2885183887915947
164,1,1677.8333333333335,125.0,136,True,-0.9897353570733608,-0.9897353570733608,-1.9794707141467216
164,2,1748.8333333333335,125.0,136,True,-1.0104592333138747,-1.0104592333138747,-2.0209184666277493
164,3,1706.0,125.0,136,True,-0.9979568009340338,-0.9979568009340338,-1.9959136018680677
165,0,1787.8333333333335,125.0,136,True,-1.0218427709671145,-1.0218427709671145,-2.043685541934229
165,1,1752.0,125.0,136,True,-1.0113835376532399,-1.0113835376532399,-2.0227670753064797
165,2,1748.0,204.0,137,True,-1.3262159953298303,-1.3262159953298303,-2.6524319906596605
165,3,1795.8333333333335,125.0,136,True,-1.0241778556139336,-1.0241778556139336,-2.048355711227867
166,0,1752.8333333333335,204.0,137,True,-1.3276267756372835,-1.3276267756372835,-2.655253551274567
166,1,1718.0,204.0,137,True,-1.317459427904261,-1.317459427904261,-2.634918855808522
166,2,1712.0,204.0,137,True,-1.315708114419148,-1.315708114419148,-2.631416228838296
166,3,1726.0,125.0,136,True,-1.0037945125510808,-1.0037945125510808,-2.0075890251021615
167,0,1718.0,204.0,137,True,-1.3174594279042615,-1.3174594279042615,-2.634918855808523
167,1,1750.8333333333335,125.0,136,True,-1.0110430044755798,-1.0110430044755798,-2.0220860089511596
167,2,1756.8333333333335,125.0,136,True,-1.0127943179606937,-1.0127943179606937,-2.0255886359213875
167,3,1712.0,204.0,137,True,-1.3157081144191485,-1.3157081144191485,-2.631416228838297
168,0,1755.8333333333335,125.0,136,True,-1.0125024323798402,-1.0125024323798402,-2.0250048647596803
168,1,1718.0,204.0,137,True,-1.317459427904262,-1.317459427904262,-2.634918855808524
168,2,1819.8333333333335,125.0,136,True,-1.0311831095543884,-1.0311831095543884,-2.062366219108777
168,3,1712.0,204.0,137,True,-1.3157081144191478,-1.3157081144191478,-2.6314162288382956
169,0,1712.0,125.0,136,True,-0.9997081144191478,-0.9997081144191478,-1.9994162288382955
169,1,1718.0,204.0,137,True,-1.3174594279042617,-1.3174594279042617,-2.6349188558085235
169,2,1749.8333333333335,125.0,136,True,-1.010751118894727,-1.010751118894727,-2.021502237789454
169,3,1718.0,283.0,138,True,-1.6334594279042611,-1.6334594279042611,-3.2669188558085223
170,0,1743.8333333333335,204.0,137,True,-1.324999805409613,-1.324999805409613,-2.649999610819226
170,1,1767.8333333333335,204.0,137,True,-1.3320050593500674,-1.3320050593500674,-2.664010118700135
170,2,1770.0,283.0,138,True,-1.648637478108582,-1.648637478108582,-3.297274956217164
170,3,1712.0,125.0,136,True,-0.9997081144191482,-0.9997081144191482,-1.9994162288382964
171,0,1776.8333333333335,204.0,137,True,-1.3346320295777392,-1.3346320295777392,-2.6692640591554784
171,1,1718.0,125.0,136,True,-1.0014594279042623,-1.0014594279042623,-2.0029188558085247
171,2,1768.8333333333335,283.0,137,True,-1.6482969449309206,-1.6482969449309206,-3.296593889861841
171,3,1718.0,204.0,136,True,-1.3174594279042617,-1.3174594279042617,-2.6349188558085235
172,0,1762.8333333333335,125.0,136,True,-1.0145456314458066,-1.0145456314458066,-2.029091262891613
172,1,1719.8333333333335,283.0,138,True,-1.633994551469158,-1.633994551469158,-3.267989102938316
172,2,1718.0,204.0,137,True,-1.317459427904262,-1.317459427904262,-2.634918855808524
172,3,1727.8333333333335,283.0,138,True,-1.636329636115976,-1.636329636115976,-3.272659272231952
173,0,1745.0,283.0,138,True,-1.6413403385872742,-1.6413403385872742,-3.2826806771745485
173,1,1720.8333333333335,125.0,136,True,-1.0022864370500097,-1.0022864370500097,-2.0045728741000195
173,2,1741.0,283.0,138,True,-1.6401727962638641,-1.6401727962638641,-3.2803455925277283
173,3,1747.0,204.0,137,True,-1.325924109748979,-1.325924109748979,-2.651848219497958
174,0,1831.8333333333335,125.0,136,True,-1.0346857365246163,-1.0346857365246163,-2.0693714730492325
174,1,1747.0,283.0,138,True,-1.641924109748978,-1.641924109748978,-3.283848219497956
174,2,1733.8333333333335,283.0,138,True,-1.6380809496010904,-1.6380809496010904,-3.276161899202181
174,3,1764.8333333333335,204.0,137,True,-1.3311294026075118,-1.3311294026075118,-2.6622588052150236
175,0,1718.8333333333335,125.0,136,True,-1.0017026658883055,-1.0017026658883055,-2.003405331776611
175,1,1793.8333333333335,125.0,136,True,-1.0235940844522284,-1.0235940844522284,-2.047188168904457
175,2,1815.8333333333335,125.0,136,True,-1.030015567230979,-1.030015567230979,-2.060031134461958
175,3,1753.8333333333335,283.0,138,True,-1.6439186612181358,-1.6439186612181358,-3.2878373224362716
176,0,1724.8333333333335,125.0,136,True,-1.0034539793734194,-1.0034539793734194,-2.006907958746839
176,1,1764.8333333333335,125.0,136,True,-1.015129402607511,-1.015129402607511,-2.030258805215022
176,2,1747.8333333333335,125.0,136,True,-1.0101673477330226,-1.0101673477330226,-2.0203346954660453
176,3,1754.8333333333335,125.0,136,True,-1.0122105467989884,-1.0122105467989884,-2.0244210935979767
177,0,1754.0,125.0,136,True,-1.0119673088149448,-1.0119673088149448,-2.0239346176298896
177,1,1760.0,283.0,138,True,-1.6457186223000582,-1.6457186223000582,-3.2914372446001163
177,2,1705.8333333333335,204.0,137,True,-1.3139081533372254,-1.3139081533372254,-2.627816306674451
177,3,1736.0,125.0,136,True,-1.006713368359603,-1.006713368359603,-2.013426736719206
178,0,1764.8333333333335,125.0,136,True,-1.0151294026075117,-1.0151294026075117,-2.0302588052150234
178,1,1752.8333333333335,204.0,137,True,-1.3276267756372833,-1.3276267756372833,-2.6552535512745665
178,2,1699.8333333333335,125.0,136,True,-0.9961568398521115,-0.9961568398521115,-1.992313679704223
178,3,1712.0,283.0,137,True,-1.6317081144191479,-1.6317081144191479,-3.2634162288382957
179,0,1752.8333333333335,125.0,136,True,-1.0116267756372834,-1.0116267756372834,-2.023253551274567
179,1,1757.8333333333335,283.0,138,True,-1.6450862035415452,-1.6450862035415452,-3.2901724070830904
179,2,1700.0,283.0,138,True,-1.6282054874489205,-1.6282054874489205,-3.256410974897841
179,3,1766.8333333333335,125.0,136,True,-1.015713173769216,-1.015713173769216,-2.031426347538432
180,0,1730.8333333333335,125.0,136,True,-1.0052052928585329,-1.0052052928585329,-2.0104105857170658
180,1,1747.0,204.0,137,True,-1.3259241097489782,-1.3259241097489782,-2.6518482194979565
180,2,1712.0,125.0,136,True,-0.9997081144191479,-0.9997081144191479,-1.9994162288382957
180,3,1726.8333333333335,204.0,137,True,-1.3200377505351242,-1.3200377505351242,-2.6400755010702484
181,0,1744.0,283.0,138,True,-1.6410484530064215,-1.6410484530064215,-3.282096906012843
181,1,1718.0,204.0,137,True,-1.3174594279042624,-1.3174594279042624,-2.634918855808525
181,2,1758.8333333333335,125.0,136,True,-1.0133780891223982,-1.0133780891223982,-2.0267561782447965
181,3,1700.0,125.0,136,True,-0.9962054874489205,-0.9962054874489205,-1.992410974897841
182,0,1741.0,125.0,136,True,-1.008172796263865,-1.008172796263865,-2.01634559252773
182,1,1738.8333333333335,204.0,137,True,-1.3235403775053518,-1.3235403775053518,-2.6470807550107036
182,2,1735.0,283.0,138,True,-1.6384214827787507,-1.6384214827787507,-3.2768429655575013
182,3,1736.0,125.0,136,True,-1.0067133683596032,-1.0067133683596032,-2.0134267367192065
183,0,1723.8333333333335,125.0,136,True,-1.003162093792567,-1.003162093792567,-2.006324187585134
183,1,1754.0,204.0,137,True,-1.3279673088149448,-1.3279673088149448,-2.6559346176298897
183,2,1754.0,125.0,136,True,-1.0119673088149452,-1.0119673088149452,-2.0239346176298905
183,3,1748.0,283.0,138,True,-1.6422159953298305,-1.6422159953298305,-3.284431990659661
184,0,1712.0,204.0,137,True,-1.3157081144191476,-1.3157081144191476,-2.631416228838295
184,1,1731.8333333333335,125.0,136,True,-1.0054971784393856,-1.0054971784393856,-2.010994356878771
184,2,1739.0,125.0,136,True,-1.00758902510216,-1.00758902510216,-2.01517805020432
184,3,1723.8333333333335,204.0,137,True,-1.3191620937925665,-1.3191620937925665,-2.638324187585133
185,0,1724.8333333333335,125.0,136,True,-1.0034539793734196,-1.0034539793734196,-2.0069079587468392
185,1,1739.0,125.0,136,True,-1.0075890251021604,-1.0075890251021604,-2.015178050204321
185,2,1763.8333333333335,125.0,136,True,-1.0148375170266593,-1.0148375170266593,-2.0296750340533185
185,3,1756.8333333333335,125.0,136,True,-1.0127943179606937,-1.0127943179606937,-2.0255886359213875
186,0,1706.0,125.0,136,True,-0.9979568009340343,-0.9979568009340343,-1.9959136018680685
186,1,1700.0,125.0,136,True,-0.9962054874489201,-0.9962054874489201,-1.9924109748978402
186,2,1735.0,283.0,138,True,-1.638421482778751,-1.638421482778751,-3.276842965557502
186,3,1775.8333333333335,283.0,138,True,-1.6503401439968866,-1.6503401439968866,-3.300680287993773
187,0,1771.0,283.0,138,True,-1.6489293636894335,-1.6489293636894335,-3.297858727378867
187,1,1719.8333333333335,125.0,136,True,-1.0019945514691577,-1.0019945514691577,-2.0039891029383154
187,2,1736.0,125.0,136,True,-1.006713368359603,-1.006713368359603,-2.013426736719206
187,3,1741.8333333333335,125.0,136,True,-1.0084160342479087,-1.0084160342479087,-2.0168320684958174
188,0,1767.8333333333335,283.0,138,True,-1.6480050593500681,-1.6480050593500681,-3.2960101187001363
188,1,1700.0,125.0,136,True,-0.9962054874489202,-0.9962054874489202,-1.9924109748978405
188,2,1735.0,283.0,138,True,-1.6384214827787507,-1.6384214827787507,-3.2768429655575013
188,3,1719.0,204.0,137,True,-1.317751313485114,-1.317751313485114,-2.635502626970228
189,0,1718.0,283.0,138,True,-1.6334594279042616,-1.6334594279042616,-3.266918855808523
189,1,1736.0,204.0,137,True,-1.3227133683596035,-1.3227133683596035,-2.645426736719207
189,2,1763.8333333333335,283.0,138,True,-1.6468375170266591,-1.6468375170266591,-3.2936750340533183
189,3,1732.8333333333335,283.0,138,True,-1.637789064020238,-1.637789064020238,-3.275578128040476
190,0,1760.0,283.0,138,True,-1.6457186223000595,-1.6457186223000595,-3.291437244600119
190,1,1750.8333333333335,125.0,136,True,-1.0110430044755798,-1.0110430044755798,-2.0220860089511596
190,2,1771.8333333333335,283.0,138,True,-1.6491726016734778,-1.6491726016734778,-3.2983452033469556
190,3,1730.0,283.0,138,True,-1.6369620548744894,-1.6369620548744894,-3.273924109748979
191,0,1806.0,283.0,138,True,-1.6591453590192655,-1.6591453590192655,-3.318290718038531
191,1,1806.8333333333335,283.0,138,True,-1.6593885970033084,-1.6593885970033084,-3.318777194006617
191,2,1735.0,283.0,138,True,-1.6384214827787507,-1.6384214827787507,-3.2768429655575013
191,3,1806.0,283.0,138,True,-1.6591453590192649,-1.6591453590192649,-3.3182907180385297
192,0,1724.0,283.0,138,True,-1.6352107413893755,-1.6352107413893755,-3.270421482778751
192,1,1767.0,283.0,138,True,-1.647761821366025,-1.647761821366025,-3.29552364273205
192,2,1767.8333333333335,204.0,137,True,-1.332005059350068,-1.332005059350068,-2.664010118700136
192,3,1729.0,283.0,138,True,-1.6366701692936367,-1.6366701692936367,-3.2733403385872735
193,0,1754.0,283.0,138,True,-1.6439673088149447,-1.6439673088149447,-3.2879346176298894
193,1,1756.8333333333335,283.0,138,True,-1.6447943179606932,-1.6447943179606932,-3.2895886359213864
193,2,1737.8333333333335,283.0,138,True,-1.639248491924499,-1.639248491924499,-3.278496983848998
193,3,1730.0,283.0,138,True,-1.6369620548744892,-1.6369620548744892,-3.2739241097489784
194,0,1775.8333333333335,283.0,138,True,-1.6503401439968872,-1.6503401439968872,-3.3006802879937744
194,1,1766.0,283.0,138,True,-1.6474699357851723,-1.6474699357851723,-3.2949398715703446
194,2,1746.8333333333335,283.0,138,True,-1.6418754621521705,-1.6418754621521705,-3.283750924304341
194,3,1749.0,283.0,138,True,-1.6425078809106826,-1.6425078809106826,-3.285015761821365
195,0,1756.8333333333335,283.0,138,True,-1.6447943179606932,-1.6447943179606932,-3.2895886359213864
195,1,1756.8333333333335,204.0,137,True,-1.3287943179606931,-1.3287943179606931,-2.6575886359213863
195,2,1760.0,283.0,138,True,-1.6457186223000593,-1.6457186223000593,-3.2914372446001186
195,3,1771.8333333333335,283.0,138,True,-1.6491726016734778,-1.6491726016734778,-3.2983452033469556
196,0,1783.8333333333335,283.0,138,True,-1.652675228643706,-1.652675228643706,-3.305350457287412
196,1,1777.0,283.0,138,True,-1.6506806771745477,-1.6506806771745477,-3.3013613543490954
196,2,1770.8333333333335,427.0,140,True,-2.224880716092626,-2.224880716092626,-4.449761432185252
196,3,1737.0,283.0,138,True,-1.6390052539404558,-1.6390052539404558,-3.2780105078809116
197,0,1745.8333333333335,204.0,137,True,-1.3255835765713178,-1.3255835765713178,-2.6511671531426355
197,1,1764.8333333333335,283.0,138,True,-1.6471294026075116,-1.6471294026075116,-3.2942588052150232
197,2,1746.8333333333335,283.0,138,True,-1.6418754621521703,-1.6418754621521703,-3.2837509243043406
197,3,1745.8333333333335,283.0,138,True,-1.6415835765713174,-1.6415835765713174,-3.2831671531426347
198,0,1757.8333333333335,283.0,138,True,-1.6450862035415459,-1.6450862035415459,-3.2901724070830918
198,1,1800.8333333333335,283.0,138,True,-1.6576372835181947,-1.6576372835181947,-3.3152745670363895
198,2,1762.8333333333335,283.0,138,True,-1.6465456314458073,-1.6465456314458073,-3.2930912628916147
198,3,1765.8333333333335,427.0,140,True,-2.223421288188365,-2.223421288188365,-4.44684257637673
199,0,1812.8333333333335,427.0,140,True,-2.237139910488422,-2.237139910488422,-4.474279820976844
199,1,1774.0,427.0,139,True,-2.225805020431991,-2.225805020431991,-4.451610040863982
199,2,1775.8333333333335,283.0,138,True,-1.6503401439968872,-1.6503401439968872,-3.3006802879937744
199,3,1706.0,125.0,136,True,-0.9979568009340342,-0.9979568009340342,-1.9959136018680683
200,0,1749.8333333333335,125.0,136,True,-1.0107511188947271,-1.0107511188947271,-2.0215022377894543
200,1,1770.0,283.0,138,True,-1.6486374781085815,-1.6486374781085815,-3.297274956217163
200,2,1754.0,204.0,137,True,-1.3279673088149448,-1.3279673088149448,-2.6559346176298897
200,3,1789.0,283.0,138,True,-1.654183304144775,-1.654183304144775,-3.30836660828955
201,0,1847.0,427.0,140,True,-2.2471126678342093,-2.2471126678342093,-4.4942253356684185
201,1,1811.8333333333335,427.0,140,True,-2.23684802490757,-2.23684802490757,-4.47369604981514
201,2,1851.8333333333335,578.0,142,True,-2.852523448141662,-2.852523448141662,-5.705046896283324
201,3,1819.8333333333335,427.0,140,True,-2.2391831095543884,-2.2391831095543884,-4.478366219108777
202,0,1776.8333333333335,283.0,138,True,-1.6506320295777392,-1.6506320295777392,-3.3012640591554785
202,1,1783.0,283.0,138,True,-1.6524319906596614,-1.6524319906596614,-3.304863981319323
202,2,1738.0,355.0,139,True,-1.9272971395213074,-1.9272971395213074,-3.854594279042615
202,3,1786.8333333333335,283.0,138,True,-1.653550885386262,-1.653550885386262,-3.307101770772524
203,0,1713.0,125.0,136,True,-1.0,-1.0,-2.0
203,1,1741.0,283.0,138,True,-1.640172796263865,-1.640172796263865,-3.28034559252773
203,2,1811.8333333333335,427.0,140,True,-2.2368480249075704,-2.2368480249075704,-4.473696049815141
203,3,1771.0,283.0,138,True,-1.648929363689433,-1.648929363689433,-3.297858727378866
204,0,1775.8333333333335,427.0,140,True,-2.2263401439968864,-2.2263401439968864,-4.452680287993773
204,1,1795.0,125.0,136,True,-1.023934617629889,-1.023934617629889,-2.047869235259778
204,2,1831.0,125.0,136,True,-1.0344424985405727,-1.0344424985405727,-2.0688849970811454
204,3,1806.8333333333335,427.0,140,True,-2.2353885970033085,-2.2353885970033085,-4.470777194006617
205,0,1807.8333333333335,427.0,140,True,-2.23568048258416,-2.23568048258416,-4.47136096516832
205,1,1787.8333333333335,427.0,140,True,-2.2298427709671147,-2.2298427709671147,-4.459685541934229
205,2,1758.0,125.0,136,True,-1.013134851138354,-1.013134851138354,-2.026269702276708
205,3,1800.8333333333335,427.0,140,True,-2.233637283518194,-2.233637283518194,-4.467274567036388
206,0,1838.0,427.0,140,True,-2.2444856976065384,-2.2444856976065384,-4.488971395213077
206,1,1742.0,204.0,137,True,-1.3244646818447166,-1.3244646818447166,-2.648929363689433
206,2,1735.0,125.0,136,True,-1.0064214827787512,-1.0064214827787512,-2.0128429655575024
206,3,1782.8333333333335,355.0,139,True,-1.940383343062853,-1.940383343062853,-3.880766686125706
207,0,1806.0,283.0,138,True,-1.6591453590192649,-1.6591453590192649,-3.3182907180385297
207,1,1760.8333333333335,204.0,137,True,-1.3299618602841026,-1.3299618602841026,-2.659923720568205
207,2,1733.8333333333335,276.0,138,True,-1.6100809496010897,-1.6100809496010897,-3.2201618992021794
207,3,1835.8333333333335,427.0,140,True,-2.243853278848025,-2.243853278848025,-4.48770655769605
208,0,1750.0,125.0,136,True,-1.0107997664915354,-1.0107997664915354,-2.0215995329830707
208,1,1706.0,204.0,137,True,-1.3139568009340337,-1.3139568009340337,-2.6279136018680673
208,2,1808.8333333333335,427.0,140,True,-2.235972368165013,-2.235972368165013,-4.471944736330026
208,3,1957.0,427.0,140,True,-2.2792200817279618,-2.2792200817279618,-4.5584401634559235
209,0,1816.8333333333335,578.0,142,True,-2.8423074528118306,-2.8423074528118306,-5.684614905623661
209,1,1896.0,276.0,138,True,-1.657415061295972,-1.657415061295972,-3.314830122591944
209,2,1809.8333333333335,427.0,140,True,-2.2362642537458646,-2.2362642537458646,-4.472528507491729
209,3,1822.0,427.0,140,True,-2.2398155283129015,-2.2398155283129015,-4.479631056625803
210,0,1732.0,125.0,136,True,-1.0055458260361945,-1.0055458260361945,-2.011091652072389
210,1,1761.0,276.0,138,True,-1.6180105078809104,-1.6180105078809104,-3.2360210157618208
210,2,1801.8333333333335,427.0,140,True,-2.233929169099047,-2.233929169099047,-4.467858338198094
210,3,1719.0,276.0,138,True,-1.6057513134851147,-1.6057513134851147,-3.2115026269702294
211,0,1881.0,276.0,137,True,-1.6530367775831882,-1.6530367775831882,-3.3060735551663765
211,1,1896.0,427.0,140,True,-2.261415061295972,-2.261415061295972,-4.522830122591944
211,2,1758.8333333333335,125.0,136,True,-1.013378089122398,-1.013378089122398,-2.026756178244796
211,3,1912.0,578.0,142,True,-2.8700852305896096,-2.8700852305896096,-5.740170461179219
212,0,2018.0,427.0,140,True,-2.297025102159953,-2.297025102159953,-4.594050204319906
212,1,1851.0,427.0,140,True,-2.2482802101576183,-2.2482802101576183,-4.4965604203152365
212,2,1921.0,276.0,138,True,-1.6647122008172803,-1.6647122008172803,-3.3294244016345607
212,3,2050.0,427.0,140,True,-2.306365440747227,-2.306365440747227,-4.612730881494454
213,0,1806.0,125.0,136,True,-1.0271453590192654,-1.0271453590192654,-2.054290718038531
213,1,1732.0,125.0,136,True,-1.0055458260361942,-1.0055458260361942,-2.0110916520723885
213,2,1784.0,427.0,140,True,-2.228723876240514,-2.228723876240514,-4.457447752481028
213,3,1886.0,276.0,138,True,-1.6544962054874492,-1.6544962054874492,-3.3089924109748985
214,0,1928.0,355.0,139,True,-1.9827553998832455,-1.9827553998832455,-3.965510799766491
214,1,1941.0,204.0,137,True,-1.3825499124343268,-1.3825499124343268,-2.7650998248686536
214,2,1766.8333333333335,125.0,136,True,-1.015713173769216,-1.015713173769216,-2.031426347538432
214,3,1912.0,427.0,140,True,-2.2660852305896095,-2.2660852305896095,-4.532170461179219
215,0,1835.0,427.0,140,True,-2.243610040863982,-2.243610040863982,-4.487220081727964
215,1,1812.8333333333335,427.0,140,True,-2.237139910488423,-2.237139910488423,-4.474279820976846
215,2,1880.0,204.0,137,True,-1.364744892002336,-1.364744892002336,-2.729489784004672
215,3,1774.0,427.0,140,True,-2.225805020431991,-2.225805020431991,-4.451610040863982
216,0,1819.0,204.0,137,True,-1.3469398715703447,-1.3469398715703447,-2.6938797431406893
216,1,1780.0,125.0,136,True,-1.0195563339171048,-1.0195563339171048,-2.0391126678342095
216,2,1761.0,125.0,136,True,-1.0140105078809114,-1.0140105078809114,-2.028021015761823
216,3,1857.0,204.0,137,True,-1.3580315236427323,-1.3580315236427323,-2.7160630472854645
217,0,1922.0,427.0,140,True,-2.269004086398132,-2.269004086398132,-4.538008172796264
217,1,1727.0,125.0,136,True,-1.0040863981319321,-1.0040863981319321,-2.0081727962638642
217,2,1779.0,125.0,136,True,-1.0192644483362525,-1.0192644483362525,-2.038528896672505
217,3,1748.0,204.0,137,True,-1.3262159953298307,-1.3262159953298307,-2.6524319906596614
218,0,1742.0,276.0,138,True,-1.6124646818447173,-1.6124646818447173,-3.2249293636894345
218,1,1816.0,355.0,139,True,-1.9500642148277878,-1.9500642148277878,-3.9001284296555756
218,2,1794.8333333333335,427.0,140,True,-2.231885970033081,-2.231885970033081,-4.463771940066162
218,3,1819.8333333333335,427.0,140,True,-2.239183109554388,-2.239183109554388,-4.478366219108776
219,0,1806.0,204.0,137,True,-1.343145359019265,-1.343145359019265,-2.68629071803853
219,1,1801.8333333333335,427.0,140,True,-2.2339291690990475,-2.2339291690990475,-4.467858338198095
219,2,1763.8333333333335,283.0,138,True,-1.6468375170266591,-1.6468375170266591,-3.2936750340533183
219,3,1754.0,276.0,138,True,-1.615967308814945,-1.615967308814945,-3.23193461762989
220,0,1823.0,125.0,136,True,-1.0321074138937538,-1.0321074138937538,-2.0642148277875076
220,1,1776.0,125.0,136,True,-1.0183887915936956,-1.0183887915936956,-2.036777583187391
220,2,1770.0,125.0,136,True,-1.0166374781085814,-1.0166374781085814,-2.033274956217163
220,3,1743.0,125.0,136,True,-1.0087565674255707,-1.0087565674255707,-2.0175131348511415
221,0,1713.8333333333335,125.0,136,True,-1.0002432379840442,-1.0002432379840442,-2.0004864759680885
221,1,1783.0,283.0,138,True,-1.6524319906596618,-1.6524319906596618,-3.3048639813193237
221,2,1806.0,427.0,140,True,-2.2351453590192647,-2.2351453590192647,-4.470290718038529
221,3,1831.8333333333335,427.0,140,True,-2.2426857365246162,-2.2426857365246162,-4.4853714730492324
222,0,1830.8333333333335,427.0,140,True,-2.2423938509437638,-2.2423938509437638,-4.4847877018875275
222,1,1752.8333333333335,125.0,136,True,-1.0116267756372843,-1.0116267756372843,-2.0232535512745686
222,2,1790.8333333333335,427.0,140,True,-2.2307184277096717,-2.2307184277096717,-4.461436855419343
222,3,1760.0,125.0,136,True,-1.0137186223000587,-1.0137186223000587,-2.0274372446001174
223,0,1817.8333333333335,427.0,140,True,-2.238599338392684,-2.238599338392684,-4.477198676785368
223,1,1760.0,204.0,137,True,-1.3297186223000588,-1.3297186223000588,-2.6594372446001175
223,2,1870.0,204.0,137,True,-1.3618260361938122,-1.3618260361938122,-2.7236520723876243
223,3,1800.8333333333335,427.0,140,True,-2.233637283518195,-2.233637283518195,-4.46727456703639
224,0,1817.0,427.0,140,True,-2.238356100408639,-2.238356100408639,-4.476712200817278
224,1,1823.8333333333335,427.0,140,True,-2.240350651877798,-2.240350651877798,-4.480701303755596
224,2,1861.8333333333335,578.0,142,True,-2.855442303950186,-2.855442303950186,-5.710884607900372
224,3,1777.0,355.0,139,True,-1.9386806771745475,-1.9386806771745475,-3.877361354349095
225,0,1706.0,125.0,136,True,-0.9979568009340343,-0.9979568009340343,-1.9959136018680685
225,1,1742.0,276.0,138,True,-1.6124646818447177,-1.6124646818447177,-3.2249293636894354
225,2,1794.0,427.0,140,True,-2.231642732049037,-2.231642732049037,-4.463285464098074
225,3,1724.0,125.0,136,True,-1.0032107413893756,-1.0032107413893756,-2.006421482778751
226,0,1762.8333333333335,283.0,138,True,-1.6465456314458071,-1.6465456314458071,-3.2930912628916142
226,1,1747.0,276.0,138,True,-1.613924109748979,-1.613924109748979,-3.227848219497958
226,2,1767.8333333333335,283.0,138,True,-1.6480050593500686,-1.6480050593500686,-3.296010118700137
226,3,1787.8333333333335,276.0,138,True,-1.6258427709671146,-1.6258427709671146,-3.251685541934229
227,0,1791.8333333333335,427.0,140,True,-2.231010313290524,-2.231010313290524,-4.462020626581048
227,1,1804.8333333333335,427.0,140,True,-2.234804825841604,-2.234804825841604,-4.469609651683208
227,2,1793.8333333333335,427.0,140,True,-2.231594084452228,-2.231594084452228,-4.463188168904456
227,3,1788.8333333333335,434.0,140,True,-2.2581346565479676,-2.2581346565479676,-4.516269313095935
228,0,1766.0,204.0,137,True,-1.331469935785173,-1.331469935785173,-2.662939871570346
228,1,1740.0,204.0,137,True,-1.3238809106830136,-1.3238809106830136,-2.6477618213660272
228,2,1801.8333333333335,427.0,140,True,-2.2339291690990466,-2.2339291690990466,-4.467858338198093
228,3,1762.8333333333335,283.0,138,True,-1.6465456314458076,-1.6465456314458076,-3.293091262891615
229,0,1754.0,355.0,139,True,-1.9319673088149454,-1.9319673088149454,-3.8639346176298908
229,1,1818.8333333333335,427.0,140,True,-2.2388912239735363,-2.2388912239735363,-4.477782447947073
229,2,1772.0,427.0,140,True,-2.2252212492702865,-2.2252212492702865,-4.450442498540573
229,3,1833.0,427.0,140,True,-2.2430262697022774,-2.2430262697022774,-4.486052539404555
230,0,1741.0,125.0,136,True,-1.008172796263865,-1.008172796263865,-2.01634559252773
230,1,1893.0,427.0,140,True,-2.2605394045534153,-2.2605394045534153,-4.521078809106831
230,2,1730.8333333333335,427.0,140,True,-2.2132052928585333,-2.2132052928585333,-4.426410585717067
230,3,1856.0,427.0,140,True,-2.2497396380618797,-2.2497396380618797,-4.499479276123759
231,0,1752.8333333333335,283.0,138,True,-1.643626775637284,-1.643626775637284,-3.287253551274568
231,1,1878.0,427.0,140,True,-2.256161120840631,-2.256161120840631,-4.512322241681262
231,2,1771.0,125.0,136,True,-1.0169293636894343,-1.0169293636894343,-2.0338587273788686
231,3,1806.8333333333335,427.0,140,True,-2.235388597003309,-2.235388597003309,-4.470777194006618
232,0,1777.0,125.0,136,True,-1.0186806771745482,-1.0186806771745482,-2.0373613543490965
232,1,1934.0,427.0,140,True,-2.272506713368359,-2.272506713368359,-4.545013426736718
232,2,1963.0,427.0,140,True,-2.280971395213076,-2.280971395213076,-4.561942790426152
232,3,1749.0,355.0,139,True,-1.9305078809106844,-1.9305078809106844,-3.8610157618213687
233,0,1819.0,427.0,140,True,-2.2389398715703446,-2.2389398715703446,-4.477879743140689
233,1,1761.0,125.0,136,True,-1.0140105078809107,-1.0140105078809107,-2.0280210157618215
233,2,1944.0,427.0,140,True,-2.275425569176883,-2.275425569176883,-4.550851138353766
233,3,1790.8333333333335,434.0,140,True,-2.2587184277096712,-2.2587184277096712,-4.5174368554193425
234,0,1852.8333333333335,578.0,142,True,-2.852815333722515,-2.852815333722515,-5.70563066744503
234,1,1867.0,427.0,140,True,-2.2529503794512555,-2.2529503794512555,-4.505900758902511
234,2,1818.0,427.0,140,True,-2.2386479859894926,-2.2386479859894926,-4.477295971978985
234,3,1775.8333333333335,427.0,140,True,-2.2263401439968873,-2.2263401439968873,-4.452680287993775
235,0,1766.0,283.0,138,True,-1.647469935785173,-1.647469935785173,-3.294939871570346
235,1,1801.8333333333335,427.0,140,True,-2.233929169099047,-2.233929169099047,-4.467858338198094
235,2,1801.0,427.0,140,True,-2.233685931115003,-2.233685931115003,-4.467371862230006
235,3,1814.0,427.0,140,True,-2.237480443666083,-2.237480443666083,-4.474960887332166
236,0,1844.8333333333335,427.0,140,True,-2.2464802490756957,-2.2464802490756957,-4.492960498151391
236,1,1777.0,283.0,138,True,-1.6506806771745481,-1.6506806771745481,-3.3013613543490963
236,2,1832.0,427.0,140,True,-2.242734384121425,-2.242734384121425,-4.48546876824285
236,3,1719.0,125.0,136,True,-1.001751313485114,-1.001751313485114,-2.003502626970228
237,0,2161.0,363.0,139,True,-2.0827647402218337,-2.0827647402218337,-4.165529480443667
237,1,2228.8333333333335,578.0,142,True,-2.962564312122979,-2.962564312122979,-5.925128624245958
237,2,2261.0,665.0,143,True,-3.319953298307059,-3.319953298307059,-6.639906596614118
237,3,1948.0,601.0,142,True,-2.9725931115002893,-2.9725931115002893,-5.9451862230005785
238,0,2004.0,816.0,145,True,-3.8489387040280207,-3.8489387040280207,-7.6978774080560415
238,1,1849.8333333333335,434.0,140,True,-2.2759396769799576,-2.2759396769799576,-4.551879353959915
238,2,1855.8333333333335,283.0,138,True,-1.6736909904650712,-1.6736909904650712,-3.3473819809301424
238,3,1846.8333333333335,283.0,138,True,-1.6710640202374,-1.6710640202374,-3.3421280404748
239,0,1937.0,283.0,138,True,-1.6973823701109163,-1.6973823701109163,-3.3947647402218326
239,1,1793.8333333333335,283.0,138,True,-1.6555940844522286,-1.6555940844522286,-3.311188168904457
239,2,1922.8333333333335,506.0,141,True,-2.585247324382177,-2.585247324382177,-5.170494648764354
239,3,1821.0,204.0,137,True,-1.347523642732049,-1.347523642732049,-2.695047285464098
240,0,1834.8333333333335,283.0,138,True,-1.6675613932671738,-1.6675613932671738,-3.3351227865343476
240,1,1756.8333333333335,283.0,138,True,-1.6447943179606932,-1.6447943179606932,-3.2895886359213864
240,2,2204.0,665.0,143,True,-3.3033158201984794,-3.3033158201984794,-6.606631640396959
240,3,2263.0,967.0,147,True,-4.528537069468765,-4.528537069468765,-9.05707413893753
241,0,1787.0,283.0,138,True,-1.6535995329830713,-1.6535995329830713,-3.3071990659661425
241,1,1737.8333333333335,283.0,138,True,-1.6392484919244996,-1.6392484919244996,-3.2784969838489992
241,2,1821.0,283.0,138,True,-1.6635236427320492,-1.6635236427320492,-3.3270472854640984
241,3,1813.0,204.0,137,True,-1.3451885580852312,-1.3451885580852312,-2.6903771161704624
242,0,1789.0,283.0,138,True,-1.6541833041447753,-1.6541833041447753,-3.3083666082895506
242,1,1754.0,204.0,137,True,-1.3279673088149446,-1.3279673088149446,-2.6559346176298892
242,2,1785.8333333333335,283.0,138,True,-1.6532589998054092,-1.6532589998054092,-3.3065179996108185
242,3,1768.8333333333335,283.0,138,True,-1.6482969449309197,-1.6482969449309197,-3.2965938898618394
243,0,1772.8333333333335,283.0,138,True,-1.6494644872543296,-1.6494644872543296,-3.298928974508659
243,1,1791.0,370.0,139,True,-2.0027670753064806,-2.0027670753064806,-4.005534150612961
243,2,1880.8333333333335,283.0,138,True,-1.6809881299863785,-1.6809881299863785,-3.361976259972757
243,3,1789.0,283.0,138,True,-1.6541833041447755,-1.6541833041447755,-3.308366608289551
244,0,1784.8333333333335,283.0,138,True,-1.652967114224558,-1.652967114224558,-3.305934228449116
244,1,1887.8333333333335,283.0,138,True,-1.6830313290523442,-1.6830313290523442,-3.3660626581046884
244,2,1783.0,283.0,138,True,-1.6524319906596625,-1.6524319906596625,-3.304863981319325
244,3,1927.0,283.0,138,True,-1.6944635143023936,-1.6944635143023936,-3.3889270286047872
245,0,1807.0,283.0,138,True,-1.6594372446001169,-1.6594372446001169,-3.3188744892002338
245,1,1802.8333333333335,283.0,138,True,-1.6582210546798983,-1.6582210546798983,-3.3164421093597967
245,2,1754.0,283.0,138,True,-1.643967308814945,-1.643967308814945,-3.28793461762989
245,3,1795.0,283.0,138,True,-1.6559346176298888,-1.6559346176298888,-3.3118692352597776
246,0,1756.8333333333335,283.0,138,True,-1.6447943179606923,-1.6447943179606923,-3.2895886359213846
246,1,1721.8333333333335,283.0,138,True,-1.634578322630862,-1.634578322630862,-3.269156645261724
246,2,1774.8333333333335,283.0,138,True,-1.650048258416034,-1.650048258416034,-3.300096516832068
246,3,1838.0,283.0,138,True,-1.668485697606539,-1.668485697606539,-3.336971395213078
247,0,1768.8333333333335,283.0,138,True,-1.6482969449309208,-1.6482969449309208,-3.2965938898618417
247,1,1776.0,283.0,138,True,-1.6503887915936952,-1.6503887915936952,-3.3007775831873905
247,2,1738.8333333333335,283.0,138,True,-1.6395403775053508,-1.6395403775053508,-3.2790807550107015
247,3,1741.8333333333335,204.0,137,True,-1.3244160342479085,-1.3244160342479085,-2.648832068495817
248,0,1760.8333333333335,283.0,138,True,-1.645961860284102,-1.645961860284102,-3.291923720568204
248,1,1741.0,283.0,138,True,-1.6401727962638653,-1.6401727962638653,-3.2803455925277305
248,2,1753.8333333333335,283.0,138,True,-1.6439186612181362,-1.6439186612181362,-3.2878373224362725
248,3,1712.0,125.0,136,True,-0.999708114419148,-0.999708114419148,-1.999416228838296
249,0,1747.0,283.0,138,True,-1.6419241097489778,-1.6419241097489778,-3.2838482194979557
249,1,1767.8333333333335,283.0,138,True,-1.6480050593500686,-1.6480050593500686,-3.296010118700137
249,2,1786.0,125.0,136,True,-1.0213076474022191,-1.0213076474022191,-2.0426152948044383
249,3,1785.8333333333335,125.0,136,True,-1.0212589998054096,-1.0212589998054096,-2.042517999610819
250,0,1747.0,204.0,137,True,-1.325924109748979,-1.325924109748979,-2.651848219497958
250,1,1818.8333333333335,125.0,136,True,-1.030891223973536,-1.030891223973536,-2.061782447947072
250,2,1741.0,283.0,138,True,-1.6401727962638646,-1.6401727962638646,-3.280345592527729
250,3,1811.8333333333335,125.0,136,True,-1.0288480249075702,-1.0288480249075702,-2.0576960498151404
251,0,1746.8333333333335,125.0,136,True,-1.0098754621521706,-1.0098754621521706,-2.019750924304341
251,1,1747.0,283.0,138,True,-1.641924109748979,-1.641924109748979,-3.283848219497958
251,2,1754.0,125.0,136,True,-1.0119673088149452,-1.0119673088149452,-2.0239346176298905
251,3,1748.8333333333335,125.0,136,True,-1.0104592333138749,-1.0104592333138749,-2.0209184666277498
252,0,1749.8333333333335,283.0,138,True,-1.6427511188947268,-1.6427511188947268,-3.2855022377894536
252,1,1811.8333333333335,283.0,138,True,-1.6608480249075692,-1.6608480249075692,-3.3216960498151384
252,2,1754.0,204.0,137,True,-1.3279673088149442,-1.3279673088149442,-2.6559346176298884
252,3,1741.0,283.0,138,True,-1.6401727962638648,-1.6401727962638648,-3.2803455925277296
253,0,1776.0,283.0,138,True,-1.6503887915936954,-1.6503887915936954,-3.300777583187391
253,1,1710.8333333333335,204.0,137,True,-1.3153675812414867,-1.3153675812414867,-2.6307351624829733
253,2,1741.0,283.0,138,True,-1.6401727962638648,-1.6401727962638648,-3.2803455925277296
253,3,1741.0,204.0,137,True,-1.3241727962638643,-1.3241727962638643,-2.6483455925277286
254,0,1708.0,125.0,136,True,-0.9985405720957393,-0.9985405720957393,-1.9970811441914786
254,1,1706.0,125.0,136,True,-0.9979568009340345,-0.9979568009340345,-1.995913601868069
254,2,1796.8333333333335,204.0,137,True,-1.340469741194786,-1.340469741194786,-2.680939482389572
254,3,1780.8333333333335,125.0,136,True,-1.0197995719011486,-1.0197995719011486,-2.039599143802297
255,0,1741.0,204.0,137,True,-1.3241727962638645,-1.3241727962638645,-2.648345592527729
255,1,1741.0,283.0,138,True,-1.6401727962638646,-1.6401727962638646,-3.280345592527729
255,2,1776.0,125.0,136,True,-1.0183887915936958,-1.0183887915936958,-2.0367775831873915
255,3,1745.8333333333335,125.0,136,True,-1.0095835765713177,-1.0095835765713177,-2.0191671531426354
256,0,1706.0,125.0,136,True,-0.9979568009340344,-0.9979568009340344,-1.9959136018680688
256,1,1769.8333333333335,212.0,136,True,-1.3645888305117733,-1.3645888305117733,-2.7291776610235465
256,2,1712.0,204.0,137,True,-1.3157081144191483,-1.3157081144191483,-2.6314162288382965
256,3,1729.0,125.0,136,True,-1.0046701692936373,-1.0046701692936373,-2.0093403385872746
257,0,1751.8333333333335,283.0,138,True,-1.6433348900564317,-1.6433348900564317,-3.2866697801128635
257,1,1720.0,125.0,136,True,-1.002043199065967,-1.002043199065967,-2.004086398131934
257,2,1714.8333333333335,125.0,136,True,-1.0005351235648958,-1.0005351235648958,-2.0010702471297916
257,3,1785.8333333333335,125.0,136,True,-1.02125899980541,-1.02125899980541,-2.04251799961082
258,0,1712.0,204.0,137,True,-1.3157081144191483,-1.3157081144191483,-2.6314162288382965
258,1,1738.8333333333335,283.0,138,True,-1.6395403775053516,-1.6395403775053516,-3.2790807550107033
258,2,1764.0,283.0,138,True,-1.6468861646234676,-1.6468861646234676,-3.293772329246935
258,3,1712.0,125.0,136,True,-0.9997081144191478,-0.9997081144191478,-1.9994162288382955
259,0,1704.0,125.0,136,True,-0.9973730297723296,-0.9973730297723296,-1.9947460595446591
259,1,1770.8333333333335,283.0,138,True,-1.6488807160926253,-1.6488807160926253,-3.2977614321852506
259,2,1712.0,204.0,137,True,-1.315708114419148,-1.315708114419148,-2.631416228838296
259,3,1754.0,283.0,138,True,-1.6439673088149445,-1.6439673088149445,-3.287934617629889
260,0,1712.0,283.0,138,True,-1.6317081144191476,-1.6317081144191476,-3.2634162288382953
260,1,1746.8333333333335,283.0,138,True,-1.6418754621521696,-1.6418754621521696,-3.2837509243043392
260,2,1740.8333333333335,125.0,136,True,-1.008124148667057,-1.008124148667057,-2.016248297334114
260,3,1692.0,125.0,136,True,-0.9938704028021017,-0.9938704028021017,-1.9877408056042034
261,0,1706.0,125.0,136,True,-0.9979568009340338,-0.9979568009340338,-1.9959136018680677
261,1,1740.8333333333335,283.0,138,True,-1.640124148667056,-1.640124148667056,-3.280248297334112
261,2,1736.8333333333335,283.0,138,True,-1.6389566063436463,-1.6389566063436463,-3.2779132126872925
261,3,1754.0,204.0,137,True,-1.3279673088149446,-1.3279673088149446,-2.6559346176298892
262,0,1744.8333333333335,283.0,138,True,-1.6412916909904653,-1.6412916909904653,-3.2825833819809307
262,1,1729.8333333333335,283.0,138,True,-1.6369134072776808,-1.6369134072776808,-3.2738268145553615
262,2,1724.0,283.0,138,True,-1.635210741389376,-1.635210741389376,-3.270421482778752
262,3,1735.8333333333335,283.0,138,True,-1.638664720762794,-1.638664720762794,-3.277329441525588
263,0,1699.8333333333335,283.0,138,True,-1.628156839852111,-1.628156839852111,-3.256313679704222
263,1,1729.0,283.0,138,True,-1.636670169293637,-1.636670169293637,-3.273340338587274
263,2,1720.8333333333335,283.0,138,True,-1.6342864370500099,-1.6342864370500099,-3.2685728741000197
263,3,1720.8333333333335,283.0,138,True,-1.6342864370500103,-1.6342864370500103,-3.2685728741000206
264,0,1712.0,204.0,137,True,-1.3157081144191485,-1.3157081144191485,-2.631416228838297
264,1,1717.8333333333335,125.0,136,True,-1.0014107803074532,-1.0014107803074532,-2.0028215606149065
264,2,1711.8333333333335,204.0,137,True,-1.3156594668223391,-1.3156594668223391,-2.6313189336446783
264,3,1755.8333333333335,283.0,138,True,-1.6445024323798412,-1.6445024323798412,-3.2890048647596823
265,0,1695.8333333333335,204.0,137,True,-1.310989297528702,-1.310989297528702,-2.621978595057404
265,1,1734.8333333333335,283.0,138,True,-1.6383728351819422,-1.6383728351819422,-3.2767456703638844
265,2,1741.0,283.0,138,True,-1.6401727962638646,-1.6401727962638646,-3.280345592527729
265,3,1712.0,283.0,138,True,-1.6317081144191483,-1.6317081144191483,-3.2634162288382966
266,0,1763.8333333333335,283.0,138,True,-1.646837517026659,-1.646837517026659,-3.293675034053318
266,1,1750.0,125.0,136,True,-1.0107997664915358,-1.0107997664915358,-2.0215995329830716
266,2,1706.0,283.0,138,True,-1.6299568009340344,-1.6299568009340344,-3.2599136018680688
266,3,1718.0,204.0,137,True,-1.317459427904262,-1.317459427904262,-2.634918855808524
267,0,1734.0,125.0,136,True,-1.0061295971978994,-1.0061295971978994,-2.012259194395799
267,1,1724.8333333333335,125.0,136,True,-1.0034539793734194,-1.0034539793734194,-2.006907958746839
267,2,1706.0,125.0,136,True,-0.997956800934034,-0.997956800934034,-1.995913601868068
267,3,1741.0,283.0,138,True,-1.6401727962638653,-1.6401727962638653,-3.2803455925277305
268,0,1712.0,204.0,137,True,-1.315708114419148,-1.315708114419148,-2.631416228838296
268,1,1706.0,125.0,136,True,-0.997956800934034,-0.997956800934034,-1.995913601868068
268,2,1779.8333333333335,125.0,136,True,-1.019507686320296,-1.019507686320296,-2.039015372640592
268,3,1699.8333333333335,125.0,136,True,-0.9961568398521117,-0.9961568398521117,-1.9923136797042234
269,0,1750.8333333333335,283.0,138,True,-1.6430430044755788,-1.6430430044755788,-3.2860860089511577
269,1,1718.0,283.0,138,True,-1.6334594279042616,-1.6334594279042616,-3.266918855808523
269,2,1754.0,283.0,138,True,-1.6439673088149453,-1.6439673088149453,-3.2879346176298907
269,3,1705.8333333333335,125.0,136,True,-0.9979081533372252,-0.9979081533372252,-1.9958163066744503
270,0,1712.0,204.0,137,True,-1.3157081144191476,-1.3157081144191476,-2.631416228838295
270,1,1697.8333333333335,125.0,136,True,-0.9955730686904076,-0.9955730686904076,-1.9911461373808153
270,2,1712.0,204.0,137,True,-1.315708114419148,-1.315708114419148,-2.631416228838296
270,3,1712.0,125.0,136,True,-0.9997081144191483,-0.9997081144191483,-1.9994162288382966
271,0,1703.8333333333335,125.0,136,True,-0.997324382175521,-0.997324382175521,-1.994648764351042
271,1,1716.8333333333335,283.0,138,True,-1.633118894726601,-1.633118894726601,-3.266237789453202
271,2,1699.8333333333335,204.0,137,True,-1.3121568398521117,-1.3121568398521117,-2.6243136797042235
271,3,1754.8333333333335,283.0,138,True,-1.6442105467989883,-1.6442105467989883,-3.2884210935979765
272,0,1726.8333333333335,283.0,138,True,-1.636037750535124,-1.636037750535124,-3.272075501070248
272,1,1722.8333333333335,283.0,138,True,-1.6348702082117146,-1.6348702082117146,-3.269740416423429
272,2,1732.8333333333335,125.0,136,True,-1.005789064020238,-1.005789064020238,-2.011578128040476
272,3,1724.0,283.0,138,True,-1.635210741389376,-1.635210741389376,-3.270421482778752
273,0,1764.0,283.0,138,True,-1.6468861646234676,-1.6468861646234676,-3.293772329246935
273,1,1719.8333333333335,283.0,138,True,-1.6339945514691572,-1.6339945514691572,-3.2679891029383143
273,2,1738.8333333333335,283.0,138,True,-1.6395403775053514,-1.6395403775053514,-3.279080755010703
273,3,1724.0,283.0,138,True,-1.6352107413893753,-1.6352107413893753,-3.2704214827787506
274,0,1710.8333333333335,204.0,137,True,-1.315367581241487,-1.315367581241487,-2.630735162482974
274,1,1744.8333333333335,283.0,138,True,-1.6412916909904651,-1.6412916909904651,-3.2825833819809302
274,2,1700.0,125.0,136,True,-0.99620548744892,-0.99620548744892,-1.99241097489784
274,3,1718.8333333333335,283.0,138,True,-1.6337026658883056,-1.6337026658883056,-3.267405331776611
275,0,1706.0,125.0,136,True,-0.997956800934034,-0.997956800934034,-1.995913601868068
275,1,1707.8333333333335,204.0,137,True,-1.3144919244989302,-1.3144919244989302,-2.6289838489978603
275,2,1679.0,283.0,138,True,-1.622075890251022,-1.622075890251022,-3.244151780502044
275,3,1764.8333333333335,283.0,138,True,-1.6471294026075116,-1.6471294026075116,-3.2942588052150232
276,0,1712.0,283.0,138,True,-1.6317081144191476,-1.6317081144191476,-3.2634162288382953
276,1,1757.8333333333335,283.0,138,True,-1.645086203541545,-1.645086203541545,-3.29017240708309
276,2,1712.0,283.0,138,True,-1.631708114419148,-1.631708114419148,-3.263416228838296
276,3,1712.0,283.0,138,True,-1.6317081144191474,-1.6317081144191474,-3.263416228838295
277,0,1697.8333333333335,283.0,138,True,-1.6275730686904069,-1.6275730686904069,-3.2551461373808137
277,1,1721.8333333333335,283.0,138,True,-1.6345783226308628,-1.6345783226308628,-3.2691566452617256
277,2,1760.8333333333335,283.0,138,True,-1.645961860284102,-1.645961860284102,-3.291923720568204
277,3,1729.8333333333335,283.0,138,True,-1.6369134072776812,-1.6369134072776812,-3.2738268145553624
278,0,1756.8333333333335,283.0,138,True,-1.644794317960693,-1.644794317960693,-3.289588635921386
278,1,1731.0,283.0,138,True,-1.6372539404553428,-1.6372539404553428,-3.2745078809106856
278,2,1741.8333333333335,283.0,138,True,-1.6404160342479082,-1.6404160342479082,-3.2808320684958163
278,3,1682.8333333333335,283.0,138,True,-1.6231947849776218,-1.6231947849776218,-3.2463895699552436
279,0,1763.8333333333335,283.0,138,True,-1.6468375170266587,-1.6468375170266587,-3.2936750340533174
279,1,1679.0,283.0,138,True,-1.6220758902510217,-1.6220758902510217,-3.2441517805020434
279,2,1721.8333333333335,283.0,138,True,-1.6345783226308617,-1.6345783226308617,-3.2691566452617233
279,3,1707.8333333333335,283.0,138,True,-1.63049192449893,-1.63049192449893,-3.26098384899786
280,0,1724.8333333333335,283.0,138,True,-1.635453979373419,-1.635453979373419,-3.270907958746838
280,1,1734.8333333333335,283.0,138,True,-1.6383728351819422,-1.6383728351819422,-3.2767456703638844
280,2,1712.8333333333335,283.0,138,True,-1.6319513524031914,-1.6319513524031914,-3.263902704806383
280,3,1695.8333333333335,283.0,138,True,-1.6269892975287021,-1.6269892975287021,-3.2539785950574043
281,0,1725.0,283.0,138,True,-1.6355026269702284,-1.6355026269702284,-3.271005253940457
281,1,1681.8333333333335,283.0,138,True,-1.6229028993967702,-1.6229028993967702,-3.2458057987935405
281,2,1725.0,283.0,138,True,-1.6355026269702282,-1.6355026269702282,-3.2710052539404564
281,3,1730.8333333333335,283.0,138,True,-1.6372052928585334,-1.6372052928585334,-3.274410585717067
282,0,1734.8333333333335,283.0,138,True,-1.638372835181942,-1.638372835181942,-3.276745670363884
282,1,1708.8333333333335,283.0,138,True,-1.6307838100797827,-1.6307838100797827,-3.2615676201595654
282,2,1700.8333333333335,204.0,137,True,-1.3124487254329638,-1.3124487254329638,-2.6248974508659275
282,3,1704.8333333333335,283.0,138,True,-1.6296162677563732,-1.6296162677563732,-3.2592325355127465
283,0,1713.8333333333335,283.0,138,True,-1.6322432379840437,-1.6322432379840437,-3.2644864759680874
283,1,1709.8333333333335,283.0,138,True,-1.631075695660635,-1.631075695660635,-3.26215139132127
283,2,1712.8333333333335,283.0,138,True,-1.6319513524031917,-1.6319513524031917,-3.2639027048063833
283,3,1696.8333333333335,283.0,138,True,-1.6272811831095544,-1.6272811831095544,-3.2545623662191088
284,0,1742.8333333333335,283.0,138,True,-1.6407079198287609,-1.6407079198287609,-3.2814158396575217
284,1,1724.0,283.0,138,True,-1.6352107413893757,-1.6352107413893757,-3.2704214827787514
284,2,1708.8333333333335,283.0,138,True,-1.630783810079783,-1.630783810079783,-3.261567620159566
284,3,1709.8333333333335,283.0,138,True,-1.6310756956606354,-1.6310756956606354,-3.2621513913212707
285,0,1712.8333333333335,283.0,138,True,-1.631951352403192,-1.631951352403192,-3.263902704806384
285,1,1701.8333333333335,283.0,138,True,-1.6287406110138165,-1.6287406110138165,-3.257481222027633
285,2,1712.0,283.0,138,True,-1.631708114419148,-1.631708114419148,-3.263416228838296
285,3,1705.8333333333335,283.0,138,True,-1.6299081533372257,-1.6299081533372257,-3.2598163066744514
286,0,1721.8333333333335,283.0,138,True,-1.6345783226308626,-1.6345783226308626,-3.269156645261725
286,1,1716.8333333333335,283.0,138,True,-1.6331188947266007,-1.6331188947266007,-3.2662377894532013
286,2,1714.8333333333335,283.0,138,True,-1.632535123564896,-1.632535123564896,-3.265070247129792
286,3,1680.8333333333335,283.0,138,True,-1.6226110138159182,-1.6226110138159182,-3.2452220276318364
287,0,1712.8333333333335,283.0,138,True,-1.6319513524031917,-1.6319513524031917,-3.2639027048063833
287,1,1680.8333333333335,283.0,138,True,-1.6226110138159173,-1.6226110138159173,-3.2452220276318346
287,2,1731.8333333333335,283.0,138,True,-1.637497178439385,-1.637497178439385,-3.27499435687877
287,3,1724.0,283.0,138,True,-1.6352107413893748,-1.6352107413893748,-3.2704214827787497
288,0,1681.8333333333335,283.0,138,True,-1.6229028993967702,-1.6229028993967702,-3.2458057987935405
288,1,1727.8333333333335,283.0,138,True,-1.636329636115977,-1.636329636115977,-3.272659272231954
288,2,1725.0,283.0,138,True,-1.6355026269702277,-1.6355026269702277,-3.2710052539404555
288,3,1727.0,283.0,138,True,-1.636086398131933,-1.636086398131933,-3.272172796263866
289,0,1725.0,283.0,138,True,-1.6355026269702273,-1.6355026269702273,-3.2710052539404546
289,1,1712.8333333333335,283.0,138,True,-1.6319513524031917,-1.6319513524031917,-3.2639027048063833
289,2,1731.8333333333335,283.0,138,True,-1.637497178439385,-1.637497178439385,-3.27499435687877
289,3,1715.0,283.0,138,True,-1.6325837711617046,-1.6325837711617046,-3.2651675423234092
290,0,1711.8333333333335,283.0,138,True,-1.6316594668223385,-1.6316594668223385,-3.263318933644677
290,1,1679.0,283.0,138,True,-1.6220758902510217,-1.6220758902510217,-3.2441517805020434
290,2,1719.8333333333335,283.0,138,True,-1.633994551469157,-1.633994551469157,-3.267989102938314
290,3,1721.8333333333335,283.0,138,True,-1.6345783226308626,-1.6345783226308626,-3.269156645261725
291,0,1717.8333333333335,283.0,138,True,-1.6334107803074531,-1.6334107803074531,-3.2668215606149063
291,1,1764.0,283.0,138,True,-1.646886164623468,-1.646886164623468,-3.293772329246936
291,2,1719.8333333333335,283.0,138,True,-1.6339945514691574,-1.6339945514691574,-3.267989102938315
291,3,1707.8333333333335,283.0,138,True,-1.6304919244989298,-1.6304919244989298,-3.2609838489978595
292,0,1716.8333333333335,283.0,138,True,-1.6331188947266007,-1.6331188947266007,-3.2662377894532013
292,1,1704.8333333333335,283.0,138,True,-1.6296162677563732,-1.6296162677563732,-3.2592325355127465
292,2,1679.0,283.0,138,True,-1.6220758902510222,-1.6220758902510222,-3.2441517805020443
292,3,1720.8333333333335,283.0,138,True,-1.6342864370500099,-1.6342864370500099,-3.2685728741000197
293,0,1695.0,283.0,138,True,-1.6267460595446586,-1.6267460595446586,-3.253492119089317
293,1,1762.8333333333335,283.0,138,True,-1.646545631445807,-1.646545631445807,-3.293091262891614
293,2,1706.0,283.0,138,True,-1.629956800934034,-1.629956800934034,-3.259913601868068
293,3,1735.0,283.0,138,True,-1.6384214827787509,-1.6384214827787509,-3.2768429655575018
294,0,1706.0,276.0,138,True,-1.6019568009340344,-1.6019568009340344,-3.2039136018680687
294,1,1737.8333333333335,283.0,138,True,-1.639248491924499,-1.639248491924499,-3.278496983848998
294,2,1701.0,283.0,138,True,-1.6284973730297727,-1.6284973730297727,-3.2569947460595454
294,3,1719.8333333333335,283.0,138,True,-1.6339945514691583,-1.6339945514691583,-3.2679891029383166
295,0,1712.0,283.0,138,True,-1.631708114419148,-1.631708114419148,-3.263416228838296
295,1,1799.8333333333335,427.0,140,True,-2.233345397937342,-2.233345397937342,-4.466690795874684
295,2,1718.0,283.0,138,True,-1.6334594279042618,-1.6334594279042618,-3.2669188558085236
295,3,1718.0,283.0,138,True,-1.6334594279042622,-1.6334594279042622,-3.2669188558085245
296,0,1735.0,283.0,138,True,-1.6384214827787513,-1.6384214827787513,-3.2768429655575027
296,1,1759.8333333333335,283.0,138,True,-1.6456699747032504,-1.6456699747032504,-3.2913399494065008
296,2,1783.8333333333335,578.0,142,True,-2.8326752286437045,-2.8326752286437045,-5.665350457287409
296,3,1695.0,283.0,138,True,-1.626746059544659,-1.626746059544659,-3.253492119089318
297,0,1749.0,283.0,138,True,-1.642507880910683,-1.642507880910683,-3.285015761821366
297,1,2067.0,363.0,139,True,-2.0553274956217162,-2.0553274956217162,-4.1106549912434325
297,2,1719.8333333333335,204.0,137,True,-1.3179945514691573,-1.3179945514691573,-2.6359891029383147
297,3,1783.8333333333335,427.0,140,True,-2.228675228643705,-2.228675228643705,-4.45735045728741
298,0,1816.8333333333335,514.0,141,True,-2.5863074528118313,-2.5863074528118313,-5.1726149056236626
298,1,1712.8333333333335,283.0,138,True,-1.631951352403191,-1.631951352403191,-3.263902704806382
298,2,1777.8333333333335,427.0,140,True,-2.2269239151585913,-2.2269239151585913,-4.453847830317183
298,3,1732.8333333333335,204.0,137,True,-1.3217890640202372,-1.3217890640202372,-2.6435781280404744
299,0,1831.0,427.0,140,True,-2.2424424985405724,-2.2424424985405724,-4.484884997081145
299,1,1672.0,283.0,138,True,-1.620032691185056,-1.620032691185056,-3.240065382370112
299,2,1718.0,283.0,138,True,-1.6334594279042618,-1.6334594279042618,-3.2669188558085236
299,3,1810.8333333333335,427.0,140,True,-2.2365561393267175,-2.2365561393267175,-4.473112278653435
300,0,1709.8333333333335,283.0,138,True,-1.6310756956606338,-1.6310756956606338,-3.2621513913212676
300,1,1718.0,204.0,137,True,-1.3174594279042617,-1.3174594279042617,-2.6349188558085235
300,2,1741.0,283.0,138,True,-1.640172796263865,-1.640172796263865,-3.28034559252773
300,3,1742.8333333333335,283.0,138,True,-1.6407079198287609,-1.6407079198287609,-3.2814158396575217
301,0,1723.8333333333335,283.0,138,True,-1.6351620937925673,-1.6351620937925673,-3.2703241875851345
301,1,1765.8333333333335,283.0,138,True,-1.6474212881883636,-1.6474212881883636,-3.2948425763767273
301,2,1729.8333333333335,283.0,138,True,-1.6369134072776805,-1.6369134072776805,-3.273826814555361
301,3,1712.0,125.0,136,True,-0.9997081144191483,-0.9997081144191483,-1.9994162288382966
302,0,1753.8333333333335,283.0,138,True,-1.643918661218136,-1.643918661218136,-3.287837322436272
302,1,1715.8333333333335,283.0,138,True,-1.6328270091457484,-1.6328270091457484,-3.265654018291497
302,2,1729.0,283.0,138,True,-1.6366701692936372,-1.6366701692936372,-3.2733403385872744
302,3,1714.8333333333335,125.0,136,True,-1.0005351235648958,-1.0005351235648958,-2.0010702471297916
303,0,1721.8333333333335,283.0,138,True,-1.6345783226308621,-1.6345783226308621,-3.2691566452617242
303,1,1701.0,283.0,138,True,-1.6284973730297727,-1.6284973730297727,-3.2569947460595454
303,2,1720.8333333333335,283.0,138,True,-1.6342864370500094,-1.6342864370500094,-3.268572874100019
303,3,1717.8333333333335,283.0,138,True,-1.6334107803074527,-1.6334107803074527,-3.2668215606149054
304,0,1751.8333333333335,283.0,138,True,-1.6433348900564315,-1.6433348900564315,-3.286669780112863
304,1,1697.8333333333335,283.0,138,True,-1.6275730686904073,-1.6275730686904073,-3.2551461373808146
304,2,1665.0,125.0,136,True,-0.9859894921190896,-0.9859894921190896,-1.9719789842381792
304,3,1730.8333333333335,283.0,138,True,-1.6372052928585334,-1.6372052928585334,-3.274410585717067
305,0,1762.8333333333335,276.0,138,True,-1.618545631445807,-1.618545631445807,-3.237091262891614
305,1,1741.0,204.0,137,True,-1.324172796263864,-1.324172796263864,-2.648345592527728
305,2,1744.8333333333335,283.0,138,True,-1.6412916909904653,-1.6412916909904653,-3.2825833819809307
305,3,1705.8333333333335,283.0,138,True,-1.629908153337225,-1.629908153337225,-3.25981630667445
306,0,1720.8333333333335,283.0,138,True,-1.6342864370500099,-1.6342864370500099,-3.2685728741000197
306,1,1736.0,283.0,138,True,-1.6387133683596036,-1.6387133683596036,-3.277426736719207
306,2,1747.0,283.0,138,True,-1.6419241097489794,-1.6419241097489794,-3.283848219497959
306,3,1706.0,283.0,138,True,-1.6299568009340342,-1.6299568009340342,-3.2599136018680683
307,0,1739.8333333333335,283.0,138,True,-1.6398322630862043,-1.6398322630862043,-3.2796645261724087
307,1,1702.8333333333335,204.0,137,True,-1.313032496594669,-1.313032496594669,-2.626064993189338
307,2,1718.0,204.0,137,True,-1.3174594279042615,-1.3174594279042615,-2.634918855808523
307,3,1712.0,283.0,138,True,-1.6317081144191474,-1.6317081144191474,-3.263416228838295
308,0,1706.0,125.0,136,True,-0.9979568009340344,-0.9979568009340344,-1.9959136018680688
308,1,1706.0,283.0,138,True,-1.629956800934034,-1.629956800934034,-3.259913601868068
308,2,1741.0,283.0,138,True,-1.6401727962638646,-1.6401727962638646,-3.280345592527729
308,3,1708.8333333333335,283.0,138,True,-1.6307838100797822,-1.6307838100797822,-3.2615676201595645
309,0,1756.8333333333335,283.0,138,True,-1.6447943179606925,-1.6447943179606925,-3.289588635921385
309,1,1770.8333333333335,283.0,138,True,-1.6488807160926249,-1.6488807160926249,-3.2977614321852498
309,2,1714.8333333333335,283.0,138,True,-1.6325351235648966,-1.6325351235648966,-3.265070247129793
309,3,1729.0,283.0,138,True,-1.6366701692936367,-1.6366701692936367,-3.2733403385872735
310,0,1718.0,283.0,138,True,-1.633459427904262,-1.633459427904262,-3.266918855808524
310,1,1710.8333333333335,283.0,138,True,-1.6313675812414876,-1.6313675812414876,-3.2627351624829752
310,2,1731.0,291.0,137,True,-1.6692539404553417,-1.6692539404553417,-3.3385078809106834
310,3,1724.0,283.0,138,True,-1.6352107413893757,-1.6352107413893757,-3.2704214827787514
311,0,1735.0,283.0,138,True,-1.638421482778751,-1.638421482778751,-3.276842965557502
311,1,1706.0,204.0,137,True,-1.3139568009340343,-1.3139568009340343,-2.6279136018680687
311,2,1700.0,125.0,136,True,-0.9962054874489203,-0.9962054874489203,-1.9924109748978407
311,3,1728.8333333333335,283.0,138,True,-1.6366215216968285,-1.6366215216968285,-3.273243043393657
312,0,1695.8333333333335,283.0,138,True,-1.6269892975287026,-1.6269892975287026,-3.253978595057405
312,1,1699.8333333333335,204.0,137,True,-1.3121568398521122,-1.3121568398521122,-2.6243136797042244
312,2,1723.0,283.0,138,True,-1.6349188558085228,-1.6349188558085228,-3.2698377116170456
312,3,1735.0,283.0,138,True,-1.6384214827787504,-1.6384214827787504,-3.276842965557501
313,0,1718.0,283.0,138,True,-1.6334594279042616,-1.6334594279042616,-3.266918855808523
313,1,1725.8333333333335,125.0,136,True,-1.0037458649542714,-1.0037458649542714,-2.007491729908543
313,2,1689.0,283.0,138,True,-1.624994746059545,-1.624994746059545,-3.24998949211909
313,3,1701.0,283.0,138,True,-1.6284973730297725,-1.6284973730297725,-3.256994746059545
314,0,1797.8333333333335,578.0,142,True,-2.836761626775638,-2.836761626775638,-5.673523253551276
314,1,1765.8333333333335,355.0,139,True,-1.935421288188363,-1.935421288188363,-3.870842576376726
314,2,1736.0,283.0,138,True,-1.6387133683596027,-1.6387133683596027,-3.2774267367192054
314,3,1770.0,283.0,138,True,-1.6486374781085815,-1.6486374781085815,-3.297274956217163
315,0,1712.0,283.0,138,True,-1.6317081144191479,-1.6317081144191479,-3.2634162288382957
315,1,1734.8333333333335,283.0,138,True,-1.638372835181942,-1.638372835181942,-3.276745670363884
315,2,1735.0,283.0,138,True,-1.6384214827787502,-1.6384214827787502,-3.2768429655575004
315,3,1735.0,283.0,138,True,-1.6384214827787504,-1.6384214827787504,-3.276842965557501
316,0,1724.0,283.0,138,True,-1.6352107413893757,-1.6352107413893757,-3.2704214827787514
316,1,1731.8333333333335,283.0,138,True,-1.6374971784393852,-1.6374971784393852,-3.2749943568787705
316,2,1719.8333333333335,204.0,137,True,-1.317994551469158,-1.317994551469158,-2.635989102938316
316,3,1720.8333333333335,204.0,137,True,-1.3182864370500091,-1.3182864370500091,-2.6365728741000183
317,0,1727.8333333333335,283.0,138,True,-1.6363296361159758,-1.6363296361159758,-3.2726592722319516
317,1,1770.0,283.0,138,True,-1.6486374781085813,-1.6486374781085813,-3.2972749562171626
317,2,1718.0,283.0,138,True,-1.6334594279042616,-1.6334594279042616,-3.266918855808523
317,3,1718.8333333333335,283.0,138,True,-1.6337026658883056,-1.6337026658883056,-3.267405331776611
318,0,1729.8333333333335,204.0,137,True,-1.3209134072776803,-1.3209134072776803,-2.6418268145553605
318,1,1712.8333333333335,283.0,138,True,-1.6319513524031917,-1.6319513524031917,-3.2639027048063833
318,2,1803.8333333333335,427.0,140,True,-2.234512940260751,-2.234512940260751,-4.469025880521502
318,3,1717.8333333333335,283.0,138,True,-1.6334107803074527,-1.6334107803074527,-3.2668215606149054
319,0,1700.0,283.0,138,True,-1.6282054874489205,-1.6282054874489205,-3.256410974897841
319,1,1729.0,283.0,138,True,-1.6366701692936367,-1.6366701692936367,-3.2733403385872735
319,2,1738.8333333333335,283.0,138,True,-1.6395403775053516,-1.6395403775053516,-3.2790807550107033
319,3,1694.0,125.0,136,True,-0.994454173963806,-0.994454173963806,-1.988908347927612
320,0,1696.8333333333335,283.0,138,True,-1.6272811831095546,-1.6272811831095546,-3.254562366219109
320,1,1741.0,283.0,138,True,-1.6401727962638646,-1.6401727962638646,-3.280345592527729
320,2,1716.8333333333335,283.0,138,True,-1.6331188947266002,-1.6331188947266002,-3.2662377894532004
320,3,1713.0,125.0,136,True,-1.0000000000000002,-1.0000000000000002,-2.0000000000000004
321,0,1709.8333333333335,283.0,138,True,-1.6310756956606345,-1.6310756956606345,-3.262151391321269
321,1,1744.8333333333335,370.0,139,True,-1.989291690990465,-1.989291690990465,-3.97858338198093
321,2,1706.0,125.0,136,True,-0.9979568009340338,-0.9979568009340338,-1.9959136018680677
321,3,1716.8333333333335,204.0,137,True,-1.3171188947266008,-1.3171188947266008,-2.6342377894532016
322,0,1762.8333333333335,283.0,138,True,-1.6465456314458067,-1.6465456314458067,-3.2930912628916134
322,1,1706.8333333333335,283.0,138,True,-1.630200038918078,-1.630200038918078,-3.260400077836156
322,2,1704.8333333333335,283.0,138,True,-1.6296162677563732,-1.6296162677563732,-3.2592325355127465
322,3,1711.0,283.0,138,True,-1.6314162288382956,-1.6314162288382956,-3.2628324576765912
323,0,1715.8333333333335,283.0,138,True,-1.6328270091457482,-1.6328270091457482,-3.2656540182914964
323,1,1679.8333333333335,283.0,138,True,-1.622319128235066,-1.622319128235066,-3.244638256470132
323,2,1713.0,283.0,138,True,-1.6320000000000003,-1.6320000000000003,-3.2640000000000007
323,3,1712.0,283.0,138,True,-1.6317081144191488,-1.6317081144191488,-3.2634162288382975
324,0,1724.0,283.0,138,True,-1.6352107413893755,-1.6352107413893755,-3.270421482778751
324,1,1718.8333333333335,283.0,138,True,-1.6337026658883051,-1.6337026658883051,-3.2674053317766103
324,2,1695.8333333333335,283.0,138,True,-1.6269892975287021,-1.6269892975287021,-3.2539785950574043
324,3,1701.0,283.0,138,True,-1.6284973730297725,-1.6284973730297725,-3.256994746059545
325,0,1706.8333333333335,283.0,138,True,-1.6302000389180777,-1.6302000389180777,-3.2604000778361555
325,1,1724.0,283.0,138,True,-1.6352107413893755,-1.6352107413893755,-3.270421482778751
325,2,1728.8333333333335,283.0,138,True,-1.6366215216968287,-1.6366215216968287,-3.2732430433936575
325,3,1738.8333333333335,283.0,138,True,-1.6395403775053512,-1.6395403775053512,-3.2790807550107024
326,0,1738.8333333333335,283.0,138,True,-1.6395403775053514,-1.6395403775053514,-3.279080755010703
326,1,1702.8333333333335,283.0,138,True,-1.6290324965946683,-1.6290324965946683,-3.2580649931893366
326,2,1720.8333333333335,283.0,138,True,-1.6342864370500096,-1.6342864370500096,-3.2685728741000193
326,3,1701.0,283.0,138,True,-1.6284973730297734,-1.6284973730297734,-3.2569947460595468
327,0,1717.8333333333335,283.0,138,True,-1.6334107803074531,-1.6334107803074531,-3.2668215606149063
327,1,1730.0,283.0,138,True,-1.6369620548744894,-1.6369620548744894,-3.273924109748979
327,2,1711.8333333333335,283.0,138,True,-1.6316594668223396,-1.6316594668223396,-3.2633189336446793
327,3,1709.8333333333335,283.0,138,True,-1.631075695660634,-1.631075695660634,-3.262151391321268
328,0,1701.0,283.0,138,True,-1.6284973730297723,-1.6284973730297723,-3.2569947460595445
328,1,1704.8333333333335,283.0,138,True,-1.6296162677563737,-1.6296162677563737,-3.2592325355127474
328,2,1705.0,283.0,138,True,-1.6296649153531821,-1.6296649153531821,-3.2593298307063643
328,3,1693.8333333333335,283.0,138,True,-1.6264055263669979,-1.6264055263669979,-3.2528110527339957
329,0,1700.0,283.0,138,True,-1.6282054874489205,-1.6282054874489205,-3.256410974897841
329,1,1731.0,283.0,138,True,-1.6372539404553421,-1.6372539404553421,-3.2745078809106842
329,2,1715.0,283.0,138,True,-1.6325837711617048,-1.6325837711617048,-3.2651675423234097
329,3,1700.0,283.0,138,True,-1.6282054874489202,-1.6282054874489202,-3.2564109748978405
330,0,1702.8333333333335,283.0,138,True,-1.629032496594668,-1.629032496594668,-3.258064993189336
330,1,1720.8333333333335,283.0,138,True,-1.6342864370500108,-1.6342864370500108,-3.2685728741000215
330,2,1714.0,283.0,138,True,-1.632291885580853,-1.632291885580853,-3.264583771161706
330,3,1707.8333333333335,283.0,138,True,-1.6304919244989307,-1.6304919244989307,-3.2609838489978613
331,0,1710.0,283.0,138,True,-1.6311243432574436,-1.6311243432574436,-3.262248686514887
331,1,1700.0,283.0,138,True,-1.628205487448921,-1.628205487448921,-3.256410974897842
331,2,1731.0,283.0,138,True,-1.6372539404553417,-1.6372539404553417,-3.2745078809106833
331,3,1764.8333333333335,283.0,138,True,-1.6471294026075118,-1.6471294026075118,-3.2942588052150237
332,0,1722.8333333333335,283.0,138,True,-1.6348702082117144,-1.6348702082117144,-3.2697404164234287
332,1,1725.0,283.0,138,True,-1.6355026269702286,-1.6355026269702286,-3.2710052539404573
332,2,1709.8333333333335,283.0,138,True,-1.6310756956606345,-1.6310756956606345,-3.262151391321269
332,3,1724.0,283.0,138,True,-1.6352107413893762,-1.6352107413893762,-3.2704214827787523
333,0,1790.8333333333335,204.0,137,True,-1.3387184277096715,-1.3387184277096715,-2.677436855419343
333,1,1710.8333333333335,283.0,138,True,-1.6313675812414867,-1.6313675812414867,-3.2627351624829735
333,2,1764.0,283.0,138,True,-1.6468861646234685,-1.6468861646234685,-3.293772329246937
333,3,1775.8333333333335,204.0,137,True,-1.3343401439968872,-1.3343401439968872,-2.6686802879937743
334,0,1747.0,283.0,138,True,-1.6419241097489787,-1.6419241097489787,-3.2838482194979575
334,1,1764.0,283.0,138,True,-1.6468861646234683,-1.6468861646234683,-3.2937723292469365
334,2,1712.0,283.0,138,True,-1.6317081144191476,-1.6317081144191476,-3.2634162288382953
334,3,1714.0,283.0,138,True,-1.6322918855808533,-1.6322918855808533,-3.2645837711617065
335,0,1700.0,283.0,138,True,-1.62820548744892,-1.62820548744892,-3.25641097489784
335,1,1718.0,283.0,138,True,-1.633459427904262,-1.633459427904262,-3.266918855808524
335,2,1718.0,283.0,138,True,-1.6334594279042625,-1.6334594279042625,-3.266918855808525
335,3,1770.0,283.0,138,True,-1.6486374781085815,-1.6486374781085815,-3.297274956217163
336,0,1693.8333333333335,125.0,136,True,-0.9944055263669982,-0.9944055263669982,-1.9888110527339964
336,1,1779.8333333333335,427.0,140,True,-2.2275076863202936,-2.2275076863202936,-4.455015372640587
336,2,1720.0,283.0,138,True,-1.6340431990659665,-1.6340431990659665,-3.268086398131933
336,3,1775.8333333333335,125.0,136,True,-1.0183401439968862,-1.0183401439968862,-2.0366802879937724
337,0,1742.0,283.0,138,True,-1.6404646818447166,-1.6404646818447166,-3.280929363689433
337,1,1718.8333333333335,283.0,138,True,-1.6337026658883043,-1.6337026658883043,-3.2674053317766085
337,2,1720.8333333333335,283.0,138,True,-1.6342864370500099,-1.6342864370500099,-3.2685728741000197
337,3,1961.0,1125.0,149,True,-5.072387624051377,-5.072387624051377,-10.144775248102754
338,0,1731.8333333333335,204.0,137,True,-1.3214971784393856,-1.3214971784393856,-2.6429943568787713
338,1,1703.8333333333335,283.0,138,True,-1.629324382175521,-1.629324382175521,-3.258648764351042
338,2,1694.0,283.0,138,True,-1.626454173963806,-1.626454173963806,-3.252908347927612
338,3,1723.8333333333335,283.0,138,True,-1.635162093792567,-1.635162093792567,-3.270324187585134
339,0,1741.0,283.0,138,True,-1.6401727962638655,-1.6401727962638655,-3.280345592527731
339,1,1705.8333333333335,283.0,138,True,-1.6299081533372257,-1.6299081533372257,-3.2598163066744514
339,2,1780.0,370.0,139,True,-1.9995563339171045,-1.9995563339171045,-3.999112667834209
339,3,1708.8333333333335,283.0,138,True,-1.6307838100797822,-1.6307838100797822,-3.2615676201595645
340,0,1779.8333333333335,434.0,139,True,-2.2555076863202945,-2.2555076863202945,-4.511015372640589
340,1,1699.0,283.0,138,True,-1.627913601868068,-1.627913601868068,-3.255827203736136
340,2,1709.8333333333335,283.0,138,True,-1.631075695660635,-1.631075695660635,-3.26215139132127
340,3,1693.0,283.0,138,True,-1.6261622883829536,-1.6261622883829536,-3.2523245767659072
341,0,1696.0,283.0,138,True,-1.6270379451255108,-1.6270379451255108,-3.2540758902510216
341,1,1716.8333333333335,283.0,138,True,-1.6331188947266,-1.6331188947266,-3.2662377894532
341,2,1718.0,283.0,138,True,-1.6334594279042616,-1.6334594279042616,-3.266918855808523
341,3,1690.0,283.0,138,True,-1.6252866316403967,-1.6252866316403967,-3.2505732632807933
342,0,1707.8333333333335,283.0,138,True,-1.63049192449893,-1.63049192449893,-3.26098384899786
342,1,1729.8333333333335,283.0,138,True,-1.63691340727768,-1.63691340727768,-3.27382681455536
342,2,1720.8333333333335,283.0,138,True,-1.63428643705001,-1.63428643705001,-3.26857287410002
342,3,1718.0,283.0,138,True,-1.6334594279042618,-1.6334594279042618,-3.2669188558085236
343,0,1708.8333333333335,283.0,138,True,-1.630783810079782,-1.630783810079782,-3.261567620159564
343,1,1682.0,283.0,138,True,-1.6229515469935791,-1.6229515469935791,-3.2459030939871583
343,2,1701.8333333333335,283.0,138,True,-1.628740611013816,-1.628740611013816,-3.257481222027632
343,3,1705.8333333333335,283.0,138,True,-1.6299081533372253,-1.6299081533372253,-3.2598163066744505
344,0,1831.8333333333335,125.0,136,True,-1.0346857365246163,-1.0346857365246163,-2.0693714730492325
344,1,1733.8333333333335,283.0,138,True,-1.6380809496010895,-1.6380809496010895,-3.276161899202179
344,2,1720.8333333333335,283.0,138,True,-1.6342864370500099,-1.6342864370500099,-3.2685728741000197
344,3,1702.0,283.0,138,True,-1.6287892586106252,-1.6287892586106252,-3.2575785172212504
345,0,1767.8333333333335,283.0,138,True,-1.6480050593500681,-1.6480050593500681,-3.2960101187001363
345,1,1718.0,283.0,138,True,-1.6334594279042618,-1.6334594279042618,-3.2669188558085236
345,2,1754.0,283.0,138,True,-1.643967308814944,-1.643967308814944,-3.287934617629888
345,3,1830.0,283.0,138,True,-1.6661506129597197,-1.6661506129597197,-3.3323012259194393
346,0,1789.0,578.0,142,True,-2.8341833041447746,-2.8341833041447746,-5.668366608289549
346,1,1702.8333333333335,283.0,138,True,-1.6290324965946683,-1.6290324965946683,-3.2580649931893366
346,2,1767.8333333333335,427.0,140,True,-2.224005059350068,-2.224005059350068,-4.448010118700136
346,3,1819.0,125.0,136,True,-1.0309398715703442,-1.0309398715703442,-2.0618797431406883
347,0,1707.0,283.0,138,True,-1.6302486865148857,-1.6302486865148857,-3.2604973730297715
347,1,1678.8333333333335,283.0,138,True,-1.622027242654213,-1.622027242654213,-3.244054485308426
347,2,1789.8333333333335,283.0,138,True,-1.654426542128819,-1.654426542128819,-3.308853084257638
347,3,1735.0,283.0,138,True,-1.6384214827787504,-1.6384214827787504,-3.276842965557501
348,0,1740.8333333333335,283.0,138,True,-1.6401241486670566,-1.6401241486670566,-3.280248297334113
348,1,1733.0,283.0,138,True,-1.6378377116170457,-1.6378377116170457,-3.2756754232340914
348,2,1732.0,370.0,139,True,-1.9855458260361936,-1.9855458260361936,-3.971091652072387
348,3,1683.8333333333335,283.0,138,True,-1.6234866705584743,-1.6234866705584743,-3.2469733411169486
349,0,1786.0,427.0,140,True,-2.2293076474022184,-2.2293076474022184,-4.458615294804437
349,1,1789.0,427.0,140,True,-2.230183304144775,-2.230183304144775,-4.46036660828955
349,2,1789.0,427.0,140,True,-2.230183304144775,-2.230183304144775,-4.46036660828955
349,3,1821.8333333333335,578.0,142,True,-2.843766880716093,-2.843766880716093,-5.687533761432186
350,0,1919.0,427.0,140,True,-2.268128429655575,-2.268128429655575,-4.53625685931115
350,1,1943.0,427.0,140,True,-2.275133683596031,-2.275133683596031,-4.550267367192062
350,2,1869.0,427.0,140,True,-2.253534150612959,-2.253534150612959,-4.507068301225918
350,3,1753.8333333333335,427.0,140,True,-2.2199186612181356,-2.2199186612181356,-4.439837322436271
351,0,1776.0,276.0,138,True,-1.6223887915936954,-1.6223887915936954,-3.244777583187391
351,1,1708.0,125.0,136,True,-0.998540572095739,-0.998540572095739,-1.997081144191478
351,2,1743.8333333333335,276.0,138,True,-1.6129998054096122,-1.6129998054096122,-3.2259996108192244
351,3,2007.0,427.0,140,True,-2.2938143607705777,-2.2938143607705777,-4.587628721541155
352,0,1946.0,427.0,140,True,-2.2760093403385873,-2.2760093403385873,-4.5520186806771745
352,1,1805.0,427.0,140,True,-2.234853473438412,-2.234853473438412,-4.469706946876824
352,2,1956.0,427.0,140,True,-2.27892819614711,-2.27892819614711,-4.55785639229422
352,3,1931.0,427.0,140,True,-2.271631056625802,-2.271631056625802,-4.543262113251604
353,0,1925.0,427.0,140,True,-2.269879743140689,-2.269879743140689,-4.539759486281378
353,1,1793.0,427.0,140,True,-2.231350846468185,-2.231350846468185,-4.46270169293637
353,2,1808.0,427.0,140,True,-2.2357291301809696,-2.2357291301809696,-4.471458260361939
353,3,1759.8333333333335,427.0,140,True,-2.221669974703249,-2.221669974703249,-4.443339949406498
354,0,1790.0,355.0,139,True,-1.942475189725628,-1.942475189725628,-3.884950379451256
354,1,1803.8333333333335,427.0,140,True,-2.234512940260751,-2.234512940260751,-4.469025880521502
354,2,1861.0,427.0,140,True,-2.2511990659661407,-2.2511990659661407,-4.5023981319322814
354,3,1872.0,427.0,140,True,-2.2544098073555165,-2.2544098073555165,-4.508819614711033
355,0,1796.8333333333335,427.0,140,True,-2.232469741194785,-2.232469741194785,-4.46493948238957
355,1,1759.8333333333335,427.0,140,True,-2.22166997470325,-2.22166997470325,-4.4433399494065
355,2,1811.0,276.0,138,True,-1.6326047869235265,-1.6326047869235265,-3.265209573847053
355,3,1968.0,578.0,142,True,-2.886430823117337,-2.886430823117337,-5.772861646234674
356,0,1946.0,427.0,140,True,-2.2760093403385877,-2.2760093403385877,-4.552018680677175
356,1,1915.0,204.0,137,True,-1.3749608873321666,-1.3749608873321666,-2.749921774664333
356,2,1936.0,427.0,140,True,-2.2730904845300643,-2.2730904845300643,-4.546180969060129
356,3,1779.0,204.0,137,True,-1.335264448336253,-1.335264448336253,-2.670528896672506
357,0,1811.0,204.0,137,True,-1.3446047869235263,-1.3446047869235263,-2.6892095738470525
357,1,1840.0,427.0,140,True,-2.2450694687682433,-2.2450694687682433,-4.490138937536487
357,2,1719.8333333333335,125.0,136,True,-1.0019945514691575,-1.0019945514691575,-2.003989102938315
357,3,1930.0,427.0,140,True,-2.27133917104495,-2.27133917104495,-4.5426783420899
358,0,1928.0,427.0,140,True,-2.270755399883247,-2.270755399883247,-4.541510799766494
358,1,2063.0,355.0,139,True,-2.0221599532983077,-2.0221599532983077,-4.044319906596615
358,2,1776.0,204.0,137,True,-1.3343887915936952,-1.3343887915936952,-2.6687775831873903
358,3,1869.0,427.0,140,True,-2.2535341506129596,-2.2535341506129596,-4.507068301225919
359,0,1891.0,665.0,143,True,-3.21195563339171,-3.21195563339171,-6.42391126678342
359,1,1808.0,427.0,140,True,-2.2357291301809687,-2.2357291301809687,-4.4714582603619375
359,2,1869.0,427.0,140,True,-2.25353415061296,-2.25353415061296,-4.50706830122592
359,3,1811.8333333333335,427.0,140,True,-2.2368480249075695,-2.2368480249075695,-4.473696049815139
360,0,1808.0,427.0,140,True,-2.235729130180969,-2.235729130180969,-4.471458260361938
360,1,1722.8333333333335,427.0,140,True,-2.2108702082117144,-2.2108702082117144,-4.421740416423429
360,2,1800.8333333333335,427.0,140,True,-2.2336372835181946,-2.2336372835181946,-4.467274567036389
360,3,1748.0,355.0,139,True,-1.930215995329831,-1.930215995329831,-3.860431990659662
361,0,1752.0,427.0,140,True,-2.2193835376532403,-2.2193835376532403,-4.4387670753064805
361,1,1822.0,355.0,139,True,-1.9518155283129013,-1.9518155283129013,-3.9036310566258026
361,2,1798.0,276.0,138,True,-1.6288102743724464,-1.6288102743724464,-3.257620548744893
361,3,1752.0,427.0,140,True,-2.2193835376532407,-2.2193835376532407,-4.438767075306481
362,0,1731.8333333333335,283.0,138,True,-1.6374971784393855,-1.6374971784393855,-3.274994356878771
362,1,1805.0,578.0,142,True,-2.8388534734384114,-2.8388534734384114,-5.677706946876823
362,2,1704.0,283.0,138,True,-1.62937302977233,-1.62937302977233,-3.25874605954466
362,3,1761.8333333333335,283.0,138,True,-1.6462537458649549,-1.6462537458649549,-3.2925074917299098
363,0,1727.8333333333335,283.0,138,True,-1.6363296361159765,-1.6363296361159765,-3.272659272231953
363,1,1760.0,427.0,140,True,-2.221718622300059,-2.221718622300059,-4.443437244600118
363,2,1812.0,578.0,142,True,-2.8408966725043783,-2.8408966725043783,-5.6817933450087565
363,3,1801.8333333333335,427.0,140,True,-2.233929169099047,-2.233929169099047,-4.467858338198094
364,0,1806.0,427.0,140,True,-2.2351453590192643,-2.2351453590192643,-4.4702907180385285
364,1,1822.0,427.0,140,True,-2.2398155283129015,-2.2398155283129015,-4.479631056625803
364,2,1731.8333333333335,276.0,138,True,-1.609497178439385,-1.609497178439385,-3.21899435687877
364,3,1933.0,427.0,140,True,-2.2722148277875065,-2.2722148277875065,-4.544429655575013
365,0,1704.0,283.0,138,True,-1.6293730297723301,-1.6293730297723301,-3.2587460595446602
365,1,1770.8333333333335,427.0,140,True,-2.2248807160926254,-2.2248807160926254,-4.449761432185251
365,2,1782.8333333333335,427.0,140,True,-2.228383343062853,-2.228383343062853,-4.456766686125706
365,3,1734.0,283.0,138,True,-1.6381295971978989,-1.6381295971978989,-3.2762591943957977
366,0,1824.0,276.0,138,True,-1.6363992994746062,-1.6363992994746062,-3.2727985989492123
366,1,1748.0,427.0,140,True,-2.2182159953298313,-2.2182159953298313,-4.4364319906596625
366,2,1831.0,427.0,140,True,-2.2424424985405715,-2.2424424985405715,-4.484884997081143
366,3,1875.0,355.0,139,True,-1.9672854640980735,-1.9672854640980735,-3.934570928196147
367,0,1703.8333333333335,204.0,137,True,-1.313324382175521,-1.313324382175521,-2.626648764351042
367,1,1712.0,283.0,138,True,-1.6317081144191483,-1.6317081144191483,-3.2634162288382966
367,2,1717.8333333333335,283.0,138,True,-1.633410780307453,-1.633410780307453,-3.266821560614906
367,3,1700.0,283.0,138,True,-1.6282054874489207,-1.6282054874489207,-3.2564109748978414
368,0,1718.0,283.0,138,True,-1.633459427904262,-1.633459427904262,-3.266918855808524
368,1,1742.8333333333335,283.0,138,True,-1.6407079198287602,-1.6407079198287602,-3.2814158396575204
368,2,1697.8333333333335,283.0,138,True,-1.6275730686904062,-1.6275730686904062,-3.2551461373808124
368,3,1723.8333333333335,283.0,138,True,-1.6351620937925668,-1.6351620937925668,-3.2703241875851337
369,0,1741.0,283.0,138,True,-1.6401727962638646,-1.6401727962638646,-3.280345592527729
369,1,1717.8333333333335,283.0,138,True,-1.6334107803074527,-1.6334107803074527,-3.2668215606149054
369,2,1689.0,283.0,138,True,-1.6249947460595442,-1.6249947460595442,-3.2499894921190884
369,3,1710.0,283.0,138,True,-1.6311243432574434,-1.6311243432574434,-3.2622486865148868
370,0,1704.0,283.0,138,True,-1.6293730297723295,-1.6293730297723295,-3.258746059544659
370,1,1738.8333333333335,283.0,138,True,-1.639540377505351,-1.639540377505351,-3.279080755010702
370,2,1729.0,283.0,138,True,-1.6366701692936376,-1.6366701692936376,-3.2733403385872752
370,3,1760.0,434.0,140,True,-2.249718622300058,-2.249718622300058,-4.499437244600116
371,0,1748.8333333333335,283.0,138,True,-1.6424592333138748,-1.6424592333138748,-3.2849184666277496
371,1,1786.8333333333335,427.0,140,True,-2.229550885386262,-2.229550885386262,-4.459101770772524
371,2,1725.8333333333335,283.0,138,True,-1.6357458649542722,-1.6357458649542722,-3.2714917299085444
371,3,1703.8333333333335,283.0,138,True,-1.6293243821755208,-1.6293243821755208,-3.2586487643510416
372,0,1711.0,283.0,138,True,-1.6314162288382958,-1.6314162288382958,-3.2628324576765917
372,1,1734.0,434.0,140,True,-2.2421295971978985,-2.2421295971978985,-4.484259194395797
372,2,1756.8333333333335,427.0,140,True,-2.2207943179606935,-2.2207943179606935,-4.441588635921387
372,3,1715.0,283.0,138,True,-1.6325837711617046,-1.6325837711617046,-3.2651675423234092
373,0,1723.0,283.0,138,True,-1.6349188558085233,-1.6349188558085233,-3.2698377116170465
373,1,1726.0,283.0,138,True,-1.6357945125510798,-1.6357945125510798,-3.2715890251021595
373,2,1779.8333333333335,427.0,139,True,-2.2275076863202967,-2.2275076863202967,-4.455015372640593
373,3,1837.0,427.0,140,True,-2.2441938120256855,-2.2441938120256855,-4.488387624051371
374,0,1719.8333333333335,283.0,138,True,-1.6339945514691578,-1.6339945514691578,-3.2679891029383157
374,1,1706.0,283.0,138,True,-1.6299568009340342,-1.6299568009340342,-3.2599136018680683
374,2,1706.0,283.0,138,True,-1.6299568009340337,-1.6299568009340337,-3.2599136018680674
374,3,1699.8333333333335,283.0,138,True,-1.6281568398521116,-1.6281568398521116,-3.256313679704223
375,0,1700.0,283.0,138,True,-1.6282054874489205,-1.6282054874489205,-3.256410974897841
375,1,1734.0,283.0,138,True,-1.6381295971978986,-1.6381295971978986,-3.2762591943957973
375,2,1703.8333333333335,283.0,138,True,-1.6293243821755212,-1.6293243821755212,-3.2586487643510424
375,3,1743.8333333333335,283.0,138,True,-1.6409998054096124,-1.6409998054096124,-3.281999610819225
376,0,1712.0,283.0,138,True,-1.6317081144191476,-1.6317081144191476,-3.2634162288382953
376,1,1732.8333333333335,283.0,138,True,-1.6377890640202375,-1.6377890640202375,-3.275578128040475
376,2,1708.8333333333335,283.0,138,True,-1.6307838100797827,-1.6307838100797827,-3.2615676201595654
376,3,1720.0,283.0,138,True,-1.6340431990659667,-1.6340431990659667,-3.2680863981319335
377,0,1706.0,283.0,138,True,-1.6299568009340337,-1.6299568009340337,-3.2599136018680674
377,1,1698.8333333333335,283.0,138,True,-1.6278649542712589,-1.6278649542712589,-3.2557299085425178
377,2,1744.8333333333335,125.0,136,True,-1.0092916909904655,-1.0092916909904655,-2.018583381980931
377,3,1751.8333333333335,125.0,136,True,-1.0113348900564318,-1.0113348900564318,-2.0226697801128637
378,0,1700.0,283.0,138,True,-1.6282054874489207,-1.6282054874489207,-3.2564109748978414
378,1,1795.0,427.0,140,True,-2.2319346176298893,-2.2319346176298893,-4.463869235259779
378,2,1727.8333333333335,283.0,138,True,-1.6363296361159758,-1.6363296361159758,-3.2726592722319516
378,3,1694.0,204.0,137,True,-1.3104541739638063,-1.3104541739638063,-2.6209083479276125
379,0,1790.8333333333335,427.0,140,True,-2.2307184277096703,-2.2307184277096703,-4.461436855419341
379,1,1703.8333333333335,283.0,138,True,-1.6293243821755208,-1.6293243821755208,-3.2586487643510416
379,2,1710.8333333333335,204.0,137,True,-1.3153675812414867,-1.3153675812414867,-2.6307351624829733
379,3,1700.0,283.0,138,True,-1.628205487448921,-1.628205487448921,-3.256410974897842
380,0,1705.0,204.0,137,True,-1.3136649153531816,-1.3136649153531816,-2.6273298307063633
380,1,1726.0,283.0,138,True,-1.6357945125510809,-1.6357945125510809,-3.2715890251021618
380,2,1760.0,276.0,137,True,-1.617718622300059,-1.617718622300059,-3.235437244600118
380,3,1742.8333333333335,283.0,138,True,-1.6407079198287613,-1.6407079198287613,-3.2814158396575226
381,0,1729.0,283.0,138,True,-1.6366701692936374,-1.6366701692936374,-3.273340338587275
381,1,1746.8333333333335,283.0,138,True,-1.6418754621521698,-1.6418754621521698,-3.2837509243043397
381,2,1705.8333333333335,283.0,138,True,-1.6299081533372255,-1.6299081533372255,-3.259816306674451
381,3,1729.8333333333335,283.0,138,True,-1.6369134072776803,-1.6369134072776803,-3.2738268145553606
382,0,1700.0,283.0,138,True,-1.6282054874489205,-1.6282054874489205,-3.256410974897841
382,1,1723.0,283.0,138,True,-1.6349188558085233,-1.6349188558085233,-3.2698377116170465
382,2,1799.8333333333335,427.0,140,True,-2.2333453979373425,-2.2333453979373425,-4.466690795874685
382,3,1719.8333333333335,283.0,138,True,-1.6339945514691576,-1.6339945514691576,-3.2679891029383152
383,0,1927.0,276.0,138,True,-1.6664635143023938,-1.6664635143023938,-3.3329270286047876
383,1,1813.0,283.0,138,True,-1.6611885580852304,-1.6611885580852304,-3.3223771161704607
383,2,1855.0,427.0,140,True,-2.249447752481027,-2.249447752481027,-4.498895504962054
383,3,1889.0,427.0,140,True,-2.259371862230006,-2.259371862230006,-4.518743724460012
384,0,2018.0,578.0,142,True,-2.901025102159952,-2.901025102159952,-5.802050204319904
384,1,1927.0,427.0,140,True,-2.270463514302393,-2.270463514302393,-4.540927028604786
384,2,1894.0,427.0,140,True,-2.2608312901342678,-2.2608312901342678,-4.5216625802685355
384,3,1707.0,125.0,136,True,-0.9982486865148866,-0.9982486865148866,-1.9964973730297733
385,0,1734.0,434.0,140,True,-2.2421295971978985,-2.2421295971978985,-4.484259194395797
385,1,1738.8333333333335,125.0,136,True,-1.0075403775053513,-1.0075403775053513,-2.0150807550107026
385,2,1720.8333333333335,283.0,138,True,-1.6342864370500105,-1.6342864370500105,-3.268572874100021
385,3,1746.8333333333335,283.0,138,True,-1.64187546215217,-1.64187546215217,-3.28375092430434
386,0,1710.0,283.0,138,True,-1.6311243432574434,-1.6311243432574434,-3.2622486865148868
386,1,1809.0,125.0,136,True,-1.0280210157618217,-1.0280210157618217,-2.0560420315236434
386,2,1973.0,427.0,140,True,-2.283890251021599,-2.283890251021599,-4.567780502043198
386,3,1898.0,427.0,140,True,-2.2619988324576767,-2.2619988324576767,-4.5239976649153535
387,0,1847.0,427.0,140,True,-2.2471126678342084,-2.2471126678342084,-4.494225335668417
387,1,1962.0,276.0,138,True,-1.6766795096322238,-1.6766795096322238,-3.3533590192644476
387,2,1975.0,355.0,139,True,-1.996474022183305,-1.996474022183305,-3.99294804436661
387,3,1926.0,427.0,140,True,-2.270171628721541,-2.270171628721541,-4.540343257443082
388,0,1773.8333333333335,427.0,140,True,-2.225756372835183,-2.225756372835183,-4.451512745670366
388,1,1771.0,427.0,140,True,-2.224929363689434,-2.224929363689434,-4.449858727378868
388,2,1781.0,283.0,138,True,-1.6518482194979576,-1.6518482194979576,-3.303696438995915
388,3,1892.0,427.0,140,True,-2.260247518972563,-2.260247518972563,-4.520495037945126
389,0,1959.0,427.0,140,True,-2.279803852889667,-2.279803852889667,-4.559607705779334
389,1,1975.0,276.0,138,True,-1.680474022183305,-1.680474022183305,-3.36094804436661
389,2,2001.0,427.0,140,True,-2.2920630472854637,-2.2920630472854637,-4.5841260945709275
389,3,1769.0,427.0,140,True,-2.224345592527729,-2.224345592527729,-4.448691185055458
390,0,1866.0,276.0,138,True,-1.6486584938704032,-1.6486584938704032,-3.2973169877408064
390,1,2167.0,427.0,140,True,-2.3405160537069474,-2.3405160537069474,-4.681032107413895
390,2,1903.0,427.0,140,True,-2.263458260361937,-2.263458260361937,-4.526916520723874
390,3,1827.0,427.0,140,True,-2.241274956217163,-2.241274956217163,-4.482549912434326
391,0,1816.0,427.0,140,True,-2.2380642148277867,-2.2380642148277867,-4.4761284296555734
391,1,1840.0,276.0,138,True,-1.6410694687682434,-1.6410694687682434,-3.282138937536487
391,2,1975.0,427.0,140,True,-2.2844740221833035,-2.2844740221833035,-4.568948044366607
391,3,1895.0,427.0,140,True,-2.261123175715119,-2.261123175715119,-4.522246351430238
392,0,1710.0,125.0,136,True,-0.9991243432574434,-0.9991243432574434,-1.9982486865148867
392,1,1839.0,427.0,140,True,-2.2447775831873895,-2.2447775831873895,-4.489555166374779
392,2,1871.0,427.0,140,True,-2.254117921774663,-2.254117921774663,-4.508235843549326
392,3,1818.0,427.0,140,True,-2.2386479859894917,-2.2386479859894917,-4.477295971978983
393,0,1711.0,204.0,137,True,-1.3154162288382956,-1.3154162288382956,-2.630832457676591
393,1,1924.0,276.0,138,True,-1.6655878575598366,-1.6655878575598366,-3.3311757151196733
393,2,1905.0,427.0,140,True,-2.264042031523644,-2.264042031523644,-4.528084063047288
393,3,1986.0,427.0,140,True,-2.287684763572678,-2.287684763572678,-4.575369527145356
394,0,1837.0,276.0,138,True,-1.6401938120256863,-1.6401938120256863,-3.2803876240513725
394,1,2021.0,427.0,140,True,-2.2979007589025104,-2.2979007589025104,-4.595801517805021
394,2,1908.0,427.0,140,True,-2.2649176882661997,-2.2649176882661997,-4.529835376532399
394,3,1988.0,427.0,140,True,-2.288268534734384,-2.288268534734384,-4.576537069468768
395,0,2075.0,427.0,140,True,-2.3136625802685344,-2.3136625802685344,-4.627325160537069
395,1,1971.0,427.0,139,True,-2.2833064798598954,-2.2833064798598954,-4.566612959719791
395,2,1954.0,427.0,140,True,-2.2783444249854057,-2.2783444249854057,-4.556688849970811
395,3,1797.0,427.0,140,True,-2.2325183887915934,-2.2325183887915934,-4.465036777583187
396,0,1941.0,427.0,140,True,-2.2745499124343262,-2.2745499124343262,-4.5490998248686525
396,1,1952.0,427.0,140,True,-2.2777606538237016,-2.2777606538237016,-4.555521307647403
396,2,1847.0,578.0,142,True,-2.851112667834209,-2.851112667834209,-5.702225335668418
396,3,2142.0,427.0,140,True,-2.3332189141856388,-2.3332189141856388,-4.6664378283712775
397,0,1923.0,276.0,138,True,-1.665295971978984,-1.665295971978984,-3.330591943957968
397,1,1763.0,427.0,140,True,-2.2225942790426156,-2.2225942790426156,-4.445188558085231
397,2,1776.0,427.0,140,True,-2.2263887915936964,-2.2263887915936964,-4.452777583187393
397,3,1770.8333333333335,427.0,139,True,-2.2248807160926263,-2.2248807160926263,-4.4497614321852526
398,0,1745.8333333333335,125.0,136,True,-1.009583576571318,-1.009583576571318,-2.019167153142636
398,1,1779.0,427.0,140,True,-2.227264448336253,-2.227264448336253,-4.454528896672506
398,2,1882.0,427.0,140,True,-2.25732866316404,-2.25732866316404,-4.51465732632808
398,3,1888.0,427.0,140,True,-2.259079976649154,-2.259079976649154,-4.518159953298308
399,0,1763.0,355.0,139,True,-1.9345942790426158,-1.9345942790426158,-3.8691885580852317
399,1,1917.0,427.0,140,True,-2.26754465849387,-2.26754465849387,-4.53508931698774
399,2,1816.0,355.0,139,True,-1.9500642148277878,-1.9500642148277878,-3.9001284296555756
399,3,1868.0,427.0,140,True,-2.2532422650321084,-2.2532422650321084,-4.506484530064217
400,0,1719.8333333333335,125.0,136,True,-1.0019945514691573,-1.0019945514691573,-2.0039891029383146
400,1,1756.0,427.0,140,True,-2.2205510799766484,-2.2205510799766484,-4.441102159953297
400,2,1891.0,427.0,140,True,-2.25995563339171,-2.25995563339171,-4.51991126678342
400,3,1809.8333333333335,276.0,138,True,-1.6322642537458651,-1.6322642537458651,-3.2645285074917303
401,0,1842.0,578.0,142,True,-2.849653239929948,-2.849653239929948,-5.699306479859896
401,1,1778.8333333333335,427.0,140,True,-2.2272158007394434,-2.2272158007394434,-4.454431601478887
401,2,1763.8333333333335,276.0,138,True,-1.618837517026659,-1.618837517026659,-3.237675034053318
401,3,1677.8333333333335,283.0,138,True,-1.6217353570733604,-1.6217353570733604,-3.2434707141467207
402,0,1951.0,427.0,140,True,-2.277468768242849,-2.277468768242849,-4.554937536485698
402,1,1853.0,427.0,139,True,-2.2488639813193227,-2.2488639813193227,-4.4977279626386455
402,2,1903.0,276.0,138,True,-1.6594582603619383,-1.6594582603619383,-3.3189165207238767
402,3,1739.8333333333335,204.0,137,True,-1.3238322630862036,-1.3238322630862036,-2.647664526172407
403,0,1841.0,276.0,138,True,-1.6413613543490946,-1.6413613543490946,-3.282722708698189
403,1,2047.0,276.0,138,True,-1.7014897840046708,-1.7014897840046708,-3.4029795680093415
403,2,1704.0,204.0,137,True,-1.3133730297723296,-1.3133730297723296,-2.6267460595446592
403,3,1736.8333333333335,204.0,137,True,-1.322956606343647,-1.322956606343647,-2.645913212687294
404,0,1742.8333333333335,283.0,138,True,-1.6407079198287606,-1.6407079198287606,-3.2814158396575213
404,1,1726.0,283.0,138,True,-1.6357945125510807,-1.6357945125510807,-3.2715890251021613
404,2,1759.0,283.0,138,True,-1.6454267367192061,-1.6454267367192061,-3.2908534734384123
404,3,1811.0,427.0,140,True,-2.2366047869235257,-2.2366047869235257,-4.473209573847051
405,0,1779.8333333333335,125.0,136,True,-1.019507686320296,-1.019507686320296,-2.039015372640592
405,1,1773.8333333333335,427.0,140,True,-2.2257563728351824,-2.2257563728351824,-4.451512745670365
405,2,1813.0,427.0,140,True,-2.2371885580852298,-2.2371885580852298,-4.4743771161704595
405,3,1735.0,283.0,138,True,-1.6384214827787513,-1.6384214827787513,-3.2768429655575027
406,0,1803.8333333333335,125.0,136,True,-1.0265129402607516,-1.0265129402607516,-2.053025880521503
406,1,1860.8333333333335,125.0,136,True,-1.0431504183693334,-1.0431504183693334,-2.086300836738667
406,2,1771.8333333333335,125.0,136,True,-1.0171726016734777,-1.0171726016734777,-2.0343452033469553
406,3,1759.8333333333335,427.0,140,True,-2.221669974703249,-2.221669974703249,-4.443339949406498
407,0,1789.0,427.0,140,True,-2.230183304144775,-2.230183304144775,-4.46036660828955
407,1,1781.0,427.0,140,True,-2.227848219497957,-2.227848219497957,-4.455696438995914
407,2,1770.8333333333335,427.0,140,True,-2.2248807160926254,-2.2248807160926254,-4.449761432185251
407,3,1704.0,125.0,136,True,-0.9973730297723294,-0.9973730297723294,-1.994746059544659
408,0,1803.8333333333335,125.0,136,True,-1.0265129402607516,-1.0265129402607516,-2.053025880521503
408,1,1770.0,204.0,137,True,-1.3326374781085812,-1.3326374781085812,-2.6652749562171625
408,2,1903.0,427.0,140,True,-2.263458260361938,-2.263458260361938,-4.526916520723876
408,3,1919.0,427.0,140,True,-2.2681284296555746,-2.2681284296555746,-4.536256859311149
409,0,1719.8333333333335,204.0,137,True,-1.3179945514691578,-1.3179945514691578,-2.6359891029383156
409,1,1750.8333333333335,125.0,136,True,-1.0110430044755787,-1.0110430044755787,-2.0220860089511574
409,2,1746.8333333333335,204.0,137,True,-1.3258754621521707,-1.3258754621521707,-2.6517509243043413
409,3,1808.8333333333335,427.0,140,True,-2.2359723681650125,-2.2359723681650125,-4.471944736330025
410,0,1753.8333333333335,427.0,140,True,-2.219918661218136,-2.219918661218136,-4.439837322436272
410,1,1691.0,125.0,136,True,-0.9935785172212496,-0.9935785172212496,-1.9871570344424991
410,2,1735.8333333333335,125.0,136,True,-1.0066647207627948,-1.0066647207627948,-2.0133294415255896
410,3,1791.8333333333335,204.0,137,True,-1.3390103132905236,-1.3390103132905236,-2.678020626581047
411,0,1681.0,283.0,138,True,-1.6226596614127267,-1.6226596614127267,-3.2453193228254533
411,1,1736.8333333333335,125.0,136,True,-1.006956606343647,-1.006956606343647,-2.013913212687294
411,2,1729.8333333333335,204.0,137,True,-1.3209134072776807,-1.3209134072776807,-2.6418268145553614
411,3,1773.8333333333335,125.0,136,True,-1.017756372835182,-1.017756372835182,-2.035512745670364
412,0,1708.8333333333335,125.0,136,True,-0.9987838100797827,-0.9987838100797827,-1.9975676201595653
412,1,1679.0,204.0,137,True,-1.3060758902510223,-1.3060758902510223,-2.6121517805020447
412,2,1779.8333333333335,427.0,140,True,-2.227507686320296,-2.227507686320296,-4.455015372640592
412,3,1674.8333333333335,283.0,138,True,-1.6208597003308034,-1.6208597003308034,-3.241719400661607
413,0,1798.0,427.0,140,True,-2.2328102743724463,-2.2328102743724463,-4.465620548744893
413,1,1699.0,204.0,137,True,-1.3119136018680677,-1.3119136018680677,-2.6238272037361354
413,2,1699.0,283.0,138,True,-1.627913601868068,-1.627913601868068,-3.255827203736136
413,3,1770.8333333333335,427.0,140,True,-2.224880716092625,-2.224880716092625,-4.44976143218525
414,0,1788.8333333333335,212.0,137,True,-1.370134656547967,-1.370134656547967,-2.740269313095934
414,1,1700.0,283.0,138,True,-1.6282054874489202,-1.6282054874489202,-3.2564109748978405
414,2,1732.8333333333335,125.0,136,True,-1.005789064020238,-1.005789064020238,-2.011578128040476
414,3,1694.8333333333335,276.0,138,True,-1.5986974119478505,-1.5986974119478505,-3.197394823895701
415,0,1659.0,204.0,137,True,-1.3002381786339756,-1.3002381786339756,-2.6004763572679512
415,1,1788.0,125.0,136,True,-1.021891418563923,-1.021891418563923,-2.043782837127846
415,2,1677.8333333333335,125.0,136,True,-0.9897353570733606,-0.9897353570733606,-1.9794707141467212
415,3,1685.8333333333335,204.0,137,True,-1.3080704417201796,-1.3080704417201796,-2.616140883440359
416,0,1742.0,204.0,137,True,-1.3244646818447177,-1.3244646818447177,-2.6489293636894353
416,1,1693.0,283.0,138,True,-1.6261622883829545,-1.6261622883829545,-3.252324576765909
416,2,1697.8333333333335,283.0,138,True,-1.6275730686904069,-1.6275730686904069,-3.2551461373808137
416,3,1671.0,283.0,138,True,-1.6197408056042035,-1.6197408056042035,-3.239481611208407
417,0,1751.8333333333335,125.0,136,True,-1.011334890056431,-1.011334890056431,-2.022669780112862
417,1,1784.8333333333335,125.0,136,True,-1.020967114224557,-1.020967114224557,-2.041934228449114
417,2,1679.8333333333335,204.0,137,True,-1.3063191282350657,-1.3063191282350657,-2.6126382564701314
417,3,1759.8333333333335,125.0,136,True,-1.0136699747032492,-1.0136699747032492,-2.0273399494064983
418,0,1730.8333333333335,125.0,136,True,-1.0052052928585327,-1.0052052928585327,-2.0104105857170653
418,1,1796.8333333333335,125.0,136,True,-1.0244697411947856,-1.0244697411947856,-2.0489394823895712
418,2,1697.0,125.0,136,True,-0.9953298307063632,-0.9953298307063632,-1.9906596614127263
418,3,1700.0,283.0,138,True,-1.62820548744892,-1.62820548744892,-3.25641097489784
419,0,1685.0,204.0,137,True,-1.3078272037361363,-1.3078272037361363,-2.6156544074722725
419,1,1743.8333333333335,125.0,136,True,-1.0089998054096132,-1.0089998054096132,-2.0179996108192264
419,2,1739.0,125.0,136,True,-1.0075890251021598,-1.0075890251021598,-2.0151780502043195
419,3,1741.8333333333335,125.0,136,True,-1.0084160342479083,-1.0084160342479083,-2.0168320684958165
420,0,1703.8333333333335,283.0,138,True,-1.629324382175521,-1.629324382175521,-3.258648764351042
420,1,1700.0,283.0,138,True,-1.62820548744892,-1.62820548744892,-3.25641097489784
420,2,1699.8333333333335,204.0,137,True,-1.3121568398521113,-1.3121568398521113,-2.6243136797042226
420,3,1716.8333333333335,125.0,136,True,-1.0011188947266012,-1.0011188947266012,-2.0022377894532024
421,0,1855.0,427.0,140,True,-2.249447752481027,-2.249447752481027,-4.498895504962054
421,1,1724.0,283.0,138,True,-1.635210741389376,-1.635210741389376,-3.270421482778752
421,2,1758.0,204.0,137,True,-1.3291348511383545,-1.3291348511383545,-2.658269702276709
421,3,1665.0,204.0,137,True,-1.3019894921190895,-1.3019894921190895,-2.603978984238179
422,0,1712.0,283.0,138,True,-1.6317081144191479,-1.6317081144191479,-3.2634162288382957
422,1,1742.0,204.0,137,True,-1.3244646818447172,-1.3244646818447172,-2.6489293636894344
422,2,1700.0,283.0,138,True,-1.6282054874489207,-1.6282054874489207,-3.2564109748978414
422,3,1758.0,204.0,137,True,-1.3291348511383543,-1.3291348511383543,-2.6582697022767086
423,0,1765.8333333333335,125.0,136,True,-1.0154212881883637,-1.0154212881883637,-2.0308425763767275
423,1,1836.0,427.0,140,True,-2.243901926444833,-2.243901926444833,-4.487803852889666
423,2,1728.8333333333335,283.0,138,True,-1.6366215216968283,-1.6366215216968283,-3.2732430433936566
423,3,1741.8333333333335,427.0,140,True,-2.216416034247909,-2.216416034247909,-4.432832068495818
424,0,1816.8333333333335,427.0,140,True,-2.238307452811832,-2.238307452811832,-4.476614905623664
424,1,1735.8333333333335,276.0,138,True,-1.6106647207627947,-1.6106647207627947,-3.2213294415255893
424,2,1871.0,427.0,139,True,-2.254117921774664,-2.254117921774664,-4.508235843549328
424,3,1822.8333333333335,427.0,140,True,-2.240058766296945,-2.240058766296945,-4.48011753259389
425,0,1764.8333333333335,276.0,138,True,-1.6191294026075111,-1.6191294026075111,-3.2382588052150223
425,1,1786.8333333333335,427.0,140,True,-2.2295508853862627,-2.2295508853862627,-4.459101770772525
425,2,1704.8333333333335,283.0,138,True,-1.6296162677563746,-1.6296162677563746,-3.259232535512749
425,3,1698.8333333333335,283.0,138,True,-1.627864954271259,-1.627864954271259,-3.255729908542518
426,0,1723.0,283.0,138,True,-1.6349188558085228,-1.6349188558085228,-3.2698377116170456
426,1,1740.0,283.0,138,True,-1.6398809106830126,-1.6398809106830126,-3.279761821366025
426,2,1735.0,283.0,138,True,-1.6384214827787507,-1.6384214827787507,-3.2768429655575013
426,3,1714.8333333333335,283.0,138,True,-1.6325351235648955,-1.6325351235648955,-3.265070247129791
427,0,1700.0,283.0,138,True,-1.6282054874489205,-1.6282054874489205,-3.256410974897841
427,1,1723.0,204.0,137,True,-1.3189188558085227,-1.3189188558085227,-2.6378377116170455
427,2,1741.8333333333335,204.0,137,True,-1.3244160342479074,-1.3244160342479074,-2.648832068495815
427,3,1694.0,283.0,138,True,-1.6264541739638065,-1.6264541739638065,-3.252908347927613
428,0,1754.8333333333335,125.0,136,True,-1.0122105467989881,-1.0122105467989881,-2.0244210935979763
428,1,1688.0,283.0,138,True,-1.6247028604786922,-1.6247028604786922,-3.2494057209573843
428,2,1720.0,283.0,138,True,-1.634043199065966,-1.634043199065966,-3.268086398131932
428,3,1755.0,283.0,138,True,-1.6442591943957974,-1.6442591943957974,-3.2885183887915947
429,0,1714.0,283.0,138,True,-1.6322918855808524,-1.6322918855808524,-3.2645837711617047
429,1,1700.8333333333335,283.0,138,True,-1.6284487254329643,-1.6284487254329643,-3.2568974508659285
429,2,1725.8333333333335,125.0,136,True,-1.0037458649542716,-1.0037458649542716,-2.0074917299085433
429,3,1687.8333333333335,283.0,138,True,-1.6246542128818842,-1.6246542128818842,-3.2493084257637683
430,0,1755.0,283.0,138,True,-1.6442591943957974,-1.6442591943957974,-3.2885183887915947
430,1,1728.0,283.0,138,True,-1.6363782837127845,-1.6363782837127845,-3.272756567425569
430,2,1726.8333333333335,283.0,138,True,-1.636037750535124,-1.636037750535124,-3.272075501070248
430,3,1734.8333333333335,283.0,138,True,-1.6383728351819427,-1.6383728351819427,-3.2767456703638853
431,0,1693.0,283.0,138,True,-1.626162288382954,-1.626162288382954,-3.252324576765908
431,1,1723.8333333333335,283.0,138,True,-1.6351620937925666,-1.6351620937925666,-3.270324187585133
431,2,1670.8333333333335,283.0,138,True,-1.619692158007395,-1.619692158007395,-3.23938431601479
431,3,1708.8333333333335,283.0,138,True,-1.6307838100797825,-1.6307838100797825,-3.261567620159565
432,0,1720.0,283.0,138,True,-1.6340431990659667,-1.6340431990659667,-3.2680863981319335
432,1,1701.8333333333335,283.0,138,True,-1.6287406110138158,-1.6287406110138158,-3.2574812220276317
432,2,1693.0,283.0,138,True,-1.6261622883829543,-1.6261622883829543,-3.2523245767659086
432,3,1728.0,283.0,138,True,-1.6363782837127843,-1.6363782837127843,-3.2727565674255685
433,0,1723.0,283.0,138,True,-1.634918855808523,-1.634918855808523,-3.269837711617046
433,1,1708.0,283.0,138,True,-1.6305405720957387,-1.6305405720957387,-3.2610811441914773
433,2,1697.0,283.0,138,True,-1.6273298307063637,-1.6273298307063637,-3.2546596614127274
433,3,1700.0,283.0,138,True,-1.6282054874489202,-1.6282054874489202,-3.2564109748978405
434,0,1665.0,125.0,136,True,-0.98598949211909,-0.98598949211909,-1.97197898423818
434,1,1695.8333333333335,283.0,138,True,-1.6269892975287026,-1.6269892975287026,-3.253978595057405
434,2,1664.8333333333335,283.0,138,True,-1.6179408445222805,-1.6179408445222805,-3.235881689044561
434,3,1703.0,283.0,138,True,-1.629081144191478,-1.629081144191478,-3.258162288382956
435,0,1798.0,276.0,137,True,-1.628810274372446,-1.628810274372446,-3.257620548744892
435,1,1714.0,283.0,138,True,-1.632291885580853,-1.632291885580853,-3.264583771161706
435,2,1734.8333333333335,204.0,137,True,-1.3223728351819424,-1.3223728351819424,-2.6447456703638847
435,3,1723.8333333333335,125.0,136,True,-1.003162093792567,-1.003162093792567,-2.006324187585134
436,0,1730.8333333333335,283.0,138,True,-1.637205292858534,-1.637205292858534,-3.274410585717068
436,1,1723.0,283.0,138,True,-1.6349188558085228,-1.6349188558085228,-3.2698377116170456
436,2,1687.8333333333335,125.0,136,True,-0.9926542128818843,-0.9926542128818843,-1.9853084257637685
436,3,1712.8333333333335,283.0,138,True,-1.6319513524031914,-1.6319513524031914,-3.263902704806383
437,0,1708.0,283.0,138,True,-1.6305405720957389,-1.6305405720957389,-3.2610811441914778
437,1,1699.8333333333335,283.0,138,True,-1.6281568398521118,-1.6281568398521118,-3.2563136797042236
437,2,1692.8333333333335,204.0,137,True,-1.3101136407861456,-1.3101136407861456,-2.620227281572291
437,3,1682.0,125.0,136,True,-0.9909515469935792,-0.9909515469935792,-1.9819030939871585
438,0,1700.0,283.0,138,True,-1.6282054874489205,-1.6282054874489205,-3.256410974897841
438,1,1797.8333333333335,427.0,140,True,-2.2327616267756376,-2.2327616267756376,-4.465523253551275
438,2,1700.0,283.0,138,True,-1.6282054874489205,-1.6282054874489205,-3.256410974897841
438,3,1682.0,125.0,136,True,-0.9909515469935791,-0.9909515469935791,-1.9819030939871582
439,0,1746.8333333333335,427.0,140,True,-2.2178754621521706,-2.2178754621521706,-4.435750924304341
439,1,1746.8333333333335,427.0,140,True,-2.21787546215217,-2.21787546215217,-4.43575092430434
439,2,1694.8333333333335,204.0,137,True,-1.3106974119478503,-1.3106974119478503,-2.6213948238957006
439,3,1714.0,283.0,138,True,-1.6322918855808526,-1.6322918855808526,-3.264583771161705
440,0,1760.8333333333335,427.0,140,True,-2.221961860284102,-2.221961860284102,-4.443923720568204
440,1,1693.0,283.0,138,True,-1.6261622883829543,-1.6261622883829543,-3.2523245767659086
440,2,1665.0,283.0,138,True,-1.617989492119089,-1.617989492119089,-3.235978984238178
440,3,1708.0,283.0,138,True,-1.6305405720957389,-1.6305405720957389,-3.2610811441914778
441,0,1681.0,204.0,137,True,-1.3066596614127266,-1.3066596614127266,-2.613319322825453
441,1,1690.8333333333335,204.0,137,True,-1.3095298696244413,-1.3095298696244413,-2.6190597392488826
441,2,1734.8333333333335,427.0,140,True,-2.2143728351819427,-2.2143728351819427,-4.4287456703638854
441,3,1707.8333333333335,125.0,136,True,-0.9984919244989302,-0.9984919244989302,-1.9969838489978604
442,0,1691.8333333333335,283.0,138,True,-1.6258217552052938,-1.6258217552052938,-3.2516435104105876
442,1,1691.8333333333335,283.0,138,True,-1.6258217552052932,-1.6258217552052932,-3.2516435104105863
442,2,1729.0,283.0,138,True,-1.636670169293637,-1.636670169293637,-3.273340338587274
442,3,1808.0,427.0,140,True,-2.2357291301809696,-2.2357291301809696,-4.471458260361939
443,0,1659.0,204.0,137,True,-1.3002381786339756,-1.3002381786339756,-2.6004763572679512
443,1,1700.0,204.0,137,True,-1.31220548744892,-1.31220548744892,-2.62441097489784
443,2,1665.0,283.0,138,True,-1.6179894921190898,-1.6179894921190898,-3.2359789842381796
443,3,1671.0,283.0,138,True,-1.6197408056042042,-1.6197408056042042,-3.2394816112084084
444,0,1694.8333333333335,125.0,136,True,-0.9946974119478506,-0.9946974119478506,-1.989394823895701
444,1,1702.0,276.0,137,True,-1.6007892586106247,-1.6007892586106247,-3.2015785172212494
444,2,1685.8333333333335,204.0,137,True,-1.3080704417201794,-1.3080704417201794,-2.6161408834403588
444,3,1713.0,283.0,138,True,-1.6320000000000001,-1.6320000000000001,-3.2640000000000002
445,0,1795.0,427.0,140,True,-2.231934617629889,-2.231934617629889,-4.463869235259778
445,1,1673.8333333333335,125.0,136,True,-0.9885678147499511,-0.9885678147499511,-1.9771356294999023
445,2,1688.8333333333335,125.0,136,True,-0.9929460984627367,-0.9929460984627367,-1.9858921969254735
445,3,1745.8333333333335,125.0,136,True,-1.0095835765713177,-1.0095835765713177,-2.0191671531426354
446,0,1724.0,283.0,138,True,-1.6352107413893757,-1.6352107413893757,-3.2704214827787514
446,1,1694.0,283.0,138,True,-1.626454173963806,-1.626454173963806,-3.252908347927612
446,2,1746.8333333333335,427.0,140,True,-2.2178754621521697,-2.2178754621521697,-4.435750924304339
446,3,1684.0,125.0,136,True,-0.9915353181552841,-0.9915353181552841,-1.9830706363105681
447,0,1748.0,204.0,137,True,-1.326215995329831,-1.326215995329831,-2.652431990659662
447,1,1738.8333333333335,427.0,140,True,-2.215540377505352,-2.215540377505352,-4.431080755010704
447,2,1665.0,204.0,137,True,-1.3019894921190895,-1.3019894921190895,-2.603978984238179
447,3,1732.8333333333335,427.0,140,True,-2.213789064020238,-2.213789064020238,-4.427578128040476
448,0,1707.8333333333335,125.0,136,True,-0.9984919244989299,-0.9984919244989299,-1.9969838489978597
448,1,1659.0,125.0,136,True,-0.9842381786339757,-0.9842381786339757,-1.9684763572679513
448,2,1897.0,427.0,140,True,-2.2617069468768247,-2.2617069468768247,-4.523413893753649
448,3,1664.8333333333335,125.0,136,True,-0.9859408445222805,-0.9859408445222805,-1.971881689044561
449,0,1690.8333333333335,283.0,138,True,-1.6255298696244407,-1.6255298696244407,-3.2510597392488814
449,1,1811.0,427.0,140,True,-2.2366047869235266,-2.2366047869235266,-4.473209573847053
449,2,1721.8333333333335,125.0,136,True,-1.002578322630862,-1.002578322630862,-2.005156645261724
449,3,1699.8333333333335,125.0,136,True,-0.9961568398521117,-0.9961568398521117,-1.9923136797042234
450,0,1750.0,283.0,138,True,-1.6427997664915353,-1.6427997664915353,-3.2855995329830705
450,1,1697.8333333333335,125.0,136,True,-0.9955730686904076,-0.9955730686904076,-1.9911461373808153
450,2,1771.8333333333335,427.0,140,True,-2.225172601673478,-2.225172601673478,-4.450345203346956
450,3,1708.0,283.0,138,True,-1.6305405720957384,-1.6305405720957384,-3.261081144191477
451,0,1899.0,427.0,140,True,-2.262290718038528,-2.262290718038528,-4.524581436077056
451,1,1665.0,283.0,138,True,-1.6179894921190898,-1.6179894921190898,-3.2359789842381796
451,2,1846.0,427.0,139,True,-2.246820782253356,-2.246820782253356,-4.493641564506712
451,3,1882.0,578.0,142,True,-2.861328663164039,-2.861328663164039,-5.722657326328078
452,0,1684.0,283.0,138,True,-1.6235353181552832,-1.6235353181552832,-3.2470706363105664
452,1,1700.0,283.0,138,True,-1.62820548744892,-1.62820548744892,-3.25641097489784
452,2,1747.0,276.0,138,True,-1.613924109748979,-1.613924109748979,-3.227848219497958
452,3,1866.0,427.0,140,True,-2.2526584938704035,-2.2526584938704035,-4.505316987740807
453,0,1900.0,427.0,140,True,-2.2625826036193812,-2.2625826036193812,-4.5251652072387625
453,1,1914.0,276.0,138,True,-1.6626690017513144,-1.6626690017513144,-3.3253380035026288
453,2,1975.0,427.0,140,True,-2.2844740221833026,-2.2844740221833026,-4.568948044366605
453,3,1845.0,427.0,140,True,-2.2465288966725057,-2.2465288966725057,-4.493057793345011
454,0,1712.0,283.0,138,True,-1.6317081144191479,-1.6317081144191479,-3.2634162288382957
454,1,1895.0,427.0,140,True,-2.2611231757151202,-2.2611231757151202,-4.5222463514302405
454,2,1719.0,283.0,138,True,-1.633751313485114,-1.633751313485114,-3.267502626970228
454,3,1926.0,427.0,140,True,-2.2701716287215414,-2.2701716287215414,-4.540343257443083
455,0,1838.0,427.0,140,True,-2.244485697606539,-2.244485697606539,-4.488971395213078
455,1,1696.0,283.0,138,True,-1.6270379451255108,-1.6270379451255108,-3.2540758902510216
455,2,1696.8333333333335,283.0,138,True,-1.627281183109555,-1.627281183109555,-3.25456236621911
455,3,1742.8333333333335,427.0,140,True,-2.216707919828761,-2.216707919828761,-4.433415839657522
456,0,1725.8333333333335,283.0,138,True,-1.6357458649542713,-1.6357458649542713,-3.2714917299085426
456,1,1694.0,283.0,138,True,-1.6264541739638063,-1.6264541739638063,-3.2529083479276126
456,2,1729.0,283.0,138,True,-1.6366701692936367,-1.6366701692936367,-3.2733403385872735
456,3,1736.0,204.0,137,True,-1.3227133683596035,-1.3227133683596035,-2.645426736719207
457,0,1728.0,283.0,138,True,-1.6363782837127845,-1.6363782837127845,-3.272756567425569
457,1,1713.0,283.0,138,True,-1.632,-1.632,-3.264
457,2,1700.0,283.0,138,True,-1.6282054874489205,-1.6282054874489205,-3.256410974897841
457,3,1742.0,283.0,138,True,-1.640464681844717,-1.640464681844717,-3.280929363689434
458,0,1738.0,125.0,136,True,-1.007297139521308,-1.007297139521308,-2.014594279042616
458,1,1717.8333333333335,125.0,136,True,-1.0014107803074532,-1.0014107803074532,-2.0028215606149065
458,2,1699.0,283.0,138,True,-1.6279136018680678,-1.6279136018680678,-3.2558272037361355
458,3,1759.8333333333335,283.0,138,True,-1.6456699747032502,-1.6456699747032502,-3.2913399494065003
459,0,1736.0,283.0,138,True,-1.6387133683596027,-1.6387133683596027,-3.2774267367192054
459,1,1747.0,283.0,138,True,-1.6419241097489787,-1.6419241097489787,-3.2838482194979575
459,2,1749.0,283.0,138,True,-1.642507880910684,-1.642507880910684,-3.285015761821368
459,3,1694.0,283.0,138,True,-1.6264541739638063,-1.6264541739638063,-3.2529083479276126
460,0,1771.0,283.0,138,True,-1.648929363689434,-1.648929363689434,-3.297858727378868
460,1,1804.8333333333335,427.0,140,True,-2.234804825841604,-2.234804825841604,-4.469609651683208
460,2,1840.8333333333335,427.0,140,True,-2.2453127067522867,-2.2453127067522867,-4.490625413504573
460,3,1709.8333333333335,283.0,138,True,-1.6310756956606347,-1.6310756956606347,-3.2621513913212694
461,0,1773.8333333333335,427.0,140,True,-2.2257563728351824,-2.2257563728351824,-4.451512745670365
461,1,1702.8333333333335,204.0,137,True,-1.3130324965946685,-1.3130324965946685,-2.626064993189337
461,2,1706.0,283.0,138,True,-1.629956800934034,-1.629956800934034,-3.259913601868068
461,3,1694.0,283.0,138,True,-1.6264541739638068,-1.6264541739638068,-3.2529083479276135
462,0,1770.8333333333335,427.0,140,True,-2.2248807160926263,-2.2248807160926263,-4.4497614321852526
462,1,1706.0,283.0,138,True,-1.629956800934034,-1.629956800934034,-3.259913601868068
462,2,1763.8333333333335,283.0,138,True,-1.6468375170266591,-1.6468375170266591,-3.2936750340533183
462,3,1713.8333333333335,283.0,138,True,-1.632243237984044,-1.632243237984044,-3.264486475968088
463,0,1712.0,204.0,137,True,-1.3157081144191476,-1.3157081144191476,-2.631416228838295
463,1,1802.0,427.0,140,True,-2.2339778166958557,-2.2339778166958557,-4.467955633391711
463,2,1756.8333333333335,427.0,140,True,-2.220794317960693,-2.220794317960693,-4.441588635921386
463,3,1706.0,283.0,138,True,-1.6299568009340344,-1.6299568009340344,-3.2599136018680688
464,0,2166.8333333333335,363.0,139,True,-2.084467406110138,-2.084467406110138,-4.168934812220276
464,1,1753.0,427.0,140,True,-2.219675423234093,-2.219675423234093,-4.439350846468186
464,2,1834.0,427.0,140,True,-2.243318155283129,-2.243318155283129,-4.486636310566258
464,3,1764.8333333333335,427.0,140,True,-2.2231294026075115,-2.2231294026075115,-4.446258805215023
465,0,1851.0,427.0,140,True,-2.2482802101576187,-2.2482802101576187,-4.496560420315237
465,1,1760.0,427.0,140,True,-2.2217186223000582,-2.2217186223000582,-4.4434372446001165
465,2,1748.8333333333335,427.0,140,True,-2.218459233313875,-2.218459233313875,-4.43691846662775
465,3,1803.8333333333335,427.0,140,True,-2.234512940260751,-2.234512940260751,-4.469025880521502
466,0,1719.8333333333335,283.0,138,True,-1.6339945514691576,-1.6339945514691576,-3.2679891029383152
466,1,1885.0,427.0,140,True,-2.258204319906597,-2.258204319906597,-4.516408639813194
466,2,1805.0,427.0,140,True,-2.234853473438412,-2.234853473438412,-4.469706946876824
466,3,1808.0,427.0,140,True,-2.2357291301809687,-2.2357291301809687,-4.4714582603619375
467,0,1757.8333333333335,427.0,140,True,-2.2210862035415455,-2.2210862035415455,-4.442172407083091
467,1,1710.0,283.0,138,True,-1.6311243432574432,-1.6311243432574432,-3.2622486865148863
467,2,1766.0,427.0,140,True,-2.2234699357851717,-2.2234699357851717,-4.446939871570343
467,3,1821.0,427.0,140,True,-2.239523642732049,-2.239523642732049,-4.479047285464098
468,0,1775.8333333333335,427.0,140,True,-2.2263401439968873,-2.2263401439968873,-4.452680287993775
468,1,1771.8333333333335,427.0,140,True,-2.2251726016734774,-2.2251726016734774,-4.450345203346955
468,2,1780.8333333333335,427.0,140,True,-2.2277995719011487,-2.2277995719011487,-4.4555991438022975
468,3,1779.0,427.0,140,True,-2.2272644483362525,-2.2272644483362525,-4.454528896672505
469,0,1758.8333333333335,427.0,140,True,-2.221378089122398,-2.221378089122398,-4.442756178244796
469,1,1738.8333333333335,283.0,138,True,-1.6395403775053519,-1.6395403775053519,-3.2790807550107037
469,2,1795.8333333333335,427.0,140,True,-2.232177855613933,-2.232177855613933,-4.464355711227866
469,3,1762.8333333333335,427.0,140,True,-2.2225456314458065,-2.2225456314458065,-4.445091262891613
470,0,1782.8333333333335,427.0,140,True,-2.228383343062853,-2.228383343062853,-4.456766686125706
470,1,1826.0,434.0,140,True,-2.268983070636311,-2.268983070636311,-4.537966141272622
470,2,1837.0,427.0,140,True,-2.2441938120256864,-2.2441938120256864,-4.488387624051373
470,3,1781.0,427.0,140,True,-2.227848219497958,-2.227848219497958,-4.455696438995916
471,0,1788.8333333333335,283.0,138,True,-1.654134656547967,-1.654134656547967,-3.308269313095934
471,1,1760.8333333333335,427.0,140,True,-2.2219618602841025,-2.2219618602841025,-4.443923720568205
471,2,1717.8333333333335,283.0,138,True,-1.6334107803074531,-1.6334107803074531,-3.2668215606149063
471,3,1759.8333333333335,427.0,140,True,-2.2216699747032496,-2.2216699747032496,-4.443339949406499
472,0,1702.8333333333335,283.0,138,True,-1.629032496594669,-1.629032496594669,-3.258064993189338
472,1,1781.8333333333335,427.0,140,True,-2.2280914574820008,-2.2280914574820008,-4.4561829149640015
472,2,1813.8333333333335,427.0,140,True,-2.2374317960692753,-2.2374317960692753,-4.474863592138551
472,3,1800.8333333333335,427.0,140,True,-2.2336372835181946,-2.2336372835181946,-4.467274567036389
473,0,1876.8333333333335,427.0,140,True,-2.2558205876629693,-2.2558205876629693,-4.511641175325939
473,1,1767.8333333333335,427.0,140,True,-2.224005059350069,-2.224005059350069,-4.448010118700138
473,2,1778.0,427.0,140,True,-2.2269725627554005,-2.2269725627554005,-4.453945125510801
473,3,1764.8333333333335,427.0,140,True,-2.223129402607511,-2.223129402607511,-4.446258805215022
474,0,1810.0,427.0,140,True,-2.236312901342674,-2.236312901342674,-4.472625802685348
474,1,1789.8333333333335,283.0,138,True,-1.6544265421288193,-1.6544265421288193,-3.3088530842576387
474,2,1778.8333333333335,427.0,140,True,-2.227215800739444,-2.227215800739444,-4.454431601478888
474,3,1782.8333333333335,283.0,138,True,-1.6523833430628532,-1.6523833430628532,-3.3047666861257063
475,0,1788.8333333333335,427.0,140,True,-2.2301346565479663,-2.2301346565479663,-4.4602693130959326
475,1,1817.0,427.0,140,True,-2.23835610040864,-2.23835610040864,-4.47671220081728
475,2,1793.8333333333335,427.0,140,True,-2.2315940844522286,-2.2315940844522286,-4.463188168904457
475,3,1780.8333333333335,427.0,140,True,-2.2277995719011483,-2.2277995719011483,-4.455599143802297
476,0,1753.0,434.0,140,True,-2.2476754232340928,-2.2476754232340928,-4.4953508464681855
476,1,1811.8333333333335,427.0,140,True,-2.2368480249075695,-2.2368480249075695,-4.473696049815139
476,2,1807.0,427.0,140,True,-2.2354372446001167,-2.2354372446001167,-4.4708744892002334
476,3,1789.8333333333335,427.0,140,True,-2.2304265421288196,-2.2304265421288196,-4.460853084257639
477,0,1785.8333333333335,427.0,140,True,-2.22925899980541,-2.22925899980541,-4.45851799961082
477,1,1765.8333333333335,427.0,140,True,-2.223421288188363,-2.223421288188363,-4.446842576376726
477,2,1817.8333333333335,283.0,138,True,-1.662599338392684,-1.662599338392684,-3.325198676785368
477,3,1780.8333333333335,427.0,140,True,-2.2277995719011487,-2.2277995719011487,-4.4555991438022975
478,0,1791.8333333333335,427.0,140,True,-2.231010313290524,-2.231010313290524,-4.462020626581048
478,1,1826.0,427.0,140,True,-2.240983070636311,-2.240983070636311,-4.481966141272622
478,2,1755.8333333333335,427.0,140,True,-2.220502432379841,-2.220502432379841,-4.441004864759682
478,3,1792.8333333333335,427.0,140,True,-2.231302198871376,-2.231302198871376,-4.462604397742752
479,0,1759.8333333333335,427.0,140,True,-2.22166997470325,-2.22166997470325,-4.4433399494065
479,1,1765.8333333333335,283.0,138,True,-1.6474212881883639,-1.6474212881883639,-3.2948425763767277
479,2,1779.8333333333335,427.0,140,True,-2.227507686320296,-2.227507686320296,-4.455015372640592
479,3,1789.0,434.0,140,True,-2.2581833041447754,-2.2581833041447754,-4.516366608289551
480,0,1776.8333333333335,427.0,140,True,-2.2266320295777393,-2.2266320295777393,-4.453264059155479
480,1,1810.0,283.0,138,True,-1.6603129013426743,-1.6603129013426743,-3.3206258026853486
480,2,1773.0,283.0,138,True,-1.6495131348511385,-1.6495131348511385,-3.299026269702277
480,3,1756.0,283.0,138,True,-1.6445510799766498,-1.6445510799766498,-3.2891021599532997
481,0,1826.0,427.0,140,True,-2.240983070636311,-2.240983070636311,-4.481966141272622
481,1,1760.8333333333335,427.0,140,True,-2.221961860284102,-2.221961860284102,-4.443923720568204
481,2,1757.8333333333335,427.0,140,True,-2.2210862035415464,-2.2210862035415464,-4.442172407083093
481,3,1817.8333333333335,427.0,140,True,-2.238599338392684,-2.238599338392684,-4.477198676785368
482,0,1731.0,355.0,139,True,-1.9252539404553424,-1.9252539404553424,-3.8505078809106847
482,1,1776.8333333333335,427.0,140,True,-2.2266320295777393,-2.2266320295777393,-4.453264059155479
482,2,1739.8333333333335,427.0,140,True,-2.2158322630862033,-2.2158322630862033,-4.431664526172407
482,3,1760.8333333333335,427.0,140,True,-2.221961860284102,-2.221961860284102,-4.443923720568204
483,0,1773.8333333333335,427.0,140,True,-2.2257563728351824,-2.2257563728351824,-4.451512745670365
483,1,1736.8333333333335,283.0,138,True,-1.6389566063436471,-1.6389566063436471,-3.2779132126872943
483,2,1806.8333333333335,427.0,140,True,-2.2353885970033085,-2.2353885970033085,-4.470777194006617
483,3,1756.8333333333335,427.0,140,True,-2.220794317960693,-2.220794317960693,-4.441588635921386
484,0,1775.8333333333335,427.0,140,True,-2.226340143996887,-2.226340143996887,-4.452680287993774
484,1,1747.0,427.0,140,True,-2.2179241097489792,-2.2179241097489792,-4.4358482194979585
484,2,1760.8333333333335,427.0,140,True,-2.2219618602841025,-2.2219618602841025,-4.443923720568205
484,3,1791.8333333333335,427.0,140,True,-2.2310103132905237,-2.2310103132905237,-4.462020626581047
485,0,1750.8333333333335,427.0,140,True,-2.2190430044755787,-2.2190430044755787,-4.438086008951157
485,1,1770.8333333333335,427.0,140,True,-2.2248807160926254,-2.2248807160926254,-4.449761432185251
485,2,1688.8333333333335,283.0,138,True,-1.6249460984627369,-1.6249460984627369,-3.2498921969254737
485,3,1742.0,427.0,140,True,-2.2164646818447173,-2.2164646818447173,-4.432929363689435
486,0,1751.0,283.0,138,True,-1.6430916520723877,-1.6430916520723877,-3.2861833041447754
486,1,1768.8333333333335,427.0,140,True,-2.2242969449309204,-2.2242969449309204,-4.448593889861841
486,2,1784.8333333333335,427.0,140,True,-2.2289671142245577,-2.2289671142245577,-4.4579342284491155
486,3,1758.8333333333335,427.0,140,True,-2.2213780891223975,-2.2213780891223975,-4.442756178244795
487,0,1768.8333333333335,427.0,140,True,-2.2242969449309204,-2.2242969449309204,-4.448593889861841
487,1,1774.8333333333335,427.0,140,True,-2.226048258416035,-2.226048258416035,-4.45209651683207
487,2,1771.8333333333335,427.0,140,True,-2.2251726016734774,-2.2251726016734774,-4.450345203346955
487,3,1791.8333333333335,427.0,140,True,-2.2310103132905232,-2.2310103132905232,-4.4620206265810465
488,0,1775.8333333333335,427.0,140,True,-2.226340143996887,-2.226340143996887,-4.452680287993774
488,1,1775.8333333333335,427.0,140,True,-2.226340143996887,-2.226340143996887,-4.452680287993774
488,2,1779.8333333333335,283.0,138,True,-1.6515076863202962,-1.6515076863202962,-3.3030153726405924
488,3,1768.8333333333335,283.0,138,True,-1.6482969449309204,-1.6482969449309204,-3.2965938898618408
489,0,1751.8333333333335,427.0,140,True,-2.2193348900564316,-2.2193348900564316,-4.438669780112863
489,1,1712.0,283.0,138,True,-1.6317081144191483,-1.6317081144191483,-3.2634162288382966
489,2,1786.8333333333335,427.0,140,True,-2.2295508853862622,-2.2295508853862622,-4.4591017707725245
489,3,1792.8333333333335,427.0,140,True,-2.231302198871376,-2.231302198871376,-4.462604397742752
490,0,1778.8333333333335,427.0,140,True,-2.2272158007394434,-2.2272158007394434,-4.454431601478887
490,1,1746.8333333333335,427.0,140,True,-2.2178754621521697,-2.2178754621521697,-4.435750924304339
490,2,1784.8333333333335,427.0,140,True,-2.2289671142245577,-2.2289671142245577,-4.4579342284491155
490,3,1754.8333333333335,427.0,140,True,-2.220210546798989,-2.220210546798989,-4.440421093597978
491,0,1764.8333333333335,427.0,140,True,-2.2231294026075124,-2.2231294026075124,-4.446258805215025
491,1,1707.8333333333335,283.0,138,True,-1.6304919244989298,-1.6304919244989298,-3.2609838489978595
491,2,1763.8333333333335,355.0,139,True,-1.9348375170266585,-1.9348375170266585,-3.869675034053317
491,3,1719.8333333333335,283.0,138,True,-1.633994551469158,-1.633994551469158,-3.267989102938316
492,0,1700.0,283.0,138,True,-1.6282054874489196,-1.6282054874489196,-3.256410974897839
492,1,1717.8333333333335,355.0,139,True,-1.9214107803074527,-1.9214107803074527,-3.8428215606149054
492,2,1792.8333333333335,427.0,140,True,-2.2313021988713766,-2.2313021988713766,-4.462604397742753
492,3,1757.8333333333335,427.0,140,True,-2.221086203541545,-2.221086203541545,-4.44217240708309
493,0,1740.0,283.0,138,True,-1.6398809106830121,-1.6398809106830121,-3.2797618213660242
493,1,1764.8333333333335,427.0,140,True,-2.2231294026075115,-2.2231294026075115,-4.446258805215023
493,2,1701.8333333333335,283.0,138,True,-1.6287406110138163,-1.6287406110138163,-3.2574812220276326
493,3,1701.0,283.0,138,True,-1.6284973730297723,-1.6284973730297723,-3.2569947460595445
494,0,1712.0,283.0,138,True,-1.6317081144191479,-1.6317081144191479,-3.2634162288382957
494,1,1710.8333333333335,283.0,138,True,-1.6313675812414872,-1.6313675812414872,-3.2627351624829743
494,2,1718.8333333333335,283.0,138,True,-1.6337026658883056,-1.6337026658883056,-3.267405331776611
494,3,1723.8333333333335,283.0,138,True,-1.635162093792568,-1.635162093792568,-3.270324187585136
495,0,1739.8333333333335,283.0,138,True,-1.6398322630862043,-1.6398322630862043,-3.2796645261724087
495,1,1742.0,283.0,138,True,-1.6404646818447173,-1.6404646818447173,-3.2809293636894346
495,2,1716.8333333333335,283.0,138,True,-1.6331188947266007,-1.6331188947266007,-3.2662377894532013
495,3,1756.0,283.0,138,True,-1.6445510799766494,-1.6445510799766494,-3.289102159953299
496,0,1738.0,434.0,140,True,-2.243297139521307,-2.243297139521307,-4.486594279042614
496,1,1801.8333333333335,427.0,140,True,-2.2339291690990475,-2.2339291690990475,-4.467858338198095
496,2,1685.8333333333335,283.0,138,True,-1.6240704417201794,-1.6240704417201794,-3.248140883440359
496,3,1704.8333333333335,283.0,138,True,-1.6296162677563726,-1.6296162677563726,-3.259232535512745
497,0,1732.8333333333335,283.0,138,True,-1.6377890640202375,-1.6377890640202375,-3.275578128040475
497,1,1701.8333333333335,283.0,138,True,-1.6287406110138156,-1.6287406110138156,-3.2574812220276312
497,2,1699.8333333333335,283.0,138,True,-1.6281568398521118,-1.6281568398521118,-3.2563136797042236
497,3,1720.0,283.0,138,True,-1.6340431990659665,-1.6340431990659665,-3.268086398131933
498,0,1709.8333333333335,283.0,138,True,-1.6310756956606345,-1.6310756956606345,-3.262151391321269
498,1,1731.0,283.0,138,True,-1.637253940455342,-1.637253940455342,-3.274507880910684
498,2,1698.8333333333335,283.0,138,True,-1.6278649542712593,-1.6278649542712593,-3.2557299085425186
498,3,1777.8333333333335,283.0,138,True,-1.6509239151585917,-1.6509239151585917,-3.3018478303171834
499,0,1712.8333333333335,283.0,138,True,-1.6319513524031917,-1.6319513524031917,-3.2639027048063833
499,1,1717.8333333333335,283.0,138,True,-1.6334107803074531,-1.6334107803074531,-3.2668215606149063
499,2,1728.0,283.0,138,True,-1.6363782837127852,-1.6363782837127852,-3.2727565674255703
499,3,1719.8333333333335,283.0,138,True,-1.6339945514691585,-1.6339945514691585,-3.267989102938317
500,0,1792.8333333333335,283.0,138,True,-1.655302198871376,-1.655302198871376,-3.310604397742752
500,1,1758.8333333333335,283.0,138,True,-1.645378089122397,-1.645378089122397,-3.290756178244794
500,2,1783.8333333333335,427.0,140,True,-2.228675228643705,-2.228675228643705,-4.45735045728741
500,3,1775.8333333333335,283.0,138,True,-1.650340143996887,-1.650340143996887,-3.300680287993774
