global_episode,worker_id,makespan,cost,steps,done,upper_reward_sum,lower_reward_sum,total_reward_sum
1,0,3628.6666666666665,5039.0,237,True,-4.389108597591468,-4.389108597591468,-8.778217195182936
1,1,3844.333333333333,5057.0,246,True,-4.480807645428787,-4.480807645428787,-8.961615290857575
1,2,3604.333333333333,4449.0,233,True,-4.025415529419122,-4.025415529419122,-8.050831058838243
1,3,3299.666666666667,3666.0,219,True,-3.440603123176932,-3.440603123176932,-6.881206246353864
2,0,3564.6666666666665,4665.0,238,True,-4.140346982040172,-4.140346982040172,-8.280693964080344
2,1,3362.333333333333,4556.0,231,True,-3.9989608509042425,-3.9989608509042425,-7.997921701808485
2,2,3754.0,4964.0,240,True,-4.391040399199936,-4.391040399199936,-8.782080798399871
2,3,3522.5,4656.0,235,True,-4.119124510375865,-4.119124510375865,-8.23824902075173
3,0,3282.0,3942.0,225,True,-3.5998429556629743,-3.5998429556629743,-7.199685911325949
3,1,3343.5,4578.0,237,True,-4.0051189161596845,-4.0051189161596845,-8.010237832319369
3,2,3295.333333333333,4034.0,227,True,-3.660131833902824,-3.660131833902824,-7.320263667805648
3,3,2812.0,3217.0,214,True,-2.9878811515542965,-2.9878811515542965,-5.975762303108593
4,0,3440.666666666667,3823.0,226,True,-3.587833491332613,-3.587833491332613,-7.175666982665226
4,1,3177.8333333333335,3149.0,213,True,-3.0842147001833484,-3.0842147001833484,-6.168429400366697
4,2,3059.0,3050.0,207,True,-2.980153294024502,-2.980153294024502,-5.960306588049004
4,3,3575.1666666666665,3707.0,220,True,-3.5685636563463636,-3.5685636563463636,-7.137127312692727
5,0,3179.0,2732.0,203,True,-2.834051275106259,-2.834051275106259,-5.668102550212518
5,1,3253.5,2919.0,204,True,-2.9743709111175938,-2.9743709111175938,-5.9487418222351875
5,2,3079.6666666666665,2618.0,204,True,-2.728288555296276,-2.728288555296276,-5.456577110592552
5,3,3132.833333333333,2754.0,207,True,-2.8299584861238434,-2.8299584861238434,-5.659916972247687
6,0,3116.0,2570.0,202,True,-2.7130685369614143,-2.7130685369614143,-5.4261370739228285
6,1,3074.0,2069.0,195,True,-2.3962354935827976,-2.3962354935827976,-4.792470987165595
6,2,3104.5,2056.0,195,True,-2.399861446787232,-2.399861446787232,-4.799722893574464
6,3,2682.6666666666665,1839.0,191,True,-2.1112521095507955,-2.1112521095507955,-4.222504219101591
7,0,2714.8333333333335,1510.0,185,True,-1.925599268689057,-1.925599268689057,-3.851198537378114
7,1,2741.8333333333335,1144.0,179,True,-1.7157731894324515,-1.7157731894324515,-3.431546378864903
7,2,2726.666666666667,850.0,174,True,-1.5334025231269266,-1.5334025231269266,-3.066805046253853
7,3,2800.666666666667,1163.0,179,True,-1.7492557973581122,-1.7492557973581122,-3.4985115947162244
8,0,2708.3333333333335,808.0,176,True,-1.5012865655471281,-1.5012865655471281,-3.0025731310942563
8,1,2330.8333333333335,541.0,170,True,-1.1992555369197426,-1.1992555369197426,-2.3985110738394853
8,2,2650.3333333333335,789.0,175,True,-1.4681164836653045,-1.4681164836653045,-2.936232967330609
8,3,2654.3333333333335,1132.0,181,True,-1.6757464163680302,-1.6757464163680302,-3.3514928327360605
9,0,2644.3333333333335,804.0,174,True,-1.4748807192266018,-1.4748807192266018,-2.9497614384532036
9,1,2664.3333333333335,489.0,170,True,-1.2930784596633045,-1.2930784596633045,-2.586156919326609
9,2,2081.8333333333335,707.0,174,True,-1.2056323704058665,-1.2056323704058665,-2.411264740811733
9,3,2663.5,766.0,175,True,-1.4592322797733137,-1.4592322797733137,-2.9184645595466274
10,0,2709.1666666666665,604.0,172,True,-1.3790029377448114,-1.3790029377448114,-2.758005875489623
10,1,2122.8333333333335,743.0,174,True,-1.242643267147262,-1.242643267147262,-2.485286534294524
10,2,2694.3333333333335,492.0,170,True,-1.3061322818568213,-1.3061322818568213,-2.6122645637136426
10,3,2204.8333333333335,614.0,172,True,-1.195871791399283,-1.195871791399283,-2.391743582798566
11,0,2584.3333333333335,497.0,170,True,-1.2678836517626462,-1.2678836517626462,-2.5357673035252923
11,1,2547.0,605.0,172,True,-1.3187863311525954,-1.3187863311525954,-2.6375726623051907
11,2,2687.5,900.0,176,True,-1.548761875989665,-1.548761875989665,-3.09752375197933
11,3,2702.3333333333335,643.0,173,True,-1.399877724185348,-1.399877724185348,-2.799755448370696
12,0,2593.0,646.0,172,True,-1.3606771918493201,-1.3606771918493201,-2.7213543836986402
12,1,2752.5,646.0,172,True,-1.4204946766397188,-1.4204946766397188,-2.8409893532794377
12,2,2668.5,673.0,172,True,-1.405218012959413,-1.405218012959413,-2.810436025918826
12,3,2244.8333333333335,669.0,172,True,-1.243925926118843,-1.243925926118843,-2.487851852237686
13,0,2749.3333333333335,752.0,174,True,-1.4830090007500616,-1.4830090007500616,-2.966018001500123
13,1,2621.5,562.0,171,True,-1.320884813317776,-1.320884813317776,-2.641769626635552
13,2,2662.3333333333335,583.0,171,True,-1.3488187817734805,-1.3488187817734805,-2.697637563546961
13,3,2692.3333333333335,583.0,171,True,-1.360069719351612,-1.360069719351612,-2.720139438703224
14,0,2129.8333333333335,470.0,169,True,-1.0812059859154923,-1.0812059859154923,-2.1624119718309847
14,1,2655.5,721.0,174,True,-1.4291887605217095,-1.4291887605217095,-2.858377521043419
14,2,2736.5,612.0,171,True,-1.3940614842903571,-1.3940614842903571,-2.7881229685807143
14,3,2623.0,746.0,172,True,-1.4320242832736048,-1.4320242832736048,-2.8640485665472095
15,0,2393.0,535.0,170,True,-1.2189642105592127,-1.2189642105592127,-2.4379284211184253
15,1,2325.0,519.0,170,True,-1.1838467007667302,-1.1838467007667302,-2.3676934015334603
15,2,2637.0,533.0,170,True,-1.309269913117759,-1.309269913117759,-2.618539826235518
15,3,2723.5,612.0,172,True,-1.3891860780064997,-1.3891860780064997,-2.7783721560129995
16,0,2715.3333333333335,563.0,171,True,-1.3566762073922822,-1.3566762073922822,-2.7133524147845645
16,1,2803.5,641.0,172,True,-1.4366164628302351,-1.4366164628302351,-2.8732329256604703
16,2,2265.0,604.0,171,True,-1.212426556379698,-1.212426556379698,-2.424853112759396
16,3,2697.5,583.0,171,True,-1.3620073808234012,-1.3620073808234012,-2.7240147616468025
17,0,2728.5,582.0,171,True,-1.3730323881156754,-1.3730323881156754,-2.746064776231351
17,1,2677.0,541.0,170,True,-1.3290788555296267,-1.3290788555296267,-2.6581577110592534
17,2,2786.5,599.0,171,True,-1.405000546920576,-1.405000546920576,-2.810001093841152
17,3,2712.5,524.0,170,True,-1.3321761188432364,-1.3321761188432364,-2.664352237686473
18,0,2350.8333333333335,624.0,170,True,-1.2566359696641385,-1.2566359696641385,-2.513271939328277
18,1,2759.8333333333335,667.0,173,True,-1.4358650981331773,-1.4358650981331773,-2.8717301962663546
18,2,2492.0,539.0,170,True,-1.2584961507208925,-1.2584961507208925,-2.516992301441785
18,3,2247.8333333333335,548.0,170,True,-1.1723346737228104,-1.1723346737228104,-2.344669347445621
19,0,2250.8333333333335,603.0,171,True,-1.2065126520960079,-1.2065126520960079,-2.4130253041920158
19,1,2813.5,667.0,172,True,-1.455991775356279,-1.455991775356279,-2.911983550712558
19,2,2713.8333333333335,594.0,171,True,-1.374743468205683,-1.374743468205683,-2.749486936411366
19,3,2746.5,626.0,172,True,-1.406225258354862,-1.406225258354862,-2.812450516709724
20,0,2737.3333333333335,480.0,169,True,-1.3150470872572708,-1.3150470872572708,-2.6300941745145416
20,1,2594.3333333333335,520.0,170,True,-1.2854560796733052,-1.2854560796733052,-2.5709121593466104
20,2,2581.3333333333335,562.0,171,True,-1.3058210580048333,-1.3058210580048333,-2.6116421160096666
20,3,2630.3333333333335,543.0,171,True,-1.3127793201516784,-1.3127793201516784,-2.625558640303357
21,0,2844.3333333333335,677.0,173,True,-1.4735648543628628,-1.4735648543628628,-2.9471297087257255
21,1,2208.8333333333335,542.0,171,True,-1.1541026856404693,-1.1541026856404693,-2.3082053712809385
21,2,2832.3333333333335,376.0,168,True,-1.2881750562546874,-1.2881750562546874,-2.576350112509375
21,3,2596.5,795.0,175,True,-1.4515330704642047,-1.4515330704642047,-2.9030661409284093
22,0,2777.5,677.0,172,True,-1.4485002656471364,-1.4485002656471364,-2.897000531294273
22,1,2126.8333333333335,465.0,170,True,-1.0770760844653717,-1.0770760844653717,-2.1541521689307435
22,2,2711.3333333333335,436.0,169,True,-1.2788539669972492,-1.2788539669972492,-2.5577079339944984
22,3,2725.5,585.0,171,True,-1.373710178973247,-1.373710178973247,-2.747420357946494
23,0,2697.3333333333335,627.0,172,True,-1.3883871833069419,-1.3883871833069419,-2.7767743666138838
23,1,2718.3333333333335,534.0,171,True,-1.3403734165347105,-1.3403734165347105,-2.680746833069421
23,2,2639.3333333333335,562.0,171,True,-1.3275728706558874,-1.3275728706558874,-2.6551457413117747
23,3,2642.3333333333335,478.0,170,True,-1.2782171951829313,-1.2782171951829313,-2.5564343903658626
24,0,2574.3333333333335,478.0,170,True,-1.2527150700058334,-1.2527150700058334,-2.5054301400116668
24,1,2283.8333333333335,557.0,171,True,-1.1912444526627213,-1.1912444526627213,-2.3824889053254426
24,2,2541.3333333333335,478.0,170,True,-1.2403390386698887,-1.2403390386698887,-2.4806780773397774
24,3,2407.0,495.0,169,True,-1.2001761865572125,-1.2001761865572125,-2.400352373114425
25,0,2768.5,667.0,173,True,-1.4391153689890814,-1.4391153689890814,-2.878230737978163
25,1,2044.8333333333335,626.0,172,True,-1.14307832944412,-1.14307832944412,-2.28615665888824
25,2,2614.8333333333335,673.0,174,True,-1.3850913357363106,-1.3850913357363106,-2.770182671472621
25,3,2537.5,809.0,176,True,-1.4378196880990077,-1.4378196880990077,-2.8756393761980155
26,0,2759.5,669.0,172,True,-1.4369420107925654,-1.4369420107925654,-2.873884021585131
26,1,2208.8333333333335,520.0,169,True,-1.1408815317943157,-1.1408815317943157,-2.2817630635886315
26,2,2595.5,625.0,172,True,-1.3489945776731387,-1.3489945776731387,-2.6979891553462774
26,3,2516.666666666667,657.0,172,True,-1.3386603831569293,-1.3386603831569293,-2.6773207663138585
27,0,2571.3333333333335,520.0,171,True,-1.276830360863405,-1.276830360863405,-2.55366072172681
27,1,2586.3333333333335,562.0,171,True,-1.3076962142678548,-1.3076962142678548,-2.6153924285357095
27,2,2165.8333333333335,449.0,169,True,-1.082086918701558,-1.082086918701558,-2.164173837403116
27,3,2523.3333333333335,562.0,171,True,-1.2840692453537792,-1.2840692453537792,-2.5681384907075584
28,0,2638.3333333333335,621.0,173,True,-1.3626545701725137,-1.3626545701725137,-2.7253091403450274
28,1,2702.8333333333335,692.0,174,True,-1.429512355196266,-1.429512355196266,-2.859024710392532
28,2,2200.8333333333335,463.0,169,True,-1.1036264740811734,-1.1036264740811734,-2.207252948162347
28,3,2518.3333333333335,533.0,171,True,-1.264766204475372,-1.264766204475372,-2.529532408950744
29,0,2782.3333333333335,578.0,172,True,-1.3908177243936986,-1.3908177243936986,-2.781635448787397
29,1,2615.3333333333335,746.0,175,True,-1.4291490436703052,-1.4291490436703052,-2.8582980873406103
29,2,2595.3333333333335,534.0,171,True,-1.2942445724643714,-1.2942445724643714,-2.588489144928743
29,3,2518.3333333333335,533.0,171,True,-1.2647662044753718,-1.2647662044753718,-2.5295324089507436
30,0,2596.3333333333335,725.0,175,True,-1.4094032575631297,-1.4094032575631297,-2.8188065151262593
30,1,2648.3333333333335,620.0,172,True,-1.365803921160096,-1.365803921160096,-2.731607842320192
30,2,2621.3333333333335,842.0,176,True,-1.4890915388782393,-1.4890915388782393,-2.9781830777564786
30,3,2335.8333333333335,543.0,171,True,-1.202332616259688,-1.202332616259688,-2.404665232519376
31,0,2614.3333333333335,680.0,173,True,-1.3891105508792396,-1.3891105508792396,-2.7782211017584793
31,1,2275.8333333333335,875.0,176,True,-1.3793499718726556,-1.3793499718726556,-2.7586999437453112
31,2,2694.5,804.0,175,True,-1.4936947870655888,-1.4936947870655888,-2.9873895741311776
31,3,2550.166666666667,652.0,172,True,-1.3482191224268687,-1.3482191224268687,-2.6964382448537374
32,0,2640.3333333333335,691.0,174,True,-1.4054719403700306,-1.4054719403700306,-2.8109438807400613
32,1,2558.3333333333335,912.0,178,True,-1.5075318776564712,-1.5075318776564712,-3.0150637553129425
32,2,2537.3333333333335,668.0,173,True,-1.3530216059671636,-1.3530216059671636,-2.706043211934327
32,3,2674.3333333333335,650.0,173,True,-1.393583579881656,-1.393583579881656,-2.787167159763312
33,0,2603.3333333333335,955.0,178,True,-1.5502496301775144,-1.5502496301775144,-3.1004992603550288
33,1,2664.3333333333335,721.0,174,True,-1.4325015365863818,-1.4325015365863818,-2.8650030731727636
33,2,2675.8333333333335,634.0,173,True,-1.3845307421451782,-1.3845307421451782,-2.7690614842903565
33,3,2691.666666666667,838.0,176,True,-1.5130648908242352,-1.5130648908242352,-3.0261297816484705
34,0,2657.3333333333335,583.0,172,True,-1.3469436255104585,-1.3469436255104585,-2.693887251020917
34,1,2700.3333333333335,505.0,169,True,-1.3161949693724468,-1.3161949693724468,-2.6323899387448937
34,2,2782.8333333333335,976.0,179,True,-1.6301879323276935,-1.6301879323276935,-3.260375864655387
34,3,2829.0,725.0,175,True,-1.496660529002416,-1.496660529002416,-2.993321058004832
35,0,2663.3333333333335,893.0,177,True,-1.5354918899491619,-1.5354918899491619,-3.0709837798983237
35,1,2540.3333333333335,662.0,173,True,-1.350540930494207,-1.350540930494207,-2.701081860988414
35,2,2572.3333333333335,739.0,174,True,-1.4088159690390862,-1.4088159690390862,-2.8176319380781725
35,3,2203.8333333333335,712.0,173,True,-1.2543909909159097,-1.2543909909159097,-2.5087819818318193
36,0,2792.3333333333335,598.0,172,True,-1.406587267688973,-1.406587267688973,-2.813174535377946
36,1,2657.3333333333335,518.0,170,True,-1.3078811255104583,-1.3078811255104583,-2.6157622510209166
36,2,2777.3333333333335,590.0,171,True,-1.3961541065922154,-1.3961541065922154,-2.792308213184431
36,3,2285.8333333333335,540.0,170,True,-1.1817781690140838,-1.1817781690140838,-2.3635563380281677
37,0,2519.8333333333335,1196.0,179,True,-1.6637662513542781,-1.6637662513542781,-3.3275325027085563
37,1,2731.3333333333335,1029.0,179,True,-1.642724784357029,-1.642724784357029,-3.285449568714058
37,2,2605.3333333333335,468.0,170,True,-1.2583314234519534,-1.2583314234519534,-2.5166628469039067
37,3,2206.0,1513.0,186,True,-1.7365737509375772,-1.7365737509375772,-3.4731475018751543
38,0,2722.666666666667,902.0,177,True,-1.563152398116509,-1.563152398116509,-3.126304796233018
38,1,2573.1666666666665,1190.0,182,True,-1.6801621489290766,-1.6801621489290766,-3.360324297858153
38,2,2679.0,863.0,177,True,-1.5233385334194507,-1.5233385334194507,-3.0466770668389014
38,3,2784.8333333333335,1383.0,184,True,-1.8755293409867484,-1.8755293409867484,-3.751058681973497
39,0,2608.3333333333335,863.0,176,True,-1.4968363249020746,-1.4968363249020746,-2.9936726498041493
39,1,2791.166666666667,1258.0,183,True,-1.802784346612217,-1.802784346612217,-3.605568693224434
39,2,2609.3333333333335,804.0,176,True,-1.4617546253854483,-1.4617546253854483,-2.9235092507708966
39,3,2698.3333333333335,841.0,175,True,-1.5173679837903158,-1.5173679837903158,-3.0347359675806316
40,0,2732.5,1476.0,186,True,-1.9117921285107082,-1.9117921285107082,-3.8235842570214165
40,1,2585.6666666666665,1399.0,185,True,-1.8104510011250916,-1.8104510011250916,-3.620902002250183
40,2,2756.3333333333335,939.0,177,True,-1.5980140272106003,-1.5980140272106003,-3.1960280544212005
40,3,2719.0,1163.0,183,True,-1.7186282450620882,-1.7186282450620882,-3.4372564901241764
41,0,2903.5,850.0,175,True,-1.599720549629135,-1.599720549629135,-3.19944109925827
41,1,2412.166666666667,667.0,173,True,-1.3054792326443867,-1.3054792326443867,-2.6109584652887734
41,2,2647.0,668.0,172,True,-1.3941500333361108,-1.3941500333361108,-2.7883000666722215
41,3,2837.3333333333335,568.0,172,True,-1.4054348279023248,-1.4054348279023248,-2.8108696558046495
42,0,2648.3333333333335,670.0,174,True,-1.3958519980831723,-1.3958519980831723,-2.7917039961663446
42,1,2640.3333333333335,684.0,174,True,-1.4012652096007996,-1.4012652096007996,-2.802530419201599
42,2,2824.3333333333335,987.0,177,True,-1.6523623062338522,-1.6523623062338522,-3.3047246124677043
42,3,2798.0,785.0,175,True,-1.5210922524793722,-1.5210922524793722,-3.0421845049587444
43,0,2595.3333333333335,806.0,176,True,-1.45770611092591,-1.45770611092591,-2.91541222185182
43,1,2634.3333333333335,619.0,172,True,-1.3599525220851738,-1.3599525220851738,-2.7199050441703476
43,2,2603.3333333333335,726.0,174,True,-1.412629437869822,-1.412629437869822,-2.825258875739644
43,3,2670.8333333333335,719.0,175,True,-1.433737316651387,-1.433737316651387,-2.867474633302774
44,0,2638.3333333333335,434.0,169,True,-1.250274762480206,-1.250274762480206,-2.500549524960412
44,1,2541.3333333333335,747.0,175,True,-1.4019976925160424,-1.4019976925160424,-2.803995385032085
44,2,2589.3333333333335,705.0,173,True,-1.394758808025668,-1.394758808025668,-2.789517616051336
44,3,2080.8333333333335,466.0,170,True,-1.060425608384032,-1.060425608384032,-2.120851216768064
45,0,2166.8333333333335,608.0,172,True,-1.1780148345695467,-1.1780148345695467,-2.3560296691390934
45,1,2721.3333333333335,468.0,170,True,-1.301835048754062,-1.301835048754062,-2.603670097508124
45,2,2568.3333333333335,712.0,175,True,-1.3910898824902063,-1.3910898824902063,-2.7821797649804125
45,3,2680.8333333333335,649.0,173,True,-1.3954203214851233,-1.3954203214851233,-2.7908406429702466
46,0,2589.3333333333335,589.0,171,True,-1.32504726956413,-1.32504726956413,-2.65009453912826
46,1,2598.3333333333335,619.0,173,True,-1.3464513969914154,-1.3464513969914154,-2.6929027939828307
46,2,2599.3333333333335,918.0,177,True,-1.5265139282440194,-1.5265139282440194,-3.053027856488039
46,3,2658.8333333333335,604.0,172,True,-1.3601263646970572,-1.3601263646970572,-2.7202527293941143
47,0,2587.3333333333335,520.0,171,True,-1.282830860905075,-1.282830860905075,-2.56566172181015
47,1,2605.3333333333335,656.0,173,True,-1.371312192682723,-1.371312192682723,-2.742624385365446
47,2,2531.3333333333335,892.0,177,True,-1.4853868030669215,-1.4853868030669215,-2.970773606133843
47,3,2582.3333333333335,449.0,170,True,-1.2382874354112836,-1.2382874354112836,-2.476574870822567
48,0,2576.3333333333335,497.0,170,True,-1.2648834017418114,-1.2648834017418114,-2.5297668034836227
48,1,2525.3333333333335,805.0,176,True,-1.4308529617051422,-1.4308529617051422,-2.8617059234102844
48,2,2574.3333333333335,576.0,172,True,-1.3116093007750638,-1.3116093007750638,-2.6232186015501275
48,3,2533.3333333333335,533.0,171,True,-1.2703916732644378,-1.2703916732644378,-2.5407833465288756
49,0,2618.3333333333335,533.0,171,True,-1.3022693297358108,-1.3022693297358108,-2.6045386594716216
49,1,2629.3333333333335,395.0,168,True,-1.2234619812067666,-1.2234619812067666,-2.4469239624135333
49,2,2590.3333333333335,576.0,172,True,-1.3176098008167343,-1.3176098008167343,-2.6352196016334686
49,3,2687.8333333333335,720.0,174,True,-1.4407138094841228,-1.4407138094841228,-2.8814276189682455
50,0,2848.3333333333335,710.0,175,True,-1.4948967101425115,-1.4948967101425115,-2.989793420285023
50,1,2734.3333333333335,427.0,169,True,-1.2820710319609963,-1.2820710319609963,-2.5641420639219925
50,2,2563.3333333333335,503.0,170,True,-1.2636137646887233,-1.2636137646887233,-2.5272275293774467
50,3,2579.3333333333335,576.0,172,True,-1.313484457038086,-1.313484457038086,-2.626968914076172
51,0,2587.3333333333335,662.0,174,True,-1.3681673993666132,-1.3681673993666132,-2.7363347987332265
51,1,2629.3333333333335,503.0,170,True,-1.288365827360613,-1.288365827360613,-2.576731654721226
51,2,2597.3333333333335,576.0,172,True,-1.320235019584965,-1.320235019584965,-2.64047003916993
51,3,2619.3333333333335,503.0,170,True,-1.284615514834569,-1.284615514834569,-2.569231029669138
52,0,2633.3333333333335,461.0,169,True,-1.2646255677556457,-1.2646255677556457,-2.5292511355112914
52,1,2558.3333333333335,720.0,174,True,-1.3921472622718554,-1.3921472622718554,-2.7842945245437107
52,2,2734.3333333333335,578.0,171,True,-1.3728162242686888,-1.3728162242686888,-2.7456324485373775
52,3,2660.3333333333335,546.0,171,True,-1.3258331423451948,-1.3258331423451948,-2.6516662846903896
53,0,2659.8333333333335,692.0,174,True,-1.413386011334277,-1.413386011334277,-2.826772022668554
53,1,2626.3333333333335,647.0,173,True,-1.3737791951412615,-1.3737791951412615,-2.747558390282523
53,2,2604.3333333333335,562.0,171,True,-1.3144467768147339,-1.3144467768147339,-2.6288935536294677
53,3,2582.3333333333335,503.0,170,True,-1.2707393584882067,-1.2707393584882067,-2.5414787169764135
54,0,2664.3333333333335,589.0,171,True,-1.3531746135094582,-1.3531746135094582,-2.7063492270189164
54,1,2685.3333333333335,498.0,170,True,-1.3063627698141507,-1.3063627698141507,-2.6127255396283013
54,2,2762.3333333333335,413.0,169,True,-1.2841584454954573,-1.2841584454954573,-2.5683168909909146
54,3,2635.3333333333335,503.0,170,True,-1.2906160148762393,-1.2906160148762393,-2.5812320297524787
55,0,2623.3333333333335,562.0,171,True,-1.321572370614217,-1.321572370614217,-2.643144741228434
55,1,2559.3333333333335,589.0,171,True,-1.3137963319859982,-1.3137963319859982,-2.6275926639719964
55,2,2629.3333333333335,546.0,171,True,-1.3142071735144587,-1.3142071735144587,-2.6284143470289174
55,3,2740.8333333333335,604.0,172,True,-1.3908789274106168,-1.3908789274106168,-2.7817578548212336
56,0,2747.3333333333335,1894.0,194,True,-2.1685570151679303,-2.1685570151679303,-4.337114030335861
56,1,2809.6666666666665,1510.0,187,True,-1.9611647324777062,-1.9611647324777062,-3.9223294649554123
56,2,2833.1666666666665,1484.0,186,True,-1.9543529669139088,-1.9543529669139088,-3.9087059338278176
56,3,2778.0,1582.0,188,True,-1.9925579735811307,-1.9925579735811307,-3.9851159471622615
57,0,2531.6666666666665,1612.0,190,True,-1.9182041211767635,-1.9182041211767635,-3.836408242353527
57,1,2942.333333333333,1383.0,186,True,-1.9345967632719383,-1.9345967632719383,-3.8691935265438766
57,2,2897.833333333333,1483.0,187,True,-1.978004026377197,-1.978004026377197,-3.956008052754394
57,3,2517.333333333333,1703.0,187,True,-1.9675161732227668,-1.9675161732227668,-3.9350323464455337
58,0,2764.3333333333335,932.0,177,True,-1.5968075464622042,-1.5968075464622042,-3.1936150929244085
58,1,2841.3333333333335,741.0,173,True,-1.510901299066588,-1.510901299066588,-3.021802598133176
58,2,2819.3333333333335,1756.0,192,True,-2.112626573047754,-2.112626573047754,-4.225253146095508
58,3,2590.5,1500.0,185,True,-1.872960767563963,-1.872960767563963,-3.745921535127926
59,0,2752.0,1330.0,185,True,-1.831364853321109,-1.831364853321109,-3.662729706642218
59,1,2713.3333333333335,986.0,179,True,-1.6101328756563043,-1.6101328756563043,-3.2202657513126085
59,2,2696.3333333333335,711.0,172,True,-1.4384929212851063,-1.4384929212851063,-2.8769858425702126
59,3,2862.3333333333335,1332.0,184,True,-1.873945224602049,-1.873945224602049,-3.747890449204098
60,0,2794.8333333333335,983.0,179,True,-1.6388950381281766,-1.6388950381281766,-3.277790076256353
60,1,2798.3333333333335,943.0,177,True,-1.6161691859738303,-1.6161691859738303,-3.2323383719476606
60,2,2333.5,1004.0,178,True,-1.4785008125677128,-1.4785008125677128,-2.9570016251354256
60,3,2757.3333333333335,745.0,172,True,-1.481802520001666,-1.481802520001666,-2.963605040003332
61,0,2637.1666666666665,964.0,176,True,-1.5683468414034494,-1.5683468414034494,-3.1366936828068988
61,1,2835.3333333333335,887.0,177,True,-1.5963914961663466,-1.5963914961663466,-3.192782992332693
61,2,2749.3333333333335,853.0,173,True,-1.5437061161346777,-1.5437061161346777,-3.0874122322693553
61,3,2759.3333333333335,1080.0,178,True,-1.68387469789149,-1.68387469789149,-3.36774939578298
62,0,2584.3333333333335,577.0,170,True,-1.3159605748395695,-1.3159605748395695,-2.631921149679139
62,1,2686.3333333333335,384.0,168,True,-1.2382281856821395,-1.2382281856821395,-2.476456371364279
62,2,2661.3333333333335,533.0,171,True,-1.318395673597799,-1.318395673597799,-2.636791347195598
62,3,2603.3333333333335,676.0,173,True,-1.382581360946745,-1.382581360946745,-2.76516272189349
63,0,2648.8333333333335,819.0,176,True,-1.485582782940244,-1.485582782940244,-2.971165565880488
63,1,2759.1666666666665,542.0,171,True,-1.360494884990415,-1.360494884990415,-2.72098976998083
63,2,2812.3333333333335,697.0,173,True,-1.4735830850487532,-1.4735830850487532,-2.9471661700975065
63,3,2700.3333333333335,562.0,171,True,-1.350449777064755,-1.350449777064755,-2.70089955412951
64,0,2779.3333333333335,396.0,168,True,-1.2803176306358854,-1.2803176306358854,-2.560635261271771
64,1,2640.3333333333335,576.0,172,True,-1.336361363446953,-1.336361363446953,-2.672722726893906
64,2,2717.3333333333335,560.0,171,True,-1.355623385282106,-1.355623385282106,-2.711246770564212
64,3,2736.3333333333335,389.0,168,True,-1.259984556004666,-1.259984556004666,-2.519969112009332
65,0,2558.3333333333335,717.0,173,True,-1.3903443776564708,-1.3903443776564708,-2.7806887553129416
65,1,2766.3333333333335,605.0,172,True,-1.4010431858904906,-1.4010431858904906,-2.802086371780981
65,2,2502.3333333333335,748.0,174,True,-1.3879724352029332,-1.3879724352029332,-2.7759448704058665
65,3,2803.3333333333335,707.0,174,True,-1.476217419159929,-1.476217419159929,-2.952434838319858
66,0,2727.0,702.0,173,True,-1.4445852258521537,-1.4445852258521537,-2.8891704517043073
66,1,2501.3333333333335,883.0,177,True,-1.4687272116426364,-1.4687272116426364,-2.937454423285273
66,2,2794.3333333333335,705.0,174,True,-1.4716402148095669,-1.4716402148095669,-2.9432804296191337
66,3,2221.333333333333,576.0,172,True,-1.179223268605717,-1.179223268605717,-2.358446537211434
67,0,2536.3333333333335,1016.0,179,True,-1.5617811900991752,-1.5617811900991752,-3.1235623801983503
67,1,2824.5,781.0,174,True,-1.5286267345195426,-1.5286267345195426,-3.057253469039085
67,2,2628.3333333333335,716.0,173,True,-1.4159956038003163,-1.4159956038003163,-2.8319912076006326
67,3,2646.3333333333335,962.0,178,True,-1.570582704808733,-1.570582704808733,-3.141165409617466
68,0,2637.8333333333335,821.0,176,True,-1.4826593622385194,-1.4826593622385194,-2.9653187244770387
68,1,2452.333333333333,761.0,175,True,-1.3770333725727137,-1.3770333725727137,-2.7540667451454275
68,2,2596.3333333333335,576.0,172,True,-1.3198599883323603,-1.3198599883323603,-2.6397199766647206
68,3,2739.0,824.0,177,True,-1.522402908575714,-1.522402908575714,-3.044805817151428
69,0,2699.3333333333335,520.0,171,True,-1.324834361196766,-1.324834361196766,-2.649668722393532
69,1,2576.1666666666665,708.0,174,True,-1.3916237811484284,-1.3916237811484284,-2.783247562296857
69,2,2526.3333333333335,682.0,174,True,-1.3573097237269767,-1.3573097237269767,-2.7146194474539533
69,3,2633.3333333333335,690.0,174,True,-1.4022457600633385,-1.4022457600633385,-2.804491520126677
70,0,2565.3333333333335,589.0,171,True,-1.3160465195016244,-1.3160465195016244,-2.632093039003249
70,1,2740.8333333333335,662.0,173,True,-1.4257346966413862,-1.4257346966413862,-2.8514693932827724
70,2,2540.3333333333335,437.0,169,True,-1.2153245843403613,-1.2153245843403613,-2.4306491686807226
70,3,2493.8333333333335,520.0,171,True,-1.2477654387865647,-1.2477654387865647,-2.4955308775731293
71,0,2551.3333333333335,619.0,173,True,-1.3288249281190094,-1.3288249281190094,-2.657649856238019
71,1,2633.3333333333335,661.0,174,True,-1.3848178754479534,-1.3848178754479534,-2.769635750895907
71,2,2586.3333333333335,533.0,171,True,-1.2902683296524708,-1.2902683296524708,-2.5805366593049417
71,3,2561.3333333333335,533.0,171,True,-1.280892548337361,-1.280892548337361,-2.561785096674722
72,0,2605.3333333333335,677.0,173,True,-1.3839323849904153,-1.3839323849904153,-2.7678647699808305
72,1,2684.3333333333335,576.0,172,True,-1.3528627385615464,-1.3528627385615464,-2.7057254771230927
72,2,2670.3333333333335,455.0,169,True,-1.2748959548712384,-1.2748959548712384,-2.549791909742477
72,3,2638.3333333333335,934.0,178,True,-1.5507555317109756,-1.5507555317109756,-3.101511063421951
73,0,2609.3333333333335,612.0,173,True,-1.3463700100008331,-1.3463700100008331,-2.6927400200016662
73,1,2570.5,742.0,175,True,-1.4099312963580295,-1.4099312963580295,-2.819862592716059
73,2,2559.3333333333335,619.0,173,True,-1.331825178139844,-1.331825178139844,-2.663650356279688
73,3,2597.3333333333335,697.0,175,True,-1.3929513657388108,-1.3929513657388108,-2.7859027314776217
74,0,2784.3333333333335,719.0,175,True,-1.476303363821984,-1.476303363821984,-2.952606727643968
74,1,2567.3333333333335,619.0,173,True,-1.334825428160679,-1.334825428160679,-2.669650856321358
74,2,2602.3333333333335,419.0,169,True,-1.2277592143095248,-1.2277592143095248,-2.4555184286190497
74,3,2578.3333333333335,636.0,173,True,-1.3491671180931737,-1.3491671180931737,-2.6983342361863474
75,0,2612.3333333333335,924.0,178,True,-1.5349951037586462,-1.5349951037586462,-3.0699902075172925
75,1,2664.3333333333335,619.0,173,True,-1.3712034596633047,-1.3712034596633047,-2.7424069193266094
75,2,2574.3333333333335,677.0,174,True,-1.3723064161596794,-1.3723064161596794,-2.744612832319359
75,3,2618.3333333333335,740.0,175,True,-1.4266683681973489,-1.4266683681973489,-2.8533367363946978
76,0,2639.3333333333335,812.0,177,True,-1.4778132552712724,-1.4778132552712724,-2.9556265105425448
76,1,2583.3333333333335,677.0,174,True,-1.3756816974331183,-1.3756816974331183,-2.7513633948662366
76,2,2663.3333333333335,589.0,172,True,-1.3527995822568541,-1.3527995822568541,-2.7055991645137083
76,3,2592.3333333333335,619.0,173,True,-1.3442012094757891,-1.3442012094757891,-2.6884024189515783
77,0,2277.333333333333,664.0,173,True,-1.2531096341361772,-1.2531096341361772,-2.5062192682723543
77,1,2577.3333333333335,619.0,173,True,-1.3385757406867234,-1.3385757406867234,-2.6771514813734467
77,2,2668.8333333333335,763.0,175,True,-1.4594295618384858,-1.4594295618384858,-2.9188591236769716
77,3,2601.3333333333335,621.0,173,True,-1.3487784138261518,-1.3487784138261518,-2.6975568276523036
78,0,2627.3333333333335,726.0,174,True,-1.4216301879323276,-1.4216301879323276,-2.8432603758646553
78,1,2572.3333333333335,675.0,173,True,-1.370354430577548,-1.370354430577548,-2.740708861155096
78,2,2531.3333333333335,612.0,173,True,-1.3171175722976913,-1.3171175722976913,-2.6342351445953827
78,3,2593.3333333333335,763.0,176,True,-1.4311147022668553,-1.4311147022668553,-2.8622294045337107
79,0,2577.3333333333335,619.0,173,True,-1.3385757406867234,-1.3385757406867234,-2.6771514813734467
79,1,2723.3333333333335,742.0,175,True,-1.4672485727977327,-1.4672485727977327,-2.9344971455954654
79,2,2599.3333333333335,705.0,174,True,-1.398509120551712,-1.398509120551712,-2.797018241103424
79,3,2640.3333333333335,619.0,173,True,-1.362202709600799,-1.362202709600799,-2.724405419201598
80,0,2552.3333333333335,892.0,177,True,-1.4932624593716137,-1.4932624593716137,-2.9865249187432275
80,1,2589.3333333333335,619.0,173,True,-1.3430761157179758,-1.3430761157179758,-2.6861522314359516
80,2,2671.8333333333335,705.0,174,True,-1.4256988863655295,-1.4256988863655295,-2.851397772731059
80,3,2531.3333333333335,619.0,173,True,-1.3213243030669217,-1.3213243030669217,-2.6426486061338434
81,0,2622.3333333333335,735.0,175,True,-1.4251636855154588,-1.4251636855154588,-2.8503273710309176
81,1,2585.3333333333335,677.0,174,True,-1.3764317599383276,-1.3764317599383276,-2.752863519876655
81,2,2550.3333333333335,670.0,174,True,-1.3590989353279428,-1.3590989353279428,-2.7181978706558856
81,3,2554.3333333333335,677.0,174,True,-1.3648057911075913,-1.3648057911075913,-2.7296115822151825
82,0,2547.3333333333335,656.0,174,True,-1.349560380031669,-1.349560380031669,-2.699120760063338
82,1,2586.3333333333335,677.0,174,True,-1.3768067911909319,-1.3768067911909319,-2.7536135823818637
82,2,2587.3333333333335,677.0,173,True,-1.3771818224435364,-1.3771818224435364,-2.7543636448870727
82,3,2537.3333333333335,677.0,174,True,-1.3584302598133173,-1.3584302598133173,-2.7168605196266347
83,0,2627.3333333333335,720.0,175,True,-1.418024418701558,-1.418024418701558,-2.836048837403116
83,1,2544.3333333333335,891.0,178,True,-1.489661247812317,-1.489661247812317,-2.979322495624634
83,2,2531.3333333333335,805.0,176,True,-1.433103149220768,-1.433103149220768,-2.866206298441536
83,3,2556.3333333333335,720.0,175,True,-1.3913971997666468,-1.3913971997666468,-2.7827943995332936
84,0,2570.3333333333335,677.0,174,True,-1.370806291149262,-1.370806291149262,-2.741612582298524
84,1,2575.3333333333335,775.0,176,True,-1.431575678181515,-1.431575678181515,-2.86315135636303
84,2,2566.3333333333335,677.0,174,True,-1.3693061661388446,-1.3693061661388446,-2.738612332277689
84,3,2524.3333333333335,803.0,176,True,-1.4292760073756137,-1.4292760073756137,-2.8585520147512273
85,0,2572.3333333333335,677.0,174,True,-1.3715563536544704,-1.3715563536544704,-2.7431127073089407
85,1,2569.3333333333335,612.0,173,True,-1.3313687598966577,-1.3313687598966577,-2.6627375197933154
85,2,2662.3333333333335,646.0,174,True,-1.3866793586965571,-1.3866793586965571,-2.7733587173931142
85,3,2599.3333333333335,934.0,179,True,-1.5361293128594042,-1.5361293128594042,-3.0722586257188085
86,0,2626.3333333333335,735.0,175,True,-1.4266638105258767,-1.4266638105258767,-2.8533276210517533
86,1,2572.3333333333335,720.0,175,True,-1.3973976998083169,-1.3973976998083169,-2.7947953996166337
86,2,2566.3333333333335,675.0,174,True,-1.3681042430619212,-1.3681042430619212,-2.7362084861238425
86,3,2547.3333333333335,677.0,174,True,-1.362180572339361,-1.362180572339361,-2.724361144678722
87,0,2571.3333333333335,892.0,177,True,-1.5003880531710967,-1.5003880531710967,-3.0007761063421934
87,1,2714.8333333333335,778.0,175,True,-1.4856954225352108,-1.4856954225352108,-2.9713908450704216
87,2,2843.3333333333335,635.0,173,True,-1.447949438494874,-1.447949438494874,-2.895898876989748
87,3,2555.3333333333335,576.0,172,True,-1.3044837069755808,-1.3044837069755808,-2.6089674139511616
88,0,2652.3333333333335,989.0,179,True,-1.5890588538628212,-1.5890588538628212,-3.1781177077256424
88,1,2499.3333333333335,821.0,176,True,-1.4307175337528126,-1.4307175337528126,-2.8614350675056253
88,2,2675.8333333333335,821.0,176,True,-1.4969105498374857,-1.4969105498374857,-2.9938210996749715
88,3,2569.3333333333335,968.0,179,True,-1.5453110675889652,-1.5453110675889652,-3.0906221351779304
89,0,2542.3333333333335,869.0,177,True,-1.4756900314609542,-1.4756900314609542,-2.9513800629219085
89,1,2525.3333333333335,826.0,176,True,-1.4434731540128338,-1.4434731540128338,-2.8869463080256677
89,2,2583.3333333333335,890.0,178,True,-1.5036865051254267,-1.5036865051254267,-3.0073730102508534
89,3,2551.3333333333335,948.0,179,True,-1.5265412742728552,-1.5265412742728552,-3.0530825485457105
90,0,2539.3333333333335,704.0,175,True,-1.3754062838569874,-1.3754062838569874,-2.7508125677139748
90,1,2665.8333333333335,765.0,175,True,-1.4595063911575958,-1.4595063911575958,-2.9190127823151917
90,2,2668.3333333333335,747.0,174,True,-1.449626661596799,-1.449626661596799,-2.899253323193598
90,3,2614.3333333333335,619.0,173,True,-1.3524518970330857,-1.3524518970330857,-2.7049037940661713
91,0,2626.3333333333335,677.0,174,True,-1.3918080412951068,-1.3918080412951068,-2.7836160825902136
91,1,2656.3333333333335,763.0,176,True,-1.4547416711809313,-1.4547416711809313,-2.9094833423618627
91,2,2609.8333333333335,735.0,175,True,-1.420475794857904,-1.420475794857904,-2.840951589715808
91,3,2578.3333333333335,677.0,174,True,-1.3738065411700968,-1.3738065411700968,-2.7476130823401936
92,0,2569.3333333333335,720.0,175,True,-1.3962726060505037,-1.3962726060505037,-2.7925452121010075
92,1,2637.3333333333335,591.0,173,True,-1.3442506927660631,-1.3442506927660631,-2.6885013855321263
92,2,2485.3333333333335,621.0,173,True,-1.3052747885240432,-1.3052747885240432,-2.6105495770480864
92,3,2614.3333333333335,935.0,178,True,-1.5423557431869315,-1.5423557431869315,-3.084711486373863
93,0,2628.3333333333335,704.0,175,True,-1.4087840653387778,-1.4087840653387778,-2.8175681306775555
93,1,2732.3333333333335,562.0,171,True,-1.3624507771480954,-1.3624507771480954,-2.7249015542961907
93,2,2652.3333333333335,683.0,174,True,-1.4051646230935906,-1.4051646230935906,-2.810329246187181
93,3,2622.3333333333335,682.0,174,True,-1.3933127239769976,-1.3933127239769976,-2.786625447953995
94,0,2680.8333333333335,836.0,176,True,-1.5078001291774308,-1.5078001291774308,-3.0156002583548616
94,1,2571.3333333333335,891.0,177,True,-1.4997870916326348,-1.4997870916326348,-2.9995741832652696
94,2,2663.3333333333335,806.0,175,True,-1.4832082361030081,-1.4832082361030081,-2.9664164722060162
94,3,2640.3333333333335,763.0,175,True,-1.448741171139261,-1.448741171139261,-2.897482342278522
95,0,2604.3333333333335,677.0,173,True,-1.383557353737811,-1.383557353737811,-2.767114707475622
95,1,2543.3333333333335,546.0,171,True,-1.2819544857904817,-1.2819544857904817,-2.5639089715809633
95,2,2600.3333333333335,892.0,177,True,-1.5112639594966237,-1.5112639594966237,-3.0225279189932475
95,3,2621.3333333333335,662.0,173,True,-1.3809184619551624,-1.3809184619551624,-2.761836923910325
96,0,2641.3333333333335,663.0,172,True,-1.3890200485457116,-1.3890200485457116,-2.778040097091423
96,1,2507.3333333333335,764.0,174,True,-1.399462976081339,-1.399462976081339,-2.798925952162678
96,2,2726.3333333333335,706.0,173,True,-1.4467390511709302,-1.4467390511709302,-2.8934781023418603
96,3,2605.3333333333335,892.0,177,True,-1.5131391157596459,-1.5131391157596459,-3.0262782315192918
97,0,2561.3333333333335,662.0,173,True,-1.3584165867988998,-1.3584165867988998,-2.7168331735977995
97,1,2709.8333333333335,720.0,174,True,-1.4489644970414195,-1.4489644970414195,-2.897928994082839
97,2,2554.3333333333335,664.0,173,True,-1.3569932911075917,-1.3569932911075917,-2.7139865822151834
97,3,2615.8333333333335,763.0,174,True,-1.4395529054504537,-1.4395529054504537,-2.8791058109009073
98,0,2624.3333333333335,492.0,170,True,-1.279880094174514,-1.279880094174514,-2.559760188349028
98,1,2656.3333333333335,750.0,174,True,-1.4469291711809305,-1.4469291711809305,-2.893858342361861
98,2,2505.3333333333335,662.0,173,True,-1.3374148366530545,-1.3374148366530545,-2.674829673306109
98,3,2553.3333333333335,662.0,173,True,-1.355416336778064,-1.355416336778064,-2.710832673556128
99,0,2659.8333333333335,720.0,174,True,-1.4302129344112,-1.4302129344112,-2.8604258688224
99,1,2498.3333333333335,748.0,174,True,-1.386472310192516,-1.386472310192516,-2.772944620385032
99,2,2711.8333333333335,720.0,174,True,-1.4497145595466279,-1.4497145595466279,-2.8994291190932557
99,3,2586.3333333333335,806.0,175,True,-1.4543308296524706,-1.4543308296524706,-2.9086616593049412
100,0,2867.0,724.0,174,True,-1.5103107550629211,-1.5103107550629211,-3.0206215101258422
100,1,2640.3333333333335,748.0,174,True,-1.4397267480623384,-1.4397267480623384,-2.8794534961246767
100,2,2658.8333333333335,720.0,174,True,-1.4298379031585957,-1.4298379031585957,-2.8596758063171914
100,3,2579.3333333333335,593.0,172,True,-1.3237008031919322,-1.3237008031919322,-2.6474016063838643
101,0,2598.3333333333335,677.0,174,True,-1.3813071662221845,-1.3813071662221845,-2.762614332444369
101,1,2551.3333333333335,791.0,174,True,-1.4321903127343933,-1.4321903127343933,-2.8643806254687867
101,2,2584.3333333333335,720.0,174,True,-1.401898074839569,-1.401898074839569,-2.803796149679138
101,3,2699.8333333333335,720.0,174,True,-1.4452141845153756,-1.4452141845153756,-2.8904283690307513
102,0,2564.3333333333335,610.0,173,True,-1.3282916805567127,-1.3282916805567127,-2.6565833611134253
102,1,2547.3333333333335,662.0,173,True,-1.3531661492624378,-1.3531661492624378,-2.7063322985248757
102,2,2651.3333333333335,807.0,175,True,-1.4793088226102167,-1.4793088226102167,-2.9586176452204334
102,3,2668.8333333333335,720.0,174,True,-1.4335882156846405,-1.4335882156846405,-2.867176431369281
103,0,2533.3333333333335,833.0,176,True,-1.4506801348028997,-1.4506801348028997,-2.9013602696057994
103,1,2580.3333333333335,720.0,174,True,-1.400397949829152,-1.400397949829152,-2.800795899658304
103,2,2696.8333333333335,720.0,174,True,-1.4440890907575623,-1.4440890907575623,-2.8881781815151246
103,3,2593.3333333333335,662.0,173,True,-1.3704175868822392,-1.3704175868822392,-2.7408351737644785
104,0,2529.3333333333335,866.0,176,True,-1.4690117405617125,-1.4690117405617125,-2.938023481123425
104,1,2583.3333333333335,849.0,176,True,-1.4790470820485035,-1.4790470820485035,-2.958094164097007
104,2,2563.3333333333335,849.0,176,True,-1.471546456996416,-1.471546456996416,-2.943092913992832
104,3,2567.3333333333335,780.0,174,True,-1.431580235852987,-1.431580235852987,-2.863160471705974
105,0,2538.3333333333335,720.0,174,True,-1.3846466372197679,-1.3846466372197679,-2.7692932744395358
105,1,2491.3333333333335,713.0,174,True,-1.3628134375781304,-1.3628134375781304,-2.725626875156261
105,2,2552.3333333333335,720.0,174,True,-1.3898970747562291,-1.3898970747562291,-2.7797941495124583
105,3,2580.3333333333335,883.0,178,True,-1.4983546805983827,-1.4983546805983827,-2.9967093611967655
106,0,2613.3333333333335,849.0,176,True,-1.490298019626635,-1.490298019626635,-2.98059603925327
106,1,2550.3333333333335,778.0,175,True,-1.4240027814817893,-1.4240027814817893,-2.8480055629635785
106,2,2695.8333333333335,778.0,175,True,-1.4785698287357272,-1.4785698287357272,-2.9571396574714544
106,3,2601.3333333333335,655.0,173,True,-1.369211106133844,-1.369211106133844,-2.738422212267688
107,0,2442.3333333333335,1077.0,181,True,-1.5631869062005161,-1.5631869062005161,-3.1263738124010323
107,1,2658.8333333333335,720.0,174,True,-1.4298379031585964,-1.4298379031585964,-2.8596758063171928
107,2,2665.8333333333335,720.0,174,True,-1.4324631219268265,-1.4324631219268265,-2.864926243853653
107,3,2778.8333333333335,963.0,179,True,-1.6208753073172752,-1.6208753073172752,-3.2417506146345505
108,0,2646.3333333333335,991.0,179,True,-1.5880105894241188,-1.5880105894241188,-3.1760211788482375
108,1,2736.8333333333335,1007.0,179,True,-1.631566302400199,-1.631566302400199,-3.263132604800398
108,2,2735.8333333333335,922.0,177,True,-1.5801095403783645,-1.5801095403783645,-3.160219080756729
108,3,2803.8333333333335,1081.0,179,True,-1.7011645501708466,-1.7011645501708466,-3.402329100341693
109,0,2725.8333333333335,778.0,175,True,-1.489820766313859,-1.489820766313859,-2.979641532627718
109,1,2751.8333333333335,921.0,178,True,-1.5855090788815727,-1.5855090788815727,-3.1710181577631453
109,2,2680.8333333333335,922.0,177,True,-1.5594828214851235,-1.5594828214851235,-3.118965642970247
109,3,2636.3333333333335,972.0,178,True,-1.5728420076673044,-1.5728420076673044,-3.145684015334609
110,0,2143.333333333333,1027.0,177,True,-1.4210044847487284,-1.4210044847487284,-2.842008969497457
110,1,2735.5,976.0,178,True,-1.6124364530377524,-1.6124364530377524,-3.224872906075505
110,2,2054.333333333333,936.0,175,True,-1.3329392032669385,-1.3329392032669385,-2.665878406533877
110,3,2306.333333333333,1157.0,180,True,-1.560259578923243,-1.560259578923243,-3.120519157846486
111,0,2359.666666666667,1170.0,180,True,-1.5880737457288099,-1.5880737457288099,-3.1761474914576198
111,1,2251.333333333333,821.0,174,True,-1.3377097831069251,-1.3377097831069251,-2.6754195662138502
111,2,2083.8333333333335,806.0,175,True,-1.265877625218768,-1.265877625218768,-2.531755250437536
111,3,2810.5,839.0,174,True,-1.5582320662138498,-1.5582320662138498,-3.1164641324276996
112,0,2002.8333333333335,698.0,172,True,-1.1705962476039662,-1.1705962476039662,-2.3411924952079324
112,1,2916.5,760.0,172,True,-1.5505094174514538,-1.5505094174514538,-3.1010188349029075
112,2,2994.5,867.0,175,True,-1.6440647397699795,-1.6440647397699795,-3.288129479539959
112,3,2847.5,905.0,176,True,-1.6117716840986744,-1.6117716840986744,-3.223543368197349
113,0,2378.333333333333,752.0,173,True,-1.3438724060338358,-1.3438724060338358,-2.6877448120676717
113,1,2877.0,605.0,171,True,-1.4425466445120418,-1.4425466445120418,-2.8850932890240837
113,2,2772.5,757.0,173,True,-1.4947020324610376,-1.4947020324610376,-2.989404064922075
113,3,2097.333333333333,705.0,174,True,-1.2102434317443107,-1.2102434317443107,-2.4204868634886214
114,0,2294.333333333333,565.0,171,True,-1.1999899731227595,-1.1999899731227595,-2.399979946245519
114,1,2921.0,939.0,176,True,-1.6597691734727882,-1.6597691734727882,-3.3195383469455764
114,2,2837.5,628.0,172,True,-1.4415550254187837,-1.4415550254187837,-2.8831100508375673
114,3,2471.3333333333335,559.0,171,True,-1.2627647356029665,-1.2627647356029665,-2.525529471205933
115,0,1999.8333333333335,980.0,179,True,-1.3389423076923077,-1.3389423076923077,-2.6778846153846154
115,1,2169.0,1226.0,178,True,-1.5502216330527543,-1.5502216330527543,-3.1004432661055086
115,2,2298.333333333333,903.0,175,True,-1.4046150981331773,-1.4046150981331773,-2.8092301962663546
115,3,1999.8333333333335,938.0,176,True,-1.313701923076923,-1.313701923076923,-2.627403846153846
116,0,2758.3333333333335,1054.0,180,True,-1.6678746666388862,-1.6678746666388862,-3.3357493332777723
116,1,2788.3333333333335,834.0,175,True,-1.546914065755479,-1.546914065755479,-3.093828131510958
116,2,2639.3333333333335,940.0,176,True,-1.554736332194349,-1.554736332194349,-3.109472664388698
116,3,2044.8333333333335,1296.0,182,True,-1.5457225602133504,-1.5457225602133504,-3.091445120426701
117,0,2443.3333333333335,930.0,176,True,-1.4752205912992744,-1.4752205912992744,-2.950441182598549
117,1,2893.3333333333335,979.0,176,True,-1.6734317703558623,-1.6734317703558623,-3.3468635407117246
117,2,2800.3333333333335,713.0,172,True,-1.4786980946328854,-1.4786980946328854,-2.9573961892657707
117,3,2002.8333333333335,459.0,169,True,-1.0269664399116587,-1.0269664399116587,-2.0539328798233174
118,0,2449.3333333333335,1132.0,179,True,-1.5988650095841315,-1.5988650095841315,-3.197730019168263
118,1,2778.8333333333335,1128.0,177,True,-1.7200339611634297,-1.7200339611634297,-3.4400679223268593
118,2,2842.3333333333335,639.0,172,True,-1.4499782533961156,-1.4499782533961156,-2.8999565067922313
118,3,2435.3333333333335,765.0,175,True,-1.373061687432285,-1.373061687432285,-2.74612337486457
119,0,2297.333333333333,965.0,178,True,-1.441499682265188,-1.441499682265188,-2.882999364530376
119,1,2425.0,770.0,173,True,-1.3721911721810147,-1.3721911721810147,-2.7443823443620294
119,2,1999.8333333333335,792.0,175,True,-1.225961538461538,-1.225961538461538,-2.451923076923076
119,3,2451.5,854.0,177,True,-1.4326102696057998,-1.4326102696057998,-2.8652205392115997
120,0,2197.8333333333335,856.0,176,True,-1.338679264938744,-1.338679264938744,-2.677358529877488
120,1,2119.8333333333335,1098.0,181,True,-1.4548595195432947,-1.4548595195432947,-2.9097190390865895
120,2,2122.8333333333335,1101.0,178,True,-1.4577874979164924,-1.4577874979164924,-2.915574995832985
120,3,2041.8333333333335,735.0,170,True,-1.2074580433786146,-1.2074580433786146,-2.4149160867572292
121,0,2002.8333333333335,845.0,174,True,-1.2589375937578127,-1.2589375937578127,-2.5178751875156253
121,1,2588.5,1380.0,182,True,-1.8000953204433692,-1.8000953204433692,-3.6001906408867383
121,2,2300.0,959.0,175,True,-1.4388939963746972,-1.4388939963746972,-2.8777879927493943
121,3,2045.8333333333335,838.0,175,True,-1.2708572068505706,-1.2708572068505706,-2.541714413701141
122,0,2336.0,1323.0,181,True,-1.6711451214684545,-1.6711451214684545,-3.342290242936909
122,1,2167.8333333333335,1081.0,179,True,-1.4626446735144583,-1.4626446735144583,-2.9252893470289165
122,2,2326.0,784.0,173,True,-1.3434765397116422,-1.3434765397116422,-2.6869530794232843
122,3,2086.8333333333335,1051.0,178,True,-1.414238295899658,-1.414238295899658,-2.828476591799316
123,0,2041.8333333333335,744.0,173,True,-1.212866697224768,-1.212866697224768,-2.425733394449536
123,1,2083.8333333333335,550.0,169,True,-1.1120314713726138,-1.1120314713726138,-2.2240629427452276
123,2,2322.333333333333,751.0,172,True,-1.3222696943495291,-1.3222696943495291,-2.6445393886990582
123,3,2878.5,736.0,173,True,-1.52183515292941,-1.52183515292941,-3.04367030585882
124,0,2629.8333333333335,848.0,175,True,-1.4958850737561453,-1.4958850737561453,-2.9917701475122906
124,1,2607.0,836.0,174,True,-1.4801103216934735,-1.4801103216934735,-2.960220643386947
124,2,2711.666666666667,931.0,177,True,-1.5764549389532447,-1.5764549389532447,-3.1529098779064895
124,3,2362.5,921.0,176,True,-1.439496911200933,-1.439496911200933,-2.878993822401866
125,0,2729.3333333333335,708.0,173,True,-1.4490660680056664,-1.4490660680056664,-2.898132136011333
125,1,2190.333333333333,627.0,170,True,-1.1982463382365192,-1.1982463382365192,-2.3964926764730383
125,2,2565.0,586.0,170,True,-1.3141186244687055,-1.3141186244687055,-2.628237248937411
125,3,2553.5,1179.0,181,True,-1.6661759573714463,-1.6661759573714463,-3.3323519147428926
126,0,2389.5,904.0,175,True,-1.4394064088674046,-1.4394064088674046,-2.878812817734809
126,1,2646.8333333333335,556.0,170,True,-1.326779835819651,-1.326779835819651,-2.653559671639302
126,2,2168.8333333333335,620.0,170,True,-1.1859764355362943,-1.1859764355362943,-2.3719528710725886
126,3,2802.3333333333335,877.0,177,True,-1.5780058494457863,-1.5780058494457863,-3.1560116988915725
127,0,2169.0,614.0,170,True,-1.1824331715142926,-1.1824331715142926,-2.3648663430285852
127,1,2044.8333333333335,843.0,174,True,-1.2734869832902738,-1.2734869832902738,-2.5469739665805475
127,2,2480.0,751.0,173,True,-1.3813996218434863,-1.3813996218434863,-2.7627992436869726
127,3,2081.8333333333335,618.0,172,True,-1.15214679348279,-1.15214679348279,-2.30429358696558
128,0,2749.5,686.0,172,True,-1.4434080444203679,-1.4434080444203679,-2.8868160888407357
128,1,2696.3333333333335,926.0,176,True,-1.5676996520543374,-1.5676996520543374,-3.1353993041086747
128,2,2777.8333333333335,529.0,170,True,-1.3596829683723637,-1.3596829683723637,-2.7193659367447274
128,3,2723.5,569.0,170,True,-1.363344731852654,-1.363344731852654,-2.726689463705308
129,0,1999.8333333333335,566.0,170,True,-1.0901442307692304,-1.0901442307692304,-2.180288461538461
129,1,2796.8333333333335,640.0,171,True,-1.4335152929410777,-1.4335152929410777,-2.8670305858821554
129,2,2695.3333333333335,300.0,167,True,-1.19112269772481,-1.19112269772481,-2.38224539544962
129,3,2080.8333333333335,666.0,173,True,-1.1806179160763395,-1.1806179160763395,-2.361235832152679
130,0,2669.5,541.0,171,True,-1.3262661211350937,-1.3262661211350937,-2.6525322422701874
130,1,2743.3333333333335,608.0,172,True,-1.3942203516959735,-1.3942203516959735,-2.788440703391947
130,2,2044.8333333333335,622.0,172,True,-1.1406744832902735,-1.1406744832902735,-2.281348966580547
130,3,2668.3333333333335,831.0,175,True,-1.5001074308275684,-1.5001074308275684,-3.0002148616551367
131,0,2673.3333333333335,584.0,172,True,-1.35354508709059,-1.35354508709059,-2.70709017418118
131,1,2753.3333333333335,407.0,169,True,-1.2771773949912486,-1.2771773949912486,-2.554354789982497
131,2,2712.3333333333335,520.0,170,True,-1.3297097674806226,-1.3297097674806226,-2.6594195349612453
131,3,2775.5,560.0,170,True,-1.3774377031419278,-1.3774377031419278,-2.7548754062838556
132,0,2551.3333333333335,533.0,171,True,-1.2771422358113167,-1.2771422358113167,-2.5542844716226334
132,1,2002.8333333333335,377.0,168,True,-0.9776875937578127,-0.9776875937578127,-1.9553751875156253
132,2,2695.3333333333335,555.0,172,True,-1.344367890032502,-1.344367890032502,-2.688735780065004
132,3,2748.5,501.0,170,True,-1.3318551285523788,-1.3318551285523788,-2.6637102571047575
133,0,2517.3333333333335,576.0,172,True,-1.2902325193766138,-1.2902325193766138,-2.5804650387532275
133,1,2713.3333333333335,625.0,172,True,-1.3931857602716886,-1.3931857602716886,-2.7863715205433772
133,2,2653.3333333333335,506.0,170,True,-1.2991694620385026,-1.2991694620385026,-2.598338924077005
133,3,2567.3333333333335,589.0,171,True,-1.3167965820068332,-1.3167965820068332,-2.6335931640136665
134,0,2738.3333333333335,648.0,173,True,-1.4163836569714134,-1.4163836569714134,-2.832767313942827
134,1,2002.8333333333335,640.0,173,True,-1.135740478373197,-1.135740478373197,-2.271480956746394
134,2,2696.3333333333335,540.0,171,True,-1.3357284982081834,-1.3357284982081834,-2.671456996416367
134,3,2639.3333333333335,604.0,172,True,-1.352813255271272,-1.352813255271272,-2.705626510542544
135,0,2669.3333333333335,589.0,172,True,-1.3550497697724802,-1.3550497697724802,-2.7100995395449603
135,1,2737.3333333333335,511.0,170,True,-1.3336768949495783,-1.3336768949495783,-2.6673537898991566
135,2,2722.3333333333335,461.0,168,True,-1.2980033492374357,-1.2980033492374357,-2.5960066984748713
135,3,2626.3333333333335,621.0,173,True,-1.3581541951412612,-1.3581541951412612,-2.7163083902825225
136,0,2658.3333333333335,677.0,174,True,-1.4038090413784472,-1.4038090413784472,-2.8076180827568944
136,1,1999.8333333333335,439.0,169,True,-1.0138221153846152,-1.0138221153846152,-2.0276442307692304
136,2,2679.3333333333335,505.0,170,True,-1.308319313067755,-1.308319313067755,-2.61663862613551
136,3,2622.3333333333335,538.0,171,True,-1.3067742624385357,-1.3067742624385357,-2.6135485248770713
137,0,2657.3333333333335,589.0,171,True,-1.3505493947412277,-1.3505493947412277,-2.7010987894824554
137,1,2530.3333333333335,576.0,171,True,-1.2951079256604712,-1.2951079256604712,-2.5902158513209423
137,2,2645.3333333333335,662.0,174,True,-1.3899192120176673,-1.3899192120176673,-2.7798384240353347
137,3,2104.333333333333,763.0,173,True,-1.2477244197433115,-1.2477244197433115,-2.495448839486623
138,0,2577.3333333333335,662.0,172,True,-1.3644170868405696,-1.3644170868405696,-2.7288341736811392
138,1,2624.3333333333335,763.0,175,True,-1.442740671097591,-1.442740671097591,-2.885481342195182
138,2,2671.3333333333335,576.0,171,True,-1.3479873322776892,-1.3479873322776892,-2.6959746645553784
138,3,2692.3333333333335,393.0,167,True,-1.2458870270439197,-1.2458870270439197,-2.4917740540878395
139,0,2601.3333333333335,557.0,172,True,-1.3103168753646128,-1.3103168753646128,-2.6206337507292257
139,1,2829.3333333333335,804.0,176,True,-1.5442615009584122,-1.5442615009584122,-3.0885230019168244
139,2,2605.3333333333335,456.0,170,True,-1.251119884990415,-1.251119884990415,-2.50223976998083
139,3,2591.3333333333335,662.0,173,True,-1.3696675243770309,-1.3696675243770309,-2.7393350487540618
140,0,2653.3333333333335,862.0,177,True,-1.5131117697308099,-1.5131117697308099,-3.0262235394616197
140,1,2650.3333333333335,497.0,171,True,-1.2926357144345355,-1.2926357144345355,-2.585271428869071
140,2,2563.3333333333335,449.0,169,True,-1.2311618416118004,-1.2311618416118004,-2.462323683223601
140,3,2569.3333333333335,490.0,171,True,-1.2580514522043496,-1.2580514522043496,-2.516102904408699
141,0,2841.3333333333335,677.0,174,True,-1.4724397606050497,-1.4724397606050497,-2.9448795212100993
141,1,2798.8333333333335,588.0,172,True,-1.4030153554462865,-1.4030153554462865,-2.806030710892573
141,2,2609.3333333333335,619.0,172,True,-1.350576740770063,-1.350576740770063,-2.701153481540126
141,3,2650.3333333333335,449.0,170,True,-1.2637895605883818,-1.2637895605883818,-2.5275791211767635
142,0,2572.3333333333335,642.0,172,True,-1.3505226998083173,-1.3505226998083173,-2.7010453996166346
142,1,2681.3333333333335,494.0,169,True,-1.3024587986498868,-1.3024587986498868,-2.6049175972997736
142,2,2697.3333333333335,763.0,175,True,-1.4701179525377106,-1.4701179525377106,-2.940235905075421
142,3,2618.3333333333335,998.0,180,True,-1.581716445120426,-1.581716445120426,-3.163432890240852
143,0,2593.3333333333335,679.0,174,True,-1.3806339330360857,-1.3806339330360857,-2.7612678660721715
143,1,2531.3333333333335,621.0,173,True,-1.3225262261438446,-1.3225262261438446,-2.6450524522876893
143,2,2597.3333333333335,642.0,173,True,-1.359898481123426,-1.359898481123426,-2.719796962246852
143,3,2588.3333333333335,612.0,173,True,-1.3384943536961416,-1.3384943536961416,-2.676988707392283
144,0,2936.3333333333335,1042.0,179,True,-1.7274186911409277,-1.7274186911409277,-3.4548373822818554
144,1,2618.3333333333335,727.0,174,True,-1.418855868197349,-1.418855868197349,-2.837711736394698
144,2,2721.3333333333335,911.0,177,True,-1.5680610102925234,-1.5680610102925234,-3.136122020585047
144,3,2781.3333333333335,651.0,172,True,-1.4343128854487865,-1.4343128854487865,-2.868625770897573
145,0,2654.3333333333335,698.0,173,True,-1.4149291086757223,-1.4149291086757223,-2.8298582173514446
145,1,2633.3333333333335,763.0,175,True,-1.44611595237103,-1.44611595237103,-2.89223190474206
145,2,2712.3333333333335,503.0,170,True,-1.3194934213267766,-1.3194934213267766,-2.638986842653553
145,3,2591.3333333333335,705.0,173,True,-1.3955088705308767,-1.3955088705308767,-2.7910177410617534
146,0,2530.3333333333335,720.0,175,True,-1.3816463871989328,-1.3816463871989328,-2.7632927743978657
146,1,2609.3333333333335,576.0,171,True,-1.3247353946162175,-1.3247353946162175,-2.649470789232435
146,2,2585.3333333333335,619.0,172,True,-1.3415759907075586,-1.3415759907075586,-2.6831519814151172
146,3,2678.3333333333335,576.0,171,True,-1.35061255104592,-1.35061255104592,-2.70122510209184
147,0,2530.3333333333335,655.0,174,True,-1.3425838871989328,-1.3425838871989328,-2.6851677743978657
147,1,2595.3333333333335,583.0,171,True,-1.3236916878489866,-1.3236916878489866,-2.647383375697973
147,2,2596.3333333333335,576.0,172,True,-1.31985998833236,-1.31985998833236,-2.63971997666472
147,3,2613.3333333333335,848.0,178,True,-1.4896970580881739,-1.4896970580881739,-2.9793941161763478
148,0,2639.3333333333335,845.0,175,True,-1.4976449860405026,-1.4976449860405026,-2.995289972081005
148,1,2692.3333333333335,619.0,172,True,-1.381704334736227,-1.381704334736227,-2.763408669472454
148,2,2672.3333333333335,634.0,173,True,-1.3832181327610626,-1.3832181327610626,-2.7664362655221253
148,3,2002.8333333333335,497.0,170,True,-1.0498029783731975,-1.0498029783731975,-2.099605956746395
149,0,2675.3333333333335,555.0,171,True,-1.3368672649804145,-1.3368672649804145,-2.673734529960829
149,1,2633.3333333333335,612.0,173,True,-1.3553707600633385,-1.3553707600633385,-2.710741520126677
149,2,2631.3333333333335,720.0,175,True,-1.4195245437119755,-1.4195245437119755,-2.839049087423951
149,3,2836.3333333333335,619.0,171,True,-1.4357088351112586,-1.4357088351112586,-2.871417670222517
150,0,2637.3333333333335,677.0,173,True,-1.3959333850737556,-1.3959333850737556,-2.7918667701475113
150,1,2725.3333333333335,691.0,174,True,-1.437349596841403,-1.437349596841403,-2.874699193682806
150,2,2662.3333333333335,677.0,173,True,-1.405309166388865,-1.405309166388865,-2.81061833277773
150,3,2673.3333333333335,677.0,173,True,-1.409434510167513,-1.409434510167513,-2.818869020335026
151,0,2579.3333333333335,655.0,173,True,-1.3609604185765471,-1.3609604185765471,-2.7219208371530943
151,1,2608.3333333333335,550.0,171,True,-1.3087353633636127,-1.3087353633636127,-2.6174707267272255
151,2,2703.3333333333335,497.0,169,True,-1.3125123708225679,-1.3125123708225679,-2.6250247416451358
151,3,2814.3333333333335,427.0,168,True,-1.3120735321693466,-1.3120735321693466,-2.6241470643386933
152,0,2742.3333333333335,712.0,173,True,-1.4563453204433692,-1.4563453204433692,-2.9126906408867383
152,1,2694.3333333333335,614.0,172,True,-1.379449589549128,-1.379449589549128,-2.758899179098256
152,2,2854.3333333333335,706.0,173,True,-1.4947430515042917,-1.4947430515042917,-2.9894861030085833
152,3,2662.3333333333335,720.0,174,True,-1.4311505125427113,-1.4311505125427113,-2.8623010250854226
153,0,2693.3333333333335,599.0,171,True,-1.370060135219601,-1.370060135219601,-2.740120270439202
153,1,2681.3333333333335,648.0,173,True,-1.3950068755729637,-1.3950068755729637,-2.7900137511459273
153,2,2002.8333333333335,404.0,168,True,-0.9939135552962741,-0.9939135552962741,-1.9878271105925482
153,3,2692.3333333333335,605.0,171,True,-1.3732908731977658,-1.3732908731977658,-2.7465817463955315
154,0,2577.3333333333335,720.0,174,True,-1.3992728560713388,-1.3992728560713388,-2.7985457121426776
154,1,2672.3333333333335,619.0,172,True,-1.3742037096841397,-1.3742037096841397,-2.7484074193682795
154,2,2605.3333333333335,619.0,173,True,-1.349076615759646,-1.349076615759646,-2.698153231519292
154,3,2743.3333333333335,523.0,170,True,-1.3431386209267433,-1.3431386209267433,-2.6862772418534866
155,0,2663.3333333333335,619.0,173,True,-1.3708284284107,-1.3708284284107,-2.7416568568214
155,1,2538.3333333333335,677.0,174,True,-1.358805291065922,-1.358805291065922,-2.717610582131844
155,2,2628.3333333333335,891.0,178,True,-1.5211638730310852,-1.5211638730310852,-3.0423277460621705
155,3,2592.3333333333335,662.0,174,True,-1.370042555629635,-1.370042555629635,-2.74008511125927
156,0,2727.3333333333335,806.0,176,True,-1.5072102362696886,-1.5072102362696886,-3.0144204725393773
156,1,2626.3333333333335,662.0,174,True,-1.3827936182181841,-1.3827936182181841,-2.7655872364363683
156,2,2652.3333333333335,703.0,175,True,-1.4171838538628214,-1.4171838538628214,-2.834367707725643
156,3,2682.3333333333335,619.0,173,True,-1.3779540222101834,-1.3779540222101834,-2.7559080444203667
157,0,2661.3333333333335,632.0,173,True,-1.3778908659054911,-1.3778908659054911,-2.7557817318109823
157,1,2760.3333333333335,512.0,171,True,-1.3429035752979408,-1.3429035752979408,-2.6858071505958816
157,2,2610.3333333333335,589.0,172,True,-1.332922925868822,-1.332922925868822,-2.665845851737644
157,3,2646.3333333333335,720.0,175,True,-1.425150012501041,-1.425150012501041,-2.850300025002082
158,0,2716.3333333333335,512.0,170,True,-1.3264022001833482,-1.3264022001833482,-2.6528044003666964
158,1,2666.3333333333335,691.0,174,True,-1.4152227529377444,-1.4152227529377444,-2.8304455058754887
158,2,2596.3333333333335,449.0,170,True,-1.243537872947745,-1.243537872947745,-2.48707574589549
158,3,2626.3333333333335,619.0,173,True,-1.3569522720643379,-1.3569522720643379,-2.7139045441286758
159,0,2664.3333333333335,492.0,171,True,-1.2948813442786893,-1.2948813442786893,-2.5897626885573786
159,1,2771.3333333333335,620.0,172,True,-1.411932765230435,-1.411932765230435,-2.82386553046087
159,2,2627.3333333333335,662.0,174,True,-1.3831686494707882,-1.3831686494707882,-2.7663372989415764
159,3,2706.3333333333335,606.0,172,True,-1.3791422722726885,-1.3791422722726885,-2.758284544545377
160,0,2705.3333333333335,449.0,170,True,-1.284416279481623,-1.284416279481623,-2.568832558963246
160,1,2811.3333333333335,589.0,173,True,-1.408304207642303,-1.408304207642303,-2.816608415284606
160,2,2922.3333333333335,804.0,177,True,-1.5791394074506202,-1.5791394074506202,-3.1582788149012404
160,3,2646.3333333333335,632.0,172,True,-1.372265397116426,-1.372265397116426,-2.744530794232852
161,0,2671.3333333333335,693.0,174,True,-1.4182998322776894,-1.4182998322776894,-2.836599664555379
161,1,2743.8333333333335,572.0,172,True,-1.3727732519376603,-1.3727732519376603,-2.7455465038753206
161,2,2668.3333333333335,492.0,171,True,-1.2963814692891074,-1.2963814692891074,-2.5927629385782147
161,3,2635.8333333333335,670.0,174,True,-1.3911641074256182,-1.3911641074256182,-2.7823282148512365
162,0,2002.8333333333335,541.0,171,True,-1.0762452860655052,-1.0762452860655052,-2.1524905721310104
162,1,2780.3333333333335,563.0,172,True,-1.3810532388115673,-1.3810532388115673,-2.7621064776231345
162,2,2732.3333333333335,333.0,167,True,-1.2248305848404024,-1.2248305848404024,-2.449661169680805
162,3,2645.3333333333335,554.0,172,True,-1.3250153658638213,-1.3250153658638213,-2.6500307317276426
163,0,2803.3333333333335,619.0,173,True,-1.423332803775314,-1.423332803775314,-2.846665607550628
163,1,2794.3333333333335,620.0,173,True,-1.420558484040336,-1.420558484040336,-2.841116968080672
163,2,2685.3333333333335,478.0,170,True,-1.2943435390449196,-1.2943435390449196,-2.588687078089839
163,3,2708.3333333333335,478.0,170,True,-1.3029692578548204,-1.3029692578548204,-2.605938515709641
164,0,2851.3333333333335,720.0,175,True,-1.5020314192849398,-1.5020314192849398,-3.0040628385698795
164,1,2663.3333333333335,521.0,171,True,-1.3119341976414693,-1.3119341976414693,-2.6238683952829387
164,2,2648.3333333333335,492.0,171,True,-1.2888808442370194,-1.2888808442370194,-2.577761688474039
164,3,2678.3333333333335,521.0,171,True,-1.3175596664305356,-1.3175596664305356,-2.635119332861071
165,0,2678.3333333333335,632.0,173,True,-1.3842663971997657,-1.3842663971997657,-2.7685327943995315
165,1,2677.3333333333335,511.0,171,True,-1.3111750197933156,-1.3111750197933156,-2.6223500395866313
165,2,2624.3333333333335,763.0,176,True,-1.442740671097591,-1.442740671097591,-2.885481342195182
165,3,2719.3333333333335,619.0,173,True,-1.391830178556546,-1.391830178556546,-2.783660357113092
166,0,2658.3333333333335,449.0,170,True,-1.2667898106092168,-1.2667898106092168,-2.5335796212184336
166,1,2755.3333333333335,341.0,167,True,-1.2382639959579957,-1.2382639959579957,-2.4765279919159915
166,2,2718.3333333333335,571.0,172,True,-1.3626089934577874,-1.3626089934577874,-2.725217986915575
166,3,2674.3333333333335,691.0,174,True,-1.418223002958579,-1.418223002958579,-2.836446005917158
167,0,2792.3333333333335,315.0,167,True,-1.236515152304358,-1.236515152304358,-2.473030304608716
167,1,2767.3333333333335,506.0,170,True,-1.3419230248354022,-1.3419230248354022,-2.6838460496708043
167,2,2768.3333333333335,691.0,173,True,-1.4534759407033915,-1.4534759407033915,-2.906951881406783
167,3,2002.8333333333335,651.0,172,True,-1.1423510552962743,-1.1423510552962743,-2.2847021105925487
168,0,2782.3333333333335,521.0,171,True,-1.3565629167013908,-1.3565629167013908,-2.7131258334027817
168,1,2749.3333333333335,507.0,170,True,-1.3357734238269847,-1.3357734238269847,-2.6715468476539694
168,2,2788.3333333333335,749.0,175,True,-1.4958323349862481,-1.4958323349862481,-2.9916646699724962
168,3,2760.3333333333335,565.0,170,True,-1.3747545368364023,-1.3747545368364023,-2.7495090736728045
169,0,2617.3333333333335,514.0,171,True,-1.290476029252437,-1.290476029252437,-2.580952058504874
169,1,2557.3333333333335,621.0,173,True,-1.3322770387115588,-1.3322770387115588,-2.6645540774231176
169,2,2816.3333333333335,454.0,170,True,-1.3290495562130171,-1.3290495562130171,-2.6580991124260342
169,3,2667.3333333333335,928.0,177,True,-1.5580256688057335,-1.5580256688057335,-3.116051337611467
170,0,2739.3333333333335,586.0,172,True,-1.3794990728394023,-1.3794990728394023,-2.7589981456788046
170,1,2672.3333333333335,449.0,170,True,-1.2720402481456785,-1.2720402481456785,-2.544080496291357
170,2,2564.3333333333335,520.0,171,True,-1.2742051420951739,-1.2742051420951739,-2.5484102841903478
170,3,2642.3333333333335,521.0,171,True,-1.3040585413367778,-1.3040585413367778,-2.6081170826735556
171,0,2677.3333333333335,664.0,174,True,-1.4031221351779308,-1.4031221351779308,-2.8062442703558617
171,1,2731.3333333333335,693.0,174,True,-1.440801707433952,-1.440801707433952,-2.881603414867904
171,2,2733.3333333333335,479.0,170,True,-1.3129460007083915,-1.3129460007083915,-2.625892001416783
171,3,2701.3333333333335,628.0,173,True,-1.3904882698558205,-1.3904882698558205,-2.780976539711641
172,0,2645.3333333333335,892.0,177,True,-1.528140365863821,-1.528140365863821,-3.056280731727642
172,1,2657.3333333333335,870.0,177,True,-1.5194195870489204,-1.5194195870489204,-3.038839174097841
172,2,2790.3333333333335,376.0,168,True,-1.2724237436453032,-1.2724237436453032,-2.5448474872906064
172,3,2530.3333333333335,619.0,173,True,-1.3209492718143174,-1.3209492718143174,-2.641898543628635
173,0,2650.8333333333335,692.0,174,True,-1.4100107300608375,-1.4100107300608375,-2.820021460121675
173,1,2667.3333333333335,539.0,171,True,-1.3242516303441951,-1.3242516303441951,-2.6485032606883903
173,2,2757.3333333333335,371.0,168,True,-1.2570429046170508,-1.2570429046170508,-2.5140858092341016
173,3,2649.3333333333335,632.0,173,True,-1.373390490874239,-1.373390490874239,-2.746780981748478
174,0,2769.3333333333335,547.0,171,True,-1.3673125104175339,-1.3673125104175339,-2.7346250208350678
174,1,2736.3333333333335,632.0,173,True,-1.40601820985082,-1.40601820985082,-2.81203641970164
174,2,2685.3333333333335,332.0,166,True,-1.206603154429535,-1.206603154429535,-2.41320630885907
174,3,2730.8333333333335,677.0,174,True,-1.4309988071922655,-1.4309988071922655,-2.861997614384531
175,0,2771.3333333333335,508.0,171,True,-1.344625072922743,-1.344625072922743,-2.689250145845486
175,1,2673.3333333333335,365.0,168,True,-1.2219345101675132,-1.2219345101675132,-2.4438690203350264
175,2,2703.3333333333335,646.0,172,True,-1.402055640053337,-1.402055640053337,-2.804111280106674
175,3,2720.3333333333335,534.0,170,True,-1.3411234790399196,-1.3411234790399196,-2.682246958079839
176,0,2709.3333333333335,322.0,167,True,-1.209594289107425,-1.209594289107425,-2.41918857821485
176,1,2732.3333333333335,646.0,172,True,-1.412931546378864,-1.412931546378864,-2.825863092757728
176,2,2002.8333333333335,463.0,169,True,-1.0293702860655052,-1.0293702860655052,-2.0587405721310104
176,3,2002.8333333333335,371.0,168,True,-0.9740818245270437,-0.9740818245270437,-1.9481636490540875
177,0,2721.3333333333335,622.0,172,True,-1.3943831256771388,-1.3943831256771388,-2.7887662513542777
177,1,2596.3333333333335,526.0,171,True,-1.289811911409283,-1.289811911409283,-2.579623822818566
177,2,2672.3333333333335,633.0,171,True,-1.3826171712226014,-1.3826171712226014,-2.765234342445203
177,3,2679.3333333333335,463.0,169,True,-1.2830789284523703,-1.2830789284523703,-2.5661578569047405
178,0,2765.3333333333335,481.0,170,True,-1.326148923868655,-1.326148923868655,-2.65229784773731
178,1,2767.8333333333335,647.0,173,True,-1.4268461173847813,-1.4268461173847813,-2.8536922347695626
178,2,2768.3333333333335,590.0,172,True,-1.392778825318776,-1.392778825318776,-2.785557650637552
178,3,2642.3333333333335,478.0,170,True,-1.278217195182931,-1.278217195182931,-2.556434390365862
179,0,2787.3333333333335,407.0,165,True,-1.289928457579798,-1.289928457579798,-2.579856915159596
179,1,2692.3333333333335,622.0,172,True,-1.3835072193516118,-1.3835072193516118,-2.7670144387032236
179,2,2737.5,562.0,171,True,-1.3643884386198843,-1.3643884386198843,-2.7287768772397687
179,3,2686.3333333333335,580.0,170,True,-1.3560166472206012,-1.3560166472206012,-2.7120332944412024
180,0,2634.3333333333335,685.0,172,True,-1.3996159836236348,-1.3996159836236348,-2.7992319672472696
180,1,2561.3333333333335,619.0,172,True,-1.332575240645053,-1.332575240645053,-2.665150481290106
180,2,2670.3333333333335,679.0,174,True,-1.409511339486623,-1.409511339486623,-2.819022678973246
180,3,2002.8333333333335,409.0,167,True,-0.9969183629885825,-0.9969183629885825,-1.993836725977165
181,0,2580.3333333333335,786.0,175,True,-1.4400614113676136,-1.4400614113676136,-2.880122822735227
181,1,2766.3333333333335,590.0,171,True,-1.3920287628135668,-1.3920287628135668,-2.7840575256271336
181,2,2526.3333333333335,764.0,174,True,-1.4065885698808225,-1.4065885698808225,-2.813177139761645
181,3,2647.3333333333335,643.0,173,True,-1.3792510052921072,-1.3792510052921072,-2.7585020105842144
182,0,2704.8333333333335,756.0,174,True,-1.4687239561630128,-1.4687239561630128,-2.9374479123260255
182,1,2605.3333333333335,955.0,178,True,-1.5509996926827232,-1.5509996926827232,-3.1019993853654464
182,2,2664.3333333333335,763.0,175,True,-1.4577419212017657,-1.4577419212017657,-2.9154838424035314
182,3,2531.3333333333335,892.0,177,True,-1.4853868030669217,-1.4853868030669217,-2.9707736061338434
183,0,2749.3333333333335,524.0,170,True,-1.345989769980831,-1.345989769980831,-2.691979539961662
183,1,2690.3333333333335,470.0,170,True,-1.2914110030002495,-1.2914110030002495,-2.582822006000499
183,2,2614.3333333333335,381.0,168,True,-1.2094230508792392,-1.2094230508792392,-2.4188461017584784
183,3,2713.3333333333335,621.0,172,True,-1.3907819141178426,-1.3907819141178426,-2.781563828235685
184,0,2584.3333333333335,735.0,173,True,-1.4109124979164924,-1.4109124979164924,-2.821824995832985
184,1,2537.3333333333335,679.0,174,True,-1.3596321828902405,-1.3596321828902405,-2.719264365780481
184,2,2538.3333333333335,505.0,170,True,-1.2554399064505368,-1.2554399064505368,-2.5108798129010736
184,3,2745.8333333333335,832.0,176,True,-1.5297733144428696,-1.5297733144428696,-3.059546628885739
185,0,2717.8333333333335,630.0,172,True,-1.3978782086007162,-1.3978782086007162,-2.7957564172014324
185,1,1999.8333333333335,543.0,170,True,-1.076322115384615,-1.076322115384615,-2.15264423076923
185,2,2603.3333333333335,536.0,171,True,-1.2984467455621296,-1.2984467455621296,-2.596893491124259
185,3,2619.3333333333335,668.0,173,True,-1.3837741686807228,-1.3837741686807228,-2.7675483373614456
186,0,2686.8333333333335,748.0,174,True,-1.4571657013084418,-1.4571657013084418,-2.9143314026168836
186,1,2743.8333333333335,521.0,170,True,-1.3421242134761224,-1.3421242134761224,-2.684248426952245
186,2,2607.3333333333335,954.0,179,True,-1.5511487936494701,-1.5511487936494701,-3.1022975872989402
186,3,2629.3333333333335,589.0,171,True,-1.3400485196683054,-1.3400485196683054,-2.680097039336611
187,0,2610.3333333333335,417.0,169,True,-1.2295575412534372,-1.2295575412534372,-2.4591150825068744
187,1,2670.3333333333335,491.0,170,True,-1.296530570255854,-1.296530570255854,-2.593061140511708
187,2,2600.3333333333335,507.0,171,True,-1.2798937671889319,-1.2798937671889319,-2.5597875343778638
187,3,2712.3333333333335,432.0,169,True,-1.2768251520960072,-1.2768251520960072,-2.5536503041920144
188,0,2695.3333333333335,442.0,170,True,-1.276459236186348,-1.276459236186348,-2.552918472372696
188,1,2632.3333333333335,725.0,174,True,-1.4229043826568875,-1.4229043826568875,-2.845808765313775
188,2,2726.8333333333335,783.0,176,True,-1.493200605258771,-1.493200605258771,-2.986401210517542
188,3,2770.3333333333335,576.0,172,True,-1.385115426285523,-1.385115426285523,-2.770230852571046
189,0,2666.3333333333335,576.0,172,True,-1.3461121760146673,-1.3461121760146673,-2.6922243520293345
189,1,1999.8333333333335,371.0,168,True,-0.97295673076923,-0.97295673076923,-1.94591346153846
189,2,2688.3333333333335,498.0,170,True,-1.3074878635719636,-1.3074878635719636,-2.614975727143927
189,3,2721.8333333333335,634.0,173,True,-1.40178217976498,-1.40178217976498,-2.80356435952996
190,0,2728.3333333333335,647.0,173,True,-1.4120323829069081,-1.4120323829069081,-2.8240647658138163
190,1,2652.3333333333335,935.0,178,True,-1.556606930785898,-1.556606930785898,-3.113213861571796
190,2,2586.3333333333335,576.0,172,True,-1.3161096758063167,-1.3161096758063167,-2.6322193516126333
190,3,2555.3333333333335,928.0,179,True,-1.5160221685140418,-1.5160221685140418,-3.0320443370280836
191,0,2746.3333333333335,625.0,172,True,-1.4055617916076335,-1.4055617916076335,-2.811123583215267
191,1,2684.3333333333335,934.0,179,True,-1.568006969330777,-1.568006969330777,-3.136013938661554
191,2,2644.3333333333335,640.0,173,True,-1.3763230269189093,-1.3763230269189093,-2.7526460538378186
191,3,2524.3333333333335,683.0,173,True,-1.3571606227602293,-1.3571606227602293,-2.7143212455204586
192,0,2591.5,954.0,179,True,-1.5452107988165669,-1.5452107988165669,-3.0904215976331337
192,1,2571.3333333333335,755.0,175,True,-1.4180563224018656,-1.4180563224018656,-2.8361126448037313
192,2,2627.5,869.0,177,True,-1.5076301931410947,-1.5076301931410947,-3.0152603862821894
192,3,2692.3333333333335,647.0,173,True,-1.3985312578131506,-1.3985312578131506,-2.797062515626301
193,0,2654.3333333333335,365.0,168,True,-1.2148089163680298,-1.2148089163680298,-2.4296178327360596
193,1,2788.3333333333335,562.0,171,True,-1.3834525272939409,-1.3834525272939409,-2.7669050545878817
193,2,2664.3333333333335,730.0,173,True,-1.4379101904325355,-1.4379101904325355,-2.875820380865071
193,3,2707.3333333333335,377.0,168,True,-1.2418971112176005,-1.2418971112176005,-2.483794222435201
194,0,2853.8333333333335,691.0,173,True,-1.4855411128010658,-1.4855411128010658,-2.9710822256021316
194,1,2655.3333333333335,619.0,173,True,-1.3678281783898651,-1.3678281783898651,-2.7356563567797303
194,2,2717.3333333333335,599.0,172,True,-1.3790608852821062,-1.3790608852821062,-2.7581217705642125
194,3,2676.3333333333335,611.0,172,True,-1.3708961423868649,-1.3708961423868649,-2.7417922847737297
195,0,2662.3333333333335,849.0,177,True,-1.50867455100425,-1.50867455100425,-3.0173491020085
195,1,2602.3333333333335,977.0,180,True,-1.5630957527710638,-1.5630957527710638,-3.1261915055421277
195,2,2727.3333333333335,628.0,173,True,-1.4002390824235345,-1.4002390824235345,-2.800478164847069
195,3,2829.3333333333335,705.0,173,True,-1.4847663086507201,-1.4847663086507201,-2.9695326173014402
196,0,2617.3333333333335,655.0,174,True,-1.3752116061755142,-1.3752116061755142,-2.7504232123510284
196,1,2658.3333333333335,834.0,177,True,-1.4981600029169093,-1.4981600029169093,-2.9963200058338186
196,2,2728.3333333333335,764.0,175,True,-1.4823448829069084,-1.4823448829069084,-2.9646897658138167
196,3,2757.8333333333335,605.0,173,True,-1.397855420243353,-1.397855420243353,-2.795710840486706
197,0,2820.8333333333335,541.0,170,True,-1.383020850695891,-1.383020850695891,-2.766041701391782
197,1,2773.8333333333335,806.0,176,True,-1.5246491895157923,-1.5246491895157923,-3.0492983790315846
197,2,2097.333333333333,648.0,173,True,-1.1759886240520034,-1.1759886240520034,-2.351977248104007
197,3,1999.8333333333335,613.0,172,True,-1.1183894230769227,-1.1183894230769227,-2.2367788461538454
198,0,2792.3333333333335,627.0,173,True,-1.4240151523043578,-1.4240151523043578,-2.8480303046087156
198,1,2782.3333333333335,307.0,166,True,-1.2279571474706217,-1.2279571474706217,-2.4559142949412434
198,2,2685.3333333333335,848.0,178,True,-1.5166993082756892,-1.5166993082756892,-3.0333986165513784
198,3,2764.8333333333335,485.0,169,True,-1.3283652543961988,-1.3283652543961988,-2.6567305087923976
199,0,2782.3333333333335,709.0,173,True,-1.46954368593216,-1.46954368593216,-2.93908737186432
199,1,2705.3333333333335,579.0,170,True,-1.3625412794816225,-1.3625412794816225,-2.725082558963245
199,2,2894.8333333333335,706.0,174,True,-1.5099318172347687,-1.5099318172347687,-3.0198636344695373
199,3,2745.3333333333335,720.0,175,True,-1.4622781065088744,-1.4622781065088744,-2.9245562130177487
200,0,2700.3333333333335,526.0,171,True,-1.3288151616801396,-1.3288151616801396,-2.657630323360279
200,1,2701.3333333333335,754.0,174,True,-1.466209423701974,-1.466209423701974,-2.932418847403948
200,2,2670.3333333333335,507.0,169,True,-1.3061459548712386,-1.3061459548712386,-2.6122919097424773
200,3,2710.3333333333335,727.0,173,True,-1.4533587434369524,-1.4533587434369524,-2.9067174868739047
201,0,2708.3333333333335,756.0,175,True,-1.4700365655471286,-1.4700365655471286,-2.940073131094257
201,1,2815.8333333333335,601.0,172,True,-1.4172033867405611,-1.4172033867405611,-2.8344067734811222
201,2,2597.3333333333335,664.0,174,True,-1.3731196349695802,-1.3731196349695802,-2.7462392699391605
201,3,2707.3333333333335,694.0,173,True,-1.4324019189099084,-1.4324019189099084,-2.864803837819817
202,0,2749.3333333333335,566.0,172,True,-1.3712301545962156,-1.3712301545962156,-2.742460309192431
202,1,2715.3333333333335,627.0,173,True,-1.3951377458538203,-1.3951377458538203,-2.7902754917076407
202,2,2713.3333333333335,557.0,171,True,-1.352320375656304,-1.352320375656304,-2.704640751312608
202,3,2695.3333333333335,644.0,171,True,-1.3978534669555789,-1.3978534669555789,-2.7957069339111578
203,0,2644.3333333333335,691.0,173,True,-1.4069720653804474,-1.4069720653804474,-2.813944130760895
203,1,2681.3333333333335,632.0,172,True,-1.3853914909575793,-1.3853914909575793,-2.7707829819151586
203,2,1999.8333333333335,629.0,172,True,-1.128004807692307,-1.128004807692307,-2.256009615384614
203,3,2672.3333333333335,776.0,174,True,-1.4685546712226016,-1.4685546712226016,-2.9371093424452033
204,0,2729.3333333333335,364.0,167,True,-1.242335298774897,-1.242335298774897,-2.484670597549794
204,1,2666.3333333333335,733.0,175,True,-1.440463137553129,-1.440463137553129,-2.880926275106258
204,2,2750.3333333333335,644.0,172,True,-1.4184801858488203,-1.4184801858488203,-2.8369603716976406
204,3,2656.3333333333335,950.0,178,True,-1.5671214788732388,-1.5671214788732388,-3.1342429577464777
205,0,2686.3333333333335,515.0,171,True,-1.316954147220601,-1.316954147220601,-2.633908294441202
205,1,2644.3333333333335,763.0,176,True,-1.4502412961496782,-1.4502412961496782,-2.9004825922993565
205,2,2663.3333333333335,419.0,169,True,-1.2506361207183925,-1.2506361207183925,-2.501272241436785
205,3,2737.8333333333335,594.0,171,True,-1.383744218268188,-1.383744218268188,-2.767488436536376
206,0,2806.3333333333335,794.0,174,True,-1.529626166763896,-1.529626166763896,-3.059252333527792
206,1,2542.3333333333335,898.0,177,True,-1.4931179160763388,-1.4931179160763388,-2.9862358321526776
206,2,2736.3333333333335,693.0,173,True,-1.4426768636969742,-1.4426768636969742,-2.8853537273939485
206,3,2615.3333333333335,685.0,174,True,-1.392490389824151,-1.392490389824151,-2.784980779648302
207,0,2739.3333333333335,734.0,173,True,-1.46844138053171,-1.46844138053171,-2.93688276106342
207,1,2002.8333333333335,567.0,169,True,-1.0918702860655054,-1.0918702860655054,-2.183740572131011
207,2,2686.3333333333335,649.0,171,True,-1.3974829933744468,-1.3974829933744468,-2.7949659867488936
207,3,2739.3333333333335,635.0,171,True,-1.4089461882240184,-1.4089461882240184,-2.817892376448037
208,0,2762.3333333333335,523.0,168,True,-1.3502642147262265,-1.3502642147262265,-2.700528429452453
208,1,2700.3333333333335,354.0,167,True,-1.225449777064755,-1.225449777064755,-2.45089955412951
208,2,2768.3333333333335,696.0,172,True,-1.4564807483956992,-1.4564807483956992,-2.9129614967913984
208,3,2727.3333333333335,676.0,173,True,-1.4290852362696886,-1.4290852362696886,-2.8581704725393773
209,0,2745.8333333333335,834.0,174,True,-1.5309752375197927,-1.5309752375197927,-3.0619504750395854
209,1,2688.3333333333335,662.0,173,True,-1.4060455558796556,-1.4060455558796556,-2.8120911117593113
209,2,2054.333333333333,497.0,168,True,-1.069117087882323,-1.069117087882323,-2.138234175764646
209,3,2587.3333333333335,742.0,172,True,-1.4162443224435362,-1.4162443224435362,-2.8324886448870723
210,0,2780.3333333333335,537.0,171,True,-1.3654282388115668,-1.3654282388115668,-2.7308564776231337
210,1,2671.3333333333335,480.0,168,True,-1.2902950245853815,-1.2902950245853815,-2.580590049170763
210,2,2761.3333333333335,684.0,172,True,-1.4466439911659297,-1.4466439911659297,-2.8932879823318594
210,3,2875.3333333333335,708.0,173,True,-1.5038206308859066,-1.5038206308859066,-3.007641261771813
211,0,1999.8333333333335,372.0,167,True,-0.9735576923076914,-0.9735576923076914,-1.9471153846153828
211,1,1999.8333333333335,590.0,171,True,-1.104567307692307,-1.104567307692307,-2.209134615384614
211,2,2591.3333333333335,639.0,172,True,-1.3558454089924152,-1.3558454089924152,-2.7116908179848305
211,3,1999.8333333333335,564.0,170,True,-1.0889423076923073,-1.0889423076923073,-2.1778846153846145
212,0,2640.3333333333335,740.0,173,True,-1.4349190557546454,-1.4349190557546454,-2.869838111509291
212,1,2710.3333333333335,667.0,172,True,-1.4173010511292599,-1.4173010511292599,-2.8346021022585197
212,2,2579.3333333333335,662.0,173,True,-1.3651671493457784,-1.3651671493457784,-2.730334298691557
212,3,2711.3333333333335,343.0,168,True,-1.222964543920326,-1.222964543920326,-2.445929087840652
213,0,2681.3333333333335,675.0,172,True,-1.411232837111425,-1.411232837111425,-2.82246567422285
213,1,2608.3333333333335,521.0,171,True,-1.2913074787482282,-1.2913074787482282,-2.5826149574964563
213,2,2576.3333333333335,707.0,174,True,-1.3910853248187347,-1.3910853248187347,-2.7821706496374694
213,3,2702.3333333333335,345.0,167,True,-1.2207911857238096,-1.2207911857238096,-2.4415823714476192
214,0,2002.8333333333335,678.0,172,True,-1.158577016834736,-1.158577016834736,-2.317154033669472
214,1,2798.3333333333335,691.0,174,True,-1.4647268782815228,-1.4647268782815228,-2.9294537565630456
214,2,2699.3333333333335,613.0,171,True,-1.380723784273689,-1.380723784273689,-2.761447568547378
214,3,2736.3333333333335,792.0,175,True,-1.5021720560046663,-1.5021720560046663,-3.0043441120093326
215,0,2792.3333333333335,923.0,176,True,-1.6018997676889735,-1.6018997676889735,-3.203799535377947
215,1,2713.3333333333335,696.0,174,True,-1.4358540295024576,-1.4358540295024576,-2.871708059004915
215,2,2843.3333333333335,621.0,172,True,-1.439535976956412,-1.439535976956412,-2.879071953912824
215,3,2810.3333333333335,632.0,173,True,-1.4337705225435446,-1.4337705225435446,-2.8675410450870893
216,0,2728.8333333333335,955.0,179,True,-1.5973160523793644,-1.5973160523793644,-3.1946321047587287
216,1,2741.3333333333335,642.0,172,True,-1.4139029814984576,-1.4139029814984576,-2.8278059629969152
216,2,2729.3333333333335,620.0,172,True,-1.396181452621051,-1.396181452621051,-2.792362905242102
216,3,2816.3333333333335,569.0,172,True,-1.3981601331360942,-1.3981601331360942,-2.7963202662721884
217,0,1999.8333333333335,566.0,171,True,-1.0901442307692302,-1.0901442307692302,-2.1802884615384603
217,1,2383.333333333333,515.0,169,True,-1.203319677681473,-1.203319677681473,-2.406639355362946
217,2,2739.3333333333335,651.0,173,True,-1.4185615728394025,-1.4185615728394025,-2.837123145678805
217,3,2789.3333333333335,315.0,167,True,-1.2353900585465447,-1.2353900585465447,-2.4707801170930894
218,0,2002.8333333333335,478.0,169,True,-1.0383847091424283,-1.0383847091424283,-2.0767694182848566
218,1,2674.3333333333335,521.0,171,True,-1.316059541420118,-1.316059541420118,-2.632119082840236
218,2,2663.3333333333335,583.0,172,True,-1.349193813026085,-1.349193813026085,-2.69838762605217
218,3,2737.3333333333335,507.0,170,True,-1.3312730487957323,-1.3312730487957323,-2.6625460975914645
219,0,2766.3333333333335,753.0,174,True,-1.4899854935827974,-1.4899854935827974,-2.979970987165595
219,1,2692.3333333333335,599.0,171,True,-1.3696851039669964,-1.3696851039669964,-2.7393702079339928
219,2,2547.3333333333335,436.0,169,True,-1.2173488415701303,-1.2173488415701303,-2.4346976831402607
219,3,2647.3333333333335,646.0,172,True,-1.3810538899074916,-1.3810538899074916,-2.762107779814983
220,0,2745.3333333333335,617.0,172,True,-1.4003790680473367,-1.4003790680473367,-2.8007581360946734
220,1,2745.3333333333335,310.0,167,True,-1.2158838757396444,-1.2158838757396444,-2.431767751479289
220,2,2726.3333333333335,511.0,171,True,-1.3295515511709302,-1.3295515511709302,-2.6591031023418603
220,3,2592.3333333333335,413.0,168,True,-1.220403132552712,-1.220403132552712,-2.440806265105424
221,0,2769.3333333333335,772.0,174,True,-1.5025288565713801,-1.5025288565713801,-3.0050577131427603
221,1,2779.3333333333335,761.0,174,True,-1.4996685921743471,-1.4996685921743471,-2.9993371843486942
221,2,2182.333333333333,1034.0,179,True,-1.4398374343695308,-1.4398374343695308,-2.8796748687390616
221,3,2783.3333333333335,640.0,172,True,-1.4284523710309185,-1.4284523710309185,-2.856904742061837
222,0,2038.8333333333335,1106.0,180,True,-1.4292896803900321,-1.4292896803900321,-2.8585793607800642
222,1,2774.3333333333335,792.0,173,True,-1.516423243603633,-1.516423243603633,-3.032846487207266
222,2,2663.3333333333335,892.0,176,True,-1.5348909284107006,-1.5348909284107006,-3.0697818568214013
222,3,2002.8333333333335,902.0,175,True,-1.2931924014501206,-1.2931924014501206,-2.586384802900241
223,0,2688.3333333333335,777.0,175,True,-1.475156132802733,-1.475156132802733,-2.950312265605466
223,1,2646.8333333333335,720.0,172,True,-1.4253375281273437,-1.4253375281273437,-2.8506750562546874
223,2,2546.3333333333335,1020.0,178,True,-1.5679353487790644,-1.5679353487790644,-3.1358706975581288
223,3,2707.3333333333335,523.0,170,True,-1.3296374958329857,-1.3296374958329857,-2.6592749916659715
224,0,2612.3333333333335,935.0,177,True,-1.5416056806817229,-1.5416056806817229,-3.0832113613634458
224,1,2740.3333333333335,421.0,168,True,-1.2807154502458533,-1.2807154502458533,-2.5614309004917066
224,2,2715.3333333333335,707.0,173,True,-1.4432146689307435,-1.4432146689307435,-2.886429337861487
224,3,2565.3333333333335,762.0,175,True,-1.420012865655471,-1.420012865655471,-2.840025731310942
225,0,2247.333333333333,592.0,171,True,-1.198589465788815,-1.198589465788815,-2.39717893157763
225,1,2265.333333333333,832.0,173,True,-1.3495707975664633,-1.3495707975664633,-2.6991415951329265
225,2,2080.8333333333335,684.0,170,True,-1.1914352237686467,-1.1914352237686467,-2.3828704475372935
225,3,2093.333333333333,534.0,171,True,-1.1059788836569713,-1.1059788836569713,-2.2119577673139426
226,0,2002.8333333333335,535.0,170,True,-1.0726395168347358,-1.0726395168347358,-2.1452790336694716
226,1,2038.8333333333335,657.0,173,True,-1.1594579496208013,-1.1594579496208013,-2.3189158992416026
226,2,2346.333333333333,565.0,170,True,-1.2194915982581875,-1.2194915982581875,-2.438983196516375
226,3,2481.3333333333335,620.0,172,True,-1.303173701975164,-1.303173701975164,-2.606347403950328
227,0,2275.333333333333,1051.0,179,True,-1.4849316870155838,-1.4849316870155838,-2.9698633740311675
227,1,2077.8333333333335,880.0,176,True,-1.308098591549295,-1.308098591549295,-2.61619718309859
227,2,2134.333333333333,1161.0,179,True,-1.498158049629135,-1.498158049629135,-2.99631609925827
227,3,2093.333333333333,1040.0,176,True,-1.4100654221185092,-1.4100654221185092,-2.8201308442370183
228,0,2116.8333333333335,707.0,171,True,-1.2187584642470202,-1.2187584642470202,-2.4375169284940403
228,1,2729.3333333333335,707.0,173,True,-1.4484651064672047,-1.4484651064672047,-2.8969302129344094
228,2,2265.333333333333,873.0,173,True,-1.3742102206433864,-1.3742102206433864,-2.7484204412867728
228,3,2080.8333333333335,779.0,174,True,-1.2485265699224926,-1.2485265699224926,-2.497053139844985
229,0,2002.8333333333335,648.0,171,True,-1.1405481706808895,-1.1405481706808895,-2.281096341361779
229,1,2043.3333333333333,633.0,171,True,-1.1467225133344443,-1.1467225133344443,-2.2934450266688886
229,2,2119.8333333333335,651.0,172,True,-1.1862297118509872,-1.1862297118509872,-2.3724594237019745
229,3,2104.333333333333,692.0,172,True,-1.205056150512542,-1.205056150512542,-2.410112301025084
230,0,2119.8333333333335,507.0,170,True,-1.0996912503125258,-1.0996912503125258,-2.1993825006250516
230,1,2199.333333333333,619.0,171,True,-1.196813927202266,-1.196813927202266,-2.393627854404532
230,2,2135.333333333333,586.0,171,True,-1.152980196266355,-1.152980196266355,-2.30596039253271
230,3,2080.8333333333335,695.0,173,True,-1.1980458006917236,-1.1980458006917236,-2.3960916013834472
231,0,2581.3333333333335,1020.0,179,True,-1.5810614426202174,-1.5810614426202174,-3.162122885240435
231,1,2080.8333333333335,785.0,175,True,-1.2521323391532622,-1.2521323391532622,-2.5042646783065243
231,2,2161.8333333333335,567.0,170,True,-1.151500255229602,-1.151500255229602,-2.303000510459204
231,3,2158.8333333333335,736.0,173,True,-1.2519376614717888,-1.2519376614717888,-2.5038753229435775
232,0,2119.8333333333335,628.0,172,True,-1.1724075964663723,-1.1724075964663723,-2.3448151929327445
232,1,2246.333333333333,543.0,171,True,-1.1687673191515955,-1.1687673191515955,-2.337534638303191
232,2,2135.333333333333,864.0,174,True,-1.3200475039586628,-1.3200475039586628,-2.6400950079173255
232,3,2119.8333333333335,510.0,169,True,-1.1014941349279104,-1.1014941349279104,-2.2029882698558207
233,0,2164.333333333333,647.0,172,True,-1.200514756438036,-1.200514756438036,-2.401029512876072
233,1,2895.3333333333335,749.0,173,True,-1.5359606790149176,-1.5359606790149176,-3.0719213580298352
233,2,2298.333333333333,485.0,168,True,-1.1534131750562542,-1.1534131750562542,-2.3068263501125084
233,3,2429.333333333333,771.0,172,True,-1.3744172691474283,-1.3744172691474283,-2.7488345382948567
234,0,2650.3333333333335,736.0,173,True,-1.4362655221268432,-1.4362655221268432,-2.8725310442536864
234,1,2038.8333333333335,566.0,170,True,-1.1047704496208013,-1.1047704496208013,-2.2095408992416026
234,2,2818.3333333333335,555.0,169,True,-1.3904967341028414,-1.3904967341028414,-2.7809934682056827
234,3,2481.3333333333335,791.0,174,True,-1.4059381250520873,-1.4059381250520873,-2.8118762501041745
235,0,2064.333333333333,557.0,169,True,-1.1089250927160594,-1.1089250927160594,-2.217850185432119
235,1,2199.333333333333,693.0,171,True,-1.2412850810484202,-1.2412850810484202,-2.4825701620968403
235,2,2817.3333333333335,717.0,173,True,-1.4874774720810067,-1.4874774720810067,-2.9749549441620133
235,3,2084.8333333333335,633.0,171,True,-1.162286310317526,-1.162286310317526,-2.324572620635052
236,0,2194.8333333333335,903.0,175,True,-1.3657993634886236,-1.3657993634886236,-2.7315987269772473
236,1,2724.3333333333335,615.0,171,True,-1.3913014886657218,-1.3913014886657218,-2.7826029773314436
236,2,2718.8333333333335,622.0,171,True,-1.393445547545628,-1.393445547545628,-2.786891095091256
236,3,2658.3333333333335,669.0,171,True,-1.3990013490707556,-1.3990013490707556,-2.798002698141511
237,0,2926.3333333333335,805.0,175,True,-1.581240493999499,-1.581240493999499,-3.162480987998998
237,1,2707.8333333333335,557.0,170,True,-1.35025770376698,-1.35025770376698,-2.70051540753396
237,2,2652.3333333333335,665.0,173,True,-1.3943473154012833,-1.3943473154012833,-2.7886946308025666
237,3,2714.3333333333335,527.0,169,True,-1.334666560755062,-1.334666560755062,-2.669333121510124
238,0,2530.3333333333335,640.0,172,True,-1.3335694641220097,-1.3335694641220097,-2.6671389282440194
238,1,2598.3333333333335,833.0,175,True,-1.4750571662221843,-1.4750571662221843,-2.9501143324443686
238,2,2659.8333333333335,557.0,170,True,-1.3322562036419694,-1.3322562036419694,-2.664512407283939
238,3,2690.3333333333335,521.0,171,True,-1.3220600414617878,-1.3220600414617878,-2.6441200829235756
239,0,2155.8333333333335,678.0,172,True,-1.2159567984832063,-1.2159567984832063,-2.4319135969664125
239,1,2625.3333333333335,763.0,174,True,-1.4431157023501953,-1.4431157023501953,-2.8862314047003905
239,2,2810.8333333333335,522.0,170,True,-1.3678522689390777,-1.3678522689390777,-2.7357045378781555
239,3,2609.3333333333335,806.0,174,True,-1.462956548462371,-1.462956548462371,-2.925913096924742
240,0,2616.3333333333335,683.0,172,True,-1.3916634979998324,-1.3916634979998324,-2.7833269959996647
240,1,2513.3333333333335,760.0,173,True,-1.3993093174431195,-1.3993093174431195,-2.798618634886239
240,2,2723.3333333333335,932.0,175,True,-1.5814312651054248,-1.5814312651054248,-3.1628625302108495
240,3,2579.3333333333335,743.0,174,True,-1.4138450339611628,-1.4138450339611628,-2.8276900679223256
241,0,2697.3333333333335,512.0,170,True,-1.3192766063838643,-1.3192766063838643,-2.6385532127677287
241,1,2545.3333333333335,861.0,177,True,-1.472007432911075,-1.472007432911075,-2.94401486582215
241,2,2771.3333333333335,522.0,170,True,-1.3530385344612041,-1.3530385344612041,-2.7060770689224083
241,3,2736.3333333333335,621.0,172,True,-1.3994076329277434,-1.3994076329277434,-2.798815265855487
242,0,2512.3333333333335,740.0,175,True,-1.3869150554212843,-1.3869150554212843,-2.7738301108425687
242,1,2692.3333333333335,295.0,166,True,-1.1869927962746891,-1.1869927962746891,-2.3739855925493782
242,2,2588.3333333333335,705.0,173,True,-1.3943837767730638,-1.3943837767730638,-2.7887675535461276
242,3,2703.3333333333335,562.0,172,True,-1.351574870822568,-1.351574870822568,-2.703149741645136
243,0,2569.3333333333335,782.0,175,True,-1.4335322214351183,-1.4335322214351183,-2.8670644428702365
243,1,2625.3333333333335,642.0,173,True,-1.3703993561963492,-1.3703993561963492,-2.7407987123926985
243,2,2609.3333333333335,868.0,177,True,-1.5002161638469869,-1.5002161638469869,-3.0004323276939737
243,3,2604.3333333333335,677.0,173,True,-1.383557353737811,-1.383557353737811,-2.767114707475622
244,0,2571.3333333333335,456.0,170,True,-1.238368822401866,-1.238368822401866,-2.476737644803732
244,1,1999.8333333333335,414.0,169,True,-0.9987980769230764,-0.9987980769230764,-1.9975961538461529
244,2,2526.3333333333335,662.0,173,True,-1.3452904929577458,-1.3452904929577458,-2.6905809859154917
244,3,2745.3333333333335,568.0,171,True,-1.3709319526627213,-1.3709319526627213,-2.7418639053254426
245,0,2732.3333333333335,427.0,169,True,-1.2813209694557872,-1.2813209694557872,-2.5626419389115744
245,1,2632.3333333333335,436.0,169,True,-1.2492264980415029,-1.2492264980415029,-2.4984529960830058
245,2,2670.3333333333335,661.0,173,True,-1.3986940317943155,-1.3986940317943155,-2.797388063588631
245,3,2652.3333333333335,776.0,175,True,-1.461054046170514,-1.461054046170514,-2.922108092341028
246,0,2642.3333333333335,589.0,171,True,-1.344923925952162,-1.344923925952162,-2.689847851904324
246,1,2852.3333333333335,487.0,170,True,-1.3623824120760055,-1.3623824120760055,-2.724764824152011
246,2,2606.3333333333335,576.0,171,True,-1.3236103008584044,-1.3236103008584044,-2.6472206017168087
246,3,2719.3333333333335,322.0,167,True,-1.2133446016334688,-1.2133446016334688,-2.4266892032669376
247,0,2735.3333333333335,810.0,173,True,-1.51261433244437,-1.51261433244437,-3.02522866488874
247,1,2701.8333333333335,720.0,173,True,-1.445964247020584,-1.445964247020584,-2.891928494041168
247,2,2682.3333333333335,628.0,173,True,-1.3833626760563373,-1.3833626760563373,-2.7667253521126747
247,3,2581.8333333333335,708.0,173,True,-1.39374895824652,-1.39374895824652,-2.78749791649304
248,0,2636.3333333333335,583.0,172,True,-1.3390679692057668,-1.3390679692057668,-2.6781359384115335
248,1,1999.8333333333335,648.0,173,True,-1.1394230769230766,-1.1394230769230766,-2.2788461538461533
248,2,2583.8333333333335,677.0,173,True,-1.3758692130594212,-1.3758692130594212,-2.7517384261188425
248,3,2669.3333333333335,550.0,172,True,-1.3316122697724802,-1.3316122697724802,-2.6632245395449603
249,0,2715.3333333333335,397.0,168,True,-1.2569165920076668,-1.2569165920076668,-2.5138331840153336
249,1,2694.8333333333335,539.0,171,True,-1.334564989790815,-1.334564989790815,-2.66912997958163
249,2,2627.3333333333335,621.0,173,True,-1.3585292263938658,-1.3585292263938658,-2.7170584527877315
249,3,2577.3333333333335,763.0,175,True,-1.425114202225185,-1.425114202225185,-2.85022840445037
250,0,2661.3333333333335,761.0,174,True,-1.4554149043670297,-1.4554149043670297,-2.9108298087340594
250,1,2683.3333333333335,413.0,169,True,-1.2545309765397108,-1.2545309765397108,-2.5090619530794216
250,2,2645.3333333333335,413.0,169,True,-1.2402797889407444,-1.2402797889407444,-2.480559577881489
250,3,2640.3333333333335,513.0,171,True,-1.2985007865238765,-1.2985007865238765,-2.597001573047753
251,0,2773.3333333333335,540.0,170,True,-1.364605904658721,-1.364605904658721,-2.729211809317442
251,1,2764.3333333333335,224.0,165,True,-1.1713267772314353,-1.1713267772314353,-2.3426535544628706
251,2,2842.0,524.0,171,True,-1.3807426660555038,-1.3807426660555038,-2.7614853321110076
251,3,2742.3333333333335,704.0,173,True,-1.4515376281356773,-1.4515376281356773,-2.9030752562713547
252,0,2633.3333333333335,413.0,169,True,-1.2357794139094918,-1.2357794139094918,-2.4715588278189835
252,1,2754.8333333333335,662.0,173,True,-1.430985134177847,-1.430985134177847,-2.861970268355694
252,2,2719.3333333333335,541.0,171,True,-1.3449551785565457,-1.3449551785565457,-2.6899103571130913
252,3,2647.3333333333335,763.0,175,True,-1.4513663899074918,-1.4513663899074918,-2.9027327798149836
253,0,2664.3333333333335,413.0,169,True,-1.2474053827402276,-1.2474053827402276,-2.494810765480455
253,1,1999.8333333333335,258.0,166,True,-0.9050480769230766,-0.9050480769230766,-1.8100961538461533
253,2,2828.3333333333335,640.0,173,True,-1.4453287773981156,-1.4453287773981156,-2.890657554796231
253,3,2695.3333333333335,711.0,172,True,-1.4381178900325022,-1.4381178900325022,-2.8762357800650045
254,0,2751.3333333333335,457.0,167,True,-1.3064754094091169,-1.3064754094091169,-2.6129508188182338
254,1,2357.0,667.0,172,True,-1.284790008542378,-1.284790008542378,-2.569580017084756
254,2,2685.3333333333335,564.0,171,True,-1.3460262313526121,-1.3460262313526121,-2.6920524627052242
254,3,2701.0,476.0,168,True,-1.299017105592132,-1.299017105592132,-2.598034211184264
255,0,2751.3333333333335,521.0,170,True,-1.344936947870655,-1.344936947870655,-2.68987389574131
255,1,2783.8333333333335,597.0,171,True,-1.4027985405033743,-1.4027985405033743,-2.8055970810067485
255,2,2603.3333333333335,503.0,169,True,-1.278615014792899,-1.278615014792899,-2.557230029585798
255,3,2038.8333333333335,415.0,167,True,-1.0140252573131094,-1.0140252573131094,-2.028050514626219
256,0,2602.3333333333335,619.0,172,True,-1.3479515220018328,-1.3479515220018328,-2.6959030440036655
256,1,2679.8333333333335,720.0,174,True,-1.4377135594632882,-1.4377135594632882,-2.8754271189265763
256,2,2528.3333333333335,612.0,173,True,-1.315992478539878,-1.315992478539878,-2.631984957079756
256,3,2679.3333333333335,621.0,173,True,-1.3780308515292932,-1.3780308515292932,-2.7560617030585863
257,0,2760.3333333333335,455.0,168,True,-1.308648767605633,-1.308648767605633,-2.617297535211266
257,1,2716.3333333333335,709.0,172,True,-1.444791623260271,-1.444791623260271,-2.889583246520542
257,2,2585.3333333333335,733.0,173,True,-1.4100856060921736,-1.4100856060921736,-2.820171212184347
257,3,2463.3333333333335,662.0,173,True,-1.3216635240436698,-1.3216635240436698,-2.6433270480873396
258,0,1999.8333333333335,520.0,170,True,-1.0624999999999998,-1.0624999999999998,-2.1249999999999996
258,1,2594.3333333333335,582.0,171,True,-1.3227156950579209,-1.3227156950579209,-2.6454313901158417
258,2,1999.8333333333335,256.0,166,True,-0.9038461538461537,-0.9038461538461537,-1.8076923076923075
258,3,2713.3333333333335,734.0,174,True,-1.4586905679639965,-1.4586905679639965,-2.917381135927993
259,0,2699.3333333333335,570.0,172,True,-1.3548824381198425,-1.3548824381198425,-2.709764876239685
259,1,2002.8333333333335,318.0,166,True,-0.9422308629885816,-0.9422308629885816,-1.8844617259771632
259,2,2753.3333333333335,617.0,171,True,-1.4033793180681715,-1.4033793180681715,-2.806758636136343
259,3,2724.3333333333335,470.0,169,True,-1.3041620655887982,-1.3041620655887982,-2.6083241311775964
260,0,2652.3333333333335,776.0,174,True,-1.4610540461705135,-1.4610540461705135,-2.922108092341027
260,1,2041.8333333333335,734.0,173,True,-1.2068570818401532,-1.2068570818401532,-2.4137141636803063
260,2,2621.3333333333335,585.0,171,True,-1.3346444234936239,-1.3346444234936239,-2.6692888469872478
260,3,2041.8333333333335,501.0,169,True,-1.0668330433786146,-1.0668330433786146,-2.1336660867572292
261,0,2662.3333333333335,480.0,169,True,-1.2869197433119417,-1.2869197433119417,-2.5738394866238834
261,1,2705.3333333333335,455.0,168,True,-1.288022048712392,-1.288022048712392,-2.576044097424784
261,2,2749.3333333333335,583.0,171,True,-1.381446500750062,-1.381446500750062,-2.762893001500124
261,3,2601.3333333333335,578.0,171,True,-1.3229370676723053,-1.3229370676723053,-2.6458741353446107
262,0,1999.8333333333335,627.0,169,True,-1.1268028846153844,-1.1268028846153844,-2.2536057692307687
262,1,1999.8333333333335,682.0,172,True,-1.159855769230769,-1.159855769230769,-2.319711538461538
262,2,2121.0,975.0,177,True,-1.3813787867738976,-1.3813787867738976,-2.762757573547795
262,3,2661.3333333333335,583.0,171,True,-1.3484437505208762,-1.3484437505208762,-2.6968875010417523
263,0,2800.3333333333335,423.0,168,True,-1.3044192484790391,-1.3044192484790391,-2.6088384969580782
263,1,1999.8333333333335,498.0,169,True,-1.0492788461538458,-1.0492788461538458,-2.0985576923076916
263,2,1999.8333333333335,606.0,172,True,-1.1141826923076923,-1.1141826923076923,-2.2283653846153846
263,3,2742.5,566.0,171,True,-1.368667441036752,-1.368667441036752,-2.737334882073504
264,0,2805.3333333333335,1002.0,177,True,-1.6542511355112919,-1.6542511355112919,-3.3085022710225838
264,1,2743.3333333333335,436.0,168,True,-1.2908549670805896,-1.2908549670805896,-2.581709934161179
264,2,2810.3333333333335,459.0,167,True,-1.3298041763896982,-1.3298041763896982,-2.6596083527793963
264,3,1999.8333333333335,455.0,168,True,-1.0234374999999993,-1.0234374999999993,-2.0468749999999987
265,0,2747.5,476.0,169,True,-1.3164560588382357,-1.3164560588382357,-2.6329121176764714
265,1,2766.3333333333335,539.0,170,True,-1.3613797243520287,-1.3613797243520287,-2.7227594487040574
265,2,1999.8333333333335,384.0,167,True,-0.9807692307692304,-0.9807692307692304,-1.9615384615384608
265,3,1999.8333333333335,734.0,173,True,-1.191105769230769,-1.191105769230769,-2.382211538461538
266,0,2662.3333333333335,478.0,169,True,-1.2857178202350188,-1.2857178202350188,-2.5714356404700376
266,1,2744.3333333333335,562.0,170,True,-1.3669511521793476,-1.3669511521793476,-2.733902304358695
266,2,2080.8333333333335,829.0,176,True,-1.2785746468455703,-1.2785746468455703,-2.5571492936911406
266,3,1999.8333333333335,498.0,169,True,-1.0492788461538458,-1.0492788461538458,-2.0985576923076916
267,0,2769.8333333333335,711.0,174,True,-1.4660577183515282,-1.4660577183515282,-2.9321154367030564
267,1,2680.3333333333335,581.0,170,True,-1.3543674212434362,-1.3543674212434362,-2.7087348424868725
267,2,2002.8333333333335,520.0,169,True,-1.063625093757813,-1.063625093757813,-2.127250187515626
267,3,2664.3333333333335,522.0,169,True,-1.3129101904325353,-1.3129101904325353,-2.6258203808650706
268,0,2812.0,752.0,173,True,-1.5065109592466033,-1.5065109592466033,-3.0130219184932066
268,1,2704.3333333333335,730.0,173,True,-1.4529114405367107,-1.4529114405367107,-2.9058228810734215
268,2,2621.3333333333335,767.0,174,True,-1.4440194234936234,-1.4440194234936234,-2.888038846987247
268,3,2636.3333333333335,562.0,170,True,-1.3264477768980745,-1.3264477768980745,-2.652895553796149
269,0,2596.3333333333335,546.0,170,True,-1.3018311421785143,-1.3018311421785143,-2.6036622843570285
269,1,2636.3333333333335,478.0,169,True,-1.2759670076673049,-1.2759670076673049,-2.5519340153346097
269,2,2752.3333333333335,597.0,171,True,-1.3909850560463364,-1.3909850560463364,-2.7819701120926728
269,3,2645.3333333333335,478.0,169,True,-1.2793422889407442,-1.2793422889407442,-2.5586845778814884
270,0,2712.3333333333335,497.0,169,True,-1.3158876520960068,-1.3158876520960068,-2.6317753041920136
270,1,2740.8333333333335,334.0,167,True,-1.2286193120260014,-1.2286193120260014,-2.4572386240520028
270,2,2645.3333333333335,497.0,169,True,-1.2907605581715138,-1.2907605581715138,-2.5815211163430276
270,3,2658.3333333333335,478.0,169,True,-1.2842176952246016,-1.2842176952246016,-2.568435390449203
271,0,2730.8333333333335,591.0,172,True,-1.379316114884573,-1.379316114884573,-2.758632229769146
271,1,2634.3333333333335,576.0,171,True,-1.3341111759313267,-1.3341111759313267,-2.6682223518626533
271,2,2638.3333333333335,497.0,169,True,-1.288135339403283,-1.288135339403283,-2.576270678806566
271,3,2717.3333333333335,511.0,170,True,-1.3261762698974908,-1.3261762698974908,-2.6523525397949816
272,0,2702.3333333333335,530.0,170,True,-1.3319690703391942,-1.3319690703391942,-2.6639381406783884
272,1,2640.3333333333335,813.0,175,True,-1.4787892480623381,-1.4787892480623381,-2.9575784961246763
272,2,2702.3333333333335,565.0,170,True,-1.3530027241853484,-1.3530027241853484,-2.706005448370697
272,3,2558.3333333333335,662.0,172,True,-1.3572914930410864,-1.3572914930410864,-2.714582986082173
273,0,2720.3333333333335,562.0,170,True,-1.3579504021168425,-1.3579504021168425,-2.715900804233685
273,1,2177.333333333333,582.0,171,True,-1.1663276627218928,-1.1663276627218928,-2.3326553254437856
273,2,2586.3333333333335,631.0,172,True,-1.3491625604217008,-1.3491625604217008,-2.6983251208434016
273,3,2742.8333333333335,604.0,171,True,-1.3916289899158256,-1.3916289899158256,-2.7832579798316512
274,0,2038.8333333333335,647.0,172,True,-1.1534483342361859,-1.1534483342361859,-2.3068966684723717
274,1,2674.3333333333335,436.0,168,True,-1.2649778106508869,-1.2649778106508869,-2.5299556213017738
274,2,2802.8333333333335,568.0,171,True,-1.3924962496874733,-1.3924962496874733,-2.7849924993749466
274,3,2041.8333333333335,525.0,170,True,-1.0812561203016915,-1.0812561203016915,-2.162512240603383
275,0,2751.5,572.0,172,True,-1.3756484915409608,-1.3756484915409608,-2.7512969830819216
275,1,2611.3333333333335,648.0,172,True,-1.368754687890657,-1.368754687890657,-2.737509375781314
275,2,2606.3333333333335,650.0,172,True,-1.368081454704558,-1.368081454704558,-2.736162909409116
275,3,2767.3333333333335,620.0,173,True,-1.4104326402200178,-1.4104326402200178,-2.8208652804400356
276,0,2715.3333333333335,446.0,170,True,-1.286363707392282,-1.286363707392282,-2.572727414784564
276,1,2584.3333333333335,664.0,173,True,-1.3682442286857228,-1.3682442286857228,-2.7364884573714456
276,2,2745.3333333333335,377.0,168,True,-1.2561482988165675,-1.2561482988165675,-2.512296597633135
276,3,2713.3333333333335,579.0,172,True,-1.3655415295024578,-1.3655415295024578,-2.7310830590049155
277,0,2596.3333333333335,621.0,173,True,-1.3469032575631297,-1.3469032575631297,-2.6938065151262593
277,1,2697.3333333333335,413.0,168,True,-1.2597814140761723,-1.2597814140761723,-2.5195628281523446
277,2,2659.3333333333335,413.0,169,True,-1.2455302264772061,-1.2455302264772061,-2.4910604529544123
277,3,2648.3333333333335,793.0,176,True,-1.469770267313942,-1.469770267313942,-2.939540534627884
278,0,2581.3333333333335,648.0,173,True,-1.3575037503125253,-1.3575037503125253,-2.7150075006250507
278,1,2650.3333333333335,666.0,173,True,-1.3941982144345353,-1.3941982144345353,-2.7883964288690706
278,2,2587.3333333333335,513.0,171,True,-1.2786241301358439,-1.2786241301358439,-2.5572482602716877
278,3,2525.3333333333335,827.0,177,True,-1.444074115551295,-1.444074115551295,-2.88814823110259
279,0,2609.3333333333335,387.0,168,True,-1.2111536638469866,-1.2111536638469866,-2.4223073276939733
279,1,2562.3333333333335,679.0,174,True,-1.3690079642053496,-1.3690079642053496,-2.7380159284106993
279,2,2526.3333333333335,619.0,173,True,-1.3194491468039,-1.3194491468039,-2.6388982936078
279,3,2684.3333333333335,506.0,170,True,-1.3107954308692384,-1.3107954308692384,-2.621590861738477
280,0,2640.3333333333335,413.0,169,True,-1.2384046326777225,-1.2384046326777225,-2.476809265355445
280,1,2590.3333333333335,621.0,173,True,-1.3446530700475032,-1.3446530700475032,-2.6893061400950065
280,2,2660.3333333333335,714.0,175,True,-1.4267946808067329,-1.4267946808067329,-2.8535893616134658
280,3,2781.3333333333335,693.0,174,True,-1.459553270064171,-1.459553270064171,-2.919106540128342
281,0,2743.8333333333335,507.0,171,True,-1.333710751937661,-1.333710751937661,-2.667421503875322
281,1,2538.3333333333335,677.0,174,True,-1.3588052910659212,-1.3588052910659212,-2.7176105821318424
281,2,2752.8333333333335,699.0,174,True,-1.4524706485957155,-1.4524706485957155,-2.904941297191431
281,3,2702.3333333333335,505.0,170,True,-1.3169450318776557,-1.3169450318776557,-2.6338900637553113
282,0,2644.3333333333335,619.0,173,True,-1.363702834611217,-1.363702834611217,-2.727405669222434
282,1,2829.0,625.0,173,True,-1.4365643751562618,-1.4365643751562618,-2.8731287503125236
282,2,2602.3333333333335,576.0,172,True,-1.3221101758479863,-1.3221101758479863,-2.6442203516959726
282,3,2625.3333333333335,636.0,173,True,-1.3667935869655798,-1.3667935869655798,-2.7335871739311597
283,0,2615.3333333333335,612.0,173,True,-1.3486201975164593,-1.3486201975164593,-2.6972403950329187
283,1,2796.8333333333335,529.0,171,True,-1.3668085621718469,-1.3668085621718469,-2.7336171243436937
283,2,2651.3333333333335,492.0,171,True,-1.2900059379948325,-1.2900059379948325,-2.580011875989665
283,3,2524.3333333333335,550.0,172,True,-1.277232738144845,-1.277232738144845,-2.55446547628969
284,0,2649.3333333333335,449.0,170,True,-1.2634145293357775,-1.2634145293357775,-2.526829058671555
284,1,2788.3333333333335,442.0,170,True,-1.3113371426785558,-1.3113371426785558,-2.6226742853571117
284,2,2625.3333333333335,478.0,170,True,-1.2718416638886567,-1.2718416638886567,-2.5436833277773134
284,3,2677.3333333333335,413.0,169,True,-1.2522807890240846,-1.2522807890240846,-2.504561578048169
285,0,2705.3333333333335,647.0,173,True,-1.4034066640970073,-1.4034066640970073,-2.8068133281940146
285,1,2565.3333333333335,946.0,178,True,-1.5305897887323943,-1.5305897887323943,-3.0611795774647885
285,2,2592.3333333333335,813.0,176,True,-1.460787747937328,-1.460787747937328,-2.921575495874656
285,3,2588.3333333333335,705.0,174,True,-1.394383776773064,-1.394383776773064,-2.788767553546128
286,0,2719.3333333333335,521.0,171,True,-1.3329359477873148,-1.3329359477873148,-2.6658718955746297
286,1,2626.3333333333335,675.0,173,True,-1.3906061182181841,-1.3906061182181841,-2.7812122364363683
286,2,2656.3333333333335,495.0,170,True,-1.2936839788732386,-1.2936839788732386,-2.587367957746477
286,3,2679.3333333333335,583.0,172,True,-1.3551943130677548,-1.3551943130677548,-2.7103886261355097
287,0,2765.3333333333335,640.0,172,True,-1.4217018084840398,-1.4217018084840398,-2.8434036169680796
287,1,2727.3333333333335,633.0,172,True,-1.4032438901158424,-1.4032438901158424,-2.8064877802316848
287,2,2821.3333333333335,736.0,174,True,-1.5003958663221928,-1.5003958663221928,-3.0007917326443856
287,3,2795.3333333333335,635.0,172,True,-1.4299479383698632,-1.4299479383698632,-2.8598958767397265
288,0,2777.3333333333335,619.0,173,True,-1.4135819912075995,-1.4135819912075995,-2.827163982415199
288,1,2797.3333333333335,717.0,174,True,-1.4799768470289185,-1.4799768470289185,-2.959953694057837
288,2,2754.3333333333335,804.0,175,True,-1.5161341570130837,-1.5161341570130837,-3.0322683140261675
288,3,2591.3333333333335,957.0,178,True,-1.5469511782231848,-1.5469511782231848,-3.0939023564463697
289,0,2817.3333333333335,670.0,173,True,-1.4592322797733135,-1.4592322797733135,-2.918464559546627
289,1,2697.3333333333335,813.0,176,True,-1.500166029460788,-1.500166029460788,-3.000332058921576
289,2,2681.3333333333335,628.0,173,True,-1.382987644803733,-1.382987644803733,-2.765975289607466
289,3,2892.3333333333335,688.0,174,True,-1.4981769314109499,-1.4981769314109499,-2.9963538628218997
290,0,2569.3333333333335,589.0,172,True,-1.3175466445120425,-1.3175466445120425,-2.635093289024085
290,1,2635.3333333333335,793.0,176,True,-1.464894861030085,-1.464894861030085,-2.92978972206017
290,2,2560.3333333333335,640.0,173,True,-1.3448204017001413,-1.3448204017001413,-2.6896408034002826
290,3,2282.333333333333,934.0,179,True,-1.417244405783815,-1.417244405783815,-2.83448881156763
291,0,2640.3333333333335,982.0,176,True,-1.5803517480623377,-1.5803517480623377,-3.1607034961246754
291,1,2717.3333333333335,398.0,168,True,-1.258267616051337,-1.258267616051337,-2.516535232102674
291,2,2606.3333333333335,677.0,174,True,-1.3843074162430196,-1.3843074162430196,-2.768614832486039
291,3,2713.3333333333335,591.0,171,True,-1.372753067963996,-1.372753067963996,-2.745506135927992
292,0,2601.3333333333335,707.0,174,True,-1.400461106133844,-1.400461106133844,-2.800922212267688
292,1,2675.3333333333335,1070.0,181,True,-1.6463624572881066,-1.6463624572881066,-3.292724914576213
292,2,2559.3333333333335,977.0,179,True,-1.5469694089090755,-1.5469694089090755,-3.093938817818151
292,3,2551.3333333333335,585.0,172,True,-1.3083922358113165,-1.3083922358113165,-2.616784471622633
293,0,2705.3333333333335,371.0,168,True,-1.2375412794816227,-1.2375412794816227,-2.4750825589632455
293,1,2717.3333333333335,650.0,173,True,-1.4097099237436448,-1.4097099237436448,-2.8194198474872896
293,2,2590.3333333333335,621.0,172,True,-1.3446530700475035,-1.3446530700475035,-2.689306140095007
293,3,2685.3333333333335,585.0,172,True,-1.3586464236603042,-1.3586464236603042,-2.7172928473206084
294,0,2680.3333333333335,651.0,173,True,-1.396434728935744,-1.396434728935744,-2.792869457871488
294,1,2766.3333333333335,635.0,172,True,-1.4190720320443366,-1.4190720320443366,-2.8381440640886733
294,2,2679.3333333333335,628.0,173,True,-1.382237582298524,-1.382237582298524,-2.764475164597048
294,3,2685.3333333333335,585.0,172,True,-1.358646423660304,-1.358646423660304,-2.717292847320608
295,0,2686.3333333333335,581.0,171,True,-1.3566176087590627,-1.3566176087590627,-2.7132352175181254
295,1,2750.8333333333335,614.0,173,True,-1.4006388553212759,-1.4006388553212759,-2.8012777106425517
295,2,2762.8333333333335,681.0,174,True,-1.4454036534294514,-1.4454036534294514,-2.890807306858903
295,3,2754.3333333333335,506.0,170,True,-1.3370476185515452,-1.3370476185515452,-2.6740952371030904
296,0,2658.3333333333335,426.0,169,True,-1.2529676952246014,-1.2529676952246014,-2.5059353904492028
296,1,2872.3333333333335,657.0,174,True,-1.4720464986665547,-1.4720464986665547,-2.9440929973331094
296,2,2587.3333333333335,426.0,169,True,-1.2263404762896901,-1.2263404762896901,-2.4526809525793802
296,3,2749.3333333333335,690.0,174,True,-1.4457493853654464,-1.4457493853654464,-2.891498770730893
297,0,2631.3333333333335,632.0,172,True,-1.36663992832736,-1.36663992832736,-2.73327985665472
297,1,2686.5,627.0,172,True,-1.3843243447370606,-1.3843243447370606,-2.768648689474121
297,2,2652.3333333333335,691.0,174,True,-1.4099723154012829,-1.4099723154012829,-2.8199446308025657
297,3,2597.3333333333335,869.0,177,True,-1.4963167503541954,-1.4963167503541954,-2.992633500708391
298,0,2635.3333333333335,692.0,174,True,-1.40419774564547,-1.40419774564547,-2.80839549129094
298,1,2674.3333333333335,413.0,169,True,-1.2511556952662717,-1.2511556952662717,-2.5023113905325434
298,2,2689.3333333333335,522.0,170,True,-1.3222859717476452,-1.3222859717476452,-2.6445719434952903
298,3,2614.3333333333335,707.0,174,True,-1.405336512417701,-1.405336512417701,-2.810673024835402
299,0,2747.8333333333335,763.0,175,True,-1.4890570307942326,-1.4890570307942326,-2.978114061588465
299,1,2759.3333333333335,513.0,171,True,-1.3431295055837982,-1.3431295055837982,-2.6862590111675964
299,2,2770.8333333333335,690.0,174,True,-1.4538125572964402,-1.4538125572964402,-2.9076251145928804
299,3,2851.166666666667,843.0,176,True,-1.5758871833069414,-1.5758871833069414,-3.151774366613883
300,0,2829.3333333333335,643.0,172,True,-1.4475066932661045,-1.4475066932661045,-2.895013386532209
300,1,2666.3333333333335,456.0,170,True,-1.273996791399283,-1.273996791399283,-2.547993582798566
300,2,2603.3333333333335,934.0,179,True,-1.5376294378698219,-1.5376294378698219,-3.0752588757396437
300,3,2716.3333333333335,540.0,171,True,-1.3432291232602707,-1.3432291232602707,-2.6864582465205413
301,0,2726.0,815.0,175,True,-1.512118848445703,-1.512118848445703,-3.024237696891406
301,1,2483.3333333333335,724.0,175,True,-1.3664237644803727,-1.3664237644803727,-2.7328475289607455
301,2,2716.3333333333335,449.0,170,True,-1.2885416232602707,-1.2885416232602707,-2.5770832465205413
301,3,2618.3333333333335,560.0,170,True,-1.318495291274272,-1.318495291274272,-2.636990582548544
302,0,2810.3333333333335,584.0,172,True,-1.4049243686973907,-1.4049243686973907,-2.8098487373947814
302,1,2747.3333333333335,371.0,168,True,-1.2532925920910067,-1.2532925920910067,-2.5065851841820135
302,2,2631.3333333333335,582.0,172,True,-1.336591851404283,-1.336591851404283,-2.673183702808566
302,3,2622.3333333333335,582.0,172,True,-1.3332165701308438,-1.3332165701308438,-2.6664331402616877
303,0,2764.3333333333335,648.0,173,True,-1.4261344695391276,-1.4261344695391276,-2.852268939078255
303,1,2495.3333333333335,646.0,173,True,-1.3240491395116252,-1.3240491395116252,-2.6480982790232503
303,2,2793.8333333333335,597.0,172,True,-1.4065488530294183,-1.4065488530294183,-2.8130977060588367
303,3,2704.3333333333335,647.0,173,True,-1.4030316328444028,-1.4030316328444028,-2.8060632656888056
304,0,2759.3333333333335,513.0,170,True,-1.343129505583798,-1.343129505583798,-2.686259011167596
304,1,2718.3333333333335,463.0,169,True,-1.2977051473039412,-1.2977051473039412,-2.5954102946078823
304,2,1999.8333333333335,520.0,171,True,-1.0624999999999993,-1.0624999999999993,-2.1249999999999987
304,3,1999.8333333333335,371.0,168,True,-0.9729567307692304,-0.9729567307692304,-1.9459134615384608
305,0,2591.3333333333335,612.0,173,True,-1.339619447453954,-1.339619447453954,-2.679238894907908
305,1,2705.3333333333335,436.0,169,True,-1.2766037794816225,-1.2766037794816225,-2.553207558963245
305,2,2623.3333333333335,549.0,172,True,-1.313759870614217,-1.313759870614217,-2.627519741228434
305,3,2675.3333333333335,480.0,170,True,-1.2917951495957989,-1.2917951495957989,-2.5835902991915978
306,0,2602.3333333333335,619.0,173,True,-1.347951522001833,-1.347951522001833,-2.695903044003666
306,1,2656.3333333333335,583.0,172,True,-1.346568594257854,-1.346568594257854,-2.693137188515708
306,2,2617.3333333333335,582.0,172,True,-1.331341413867822,-1.331341413867822,-2.662682827735644
306,3,2744.8333333333335,604.0,172,True,-1.3923790524210344,-1.3923790524210344,-2.784758104842069
307,0,2705.3333333333335,393.0,168,True,-1.250762433327777,-1.250762433327777,-2.501524866655554
307,1,2708.8333333333335,735.0,175,True,-1.457603888865738,-1.457603888865738,-2.915207777731476
307,2,2576.3333333333335,462.0,170,True,-1.2438497478956574,-1.2438497478956574,-2.4876994957913148
307,3,2808.8333333333335,677.0,174,True,-1.460251244895407,-1.460251244895407,-2.920502489790814
308,0,2581.3333333333335,606.0,172,True,-1.332263365697141,-1.332263365697141,-2.664526731394282
308,1,2680.3333333333335,583.0,172,True,-1.3555693443203594,-1.3555693443203594,-2.7111386886407187
308,2,2637.3333333333335,497.0,170,True,-1.2877603081506785,-1.2877603081506785,-2.575520616301357
308,3,2657.3333333333335,643.0,173,True,-1.3830013178181508,-1.3830013178181508,-2.7660026356363017
309,0,2712.3333333333335,624.0,173,True,-1.3922097674806229,-1.3922097674806229,-2.7844195349612457
309,1,2831.8333333333335,626.0,173,True,-1.4382279252437695,-1.4382279252437695,-2.876455850487539
309,2,2741.8333333333335,597.0,172,True,-1.387047227893991,-1.387047227893991,-2.774094455787982
309,3,2725.3333333333335,728.0,173,True,-1.4595851737644794,-1.4595851737644794,-2.9191703475289588
310,0,2647.3333333333335,606.0,172,True,-1.3570154283690303,-1.3570154283690303,-2.7140308567380607
310,1,2650.3333333333335,606.0,172,True,-1.3581405221268432,-1.3581405221268432,-2.7162810442536864
310,2,2803.3333333333335,582.0,171,True,-1.401097226852237,-1.401097226852237,-2.802194453704474
310,3,2788.8333333333335,664.0,173,True,-1.4449381198433195,-1.4449381198433195,-2.889876239686639
311,0,2622.3333333333335,546.0,171,True,-1.311581954746228,-1.311581954746228,-2.623163909492456
311,1,2868.3333333333335,549.0,172,True,-1.4056425275022912,-1.4056425275022912,-2.8112850550045825
311,2,2907.3333333333335,800.0,176,True,-1.571110092507708,-1.571110092507708,-3.142220185015416
311,3,2701.3333333333335,643.0,173,True,-1.3995026929327437,-1.3995026929327437,-2.7990053858654873
312,0,2640.3333333333335,612.0,173,True,-1.3579959788315685,-1.3579959788315685,-2.715991957663137
312,1,2822.3333333333335,727.0,174,True,-1.4953622437286431,-1.4953622437286431,-2.9907244874572863
312,2,2041.8333333333335,640.0,172,True,-1.1503666972247686,-1.1503666972247686,-2.300733394449537
312,3,2711.3333333333335,635.0,173,True,-1.398445313151095,-1.398445313151095,-2.79689062630219
313,0,2628.3333333333335,632.0,172,True,-1.3655148345695471,-1.3655148345695471,-2.7310296691390943
313,1,2701.3333333333335,322.0,167,True,-1.20659403908659,-1.20659403908659,-2.41318807817318
313,2,2668.3333333333335,469.0,170,True,-1.282559353904491,-1.282559353904491,-2.565118707808982
313,3,2705.3333333333335,456.0,170,True,-1.2886230102508536,-1.2886230102508536,-2.577246020501707
314,0,2774.8333333333335,597.0,172,True,-1.399423259229935,-1.399423259229935,-2.79884651845987
314,1,2697.3333333333335,647.0,173,True,-1.4004064140761727,-1.4004064140761727,-2.8008128281523454
314,2,2701.3333333333335,528.0,171,True,-1.3303921160096672,-1.3303921160096672,-2.6607842320193344
314,3,2738.3333333333335,860.0,176,True,-1.5437875031252601,-1.5437875031252601,-3.0875750062505203
315,0,2747.8333333333335,561.0,171,True,-1.3676628000250017,-1.3676628000250017,-2.7353256000500035
315,1,2667.3333333333335,677.0,174,True,-1.4071843226518868,-1.4071843226518868,-2.8143686453037735
315,2,2880.3333333333335,804.0,177,True,-1.563388094841236,-1.563388094841236,-3.126776189682472
315,3,2702.3333333333335,498.0,170,True,-1.3127383011084248,-1.3127383011084248,-2.6254766022168496
316,0,2749.8333333333335,634.0,173,True,-1.4122830548379026,-1.4122830548379026,-2.8245661096758052
316,1,2606.3333333333335,677.0,174,True,-1.3843074162430191,-1.3843074162430191,-2.7686148324860382
316,2,2755.3333333333335,624.0,172,True,-1.4083361113426114,-1.4083361113426114,-2.8166722226852228
316,3,2740.3333333333335,668.0,173,True,-1.4291529502458533,-1.4291529502458533,-2.8583059004917066
317,0,2682.3333333333335,413.0,169,True,-1.2541559452871067,-1.2541559452871067,-2.5083118905742134
317,1,2801.8333333333335,719.0,175,True,-1.482866410742561,-1.482866410742561,-2.965732821485122
317,2,2716.8333333333335,664.0,173,True,-1.4179358696558038,-1.4179358696558038,-2.8358717393116075
317,3,2738.8333333333335,536.0,171,True,-1.3492634802900234,-1.3492634802900234,-2.698526960580047
318,0,2612.3333333333335,582.0,172,True,-1.3294662576048,-1.3294662576048,-2.6589325152096
318,1,2742.8333333333335,705.0,174,True,-1.452326105300441,-1.452326105300441,-2.904652210600882
318,2,2674.3333333333335,689.0,174,True,-1.4170210798816563,-1.4170210798816563,-2.8340421597633125
318,3,2609.3333333333335,468.0,170,True,-1.2598315484623712,-1.2598315484623712,-2.5196630969247424
319,0,2702.3333333333335,583.0,172,True,-1.3638200318776559,-1.3638200318776559,-2.7276400637553118
319,1,2752.3333333333335,591.0,172,True,-1.3873792868155674,-1.3873792868155674,-2.774758573631135
319,2,2641.3333333333335,576.0,172,True,-1.3367363946995576,-1.3367363946995576,-2.6734727893991153
319,3,1999.8333333333335,601.0,172,True,-1.1111778846153841,-1.1111778846153841,-2.2223557692307683
320,0,2705.3333333333335,513.0,171,True,-1.3228778179431615,-1.3228778179431615,-2.645755635886323
320,1,2705.3333333333335,470.0,170,True,-1.2970364717893152,-1.2970364717893152,-2.5940729435786305
320,2,2604.3333333333335,413.0,169,True,-1.2249035075839647,-1.2249035075839647,-2.4498070151679294
320,3,2618.3333333333335,546.0,171,True,-1.3100818297358106,-1.3100818297358106,-2.620163659471621
321,0,2587.3333333333335,700.0,174,True,-1.3910039378281518,-1.3910039378281518,-2.7820078756563036
321,1,2530.3333333333335,503.0,170,True,-1.2512377333527789,-1.2512377333527789,-2.5024754667055578
321,2,2913.3333333333335,814.0,177,True,-1.5817737415617958,-1.5817737415617958,-3.1635474831235917
321,3,2742.8333333333335,598.0,172,True,-1.3880232206850567,-1.3880232206850567,-2.7760464413701134
322,0,2643.3333333333335,861.0,177,True,-1.5087604956663048,-1.5087604956663048,-3.0175209913326095
322,1,2621.3333333333335,497.0,170,True,-1.2817598081090087,-1.2817598081090087,-2.5635196162180174
322,2,2664.3333333333335,733.0,175,True,-1.4397130750479203,-1.4397130750479203,-2.8794261500958407
322,3,2615.3333333333335,546.0,171,True,-1.3089567359779977,-1.3089567359779977,-2.6179134719559953
323,0,2579.3333333333335,562.0,171,True,-1.3050709954996245,-1.3050709954996245,-2.610141990999249
323,1,2596.3333333333335,576.0,172,True,-1.3198599883323603,-1.3198599883323603,-2.6397199766647206
323,2,2698.8333333333335,634.0,173,True,-1.393156460955079,-1.393156460955079,-2.786312921910158
323,3,2592.3333333333335,576.0,172,True,-1.3183598633219427,-1.3183598633219427,-2.6367197266438853
324,0,2649.3333333333335,546.0,171,True,-1.3217077985665464,-1.3217077985665464,-2.643415597133093
324,1,2558.3333333333335,662.0,173,True,-1.357291493041086,-1.357291493041086,-2.714582986082172
324,2,2676.3333333333335,833.0,175,True,-1.5043096039253272,-1.5043096039253272,-3.0086192078506544
324,3,2728.3333333333335,541.0,171,True,-1.348330459829985,-1.348330459829985,-2.69666091965997
325,0,2599.3333333333335,546.0,171,True,-1.3029562359363276,-1.3029562359363276,-2.605912471872655
325,1,2631.3333333333335,589.0,171,True,-1.3407985821735136,-1.3407985821735136,-2.681597164347027
325,2,2603.3333333333335,539.0,171,True,-1.3002496301775144,-1.3002496301775144,-2.6004992603550288
325,3,2628.3333333333335,733.0,174,True,-1.4262119499541623,-1.4262119499541623,-2.8524238999083247
326,0,2808.3333333333335,498.0,170,True,-1.35249161388449,-1.35249161388449,-2.70498322776898
326,1,2582.3333333333335,647.0,173,True,-1.3572778200266684,-1.3572778200266684,-2.714555640053337
326,2,2661.3333333333335,540.0,171,True,-1.3226024043670297,-1.3226024043670297,-2.6452048087340594
326,3,2578.3333333333335,478.0,170,True,-1.2542151950162508,-1.2542151950162508,-2.5084303900325016
327,0,2574.3333333333335,720.0,175,True,-1.398147762313526,-1.398147762313526,-2.796295524627052
327,1,2673.3333333333335,869.0,178,True,-1.5248191255521288,-1.5248191255521288,-3.0496382511042577
327,2,2732.8333333333335,679.0,174,True,-1.4329507927743967,-1.4329507927743967,-2.8659015855487935
327,3,2620.3333333333335,806.0,176,True,-1.4670818922410196,-1.4670818922410196,-2.934163784482039
328,0,2119.8333333333335,292.0,166,True,-0.970484519543295,-0.970484519543295,-1.94096903908659
328,1,2736.3333333333335,670.0,173,True,-1.4288547483123588,-1.4288547483123588,-2.8577094966247176
328,2,2819.3333333333335,641.0,172,True,-1.4425544576631382,-1.4425544576631382,-2.8851089153262763
328,3,2693.3333333333335,540.0,171,True,-1.3346034044503703,-1.3346034044503703,-2.6692068089007406
329,0,2687.3333333333335,619.0,173,True,-1.3798291784732055,-1.3798291784732055,-2.759658356946411
329,1,2691.3333333333335,478.0,170,True,-1.296593726560546,-1.296593726560546,-2.593187453121092
329,2,2676.0,820.0,177,True,-1.4963720935077918,-1.4963720935077918,-2.9927441870155835
329,3,2763.5,568.0,170,True,-1.3777450204183672,-1.3777450204183672,-2.7554900408367344
330,0,2701.3333333333335,499.0,170,True,-1.3129642313942824,-1.3129642313942824,-2.625928462788565
330,1,2687.5,492.0,170,True,-1.3035695682973574,-1.3035695682973574,-2.6071391365947147
330,2,2647.3333333333335,677.0,174,True,-1.3996836975997993,-1.3996836975997993,-2.7993673951995985
330,3,2583.3333333333335,576.0,172,True,-1.3149845820485033,-1.3149845820485033,-2.6299691640970067
331,0,2608.3333333333335,589.0,171,True,-1.332172863363613,-1.332172863363613,-2.664345726727226
331,1,2726.3333333333335,449.0,169,True,-1.292291935786315,-1.292291935786315,-2.58458387157263
331,2,2760.3333333333335,627.0,172,True,-1.4120141522210174,-1.4120141522210174,-2.824028304442035
331,3,2735.3333333333335,515.0,171,True,-1.3353306785982157,-1.3353306785982157,-2.6706613571964315
332,0,2637.3333333333335,520.0,170,True,-1.3015824235352942,-1.3015824235352942,-2.6031648470705884
332,1,2573.3333333333335,621.0,173,True,-1.3382775387532289,-1.3382775387532289,-2.6765550775064577
332,2,2814.3333333333335,515.0,171,True,-1.364958147553962,-1.364958147553962,-2.729916295107924
332,3,2247.0,711.0,174,True,-1.2699788784482036,-1.2699788784482036,-2.539957756896407
333,0,2655.3333333333335,677.0,174,True,-1.4026839476206343,-1.4026839476206343,-2.8053678952412686
333,1,2729.3333333333335,505.0,170,True,-1.3270708756979739,-1.3270708756979739,-2.6541417513959478
333,2,2673.3333333333335,558.0,171,True,-1.33792008709059,-1.33792008709059,-2.67584017418118
333,3,2773.8333333333335,634.0,173,True,-1.4212838049004073,-1.4212838049004073,-2.8425676098008146
334,0,2690.3333333333335,534.0,171,True,-1.3298725414617878,-1.3298725414617878,-2.6597450829235756
334,1,2625.3333333333335,449.0,169,True,-1.2544137792732724,-1.2544137792732724,-2.5088275585465447
334,2,2646.3333333333335,626.0,173,True,-1.3686596278856566,-1.3686596278856566,-2.7373192557713133
334,3,2637.3333333333335,648.0,173,True,-1.378505500458371,-1.378505500458371,-2.757011000916742
335,0,2081.8333333333335,543.0,171,True,-1.1070746780981744,-1.1070746780981744,-2.214149356196349
335,1,2538.3333333333335,419.0,169,True,-1.2037572141428445,-1.2037572141428445,-2.407514428285689
335,2,2155.8333333333335,750.0,175,True,-1.2592260292524373,-1.2592260292524373,-2.5184520585048746
335,3,2712.3333333333335,632.0,173,True,-1.3970174597883147,-1.3970174597883147,-2.7940349195766294
336,0,2618.3333333333335,583.0,172,True,-1.3323174066588876,-1.3323174066588876,-2.6646348133177753
336,1,2818.3333333333335,470.0,170,True,-1.3394150033336103,-1.3394150033336103,-2.6788300066672206
336,2,2615.3333333333335,682.0,174,True,-1.3906875052087668,-1.3906875052087668,-2.7813750104175337
336,3,2589.3333333333335,632.0,173,True,-1.350888615717976,-1.350888615717976,-2.701777231435952
337,0,2640.3333333333335,662.0,174,True,-1.3880440557546452,-1.3880440557546452,-2.7760881115092904
337,1,2685.3333333333335,720.0,175,True,-1.4397762313526121,-1.4397762313526121,-2.8795524627052242
337,2,2795.3333333333335,479.0,170,True,-1.3361979383698632,-1.3361979383698632,-2.6723958767397265
337,3,2718.3333333333335,583.0,172,True,-1.369820531919326,-1.369820531919326,-2.739641063838652
338,0,2658.3333333333335,427.0,169,True,-1.253568656763063,-1.253568656763063,-2.507137313526126
338,1,2783.5,596.0,172,True,-1.402072568547378,-1.402072568547378,-2.804145137094756
338,2,2623.3333333333335,499.0,170,True,-1.2837117936911406,-1.2837117936911406,-2.5674235873822813
338,3,2610.3333333333335,503.0,170,True,-1.2812402335611295,-1.2812402335611295,-2.562480467122259
339,0,2712.3333333333335,662.0,174,True,-1.4150463059421614,-1.4150463059421614,-2.830092611884323
339,1,2747.3333333333335,720.0,175,True,-1.463028169014084,-1.463028169014084,-2.926056338028168
339,2,2617.3333333333335,612.0,173,True,-1.349370260021668,-1.349370260021668,-2.698740520043336
339,3,2691.3333333333335,620.0,172,True,-1.3819302650220844,-1.3819302650220844,-2.7638605300441688
340,0,1999.8333333333335,664.0,173,True,-1.1490384615384612,-1.1490384615384612,-2.2980769230769225
340,1,2652.5,596.0,172,True,-1.3529434744562037,-1.3529434744562037,-2.7058869489124073
340,2,2664.3333333333335,589.0,172,True,-1.3531746135094587,-1.3531746135094587,-2.7063492270189173
340,3,2761.3333333333335,393.0,168,True,-1.271764183473622,-1.271764183473622,-2.543528366947244
341,0,2685.3333333333335,621.0,173,True,-1.3802810390449198,-1.3802810390449198,-2.7605620780898397
341,1,2116.8333333333335,707.0,174,True,-1.2187584642470204,-1.2187584642470204,-2.437516928494041
341,2,2080.8333333333335,499.0,169,True,-1.0802573391532622,-1.0802573391532622,-2.1605146783065243
341,3,2661.3333333333335,701.0,174,True,-1.4193572120593378,-1.4193572120593378,-2.8387144241186757
342,0,2699.8333333333335,555.0,171,True,-1.3460555306692217,-1.3460555306692217,-2.6921110613384434
342,1,2759.3333333333335,544.0,171,True,-1.3617593132761057,-1.3617593132761057,-2.7235186265522113
342,2,2684.3333333333335,690.0,174,True,-1.4213723539461616,-1.4213723539461616,-2.842744707892323
342,3,2728.3333333333335,544.0,171,True,-1.35013334444537,-1.35013334444537,-2.70026668889074
343,0,2758.3333333333335,535.0,171,True,-1.3559756281773474,-1.3559756281773474,-2.711951256354695
343,1,2083.8333333333335,413.0,168,True,-1.029699740603383,-1.029699740603383,-2.059399481206766
343,2,2479.5,935.0,177,True,-1.4917890292941067,-1.4917890292941067,-2.9835780585882135
343,3,2083.8333333333335,758.0,173,True,-1.2370314713726143,-1.2370314713726143,-2.4740629427452285
344,0,2122.8333333333335,602.0,172,True,-1.157907690224185,-1.157907690224185,-2.31581538044837
344,1,2807.3333333333335,690.0,173,True,-1.467501198016501,-1.467501198016501,-2.935002396033002
344,2,2041.8333333333335,688.0,172,True,-1.1792128510709223,-1.1792128510709223,-2.3584257021418447
344,3,2842.5,583.0,171,True,-1.4163869124510369,-1.4163869124510369,-2.8327738249020737
345,0,2562.3333333333335,796.0,175,True,-1.4393204642053494,-1.4393204642053494,-2.878640928410699
345,1,1999.8333333333335,644.0,171,True,-1.1370192307692306,-1.1370192307692306,-2.2740384615384612
345,2,2642.3333333333335,604.0,172,True,-1.3539383490290848,-1.3539383490290848,-2.7078766980581697
345,3,2747.3333333333335,744.0,174,True,-1.477451245937161,-1.477451245937161,-2.954902491874322
346,0,2694.8333333333335,927.0,177,True,-1.5677380667138918,-1.5677380667138918,-3.1354761334277836
346,1,2821.3333333333335,607.0,172,True,-1.4228718278606545,-1.4228718278606545,-2.845743655721309
346,2,2695.3333333333335,812.0,175,True,-1.4988150054171177,-1.4988150054171177,-2.9976300108342353
346,3,2781.5,652.0,172,True,-1.4349763521960157,-1.4349763521960157,-2.8699527043920314
347,0,2077.8333333333335,561.0,171,True,-1.116391860780065,-1.116391860780065,-2.23278372156013
347,1,2734.3333333333335,497.0,170,True,-1.324138339653304,-1.324138339653304,-2.648276679306608
347,2,2751.8333333333335,561.0,171,True,-1.369162925035419,-1.369162925035419,-2.738325850070838
347,3,2627.3333333333335,503.0,170,True,-1.287615764855404,-1.287615764855404,-2.575231529710808
348,0,2633.3333333333335,632.0,172,True,-1.3673899908325686,-1.3673899908325686,-2.7347799816651372
348,1,2769.5,598.0,172,True,-1.3980240540878397,-1.3980240540878397,-2.7960481081756794
348,2,2672.3333333333335,607.0,172,True,-1.3669921712226012,-1.3669921712226012,-2.7339843424452024
348,3,2656.3333333333335,576.0,172,True,-1.3423618634886236,-1.3423618634886236,-2.6847237269772473
349,0,2737.8333333333335,699.0,175,True,-1.4468451798066493,-1.4468451798066493,-2.8936903596132986
349,1,2631.3333333333335,677.0,174,True,-1.3936831975581292,-1.3936831975581292,-2.7873663951162584
349,2,2041.8333333333335,648.0,173,True,-1.1551743895324609,-1.1551743895324609,-2.3103487790649218
349,3,2730.3333333333335,576.0,172,True,-1.3701141761813476,-1.3701141761813476,-2.740228352362695
350,0,2733.3333333333335,436.0,169,True,-1.2871046545545453,-1.2871046545545453,-2.5742093091090905
350,1,2080.8333333333335,620.0,172,True,-1.152973685307108,-1.152973685307108,-2.305947370614216
350,2,2821.3333333333335,648.0,172,True,-1.4475112509375778,-1.4475112509375778,-2.8950225018751556
350,3,2568.3333333333335,806.0,175,True,-1.4475802671055913,-1.4475802671055913,-2.8951605342111826
351,0,2755.3333333333335,575.0,171,True,-1.3788889959579957,-1.3788889959579957,-2.7577779919159915
351,1,2722.8333333333335,906.0,178,True,-1.5656187494791223,-1.5656187494791223,-3.1312374989582445
351,2,2668.3333333333335,668.0,174,True,-1.4021507000583378,-1.4021507000583378,-2.8043014001166755
351,3,2793.3333333333335,694.0,173,True,-1.4646546066338855,-1.4646546066338855,-2.929309213267771
352,0,2605.3333333333335,639.0,173,True,-1.3610958465288767,-1.3610958465288767,-2.7221916930577534
352,1,2855.0,751.0,174,True,-1.5220363415701301,-1.5220363415701301,-3.0440726831402602
352,2,2706.3333333333335,385.0,168,True,-1.2463297722726887,-1.2463297722726887,-2.4926595445453774
352,3,2687.3333333333335,849.0,176,True,-1.5180503323193593,-1.5180503323193593,-3.0361006646387185
353,0,2736.5,584.0,172,True,-1.3772345612134338,-1.3772345612134338,-2.7544691224268676
353,1,2077.8333333333335,498.0,170,True,-1.078531283856988,-1.078531283856988,-2.157062567713976
353,2,2680.3333333333335,835.0,175,True,-1.5070116520126673,-1.5070116520126673,-3.0140233040253346
353,3,2780.3333333333335,477.0,170,True,-1.3293705465038748,-1.3293705465038748,-2.6587410930077495
354,0,2628.3333333333335,691.0,174,True,-1.4009715653387778,-1.4009715653387778,-2.8019431306775555
354,1,2667.3333333333335,646.0,173,True,-1.3885545149595793,-1.3885545149595793,-2.7771090299191585
354,2,2707.3333333333335,664.0,174,True,-1.4143730727560622,-1.4143730727560622,-2.8287461455121243
354,3,2621.3333333333335,612.0,173,True,-1.3508703850320853,-1.3508703850320853,-2.7017407700641707
355,0,2665.3333333333335,478.0,170,True,-1.286842913992832,-1.286842913992832,-2.573685827985664
355,1,2603.3333333333335,677.0,174,True,-1.3831823224852062,-1.3831823224852062,-2.7663646449704125
355,2,2709.3333333333335,631.0,173,True,-1.3952914044920404,-1.3952914044920404,-2.7905828089840807
355,3,2699.3333333333335,776.0,175,True,-1.4786805150429196,-1.4786805150429196,-2.9573610300858393
356,0,2662.3333333333335,456.0,170,True,-1.2724966663888648,-1.2724966663888648,-2.5449933327777297
356,1,1999.8333333333335,498.0,170,True,-1.049278846153846,-1.049278846153846,-2.098557692307692
356,2,2641.3333333333335,675.0,173,True,-1.3962315870072501,-1.3962315870072501,-2.7924631740145003
356,3,2821.3333333333335,664.0,174,True,-1.4571266355529622,-1.4571266355529622,-2.9142532711059244
357,0,2575.3333333333335,806.0,176,True,-1.450205485873822,-1.450205485873822,-2.900410971747644
357,1,2641.3333333333335,675.0,173,True,-1.3962315870072497,-1.3962315870072497,-2.7924631740144994
357,2,2701.3333333333335,691.0,174,True,-1.4283488467788976,-1.4283488467788976,-2.8566976935577952
357,3,2639.3333333333335,492.0,171,True,-1.2855055629635799,-1.2855055629635799,-2.5710111259271597
358,0,2633.3333333333335,576.0,172,True,-1.3337361446787228,-1.3337361446787228,-2.6674722893574456
358,1,2740.5,482.0,170,True,-1.317436609300774,-1.317436609300774,-2.634873218601548
358,2,2655.3333333333335,413.0,169,True,-1.2440301014667883,-1.2440301014667883,-2.4880602029335765
358,3,2649.3333333333335,677.0,174,True,-1.4004337601050083,-1.4004337601050083,-2.8008675202100166
359,0,2660.3333333333335,419.0,169,True,-1.2495110269605794,-1.2495110269605794,-2.4990220539211587
359,1,2637.3333333333335,503.0,170,True,-1.2913660773814477,-1.2913660773814477,-2.5827321547628954
359,2,2677.3333333333335,583.0,172,True,-1.3544442505625462,-1.3544442505625462,-2.7088885011250925
359,3,2768.5,639.0,173,True,-1.4222884459121585,-1.4222884459121585,-2.844576891824317
360,0,2659.3333333333335,413.0,169,True,-1.2455302264772061,-1.2455302264772061,-2.4910604529544123
360,1,2767.3333333333335,627.0,173,True,-1.4146393709892484,-1.4146393709892484,-2.829278741978497
360,2,2727.3333333333335,583.0,172,True,-1.3731958131927655,-1.3731958131927655,-2.746391626385531
360,3,2760.5,541.0,171,True,-1.3603939651220929,-1.3603939651220929,-2.7207879302441857
361,0,2845.3333333333335,721.0,175,True,-1.500382193307775,-1.500382193307775,-3.00076438661555
361,1,2587.3333333333335,720.0,175,True,-1.4030231685973824,-1.4030231685973824,-2.806046337194765
361,2,2659.3333333333335,583.0,172,True,-1.3476936880156674,-1.3476936880156674,-2.6953873760313347
361,3,2587.3333333333335,621.0,173,True,-1.3435279762896906,-1.3435279762896906,-2.687055952579381
362,0,2657.3333333333335,419.0,169,True,-1.2483859332027663,-1.2483859332027663,-2.4967718664055325
362,1,2721.3333333333335,619.0,173,True,-1.3925802410617547,-1.3925802410617547,-2.7851604821235094
362,2,2762.8333333333335,636.0,173,True,-1.4183603841986825,-1.4183603841986825,-2.836720768397365
362,3,2657.3333333333335,384.0,168,True,-1.2273522793566123,-1.2273522793566123,-2.4547045587132246
363,0,2728.3333333333335,576.0,172,True,-1.3693641136761385,-1.3693641136761385,-2.738728227352277
363,1,2704.3333333333335,819.0,176,True,-1.5063970174597874,-1.5063970174597874,-3.0127940349195748
363,2,2470.3333333333335,636.0,173,True,-1.3086637428119003,-1.3086637428119003,-2.6173274856238007
363,3,2692.3333333333335,589.0,172,True,-1.363675488582381,-1.363675488582381,-2.727350977164762
364,0,2613.3333333333335,478.0,170,True,-1.2673412888574045,-1.2673412888574045,-2.534682577714809
364,1,2675.3333333333335,436.0,169,True,-1.2653528419034912,-1.2653528419034912,-2.5307056838069824
364,2,2667.3333333333335,419.0,169,True,-1.25213624572881,-1.25213624572881,-2.50427249145762
364,3,2690.3333333333335,535.0,171,True,-1.3304735030002495,-1.3304735030002495,-2.660947006000499
365,0,2790.3333333333335,521.0,171,True,-1.3595631667222263,-1.3595631667222263,-2.7191263334444526
365,1,2536.3333333333335,589.0,172,True,-1.3051706131760974,-1.3051706131760974,-2.610341226352195
365,2,2613.3333333333335,806.0,176,True,-1.464456673472789,-1.464456673472789,-2.928913346945578
365,3,2674.3333333333335,619.0,173,True,-1.3749537721893486,-1.3749537721893486,-2.749907544378697
366,0,2711.3333333333335,626.0,173,True,-1.3930366593049412,-1.3930366593049412,-2.7860733186098825
366,1,2584.3333333333335,763.0,175,True,-1.4277394209934156,-1.4277394209934156,-2.855478841986831
366,2,2734.3333333333335,586.0,172,True,-1.3776239165763804,-1.3776239165763804,-2.755247833152761
366,3,2727.8333333333335,634.0,173,True,-1.4040323672806059,-1.4040323672806059,-2.8080647345612118
367,0,2638.3333333333335,621.0,173,True,-1.362654570172514,-1.362654570172514,-2.725309140345028
367,1,2678.3333333333335,691.0,174,True,-1.4197231279689964,-1.4197231279689964,-2.8394462559379927
367,2,2041.8333333333335,436.0,169,True,-1.0277705433786144,-1.0277705433786144,-2.055541086757229
367,3,2699.3333333333335,583.0,172,True,-1.3626949381198423,-1.3626949381198423,-2.7253898762396847
368,0,2077.8333333333335,356.0,167,True,-0.9931947453954493,-0.9931947453954493,-1.9863894907908985
368,1,2632.3333333333335,419.0,169,True,-1.2390101518876566,-1.2390101518876566,-2.4780203037753132
368,2,2602.3333333333335,675.0,173,True,-1.381605368155679,-1.381605368155679,-2.763210736311358
368,3,2614.3333333333335,707.0,174,True,-1.4053365124177006,-1.4053365124177006,-2.8106730248354013
369,0,2642.3333333333335,413.0,169,True,-1.239154695182931,-1.239154695182931,-2.478309390365862
369,1,2791.3333333333335,526.0,171,True,-1.362943005667138,-1.362943005667138,-2.725886011334276
369,2,2720.3333333333335,419.0,169,True,-1.2720129021168425,-1.2720129021168425,-2.544025804233685
369,3,2587.3333333333335,619.0,173,True,-1.3423260532127668,-1.3423260532127668,-2.6846521064255335
370,0,2672.3333333333335,419.0,169,True,-1.254011401991832,-1.254011401991832,-2.508022803983664
370,1,2740.3333333333335,446.0,170,True,-1.2957394887073919,-1.2957394887073919,-2.5914789774147837
370,2,2694.3333333333335,478.0,170,True,-1.2977188203183594,-1.2977188203183594,-2.595437640636719
370,3,2768.3333333333335,517.0,171,True,-1.3489086330110835,-1.3489086330110835,-2.697817266022167
371,0,2784.3333333333335,526.0,171,True,-1.3603177868989076,-1.3603177868989076,-2.720635573797815
371,1,2581.3333333333335,719.0,174,True,-1.4001720195432943,-1.4001720195432943,-2.8003440390865886
371,2,2663.3333333333335,419.0,169,True,-1.2506361207183927,-1.2506361207183927,-2.5012722414367854
371,3,2617.3333333333335,436.0,169,True,-1.2436010292524369,-1.2436010292524369,-2.4872020585048737
372,0,2648.3333333333335,495.0,170,True,-1.2906837288524038,-1.2906837288524038,-2.5813674577048076
372,1,2764.3333333333335,586.0,172,True,-1.388874854154512,-1.388874854154512,-2.777749708309024
372,2,2702.3333333333335,621.0,173,True,-1.386656570339194,-1.386656570339194,-2.773313140678388
372,3,2785.3333333333335,515.0,171,True,-1.354082241228435,-1.354082241228435,-2.70816448245687
373,0,2769.3333333333335,669.0,173,True,-1.4406298181098416,-1.4406298181098416,-2.881259636219683
373,1,2588.3333333333335,589.0,172,True,-1.3246722383115255,-1.3246722383115255,-2.649344476623051
373,2,2771.3333333333335,479.0,170,True,-1.3271971883073583,-1.3271971883073583,-2.6543943766147167
373,3,2685.3333333333335,477.0,170,True,-1.2937425775064582,-1.2937425775064582,-2.5874851550129163
374,0,2712.3333333333335,520.0,170,True,-1.3297097674806229,-1.3297097674806229,-2.6594195349612457
374,1,2573.3333333333335,621.0,173,True,-1.3382775387532286,-1.3382775387532286,-2.6765550775064573
374,2,2693.3333333333335,558.0,172,True,-1.345420712142678,-1.345420712142678,-2.690841424285356
374,3,2718.3333333333335,595.0,172,True,-1.3770320703808645,-1.3770320703808645,-2.754064140761729
375,0,2764.3333333333335,541.0,171,True,-1.361831584923743,-1.361831584923743,-2.723663169847486
375,1,2659.3333333333335,589.0,172,True,-1.3512994572464365,-1.3512994572464365,-2.702598914492873
375,2,2646.3333333333335,419.0,169,True,-1.2442605894241177,-1.2442605894241177,-2.4885211788482353
375,3,2575.3333333333335,478.0,170,True,-1.253090101258438,-1.253090101258438,-2.506180202516876
376,0,2643.3333333333335,478.0,170,True,-1.2785922264355356,-1.2785922264355356,-2.557184452871071
376,1,2038.8333333333335,586.0,172,True,-1.116789680390032,-1.116789680390032,-2.233579360780064
376,2,2684.3333333333335,503.0,170,True,-1.308992546253854,-1.308992546253854,-2.617985092507708
376,3,2674.3333333333335,478.0,170,True,-1.2902181952662717,-1.2902181952662717,-2.5804363905325434
377,0,2725.3333333333335,436.0,169,True,-1.2841044045337107,-1.2841044045337107,-2.5682088090674213
377,1,2578.3333333333335,621.0,173,True,-1.3401526950162508,-1.3401526950162508,-2.6803053900325016
377,2,2603.3333333333335,589.0,172,True,-1.3302977071005913,-1.3302977071005913,-2.6605954142011825
377,3,2659.3333333333335,419.0,169,True,-1.249135995707975,-1.249135995707975,-2.49827199141595
378,0,2607.3333333333335,690.0,174,True,-1.3924949474956243,-1.3924949474956243,-2.7849898949912486
378,1,2649.3333333333335,619.0,173,True,-1.3655779908742394,-1.3655779908742394,-2.7311559817484787
378,2,2692.3333333333335,619.0,173,True,-1.3817043347362272,-1.3817043347362272,-2.7634086694724544
378,3,2641.3333333333335,478.0,170,True,-1.2778421639303268,-1.2778421639303268,-2.5556843278606536
379,0,2590.3333333333335,662.0,174,True,-1.3692924931244264,-1.3692924931244264,-2.7385849862488527
379,1,2564.3333333333335,353.0,168,True,-1.173844565172097,-1.173844565172097,-2.347689130344194
379,2,2619.3333333333335,640.0,173,True,-1.3669472456037994,-1.3669472456037994,-2.733894491207599
379,3,2582.3333333333335,619.0,173,True,-1.3404508969497453,-1.3404508969497453,-2.6809017938994906
380,0,2542.3333333333335,589.0,172,True,-1.3074208006917238,-1.3074208006917238,-2.6148416013834477
380,1,2591.3333333333335,621.0,173,True,-1.3450281013001077,-1.3450281013001077,-2.6900562026002155
380,2,2689.3333333333335,533.0,172,True,-1.3288965486707218,-1.3288965486707218,-2.6577930973414436
380,3,2354.333333333333,546.0,171,True,-1.2110735790482536,-1.2110735790482536,-2.4221471580965073
381,0,2552.3333333333335,619.0,173,True,-1.3291999593716135,-1.3291999593716135,-2.658399918743227
381,1,2576.3333333333335,478.0,170,True,-1.2534651325110417,-1.2534651325110417,-2.5069302650220835
381,2,2673.3333333333335,492.0,171,True,-1.2982566255521288,-1.2982566255521288,-2.5965132511042577
381,3,2673.3333333333335,677.0,174,True,-1.4094345101675134,-1.4094345101675134,-2.818869020335027
382,0,2569.3333333333335,621.0,173,True,-1.3367774137428114,-1.3367774137428114,-2.673554827485623
382,1,2596.3333333333335,1025.0,180,True,-1.589691719101591,-1.589691719101591,-3.179383438203182
382,2,2654.3333333333335,583.0,172,True,-1.3458185317526457,-1.3458185317526457,-2.6916370635052913
382,3,2626.3333333333335,725.0,174,True,-1.420654195141261,-1.420654195141261,-2.841308390282522
383,0,2639.3333333333335,679.0,174,True,-1.3978853706558871,-1.3978853706558871,-2.7957707413117743
383,1,2601.3333333333335,690.0,174,True,-1.3902447599799979,-1.3902447599799979,-2.7804895199599957
383,2,2633.3333333333335,621.0,173,True,-1.3607794139094922,-1.3607794139094922,-2.7215588278189844
383,3,2656.3333333333335,704.0,175,True,-1.4192849404116998,-1.4192849404116998,-2.8385698808233997
384,0,2636.3333333333335,619.0,173,True,-1.3607025845903815,-1.3607025845903815,-2.721405169180763
384,1,2684.3333333333335,504.0,171,True,-1.3095935077923155,-1.3095935077923155,-2.619187015584631
384,2,2651.3333333333335,492.0,171,True,-1.2900059379948323,-1.2900059379948323,-2.5800118759896646
384,3,2661.3333333333335,489.0,170,True,-1.2919533659054916,-1.2919533659054916,-2.583906731810983
385,0,2611.3333333333335,621.0,173,True,-1.3525287263521948,-1.3525287263521948,-2.7050574527043896
385,1,2613.3333333333335,619.0,173,True,-1.3520768657804811,-1.3520768657804811,-2.7041537315609623
385,2,2671.3333333333335,507.0,171,True,-1.306520986123843,-1.306520986123843,-2.613041972247686
385,3,2618.3333333333335,507.0,171,True,-1.286644329735811,-1.286644329735811,-2.573288659471622
386,0,2628.3333333333335,677.0,174,True,-1.392558103800316,-1.392558103800316,-2.785116207600632
386,1,2645.3333333333335,552.0,172,True,-1.3238134427868984,-1.3238134427868984,-2.6476268855737968
386,2,2633.3333333333335,619.0,173,True,-1.3595774908325686,-1.3595774908325686,-2.7191549816651372
386,3,2641.3333333333335,677.0,174,True,-1.3974335100841733,-1.3974335100841733,-2.7948670201683465
387,0,2638.3333333333335,503.0,170,True,-1.2917411086340522,-1.2917411086340522,-2.5834822172681045
387,1,2541.3333333333335,590.0,171,True,-1.3076467309775808,-1.3076467309775808,-2.6152934619551615
387,2,2618.3333333333335,419.0,169,True,-1.2337597143511954,-1.2337597143511954,-2.4675194287023907
387,3,2673.3333333333335,507.0,171,True,-1.3072710486290515,-1.3072710486290515,-2.614542097258103
388,0,2727.3333333333335,455.0,169,True,-1.2962727362696886,-1.2962727362696886,-2.5925454725393773
388,1,2586.3333333333335,449.0,170,True,-1.239787560421701,-1.239787560421701,-2.479575120843402
388,2,2649.3333333333335,589.0,172,True,-1.3475491447203933,-1.3475491447203933,-2.6950982894407867
388,3,2633.3333333333335,583.0,172,True,-1.3379428754479532,-1.3379428754479532,-2.6758857508959064
389,0,2637.3333333333335,619.0,173,True,-1.3610776158429863,-1.3610776158429863,-2.7221552316859725
389,1,2676.3333333333335,619.0,173,True,-1.3757038346945574,-1.3757038346945574,-2.7514076693891147
389,2,2639.3333333333335,692.0,174,True,-1.4056978706558871,-1.4056978706558871,-2.8113957413117743
389,3,2642.3333333333335,748.0,175,True,-1.4404768105675467,-1.4404768105675467,-2.8809536211350935
390,0,2654.3333333333335,557.0,172,True,-1.3301935317526459,-1.3301935317526459,-2.6603870635052917
390,1,2655.3333333333335,449.0,170,True,-1.2656647168514035,-1.2656647168514035,-2.531329433702807
390,2,2662.3333333333335,578.0,172,True,-1.3458139740811728,-1.3458139740811728,-2.6916279481623455
390,3,2119.8333333333335,436.0,169,True,-1.0570229810817564,-1.0570229810817564,-2.114045962163513
391,0,2673.3333333333335,436.0,169,True,-1.2646027793982824,-1.2646027793982824,-2.5292055587965647
391,1,2623.3333333333335,704.0,175,True,-1.4069089090757558,-1.4069089090757558,-2.8138178181515117
391,2,2588.3333333333335,562.0,171,True,-1.3084462767730636,-1.3084462767730636,-2.616892553546127
391,3,2605.3333333333335,619.0,173,True,-1.3490766157596452,-1.3490766157596452,-2.6981532315192904
392,0,2654.3333333333335,619.0,173,True,-1.3674531471372608,-1.3674531471372608,-2.7349062942745217
392,1,2783.3333333333335,607.0,172,True,-1.4086206402616879,-1.4086206402616879,-2.8172412805233757
392,2,2692.3333333333335,455.0,169,True,-1.283146642428535,-1.283146642428535,-2.56629328485707
392,3,2680.3333333333335,515.0,171,True,-1.3147039597049748,-1.3147039597049748,-2.6294079194099496
393,0,2633.3333333333335,589.0,172,True,-1.341548644678723,-1.341548644678723,-2.683097289357446
393,1,2629.3333333333335,549.0,172,True,-1.3160100581298437,-1.3160100581298437,-2.6320201162596875
393,2,2636.3333333333335,520.0,170,True,-1.3012073922826894,-1.3012073922826894,-2.602414784565379
393,3,2710.3333333333335,478.0,170,True,-1.3037193203600292,-1.3037193203600292,-2.6074386407200585
394,0,2530.3333333333335,677.0,174,True,-1.3558050410450868,-1.3558050410450868,-2.7116100820901736
394,1,2655.3333333333335,419.0,169,True,-1.2476358706975577,-1.2476358706975577,-2.4952717413951153
394,2,2628.3333333333335,507.0,171,True,-1.2903946422618544,-1.2903946422618544,-2.580789284523709
394,3,2739.3333333333335,515.0,171,True,-1.3368308036086334,-1.3368308036086334,-2.6736616072172668
395,0,2633.3333333333335,478.0,170,True,-1.2748419139094918,-1.2748419139094918,-2.5496838278189835
395,1,2615.3333333333335,619.0,173,True,-1.3528269282856902,-1.3528269282856902,-2.7056538565713804
395,2,2623.3333333333335,619.0,172,True,-1.3558271783065248,-1.3558271783065248,-2.7116543566130495
395,3,2775.8333333333335,680.0,173,True,-1.4496780981748476,-1.4496780981748476,-2.899356196349695
396,0,2592.3333333333335,619.0,173,True,-1.344201209475789,-1.344201209475789,-2.688402418951578
396,1,2711.3333333333335,453.0,169,True,-1.2890703131510952,-1.2890703131510952,-2.5781406263021904
396,2,2721.3333333333335,648.0,173,True,-1.410008125677139,-1.410008125677139,-2.820016251354278
396,3,2664.3333333333335,449.0,170,True,-1.269039998124843,-1.269039998124843,-2.538079996249686
397,0,2637.3333333333335,666.0,174,True,-1.3893228081506785,-1.3893228081506785,-2.778645616301357
397,1,2579.3333333333335,591.0,172,True,-1.3224988801150093,-1.3224988801150093,-2.6449977602300185
397,2,2636.3333333333335,449.0,170,True,-1.2585391230519203,-1.2585391230519203,-2.5170782461038406
397,3,2636.3333333333335,419.0,169,True,-1.2405102768980742,-1.2405102768980742,-2.4810205537961485
398,0,2617.3333333333335,417.0,169,True,-1.2321827600216677,-1.2321827600216677,-2.4643655200433354
398,1,2838.8333333333335,722.0,174,True,-1.498545451704308,-1.498545451704308,-2.997090903408616
398,2,2770.8333333333335,793.0,176,True,-1.515711595757979,-1.515711595757979,-3.031423191515958
398,3,2604.3333333333335,720.0,175,True,-1.4093986998916566,-1.4093986998916566,-2.818797399783313
399,0,2649.3333333333335,419.0,169,True,-1.245385683181931,-1.245385683181931,-2.490771366363862
399,1,2765.8333333333335,494.0,170,True,-1.3341489394949573,-1.3341489394949573,-2.6682978789899146
399,2,2632.3333333333335,821.0,177,True,-1.4805966903491952,-1.4805966903491952,-2.9611933806983903
399,3,2038.8333333333335,606.0,172,True,-1.128808911159263,-1.128808911159263,-2.257617822318526
400,0,2579.3333333333335,417.0,169,True,-1.2179315724227013,-1.2179315724227013,-2.4358631448454027
400,1,2658.3333333333335,419.0,169,True,-1.2487609644553705,-1.2487609644553705,-2.497521928910741
400,2,2626.3333333333335,449.0,170,True,-1.2547888105258764,-1.2547888105258764,-2.509577621051753
400,3,1999.8333333333335,577.0,172,True,-1.0967548076923073,-1.0967548076923073,-2.1935096153846145
401,0,2608.3333333333335,763.0,175,True,-1.4367401710559207,-1.4367401710559207,-2.8734803421118413
401,1,2573.3333333333335,503.0,170,True,-1.2673640772147674,-1.2673640772147674,-2.534728154429535
401,2,2635.3333333333335,619.0,173,True,-1.3603275533377774,-1.3603275533377774,-2.720655106675555
401,3,2571.3333333333335,619.0,173,True,-1.3363255531710974,-1.3363255531710974,-2.6726511063421947
402,0,2543.3333333333335,720.0,175,True,-1.3865217934827898,-1.3865217934827898,-2.7730435869655796
402,1,2657.3333333333335,576.0,172,True,-1.3427368947412277,-1.3427368947412277,-2.6854737894824554
402,2,2628.3333333333335,662.0,174,True,-1.3835436807233927,-1.3835436807233927,-2.7670873614467855
402,3,2688.8333333333335,536.0,171,True,-1.3305119176598041,-1.3305119176598041,-2.6610238353196083
403,0,2594.3333333333335,619.0,173,True,-1.3449512719809977,-1.3449512719809977,-2.6899025439619955
403,1,2666.3333333333335,621.0,173,True,-1.3731554452454364,-1.3731554452454364,-2.746310890490873
403,2,2756.3333333333335,791.0,176,True,-1.5090717195182928,-1.5090717195182928,-3.0181434390365856
403,3,2620.3333333333335,677.0,174,True,-1.3895578537794813,-1.3895578537794813,-2.7791157075589625
404,0,2623.3333333333335,387.0,168,True,-1.216404101383448,-1.216404101383448,-2.432808202766896
404,1,2718.3333333333335,507.0,171,True,-1.324147454996249,-1.324147454996249,-2.648294909992498
404,2,2746.3333333333335,417.0,169,True,-1.2805617916076335,-1.2805617916076335,-2.561123583215267
404,3,2582.3333333333335,619.0,173,True,-1.3404508969497453,-1.3404508969497453,-2.6809017938994906
405,0,2614.3333333333335,449.0,170,True,-1.2502884354946238,-1.2502884354946238,-2.5005768709892475
405,1,2605.3333333333335,619.0,173,True,-1.349076615759646,-1.349076615759646,-2.698153231519292
405,2,2664.3333333333335,419.0,169,True,-1.2510111519709968,-1.2510111519709968,-2.5020223039419935
405,3,2669.3333333333335,449.0,170,True,-1.270915154387865,-1.270915154387865,-2.54183030877573
406,0,2590.3333333333335,576.0,172,True,-1.317609800816734,-1.317609800816734,-2.635219601633468
406,1,2664.3333333333335,533.0,171,True,-1.3195207673556124,-1.3195207673556124,-2.639041534711225
406,2,2709.3333333333335,589.0,172,True,-1.3700510198766553,-1.3700510198766553,-2.7401020397533107
406,3,2611.3333333333335,419.0,169,True,-1.2311344955829648,-1.2311344955829648,-2.4622689911659297
407,0,2803.3333333333335,690.0,174,True,-1.466001073006083,-1.466001073006083,-2.932002146012166
407,1,2638.3333333333335,419.0,169,True,-1.2412603394032828,-1.2412603394032828,-2.4825206788065657
407,2,2566.3333333333335,679.0,174,True,-1.3705080892157673,-1.3705080892157673,-2.7410161784315346
407,3,2764.166666666667,769.0,176,True,-1.4987883104842066,-1.4987883104842066,-2.997576620968413
408,0,2701.8333333333335,477.0,170,True,-1.2999305931744305,-1.2999305931744305,-2.599861186348861
408,1,2616.3333333333335,478.0,170,True,-1.2684663826152174,-1.2684663826152174,-2.5369327652304348
408,2,2591.3333333333335,478.0,170,True,-1.2590906013001073,-1.2590906013001073,-2.5181812026002146
408,3,2596.3333333333335,619.0,173,True,-1.3457013344862065,-1.3457013344862065,-2.691402668972413
409,0,2634.3333333333335,690.0,174,True,-1.4026207913159423,-1.4026207913159423,-2.8052415826318846
409,1,2674.3333333333335,478.0,170,True,-1.2902181952662715,-1.2902181952662715,-2.580436390532543
409,2,2603.3333333333335,690.0,174,True,-1.3909948224852067,-1.3909948224852067,-2.7819896449704133
409,3,2725.8333333333335,677.0,174,True,-1.4291236509292435,-1.4291236509292435,-2.858247301858487
410,0,2662.3333333333335,387.0,168,True,-1.2310303202350188,-1.2310303202350188,-2.4620606404700376
410,1,2586.3333333333335,419.0,169,True,-1.2217587142678554,-1.2217587142678554,-2.443517428535711
410,2,2636.3333333333335,478.0,170,True,-1.2759670076673049,-1.2759670076673049,-2.5519340153346097
410,3,2596.3333333333335,503.0,170,True,-1.275989796024668,-1.275989796024668,-2.551979592049336
411,0,2596.3333333333335,619.0,173,True,-1.3457013344862072,-1.3457013344862072,-2.6914026689724144
411,1,2678.3333333333335,520.0,171,True,-1.3169587048920737,-1.3169587048920737,-2.6339174097841473
411,2,2789.3333333333335,762.0,176,True,-1.5040198662388526,-1.5040198662388526,-3.0080397324777053
411,3,2646.3333333333335,419.0,169,True,-1.244260589424118,-1.244260589424118,-2.488521178848236
412,0,2614.3333333333335,419.0,169,True,-1.2322595893407782,-1.2322595893407782,-2.4645191786815563
412,1,2652.3333333333335,679.0,174,True,-1.4027607769397448,-1.4027607769397448,-2.8055215538794895
412,2,2624.3333333333335,619.0,173,True,-1.3562022095591293,-1.3562022095591293,-2.7124044191182586
412,3,2616.3333333333335,419.0,169,True,-1.2330096518459863,-1.2330096518459863,-2.4660193036919726
413,0,2603.3333333333335,619.0,173,True,-1.3483265532544373,-1.3483265532544373,-2.6966531065088746
413,1,2651.3333333333335,478.0,170,True,-1.2815924764563706,-1.2815924764563706,-2.5631849529127413
413,2,2603.3333333333335,619.0,173,True,-1.3483265532544373,-1.3483265532544373,-2.6966531065088746
413,3,2566.3333333333335,619.0,173,True,-1.334450396908075,-1.334450396908075,-2.66890079381615
414,0,2608.3333333333335,419.0,169,True,-1.2300094018251513,-1.2300094018251513,-2.4600188036503026
414,1,2573.3333333333335,503.0,169,True,-1.267364077214767,-1.267364077214767,-2.534728154429534
414,2,2614.3333333333335,419.0,169,True,-1.2322595893407777,-1.2322595893407777,-2.4645191786815555
414,3,2688.3333333333335,387.0,168,True,-1.2407811328027325,-1.2407811328027325,-2.481562265605465
415,0,2568.3333333333335,589.0,172,True,-1.3171716132594378,-1.3171716132594378,-2.6343432265188755
415,1,2723.8333333333335,647.0,173,True,-1.4103447422701885,-1.4103447422701885,-2.820689484540377
415,2,2627.3333333333335,619.0,173,True,-1.3573273033169424,-1.3573273033169424,-2.714654606633885
415,3,2694.3333333333335,503.0,170,True,-1.3127428587798975,-1.3127428587798975,-2.625485717559795
416,0,2584.3333333333335,619.0,173,True,-1.3412009594549534,-1.3412009594549534,-2.682401918909907
416,1,2614.3333333333335,478.0,170,True,-1.2677163201100083,-1.2677163201100083,-2.5354326402200167
416,2,2637.3333333333335,449.0,170,True,-1.2589141543045248,-1.2589141543045248,-2.5178283086090496
416,3,2672.3333333333335,679.0,174,True,-1.4102614019918318,-1.4102614019918318,-2.8205228039836636
417,0,2673.3333333333335,419.0,169,True,-1.2543864332444365,-1.2543864332444365,-2.508772866488873
417,1,2662.3333333333335,449.0,170,True,-1.2682899356196344,-1.2682899356196344,-2.536579871239269
417,2,2681.3333333333335,805.0,177,True,-1.4893578371114253,-1.4893578371114253,-2.9787156742228507
417,3,2643.3333333333335,778.0,176,True,-1.4588806879739973,-1.4588806879739973,-2.9177613759479946
418,0,2603.3333333333335,576.0,172,True,-1.322485207100591,-1.322485207100591,-2.644970414201182
418,1,2655.3333333333335,520.0,171,True,-1.3083329860821733,-1.3083329860821733,-2.6166659721643466
418,2,2664.3333333333335,503.0,170,True,-1.3014919212017662,-1.3014919212017662,-2.6029838424035323
418,3,2746.8333333333335,570.0,172,True,-1.3726964226185507,-1.3726964226185507,-2.7453928452371015
419,0,2635.3333333333335,576.0,172,True,-1.3344862071839312,-1.3344862071839312,-2.6689724143678624
419,1,2706.3333333333335,631.0,173,True,-1.3941663107342273,-1.3941663107342273,-2.7883326214684545
419,2,2684.3333333333335,679.0,174,True,-1.4147617770230843,-1.4147617770230843,-2.8295235540461685
419,3,2817.8333333333335,699.0,174,True,-1.4768476800150003,-1.4768476800150003,-2.9536953600300007
420,0,2654.3333333333335,763.0,176,True,-1.4539916086757223,-1.4539916086757223,-2.9079832173514446
420,1,2626.3333333333335,585.0,172,True,-1.3365195797566456,-1.3365195797566456,-2.673039159513291
420,2,2718.3333333333335,670.0,173,True,-1.42210418576548,-1.42210418576548,-2.84420837153096
420,3,2704.8333333333335,604.0,172,True,-1.377377802316859,-1.377377802316859,-2.754755604633718
421,0,2796.3333333333335,265.0,166,True,-1.2079672003916988,-1.2079672003916988,-2.4159344007833976
421,1,2646.3333333333335,546.0,171,True,-1.3205827048087333,-1.3205827048087333,-2.6411654096174666
421,2,2608.3333333333335,634.0,173,True,-1.3592161325943821,-1.3592161325943821,-2.7184322651887642
421,3,2605.3333333333335,648.0,173,True,-1.3665045003750307,-1.3665045003750307,-2.7330090007500614
422,0,2595.3333333333335,720.0,175,True,-1.4060234186182177,-1.4060234186182177,-2.8120468372364353
422,1,2590.3333333333335,690.0,173,True,-1.3861194162013495,-1.3861194162013495,-2.772238832402699
422,2,2666.3333333333335,805.0,176,True,-1.48373236832236,-1.48373236832236,-2.96746473664472
422,3,2197.8333333333335,479.0,170,True,-1.1121167649387442,-1.1121167649387442,-2.2242335298774885
423,0,2695.3333333333335,440.0,169,True,-1.275257313109425,-1.275257313109425,-2.55051462621885
423,1,2606.3333333333335,436.0,169,True,-1.2394756854737885,-1.2394756854737885,-2.478951370947577
423,2,2382.833333333333,679.0,173,True,-1.3016898543628628,-1.3016898543628628,-2.6033797087257255
423,3,2682.3333333333335,477.0,170,True,-1.2926174837486448,-1.2926174837486448,-2.5852349674972896
424,0,2155.8333333333335,543.0,171,True,-1.1348269907908988,-1.1348269907908988,-2.2696539815817975
424,1,2613.3333333333335,691.0,174,True,-1.3953460965497118,-1.3953460965497118,-2.7906921930994235
424,2,2764.3333333333335,589.0,172,True,-1.3906777387698965,-1.3906777387698965,-2.781355477539793
424,3,2726.3333333333335,686.0,173,True,-1.4347198204016993,-1.4347198204016993,-2.8694396408033986
425,0,2684.3333333333335,503.0,170,True,-1.3089925462538539,-1.3089925462538539,-2.6179850925077077
425,1,2155.8333333333335,664.0,173,True,-1.2075433369447448,-1.2075433369447448,-2.4150866738894896
425,2,2602.3333333333335,655.0,174,True,-1.369586137386448,-1.369586137386448,-2.739172274772896
425,3,2675.3333333333335,722.0,175,True,-1.4372278419034916,-1.4372278419034916,-2.8744556838069832
426,0,2764.8333333333335,563.0,171,True,-1.3752402543961988,-1.3752402543961988,-2.7504805087923976
426,1,2733.3333333333335,525.0,171,True,-1.3405902314776226,-1.3405902314776226,-2.681180462955245
426,2,2594.3333333333335,478.0,170,True,-1.2602156950579209,-1.2602156950579209,-2.5204313901158417
426,3,2766.3333333333335,557.0,172,True,-1.3721970320443364,-1.3721970320443364,-2.744394064088673
427,0,2671.3333333333335,413.0,169,True,-1.2500306015084583,-1.2500306015084583,-2.5000612030169167
427,1,2675.3333333333335,893.0,178,True,-1.5399922649804143,-1.5399922649804143,-3.0799845299608286
427,2,2600.3333333333335,962.0,179,True,-1.553331267188932,-1.553331267188932,-3.106662534377864
427,3,2685.3333333333335,413.0,169,True,-1.2552810390449198,-1.2552810390449198,-2.5105620780898397
428,0,2817.3333333333335,587.0,172,True,-1.4093524720810062,-1.4093524720810062,-2.8187049441620124
428,1,2729.3333333333335,521.0,171,True,-1.336686260313359,-1.336686260313359,-2.673372520626718
428,2,2605.3333333333335,790.0,176,True,-1.4518410388365692,-1.4518410388365692,-2.9036820776731385
428,3,2198.8333333333335,579.0,172,True,-1.1725879500375025,-1.1725879500375025,-2.345175900075005
429,0,2783.3333333333335,839.0,177,True,-1.5480437171847647,-1.5480437171847647,-3.0960874343695295
429,1,2629.3333333333335,619.0,173,True,-1.358077365822151,-1.358077365822151,-2.716154731644302
429,2,2518.3333333333335,619.0,173,True,-1.316448896783065,-1.316448896783065,-2.63289779356613
429,3,2657.3333333333335,553.0,172,True,-1.3289147793566118,-1.3289147793566118,-2.6578295587132237
430,0,2652.3333333333335,478.0,170,True,-1.2819675077089752,-1.2819675077089752,-2.5639350154179503
430,1,2688.8333333333335,757.0,175,True,-1.4633244176598046,-1.4633244176598046,-2.926648835319609
430,2,2636.3333333333335,619.0,173,True,-1.360702584590382,-1.360702584590382,-2.721405169180764
430,3,2716.3333333333335,541.0,171,True,-1.3438300847987326,-1.3438300847987326,-2.687660169597465
431,0,2635.3333333333335,589.0,172,True,-1.3422987071839316,-1.3422987071839316,-2.6845974143678633
431,1,2727.3333333333335,619.0,173,True,-1.3948304285773812,-1.3948304285773812,-2.7896608571547623
431,2,2658.3333333333335,499.0,171,True,-1.2968378875322937,-1.2968378875322937,-2.5936757750645874
431,3,2562.3333333333335,419.0,169,True,-1.2127579642053499,-1.2127579642053499,-2.4255159284106997
432,0,2783.3333333333335,648.0,173,True,-1.4332600633386108,-1.4332600633386108,-2.8665201266772216
432,1,2582.3333333333335,735.0,175,True,-1.4101624354112834,-1.4101624354112834,-2.8203248708225668
432,2,2643.3333333333335,766.0,176,True,-1.4516691495124587,-1.4516691495124587,-2.9033382990249175
432,3,2634.3333333333335,648.0,173,True,-1.3773804067005577,-1.3773804067005577,-2.7547608134011154
433,0,2572.3333333333335,598.0,173,True,-1.3240803921160094,-1.3240803921160094,-2.6481607842320187
433,1,2592.3333333333335,449.0,170,True,-1.2420377479373275,-1.2420377479373275,-2.484075495874655
433,2,2623.3333333333335,478.0,170,True,-1.2710916013834481,-1.2710916013834481,-2.5421832027668962
433,3,2672.3333333333335,526.0,172,True,-1.3183142866072168,-1.3183142866072168,-2.6366285732144337
434,0,2600.3333333333335,641.0,173,True,-1.3604226133427781,-1.3604226133427781,-2.7208452266855563
434,1,2624.3333333333335,619.0,173,True,-1.3562022095591293,-1.3562022095591293,-2.7124044191182586
434,2,2578.3333333333335,655.0,174,True,-1.360585387323943,-1.360585387323943,-2.721170774647886
434,3,2645.3333333333335,669.0,174,True,-1.3941259427868984,-1.3941259427868984,-2.7882518855737968
435,0,2546.3333333333335,869.0,178,True,-1.4771901564713725,-1.4771901564713725,-2.954380312942745
435,1,2684.3333333333335,713.0,175,True,-1.4351944693307772,-1.4351944693307772,-2.8703889386615544
435,2,2155.8333333333335,599.0,172,True,-1.168480836944745,-1.168480836944745,-2.33696167388949
435,3,2563.3333333333335,582.0,172,True,-1.3110897262271854,-1.3110897262271854,-2.622179452454371
436,0,2619.3333333333335,992.0,180,True,-1.5784857071422609,-1.5784857071422609,-3.1569714142845218
436,1,2585.3333333333335,619.0,173,True,-1.3415759907075584,-1.3415759907075584,-2.683151981415117
436,2,2651.3333333333335,821.0,177,True,-1.487722284148679,-1.487722284148679,-2.975444568297358
436,3,2565.3333333333335,447.0,170,True,-1.230709981040086,-1.230709981040086,-2.461419962080172
437,0,2603.3333333333335,807.0,177,True,-1.4613073224852065,-1.4613073224852065,-2.922614644970413
437,1,2564.3333333333335,677.0,174,True,-1.3685561036336353,-1.3685561036336353,-2.7371122072672707
437,2,2198.8333333333335,870.0,177,True,-1.3474677577298102,-1.3474677577298102,-2.6949355154596204
437,3,2737.8333333333335,848.0,177,True,-1.5363884490374191,-1.5363884490374191,-3.0727768980748382
438,0,2514.3333333333335,720.0,175,True,-1.3756458871572628,-1.3756458871572628,-2.7512917743145255
438,1,2498.3333333333335,583.0,172,True,-1.2873136563463616,-1.2873136563463616,-2.5746273126927233
438,2,2552.3333333333335,679.0,174,True,-1.3652576516793062,-1.3652576516793062,-2.7305153033586125
438,3,2699.8333333333335,554.0,171,True,-1.3454545691307602,-1.3454545691307602,-2.6909091382615205
439,0,2756.3333333333335,790.0,176,True,-1.5084707579798309,-1.5084707579798309,-3.0169415159596618
439,1,2690.3333333333335,720.0,175,True,-1.4416513876156343,-1.4416513876156343,-2.8833027752312685
439,2,2680.3333333333335,582.0,172,True,-1.3549683827818977,-1.3549683827818977,-2.7099367655637954
439,3,2781.3333333333335,783.0,176,True,-1.5136398085257103,-1.5136398085257103,-3.0272796170514207
440,0,2572.3333333333335,612.0,172,True,-1.3324938536544713,-1.3324938536544713,-2.6649877073089425
440,1,2750.3333333333335,333.0,167,True,-1.2315811473872815,-1.2315811473872815,-2.463162294774563
440,2,2598.3333333333335,619.0,173,True,-1.3464513969914156,-1.3464513969914156,-2.692902793982831
440,3,2680.3333333333335,712.0,174,True,-1.4330933827818977,-1.4330933827818977,-2.8661867655637954
441,0,2571.3333333333335,576.0,172,True,-1.3104842070172504,-1.3104842070172504,-2.620968414034501
441,1,2077.8333333333335,637.0,173,True,-1.1620649377031416,-1.1620649377031416,-2.324129875406283
441,2,2560.3333333333335,655.0,174,True,-1.353834824777064,-1.353834824777064,-2.707669649554128
441,3,2045.8333333333335,570.0,172,True,-1.1097995145428785,-1.1097995145428785,-2.219599029085757
442,0,2886.0,631.0,172,True,-1.4615469257854812,-1.4615469257854812,-2.9230938515709624
442,1,2116.8333333333335,606.0,172,True,-1.1580613488624047,-1.1580613488624047,-2.3161226977248095
442,2,2602.3333333333335,449.0,170,True,-1.2457880604633713,-1.2457880604633713,-2.4915761209267426
442,3,2789.8333333333335,713.0,175,True,-1.4747602664805395,-1.4747602664805395,-2.949520532961079
443,0,2595.3333333333335,612.0,173,True,-1.3411195724643714,-1.3411195724643714,-2.682239144928743
443,1,2523.3333333333335,612.0,173,True,-1.3141173222768558,-1.3141173222768558,-2.6282346445537117
443,2,2632.3333333333335,413.0,169,True,-1.2354043826568875,-1.2354043826568875,-2.470808765313775
443,3,2839.3333333333335,890.0,178,True,-1.599694505792149,-1.599694505792149,-3.199389011584298
444,0,2851.0,534.0,171,True,-1.3901275627135585,-1.3901275627135585,-2.780255125427117
444,1,2681.8333333333335,950.0,178,True,-1.5766847758146503,-1.5766847758146503,-3.1533695516293005
444,2,2766.3333333333335,385.0,168,True,-1.2688316474289516,-1.2688316474289516,-2.537663294857903
444,3,2116.8333333333335,693.0,173,True,-1.2103450027085587,-1.2103450027085587,-2.4206900054171174
445,0,2692.8333333333335,907.0,177,True,-1.5549687734394528,-1.5549687734394528,-3.1099375468789057
445,1,2751.8333333333335,694.0,174,True,-1.4490908096508037,-1.4490908096508037,-2.8981816193016074
445,2,2584.3333333333335,892.0,177,True,-1.505263459454954,-1.505263459454954,-3.010526918909908
445,3,2609.3333333333335,677.0,174,True,-1.3854325100008322,-1.3854325100008322,-2.7708650200016645
446,0,2788.3333333333335,544.0,171,True,-1.3726352196016325,-1.3726352196016325,-2.745270439203265
446,1,2622.3333333333335,478.0,170,True,-1.2707165701308438,-1.2707165701308438,-2.5414331402616877
446,2,2668.3333333333335,763.0,175,True,-1.4592420462121838,-1.4592420462121838,-2.9184840924243676
446,3,2595.3333333333335,521.0,171,True,-1.2864320724643714,-1.2864320724643714,-2.572864144928743
447,0,2571.3333333333335,655.0,174,True,-1.3579601685557123,-1.3579601685557123,-2.7159203371114247
447,1,2546.3333333333335,583.0,172,True,-1.3053151564713719,-1.3053151564713719,-2.6106303129427437
447,2,2724.8333333333335,634.0,173,True,-1.402907273522793,-1.402907273522793,-2.805814547045586
447,3,2541.3333333333335,690.0,174,True,-1.3677428848237347,-1.3677428848237347,-2.7354857696474695
448,0,2775.3333333333335,549.0,172,True,-1.3707646210100835,-1.3707646210100835,-2.741529242020167
448,1,2641.3333333333335,793.0,176,True,-1.4671450485457116,-1.4671450485457116,-2.934290097091423
448,2,2583.3333333333335,662.0,173,True,-1.3666672743561956,-1.3666672743561956,-2.7333345487123912
448,3,2686.3333333333335,620.0,172,True,-1.380055108759063,-1.380055108759063,-2.760110217518126
449,0,2580.3333333333335,584.0,172,True,-1.3186671805983827,-1.3186671805983827,-2.6373343611967655
449,1,2580.3333333333335,705.0,174,True,-1.3913835267522292,-1.3913835267522292,-2.7827670535044584
449,2,2656.3333333333335,558.0,171,True,-1.3315445557963155,-1.3315445557963155,-2.663089111592631
449,3,2736.8333333333335,907.0,178,True,-1.5714701485540454,-1.5714701485540454,-3.142940297108091
450,0,2593.3333333333335,546.0,171,True,-1.300706048420701,-1.300706048420701,-2.601412096841402
450,1,2589.3333333333335,589.0,172,True,-1.3250472695641298,-1.3250472695641298,-2.6500945391282595
450,2,2237.8333333333335,547.0,171,True,-1.1679833996583049,-1.1679833996583049,-2.3359667993166098
450,3,2581.3333333333335,505.0,170,True,-1.2715662503125251,-1.2715662503125251,-2.5431325006250503
451,0,2543.3333333333335,675.0,172,True,-1.3594785242520206,-1.3594785242520206,-2.7189570485040413
451,1,2632.3333333333335,413.0,169,True,-1.2354043826568872,-1.2354043826568872,-2.4708087653137745
451,2,2239.8333333333335,541.0,170,True,-1.1651276929327437,-1.1651276929327437,-2.3302553858654873
451,3,2155.8333333333335,608.0,172,True,-1.1738894907908992,-1.1738894907908992,-2.3477789815817984
452,0,2633.3333333333335,583.0,172,True,-1.3379428754479537,-1.3379428754479537,-2.6758857508959073
452,1,2767.3333333333335,621.0,173,True,-1.4110336017584788,-1.4110336017584788,-2.8220672035169576
452,2,2119.8333333333335,371.0,168,True,-1.0179604810817562,-1.0179604810817562,-2.0359209621635124
452,3,2603.3333333333335,638.0,172,True,-1.3597448224852065,-1.3597448224852065,-2.719489644970413
453,0,2695.3333333333335,419.0,169,True,-1.2626371208017326,-1.2626371208017326,-2.5252742416034653
453,1,2711.3333333333335,549.0,171,True,-1.3467626208434031,-1.3467626208434031,-2.6935252416868063
453,2,2282.8333333333335,450.0,170,True,-1.1265665367947328,-1.1265665367947328,-2.2531330735894657
453,3,2665.3333333333335,421.0,168,True,-1.2525881063005244,-1.2525881063005244,-2.505176212601049
454,0,2655.3333333333335,606.0,172,True,-1.3600156783898651,-1.3600156783898651,-2.7200313567797303
454,1,2572.3333333333335,492.0,171,True,-1.260378469039086,-1.260378469039086,-2.520756938078172
454,2,2321.8333333333335,572.0,172,True,-1.214510063338611,-1.214510063338611,-2.429020126677222
454,3,2644.3333333333335,634.0,172,True,-1.37271725768814,-1.37271725768814,-2.74543451537628
455,0,2657.3333333333335,626.0,173,True,-1.3727849716643046,-1.3727849716643046,-2.745569943328609
455,1,2703.3333333333335,618.0,173,True,-1.3852287169764141,-1.3852287169764141,-2.7704574339528283
455,2,2604.3333333333335,583.0,172,True,-1.327066969122426,-1.327066969122426,-2.654133938244852
455,3,2572.3333333333335,612.0,173,True,-1.3324938536544708,-1.3324938536544708,-2.6649877073089416
456,0,2700.3333333333335,643.0,173,True,-1.3991276616801398,-1.3991276616801398,-2.7982553233602796
456,1,2589.3333333333335,619.0,173,True,-1.3430761157179756,-1.3430761157179756,-2.686152231435951
456,2,2569.3333333333335,643.0,173,True,-1.349998567588965,-1.349998567588965,-2.69999713517793
456,3,2858.3333333333335,699.0,174,True,-1.492036445745478,-1.492036445745478,-2.984072891490956
457,0,2667.3333333333335,722.0,175,True,-1.4342275918826561,-1.4342275918826561,-2.8684551837653123
457,1,2598.3333333333335,668.0,173,True,-1.3758985123760308,-1.3758985123760308,-2.7517970247520616
457,2,2903.3333333333335,865.0,177,True,-1.608672467497291,-1.608672467497291,-3.217344934994582
457,3,2626.3333333333335,819.0,176,True,-1.4771445797566458,-1.4771445797566458,-2.9542891595132916
458,0,2757.8333333333335,1055.0,181,True,-1.6682881125510451,-1.6682881125510451,-3.3365762251020903
458,1,2593.3333333333335,961.0,179,True,-1.55010508688224,-1.55010508688224,-3.10021017376448
458,2,2581.3333333333335,413.0,169,True,-1.216277788774064,-1.216277788774064,-2.432555577548128
458,3,2636.3333333333335,626.0,173,True,-1.3649093153596124,-1.3649093153596124,-2.7298186307192247
459,0,2605.3333333333335,583.0,172,True,-1.32744200037503,-1.32744200037503,-2.65488400075006
459,1,2659.8333333333335,834.0,176,True,-1.498722549795816,-1.498722549795816,-2.997445099591632
459,2,2631.3333333333335,583.0,172,True,-1.3371928129427446,-1.3371928129427446,-2.6743856258854892
459,3,2640.3333333333335,398.0,168,True,-1.2293902096007994,-1.2293902096007994,-2.4587804192015987
460,0,2272.8333333333335,586.0,172,True,-1.204546993499458,-1.204546993499458,-2.409093986998916
460,1,2609.3333333333335,612.0,173,True,-1.3463700100008331,-1.3463700100008331,-2.6927400200016662
460,2,2694.3333333333335,733.0,175,True,-1.4509640126260517,-1.4509640126260517,-2.9019280252521034
460,3,2912.3333333333335,721.0,175,True,-1.525509287232268,-1.525509287232268,-3.051018574464536
461,0,2611.3333333333335,612.0,173,True,-1.3471200725060415,-1.3471200725060415,-2.694240145012083
461,1,2662.3333333333335,706.0,174,True,-1.4227370510042496,-1.4227370510042496,-2.8454741020084993
461,2,2696.3333333333335,610.0,174,True,-1.3777958059004913,-1.3777958059004913,-2.7555916118009827
461,3,2700.3333333333335,664.0,174,True,-1.411747853987832,-1.411747853987832,-2.823495707975664
462,0,2618.3333333333335,619.0,173,True,-1.3539520220435033,-1.3539520220435033,-2.7079040440870066
462,1,2584.3333333333335,748.0,174,True,-1.4187249979164924,-1.4187249979164924,-2.837449995832985
462,2,2829.3333333333335,755.0,176,True,-1.5148143855737974,-1.5148143855737974,-3.029628771147595
462,3,2620.3333333333335,957.0,178,True,-1.5578270845487119,-1.5578270845487119,-3.1156541690974238
463,0,2617.3333333333335,641.0,173,True,-1.3667981446370525,-1.3667981446370525,-2.733596289274105
463,1,2637.3333333333335,949.0,178,True,-1.559394923535294,-1.559394923535294,-3.118789847070588
463,2,2649.3333333333335,734.0,174,True,-1.434688567797316,-1.434688567797316,-2.869377135594632
463,3,2632.3333333333335,977.0,179,True,-1.5743466903491945,-1.5743466903491945,-3.148693380698389
464,0,2594.3333333333335,764.0,176,True,-1.432090695057921,-1.432090695057921,-2.864181390115842
464,1,2629.3333333333335,640.0,173,True,-1.3706975581298435,-1.3706975581298435,-2.741395116259687
464,2,2592.3333333333335,621.0,173,True,-1.3454031325527123,-1.3454031325527123,-2.6908062651054245
464,3,2604.3333333333335,701.0,174,True,-1.3979804306608876,-1.3979804306608876,-2.7959608613217752
465,0,2628.3333333333335,807.0,176,True,-1.4706831038003163,-1.4706831038003163,-2.9413662076006326
465,1,2543.3333333333335,776.0,175,True,-1.420175639636636,-1.420175639636636,-2.840351279273272
465,2,2630.3333333333335,772.0,175,True,-1.450399512459371,-1.450399512459371,-2.900799024918742
465,3,2632.3333333333335,855.0,177,True,-1.5010293826568872,-1.5010293826568872,-3.0020587653137745
466,0,2641.3333333333335,722.0,175,True,-1.4244767793149424,-1.4244767793149424,-2.848953558629885
466,1,2638.3333333333335,765.0,175,True,-1.4491930317109754,-1.4491930317109754,-2.8983860634219507
466,2,2708.3333333333335,543.0,171,True,-1.3420317578548204,-1.3420317578548204,-2.684063515709641
466,3,2695.3333333333335,626.0,173,True,-1.3870361592632707,-1.3870361592632707,-2.7740723185265415
467,0,2519.3333333333335,583.0,172,True,-1.2951893126510536,-1.2951893126510536,-2.5903786253021073
467,1,2649.3333333333335,976.0,179,True,-1.580121260105008,-1.580121260105008,-3.160242520210016
467,2,2846.3333333333335,917.0,178,True,-1.618545686098841,-1.618545686098841,-3.237091372197682
467,3,2588.3333333333335,776.0,175,True,-1.4370520460038334,-1.4370520460038334,-2.874104092007667
468,0,2692.3333333333335,626.0,173,True,-1.3859110655054578,-1.3859110655054578,-2.7718221310109157
468,1,2622.3333333333335,677.0,174,True,-1.3903079162846899,-1.3903079162846899,-2.7806158325693797
468,2,2628.3333333333335,582.0,171,True,-1.3354667576464696,-1.3354667576464696,-2.670933515292939
468,3,2571.3333333333335,655.0,174,True,-1.3579601685557126,-1.3579601685557126,-2.715920337111425
469,0,2646.3333333333335,776.0,175,True,-1.4588038586548875,-1.4588038586548875,-2.917607717309775
469,1,2682.3333333333335,818.0,175,True,-1.4975453683640296,-1.4975453683640296,-2.9950907367280593
469,2,2634.3333333333335,766.0,176,True,-1.4482938682390194,-1.4482938682390194,-2.896587736478039
469,3,2653.3333333333335,628.0,173,True,-1.3724867697308103,-1.3724867697308103,-2.7449735394616206
470,0,2634.3333333333335,834.0,176,True,-1.4891592528544042,-1.4891592528544042,-2.9783185057088084
470,1,2659.8333333333335,907.0,178,True,-1.542592742103508,-1.542592742103508,-3.085185484207016
470,2,2676.3333333333335,515.0,171,True,-1.3132038346945571,-1.3132038346945571,-2.6264076693891143
470,3,2600.3333333333335,619.0,173,True,-1.3472014594966242,-1.3472014594966242,-2.6944029189932484
471,0,2680.3333333333335,650.0,173,True,-1.3958337673972827,-1.3958337673972827,-2.7916675347945654
471,1,2556.3333333333335,599.0,172,True,-1.3186808536128003,-1.3186808536128003,-2.6373617072256006
471,2,2582.3333333333335,642.0,173,True,-1.3542730123343607,-1.3542730123343607,-2.7085460246687214
471,3,2597.3333333333335,643.0,173,True,-1.360499442661888,-1.360499442661888,-2.720998885323776
472,0,2588.3333333333335,722.0,175,True,-1.40460012292691,-1.40460012292691,-2.80920024585382
472,1,2641.3333333333335,613.0,172,True,-1.3589719716226345,-1.3589719716226345,-2.717943943245269
472,2,2570.3333333333335,861.0,177,True,-1.481383214226185,-1.481383214226185,-2.96276642845237
472,3,2746.8333333333335,706.0,174,True,-1.4544271918493201,-1.4544271918493201,-2.9088543836986402
473,0,2613.3333333333335,919.0,178,True,-1.5323653273189426,-1.5323653273189426,-3.064730654637885
473,1,2397.333333333333,632.0,172,True,-1.2788826152179342,-1.2788826152179342,-2.5577652304358685
473,2,2509.3333333333335,578.0,172,True,-1.2884341924327023,-1.2884341924327023,-2.5768683848654046
473,3,2604.3333333333335,612.0,173,True,-1.3444948537378107,-1.3444948537378107,-2.6889897074756215
474,0,2561.3333333333335,726.0,174,True,-1.396878125260438,-1.396878125260438,-2.793756250520876
474,1,2782.3333333333335,557.0,172,True,-1.3781975320860063,-1.3781975320860063,-2.7563950641720125
474,2,2627.3333333333335,683.0,174,True,-1.3957888417784812,-1.3957888417784812,-2.7915776835569623
474,3,2640.3333333333335,619.0,173,True,-1.3622027096007994,-1.3622027096007994,-2.7244054192015987
475,0,2667.3333333333335,710.0,174,True,-1.4270160534211178,-1.4270160534211178,-2.8540321068422356
475,1,2497.3333333333335,583.0,172,True,-1.2869386250937571,-1.2869386250937571,-2.5738772501875142
475,2,2565.3333333333335,583.0,172,True,-1.312440750270855,-1.312440750270855,-2.62488150054171
475,3,2664.3333333333335,513.0,171,True,-1.3075015365863814,-1.3075015365863814,-2.6150030731727627
476,0,2645.3333333333335,589.0,171,True,-1.3460490197099753,-1.3460490197099753,-2.6920980394199505
476,1,2559.3333333333335,621.0,173,True,-1.3330271012167672,-1.3330271012167672,-2.6660542024335343
476,2,2607.3333333333335,642.0,173,True,-1.3636487936494701,-1.3636487936494701,-2.7272975872989402
476,3,2569.3333333333335,583.0,172,True,-1.3139408752812722,-1.3139408752812722,-2.6278817505625445
477,0,2388.333333333333,578.0,172,True,-1.243055410867571,-1.243055410867571,-2.486110821735142
477,1,2580.3333333333335,669.0,173,True,-1.3697489113676136,-1.3697489113676136,-2.739497822735227
477,2,2637.3333333333335,632.0,172,True,-1.3688901158429858,-1.3688901158429858,-2.7377802316859716
477,3,2643.3333333333335,546.0,171,True,-1.3194576110509204,-1.3194576110509204,-2.638915222101841
478,0,2698.3333333333335,640.0,173,True,-1.3965747145595462,-1.3965747145595462,-2.7931494291190924
478,1,2638.3333333333335,640.0,173,True,-1.3740728394032828,-1.3740728394032828,-2.7481456788065657
478,2,2534.3333333333335,587.0,172,True,-1.3032186275939657,-1.3032186275939657,-2.6064372551879313
478,3,2570.3333333333335,583.0,172,True,-1.3143159065338774,-1.3143159065338774,-2.628631813067755
479,0,2552.3333333333335,438.0,169,True,-1.2204259209100752,-1.2204259209100752,-2.4408518418201504
479,1,2535.3333333333335,632.0,172,True,-1.3306369280773391,-1.3306369280773391,-2.6612738561546783
479,2,2634.3333333333335,470.0,170,True,-1.270409252854404,-1.270409252854404,-2.540818505708808
479,3,2558.3333333333335,654.0,174,True,-1.352483800733394,-1.352483800733394,-2.704967601466788
480,0,2622.3333333333335,661.0,174,True,-1.3806925316693053,-1.3806925316693053,-2.7613850633386106
480,1,2731.8333333333335,636.0,173,True,-1.4067344153679466,-1.4067344153679466,-2.8134688307358933
480,2,2549.3333333333335,546.0,171,True,-1.284204673306108,-1.284204673306108,-2.568409346612216
480,3,2650.3333333333335,776.0,175,True,-1.4603039836653047,-1.4603039836653047,-2.9206079673306093
481,0,2695.3333333333335,589.0,172,True,-1.364800582340194,-1.364800582340194,-2.729601164680388
481,1,2624.3333333333335,576.0,172,True,-1.3303608634052833,-1.3303608634052833,-2.6607217268105665
481,2,2565.3333333333335,627.0,173,True,-1.338883057963163,-1.338883057963163,-2.677766115926326
481,3,2645.3333333333335,647.0,173,True,-1.3809047889407446,-1.3809047889407446,-2.7618095778814893
482,0,2689.3333333333335,583.0,172,True,-1.358944625593799,-1.358944625593799,-2.717889251187598
482,1,2578.3333333333335,806.0,176,True,-1.4513305796316356,-1.4513305796316356,-2.902661159263271
482,2,2505.3333333333335,612.0,173,True,-1.307366759729977,-1.307366759729977,-2.614733519459954
482,3,2567.3333333333335,733.0,174,True,-1.4033350435452947,-1.4033350435452947,-2.8066700870905894
483,0,2661.3333333333335,640.0,173,True,-1.3826985582131837,-1.3826985582131837,-2.7653971164263673
483,1,2549.3333333333335,576.0,172,True,-1.3022335194599541,-1.3022335194599541,-2.6044670389199083
483,2,2576.3333333333335,612.0,173,True,-1.333993978664888,-1.333993978664888,-2.667987957329776
483,3,2773.3333333333335,835.0,176,True,-1.5418895585048749,-1.5418895585048749,-3.0837791170097497
484,0,2630.3333333333335,604.0,172,True,-1.3494379739978326,-1.3494379739978326,-2.698875947995665
484,1,2625.3333333333335,583.0,172,True,-1.3349426254271184,-1.3349426254271184,-2.669885250854237
484,2,2685.3333333333335,614.0,172,True,-1.3760743082756888,-1.3760743082756888,-2.7521486165513775
484,3,2568.3333333333335,599.0,172,True,-1.323181228644053,-1.323181228644053,-2.646362457288106
485,0,2547.3333333333335,528.0,171,True,-1.2726373031085916,-1.2726373031085916,-2.545274606217183
485,1,2529.3333333333335,717.0,174,True,-1.379468471330944,-1.379468471330944,-2.758936942661888
485,2,2703.5,784.0,176,True,-1.4850508375697966,-1.4850508375697966,-2.9701016751395932
485,3,2659.3333333333335,413.0,169,True,-1.2455302264772057,-1.2455302264772057,-2.4910604529544114
486,0,2562.3333333333335,576.0,172,True,-1.3071089257438115,-1.3071089257438115,-2.614217851487623
486,1,2692.3333333333335,546.0,171,True,-1.3378341424285354,-1.3378341424285354,-2.6756682848570708
486,2,2568.3333333333335,627.0,173,True,-1.3400081517209763,-1.3400081517209763,-2.6800163034419526
486,3,2605.3333333333335,690.0,173,True,-1.3917448849904155,-1.3917448849904155,-2.783489769980831
487,0,2637.3333333333335,546.0,171,True,-1.3172074235352937,-1.3172074235352937,-2.6344148470705875
487,1,2565.3333333333335,677.0,174,True,-1.36893113488624,-1.36893113488624,-2.73786226977248
487,2,2600.3333333333335,535.0,171,True,-1.296720690265855,-1.296720690265855,-2.59344138053171
487,3,2520.3333333333335,704.0,174,True,-1.3682806900575044,-1.3682806900575044,-2.736561380115009
488,0,2657.3333333333335,540.0,171,True,-1.3211022793566123,-1.3211022793566123,-2.6422045587132246
488,1,2665.3333333333335,497.0,170,True,-1.2982611832236015,-1.2982611832236015,-2.596522366447203
488,2,2572.3333333333335,641.0,173,True,-1.3499217382698552,-1.3499217382698552,-2.6998434765397104
488,3,2710.3333333333335,675.0,174,True,-1.4221087434369521,-1.4221087434369521,-2.8442174868739043
489,0,2662.3333333333335,605.0,172,True,-1.3620399356196344,-1.3620399356196344,-2.724079871239269
489,1,2743.8333333333335,526.0,171,True,-1.3451290211684301,-1.3451290211684301,-2.6902580423368603
489,2,2625.3333333333335,583.0,172,True,-1.3349426254271182,-1.3349426254271182,-2.6698852508542363
489,3,2518.3333333333335,624.0,173,True,-1.3194537044753727,-1.3194537044753727,-2.6389074089507454
490,0,2693.3333333333335,576.0,172,True,-1.3562380198349855,-1.3562380198349855,-2.712476039669971
490,1,2729.3333333333335,539.0,171,True,-1.3475035680056668,-1.3475035680056668,-2.6950071360113337
490,2,2767.8333333333335,604.0,172,True,-1.4010047712309353,-1.4010047712309353,-2.8020095424618705
490,3,2700.3333333333335,539.0,171,True,-1.3366276616801394,-1.3366276616801394,-2.6732553233602787
491,0,2660.5,533.0,171,True,-1.3180831475539623,-1.3180831475539623,-2.6361662951079246
491,1,2660.3333333333335,632.0,172,True,-1.3775158346528873,-1.3775158346528873,-2.7550316693057746
491,2,2540.3333333333335,748.0,174,True,-1.4022236228018996,-1.4022236228018996,-2.804447245603799
491,3,2603.3333333333335,583.0,172,True,-1.3266919378698216,-1.3266919378698216,-2.6533838757396433
492,0,2715.8333333333335,699.0,174,True,-1.4385944922493537,-1.4385944922493537,-2.8771889844987073
492,1,2649.3333333333335,632.0,172,True,-1.3733904908742391,-1.3733904908742391,-2.7467809817484783
492,2,2625.3333333333335,497.0,170,True,-1.2832599331194259,-1.2832599331194259,-2.5665198662388518
492,3,2586.3333333333335,546.0,171,True,-1.2980808296524704,-1.2980808296524704,-2.596161659304941
493,0,2771.8333333333335,604.0,172,True,-1.4025048962413529,-1.4025048962413529,-2.8050097924827058
493,1,2702.8333333333335,597.0,172,True,-1.3724210090424196,-1.3724210090424196,-2.744842018084839
493,2,2761.8333333333335,682.0,174,True,-1.445629583715309,-1.445629583715309,-2.891259167430618
493,3,2677.3333333333335,705.0,174,True,-1.4277615582548537,-1.4277615582548537,-2.8555231165097075
494,0,2858.3333333333335,1017.0,180,True,-1.6831422149762472,-1.6831422149762472,-3.3662844299524943
494,1,2607.3333333333335,733.0,174,True,-1.4183362936494701,-1.4183362936494701,-2.8366725872989402
494,2,2603.3333333333335,539.0,171,True,-1.300249630177514,-1.300249630177514,-2.600499260355028
494,3,2622.3333333333335,546.0,171,True,-1.3115819547462282,-1.3115819547462282,-2.6231639094924564
495,0,2742.8333333333335,662.0,173,True,-1.426484759146595,-1.426484759146595,-2.85296951829319
495,1,2733.8333333333335,656.0,173,True,-1.4195037086423865,-1.4195037086423865,-2.839007417284773
495,2,2682.8333333333335,496.0,170,True,-1.3042232686057165,-1.3042232686057165,-2.608446537211433
495,3,2704.8333333333335,656.0,173,True,-1.4086278023168588,-1.4086278023168588,-2.8172556046337176
496,0,2804.8333333333335,685.0,174,True,-1.4635588121926821,-1.4635588121926821,-2.9271176243853643
496,1,2668.3333333333335,576.0,172,True,-1.346862238519876,-1.346862238519876,-2.693724477039752
496,2,2710.8333333333335,748.0,174,True,-1.466166451370947,-1.466166451370947,-2.932332902741894
496,3,2524.3333333333335,550.0,172,True,-1.2772327381448452,-1.2772327381448452,-2.5544654762896903
497,0,2626.3333333333335,583.0,172,True,-1.3353176566797231,-1.3353176566797231,-2.6706353133594463
497,1,2721.8333333333335,706.0,174,True,-1.4450514105342103,-1.4450514105342103,-2.8901028210684205
497,2,2691.8333333333335,641.0,173,True,-1.3947379729560792,-1.3947379729560792,-2.7894759459121583
497,3,2630.3333333333335,583.0,172,True,-1.33681778169014,-1.33681778169014,-2.67363556338028
498,0,2577.3333333333335,632.0,172,True,-1.3463882406867234,-1.3463882406867234,-2.6927764813734467
498,1,2633.3333333333335,776.0,175,True,-1.4539284523710303,-1.4539284523710303,-2.9078569047420606
498,2,2687.3333333333335,776.0,175,True,-1.4741801400116672,-1.4741801400116672,-2.9483602800233344
498,3,2727.8333333333335,714.0,174,True,-1.452109290357529,-1.452109290357529,-2.904218580715058
499,0,2749.3333333333335,520.0,171,True,-1.343585923826985,-1.343585923826985,-2.68717184765397
499,1,2620.3333333333335,641.0,173,True,-1.3679232383948656,-1.3679232383948656,-2.7358464767897313
499,2,2650.3333333333335,891.0,178,True,-1.5294145605883815,-1.5294145605883815,-3.058829121176763
499,3,2880.3333333333335,762.0,175,True,-1.5381477102258514,-1.5381477102258514,-3.076295420451703
500,0,2722.5,625.0,172,True,-1.3966235467538954,-1.3966235467538954,-2.793247093507791
500,1,2712.8333333333335,496.0,170,True,-1.315474206183848,-1.315474206183848,-2.630948412367696
500,2,2539.3333333333335,503.0,170,True,-1.254613014626218,-1.254613014626218,-2.509226029252436
500,3,2632.3333333333335,663.0,172,True,-1.3856447672722716,-1.3856447672722716,-2.771289534544543
