global_episode,worker_id,makespan,cost,steps,done,upper_reward_sum,lower_reward_sum,total_reward_sum
1,0,3410.6666666666665,9366.0,344,True,-9366.0,-9366.0,-18732.0
1,1,3619.5,10012.0,350,True,-10012.0,-10012.0,-20024.0
1,2,3961.0,10208.0,363,True,-10208.0,-10208.0,-20416.0
1,3,3332.5,8700.0,339,True,-8700.0,-8700.0,-17400.0
2,0,3811.500000000001,9001.0,340,True,-9001.0,-9001.0,-18002.0
2,1,3193.8333333333335,8030.0,327,True,-8030.0,-8030.0,-16060.0
2,2,2972.4999999999995,8333.0,334,True,-8333.0,-8333.0,-16666.0
2,3,2808.333333333333,7673.0,322,True,-7673.0,-7673.0,-15346.0
3,0,3635.5,9352.0,344,True,-9352.0,-9352.0,-18704.0
3,1,3656.5000000000005,8075.0,333,True,-8075.0,-8075.0,-16150.0
3,2,3024.3333333333335,7702.0,322,True,-7702.0,-7702.0,-15404.0
3,3,3253.333333333334,8247.0,335,True,-8247.0,-8247.0,-16494.0
4,0,3623.833333333333,10152.0,356,True,-10152.0,-10152.0,-20304.0
4,1,3336.833333333333,9761.0,349,True,-9761.0,-9761.0,-19522.0
4,2,3332.3333333333335,8145.0,330,True,-8145.0,-8145.0,-16290.0
4,3,3099.5000000000005,8748.0,329,True,-8748.0,-8748.0,-17496.0
5,0,3284.8333333333335,9070.0,342,True,-9070.0,-9070.0,-18140.0
5,1,3173.666666666667,7261.0,321,True,-7261.0,-7261.0,-14522.0
5,2,3650.3333333333335,8423.0,329,True,-8423.0,-8423.0,-16846.0
5,3,3697.0,8972.0,342,True,-8972.0,-8972.0,-17944.0
6,0,2260.6666666666665,6794.0,315,True,-6794.0,-6794.0,-13588.0
6,1,3408.3333333333335,7832.0,321,True,-7832.0,-7832.0,-15664.0
6,2,3404.1666666666665,6151.0,308,True,-6151.0,-6151.0,-12302.0
6,3,3199.833333333334,7448.0,321,True,-7448.0,-7448.0,-14896.0
7,0,2766.833333333333,5663.0,296,True,-5663.0,-5663.0,-11326.0
7,1,2848.5000000000005,6226.0,306,True,-6226.0,-6226.0,-12452.0
7,2,2625.166666666667,6802.0,310,True,-6802.0,-6802.0,-13604.0
7,3,2765.5,6435.0,304,True,-6435.0,-6435.0,-12870.0
8,0,2637.833333333333,6089.0,299,True,-6089.0,-6089.0,-12178.0
8,1,2697.5000000000005,6243.0,302,True,-6243.0,-6243.0,-12486.0
8,2,2966.5,5764.0,294,True,-5764.0,-5764.0,-11528.0
8,3,2122.5,5658.0,302,True,-5658.0,-5658.0,-11316.0
9,0,2006.4999999999998,4896.0,288,True,-4896.0,-4896.0,-9792.0
9,1,2387.0,5085.0,293,True,-5085.0,-5085.0,-10170.0
9,2,2565.5,5301.0,291,True,-5301.0,-5301.0,-10602.0
9,3,2488.6666666666665,5385.0,291,True,-5385.0,-5385.0,-10770.0
10,0,2428.8333333333335,5207.0,290,True,-5207.0,-5207.0,-10414.0
10,1,2640.8333333333335,4679.0,281,True,-4679.0,-4679.0,-9358.0
10,2,2621.8333333333335,4861.0,279,True,-4861.0,-4861.0,-9722.0
10,3,2172.333333333333,4986.0,286,True,-4986.0,-4986.0,-9972.0
11,0,2335.333333333333,4473.0,279,True,-4473.0,-4473.0,-8946.0
11,1,2005.0,4259.0,275,True,-4259.0,-4259.0,-8518.0
11,2,2347.1666666666665,4266.0,275,True,-4266.0,-4266.0,-8532.0
11,3,2460.5000000000005,5014.0,287,True,-5014.0,-5014.0,-10028.0
12,0,2132.333333333333,3744.0,270,True,-3744.0,-3744.0,-7488.0
12,1,2503.333333333333,3855.0,273,True,-3855.0,-3855.0,-7710.0
12,2,2119.0,4891.0,286,True,-4891.0,-4891.0,-9782.0
12,3,2174.1666666666665,4786.0,280,True,-4786.0,-4786.0,-9572.0
13,0,2133.666666666667,4035.0,276,True,-4035.0,-4035.0,-8070.0
13,1,1997.3333333333333,4482.0,281,True,-4482.0,-4482.0,-8964.0
13,2,1836.6666666666665,3402.0,271,True,-3402.0,-3402.0,-6804.0
13,3,2144.333333333333,3336.0,271,True,-3336.0,-3336.0,-6672.0
14,0,2048.333333333333,3764.0,270,True,-3764.0,-3764.0,-7528.0
14,1,2287.833333333333,4235.0,281,True,-4235.0,-4235.0,-8470.0
14,2,2287.833333333333,2895.0,255,True,-2895.0,-2895.0,-5790.0
14,3,2245.3333333333335,3696.0,274,True,-3696.0,-3696.0,-7392.0
15,0,1824.0,3304.0,268,True,-3304.0,-3304.0,-6608.0
15,1,1826.1666666666665,2626.0,263,True,-2626.0,-2626.0,-5252.0
15,2,1771.1666666666665,2814.0,265,True,-2814.0,-2814.0,-5628.0
15,3,2100.1666666666665,4373.0,279,True,-4373.0,-4373.0,-8746.0
16,0,2326.5,2589.0,258,True,-2589.0,-2589.0,-5178.0
16,1,1909.1666666666665,3101.0,264,True,-3101.0,-3101.0,-6202.0
16,2,2458.5000000000005,3650.0,266,True,-3650.0,-3650.0,-7300.0
16,3,2211.3333333333335,3122.0,265,True,-3122.0,-3122.0,-6244.0
17,0,1808.0,3154.0,269,True,-3154.0,-3154.0,-6308.0
17,1,2254.3333333333335,3002.0,266,True,-3002.0,-3002.0,-6004.0
17,2,2193.5,3539.0,268,True,-3539.0,-3539.0,-7078.0
17,3,2060.5,1957.0,253,True,-1957.0,-1957.0,-3914.0
18,0,2197.5,2681.0,262,True,-2681.0,-2681.0,-5362.0
18,1,2234.3333333333335,2922.0,257,True,-2922.0,-2922.0,-5844.0
18,2,2078.0,2749.0,261,True,-2749.0,-2749.0,-5498.0
18,3,1714.9999999999998,3144.0,270,True,-3144.0,-3144.0,-6288.0
19,0,1912.3333333333333,3019.0,266,True,-3019.0,-3019.0,-6038.0
19,1,2089.5,3070.0,267,True,-3070.0,-3070.0,-6140.0
19,2,1912.1666666666665,2953.0,265,True,-2953.0,-2953.0,-5906.0
19,3,1720.0,2773.0,265,True,-2773.0,-2773.0,-5546.0
20,0,1649.5,2271.0,260,True,-2271.0,-2271.0,-4542.0
20,1,2220.333333333333,2550.0,262,True,-2550.0,-2550.0,-5100.0
20,2,1817.1666666666665,2798.0,264,True,-2798.0,-2798.0,-5596.0
20,3,2534.1666666666665,2153.0,256,True,-2153.0,-2153.0,-4306.0
21,0,2338.8333333333335,3399.0,268,True,-3399.0,-3399.0,-6798.0
21,1,1674.0,2982.0,269,True,-2982.0,-2982.0,-5964.0
21,2,2284.6666666666665,2419.0,259,True,-2419.0,-2419.0,-4838.0
21,3,2428.3333333333335,2929.0,265,True,-2929.0,-2929.0,-5858.0
22,0,2295.6666666666665,2365.0,260,True,-2365.0,-2365.0,-4730.0
22,1,2384.333333333333,3632.0,270,True,-3632.0,-3632.0,-7264.0
22,2,2084.1666666666665,2792.0,264,True,-2792.0,-2792.0,-5584.0
22,3,1882.0,3187.0,268,True,-3187.0,-3187.0,-6374.0
23,0,2219.5,3055.0,265,True,-3055.0,-3055.0,-6110.0
23,1,2018.6666666666667,3143.0,268,True,-3143.0,-3143.0,-6286.0
23,2,1816.4999999999998,2638.0,262,True,-2638.0,-2638.0,-5276.0
23,3,1815.1666666666665,2498.0,262,True,-2498.0,-2498.0,-4996.0
24,0,1783.1666666666665,2191.0,258,True,-2191.0,-2191.0,-4382.0
24,1,1920.1666666666665,2609.0,261,True,-2609.0,-2609.0,-5218.0
24,2,1778.1666666666665,2524.0,255,True,-2524.0,-2524.0,-5048.0
24,3,2185.1666666666665,2254.0,252,True,-2254.0,-2254.0,-4508.0
25,0,1762.5,3132.0,271,True,-3132.0,-3132.0,-6264.0
25,1,1844.1666666666665,1754.0,249,True,-1754.0,-1754.0,-3508.0
25,2,1716.1666666666665,2279.0,259,True,-2279.0,-2279.0,-4558.0
25,3,2286.3333333333335,3013.0,264,True,-3013.0,-3013.0,-6026.0
26,0,1765.0,2170.0,254,True,-2170.0,-2170.0,-4340.0
26,1,1711.0,2136.0,257,True,-2136.0,-2136.0,-4272.0
26,2,1647.1666666666665,2466.0,262,True,-2466.0,-2466.0,-4932.0
26,3,2283.5,2349.0,257,True,-2349.0,-2349.0,-4698.0
27,0,1988.5,2270.0,255,True,-2270.0,-2270.0,-4540.0
27,1,1894.1666666666665,2379.0,258,True,-2379.0,-2379.0,-4758.0
27,2,1743.1666666666665,2464.0,261,True,-2464.0,-2464.0,-4928.0
27,3,2373.1666666666665,2438.0,260,True,-2438.0,-2438.0,-4876.0
28,0,1708.1666666666665,2392.0,260,True,-2392.0,-2392.0,-4784.0
28,1,1778.1666666666665,2785.0,264,True,-2785.0,-2785.0,-5570.0
28,2,1636.0,1908.0,255,True,-1908.0,-1908.0,-3816.0
28,3,1582.0,1790.0,252,True,-1790.0,-1790.0,-3580.0
29,0,1807.1666666666665,2002.0,254,True,-2002.0,-2002.0,-4004.0
29,1,1947.1666666666667,2382.0,254,True,-2382.0,-2382.0,-4764.0
29,2,1803.1666666666665,2003.0,254,True,-2003.0,-2003.0,-4006.0
29,3,1809.1666666666665,2408.0,259,True,-2408.0,-2408.0,-4816.0
30,0,1853.0,3415.0,273,True,-3415.0,-3415.0,-6830.0
30,1,2017.6666666666667,2153.0,257,True,-2153.0,-2153.0,-4306.0
30,2,1880.1666666666665,1794.0,254,True,-1794.0,-1794.0,-3588.0
30,3,1798.1666666666665,1820.0,252,True,-1820.0,-1820.0,-3640.0
31,0,2125.1666666666665,2120.0,254,True,-2120.0,-2120.0,-4240.0
31,1,1695.1666666666665,1867.0,256,True,-1867.0,-1867.0,-3734.0
31,2,1806.0,1915.0,256,True,-1915.0,-1915.0,-3830.0
31,3,1762.0,2190.0,258,True,-2190.0,-2190.0,-4380.0
32,0,2084.1666666666665,2754.0,266,True,-2754.0,-2754.0,-5508.0
32,1,1833.1666666666665,1520.0,245,True,-1520.0,-1520.0,-3040.0
32,2,1893.3333333333335,2492.0,258,True,-2492.0,-2492.0,-4984.0
32,3,2190.1666666666665,2198.0,256,True,-2198.0,-2198.0,-4396.0
33,0,1845.1666666666665,2045.0,255,True,-2045.0,-2045.0,-4090.0
33,1,2342.1666666666665,2077.0,253,True,-2077.0,-2077.0,-4154.0
33,2,1709.1666666666665,2014.0,256,True,-2014.0,-2014.0,-4028.0
33,3,1987.1666666666665,2953.0,269,True,-2953.0,-2953.0,-5906.0
34,0,1661.1666666666665,2229.0,258,True,-2229.0,-2229.0,-4458.0
34,1,1627.0,2844.0,268,True,-2844.0,-2844.0,-5688.0
34,2,2019.5,3204.0,273,True,-3204.0,-3204.0,-6408.0
34,3,1896.0,2825.0,268,True,-2825.0,-2825.0,-5650.0
35,0,2098.1666666666665,1372.0,247,True,-1372.0,-1372.0,-2744.0
35,1,1781.5,1863.0,255,True,-1863.0,-1863.0,-3726.0
35,2,2669.3333333333335,2151.0,256,True,-2151.0,-2151.0,-4302.0
35,3,2196.1666666666665,2335.0,257,True,-2335.0,-2335.0,-4670.0
36,0,2149.1666666666665,1826.0,253,True,-1826.0,-1826.0,-3652.0
36,1,2143.1666666666665,1900.0,254,True,-1900.0,-1900.0,-3800.0
36,2,1719.1666666666665,2347.0,261,True,-2347.0,-2347.0,-4694.0
36,3,1676.1666666666665,1857.0,253,True,-1857.0,-1857.0,-3714.0
37,0,2157.3333333333335,1792.0,251,True,-1792.0,-1792.0,-3584.0
37,1,1931.3333333333335,2258.0,258,True,-2258.0,-2258.0,-4516.0
37,2,1637.1666666666665,2137.0,259,True,-2137.0,-2137.0,-4274.0
37,3,2089.1666666666665,2211.0,255,True,-2211.0,-2211.0,-4422.0
38,0,1638.1666666666665,2072.0,258,True,-2072.0,-2072.0,-4144.0
38,1,1747.1666666666665,1971.0,255,True,-1971.0,-1971.0,-3942.0
38,2,1982.1666666666665,2450.0,260,True,-2450.0,-2450.0,-4900.0
38,3,2137.1666666666665,2306.0,260,True,-2306.0,-2306.0,-4612.0
39,0,1840.1666666666665,2490.0,261,True,-2490.0,-2490.0,-4980.0
39,1,1687.1666666666665,2644.0,265,True,-2644.0,-2644.0,-5288.0
39,2,1874.1666666666665,2387.0,261,True,-2387.0,-2387.0,-4774.0
39,3,1625.1666666666665,2381.0,260,True,-2381.0,-2381.0,-4762.0
40,0,2118.166666666667,2500.0,265,True,-2500.0,-2500.0,-5000.0
40,1,1766.1666666666665,2196.0,258,True,-2196.0,-2196.0,-4392.0
40,2,1715.1666666666665,1479.0,249,True,-1479.0,-1479.0,-2958.0
40,3,1867.1666666666665,2390.0,262,True,-2390.0,-2390.0,-4780.0
41,0,2005.1666666666665,2718.0,267,True,-2718.0,-2718.0,-5436.0
41,1,1799.1666666666665,1521.0,250,True,-1521.0,-1521.0,-3042.0
41,2,1938.1666666666665,2067.0,256,True,-2067.0,-2067.0,-4134.0
41,3,1690.1666666666665,2103.0,255,True,-2103.0,-2103.0,-4206.0
42,0,1594.0,2090.0,259,True,-2090.0,-2090.0,-4180.0
42,1,1945.1666666666665,1755.0,254,True,-1755.0,-1755.0,-3510.0
42,2,1845.1666666666665,2307.0,258,True,-2307.0,-2307.0,-4614.0
42,3,1714.1666666666665,2266.0,260,True,-2266.0,-2266.0,-4532.0
43,0,2136.1666666666665,2506.0,264,True,-2506.0,-2506.0,-5012.0
43,1,1926.3333333333333,2315.0,262,True,-2315.0,-2315.0,-4630.0
43,2,1849.1666666666665,1744.0,254,True,-1744.0,-1744.0,-3488.0
43,3,1857.1666666666665,1612.0,250,True,-1612.0,-1612.0,-3224.0
44,0,2093.1666666666665,1685.0,252,True,-1685.0,-1685.0,-3370.0
44,1,1635.0,2127.0,258,True,-2127.0,-2127.0,-4254.0
44,2,1905.1666666666665,2050.0,254,True,-2050.0,-2050.0,-4100.0
44,3,1748.0,2104.0,259,True,-2104.0,-2104.0,-4208.0
45,0,1899.1666666666665,2728.0,263,True,-2728.0,-2728.0,-5456.0
45,1,1579.0,2330.0,259,True,-2330.0,-2330.0,-4660.0
45,2,1714.0,1819.0,254,True,-1819.0,-1819.0,-3638.0
45,3,1720.1666666666665,2441.0,261,True,-2441.0,-2441.0,-4882.0
46,0,1726.0,2203.0,259,True,-2203.0,-2203.0,-4406.0
46,1,1640.0,2245.0,260,True,-2245.0,-2245.0,-4490.0
46,2,1811.5,3245.0,271,True,-3245.0,-3245.0,-6490.0
46,3,1935.1666666666665,2655.0,262,True,-2655.0,-2655.0,-5310.0
47,0,2123.1666666666665,1678.0,249,True,-1678.0,-1678.0,-3356.0
47,1,1808.1666666666665,2058.0,255,True,-2058.0,-2058.0,-4116.0
47,2,2072.1666666666665,2697.0,262,True,-2697.0,-2697.0,-5394.0
47,3,1706.0,2037.0,255,True,-2037.0,-2037.0,-4074.0
48,0,1662.0,2090.0,256,True,-2090.0,-2090.0,-4180.0
48,1,1541.0,2207.0,259,True,-2207.0,-2207.0,-4414.0
48,2,1912.1666666666665,2148.0,256,True,-2148.0,-2148.0,-4296.0
48,3,1923.1666666666665,1760.0,252,True,-1760.0,-1760.0,-3520.0
49,0,2095.1666666666665,2125.0,256,True,-2125.0,-2125.0,-4250.0
49,1,1836.1666666666665,1928.0,252,True,-1928.0,-1928.0,-3856.0
49,2,2090.1666666666665,1519.0,251,True,-1519.0,-1519.0,-3038.0
49,3,1629.8333333333333,2481.0,263,True,-2481.0,-2481.0,-4962.0
50,0,1895.1666666666665,2055.0,256,True,-2055.0,-2055.0,-4110.0
50,1,1661.5,2402.0,259,True,-2402.0,-2402.0,-4804.0
50,2,1508.0,1681.0,249,True,-1681.0,-1681.0,-3362.0
50,3,1605.1666666666665,2231.0,260,True,-2231.0,-2231.0,-4462.0
51,0,1885.1666666666665,1729.0,250,True,-1729.0,-1729.0,-3458.0
51,1,1581.0,1827.0,252,True,-1827.0,-1827.0,-3654.0
51,2,1782.1666666666665,1969.0,255,True,-1969.0,-1969.0,-3938.0
51,3,2124.1666666666665,2333.0,257,True,-2333.0,-2333.0,-4666.0
52,0,1824.1666666666665,2180.0,257,True,-2180.0,-2180.0,-4360.0
52,1,1617.6666666666665,2102.0,255,True,-2102.0,-2102.0,-4204.0
52,2,1606.0,1985.0,257,True,-1985.0,-1985.0,-3970.0
52,3,1983.1666666666665,1816.0,253,True,-1816.0,-1816.0,-3632.0
53,0,1719.0,2545.0,264,True,-2545.0,-2545.0,-5090.0
53,1,1940.1666666666665,1450.0,249,True,-1450.0,-1450.0,-2900.0
53,2,1682.0,2606.0,264,True,-2606.0,-2606.0,-5212.0
53,3,1829.1666666666665,2358.0,260,True,-2358.0,-2358.0,-4716.0
54,0,1657.1666666666665,2789.0,267,True,-2789.0,-2789.0,-5578.0
54,1,1794.1666666666665,2028.0,257,True,-2028.0,-2028.0,-4056.0
54,2,1769.1666666666665,2186.0,258,True,-2186.0,-2186.0,-4372.0
54,3,1712.1666666666665,1732.0,254,True,-1732.0,-1732.0,-3464.0
55,0,2267.1666666666665,1650.0,253,True,-1650.0,-1650.0,-3300.0
55,1,1913.1666666666665,1635.0,250,True,-1635.0,-1635.0,-3270.0
55,2,1878.4999999999998,2045.0,257,True,-2045.0,-2045.0,-4090.0
55,3,1759.0,2247.0,260,True,-2247.0,-2247.0,-4494.0
56,0,1864.1666666666665,2087.0,257,True,-2087.0,-2087.0,-4174.0
56,1,1809.1666666666665,1906.0,255,True,-1906.0,-1906.0,-3812.0
56,2,1733.1666666666665,1926.0,256,True,-1926.0,-1926.0,-3852.0
56,3,1666.1666666666665,2206.0,259,True,-2206.0,-2206.0,-4412.0
57,0,1736.0,2167.0,259,True,-2167.0,-2167.0,-4334.0
57,1,1870.1666666666665,1735.0,253,True,-1735.0,-1735.0,-3470.0
57,2,1880.0,1924.0,257,True,-1924.0,-1924.0,-3848.0
57,3,1790.1666666666665,2348.0,262,True,-2348.0,-2348.0,-4696.0
58,0,1787.0,2738.0,267,True,-2738.0,-2738.0,-5476.0
58,1,1761.1666666666665,1696.0,254,True,-1696.0,-1696.0,-3392.0
58,2,1681.0,2099.0,257,True,-2099.0,-2099.0,-4198.0
58,3,1858.1666666666665,2421.0,263,True,-2421.0,-2421.0,-4842.0
59,0,1639.1666666666665,2878.0,270,True,-2878.0,-2878.0,-5756.0
59,1,1887.0,2501.0,264,True,-2501.0,-2501.0,-5002.0
59,2,1851.5,2247.0,260,True,-2247.0,-2247.0,-4494.0
59,3,1851.1666666666665,2595.0,265,True,-2595.0,-2595.0,-5190.0
60,0,1785.1666666666665,2897.0,268,True,-2897.0,-2897.0,-5794.0
60,1,1812.0,1721.0,252,True,-1721.0,-1721.0,-3442.0
60,2,1939.1666666666665,2357.0,263,True,-2357.0,-2357.0,-4714.0
60,3,1737.1666666666665,2025.0,257,True,-2025.0,-2025.0,-4050.0
61,0,1682.1666666666665,2163.0,259,True,-2163.0,-2163.0,-4326.0
61,1,2010.3333333333335,1600.0,252,True,-1600.0,-1600.0,-3200.0
61,2,1720.0,1732.0,254,True,-1732.0,-1732.0,-3464.0
61,3,1942.1666666666665,1871.0,253,True,-1871.0,-1871.0,-3742.0
62,0,2081.1666666666665,2158.0,257,True,-2158.0,-2158.0,-4316.0
62,1,1737.1666666666665,1847.0,255,True,-1847.0,-1847.0,-3694.0
62,2,2024.1666666666665,1786.0,255,True,-1786.0,-1786.0,-3572.0
62,3,1736.1666666666665,1906.0,256,True,-1906.0,-1906.0,-3812.0
63,0,1851.1666666666665,1841.0,256,True,-1841.0,-1841.0,-3682.0
63,1,1702.1666666666665,2004.0,257,True,-2004.0,-2004.0,-4008.0
63,2,1699.3333333333333,2357.0,263,True,-2357.0,-2357.0,-4714.0
63,3,1590.0,2115.0,259,True,-2115.0,-2115.0,-4230.0
64,0,1837.1666666666665,2379.0,263,True,-2379.0,-2379.0,-4758.0
64,1,2010.1666666666665,2599.0,262,True,-2599.0,-2599.0,-5198.0
64,2,1998.3333333333333,2347.0,260,True,-2347.0,-2347.0,-4694.0
64,3,2183.1666666666665,1897.0,256,True,-1897.0,-1897.0,-3794.0
65,0,1840.1666666666665,2378.0,262,True,-2378.0,-2378.0,-4756.0
65,1,1915.0,2028.0,258,True,-2028.0,-2028.0,-4056.0
65,2,1660.0,1808.0,255,True,-1808.0,-1808.0,-3616.0
65,3,1808.0,2343.0,259,True,-2343.0,-2343.0,-4686.0
66,0,1688.1666666666665,1988.0,257,True,-1988.0,-1988.0,-3976.0
66,1,1993.5,2440.0,261,True,-2440.0,-2440.0,-4880.0
66,2,1678.0,2591.0,266,True,-2591.0,-2591.0,-5182.0
66,3,1788.0,1935.0,254,True,-1935.0,-1935.0,-3870.0
67,0,1676.1666666666665,2202.0,259,True,-2202.0,-2202.0,-4404.0
67,1,2047.3333333333335,1953.0,256,True,-1953.0,-1953.0,-3906.0
67,2,2021.1666666666665,1665.0,253,True,-1665.0,-1665.0,-3330.0
67,3,1667.0,1951.0,257,True,-1951.0,-1951.0,-3902.0
68,0,2001.5,2911.0,270,True,-2911.0,-2911.0,-5822.0
68,1,1806.1666666666665,1825.0,255,True,-1825.0,-1825.0,-3650.0
68,2,1965.3333333333333,2789.0,269,True,-2789.0,-2789.0,-5578.0
68,3,2185.333333333333,2295.0,262,True,-2295.0,-2295.0,-4590.0
69,0,1984.1666666666667,2430.0,263,True,-2430.0,-2430.0,-4860.0
69,1,1912.1666666666667,2220.0,260,True,-2220.0,-2220.0,-4440.0
69,2,1864.3333333333333,2598.0,262,True,-2598.0,-2598.0,-5196.0
69,3,1768.1666666666665,2028.0,256,True,-2028.0,-2028.0,-4056.0
70,0,1666.0,2384.0,262,True,-2384.0,-2384.0,-4768.0
70,1,1838.1666666666667,1971.0,257,True,-1971.0,-1971.0,-3942.0
70,2,1730.1666666666665,1295.0,248,True,-1295.0,-1295.0,-2590.0
70,3,1971.0,2851.0,269,True,-2851.0,-2851.0,-5702.0
71,0,1844.1666666666665,1966.0,255,True,-1966.0,-1966.0,-3932.0
71,1,1812.1666666666665,1635.0,253,True,-1635.0,-1635.0,-3270.0
71,2,1605.0,2484.0,264,True,-2484.0,-2484.0,-4968.0
71,3,2036.6666666666665,2580.0,264,True,-2580.0,-2580.0,-5160.0
72,0,2085.166666666667,1691.0,252,True,-1691.0,-1691.0,-3382.0
72,1,1712.1666666666665,1708.0,253,True,-1708.0,-1708.0,-3416.0
72,2,1918.3333333333333,2093.0,257,True,-2093.0,-2093.0,-4186.0
72,3,1606.0,1751.0,254,True,-1751.0,-1751.0,-3502.0
73,0,1714.0,2243.0,259,True,-2243.0,-2243.0,-4486.0
73,1,1727.1666666666665,1537.0,251,True,-1537.0,-1537.0,-3074.0
73,2,1773.1666666666665,2101.0,259,True,-2101.0,-2101.0,-4202.0
73,3,1787.1666666666665,1623.0,252,True,-1623.0,-1623.0,-3246.0
74,0,1794.0,1827.0,256,True,-1827.0,-1827.0,-3654.0
74,1,2028.1666666666665,1804.0,255,True,-1804.0,-1804.0,-3608.0
74,2,1883.6666666666667,3042.0,271,True,-3042.0,-3042.0,-6084.0
74,3,1861.0,2099.0,259,True,-2099.0,-2099.0,-4198.0
75,0,1734.1666666666665,1930.0,256,True,-1930.0,-1930.0,-3860.0
75,1,1690.0,2062.0,258,True,-2062.0,-2062.0,-4124.0
75,2,1755.0,2319.0,262,True,-2319.0,-2319.0,-4638.0
75,3,2013.1666666666665,1621.0,253,True,-1621.0,-1621.0,-3242.0
76,0,1836.1666666666665,1754.0,254,True,-1754.0,-1754.0,-3508.0
76,1,1806.1666666666665,1886.0,256,True,-1886.0,-1886.0,-3772.0
76,2,1916.1666666666665,2005.0,258,True,-2005.0,-2005.0,-4010.0
76,3,1700.5,2330.0,263,True,-2330.0,-2330.0,-4660.0
77,0,2138.333333333333,2468.0,265,True,-2468.0,-2468.0,-4936.0
77,1,1840.1666666666665,1836.0,256,True,-1836.0,-1836.0,-3672.0
77,2,1877.1666666666665,1955.0,258,True,-1955.0,-1955.0,-3910.0
77,3,2076.1666666666665,1749.0,253,True,-1749.0,-1749.0,-3498.0
78,0,1835.1666666666665,1835.0,255,True,-1835.0,-1835.0,-3670.0
78,1,1814.1666666666665,1580.0,251,True,-1580.0,-1580.0,-3160.0
78,2,2072.1666666666665,1772.0,255,True,-1772.0,-1772.0,-3544.0
78,3,1923.1666666666665,1498.0,251,True,-1498.0,-1498.0,-2996.0
79,0,1628.0,1945.0,257,True,-1945.0,-1945.0,-3890.0
79,1,1993.3333333333333,1511.0,251,True,-1511.0,-1511.0,-3022.0
79,2,2086.1666666666665,1654.0,251,True,-1654.0,-1654.0,-3308.0
79,3,1777.1666666666665,1533.0,250,True,-1533.0,-1533.0,-3066.0
80,0,1921.1666666666665,2313.0,260,True,-2313.0,-2313.0,-4626.0
80,1,1716.0,1968.0,257,True,-1968.0,-1968.0,-3936.0
80,2,1919.1666666666665,1355.0,248,True,-1355.0,-1355.0,-2710.0
80,3,1708.1666666666665,2124.0,257,True,-2124.0,-2124.0,-4248.0
81,0,1902.0,1915.0,257,True,-1915.0,-1915.0,-3830.0
81,1,1839.0,1892.0,255,True,-1892.0,-1892.0,-3784.0
81,2,1932.0,2325.0,260,True,-2325.0,-2325.0,-4650.0
81,3,2170.1666666666665,1928.0,257,True,-1928.0,-1928.0,-3856.0
82,0,1959.0,2085.0,258,True,-2085.0,-2085.0,-4170.0
82,1,1935.1666666666665,1806.0,251,True,-1806.0,-1806.0,-3612.0
82,2,1870.1666666666665,1972.0,255,True,-1972.0,-1972.0,-3944.0
82,3,1737.1666666666665,2413.0,263,True,-2413.0,-2413.0,-4826.0
83,0,1958.1666666666665,1884.0,254,True,-1884.0,-1884.0,-3768.0
83,1,1928.1666666666665,2140.0,259,True,-2140.0,-2140.0,-4280.0
83,2,2317.1666666666665,2309.0,260,True,-2309.0,-2309.0,-4618.0
83,3,1697.3333333333333,2577.0,264,True,-2577.0,-2577.0,-5154.0
84,0,2528.1666666666665,1987.0,256,True,-1987.0,-1987.0,-3974.0
84,1,2331.5,1793.0,254,True,-1793.0,-1793.0,-3586.0
84,2,1923.3333333333335,2234.0,260,True,-2234.0,-2234.0,-4468.0
84,3,1546.1666666666665,1699.0,254,True,-1699.0,-1699.0,-3398.0
85,0,2026.1666666666665,1798.0,253,True,-1798.0,-1798.0,-3596.0
85,1,1739.1666666666665,1476.0,250,True,-1476.0,-1476.0,-2952.0
85,2,1686.1666666666665,1770.0,254,True,-1770.0,-1770.0,-3540.0
85,3,1864.1666666666667,2063.0,256,True,-2063.0,-2063.0,-4126.0
86,0,1903.0,2063.0,256,True,-2063.0,-2063.0,-4126.0
86,1,1607.1666666666665,1649.0,253,True,-1649.0,-1649.0,-3298.0
86,2,1691.1666666666665,2221.0,261,True,-2221.0,-2221.0,-4442.0
86,3,1939.1666666666665,2041.0,255,True,-2041.0,-2041.0,-4082.0
87,0,2060.1666666666665,1795.0,253,True,-1795.0,-1795.0,-3590.0
87,1,1903.0,2244.0,260,True,-2244.0,-2244.0,-4488.0
87,2,1893.1666666666665,2062.0,256,True,-2062.0,-2062.0,-4124.0
87,3,1707.0,1652.0,253,True,-1652.0,-1652.0,-3304.0
88,0,1753.1666666666665,1934.0,256,True,-1934.0,-1934.0,-3868.0
88,1,1612.0,1767.0,253,True,-1767.0,-1767.0,-3534.0
88,2,1717.0,2210.0,258,True,-2210.0,-2210.0,-4420.0
88,3,1820.5,2958.0,271,True,-2958.0,-2958.0,-5916.0
89,0,1869.1666666666665,1924.0,253,True,-1924.0,-1924.0,-3848.0
89,1,1667.0,2260.0,262,True,-2260.0,-2260.0,-4520.0
89,2,2073.1666666666665,1894.0,255,True,-1894.0,-1894.0,-3788.0
89,3,1599.1666666666665,1902.0,255,True,-1902.0,-1902.0,-3804.0
90,0,2140.3333333333335,2400.0,262,True,-2400.0,-2400.0,-4800.0
90,1,2385.1666666666665,1740.0,253,True,-1740.0,-1740.0,-3480.0
90,2,1755.1666666666665,1863.0,255,True,-1863.0,-1863.0,-3726.0
90,3,2119.0,2027.0,257,True,-2027.0,-2027.0,-4054.0
91,0,2037.0,1913.0,255,True,-1913.0,-1913.0,-3826.0
91,1,2176.166666666667,1938.0,255,True,-1938.0,-1938.0,-3876.0
91,2,2064.1666666666665,2676.0,265,True,-2676.0,-2676.0,-5352.0
91,3,1935.1666666666665,1995.0,256,True,-1995.0,-1995.0,-3990.0
92,0,1807.1666666666665,2214.0,258,True,-2214.0,-2214.0,-4428.0
92,1,1530.1666666666665,1935.0,254,True,-1935.0,-1935.0,-3870.0
92,2,1615.1666666666665,2426.0,262,True,-2426.0,-2426.0,-4852.0
92,3,1607.1666666666665,2240.0,261,True,-2240.0,-2240.0,-4480.0
93,0,1692.1666666666665,1757.0,253,True,-1757.0,-1757.0,-3514.0
93,1,1792.1666666666667,2583.0,264,True,-2583.0,-2583.0,-5166.0
93,2,2015.4999999999998,2331.0,260,True,-2331.0,-2331.0,-4662.0
93,3,2352.166666666667,1900.0,254,True,-1900.0,-1900.0,-3800.0
94,0,1760.1666666666665,2025.0,257,True,-2025.0,-2025.0,-4050.0
94,1,1943.1666666666665,2032.0,257,True,-2032.0,-2032.0,-4064.0
94,2,1873.1666666666665,2363.0,263,True,-2363.0,-2363.0,-4726.0
94,3,2229.1666666666665,2153.0,260,True,-2153.0,-2153.0,-4306.0
95,0,1834.1666666666665,2777.0,268,True,-2777.0,-2777.0,-5554.0
95,1,1598.1666666666665,2036.0,256,True,-2036.0,-2036.0,-4072.0
95,2,1777.3333333333335,2276.0,261,True,-2276.0,-2276.0,-4552.0
95,3,1765.1666666666665,1797.0,254,True,-1797.0,-1797.0,-3594.0
96,0,1903.1666666666667,2168.0,259,True,-2168.0,-2168.0,-4336.0
96,1,1733.1666666666665,2444.0,264,True,-2444.0,-2444.0,-4888.0
96,2,1872.1666666666665,2196.0,258,True,-2196.0,-2196.0,-4392.0
96,3,1692.1666666666665,2175.0,260,True,-2175.0,-2175.0,-4350.0
97,0,1573.1666666666665,1525.0,250,True,-1525.0,-1525.0,-3050.0
97,1,1859.9999999999998,3317.0,273,True,-3317.0,-3317.0,-6634.0
97,2,1652.8333333333333,2845.0,270,True,-2845.0,-2845.0,-5690.0
97,3,1598.1666666666665,1808.0,254,True,-1808.0,-1808.0,-3616.0
98,0,1974.1666666666665,2149.0,259,True,-2149.0,-2149.0,-4298.0
98,1,1696.1666666666665,2215.0,259,True,-2215.0,-2215.0,-4430.0
98,2,1902.1666666666665,1689.0,253,True,-1689.0,-1689.0,-3378.0
98,3,2068.1666666666665,2105.0,258,True,-2105.0,-2105.0,-4210.0
99,0,1810.0,2220.0,259,True,-2220.0,-2220.0,-4440.0
99,1,1726.1666666666665,1605.0,251,True,-1605.0,-1605.0,-3210.0
99,2,1892.1666666666665,2586.0,264,True,-2586.0,-2586.0,-5172.0
99,3,1776.1666666666667,2494.0,264,True,-2494.0,-2494.0,-4988.0
100,0,1710.0,2351.0,262,True,-2351.0,-2351.0,-4702.0
100,1,1946.3333333333335,1661.0,253,True,-1661.0,-1661.0,-3322.0
100,2,2078.1666666666665,1723.0,253,True,-1723.0,-1723.0,-3446.0
100,3,1946.0,1792.0,255,True,-1792.0,-1792.0,-3584.0
101,0,1584.1666666666665,2234.0,258,True,-2234.0,-2234.0,-4468.0
101,1,2170.1666666666665,1813.0,255,True,-1813.0,-1813.0,-3626.0
101,2,1841.3333333333335,2183.0,260,True,-2183.0,-2183.0,-4366.0
101,3,1993.5,2496.0,260,True,-2496.0,-2496.0,-4992.0
102,0,1912.0,1069.0,245,True,-1069.0,-1069.0,-2138.0
102,1,2183.333333333333,1933.0,257,True,-1933.0,-1933.0,-3866.0
102,2,1910.1666666666665,1679.0,252,True,-1679.0,-1679.0,-3358.0
102,3,1938.1666666666667,2173.0,260,True,-2173.0,-2173.0,-4346.0
103,0,1721.1666666666665,1539.0,249,True,-1539.0,-1539.0,-3078.0
103,1,1677.1666666666665,2375.0,264,True,-2375.0,-2375.0,-4750.0
103,2,1874.3333333333335,1889.0,255,True,-1889.0,-1889.0,-3778.0
103,3,1969.1666666666665,2347.0,262,True,-2347.0,-2347.0,-4694.0
104,0,1864.1666666666665,2034.0,258,True,-2034.0,-2034.0,-4068.0
104,1,1804.1666666666665,2266.0,259,True,-2266.0,-2266.0,-4532.0
104,2,1806.1666666666665,2029.0,257,True,-2029.0,-2029.0,-4058.0
104,3,1700.0,2802.0,268,True,-2802.0,-2802.0,-5604.0
105,0,1694.1666666666665,2203.0,261,True,-2203.0,-2203.0,-4406.0
105,1,1723.1666666666665,2376.0,261,True,-2376.0,-2376.0,-4752.0
105,2,1740.1666666666665,1603.0,247,True,-1603.0,-1603.0,-3206.0
105,3,1709.1666666666665,1996.0,255,True,-1996.0,-1996.0,-3992.0
106,0,1736.1666666666665,2529.0,264,True,-2529.0,-2529.0,-5058.0
106,1,1760.1666666666665,1713.0,254,True,-1713.0,-1713.0,-3426.0
106,2,1673.1666666666665,1459.0,249,True,-1459.0,-1459.0,-2918.0
106,3,1871.1666666666665,2373.0,259,True,-2373.0,-2373.0,-4746.0
107,0,1626.1666666666665,2214.0,260,True,-2214.0,-2214.0,-4428.0
107,1,1664.1666666666665,1779.0,253,True,-1779.0,-1779.0,-3558.0
107,2,1800.1666666666665,2017.0,256,True,-2017.0,-2017.0,-4034.0
107,3,1771.1666666666665,1565.0,250,True,-1565.0,-1565.0,-3130.0
108,0,1858.3333333333333,1708.0,250,True,-1708.0,-1708.0,-3416.0
108,1,1670.1666666666665,1777.0,253,True,-1777.0,-1777.0,-3554.0
108,2,1777.1666666666665,1865.0,254,True,-1865.0,-1865.0,-3730.0
108,3,1662.6666666666667,3016.0,271,True,-3016.0,-3016.0,-6032.0
109,0,1721.1666666666665,2516.0,264,True,-2516.0,-2516.0,-5032.0
109,1,1868.1666666666665,2009.0,256,True,-2009.0,-2009.0,-4018.0
109,2,1746.3333333333333,2228.0,260,True,-2228.0,-2228.0,-4456.0
109,3,2150.166666666667,2515.0,260,True,-2515.0,-2515.0,-5030.0
110,0,1669.1666666666665,2305.0,261,True,-2305.0,-2305.0,-4610.0
110,1,1659.1666666666665,2176.0,256,True,-2176.0,-2176.0,-4352.0
110,2,2016.3333333333333,2321.0,261,True,-2321.0,-2321.0,-4642.0
110,3,1964.1666666666665,2190.0,260,True,-2190.0,-2190.0,-4380.0
111,0,1706.1666666666665,2120.0,259,True,-2120.0,-2120.0,-4240.0
111,1,1567.0,1920.0,257,True,-1920.0,-1920.0,-3840.0
111,2,1720.0,2090.0,259,True,-2090.0,-2090.0,-4180.0
111,3,2135.3333333333335,1896.0,255,True,-1896.0,-1896.0,-3792.0
112,0,1635.1666666666665,1564.0,250,True,-1564.0,-1564.0,-3128.0
112,1,1743.1666666666665,1789.0,253,True,-1789.0,-1789.0,-3578.0
112,2,1623.0,1638.0,253,True,-1638.0,-1638.0,-3276.0
112,3,2105.1666666666665,1984.0,254,True,-1984.0,-1984.0,-3968.0
113,0,1704.1666666666665,3008.0,270,True,-3008.0,-3008.0,-6016.0
113,1,1667.1666666666665,2296.0,261,True,-2296.0,-2296.0,-4592.0
113,2,1614.1666666666665,2168.0,260,True,-2168.0,-2168.0,-4336.0
113,3,1798.5,2315.0,261,True,-2315.0,-2315.0,-4630.0
114,0,1714.1666666666665,2058.0,256,True,-2058.0,-2058.0,-4116.0
114,1,1831.1666666666665,1447.0,247,True,-1447.0,-1447.0,-2894.0
114,2,1603.1666666666665,1533.0,251,True,-1533.0,-1533.0,-3066.0
114,3,1698.1666666666665,2207.0,260,True,-2207.0,-2207.0,-4414.0
115,0,1656.1666666666665,2707.0,266,True,-2707.0,-2707.0,-5414.0
115,1,1822.1666666666665,2032.0,257,True,-2032.0,-2032.0,-4064.0
115,2,2198.3333333333335,1909.0,256,True,-1909.0,-1909.0,-3818.0
115,3,1811.1666666666665,1601.0,250,True,-1601.0,-1601.0,-3202.0
116,0,1953.1666666666665,1815.0,255,True,-1815.0,-1815.0,-3630.0
116,1,1693.0,2089.0,258,True,-2089.0,-2089.0,-4178.0
116,2,1856.1666666666665,1821.0,255,True,-1821.0,-1821.0,-3642.0
116,3,1754.5,2668.0,267,True,-2668.0,-2668.0,-5336.0
117,0,1936.1666666666667,2247.0,259,True,-2247.0,-2247.0,-4494.0
117,1,1906.4999999999998,1791.0,253,True,-1791.0,-1791.0,-3582.0
117,2,1713.6666666666665,2430.0,262,True,-2430.0,-2430.0,-4860.0
117,3,1752.1666666666665,2015.0,257,True,-2015.0,-2015.0,-4030.0
118,0,2384.3333333333335,2455.0,263,True,-2455.0,-2455.0,-4910.0
118,1,2319.1666666666665,2236.0,261,True,-2236.0,-2236.0,-4472.0
118,2,1906.1666666666665,2327.0,262,True,-2327.0,-2327.0,-4654.0
118,3,1895.1666666666667,2040.0,257,True,-2040.0,-2040.0,-4080.0
119,0,1889.1666666666665,1781.0,255,True,-1781.0,-1781.0,-3562.0
119,1,1834.1666666666665,2779.0,267,True,-2779.0,-2779.0,-5558.0
119,2,1950.1666666666665,1960.0,257,True,-1960.0,-1960.0,-3920.0
119,3,1820.1666666666665,1739.0,253,True,-1739.0,-1739.0,-3478.0
120,0,2144.166666666667,1439.0,250,True,-1439.0,-1439.0,-2878.0
120,1,1831.5,2126.0,259,True,-2126.0,-2126.0,-4252.0
120,2,1904.1666666666665,2517.0,263,True,-2517.0,-2517.0,-5034.0
120,3,1798.1666666666665,3121.0,272,True,-3121.0,-3121.0,-6242.0
121,0,1906.1666666666665,1761.0,253,True,-1761.0,-1761.0,-3522.0
121,1,1682.1666666666665,1966.0,256,True,-1966.0,-1966.0,-3932.0
121,2,2053.166666666667,2770.0,268,True,-2770.0,-2770.0,-5540.0
121,3,1779.1666666666665,1659.0,253,True,-1659.0,-1659.0,-3318.0
122,0,1566.0,1762.0,252,True,-1762.0,-1762.0,-3524.0
122,1,2675.6666666666665,2162.0,259,True,-2162.0,-2162.0,-4324.0
122,2,1632.1666666666665,2625.0,266,True,-2625.0,-2625.0,-5250.0
122,3,1780.1666666666665,2034.0,258,True,-2034.0,-2034.0,-4068.0
123,0,1598.1666666666665,2292.0,260,True,-2292.0,-2292.0,-4584.0
123,1,1810.1666666666665,2127.0,257,True,-2127.0,-2127.0,-4254.0
123,2,1796.1666666666667,1948.0,257,True,-1948.0,-1948.0,-3896.0
123,3,1796.1666666666665,2472.0,264,True,-2472.0,-2472.0,-4944.0
124,0,2021.0,2369.0,262,True,-2369.0,-2369.0,-4738.0
124,1,1863.1666666666665,1874.0,255,True,-1874.0,-1874.0,-3748.0
124,2,1913.1666666666665,2964.0,270,True,-2964.0,-2964.0,-5928.0
124,3,1963.1666666666665,1891.0,253,True,-1891.0,-1891.0,-3782.0
125,0,1831.0,2705.0,265,True,-2705.0,-2705.0,-5410.0
125,1,1758.6666666666665,3163.0,273,True,-3163.0,-3163.0,-6326.0
125,2,1887.1666666666667,2665.0,264,True,-2665.0,-2665.0,-5330.0
125,3,2188.5,1794.0,255,True,-1794.0,-1794.0,-3588.0
126,0,1763.1666666666665,1627.0,250,True,-1627.0,-1627.0,-3254.0
126,1,1679.1666666666665,2284.0,262,True,-2284.0,-2284.0,-4568.0
126,2,1815.1666666666665,3272.0,276,True,-3272.0,-3272.0,-6544.0
126,3,2294.666666666667,1505.0,251,True,-1505.0,-1505.0,-3010.0
127,0,2086.6666666666665,2164.0,260,True,-2164.0,-2164.0,-4328.0
127,1,1821.1666666666665,1864.0,255,True,-1864.0,-1864.0,-3728.0
127,2,1831.1666666666665,1836.0,255,True,-1836.0,-1836.0,-3672.0
127,3,1838.1666666666665,1998.0,256,True,-1998.0,-1998.0,-3996.0
128,0,1838.1666666666665,2397.0,262,True,-2397.0,-2397.0,-4794.0
128,1,1937.3333333333335,2237.0,260,True,-2237.0,-2237.0,-4474.0
128,2,1977.6666666666665,2131.0,258,True,-2131.0,-2131.0,-4262.0
128,3,1886.1666666666665,2280.0,261,True,-2280.0,-2280.0,-4560.0
129,0,1783.1666666666665,2047.0,257,True,-2047.0,-2047.0,-4094.0
129,1,1775.1666666666665,2120.0,260,True,-2120.0,-2120.0,-4240.0
129,2,1852.5,1720.0,249,True,-1720.0,-1720.0,-3440.0
129,3,1889.3333333333335,1915.0,256,True,-1915.0,-1915.0,-3830.0
130,0,1790.5,1029.0,244,True,-1029.0,-1029.0,-2058.0
130,1,1798.1666666666665,1220.0,246,True,-1220.0,-1220.0,-2440.0
130,2,2266.333333333333,1951.0,255,True,-1951.0,-1951.0,-3902.0
130,3,1731.5,2579.0,265,True,-2579.0,-2579.0,-5158.0
131,0,1834.1666666666665,2496.0,263,True,-2496.0,-2496.0,-4992.0
131,1,1741.1666666666665,2018.0,255,True,-2018.0,-2018.0,-4036.0
131,2,1744.1666666666665,2446.0,260,True,-2446.0,-2446.0,-4892.0
131,3,1758.1666666666665,2270.0,260,True,-2270.0,-2270.0,-4540.0
132,0,1836.5,1788.0,255,True,-1788.0,-1788.0,-3576.0
132,1,2137.3333333333335,2230.0,261,True,-2230.0,-2230.0,-4460.0
132,2,1798.1666666666665,1567.0,251,True,-1567.0,-1567.0,-3134.0
132,3,1581.1666666666665,1367.0,249,True,-1367.0,-1367.0,-2734.0
133,0,1738.1666666666665,2163.0,260,True,-2163.0,-2163.0,-4326.0
133,1,1719.1666666666665,1977.0,254,True,-1977.0,-1977.0,-3954.0
133,2,1802.1666666666665,1442.0,249,True,-1442.0,-1442.0,-2884.0
133,3,1756.1666666666665,1661.0,253,True,-1661.0,-1661.0,-3322.0
134,0,1836.1666666666665,2413.0,262,True,-2413.0,-2413.0,-4826.0
134,1,1686.1666666666665,2055.0,257,True,-2055.0,-2055.0,-4110.0
134,2,1569.1666666666665,1550.0,251,True,-1550.0,-1550.0,-3100.0
134,3,1644.1666666666665,1713.0,252,True,-1713.0,-1713.0,-3426.0
135,0,1572.1666666666665,2019.0,255,True,-2019.0,-2019.0,-4038.0
135,1,1692.1666666666665,1534.0,251,True,-1534.0,-1534.0,-3068.0
135,2,1749.1666666666665,1858.0,256,True,-1858.0,-1858.0,-3716.0
135,3,1682.1666666666665,2263.0,259,True,-2263.0,-2263.0,-4526.0
136,0,1774.0,2788.0,269,True,-2788.0,-2788.0,-5576.0
136,1,1918.1666666666667,1450.0,246,True,-1450.0,-1450.0,-2900.0
136,2,1637.1666666666665,1212.0,245,True,-1212.0,-1212.0,-2424.0
136,3,2126.1666666666665,1383.0,246,True,-1383.0,-1383.0,-2766.0
137,0,1868.4999999999998,2051.0,256,True,-2051.0,-2051.0,-4102.0
137,1,1834.1666666666665,1792.0,253,True,-1792.0,-1792.0,-3584.0
137,2,1748.1666666666665,1296.0,246,True,-1296.0,-1296.0,-2592.0
137,3,1613.1666666666665,2680.0,263,True,-2680.0,-2680.0,-5360.0
138,0,1741.1666666666665,2363.0,261,True,-2363.0,-2363.0,-4726.0
138,1,1570.0,2259.0,260,True,-2259.0,-2259.0,-4518.0
138,2,1663.1666666666665,1735.0,254,True,-1735.0,-1735.0,-3470.0
138,3,1843.4999999999998,2123.0,259,True,-2123.0,-2123.0,-4246.0
139,0,1731.1666666666665,1852.0,256,True,-1852.0,-1852.0,-3704.0
139,1,1825.5,1906.0,256,True,-1906.0,-1906.0,-3812.0
139,2,1759.1666666666665,1770.0,254,True,-1770.0,-1770.0,-3540.0
139,3,2042.1666666666667,1541.0,251,True,-1541.0,-1541.0,-3082.0
140,0,1603.1666666666665,1978.0,257,True,-1978.0,-1978.0,-3956.0
140,1,1687.1666666666665,1775.0,254,True,-1775.0,-1775.0,-3550.0
140,2,1875.5,1710.0,253,True,-1710.0,-1710.0,-3420.0
140,3,1753.8333333333333,2711.0,268,True,-2711.0,-2711.0,-5422.0
141,0,1686.0,1760.0,254,True,-1760.0,-1760.0,-3520.0
141,1,1697.1666666666665,1449.0,250,True,-1449.0,-1449.0,-2898.0
141,2,1676.1666666666665,1659.0,252,True,-1659.0,-1659.0,-3318.0
141,3,1709.1666666666667,2054.0,257,True,-2054.0,-2054.0,-4108.0
142,0,2063.0,2207.0,258,True,-2207.0,-2207.0,-4414.0
142,1,2065.5,1457.0,250,True,-1457.0,-1457.0,-2914.0
142,2,1922.4999999999998,2022.0,258,True,-2022.0,-2022.0,-4044.0
142,3,1884.1666666666667,1639.0,253,True,-1639.0,-1639.0,-3278.0
143,0,1639.1666666666665,1689.0,253,True,-1689.0,-1689.0,-3378.0
143,1,1684.1666666666665,2404.0,262,True,-2404.0,-2404.0,-4808.0
143,2,1976.1666666666667,2234.0,260,True,-2234.0,-2234.0,-4468.0
143,3,1713.1666666666665,2772.0,268,True,-2772.0,-2772.0,-5544.0
144,0,1777.1666666666665,1822.0,255,True,-1822.0,-1822.0,-3644.0
144,1,1824.1666666666665,1904.0,255,True,-1904.0,-1904.0,-3808.0
144,2,1876.1666666666665,2356.0,262,True,-2356.0,-2356.0,-4712.0
144,3,2193.1666666666665,1853.0,254,True,-1853.0,-1853.0,-3706.0
145,0,1727.1666666666665,2107.0,259,True,-2107.0,-2107.0,-4214.0
145,1,1836.1666666666665,1488.0,250,True,-1488.0,-1488.0,-2976.0
145,2,1838.1666666666667,2033.0,256,True,-2033.0,-2033.0,-4066.0
145,3,1834.1666666666665,1772.0,254,True,-1772.0,-1772.0,-3544.0
146,0,1641.1666666666665,1927.0,254,True,-1927.0,-1927.0,-3854.0
146,1,1761.1666666666665,2289.0,262,True,-2289.0,-2289.0,-4578.0
146,2,1621.1666666666665,1843.0,252,True,-1843.0,-1843.0,-3686.0
146,3,1919.1666666666665,1847.0,255,True,-1847.0,-1847.0,-3694.0
147,0,1767.1666666666665,1934.0,253,True,-1934.0,-1934.0,-3868.0
147,1,1658.1666666666665,2281.0,259,True,-2281.0,-2281.0,-4562.0
147,2,1893.1666666666665,2867.0,264,True,-2867.0,-2867.0,-5734.0
147,3,2169.5,2703.0,264,True,-2703.0,-2703.0,-5406.0
148,0,1730.1666666666665,2419.0,263,True,-2419.0,-2419.0,-4838.0
148,1,1672.1666666666665,2834.0,267,True,-2834.0,-2834.0,-5668.0
148,2,1817.3333333333335,2105.0,257,True,-2105.0,-2105.0,-4210.0
148,3,1754.1666666666665,2443.0,258,True,-2443.0,-2443.0,-4886.0
149,0,1676.1666666666667,2540.0,261,True,-2540.0,-2540.0,-5080.0
149,1,1759.1666666666665,2880.0,267,True,-2880.0,-2880.0,-5760.0
149,2,1726.1666666666665,2321.0,255,True,-2321.0,-2321.0,-4642.0
149,3,1744.1666666666665,2329.0,255,True,-2329.0,-2329.0,-4658.0
150,0,1826.1666666666665,1788.0,252,True,-1788.0,-1788.0,-3576.0
150,1,1633.1666666666665,2693.0,264,True,-2693.0,-2693.0,-5386.0
150,2,1791.1666666666665,2033.0,258,True,-2033.0,-2033.0,-4066.0
150,3,1792.1666666666665,2423.0,261,True,-2423.0,-2423.0,-4846.0
151,0,2008.3333333333333,2067.0,253,True,-2067.0,-2067.0,-4134.0
151,1,1702.1666666666665,2042.0,253,True,-2042.0,-2042.0,-4084.0
151,2,1819.1666666666665,1758.0,252,True,-1758.0,-1758.0,-3516.0
151,3,1642.1666666666665,1684.0,252,True,-1684.0,-1684.0,-3368.0
152,0,1752.0,2375.0,263,True,-2375.0,-2375.0,-4750.0
152,1,1604.1666666666665,1441.0,250,True,-1441.0,-1441.0,-2882.0
152,2,1791.5,2667.0,266,True,-2667.0,-2667.0,-5334.0
152,3,2130.666666666667,2544.0,263,True,-2544.0,-2544.0,-5088.0
153,0,2009.0,1593.0,252,True,-1593.0,-1593.0,-3186.0
153,1,1844.1666666666665,1770.0,254,True,-1770.0,-1770.0,-3540.0
153,2,1713.1666666666665,1177.0,246,True,-1177.0,-1177.0,-2354.0
153,3,1746.1666666666665,2470.0,262,True,-2470.0,-2470.0,-4940.0
154,0,1896.3333333333333,2302.0,261,True,-2302.0,-2302.0,-4604.0
154,1,1609.1666666666665,1631.0,251,True,-1631.0,-1631.0,-3262.0
154,2,1667.1666666666665,2150.0,260,True,-2150.0,-2150.0,-4300.0
154,3,1621.8333333333333,1542.0,249,True,-1542.0,-1542.0,-3084.0
155,0,1762.1666666666665,1390.0,249,True,-1390.0,-1390.0,-2780.0
155,1,2155.1666666666665,2006.0,255,True,-2006.0,-2006.0,-4012.0
155,2,1890.1666666666665,2022.0,255,True,-2022.0,-2022.0,-4044.0
155,3,1767.1666666666665,1617.0,252,True,-1617.0,-1617.0,-3234.0
156,0,2120.166666666667,1716.0,251,True,-1716.0,-1716.0,-3432.0
156,1,1808.1666666666665,2234.0,259,True,-2234.0,-2234.0,-4468.0
156,2,1640.1666666666665,2230.0,261,True,-2230.0,-2230.0,-4460.0
156,3,1882.1666666666665,1842.0,255,True,-1842.0,-1842.0,-3684.0
157,0,1800.1666666666665,1663.0,251,True,-1663.0,-1663.0,-3326.0
157,1,1703.1666666666665,2171.0,258,True,-2171.0,-2171.0,-4342.0
157,2,1663.1666666666665,2172.0,259,True,-2172.0,-2172.0,-4344.0
157,3,1669.1666666666665,2721.0,267,True,-2721.0,-2721.0,-5442.0
158,0,1813.1666666666667,1667.0,252,True,-1667.0,-1667.0,-3334.0
158,1,1836.1666666666665,2686.0,265,True,-2686.0,-2686.0,-5372.0
158,2,2040.1666666666665,1838.0,254,True,-1838.0,-1838.0,-3676.0
158,3,1601.1666666666665,2122.0,260,True,-2122.0,-2122.0,-4244.0
159,0,1633.1666666666665,1556.0,250,True,-1556.0,-1556.0,-3112.0
159,1,2137.166666666667,1532.0,251,True,-1532.0,-1532.0,-3064.0
159,2,1677.1666666666665,2508.0,264,True,-2508.0,-2508.0,-5016.0
159,3,1655.1666666666665,2235.0,261,True,-2235.0,-2235.0,-4470.0
160,0,1680.1666666666665,1842.0,253,True,-1842.0,-1842.0,-3684.0
160,1,1936.1666666666667,1603.0,249,True,-1603.0,-1603.0,-3206.0
160,2,2281.3333333333335,1685.0,253,True,-1685.0,-1685.0,-3370.0
160,3,1850.1666666666665,1938.0,255,True,-1938.0,-1938.0,-3876.0
161,0,2034.1666666666667,1932.0,255,True,-1932.0,-1932.0,-3864.0
161,1,1734.1666666666665,1740.0,254,True,-1740.0,-1740.0,-3480.0
161,2,1679.1666666666665,2337.0,261,True,-2337.0,-2337.0,-4674.0
161,3,1871.1666666666667,1680.0,253,True,-1680.0,-1680.0,-3360.0
162,0,1679.8333333333333,2876.0,269,True,-2876.0,-2876.0,-5752.0
162,1,1933.3333333333333,2512.0,263,True,-2512.0,-2512.0,-5024.0
162,2,1861.3333333333335,1233.0,246,True,-1233.0,-1233.0,-2466.0
162,3,1699.1666666666665,1448.0,249,True,-1448.0,-1448.0,-2896.0
163,0,2063.166666666667,1483.0,245,True,-1483.0,-1483.0,-2966.0
163,1,1841.1666666666665,962.0,243,True,-962.0,-962.0,-1924.0
163,2,2024.1666666666665,1505.0,250,True,-1505.0,-1505.0,-3010.0
163,3,1595.1666666666665,1759.0,254,True,-1759.0,-1759.0,-3518.0
164,0,1625.1666666666665,2098.0,258,True,-2098.0,-2098.0,-4196.0
164,1,1766.1666666666665,1726.0,254,True,-1726.0,-1726.0,-3452.0
164,2,1712.1666666666665,1515.0,251,True,-1515.0,-1515.0,-3030.0
164,3,1767.1666666666665,1650.0,253,True,-1650.0,-1650.0,-3300.0
165,0,1905.5,1521.0,250,True,-1521.0,-1521.0,-3042.0
165,1,1672.1666666666665,1717.0,253,True,-1717.0,-1717.0,-3434.0
165,2,1711.1666666666665,1847.0,256,True,-1847.0,-1847.0,-3694.0
165,3,1786.1666666666665,1801.0,254,True,-1801.0,-1801.0,-3602.0
166,0,1837.3333333333335,1819.0,254,True,-1819.0,-1819.0,-3638.0
166,1,1726.1666666666665,2476.0,263,True,-2476.0,-2476.0,-4952.0
166,2,1596.1666666666665,2332.0,261,True,-2332.0,-2332.0,-4664.0
166,3,1750.1666666666665,1686.0,253,True,-1686.0,-1686.0,-3372.0
167,0,1583.1666666666665,1982.0,257,True,-1982.0,-1982.0,-3964.0
167,1,1635.5,2318.0,261,True,-2318.0,-2318.0,-4636.0
167,2,1898.1666666666665,1687.0,253,True,-1687.0,-1687.0,-3374.0
167,3,1729.1666666666665,1596.0,252,True,-1596.0,-1596.0,-3192.0
168,0,1627.1666666666665,2243.0,261,True,-2243.0,-2243.0,-4486.0
168,1,2142.5,2057.0,257,True,-2057.0,-2057.0,-4114.0
168,2,2183.1666666666665,2141.0,254,True,-2141.0,-2141.0,-4282.0
168,3,1719.1666666666665,1699.0,253,True,-1699.0,-1699.0,-3398.0
169,0,1709.1666666666667,1673.0,251,True,-1673.0,-1673.0,-3346.0
169,1,1737.1666666666665,1683.0,252,True,-1683.0,-1683.0,-3366.0
169,2,1777.1666666666665,1516.0,251,True,-1516.0,-1516.0,-3032.0
169,3,1871.1666666666667,1780.0,252,True,-1780.0,-1780.0,-3560.0
170,0,1735.1666666666665,1545.0,250,True,-1545.0,-1545.0,-3090.0
170,1,2113.3333333333335,1635.0,251,True,-1635.0,-1635.0,-3270.0
170,2,1685.1666666666665,1819.0,255,True,-1819.0,-1819.0,-3638.0
170,3,1668.1666666666665,1466.0,249,True,-1466.0,-1466.0,-2932.0
171,0,1917.1666666666665,2119.0,259,True,-2119.0,-2119.0,-4238.0
171,1,1839.1666666666665,1877.0,256,True,-1877.0,-1877.0,-3754.0
171,2,1750.9999999999998,2764.0,268,True,-2764.0,-2764.0,-5528.0
171,3,1859.1666666666665,1657.0,251,True,-1657.0,-1657.0,-3314.0
172,0,2011.1666666666665,1495.0,248,True,-1495.0,-1495.0,-2990.0
172,1,1765.1666666666665,1954.0,258,True,-1954.0,-1954.0,-3908.0
172,2,1814.3333333333335,1736.0,253,True,-1736.0,-1736.0,-3472.0
172,3,1773.1666666666665,1556.0,251,True,-1556.0,-1556.0,-3112.0
173,0,1919.3333333333333,1798.0,254,True,-1798.0,-1798.0,-3596.0
173,1,1612.1666666666665,1736.0,252,True,-1736.0,-1736.0,-3472.0
173,2,1980.1666666666665,2286.0,259,True,-2286.0,-2286.0,-4572.0
173,3,1776.1666666666665,1604.0,252,True,-1604.0,-1604.0,-3208.0
174,0,1672.1666666666665,2185.0,259,True,-2185.0,-2185.0,-4370.0
174,1,2118.0,2258.0,259,True,-2258.0,-2258.0,-4516.0
174,2,1679.1666666666665,1465.0,250,True,-1465.0,-1465.0,-2930.0
174,3,1954.1666666666665,1344.0,248,True,-1344.0,-1344.0,-2688.0
175,0,1753.1666666666665,1673.0,253,True,-1673.0,-1673.0,-3346.0
175,1,1707.1666666666665,1604.0,251,True,-1604.0,-1604.0,-3208.0
175,2,2140.3333333333335,2070.0,257,True,-2070.0,-2070.0,-4140.0
175,3,1746.1666666666665,2520.0,263,True,-2520.0,-2520.0,-5040.0
176,0,1761.9999999999998,2839.0,270,True,-2839.0,-2839.0,-5678.0
176,1,2100.0,1616.0,250,True,-1616.0,-1616.0,-3232.0
176,2,1753.1666666666665,1657.0,252,True,-1657.0,-1657.0,-3314.0
176,3,1930.1666666666665,2464.0,261,True,-2464.0,-2464.0,-4928.0
177,0,1903.1666666666665,2238.0,258,True,-2238.0,-2238.0,-4476.0
177,1,1854.1666666666665,1533.0,251,True,-1533.0,-1533.0,-3066.0
177,2,1770.1666666666665,2170.0,259,True,-2170.0,-2170.0,-4340.0
177,3,1643.1666666666665,2446.0,264,True,-2446.0,-2446.0,-4892.0
178,0,1863.3333333333333,1918.0,255,True,-1918.0,-1918.0,-3836.0
178,1,1802.1666666666665,1699.0,253,True,-1699.0,-1699.0,-3398.0
178,2,1700.1666666666665,1837.0,255,True,-1837.0,-1837.0,-3674.0
178,3,1920.1666666666665,1028.0,244,True,-1028.0,-1028.0,-2056.0
179,0,1886.1666666666665,1437.0,250,True,-1437.0,-1437.0,-2874.0
179,1,1732.1666666666665,2486.0,262,True,-2486.0,-2486.0,-4972.0
179,2,1820.1666666666665,1749.0,251,True,-1749.0,-1749.0,-3498.0
179,3,2179.166666666667,2509.0,264,True,-2509.0,-2509.0,-5018.0
180,0,1752.1666666666665,2710.0,266,True,-2710.0,-2710.0,-5420.0
180,1,1758.1666666666665,2014.0,255,True,-2014.0,-2014.0,-4028.0
180,2,1684.1666666666665,2729.0,268,True,-2729.0,-2729.0,-5458.0
180,3,1689.9999999999998,2955.0,271,True,-2955.0,-2955.0,-5910.0
181,0,1857.1666666666665,1804.0,255,True,-1804.0,-1804.0,-3608.0
181,1,2305.666666666667,2180.0,258,True,-2180.0,-2180.0,-4360.0
181,2,1808.1666666666665,1558.0,252,True,-1558.0,-1558.0,-3116.0
181,3,1665.1666666666665,1525.0,250,True,-1525.0,-1525.0,-3050.0
182,0,1603.1666666666665,1868.0,252,True,-1868.0,-1868.0,-3736.0
182,1,1834.1666666666667,2535.0,261,True,-2535.0,-2535.0,-5070.0
182,2,2180.1666666666665,1992.0,255,True,-1992.0,-1992.0,-3984.0
182,3,1850.1666666666665,1939.0,256,True,-1939.0,-1939.0,-3878.0
183,0,1916.1666666666665,2260.0,258,True,-2260.0,-2260.0,-4520.0
183,1,1594.1666666666665,1965.0,256,True,-1965.0,-1965.0,-3930.0
183,2,1738.1666666666667,2015.0,257,True,-2015.0,-2015.0,-4030.0
183,3,2110.1666666666665,1446.0,249,True,-1446.0,-1446.0,-2892.0
184,0,1827.1666666666665,2808.0,269,True,-2808.0,-2808.0,-5616.0
184,1,1846.1666666666665,1321.0,247,True,-1321.0,-1321.0,-2642.0
184,2,1608.1666666666665,1545.0,252,True,-1545.0,-1545.0,-3090.0
184,3,1614.1666666666665,2382.0,262,True,-2382.0,-2382.0,-4764.0
185,0,1758.0,2217.0,258,True,-2217.0,-2217.0,-4434.0
185,1,1616.0,1399.0,248,True,-1399.0,-1399.0,-2798.0
185,2,1882.3333333333333,2174.0,258,True,-2174.0,-2174.0,-4348.0
185,3,1894.1666666666665,1472.0,249,True,-1472.0,-1472.0,-2944.0
186,0,1765.1666666666665,1966.0,256,True,-1966.0,-1966.0,-3932.0
186,1,1724.1666666666665,2832.0,268,True,-2832.0,-2832.0,-5664.0
186,2,1757.1666666666665,2383.0,259,True,-2383.0,-2383.0,-4766.0
186,3,1723.3333333333333,2843.0,267,True,-2843.0,-2843.0,-5686.0
187,0,1884.1666666666665,1680.0,252,True,-1680.0,-1680.0,-3360.0
187,1,1637.1666666666665,1740.0,253,True,-1740.0,-1740.0,-3480.0
187,2,1765.1666666666665,2444.0,259,True,-2444.0,-2444.0,-4888.0
187,3,1728.0,2067.0,257,True,-2067.0,-2067.0,-4134.0
188,0,1773.1666666666665,2153.0,256,True,-2153.0,-2153.0,-4306.0
188,1,1682.1666666666665,1674.0,250,True,-1674.0,-1674.0,-3348.0
188,2,1667.0,2632.0,264,True,-2632.0,-2632.0,-5264.0
188,3,1691.5,2739.0,267,True,-2739.0,-2739.0,-5478.0
189,0,2171.166666666667,1528.0,247,True,-1528.0,-1528.0,-3056.0
189,1,1820.1666666666665,2397.0,262,True,-2397.0,-2397.0,-4794.0
189,2,1761.1666666666665,2048.0,258,True,-2048.0,-2048.0,-4096.0
189,3,1731.1666666666665,1790.0,253,True,-1790.0,-1790.0,-3580.0
190,0,1722.1666666666665,1940.0,255,True,-1940.0,-1940.0,-3880.0
190,1,1624.1666666666665,2231.0,257,True,-2231.0,-2231.0,-4462.0
190,2,1778.1666666666665,1856.0,252,True,-1856.0,-1856.0,-3712.0
190,3,1771.1666666666665,2268.0,260,True,-2268.0,-2268.0,-4536.0
191,0,1939.1666666666665,1838.0,251,True,-1838.0,-1838.0,-3676.0
191,1,1772.1666666666665,2125.0,254,True,-2125.0,-2125.0,-4250.0
191,2,1890.6666666666665,1744.0,251,True,-1744.0,-1744.0,-3488.0
191,3,1670.1666666666665,2249.0,258,True,-2249.0,-2249.0,-4498.0
192,0,1749.1666666666665,1997.0,257,True,-1997.0,-1997.0,-3994.0
192,1,1811.1666666666665,2377.0,261,True,-2377.0,-2377.0,-4754.0
192,2,1632.1666666666665,2010.0,256,True,-2010.0,-2010.0,-4020.0
192,3,1716.1666666666665,1676.0,252,True,-1676.0,-1676.0,-3352.0
193,0,1620.1666666666665,2445.0,262,True,-2445.0,-2445.0,-4890.0
193,1,1672.1666666666665,1671.0,251,True,-1671.0,-1671.0,-3342.0
193,2,1606.1666666666665,1595.0,247,True,-1595.0,-1595.0,-3190.0
193,3,1644.1666666666665,1723.0,253,True,-1723.0,-1723.0,-3446.0
194,0,1737.1666666666665,1727.0,252,True,-1727.0,-1727.0,-3454.0
194,1,1799.1666666666665,1507.0,251,True,-1507.0,-1507.0,-3014.0
194,2,1895.1666666666665,1623.0,249,True,-1623.0,-1623.0,-3246.0
194,3,1659.1666666666665,1400.0,249,True,-1400.0,-1400.0,-2800.0
195,0,1712.1666666666665,1448.0,249,True,-1448.0,-1448.0,-2896.0
195,1,1890.1666666666665,1614.0,250,True,-1614.0,-1614.0,-3228.0
195,2,1758.1666666666665,1166.0,246,True,-1166.0,-1166.0,-2332.0
195,3,1822.1666666666665,1868.0,255,True,-1868.0,-1868.0,-3736.0
196,0,1724.1666666666665,1471.0,249,True,-1471.0,-1471.0,-2942.0
196,1,1659.1666666666665,1778.0,253,True,-1778.0,-1778.0,-3556.0
196,2,1783.1666666666665,2088.0,258,True,-2088.0,-2088.0,-4176.0
196,3,1662.1666666666665,2666.0,266,True,-2666.0,-2666.0,-5332.0
197,0,1841.1666666666665,1943.0,255,True,-1943.0,-1943.0,-3886.0
197,1,1801.1666666666665,1605.0,252,True,-1605.0,-1605.0,-3210.0
197,2,1816.1666666666665,1385.0,247,True,-1385.0,-1385.0,-2770.0
197,3,1598.1666666666665,1475.0,250,True,-1475.0,-1475.0,-2950.0
198,0,1656.1666666666665,2021.0,254,True,-2021.0,-2021.0,-4042.0
198,1,1940.1666666666665,1821.0,255,True,-1821.0,-1821.0,-3642.0
198,2,1812.1666666666665,1584.0,251,True,-1584.0,-1584.0,-3168.0
198,3,1647.1666666666665,1865.0,252,True,-1865.0,-1865.0,-3730.0
199,0,1731.1666666666665,1999.0,257,True,-1999.0,-1999.0,-3998.0
199,1,1664.1666666666665,1696.0,251,True,-1696.0,-1696.0,-3392.0
199,2,1741.1666666666665,1583.0,251,True,-1583.0,-1583.0,-3166.0
199,3,1734.1666666666665,1988.0,253,True,-1988.0,-1988.0,-3976.0
200,0,1913.3333333333335,1697.0,254,True,-1697.0,-1697.0,-3394.0
200,1,2265.166666666667,1681.0,253,True,-1681.0,-1681.0,-3362.0
200,2,2374.1666666666665,1362.0,249,True,-1362.0,-1362.0,-2724.0
200,3,1741.1666666666665,2340.0,263,True,-2340.0,-2340.0,-4680.0
201,0,1798.1666666666665,1838.0,255,True,-1838.0,-1838.0,-3676.0
201,1,1822.5,1776.0,253,True,-1776.0,-1776.0,-3552.0
201,2,1799.1666666666667,1768.0,252,True,-1768.0,-1768.0,-3536.0
201,3,1602.1666666666665,1780.0,254,True,-1780.0,-1780.0,-3560.0
202,0,1624.1666666666665,1841.0,254,True,-1841.0,-1841.0,-3682.0
202,1,1684.1666666666665,1526.0,251,True,-1526.0,-1526.0,-3052.0
202,2,1709.1666666666665,1386.0,248,True,-1386.0,-1386.0,-2772.0
202,3,1903.1666666666665,1959.0,256,True,-1959.0,-1959.0,-3918.0
203,0,1728.0,1959.0,256,True,-1959.0,-1959.0,-3918.0
203,1,1907.1666666666665,1593.0,252,True,-1593.0,-1593.0,-3186.0
203,2,1753.1666666666665,1516.0,251,True,-1516.0,-1516.0,-3032.0
203,3,1709.1666666666665,1880.0,256,True,-1880.0,-1880.0,-3760.0
204,0,1628.1666666666665,1738.0,254,True,-1738.0,-1738.0,-3476.0
204,1,1683.1666666666665,2314.0,261,True,-2314.0,-2314.0,-4628.0
204,2,1754.1666666666665,1833.0,255,True,-1833.0,-1833.0,-3666.0
204,3,1689.1666666666665,1888.0,256,True,-1888.0,-1888.0,-3776.0
205,0,1801.1666666666665,1867.0,254,True,-1867.0,-1867.0,-3734.0
205,1,1648.1666666666665,1636.0,253,True,-1636.0,-1636.0,-3272.0
205,2,1810.1666666666665,1767.0,254,True,-1767.0,-1767.0,-3534.0
205,3,1603.1666666666665,1597.0,252,True,-1597.0,-1597.0,-3194.0
206,0,1624.1666666666665,1379.0,249,True,-1379.0,-1379.0,-2758.0
206,1,1893.1666666666665,1928.0,257,True,-1928.0,-1928.0,-3856.0
206,2,1782.1666666666667,1317.0,247,True,-1317.0,-1317.0,-2634.0
206,3,1846.1666666666665,1541.0,251,True,-1541.0,-1541.0,-3082.0
207,0,1923.1666666666665,1383.0,249,True,-1383.0,-1383.0,-2766.0
207,1,1828.3333333333335,1794.0,255,True,-1794.0,-1794.0,-3588.0
207,2,1780.0,1567.0,252,True,-1567.0,-1567.0,-3134.0
207,3,1710.1666666666665,2054.0,258,True,-2054.0,-2054.0,-4108.0
208,0,1851.1666666666665,3035.0,273,True,-3035.0,-3035.0,-6070.0
208,1,1612.1666666666665,1605.0,252,True,-1605.0,-1605.0,-3210.0
208,2,1757.1666666666665,1598.0,252,True,-1598.0,-1598.0,-3196.0
208,3,1838.1666666666665,1587.0,251,True,-1587.0,-1587.0,-3174.0
209,0,1705.1666666666665,1529.0,251,True,-1529.0,-1529.0,-3058.0
209,1,1751.1666666666665,2579.0,265,True,-2579.0,-2579.0,-5158.0
209,2,1796.1666666666665,1635.0,252,True,-1635.0,-1635.0,-3270.0
209,3,1653.1666666666665,952.0,243,True,-952.0,-952.0,-1904.0
210,0,1887.1666666666665,2230.0,260,True,-2230.0,-2230.0,-4460.0
210,1,1796.1666666666665,1962.0,257,True,-1962.0,-1962.0,-3924.0
210,2,1797.1666666666665,1548.0,252,True,-1548.0,-1548.0,-3096.0
210,3,1728.9999999999998,2119.0,259,True,-2119.0,-2119.0,-4238.0
211,0,2132.1666666666665,1966.0,256,True,-1966.0,-1966.0,-3932.0
211,1,1945.1666666666665,1606.0,252,True,-1606.0,-1606.0,-3212.0
211,2,1852.1666666666665,1607.0,251,True,-1607.0,-1607.0,-3214.0
211,3,1905.5,1924.0,257,True,-1924.0,-1924.0,-3848.0
212,0,1767.1666666666665,1405.0,250,True,-1405.0,-1405.0,-2810.0
212,1,1953.1666666666665,1463.0,250,True,-1463.0,-1463.0,-2926.0
212,2,1757.1666666666665,986.0,244,True,-986.0,-986.0,-1972.0
212,3,1761.0,2342.0,262,True,-2342.0,-2342.0,-4684.0
213,0,1739.1666666666665,2392.0,263,True,-2392.0,-2392.0,-4784.0
213,1,1744.1666666666665,1260.0,246,True,-1260.0,-1260.0,-2520.0
213,2,1630.1666666666665,1001.0,244,True,-1001.0,-1001.0,-2002.0
213,3,1816.1666666666665,1590.0,252,True,-1590.0,-1590.0,-3180.0
214,0,1784.1666666666665,1232.0,247,True,-1232.0,-1232.0,-2464.0
214,1,1738.1666666666665,2447.0,264,True,-2447.0,-2447.0,-4894.0
214,2,1907.1666666666665,1290.0,248,True,-1290.0,-1290.0,-2580.0
214,3,1762.1666666666665,2188.0,258,True,-2188.0,-2188.0,-4376.0
215,0,2130.1666666666665,1314.0,248,True,-1314.0,-1314.0,-2628.0
215,1,1853.1666666666665,1460.0,248,True,-1460.0,-1460.0,-2920.0
215,2,1787.1666666666665,2241.0,262,True,-2241.0,-2241.0,-4482.0
215,3,1828.1666666666665,1496.0,249,True,-1496.0,-1496.0,-2992.0
216,0,1776.1666666666665,2903.0,270,True,-2903.0,-2903.0,-5806.0
216,1,1780.1666666666665,2008.0,258,True,-2008.0,-2008.0,-4016.0
216,2,1827.1666666666665,864.0,242,True,-864.0,-864.0,-1728.0
216,3,1734.1666666666665,1168.0,245,True,-1168.0,-1168.0,-2336.0
217,0,1867.1666666666665,2207.0,260,True,-2207.0,-2207.0,-4414.0
217,1,2031.1666666666665,1471.0,249,True,-1471.0,-1471.0,-2942.0
217,2,1943.1666666666665,1485.0,250,True,-1485.0,-1485.0,-2970.0
217,3,1645.1666666666665,1650.0,253,True,-1650.0,-1650.0,-3300.0
218,0,1807.1666666666665,1436.0,249,True,-1436.0,-1436.0,-2872.0
218,1,1745.1666666666665,1605.0,250,True,-1605.0,-1605.0,-3210.0
218,2,1813.1666666666665,1386.0,249,True,-1386.0,-1386.0,-2772.0
218,3,2270.166666666667,1646.0,252,True,-1646.0,-1646.0,-3292.0
219,0,1816.1666666666665,1195.0,247,True,-1195.0,-1195.0,-2390.0
219,1,1815.1666666666665,1894.0,256,True,-1894.0,-1894.0,-3788.0
219,2,1879.1666666666665,1384.0,249,True,-1384.0,-1384.0,-2768.0
219,3,1948.3333333333335,2084.0,258,True,-2084.0,-2084.0,-4168.0
220,0,2379.1666666666665,1812.0,255,True,-1812.0,-1812.0,-3624.0
220,1,2363.1666666666665,1945.0,257,True,-1945.0,-1945.0,-3890.0
220,2,1801.1666666666665,1523.0,251,True,-1523.0,-1523.0,-3046.0
220,3,1658.1666666666665,1813.0,255,True,-1813.0,-1813.0,-3626.0
221,0,1633.0,1620.0,252,True,-1620.0,-1620.0,-3240.0
221,1,2146.166666666667,1540.0,250,True,-1540.0,-1540.0,-3080.0
221,2,1769.1666666666665,1457.0,250,True,-1457.0,-1457.0,-2914.0
221,3,1877.5,1436.0,250,True,-1436.0,-1436.0,-2872.0
222,0,1708.1666666666665,1825.0,255,True,-1825.0,-1825.0,-3650.0
222,1,2346.8333333333335,2077.0,259,True,-2077.0,-2077.0,-4154.0
222,2,2299.3333333333335,2105.0,259,True,-2105.0,-2105.0,-4210.0
222,3,2292.1666666666665,1551.0,251,True,-1551.0,-1551.0,-3102.0
223,0,2103.1666666666665,1467.0,247,True,-1467.0,-1467.0,-2934.0
223,1,1651.1666666666665,2080.0,256,True,-2080.0,-2080.0,-4160.0
223,2,1757.0,1456.0,250,True,-1456.0,-1456.0,-2912.0
223,3,1645.1666666666665,1306.0,247,True,-1306.0,-1306.0,-2612.0
224,0,2190.1666666666665,1831.0,255,True,-1831.0,-1831.0,-3662.0
224,1,1773.1666666666665,1997.0,256,True,-1997.0,-1997.0,-3994.0
224,2,1729.1666666666665,2699.0,266,True,-2699.0,-2699.0,-5398.0
224,3,2025.1666666666665,1813.0,254,True,-1813.0,-1813.0,-3626.0
225,0,1738.9999999999998,2554.0,264,True,-2554.0,-2554.0,-5108.0
225,1,1756.1666666666665,1735.0,253,True,-1735.0,-1735.0,-3470.0
225,2,2175.1666666666665,1664.0,251,True,-1664.0,-1664.0,-3328.0
225,3,1747.1666666666665,2529.0,263,True,-2529.0,-2529.0,-5058.0
226,0,1982.1666666666665,2182.0,260,True,-2182.0,-2182.0,-4364.0
226,1,2160.3333333333335,1952.0,255,True,-1952.0,-1952.0,-3904.0
226,2,2436.333333333333,2489.0,264,True,-2489.0,-2489.0,-4978.0
226,3,1866.1666666666665,2119.0,259,True,-2119.0,-2119.0,-4238.0
227,0,2266.6666666666665,1630.0,252,True,-1630.0,-1630.0,-3260.0
227,1,2108.5,1884.0,256,True,-1884.0,-1884.0,-3768.0
227,2,1737.1666666666665,1475.0,250,True,-1475.0,-1475.0,-2950.0
227,3,1631.1666666666665,1914.0,255,True,-1914.0,-1914.0,-3828.0
228,0,2174.6666666666665,2087.0,259,True,-2087.0,-2087.0,-4174.0
228,1,1979.3333333333333,2100.0,258,True,-2100.0,-2100.0,-4200.0
228,2,1983.1666666666667,1864.0,256,True,-1864.0,-1864.0,-3728.0
228,3,1841.1666666666665,1748.0,253,True,-1748.0,-1748.0,-3496.0
229,0,1722.1666666666665,1443.0,249,True,-1443.0,-1443.0,-2886.0
229,1,2093.166666666667,1681.0,252,True,-1681.0,-1681.0,-3362.0
229,2,2085.5,1239.0,247,True,-1239.0,-1239.0,-2478.0
229,3,1726.1666666666665,1481.0,249,True,-1481.0,-1481.0,-2962.0
230,0,2225.6666666666665,2109.0,259,True,-2109.0,-2109.0,-4218.0
230,1,2049.6666666666665,1793.0,254,True,-1793.0,-1793.0,-3586.0
230,2,2239.1666666666665,1446.0,250,True,-1446.0,-1446.0,-2892.0
230,3,2149.1666666666665,1743.0,253,True,-1743.0,-1743.0,-3486.0
231,0,2051.5,1829.0,255,True,-1829.0,-1829.0,-3658.0
231,1,1704.1666666666665,1912.0,255,True,-1912.0,-1912.0,-3824.0
231,2,2183.1666666666665,1468.0,250,True,-1468.0,-1468.0,-2936.0
231,3,1964.6666666666665,1660.0,253,True,-1660.0,-1660.0,-3320.0
232,0,1661.1666666666665,1643.0,253,True,-1643.0,-1643.0,-3286.0
232,1,2106.1666666666665,1436.0,250,True,-1436.0,-1436.0,-2872.0
232,2,2024.1666666666665,1585.0,252,True,-1585.0,-1585.0,-3170.0
232,3,2079.6666666666665,1505.0,251,True,-1505.0,-1505.0,-3010.0
233,0,2408.3333333333335,2086.0,259,True,-2086.0,-2086.0,-4172.0
233,1,1726.1666666666665,1543.0,251,True,-1543.0,-1543.0,-3086.0
233,2,2124.1666666666665,1607.0,250,True,-1607.0,-1607.0,-3214.0
233,3,2487.666666666667,2162.0,260,True,-2162.0,-2162.0,-4324.0
234,0,1814.1666666666665,1502.0,251,True,-1502.0,-1502.0,-3004.0
234,1,2087.166666666667,1267.0,247,True,-1267.0,-1267.0,-2534.0
234,2,2460.333333333333,2407.0,262,True,-2407.0,-2407.0,-4814.0
234,3,2101.166666666667,2111.0,259,True,-2111.0,-2111.0,-4222.0
235,0,2231.5,2006.0,257,True,-2006.0,-2006.0,-4012.0
235,1,1692.1666666666665,1513.0,251,True,-1513.0,-1513.0,-3026.0
235,2,1965.1666666666665,2036.0,256,True,-2036.0,-2036.0,-4072.0
235,3,1738.1666666666665,1931.0,257,True,-1931.0,-1931.0,-3862.0
236,0,2414.1666666666665,1830.0,254,True,-1830.0,-1830.0,-3660.0
236,1,1867.4999999999998,1462.0,249,True,-1462.0,-1462.0,-2924.0
236,2,1860.6666666666665,2535.0,264,True,-2535.0,-2535.0,-5070.0
236,3,2105.1666666666665,1963.0,255,True,-1963.0,-1963.0,-3926.0
237,0,2241.1666666666665,1469.0,250,True,-1469.0,-1469.0,-2938.0
237,1,1799.1666666666665,1876.0,254,True,-1876.0,-1876.0,-3752.0
237,2,2051.3333333333335,2003.0,258,True,-2003.0,-2003.0,-4006.0
237,3,2408.3333333333335,1951.0,256,True,-1951.0,-1951.0,-3902.0
238,0,1763.1666666666665,1177.0,246,True,-1177.0,-1177.0,-2354.0
238,1,1731.1666666666665,1545.0,251,True,-1545.0,-1545.0,-3090.0
238,2,2260.5,1846.0,256,True,-1846.0,-1846.0,-3692.0
238,3,1771.5,1389.0,249,True,-1389.0,-1389.0,-2778.0
239,0,1908.6666666666665,2118.0,258,True,-2118.0,-2118.0,-4236.0
239,1,1812.1666666666665,1703.0,253,True,-1703.0,-1703.0,-3406.0
239,2,2096.5,1453.0,250,True,-1453.0,-1453.0,-2906.0
239,3,2332.3333333333335,1953.0,257,True,-1953.0,-1953.0,-3906.0
240,0,1682.8333333333333,2309.0,261,True,-2309.0,-2309.0,-4618.0
240,1,1964.6666666666665,1721.0,251,True,-1721.0,-1721.0,-3442.0
240,2,1707.5,2153.0,257,True,-2153.0,-2153.0,-4306.0
240,3,1703.5,2548.0,266,True,-2548.0,-2548.0,-5096.0
241,0,2039.1666666666665,2460.0,263,True,-2460.0,-2460.0,-4920.0
241,1,2092.1666666666665,1723.0,253,True,-1723.0,-1723.0,-3446.0
241,2,2165.666666666667,1888.0,257,True,-1888.0,-1888.0,-3776.0
241,3,1780.1666666666665,1576.0,252,True,-1576.0,-1576.0,-3152.0
242,0,1819.1666666666667,1952.0,254,True,-1952.0,-1952.0,-3904.0
242,1,2026.1666666666665,1166.0,246,True,-1166.0,-1166.0,-2332.0
242,2,1850.1666666666665,1698.0,253,True,-1698.0,-1698.0,-3396.0
242,3,2145.1666666666665,2252.0,259,True,-2252.0,-2252.0,-4504.0
243,0,1798.1666666666665,1923.0,254,True,-1923.0,-1923.0,-3846.0
243,1,1990.1666666666665,1713.0,254,True,-1713.0,-1713.0,-3426.0
243,2,1782.1666666666665,2441.0,262,True,-2441.0,-2441.0,-4882.0
243,3,2287.3333333333335,2298.0,261,True,-2298.0,-2298.0,-4596.0
244,0,2320.3333333333335,2855.0,268,True,-2855.0,-2855.0,-5710.0
244,1,2219.333333333333,1776.0,254,True,-1776.0,-1776.0,-3552.0
244,2,1881.1666666666667,1879.0,256,True,-1879.0,-1879.0,-3758.0
244,3,2223.3333333333335,1896.0,256,True,-1896.0,-1896.0,-3792.0
245,0,1823.1666666666665,2133.0,259,True,-2133.0,-2133.0,-4266.0
245,1,1927.1666666666665,2039.0,257,True,-2039.0,-2039.0,-4078.0
245,2,2214.1666666666665,1746.0,253,True,-1746.0,-1746.0,-3492.0
245,3,2241.1666666666665,1912.0,255,True,-1912.0,-1912.0,-3824.0
246,0,2099.166666666667,1905.0,254,True,-1905.0,-1905.0,-3810.0
246,1,1890.1666666666665,1789.0,253,True,-1789.0,-1789.0,-3578.0
246,2,1993.1666666666665,1773.0,252,True,-1773.0,-1773.0,-3546.0
246,3,2287.1666666666665,1694.0,252,True,-1694.0,-1694.0,-3388.0
247,0,2213.3333333333335,1882.0,254,True,-1882.0,-1882.0,-3764.0
247,1,2323.333333333333,1618.0,251,True,-1618.0,-1618.0,-3236.0
247,2,1795.1666666666665,1709.0,250,True,-1709.0,-1709.0,-3418.0
247,3,1875.1666666666665,1484.0,247,True,-1484.0,-1484.0,-2968.0
248,0,2177.1666666666665,1452.0,249,True,-1452.0,-1452.0,-2904.0
248,1,1889.3333333333335,2043.0,256,True,-2043.0,-2043.0,-4086.0
248,2,1861.1666666666665,2041.0,257,True,-2041.0,-2041.0,-4082.0
248,3,1749.1666666666665,1541.0,251,True,-1541.0,-1541.0,-3082.0
249,0,1903.3333333333335,1821.0,254,True,-1821.0,-1821.0,-3642.0
249,1,2261.5,1880.0,255,True,-1880.0,-1880.0,-3760.0
249,2,2059.1666666666665,1413.0,249,True,-1413.0,-1413.0,-2826.0
249,3,1823.1666666666665,1444.0,249,True,-1444.0,-1444.0,-2888.0
250,0,1794.1666666666665,1764.0,253,True,-1764.0,-1764.0,-3528.0
250,1,2236.1666666666665,1414.0,248,True,-1414.0,-1414.0,-2828.0
250,2,2182.3333333333335,1757.0,253,True,-1757.0,-1757.0,-3514.0
250,3,2139.333333333333,2389.0,260,True,-2389.0,-2389.0,-4778.0
251,0,1807.1666666666665,1669.0,253,True,-1669.0,-1669.0,-3338.0
251,1,2222.3333333333335,1669.0,252,True,-1669.0,-1669.0,-3338.0
251,2,1841.1666666666665,1722.0,252,True,-1722.0,-1722.0,-3444.0
251,3,1888.1666666666665,1526.0,250,True,-1526.0,-1526.0,-3052.0
252,0,1788.1666666666665,1944.0,257,True,-1944.0,-1944.0,-3888.0
252,1,2227.1666666666665,1609.0,249,True,-1609.0,-1609.0,-3218.0
252,2,1970.1666666666665,1883.0,254,True,-1883.0,-1883.0,-3766.0
252,3,1957.5,1643.0,252,True,-1643.0,-1643.0,-3286.0
253,0,2271.3333333333335,1719.0,254,True,-1719.0,-1719.0,-3438.0
253,1,2223.1666666666665,1848.0,253,True,-1848.0,-1848.0,-3696.0
253,2,2312.333333333333,1633.0,252,True,-1633.0,-1633.0,-3266.0
253,3,1667.1666666666665,1618.0,250,True,-1618.0,-1618.0,-3236.0
254,0,2165.1666666666665,1401.0,248,True,-1401.0,-1401.0,-2802.0
254,1,1755.1666666666667,2079.0,256,True,-2079.0,-2079.0,-4158.0
254,2,2377.1666666666665,2044.0,258,True,-2044.0,-2044.0,-4088.0
254,3,1853.3333333333335,1768.0,254,True,-1768.0,-1768.0,-3536.0
255,0,1785.1666666666665,1538.0,251,True,-1538.0,-1538.0,-3076.0
255,1,2282.1666666666665,1882.0,255,True,-1882.0,-1882.0,-3764.0
255,2,1988.5,1716.0,253,True,-1716.0,-1716.0,-3432.0
255,3,2169.1666666666665,1603.0,252,True,-1603.0,-1603.0,-3206.0
256,0,1770.1666666666665,2508.0,262,True,-2508.0,-2508.0,-5016.0
256,1,2165.166666666667,1612.0,252,True,-1612.0,-1612.0,-3224.0
256,2,1613.1666666666665,1466.0,250,True,-1466.0,-1466.0,-2932.0
256,3,2205.3333333333335,1680.0,251,True,-1680.0,-1680.0,-3360.0
257,0,2046.6666666666667,2188.0,259,True,-2188.0,-2188.0,-4376.0
257,1,2187.1666666666665,2159.0,260,True,-2159.0,-2159.0,-4318.0
257,2,2046.6666666666665,1799.0,251,True,-1799.0,-1799.0,-3598.0
257,3,1663.1666666666665,1378.0,248,True,-1378.0,-1378.0,-2756.0
258,0,1971.3333333333335,1638.0,250,True,-1638.0,-1638.0,-3276.0
258,1,1807.1666666666665,1809.0,254,True,-1809.0,-1809.0,-3618.0
258,2,2175.3333333333335,2242.0,258,True,-2242.0,-2242.0,-4484.0
258,3,1617.1666666666665,1374.0,249,True,-1374.0,-1374.0,-2748.0
259,0,2310.333333333333,1911.0,256,True,-1911.0,-1911.0,-3822.0
259,1,1631.1666666666665,1538.0,250,True,-1538.0,-1538.0,-3076.0
259,2,2192.3333333333335,1671.0,253,True,-1671.0,-1671.0,-3342.0
259,3,1708.1666666666665,1393.0,249,True,-1393.0,-1393.0,-2786.0
260,0,1865.6666666666665,2211.0,260,True,-2211.0,-2211.0,-4422.0
260,1,1870.4999999999998,2168.0,259,True,-2168.0,-2168.0,-4336.0
260,2,1696.1666666666665,1719.0,253,True,-1719.0,-1719.0,-3438.0
260,3,1904.3333333333335,1625.0,252,True,-1625.0,-1625.0,-3250.0
261,0,2037.3333333333333,1591.0,249,True,-1591.0,-1591.0,-3182.0
261,1,1655.1666666666665,2457.0,263,True,-2457.0,-2457.0,-4914.0
261,2,1792.5,1766.0,254,True,-1766.0,-1766.0,-3532.0
261,3,1817.1666666666665,1681.0,252,True,-1681.0,-1681.0,-3362.0
262,0,1792.1666666666665,1299.0,245,True,-1299.0,-1299.0,-2598.0
262,1,2099.1666666666665,2102.0,259,True,-2102.0,-2102.0,-4204.0
262,2,1795.1666666666665,1584.0,251,True,-1584.0,-1584.0,-3168.0
262,3,1838.5,1758.0,253,True,-1758.0,-1758.0,-3516.0
263,0,2102.1666666666665,1439.0,249,True,-1439.0,-1439.0,-2878.0
263,1,1726.1666666666665,1819.0,253,True,-1819.0,-1819.0,-3638.0
263,2,1784.1666666666665,1471.0,250,True,-1471.0,-1471.0,-2942.0
263,3,2121.3333333333335,1584.0,250,True,-1584.0,-1584.0,-3168.0
264,0,1677.1666666666665,1408.0,247,True,-1408.0,-1408.0,-2816.0
264,1,2134.1666666666665,1721.0,253,True,-1721.0,-1721.0,-3442.0
264,2,2219.1666666666665,1890.0,256,True,-1890.0,-1890.0,-3780.0
264,3,1748.1666666666665,1522.0,250,True,-1522.0,-1522.0,-3044.0
265,0,2071.1666666666665,2039.0,258,True,-2039.0,-2039.0,-4078.0
265,1,2219.5,1788.0,254,True,-1788.0,-1788.0,-3576.0
265,2,2199.6666666666665,2381.0,263,True,-2381.0,-2381.0,-4762.0
265,3,1926.3333333333335,1600.0,251,True,-1600.0,-1600.0,-3200.0
266,0,2297.6666666666665,3139.0,272,True,-3139.0,-3139.0,-6278.0
266,1,2092.3333333333335,2072.0,257,True,-2072.0,-2072.0,-4144.0
266,2,2114.1666666666665,1386.0,247,True,-1386.0,-1386.0,-2772.0
266,3,2063.1666666666665,1094.0,245,True,-1094.0,-1094.0,-2188.0
267,0,1768.1666666666665,1598.0,251,True,-1598.0,-1598.0,-3196.0
267,1,1843.1666666666665,1531.0,251,True,-1531.0,-1531.0,-3062.0
267,2,2175.3333333333335,2031.0,258,True,-2031.0,-2031.0,-4062.0
267,3,2321.5,2040.0,258,True,-2040.0,-2040.0,-4080.0
268,0,1778.1666666666667,1679.0,252,True,-1679.0,-1679.0,-3358.0
268,1,2317.333333333333,1868.0,255,True,-1868.0,-1868.0,-3736.0
268,2,1974.1666666666665,2303.0,260,True,-2303.0,-2303.0,-4606.0
268,3,2224.1666666666665,1665.0,252,True,-1665.0,-1665.0,-3330.0
269,0,1833.1666666666665,1776.0,254,True,-1776.0,-1776.0,-3552.0
269,1,2199.6666666666665,1712.0,254,True,-1712.0,-1712.0,-3424.0
269,2,1736.1666666666665,1277.0,247,True,-1277.0,-1277.0,-2554.0
269,3,1781.1666666666665,1601.0,252,True,-1601.0,-1601.0,-3202.0
270,0,2139.5,1934.0,255,True,-1934.0,-1934.0,-3868.0
270,1,2239.5,1865.0,256,True,-1865.0,-1865.0,-3730.0
270,2,2339.1666666666665,1839.0,255,True,-1839.0,-1839.0,-3678.0
270,3,2364.1666666666665,1703.0,254,True,-1703.0,-1703.0,-3406.0
271,0,2151.1666666666665,1820.0,254,True,-1820.0,-1820.0,-3640.0
271,1,2234.5,2065.0,259,True,-2065.0,-2065.0,-4130.0
271,2,1766.1666666666665,2625.0,265,True,-2625.0,-2625.0,-5250.0
271,3,2140.1666666666665,1531.0,250,True,-1531.0,-1531.0,-3062.0
272,0,2205.3333333333335,1484.0,250,True,-1484.0,-1484.0,-2968.0
272,1,1702.1666666666665,2657.0,267,True,-2657.0,-2657.0,-5314.0
272,2,1838.1666666666665,1760.0,254,True,-1760.0,-1760.0,-3520.0
272,3,1806.1666666666665,1358.0,249,True,-1358.0,-1358.0,-2716.0
273,0,1830.1666666666665,1883.0,254,True,-1883.0,-1883.0,-3766.0
273,1,2159.5,1761.0,254,True,-1761.0,-1761.0,-3522.0
273,2,1791.1666666666665,1940.0,255,True,-1940.0,-1940.0,-3880.0
273,3,2097.166666666667,1340.0,248,True,-1340.0,-1340.0,-2680.0
274,0,2126.3333333333335,1511.0,250,True,-1511.0,-1511.0,-3022.0
274,1,1845.1666666666665,1880.0,255,True,-1880.0,-1880.0,-3760.0
274,2,2051.333333333333,2071.0,259,True,-2071.0,-2071.0,-4142.0
274,3,1892.1666666666665,2200.0,259,True,-2200.0,-2200.0,-4400.0
275,0,2303.5,1709.0,254,True,-1709.0,-1709.0,-3418.0
275,1,1758.1666666666665,1474.0,249,True,-1474.0,-1474.0,-2948.0
275,2,1756.1666666666665,969.0,243,True,-969.0,-969.0,-1938.0
275,3,1935.5,2178.0,261,True,-2178.0,-2178.0,-4356.0
276,0,2151.1666666666665,1509.0,251,True,-1509.0,-1509.0,-3018.0
276,1,2021.5,1920.0,257,True,-1920.0,-1920.0,-3840.0
276,2,1807.1666666666665,1266.0,247,True,-1266.0,-1266.0,-2532.0
276,3,1764.1666666666665,1469.0,248,True,-1469.0,-1469.0,-2938.0
277,0,2144.3333333333335,1801.0,255,True,-1801.0,-1801.0,-3602.0
277,1,1808.1666666666667,1929.0,257,True,-1929.0,-1929.0,-3858.0
277,2,1737.1666666666665,1893.0,256,True,-1893.0,-1893.0,-3786.0
277,3,2211.5,1715.0,254,True,-1715.0,-1715.0,-3430.0
278,0,1818.5,1504.0,251,True,-1504.0,-1504.0,-3008.0
278,1,2310.5,1734.0,254,True,-1734.0,-1734.0,-3468.0
278,2,1793.4999999999998,1644.0,252,True,-1644.0,-1644.0,-3288.0
278,3,2177.3333333333335,1739.0,254,True,-1739.0,-1739.0,-3478.0
279,0,1743.1666666666667,1800.0,255,True,-1800.0,-1800.0,-3600.0
279,1,1738.1666666666665,2016.0,257,True,-2016.0,-2016.0,-4032.0
279,2,2070.1666666666665,1379.0,249,True,-1379.0,-1379.0,-2758.0
279,3,1956.5,1690.0,252,True,-1690.0,-1690.0,-3380.0
280,0,1784.1666666666665,877.0,242,True,-877.0,-877.0,-1754.0
280,1,1894.1666666666665,1724.0,253,True,-1724.0,-1724.0,-3448.0
280,2,2176.3333333333335,1881.0,256,True,-1881.0,-1881.0,-3762.0
280,3,2016.5,1726.0,254,True,-1726.0,-1726.0,-3452.0
281,0,1752.1666666666665,1722.0,254,True,-1722.0,-1722.0,-3444.0
281,1,1928.1666666666665,1886.0,256,True,-1886.0,-1886.0,-3772.0
281,2,2098.1666666666665,2060.0,258,True,-2060.0,-2060.0,-4120.0
281,3,2351.1666666666665,1740.0,254,True,-1740.0,-1740.0,-3480.0
282,0,1846.1666666666665,1469.0,250,True,-1469.0,-1469.0,-2938.0
282,1,1811.1666666666665,2177.0,260,True,-2177.0,-2177.0,-4354.0
282,2,1801.1666666666667,1855.0,255,True,-1855.0,-1855.0,-3710.0
282,3,1895.1666666666665,1510.0,251,True,-1510.0,-1510.0,-3020.0
283,0,1783.1666666666665,1530.0,251,True,-1530.0,-1530.0,-3060.0
283,1,1864.1666666666665,1687.0,253,True,-1687.0,-1687.0,-3374.0
283,2,2030.1666666666665,2197.0,258,True,-2197.0,-2197.0,-4394.0
283,3,2155.5,1669.0,252,True,-1669.0,-1669.0,-3338.0
284,0,2173.1666666666665,1520.0,251,True,-1520.0,-1520.0,-3040.0
284,1,1996.1666666666667,1115.0,245,True,-1115.0,-1115.0,-2230.0
284,2,2150.5,1293.0,247,True,-1293.0,-1293.0,-2586.0
284,3,1747.1666666666665,1198.0,245,True,-1198.0,-1198.0,-2396.0
285,0,2261.1666666666665,1820.0,254,True,-1820.0,-1820.0,-3640.0
285,1,1880.1666666666665,1401.0,248,True,-1401.0,-1401.0,-2802.0
285,2,2335.3333333333335,1475.0,250,True,-1475.0,-1475.0,-2950.0
285,3,1944.1666666666665,1733.0,254,True,-1733.0,-1733.0,-3466.0
286,0,1868.1666666666665,1603.0,252,True,-1603.0,-1603.0,-3206.0
286,1,2135.1666666666665,1377.0,249,True,-1377.0,-1377.0,-2754.0
286,2,2336.666666666667,1604.0,252,True,-1604.0,-1604.0,-3208.0
286,3,1867.6666666666665,2013.0,256,True,-2013.0,-2013.0,-4026.0
287,0,2384.5,1571.0,252,True,-1571.0,-1571.0,-3142.0
287,1,1858.1666666666665,1249.0,247,True,-1249.0,-1249.0,-2498.0
287,2,2185.166666666667,1388.0,248,True,-1388.0,-1388.0,-2776.0
287,3,2267.5,1696.0,253,True,-1696.0,-1696.0,-3392.0
288,0,2107.1666666666665,1699.0,253,True,-1699.0,-1699.0,-3398.0
288,1,1944.1666666666665,1599.0,252,True,-1599.0,-1599.0,-3198.0
288,2,1851.1666666666665,1307.0,247,True,-1307.0,-1307.0,-2614.0
288,3,1764.1666666666665,1544.0,251,True,-1544.0,-1544.0,-3088.0
289,0,2191.333333333333,1663.0,253,True,-1663.0,-1663.0,-3326.0
289,1,2429.833333333333,1923.0,257,True,-1923.0,-1923.0,-3846.0
289,2,1892.1666666666665,1513.0,251,True,-1513.0,-1513.0,-3026.0
289,3,1856.1666666666665,1551.0,250,True,-1551.0,-1551.0,-3102.0
290,0,2062.1666666666665,1613.0,252,True,-1613.0,-1613.0,-3226.0
290,1,2328.5,1436.0,250,True,-1436.0,-1436.0,-2872.0
290,2,1837.1666666666665,1285.0,247,True,-1285.0,-1285.0,-2570.0
290,3,1943.1666666666665,1327.0,248,True,-1327.0,-1327.0,-2654.0
291,0,2298.166666666667,1852.0,255,True,-1852.0,-1852.0,-3704.0
291,1,1900.1666666666665,1665.0,253,True,-1665.0,-1665.0,-3330.0
291,2,2128.166666666667,1595.0,252,True,-1595.0,-1595.0,-3190.0
291,3,2361.5,1704.0,253,True,-1704.0,-1704.0,-3408.0
292,0,1772.5,1338.0,248,True,-1338.0,-1338.0,-2676.0
292,1,2161.5,2007.0,258,True,-2007.0,-2007.0,-4014.0
292,2,2319.1666666666665,1734.0,253,True,-1734.0,-1734.0,-3468.0
292,3,2168.1666666666665,1722.0,254,True,-1722.0,-1722.0,-3444.0
293,0,1835.1666666666665,1585.0,250,True,-1585.0,-1585.0,-3170.0
293,1,2337.1666666666665,1629.0,252,True,-1629.0,-1629.0,-3258.0
293,2,2155.166666666667,1630.0,252,True,-1630.0,-1630.0,-3260.0
293,3,2241.5,1853.0,256,True,-1853.0,-1853.0,-3706.0
294,0,2329.3333333333335,1547.0,251,True,-1547.0,-1547.0,-3094.0
294,1,1848.5,1649.0,251,True,-1649.0,-1649.0,-3298.0
294,2,2071.5,1521.0,251,True,-1521.0,-1521.0,-3042.0
294,3,1742.1666666666665,1654.0,253,True,-1654.0,-1654.0,-3308.0
295,0,2212.1666666666665,1552.0,251,True,-1552.0,-1552.0,-3104.0
295,1,1891.1666666666665,1463.0,250,True,-1463.0,-1463.0,-2926.0
295,2,2213.5,1566.0,252,True,-1566.0,-1566.0,-3132.0
295,3,1859.1666666666665,1461.0,250,True,-1461.0,-1461.0,-2922.0
296,0,1797.1666666666665,1402.0,246,True,-1402.0,-1402.0,-2804.0
296,1,2265.1666666666665,1539.0,251,True,-1539.0,-1539.0,-3078.0
296,2,1752.1666666666665,1404.0,248,True,-1404.0,-1404.0,-2808.0
296,3,2119.6666666666665,1271.0,247,True,-1271.0,-1271.0,-2542.0
297,0,2359.833333333333,2145.0,260,True,-2145.0,-2145.0,-4290.0
297,1,1853.1666666666665,1755.0,252,True,-1755.0,-1755.0,-3510.0
297,2,1975.1666666666665,1809.0,254,True,-1809.0,-1809.0,-3618.0
297,3,2042.1666666666665,1321.0,248,True,-1321.0,-1321.0,-2642.0
298,0,2189.1666666666665,1618.0,249,True,-1618.0,-1618.0,-3236.0
298,1,1646.1666666666665,1844.0,253,True,-1844.0,-1844.0,-3688.0
298,2,2068.1666666666665,1749.0,252,True,-1749.0,-1749.0,-3498.0
298,3,1922.5,1593.0,252,True,-1593.0,-1593.0,-3186.0
299,0,1758.1666666666665,1404.0,249,True,-1404.0,-1404.0,-2808.0
299,1,2177.5,1712.0,252,True,-1712.0,-1712.0,-3424.0
299,2,1800.1666666666665,1086.0,245,True,-1086.0,-1086.0,-2172.0
299,3,1848.1666666666665,1664.0,251,True,-1664.0,-1664.0,-3328.0
300,0,2324.3333333333335,1643.0,252,True,-1643.0,-1643.0,-3286.0
300,1,1846.1666666666665,1253.0,247,True,-1253.0,-1253.0,-2506.0
300,2,1664.1666666666665,2339.0,259,True,-2339.0,-2339.0,-4678.0
300,3,2263.1666666666665,1792.0,254,True,-1792.0,-1792.0,-3584.0
301,0,2287.5,1994.0,257,True,-1994.0,-1994.0,-3988.0
301,1,2235.3333333333335,1706.0,253,True,-1706.0,-1706.0,-3412.0
301,2,2463.5,1806.0,254,True,-1806.0,-1806.0,-3612.0
301,3,2287.5,1852.0,255,True,-1852.0,-1852.0,-3704.0
302,0,2116.1666666666665,1661.0,253,True,-1661.0,-1661.0,-3322.0
302,1,2086.1666666666665,1339.0,247,True,-1339.0,-1339.0,-2678.0
302,2,1894.1666666666665,1677.0,252,True,-1677.0,-1677.0,-3354.0
302,3,2147.1666666666665,1607.0,252,True,-1607.0,-1607.0,-3214.0
303,0,1914.1666666666665,1618.0,252,True,-1618.0,-1618.0,-3236.0
303,1,1919.1666666666667,1624.0,251,True,-1624.0,-1624.0,-3248.0
303,2,2434.5,1790.0,255,True,-1790.0,-1790.0,-3580.0
303,3,1846.1666666666665,1385.0,248,True,-1385.0,-1385.0,-2770.0
304,0,2329.1666666666665,1584.0,251,True,-1584.0,-1584.0,-3168.0
304,1,1962.1666666666665,1754.0,254,True,-1754.0,-1754.0,-3508.0
304,2,2106.3333333333335,1962.0,255,True,-1962.0,-1962.0,-3924.0
304,3,2241.6666666666665,1876.0,254,True,-1876.0,-1876.0,-3752.0
305,0,2282.3333333333335,1747.0,254,True,-1747.0,-1747.0,-3494.0
305,1,1954.5,1520.0,251,True,-1520.0,-1520.0,-3040.0
305,2,2188.1666666666665,1838.0,254,True,-1838.0,-1838.0,-3676.0
305,3,2451.5,1641.0,253,True,-1641.0,-1641.0,-3282.0
306,0,2223.3333333333335,2000.0,257,True,-2000.0,-2000.0,-4000.0
306,1,2127.1666666666665,1732.0,252,True,-1732.0,-1732.0,-3464.0
306,2,2323.5,1880.0,255,True,-1880.0,-1880.0,-3760.0
306,3,2055.5,1651.0,252,True,-1651.0,-1651.0,-3302.0
307,0,2001.1666666666665,1444.0,248,True,-1444.0,-1444.0,-2888.0
307,1,2088.5,1294.0,246,True,-1294.0,-1294.0,-2588.0
307,2,2197.1666666666665,1389.0,249,True,-1389.0,-1389.0,-2778.0
307,3,2331.1666666666665,1422.0,249,True,-1422.0,-1422.0,-2844.0
308,0,2020.5,1180.0,246,True,-1180.0,-1180.0,-2360.0
308,1,2166.333333333333,1663.0,253,True,-1663.0,-1663.0,-3326.0
308,2,1816.1666666666665,1667.0,252,True,-1667.0,-1667.0,-3334.0
308,3,2206.1666666666665,2274.0,261,True,-2274.0,-2274.0,-4548.0
309,0,1918.1666666666665,1840.0,256,True,-1840.0,-1840.0,-3680.0
309,1,2225.3333333333335,1569.0,249,True,-1569.0,-1569.0,-3138.0
309,2,2045.1666666666665,1103.0,245,True,-1103.0,-1103.0,-2206.0
309,3,2218.1666666666665,1591.0,252,True,-1591.0,-1591.0,-3182.0
310,0,2236.3333333333335,1911.0,254,True,-1911.0,-1911.0,-3822.0
310,1,2148.6666666666665,1785.0,255,True,-1785.0,-1785.0,-3570.0
310,2,1780.1666666666665,1531.0,249,True,-1531.0,-1531.0,-3062.0
310,3,2447.5,1573.0,251,True,-1573.0,-1573.0,-3146.0
311,0,2161.1666666666665,1702.0,251,True,-1702.0,-1702.0,-3404.0
311,1,1951.5,1532.0,251,True,-1532.0,-1532.0,-3064.0
311,2,2463.333333333333,2007.0,258,True,-2007.0,-2007.0,-4014.0
311,3,2489.5,1404.0,250,True,-1404.0,-1404.0,-2808.0
312,0,2228.3333333333335,1785.0,253,True,-1785.0,-1785.0,-3570.0
312,1,2260.5,1556.0,249,True,-1556.0,-1556.0,-3112.0
312,2,2407.5,1647.0,250,True,-1647.0,-1647.0,-3294.0
312,3,2549.8333333333335,2157.0,258,True,-2157.0,-2157.0,-4314.0
313,0,2317.5,2071.0,257,True,-2071.0,-2071.0,-4142.0
313,1,2187.3333333333335,1684.0,250,True,-1684.0,-1684.0,-3368.0
313,2,1921.3333333333335,2109.0,255,True,-2109.0,-2109.0,-4218.0
313,3,2052.1666666666665,1755.0,252,True,-1755.0,-1755.0,-3510.0
314,0,2305.5,1569.0,251,True,-1569.0,-1569.0,-3138.0
314,1,2268.1666666666665,1740.0,250,True,-1740.0,-1740.0,-3480.0
314,2,2129.3333333333335,1732.0,254,True,-1732.0,-1732.0,-3464.0
314,3,2271.1666666666665,1389.0,249,True,-1389.0,-1389.0,-2778.0
315,0,1893.1666666666665,1654.0,253,True,-1654.0,-1654.0,-3308.0
315,1,2260.1666666666665,2024.0,255,True,-2024.0,-2024.0,-4048.0
315,2,2522.6666666666665,2168.0,258,True,-2168.0,-2168.0,-4336.0
315,3,2051.1666666666665,1791.0,250,True,-1791.0,-1791.0,-3582.0
316,0,2297.5,2106.0,257,True,-2106.0,-2106.0,-4212.0
316,1,2326.5,2023.0,258,True,-2023.0,-2023.0,-4046.0
316,2,2389.3333333333335,1815.0,254,True,-1815.0,-1815.0,-3630.0
316,3,1779.1666666666665,1491.0,250,True,-1491.0,-1491.0,-2982.0
317,0,2084.5,1790.0,254,True,-1790.0,-1790.0,-3580.0
317,1,1924.5,1830.0,254,True,-1830.0,-1830.0,-3660.0
317,2,2400.333333333333,2002.0,256,True,-2002.0,-2002.0,-4004.0
317,3,2426.333333333333,1512.0,249,True,-1512.0,-1512.0,-3024.0
318,0,2178.1666666666665,2086.0,257,True,-2086.0,-2086.0,-4172.0
318,1,1752.1666666666665,2087.0,255,True,-2087.0,-2087.0,-4174.0
318,2,1845.3333333333335,1735.0,253,True,-1735.0,-1735.0,-3470.0
318,3,1905.1666666666665,2201.0,261,True,-2201.0,-2201.0,-4402.0
319,0,2199.166666666667,1799.0,253,True,-1799.0,-1799.0,-3598.0
319,1,2220.3333333333335,1488.0,248,True,-1488.0,-1488.0,-2976.0
319,2,2503.6666666666665,2249.0,256,True,-2249.0,-2249.0,-4498.0
319,3,2028.5,1706.0,252,True,-1706.0,-1706.0,-3412.0
320,0,1856.1666666666665,1819.0,253,True,-1819.0,-1819.0,-3638.0
320,1,1734.5,1668.0,250,True,-1668.0,-1668.0,-3336.0
320,2,2117.333333333333,1975.0,253,True,-1975.0,-1975.0,-3950.0
320,3,2457.8333333333335,1579.0,250,True,-1579.0,-1579.0,-3158.0
321,0,2368.5,2634.0,262,True,-2634.0,-2634.0,-5268.0
321,1,1784.1666666666665,1879.0,251,True,-1879.0,-1879.0,-3758.0
321,2,2320.5,1668.0,251,True,-1668.0,-1668.0,-3336.0
321,3,2140.1666666666665,1913.0,252,True,-1913.0,-1913.0,-3826.0
322,0,1929.1666666666665,1745.0,252,True,-1745.0,-1745.0,-3490.0
322,1,1851.1666666666665,1678.0,250,True,-1678.0,-1678.0,-3356.0
322,2,1996.1666666666665,2164.0,256,True,-2164.0,-2164.0,-4328.0
322,3,1978.5,2056.0,256,True,-2056.0,-2056.0,-4112.0
323,0,1946.1666666666665,1872.0,250,True,-1872.0,-1872.0,-3744.0
323,1,2198.3333333333335,1905.0,254,True,-1905.0,-1905.0,-3810.0
323,2,1827.1666666666665,2862.0,266,True,-2862.0,-2862.0,-5724.0
323,3,2377.666666666667,2562.0,264,True,-2562.0,-2562.0,-5124.0
324,0,2172.6666666666665,2392.0,258,True,-2392.0,-2392.0,-4784.0
324,1,2364.5,1534.0,249,True,-1534.0,-1534.0,-3068.0
324,2,2207.5,1751.0,253,True,-1751.0,-1751.0,-3502.0
324,3,1947.1666666666665,2721.0,266,True,-2721.0,-2721.0,-5442.0
325,0,2521.1666666666665,1840.0,251,True,-1840.0,-1840.0,-3680.0
325,1,2337.333333333333,1830.0,253,True,-1830.0,-1830.0,-3660.0
325,2,2333.5,1619.0,251,True,-1619.0,-1619.0,-3238.0
325,3,2139.333333333333,1597.0,248,True,-1597.0,-1597.0,-3194.0
326,0,1976.5,1596.0,250,True,-1596.0,-1596.0,-3192.0
326,1,2471.5,2393.0,259,True,-2393.0,-2393.0,-4786.0
326,2,2052.1666666666665,1471.0,249,True,-1471.0,-1471.0,-2942.0
326,3,2218.6666666666665,1909.0,251,True,-1909.0,-1909.0,-3818.0
327,0,2154.1666666666665,2040.0,256,True,-2040.0,-2040.0,-4080.0
327,1,2145.1666666666665,2098.0,256,True,-2098.0,-2098.0,-4196.0
327,2,1753.1666666666665,2123.0,257,True,-2123.0,-2123.0,-4246.0
327,3,2006.1666666666665,1884.0,255,True,-1884.0,-1884.0,-3768.0
328,0,2216.5,2126.0,259,True,-2126.0,-2126.0,-4252.0
328,1,2265.1666666666665,1886.0,254,True,-1886.0,-1886.0,-3772.0
328,2,1992.6666666666665,1754.0,251,True,-1754.0,-1754.0,-3508.0
328,3,1881.1666666666665,1703.0,252,True,-1703.0,-1703.0,-3406.0
329,0,2005.1666666666665,1846.0,253,True,-1846.0,-1846.0,-3692.0
329,1,2030.5,1936.0,255,True,-1936.0,-1936.0,-3872.0
329,2,1892.1666666666665,1664.0,250,True,-1664.0,-1664.0,-3328.0
329,3,2291.8333333333335,2808.0,270,True,-2808.0,-2808.0,-5616.0
330,0,1749.8333333333333,1386.0,247,True,-1386.0,-1386.0,-2772.0
330,1,2010.5,2061.0,258,True,-2061.0,-2061.0,-4122.0
330,2,1983.1666666666665,1589.0,250,True,-1589.0,-1589.0,-3178.0
330,3,2201.333333333333,1564.0,249,True,-1564.0,-1564.0,-3128.0
331,0,2416.333333333333,2115.0,258,True,-2115.0,-2115.0,-4230.0
331,1,1667.1666666666665,1687.0,252,True,-1687.0,-1687.0,-3374.0
331,2,1894.3333333333333,1813.0,252,True,-1813.0,-1813.0,-3626.0
331,3,2084.1666666666665,1835.0,252,True,-1835.0,-1835.0,-3670.0
332,0,2340.666666666667,2084.0,257,True,-2084.0,-2084.0,-4168.0
332,1,2060.6666666666665,1512.0,249,True,-1512.0,-1512.0,-3024.0
332,2,2327.8333333333335,2274.0,260,True,-2274.0,-2274.0,-4548.0
332,3,1837.1666666666665,1714.0,246,True,-1714.0,-1714.0,-3428.0
333,0,2213.833333333333,2518.0,260,True,-2518.0,-2518.0,-5036.0
333,1,2304.833333333333,2044.0,254,True,-2044.0,-2044.0,-4088.0
333,2,2387.5,2240.0,259,True,-2240.0,-2240.0,-4480.0
333,3,1793.1666666666665,1944.0,253,True,-1944.0,-1944.0,-3888.0
334,0,2095.1666666666665,2058.0,254,True,-2058.0,-2058.0,-4116.0
334,1,1830.1666666666665,1712.0,251,True,-1712.0,-1712.0,-3424.0
334,2,2326.1666666666665,2143.0,254,True,-2143.0,-2143.0,-4286.0
334,3,2214.5,2006.0,256,True,-2006.0,-2006.0,-4012.0
335,0,2004.1666666666665,2084.0,253,True,-2084.0,-2084.0,-4168.0
335,1,2053.1666666666665,2130.0,256,True,-2130.0,-2130.0,-4260.0
335,2,2350.833333333333,2262.0,260,True,-2262.0,-2262.0,-4524.0
335,3,1761.1666666666665,2325.0,258,True,-2325.0,-2325.0,-4650.0
336,0,1813.1666666666665,1688.0,252,True,-1688.0,-1688.0,-3376.0
336,1,2115.5,2114.0,257,True,-2114.0,-2114.0,-4228.0
336,2,2167.5,2467.0,261,True,-2467.0,-2467.0,-4934.0
336,3,2166.1666666666665,1591.0,249,True,-1591.0,-1591.0,-3182.0
337,0,1863.0,2189.0,256,True,-2189.0,-2189.0,-4378.0
337,1,2380.666666666667,1866.0,252,True,-1866.0,-1866.0,-3732.0
337,2,2121.666666666667,1569.0,249,True,-1569.0,-1569.0,-3138.0
337,3,1998.1666666666667,2123.0,256,True,-2123.0,-2123.0,-4246.0
338,0,1951.1666666666665,1741.0,252,True,-1741.0,-1741.0,-3482.0
338,1,1807.1666666666667,1842.0,250,True,-1842.0,-1842.0,-3684.0
338,2,1775.1666666666665,1923.0,256,True,-1923.0,-1923.0,-3846.0
338,3,1797.1666666666665,1923.0,255,True,-1923.0,-1923.0,-3846.0
339,0,2122.1666666666665,1412.0,248,True,-1412.0,-1412.0,-2824.0
339,1,2127.5,2300.0,261,True,-2300.0,-2300.0,-4600.0
339,2,1980.5,1218.0,245,True,-1218.0,-1218.0,-2436.0
339,3,2186.5,1733.0,253,True,-1733.0,-1733.0,-3466.0
340,0,2022.1666666666665,1877.0,255,True,-1877.0,-1877.0,-3754.0
340,1,2137.1666666666665,2036.0,255,True,-2036.0,-2036.0,-4072.0
340,2,2274.1666666666665,1686.0,251,True,-1686.0,-1686.0,-3372.0
340,3,1886.1666666666665,1754.0,253,True,-1754.0,-1754.0,-3508.0
341,0,1766.1666666666665,1689.0,250,True,-1689.0,-1689.0,-3378.0
341,1,2004.5,2033.0,256,True,-2033.0,-2033.0,-4066.0
341,2,2124.1666666666665,1681.0,251,True,-1681.0,-1681.0,-3362.0
341,3,1885.5,2034.0,254,True,-2034.0,-2034.0,-4068.0
342,0,2045.1666666666665,1434.0,249,True,-1434.0,-1434.0,-2868.0
342,1,2288.166666666667,2163.0,257,True,-2163.0,-2163.0,-4326.0
342,2,1821.1666666666665,1522.0,248,True,-1522.0,-1522.0,-3044.0
342,3,1899.1666666666665,1662.0,250,True,-1662.0,-1662.0,-3324.0
343,0,2206.0,2285.0,258,True,-2285.0,-2285.0,-4570.0
343,1,1842.0,2231.0,259,True,-2231.0,-2231.0,-4462.0
343,2,2077.666666666667,1886.0,255,True,-1886.0,-1886.0,-3772.0
343,3,1923.1666666666667,1685.0,250,True,-1685.0,-1685.0,-3370.0
344,0,2081.1666666666665,2170.0,258,True,-2170.0,-2170.0,-4340.0
344,1,1924.1666666666665,2333.0,261,True,-2333.0,-2333.0,-4666.0
344,2,2084.1666666666665,1967.0,255,True,-1967.0,-1967.0,-3934.0
344,3,2080.1666666666665,2064.0,256,True,-2064.0,-2064.0,-4128.0
345,0,2348.6666666666665,2515.0,260,True,-2515.0,-2515.0,-5030.0
345,1,2522.5,2092.0,256,True,-2092.0,-2092.0,-4184.0
345,2,2139.5,1539.0,249,True,-1539.0,-1539.0,-3078.0
345,3,1911.1666666666665,1646.0,251,True,-1646.0,-1646.0,-3292.0
346,0,2152.5,1388.0,246,True,-1388.0,-1388.0,-2776.0
346,1,2340.333333333333,1846.0,255,True,-1846.0,-1846.0,-3692.0
346,2,2318.1666666666665,1669.0,252,True,-1669.0,-1669.0,-3338.0
346,3,1897.3333333333335,1866.0,254,True,-1866.0,-1866.0,-3732.0
347,0,2203.3333333333335,2308.0,260,True,-2308.0,-2308.0,-4616.0
347,1,2394.1666666666665,1385.0,249,True,-1385.0,-1385.0,-2770.0
347,2,1816.1666666666665,1570.0,250,True,-1570.0,-1570.0,-3140.0
347,3,2310.6666666666665,2086.0,258,True,-2086.0,-2086.0,-4172.0
348,0,2016.1666666666665,1610.0,249,True,-1610.0,-1610.0,-3220.0
348,1,2164.333333333333,1807.0,254,True,-1807.0,-1807.0,-3614.0
348,2,2088.5,1793.0,253,True,-1793.0,-1793.0,-3586.0
348,3,1946.1666666666667,1468.0,247,True,-1468.0,-1468.0,-2936.0
349,0,1765.1666666666665,1656.0,251,True,-1656.0,-1656.0,-3312.0
349,1,2273.333333333333,2017.0,257,True,-2017.0,-2017.0,-4034.0
349,2,2018.5,2164.0,259,True,-2164.0,-2164.0,-4328.0
349,3,2349.5,1563.0,250,True,-1563.0,-1563.0,-3126.0
350,0,2259.3333333333335,1933.0,256,True,-1933.0,-1933.0,-3866.0
350,1,2195.5,1877.0,255,True,-1877.0,-1877.0,-3754.0
350,2,2108.5,1864.0,253,True,-1864.0,-1864.0,-3728.0
350,3,1986.5,1349.0,248,True,-1349.0,-1349.0,-2698.0
351,0,2441.5,2003.0,255,True,-2003.0,-2003.0,-4006.0
351,1,2359.5,2420.0,259,True,-2420.0,-2420.0,-4840.0
351,2,2334.1666666666665,1737.0,252,True,-1737.0,-1737.0,-3474.0
351,3,1743.1666666666665,1967.0,257,True,-1967.0,-1967.0,-3934.0
352,0,2042.1666666666665,1603.0,251,True,-1603.0,-1603.0,-3206.0
352,1,1927.1666666666665,1394.0,249,True,-1394.0,-1394.0,-2788.0
352,2,2324.333333333333,1650.0,252,True,-1650.0,-1650.0,-3300.0
352,3,1864.1666666666665,2045.0,258,True,-2045.0,-2045.0,-4090.0
353,0,1935.3333333333335,1877.0,256,True,-1877.0,-1877.0,-3754.0
353,1,1925.6666666666665,1844.0,255,True,-1844.0,-1844.0,-3688.0
353,2,1947.1666666666665,1315.0,248,True,-1315.0,-1315.0,-2630.0
353,3,2247.1666666666665,1738.0,254,True,-1738.0,-1738.0,-3476.0
354,0,1874.1666666666665,1297.0,245,True,-1297.0,-1297.0,-2594.0
354,1,2319.333333333333,1593.0,252,True,-1593.0,-1593.0,-3186.0
354,2,2105.0,1479.0,249,True,-1479.0,-1479.0,-2958.0
354,3,2087.0,2110.0,258,True,-2110.0,-2110.0,-4220.0
355,0,2393.1666666666665,1965.0,255,True,-1965.0,-1965.0,-3930.0
355,1,1764.1666666666665,1663.0,252,True,-1663.0,-1663.0,-3326.0
355,2,1755.1666666666665,1582.0,251,True,-1582.0,-1582.0,-3164.0
355,3,2260.1666666666665,1544.0,250,True,-1544.0,-1544.0,-3088.0
356,0,1900.1666666666665,1585.0,250,True,-1585.0,-1585.0,-3170.0
356,1,2288.1666666666665,2192.0,261,True,-2192.0,-2192.0,-4384.0
356,2,2272.1666666666665,1404.0,248,True,-1404.0,-1404.0,-2808.0
356,3,2137.333333333333,2093.0,258,True,-2093.0,-2093.0,-4186.0
357,0,1908.1666666666665,1960.0,254,True,-1960.0,-1960.0,-3920.0
357,1,2317.333333333333,1967.0,256,True,-1967.0,-1967.0,-3934.0
357,2,1794.1666666666665,1856.0,256,True,-1856.0,-1856.0,-3712.0
357,3,1864.1666666666665,1780.0,255,True,-1780.0,-1780.0,-3560.0
358,0,2262.1666666666665,1888.0,256,True,-1888.0,-1888.0,-3776.0
358,1,1916.5,1819.0,255,True,-1819.0,-1819.0,-3638.0
358,2,1870.1666666666665,1731.0,251,True,-1731.0,-1731.0,-3462.0
358,3,2416.5,2309.0,262,True,-2309.0,-2309.0,-4618.0
359,0,2055.1666666666665,1583.0,252,True,-1583.0,-1583.0,-3166.0
359,1,2326.5,2153.0,258,True,-2153.0,-2153.0,-4306.0
359,2,1747.1666666666665,1456.0,249,True,-1456.0,-1456.0,-2912.0
359,3,2737.166666666667,2224.0,259,True,-2224.0,-2224.0,-4448.0
360,0,2324.1666666666665,2155.0,259,True,-2155.0,-2155.0,-4310.0
360,1,1965.1666666666665,1936.0,256,True,-1936.0,-1936.0,-3872.0
360,2,2299.1666666666665,2196.0,258,True,-2196.0,-2196.0,-4392.0
360,3,2411.166666666667,1597.0,252,True,-1597.0,-1597.0,-3194.0
361,0,1996.1666666666665,1598.0,251,True,-1598.0,-1598.0,-3196.0
361,1,1984.1666666666665,2175.0,260,True,-2175.0,-2175.0,-4350.0
361,2,1904.1666666666665,1496.0,250,True,-1496.0,-1496.0,-2992.0
361,3,2010.3333333333333,2088.0,257,True,-2088.0,-2088.0,-4176.0
362,0,1791.1666666666665,1432.0,250,True,-1432.0,-1432.0,-2864.0
362,1,2125.333333333333,2114.0,259,True,-2114.0,-2114.0,-4228.0
362,2,2115.1666666666665,1944.0,256,True,-1944.0,-1944.0,-3888.0
362,3,1893.1666666666665,1607.0,252,True,-1607.0,-1607.0,-3214.0
363,0,1718.1666666666665,1659.0,253,True,-1659.0,-1659.0,-3318.0
363,1,1788.5,1907.0,257,True,-1907.0,-1907.0,-3814.0
363,2,2157.333333333333,1661.0,252,True,-1661.0,-1661.0,-3322.0
363,3,1883.1666666666665,1393.0,249,True,-1393.0,-1393.0,-2786.0
364,0,2350.5,1948.0,257,True,-1948.0,-1948.0,-3896.0
364,1,2021.1666666666665,1733.0,253,True,-1733.0,-1733.0,-3466.0
364,2,1770.1666666666665,1555.0,252,True,-1555.0,-1555.0,-3110.0
364,3,1770.1666666666665,1550.0,251,True,-1550.0,-1550.0,-3100.0
365,0,2116.1666666666665,2083.0,258,True,-2083.0,-2083.0,-4166.0
365,1,2057.1666666666665,1461.0,249,True,-1461.0,-1461.0,-2922.0
365,2,2247.5,2017.0,256,True,-2017.0,-2017.0,-4034.0
365,3,1742.1666666666665,2036.0,256,True,-2036.0,-2036.0,-4072.0
366,0,2090.166666666667,1400.0,248,True,-1400.0,-1400.0,-2800.0
366,1,2256.333333333333,2230.0,260,True,-2230.0,-2230.0,-4460.0
366,2,1918.1666666666667,1453.0,251,True,-1453.0,-1453.0,-2906.0
366,3,2325.1666666666665,1739.0,252,True,-1739.0,-1739.0,-3478.0
367,0,2219.1666666666665,1550.0,252,True,-1550.0,-1550.0,-3100.0
367,1,1787.1666666666665,1775.0,254,True,-1775.0,-1775.0,-3550.0
367,2,2022.1666666666665,2054.0,259,True,-2054.0,-2054.0,-4108.0
367,3,2216.6666666666665,2065.0,260,True,-2065.0,-2065.0,-4130.0
368,0,2295.5,2297.0,258,True,-2297.0,-2297.0,-4594.0
368,1,1820.1666666666665,1538.0,248,True,-1538.0,-1538.0,-3076.0
368,2,1870.1666666666667,1534.0,249,True,-1534.0,-1534.0,-3068.0
368,3,1880.1666666666665,1173.0,245,True,-1173.0,-1173.0,-2346.0
369,0,1864.1666666666665,1771.0,253,True,-1771.0,-1771.0,-3542.0
369,1,2058.3333333333335,2026.0,256,True,-2026.0,-2026.0,-4052.0
369,2,1872.1666666666665,1840.0,255,True,-1840.0,-1840.0,-3680.0
369,3,2148.1666666666665,1617.0,252,True,-1617.0,-1617.0,-3234.0
370,0,2063.1666666666665,1983.0,256,True,-1983.0,-1983.0,-3966.0
370,1,1727.1666666666665,1667.0,253,True,-1667.0,-1667.0,-3334.0
370,2,2254.1666666666665,1322.0,248,True,-1322.0,-1322.0,-2644.0
370,3,2341.1666666666665,1743.0,253,True,-1743.0,-1743.0,-3486.0
371,0,2110.1666666666665,1583.0,251,True,-1583.0,-1583.0,-3166.0
371,1,2204.1666666666665,1822.0,255,True,-1822.0,-1822.0,-3644.0
371,2,1784.1666666666665,1516.0,250,True,-1516.0,-1516.0,-3032.0
371,3,1654.1666666666665,1506.0,250,True,-1506.0,-1506.0,-3012.0
372,0,2259.1666666666665,1748.0,254,True,-1748.0,-1748.0,-3496.0
372,1,2142.166666666667,1677.0,253,True,-1677.0,-1677.0,-3354.0
372,2,1971.1666666666665,1428.0,249,True,-1428.0,-1428.0,-2856.0
372,3,2336.1666666666665,1787.0,253,True,-1787.0,-1787.0,-3574.0
373,0,1904.3333333333335,2201.0,260,True,-2201.0,-2201.0,-4402.0
373,1,1760.1666666666665,1466.0,250,True,-1466.0,-1466.0,-2932.0
373,2,2395.6666666666665,1810.0,255,True,-1810.0,-1810.0,-3620.0
373,3,2210.1666666666665,1742.0,253,True,-1742.0,-1742.0,-3484.0
374,0,2165.333333333333,1779.0,253,True,-1779.0,-1779.0,-3558.0
374,1,2146.1666666666665,1725.0,254,True,-1725.0,-1725.0,-3450.0
374,2,1814.1666666666665,1404.0,249,True,-1404.0,-1404.0,-2808.0
374,3,1722.5,1360.0,249,True,-1360.0,-1360.0,-2720.0
375,0,2234.1666666666665,1697.0,253,True,-1697.0,-1697.0,-3394.0
375,1,2145.1666666666665,1976.0,256,True,-1976.0,-1976.0,-3952.0
375,2,1818.3333333333335,1966.0,256,True,-1966.0,-1966.0,-3932.0
375,3,1803.1666666666665,1327.0,247,True,-1327.0,-1327.0,-2654.0
376,0,1720.1666666666665,1274.0,247,True,-1274.0,-1274.0,-2548.0
376,1,1718.1666666666665,1934.0,256,True,-1934.0,-1934.0,-3868.0
376,2,2207.5,1574.0,252,True,-1574.0,-1574.0,-3148.0
376,3,1816.1666666666665,1762.0,253,True,-1762.0,-1762.0,-3524.0
377,0,1936.6666666666665,1796.0,255,True,-1796.0,-1796.0,-3592.0
377,1,2002.5,1498.0,251,True,-1498.0,-1498.0,-2996.0
377,2,2116.5,1807.0,253,True,-1807.0,-1807.0,-3614.0
377,3,2336.1666666666665,1339.0,248,True,-1339.0,-1339.0,-2678.0
378,0,2240.1666666666665,2109.0,259,True,-2109.0,-2109.0,-4218.0
378,1,1753.0,2509.0,263,True,-2509.0,-2509.0,-5018.0
378,2,2096.333333333333,2210.0,260,True,-2210.0,-2210.0,-4420.0
378,3,1920.1666666666665,1865.0,256,True,-1865.0,-1865.0,-3730.0
379,0,1852.1666666666665,1735.0,253,True,-1735.0,-1735.0,-3470.0
379,1,1660.1666666666665,1441.0,250,True,-1441.0,-1441.0,-2882.0
379,2,1812.1666666666665,1550.0,252,True,-1550.0,-1550.0,-3100.0
379,3,1621.1666666666665,1508.0,251,True,-1508.0,-1508.0,-3016.0
380,0,1789.1666666666665,1448.0,250,True,-1448.0,-1448.0,-2896.0
380,1,1810.1666666666665,1514.0,251,True,-1514.0,-1514.0,-3028.0
380,2,2159.1666666666665,1592.0,252,True,-1592.0,-1592.0,-3184.0
380,3,2068.5,1589.0,252,True,-1589.0,-1589.0,-3178.0
381,0,2224.5,2516.0,264,True,-2516.0,-2516.0,-5032.0
381,1,2099.3333333333335,2154.0,260,True,-2154.0,-2154.0,-4308.0
381,2,2191.5,1688.0,252,True,-1688.0,-1688.0,-3376.0
381,3,2127.1666666666665,2130.0,259,True,-2130.0,-2130.0,-4260.0
382,0,1696.1666666666667,2271.0,260,True,-2271.0,-2271.0,-4542.0
382,1,2092.1666666666665,1403.0,248,True,-1403.0,-1403.0,-2806.0
382,2,1830.5,1868.0,255,True,-1868.0,-1868.0,-3736.0
382,3,1782.1666666666665,1880.0,255,True,-1880.0,-1880.0,-3760.0
383,0,1703.1666666666665,1417.0,249,True,-1417.0,-1417.0,-2834.0
383,1,1739.1666666666665,1500.0,251,True,-1500.0,-1500.0,-3000.0
383,2,1740.1666666666665,1757.0,255,True,-1757.0,-1757.0,-3514.0
383,3,2273.5,1657.0,253,True,-1657.0,-1657.0,-3314.0
384,0,2068.8333333333335,1717.0,254,True,-1717.0,-1717.0,-3434.0
384,1,1832.5,1575.0,252,True,-1575.0,-1575.0,-3150.0
384,2,1980.1666666666665,1427.0,250,True,-1427.0,-1427.0,-2854.0
384,3,1901.1666666666665,2009.0,257,True,-2009.0,-2009.0,-4018.0
385,0,2072.5,1464.0,250,True,-1464.0,-1464.0,-2928.0
385,1,2046.5,1807.0,255,True,-1807.0,-1807.0,-3614.0
385,2,2279.3333333333335,2529.0,265,True,-2529.0,-2529.0,-5058.0
385,3,1765.1666666666665,1392.0,249,True,-1392.0,-1392.0,-2784.0
386,0,1727.6666666666665,1784.0,253,True,-1784.0,-1784.0,-3568.0
386,1,1934.1666666666665,1739.0,254,True,-1739.0,-1739.0,-3478.0
386,2,2358.8333333333335,2393.0,263,True,-2393.0,-2393.0,-4786.0
386,3,2479.6666666666665,2020.0,258,True,-2020.0,-2020.0,-4040.0
387,0,2036.5,1605.0,252,True,-1605.0,-1605.0,-3210.0
387,1,2214.1666666666665,1610.0,250,True,-1610.0,-1610.0,-3220.0
387,2,2159.666666666667,2500.0,262,True,-2500.0,-2500.0,-5000.0
387,3,1659.1666666666665,1475.0,249,True,-1475.0,-1475.0,-2950.0
388,0,2201.1666666666665,1786.0,252,True,-1786.0,-1786.0,-3572.0
388,1,1767.1666666666665,1526.0,249,True,-1526.0,-1526.0,-3052.0
388,2,1797.1666666666665,1500.0,250,True,-1500.0,-1500.0,-3000.0
388,3,1729.1666666666665,1843.0,256,True,-1843.0,-1843.0,-3686.0
389,0,1749.1666666666665,2023.0,257,True,-2023.0,-2023.0,-4046.0
389,1,2169.1666666666665,1620.0,251,True,-1620.0,-1620.0,-3240.0
389,2,1753.5,1659.0,251,True,-1659.0,-1659.0,-3318.0
389,3,1626.1666666666665,1763.0,253,True,-1763.0,-1763.0,-3526.0
390,0,1803.1666666666665,1299.0,248,True,-1299.0,-1299.0,-2598.0
390,1,1967.1666666666665,2316.0,261,True,-2316.0,-2316.0,-4632.0
390,2,2109.1666666666665,1843.0,254,True,-1843.0,-1843.0,-3686.0
390,3,2136.1666666666665,1680.0,253,True,-1680.0,-1680.0,-3360.0
391,0,2111.166666666667,1226.0,247,True,-1226.0,-1226.0,-2452.0
391,1,1809.1666666666665,1257.0,246,True,-1257.0,-1257.0,-2514.0
391,2,1910.1666666666665,1747.0,254,True,-1747.0,-1747.0,-3494.0
391,3,2311.6666666666665,2236.0,260,True,-2236.0,-2236.0,-4472.0
392,0,1794.3333333333335,1804.0,254,True,-1804.0,-1804.0,-3608.0
392,1,2095.1666666666665,1266.0,246,True,-1266.0,-1266.0,-2532.0
392,2,2047.1666666666665,1327.0,248,True,-1327.0,-1327.0,-2654.0
392,3,1840.1666666666665,1765.0,253,True,-1765.0,-1765.0,-3530.0
393,0,2182.1666666666665,1551.0,250,True,-1551.0,-1551.0,-3102.0
393,1,2226.5,1636.0,252,True,-1636.0,-1636.0,-3272.0
393,2,1897.1666666666667,1454.0,248,True,-1454.0,-1454.0,-2908.0
393,3,2218.666666666667,1633.0,252,True,-1633.0,-1633.0,-3266.0
394,0,2211.6666666666665,1553.0,250,True,-1553.0,-1553.0,-3106.0
394,1,2164.3333333333335,1662.0,252,True,-1662.0,-1662.0,-3324.0
394,2,1791.1666666666665,1575.0,251,True,-1575.0,-1575.0,-3150.0
394,3,2354.166666666667,1976.0,256,True,-1976.0,-1976.0,-3952.0
395,0,2050.1666666666665,1544.0,250,True,-1544.0,-1544.0,-3088.0
395,1,2420.5,1646.0,253,True,-1646.0,-1646.0,-3292.0
395,2,1635.1666666666665,1463.0,249,True,-1463.0,-1463.0,-2926.0
395,3,1646.1666666666665,1863.0,255,True,-1863.0,-1863.0,-3726.0
396,0,2028.6666666666665,2014.0,258,True,-2014.0,-2014.0,-4028.0
396,1,2239.5,1735.0,253,True,-1735.0,-1735.0,-3470.0
396,2,1657.1666666666665,1575.0,252,True,-1575.0,-1575.0,-3150.0
396,3,2091.1666666666665,1727.0,253,True,-1727.0,-1727.0,-3454.0
397,0,2168.1666666666665,1860.0,256,True,-1860.0,-1860.0,-3720.0
397,1,2202.5,1673.0,251,True,-1673.0,-1673.0,-3346.0
397,2,1748.1666666666665,1770.0,255,True,-1770.0,-1770.0,-3540.0
397,3,1616.1666666666665,1384.0,248,True,-1384.0,-1384.0,-2768.0
398,0,1758.1666666666665,1403.0,249,True,-1403.0,-1403.0,-2806.0
398,1,1856.1666666666665,1614.0,253,True,-1614.0,-1614.0,-3228.0
398,2,2254.3333333333335,1755.0,254,True,-1755.0,-1755.0,-3510.0
398,3,2350.1666666666665,2113.0,258,True,-2113.0,-2113.0,-4226.0
399,0,1795.1666666666665,1689.0,252,True,-1689.0,-1689.0,-3378.0
399,1,2069.333333333333,1736.0,254,True,-1736.0,-1736.0,-3472.0
399,2,1793.1666666666665,1855.0,256,True,-1855.0,-1855.0,-3710.0
399,3,1682.1666666666665,1282.0,248,True,-1282.0,-1282.0,-2564.0
400,0,2228.6666666666665,1527.0,251,True,-1527.0,-1527.0,-3054.0
400,1,1678.1666666666665,1752.0,253,True,-1752.0,-1752.0,-3504.0
400,2,2012.5,1677.0,253,True,-1677.0,-1677.0,-3354.0
400,3,1846.5,1512.0,251,True,-1512.0,-1512.0,-3024.0
401,0,2113.6666666666665,1997.0,258,True,-1997.0,-1997.0,-3994.0
401,1,1934.1666666666665,1744.0,253,True,-1744.0,-1744.0,-3488.0
401,2,2423.5,1780.0,254,True,-1780.0,-1780.0,-3560.0
401,3,2072.5,2289.0,261,True,-2289.0,-2289.0,-4578.0
402,0,1903.1666666666667,1971.0,258,True,-1971.0,-1971.0,-3942.0
402,1,1720.1666666666665,1362.0,249,True,-1362.0,-1362.0,-2724.0
402,2,1764.1666666666665,2692.0,265,True,-2692.0,-2692.0,-5384.0
402,3,2338.5,2063.0,258,True,-2063.0,-2063.0,-4126.0
403,0,1926.1666666666665,1764.0,254,True,-1764.0,-1764.0,-3528.0
403,1,2103.0,1727.0,255,True,-1727.0,-1727.0,-3454.0
403,2,2184.3333333333335,1867.0,255,True,-1867.0,-1867.0,-3734.0
403,3,1822.1666666666665,1831.0,256,True,-1831.0,-1831.0,-3662.0
404,0,2223.666666666667,1513.0,251,True,-1513.0,-1513.0,-3026.0
404,1,1890.1666666666665,1390.0,250,True,-1390.0,-1390.0,-2780.0
404,2,2340.666666666667,1844.0,256,True,-1844.0,-1844.0,-3688.0
404,3,1938.1666666666665,1609.0,252,True,-1609.0,-1609.0,-3218.0
405,0,1810.1666666666665,1683.0,251,True,-1683.0,-1683.0,-3366.0
405,1,1788.1666666666665,1506.0,251,True,-1506.0,-1506.0,-3012.0
405,2,2179.1666666666665,1621.0,252,True,-1621.0,-1621.0,-3242.0
405,3,1916.3333333333335,2169.0,260,True,-2169.0,-2169.0,-4338.0
406,0,1874.3333333333335,1926.0,255,True,-1926.0,-1926.0,-3852.0
406,1,1863.0,1976.0,257,True,-1976.0,-1976.0,-3952.0
406,2,2297.1666666666665,1753.0,254,True,-1753.0,-1753.0,-3506.0
406,3,1784.3333333333335,2355.0,264,True,-2355.0,-2355.0,-4710.0
407,0,2064.1666666666665,1437.0,249,True,-1437.0,-1437.0,-2874.0
407,1,2543.0,2283.0,262,True,-2283.0,-2283.0,-4566.0
407,2,2134.3333333333335,2360.0,261,True,-2360.0,-2360.0,-4720.0
407,3,1993.5,1306.0,248,True,-1306.0,-1306.0,-2612.0
408,0,1962.1666666666665,1726.0,253,True,-1726.0,-1726.0,-3452.0
408,1,2071.1666666666665,1569.0,252,True,-1569.0,-1569.0,-3138.0
408,2,2214.333333333333,1798.0,254,True,-1798.0,-1798.0,-3596.0
408,3,2005.0,1995.0,257,True,-1995.0,-1995.0,-3990.0
409,0,1879.1666666666665,1779.0,254,True,-1779.0,-1779.0,-3558.0
409,1,1912.5,2147.0,259,True,-2147.0,-2147.0,-4294.0
409,2,1681.0,2028.0,258,True,-2028.0,-2028.0,-4056.0
409,3,2325.833333333333,1807.0,254,True,-1807.0,-1807.0,-3614.0
410,0,1876.1666666666665,1529.0,251,True,-1529.0,-1529.0,-3058.0
410,1,1932.1666666666665,1762.0,254,True,-1762.0,-1762.0,-3524.0
410,2,2109.3333333333335,2066.0,259,True,-2066.0,-2066.0,-4132.0
410,3,1871.1666666666665,1546.0,251,True,-1546.0,-1546.0,-3092.0
411,0,2248.1666666666665,1927.0,256,True,-1927.0,-1927.0,-3854.0
411,1,2212.6666666666665,2025.0,258,True,-2025.0,-2025.0,-4050.0
411,2,1862.1666666666665,1823.0,254,True,-1823.0,-1823.0,-3646.0
411,3,2099.666666666667,2624.0,265,True,-2624.0,-2624.0,-5248.0
412,0,1920.1666666666665,2232.0,257,True,-2232.0,-2232.0,-4464.0
412,1,1866.1666666666665,2232.0,258,True,-2232.0,-2232.0,-4464.0
412,2,1917.1666666666665,1773.0,253,True,-1773.0,-1773.0,-3546.0
412,3,2164.6666666666665,2280.0,261,True,-2280.0,-2280.0,-4560.0
413,0,1685.1666666666665,2315.0,260,True,-2315.0,-2315.0,-4630.0
413,1,1833.3333333333333,2384.0,264,True,-2384.0,-2384.0,-4768.0
413,2,1832.1666666666665,1334.0,246,True,-1334.0,-1334.0,-2668.0
413,3,1954.4999999999998,2019.0,255,True,-2019.0,-2019.0,-4038.0
414,0,2179.666666666667,2038.0,253,True,-2038.0,-2038.0,-4076.0
414,1,2164.6666666666665,1836.0,256,True,-1836.0,-1836.0,-3672.0
414,2,1735.5,1837.0,253,True,-1837.0,-1837.0,-3674.0
414,3,2035.3333333333335,2112.0,258,True,-2112.0,-2112.0,-4224.0
415,0,1601.1666666666665,1589.0,252,True,-1589.0,-1589.0,-3178.0
415,1,1909.1666666666665,1967.0,257,True,-1967.0,-1967.0,-3934.0
415,2,1739.1666666666665,1847.0,255,True,-1847.0,-1847.0,-3694.0
415,3,1923.1666666666665,1747.0,253,True,-1747.0,-1747.0,-3494.0
416,0,1884.3333333333335,1498.0,249,True,-1498.0,-1498.0,-2996.0
416,1,2120.666666666667,2206.0,260,True,-2206.0,-2206.0,-4412.0
416,2,1792.1666666666665,1888.0,252,True,-1888.0,-1888.0,-3776.0
416,3,2259.833333333333,2393.0,263,True,-2393.0,-2393.0,-4786.0
417,0,2072.666666666667,2029.0,258,True,-2029.0,-2029.0,-4058.0
417,1,2043.6666666666667,1519.0,249,True,-1519.0,-1519.0,-3038.0
417,2,1986.4999999999998,2801.0,268,True,-2801.0,-2801.0,-5602.0
417,3,1704.5,2540.0,264,True,-2540.0,-2540.0,-5080.0
418,0,1875.1666666666665,2110.0,255,True,-2110.0,-2110.0,-4220.0
418,1,2177.166666666667,2023.0,255,True,-2023.0,-2023.0,-4046.0
418,2,1859.6666666666665,2318.0,261,True,-2318.0,-2318.0,-4636.0
418,3,2046.1666666666665,2032.0,256,True,-2032.0,-2032.0,-4064.0
419,0,2348.6666666666665,2210.0,258,True,-2210.0,-2210.0,-4420.0
419,1,1708.5,1737.0,253,True,-1737.0,-1737.0,-3474.0
419,2,2311.1666666666665,2245.0,257,True,-2245.0,-2245.0,-4490.0
419,3,1747.1666666666665,1861.0,254,True,-1861.0,-1861.0,-3722.0
420,0,1954.1666666666665,1812.0,253,True,-1812.0,-1812.0,-3624.0
420,1,2154.3333333333335,2068.0,255,True,-2068.0,-2068.0,-4136.0
420,2,2276.1666666666665,2088.0,255,True,-2088.0,-2088.0,-4176.0
420,3,1753.1666666666665,2128.0,258,True,-2128.0,-2128.0,-4256.0
421,0,1782.1666666666665,2203.0,258,True,-2203.0,-2203.0,-4406.0
421,1,2199.1666666666665,1643.0,252,True,-1643.0,-1643.0,-3286.0
421,2,1740.1666666666665,1919.0,253,True,-1919.0,-1919.0,-3838.0
421,3,2200.1666666666665,1886.0,253,True,-1886.0,-1886.0,-3772.0
422,0,1727.1666666666665,2606.0,265,True,-2606.0,-2606.0,-5212.0
422,1,1711.1666666666665,2081.0,258,True,-2081.0,-2081.0,-4162.0
422,2,2152.3333333333335,1757.0,250,True,-1757.0,-1757.0,-3514.0
422,3,1886.1666666666665,2192.0,258,True,-2192.0,-2192.0,-4384.0
423,0,1924.1666666666667,2135.0,257,True,-2135.0,-2135.0,-4270.0
423,1,1545.0,1715.0,251,True,-1715.0,-1715.0,-3430.0
423,2,1626.1666666666665,1677.0,252,True,-1677.0,-1677.0,-3354.0
423,3,2178.3333333333335,1904.0,253,True,-1904.0,-1904.0,-3808.0
424,0,1883.1666666666665,1479.0,251,True,-1479.0,-1479.0,-2958.0
424,1,1886.1666666666665,1857.0,252,True,-1857.0,-1857.0,-3714.0
424,2,2195.333333333333,1648.0,251,True,-1648.0,-1648.0,-3296.0
424,3,2349.666666666667,1659.0,250,True,-1659.0,-1659.0,-3318.0
425,0,2281.5,1800.0,252,True,-1800.0,-1800.0,-3600.0
425,1,2338.833333333333,1857.0,254,True,-1857.0,-1857.0,-3714.0
425,2,1955.5,1830.0,256,True,-1830.0,-1830.0,-3660.0
425,3,1862.1666666666665,1683.0,251,True,-1683.0,-1683.0,-3366.0
426,0,1722.1666666666665,1576.0,252,True,-1576.0,-1576.0,-3152.0
426,1,1693.1666666666665,1511.0,250,True,-1511.0,-1511.0,-3022.0
426,2,1943.1666666666665,1315.0,247,True,-1315.0,-1315.0,-2630.0
426,3,1964.5,1600.0,251,True,-1600.0,-1600.0,-3200.0
427,0,1837.1666666666665,2094.0,259,True,-2094.0,-2094.0,-4188.0
427,1,2191.1666666666665,1769.0,253,True,-1769.0,-1769.0,-3538.0
427,2,1816.1666666666665,1576.0,251,True,-1576.0,-1576.0,-3152.0
427,3,1787.1666666666667,1922.0,253,True,-1922.0,-1922.0,-3844.0
428,0,2146.1666666666665,1668.0,250,True,-1668.0,-1668.0,-3336.0
428,1,1797.5,1269.0,247,True,-1269.0,-1269.0,-2538.0
428,2,1933.5,1486.0,251,True,-1486.0,-1486.0,-2972.0
428,3,2346.333333333333,2019.0,256,True,-2019.0,-2019.0,-4038.0
429,0,2007.1666666666665,1701.0,252,True,-1701.0,-1701.0,-3402.0
429,1,2030.3333333333333,2387.0,259,True,-2387.0,-2387.0,-4774.0
429,2,1641.0,2410.0,264,True,-2410.0,-2410.0,-4820.0
429,3,1860.1666666666667,1584.0,252,True,-1584.0,-1584.0,-3168.0
430,0,2177.166666666667,2540.0,263,True,-2540.0,-2540.0,-5080.0
430,1,1810.3333333333335,1948.0,257,True,-1948.0,-1948.0,-3896.0
430,2,2384.333333333333,1945.0,256,True,-1945.0,-1945.0,-3890.0
430,3,1758.1666666666665,1880.0,256,True,-1880.0,-1880.0,-3760.0
431,0,1962.5,2067.0,257,True,-2067.0,-2067.0,-4134.0
431,1,1744.1666666666665,2736.0,267,True,-2736.0,-2736.0,-5472.0
431,2,1594.1666666666665,2142.0,260,True,-2142.0,-2142.0,-4284.0
431,3,2037.3333333333333,2143.0,258,True,-2143.0,-2143.0,-4286.0
432,0,1974.5,1146.0,245,True,-1146.0,-1146.0,-2292.0
432,1,2104.0,1670.0,253,True,-1670.0,-1670.0,-3340.0
432,2,1711.1666666666665,1437.0,249,True,-1437.0,-1437.0,-2874.0
432,3,2097.1666666666665,2133.0,259,True,-2133.0,-2133.0,-4266.0
433,0,1812.1666666666665,1418.0,250,True,-1418.0,-1418.0,-2836.0
433,1,1984.6666666666665,1127.0,245,True,-1127.0,-1127.0,-2254.0
433,2,1705.1666666666665,2007.0,254,True,-2007.0,-2007.0,-4014.0
433,3,2171.6666666666665,1786.0,253,True,-1786.0,-1786.0,-3572.0
434,0,2200.3333333333335,1885.0,254,True,-1885.0,-1885.0,-3770.0
434,1,1798.1666666666665,1804.0,256,True,-1804.0,-1804.0,-3608.0
434,2,1635.8333333333333,2781.0,269,True,-2781.0,-2781.0,-5562.0
434,3,2188.333333333333,2213.0,261,True,-2213.0,-2213.0,-4426.0
435,0,1822.1666666666667,2665.0,267,True,-2665.0,-2665.0,-5330.0
435,1,1686.1666666666665,2348.0,262,True,-2348.0,-2348.0,-4696.0
435,2,2166.5,2079.0,259,True,-2079.0,-2079.0,-4158.0
435,3,1631.1666666666665,2165.0,260,True,-2165.0,-2165.0,-4330.0
436,0,1760.1666666666665,1932.0,256,True,-1932.0,-1932.0,-3864.0
436,1,1771.1666666666665,1372.0,249,True,-1372.0,-1372.0,-2744.0
436,2,1860.5,2113.0,259,True,-2113.0,-2113.0,-4226.0
436,3,2207.1666666666665,1985.0,257,True,-1985.0,-1985.0,-3970.0
437,0,2189.8333333333335,2181.0,261,True,-2181.0,-2181.0,-4362.0
437,1,2172.666666666667,2135.0,260,True,-2135.0,-2135.0,-4270.0
437,2,2194.1666666666665,1917.0,255,True,-1917.0,-1917.0,-3834.0
437,3,2046.6666666666665,2024.0,257,True,-2024.0,-2024.0,-4048.0
438,0,2098.0,1852.0,257,True,-1852.0,-1852.0,-3704.0
438,1,1677.1666666666665,1389.0,249,True,-1389.0,-1389.0,-2778.0
438,2,1635.1666666666665,2717.0,267,True,-2717.0,-2717.0,-5434.0
438,3,2219.666666666667,2290.0,263,True,-2290.0,-2290.0,-4580.0
439,0,1743.1666666666665,2392.0,262,True,-2392.0,-2392.0,-4784.0
439,1,1866.1666666666665,1661.0,253,True,-1661.0,-1661.0,-3322.0
439,2,2039.3333333333333,2357.0,262,True,-2357.0,-2357.0,-4714.0
439,3,2112.333333333333,1732.0,254,True,-1732.0,-1732.0,-3464.0
440,0,2147.333333333333,2006.0,257,True,-2006.0,-2006.0,-4012.0
440,1,1840.1666666666665,1358.0,249,True,-1358.0,-1358.0,-2716.0
440,2,1670.1666666666665,2143.0,259,True,-2143.0,-2143.0,-4286.0
440,3,1772.5,1674.0,251,True,-1674.0,-1674.0,-3348.0
441,0,1998.3333333333335,1568.0,252,True,-1568.0,-1568.0,-3136.0
441,1,1749.1666666666665,1627.0,252,True,-1627.0,-1627.0,-3254.0
441,2,1683.1666666666665,1553.0,251,True,-1553.0,-1553.0,-3106.0
441,3,1764.5,1787.0,255,True,-1787.0,-1787.0,-3574.0
442,0,1796.1666666666665,1589.0,252,True,-1589.0,-1589.0,-3178.0
442,1,2258.3333333333335,1861.0,256,True,-1861.0,-1861.0,-3722.0
442,2,1702.1666666666665,1892.0,256,True,-1892.0,-1892.0,-3784.0
442,3,1770.1666666666665,1731.0,253,True,-1731.0,-1731.0,-3462.0
443,0,1788.1666666666665,1903.0,256,True,-1903.0,-1903.0,-3806.0
443,1,2109.333333333333,1509.0,251,True,-1509.0,-1509.0,-3018.0
443,2,1756.1666666666665,2066.0,258,True,-2066.0,-2066.0,-4132.0
443,3,2184.1666666666665,1534.0,250,True,-1534.0,-1534.0,-3068.0
444,0,1913.6666666666665,2659.0,267,True,-2659.0,-2659.0,-5318.0
444,1,2229.333333333333,2117.0,260,True,-2117.0,-2117.0,-4234.0
444,2,1985.1666666666665,2366.0,262,True,-2366.0,-2366.0,-4732.0
444,3,1800.1666666666665,1768.0,254,True,-1768.0,-1768.0,-3536.0
445,0,1806.1666666666665,2335.0,262,True,-2335.0,-2335.0,-4670.0
445,1,1798.1666666666665,2384.0,263,True,-2384.0,-2384.0,-4768.0
445,2,1845.1666666666667,2539.0,263,True,-2539.0,-2539.0,-5078.0
445,3,2275.1666666666665,1819.0,254,True,-1819.0,-1819.0,-3638.0
446,0,2350.833333333333,2110.0,260,True,-2110.0,-2110.0,-4220.0
446,1,1925.1666666666665,2362.0,263,True,-2362.0,-2362.0,-4724.0
446,2,2029.6666666666665,1724.0,254,True,-1724.0,-1724.0,-3448.0
446,3,1751.1666666666665,1643.0,253,True,-1643.0,-1643.0,-3286.0
447,0,2343.833333333333,2085.0,258,True,-2085.0,-2085.0,-4170.0
447,1,2044.5,2299.0,262,True,-2299.0,-2299.0,-4598.0
447,2,1798.1666666666665,1787.0,255,True,-1787.0,-1787.0,-3574.0
447,3,1832.1666666666665,1786.0,255,True,-1786.0,-1786.0,-3572.0
448,0,1860.1666666666665,2214.0,260,True,-2214.0,-2214.0,-4428.0
448,1,2280.5,1567.0,250,True,-1567.0,-1567.0,-3134.0
448,2,1776.1666666666665,1189.0,245,True,-1189.0,-1189.0,-2378.0
448,3,2125.6666666666665,1672.0,253,True,-1672.0,-1672.0,-3344.0
449,0,2286.166666666667,1904.0,254,True,-1904.0,-1904.0,-3808.0
449,1,2025.1666666666665,2025.0,256,True,-2025.0,-2025.0,-4050.0
449,2,1729.1666666666665,1771.0,254,True,-1771.0,-1771.0,-3542.0
449,3,1835.1666666666665,2182.0,260,True,-2182.0,-2182.0,-4364.0
450,0,1819.1666666666665,1753.0,255,True,-1753.0,-1753.0,-3506.0
450,1,2270.333333333333,1729.0,254,True,-1729.0,-1729.0,-3458.0
450,2,2153.333333333333,1933.0,257,True,-1933.0,-1933.0,-3866.0
450,3,1929.1666666666665,2618.0,267,True,-2618.0,-2618.0,-5236.0
451,0,1874.1666666666665,1240.0,247,True,-1240.0,-1240.0,-2480.0
451,1,2173.5,2330.0,262,True,-2330.0,-2330.0,-4660.0
451,2,1778.1666666666665,1479.0,251,True,-1479.0,-1479.0,-2958.0
451,3,2100.666666666667,2158.0,260,True,-2158.0,-2158.0,-4316.0
452,0,2155.3333333333335,2669.0,267,True,-2669.0,-2669.0,-5338.0
452,1,2220.6666666666665,1622.0,253,True,-1622.0,-1622.0,-3244.0
452,2,1896.1666666666665,2210.0,261,True,-2210.0,-2210.0,-4420.0
452,3,1731.1666666666665,1784.0,253,True,-1784.0,-1784.0,-3568.0
453,0,2181.333333333333,1560.0,252,True,-1560.0,-1560.0,-3120.0
453,1,2130.5,1657.0,254,True,-1657.0,-1657.0,-3314.0
453,2,2297.666666666667,2114.0,260,True,-2114.0,-2114.0,-4228.0
453,3,1687.1666666666665,1590.0,252,True,-1590.0,-1590.0,-3180.0
454,0,2318.8333333333335,1692.0,253,True,-1692.0,-1692.0,-3384.0
454,1,1995.1666666666665,1787.0,255,True,-1787.0,-1787.0,-3574.0
454,2,1890.0,2201.0,260,True,-2201.0,-2201.0,-4402.0
454,3,2078.666666666667,1792.0,254,True,-1792.0,-1792.0,-3584.0
455,0,2141.3333333333335,2478.0,264,True,-2478.0,-2478.0,-4956.0
455,1,1903.1666666666665,1690.0,254,True,-1690.0,-1690.0,-3380.0
455,2,1870.5,1717.0,254,True,-1717.0,-1717.0,-3434.0
455,3,1977.0,2082.0,259,True,-2082.0,-2082.0,-4164.0
456,0,1915.5,1624.0,252,True,-1624.0,-1624.0,-3248.0
456,1,1795.5,1451.0,251,True,-1451.0,-1451.0,-2902.0
456,2,1798.1666666666665,1577.0,252,True,-1577.0,-1577.0,-3154.0
456,3,1830.1666666666665,1546.0,251,True,-1546.0,-1546.0,-3092.0
457,0,1786.1666666666665,1505.0,250,True,-1505.0,-1505.0,-3010.0
457,1,2068.1666666666665,1821.0,256,True,-1821.0,-1821.0,-3642.0
457,2,2099.333333333333,1900.0,256,True,-1900.0,-1900.0,-3800.0
457,3,2048.6666666666665,2199.0,261,True,-2199.0,-2199.0,-4398.0
458,0,1969.1666666666665,1696.0,252,True,-1696.0,-1696.0,-3392.0
458,1,1974.5,1996.0,258,True,-1996.0,-1996.0,-3992.0
458,2,2141.5,2414.0,263,True,-2414.0,-2414.0,-4828.0
458,3,1877.1666666666665,954.0,243,True,-954.0,-954.0,-1908.0
459,0,2017.5,1461.0,250,True,-1461.0,-1461.0,-2922.0
459,1,2110.1666666666665,1585.0,252,True,-1585.0,-1585.0,-3170.0
459,2,2182.333333333333,2484.0,264,True,-2484.0,-2484.0,-4968.0
459,3,2132.1666666666665,1317.0,249,True,-1317.0,-1317.0,-2634.0
460,0,1897.1666666666665,1889.0,256,True,-1889.0,-1889.0,-3778.0
460,1,2415.666666666667,2102.0,258,True,-2102.0,-2102.0,-4204.0
460,2,2060.5,1446.0,250,True,-1446.0,-1446.0,-2892.0
460,3,2075.1666666666665,1289.0,248,True,-1289.0,-1289.0,-2578.0
461,0,1909.5,2141.0,260,True,-2141.0,-2141.0,-4282.0
461,1,1791.1666666666665,1366.0,249,True,-1366.0,-1366.0,-2732.0
461,2,1911.1666666666665,1536.0,251,True,-1536.0,-1536.0,-3072.0
461,3,2034.6666666666665,2543.0,266,True,-2543.0,-2543.0,-5086.0
462,0,2293.333333333333,1740.0,254,True,-1740.0,-1740.0,-3480.0
462,1,2168.0,1635.0,253,True,-1635.0,-1635.0,-3270.0
462,2,2398.1666666666665,2773.0,269,True,-2773.0,-2773.0,-5546.0
462,3,2202.333333333333,1569.0,252,True,-1569.0,-1569.0,-3138.0
463,0,1801.1666666666665,1408.0,249,True,-1408.0,-1408.0,-2816.0
463,1,2109.666666666667,1423.0,250,True,-1423.0,-1423.0,-2846.0
463,2,2296.666666666667,1622.0,252,True,-1622.0,-1622.0,-3244.0
463,3,2591.333333333333,2055.0,257,True,-2055.0,-2055.0,-4110.0
464,0,2274.5,1285.0,248,True,-1285.0,-1285.0,-2570.0
464,1,1881.1666666666665,1811.0,255,True,-1811.0,-1811.0,-3622.0
464,2,1822.1666666666665,1901.0,256,True,-1901.0,-1901.0,-3802.0
464,3,2150.6666666666665,1894.0,255,True,-1894.0,-1894.0,-3788.0
465,0,1788.1666666666665,1518.0,251,True,-1518.0,-1518.0,-3036.0
465,1,1829.1666666666665,1676.0,253,True,-1676.0,-1676.0,-3352.0
465,2,2268.333333333333,1813.0,255,True,-1813.0,-1813.0,-3626.0
465,3,2323.333333333333,1794.0,255,True,-1794.0,-1794.0,-3588.0
466,0,1768.5,1594.0,252,True,-1594.0,-1594.0,-3188.0
466,1,2344.6666666666665,2105.0,260,True,-2105.0,-2105.0,-4210.0
466,2,2044.5,1679.0,254,True,-1679.0,-1679.0,-3358.0
466,3,1709.1666666666665,1810.0,255,True,-1810.0,-1810.0,-3620.0
467,0,2262.666666666667,1906.0,256,True,-1906.0,-1906.0,-3812.0
467,1,1985.6666666666665,1856.0,256,True,-1856.0,-1856.0,-3712.0
467,2,1775.1666666666665,1907.0,255,True,-1907.0,-1907.0,-3814.0
467,3,1819.1666666666665,1097.0,245,True,-1097.0,-1097.0,-2194.0
468,0,1893.5,1495.0,251,True,-1495.0,-1495.0,-2990.0
468,1,2111.5,1638.0,253,True,-1638.0,-1638.0,-3276.0
468,2,2240.166666666667,1745.0,254,True,-1745.0,-1745.0,-3490.0
468,3,2140.666666666667,2258.0,259,True,-2258.0,-2258.0,-4516.0
469,0,1880.5,1947.0,257,True,-1947.0,-1947.0,-3894.0
469,1,2413.333333333333,1786.0,255,True,-1786.0,-1786.0,-3572.0
469,2,1807.1666666666665,1311.0,248,True,-1311.0,-1311.0,-2622.0
469,3,2260.5,2535.0,264,True,-2535.0,-2535.0,-5070.0
470,0,2085.333333333333,1764.0,254,True,-1764.0,-1764.0,-3528.0
470,1,2217.5,2336.0,262,True,-2336.0,-2336.0,-4672.0
470,2,1906.5,1678.0,253,True,-1678.0,-1678.0,-3356.0
470,3,2031.1666666666665,1677.0,253,True,-1677.0,-1677.0,-3354.0
471,0,2078.5,1846.0,254,True,-1846.0,-1846.0,-3692.0
471,1,2185.666666666667,1903.0,256,True,-1903.0,-1903.0,-3806.0
471,2,2167.666666666667,1787.0,255,True,-1787.0,-1787.0,-3574.0
471,3,1946.1666666666665,1400.0,249,True,-1400.0,-1400.0,-2800.0
472,0,1889.1666666666665,1878.0,254,True,-1878.0,-1878.0,-3756.0
472,1,2107.5,2103.0,259,True,-2103.0,-2103.0,-4206.0
472,2,2382.333333333333,1844.0,254,True,-1844.0,-1844.0,-3688.0
472,3,1858.5,2454.0,263,True,-2454.0,-2454.0,-4908.0
473,0,1849.1666666666665,1731.0,254,True,-1731.0,-1731.0,-3462.0
473,1,1715.1666666666665,1879.0,256,True,-1879.0,-1879.0,-3758.0
473,2,1976.1666666666665,1691.0,253,True,-1691.0,-1691.0,-3382.0
473,3,1968.6666666666665,2889.0,268,True,-2889.0,-2889.0,-5778.0
474,0,2379.5,1750.0,254,True,-1750.0,-1750.0,-3500.0
474,1,1868.1666666666665,1812.0,254,True,-1812.0,-1812.0,-3624.0
474,2,1820.1666666666665,1980.0,258,True,-1980.0,-1980.0,-3960.0
474,3,2202.333333333333,2046.0,257,True,-2046.0,-2046.0,-4092.0
475,0,2339.666666666667,2144.0,259,True,-2144.0,-2144.0,-4288.0
475,1,2123.1666666666665,2020.0,258,True,-2020.0,-2020.0,-4040.0
475,2,1665.1666666666665,1692.0,254,True,-1692.0,-1692.0,-3384.0
475,3,1990.5,1683.0,253,True,-1683.0,-1683.0,-3366.0
476,0,1754.1666666666665,1994.0,258,True,-1994.0,-1994.0,-3988.0
476,1,1831.1666666666665,2325.0,262,True,-2325.0,-2325.0,-4650.0
476,2,2039.8333333333333,2116.0,260,True,-2116.0,-2116.0,-4232.0
476,3,1950.1666666666665,2359.0,263,True,-2359.0,-2359.0,-4718.0
477,0,2045.6666666666665,2227.0,261,True,-2227.0,-2227.0,-4454.0
477,1,1909.1666666666665,1590.0,252,True,-1590.0,-1590.0,-3180.0
477,2,1707.1666666666665,2021.0,258,True,-2021.0,-2021.0,-4042.0
477,3,2066.3333333333335,2180.0,259,True,-2180.0,-2180.0,-4360.0
478,0,1913.1666666666665,1406.0,250,True,-1406.0,-1406.0,-2812.0
478,1,1951.1666666666665,1441.0,250,True,-1441.0,-1441.0,-2882.0
478,2,2144.1666666666665,2136.0,260,True,-2136.0,-2136.0,-4272.0
478,3,2149.333333333333,1388.0,249,True,-1388.0,-1388.0,-2776.0
479,0,1864.0,1674.0,253,True,-1674.0,-1674.0,-3348.0
479,1,1739.1666666666665,1996.0,257,True,-1996.0,-1996.0,-3992.0
479,2,1840.1666666666665,2657.0,268,True,-2657.0,-2657.0,-5314.0
479,3,2394.6666666666665,2113.0,259,True,-2113.0,-2113.0,-4226.0
480,0,1935.1666666666665,1812.0,254,True,-1812.0,-1812.0,-3624.0
480,1,2278.333333333333,1707.0,253,True,-1707.0,-1707.0,-3414.0
480,2,2133.1666666666665,1524.0,251,True,-1524.0,-1524.0,-3048.0
480,3,2373.5,2128.0,258,True,-2128.0,-2128.0,-4256.0
481,0,2143.1666666666665,1382.0,249,True,-1382.0,-1382.0,-2764.0
481,1,1899.1666666666665,1530.0,249,True,-1530.0,-1530.0,-3060.0
481,2,1973.1666666666665,1474.0,249,True,-1474.0,-1474.0,-2948.0
481,3,1801.1666666666665,1929.0,255,True,-1929.0,-1929.0,-3858.0
482,0,1778.1666666666665,2126.0,260,True,-2126.0,-2126.0,-4252.0
482,1,2440.5,2481.0,262,True,-2481.0,-2481.0,-4962.0
482,2,1996.0,1997.0,256,True,-1997.0,-1997.0,-3994.0
482,3,2124.333333333333,1681.0,254,True,-1681.0,-1681.0,-3362.0
483,0,1986.1666666666665,1423.0,250,True,-1423.0,-1423.0,-2846.0
483,1,2208.333333333333,2305.0,262,True,-2305.0,-2305.0,-4610.0
483,2,2387.666666666667,2360.0,262,True,-2360.0,-2360.0,-4720.0
483,3,1772.1666666666665,1667.0,253,True,-1667.0,-1667.0,-3334.0
484,0,2077.3333333333335,1894.0,255,True,-1894.0,-1894.0,-3788.0
484,1,2228.333333333333,1699.0,253,True,-1699.0,-1699.0,-3398.0
484,2,2384.5,1466.0,251,True,-1466.0,-1466.0,-2932.0
484,3,1955.3333333333333,2474.0,262,True,-2474.0,-2474.0,-4948.0
485,0,1979.1666666666667,2257.0,260,True,-2257.0,-2257.0,-4514.0
485,1,1982.3333333333335,1798.0,254,True,-1798.0,-1798.0,-3596.0
485,2,1924.1666666666665,1925.0,255,True,-1925.0,-1925.0,-3850.0
485,3,2002.1666666666665,1584.0,252,True,-1584.0,-1584.0,-3168.0
486,0,2224.0,2206.0,259,True,-2206.0,-2206.0,-4412.0
486,1,1625.1666666666665,1910.0,256,True,-1910.0,-1910.0,-3820.0
486,2,1920.1666666666665,2465.0,262,True,-2465.0,-2465.0,-4930.0
486,3,1796.1666666666665,1395.0,248,True,-1395.0,-1395.0,-2790.0
487,0,1721.1666666666665,2396.0,262,True,-2396.0,-2396.0,-4792.0
487,1,1740.1666666666665,2368.0,262,True,-2368.0,-2368.0,-4736.0
487,2,1832.1666666666665,1772.0,254,True,-1772.0,-1772.0,-3544.0
487,3,2011.1666666666665,2034.0,258,True,-2034.0,-2034.0,-4068.0
488,0,1783.1666666666665,1567.0,251,True,-1567.0,-1567.0,-3134.0
488,1,1918.1666666666665,1692.0,252,True,-1692.0,-1692.0,-3384.0
488,2,1995.3333333333335,2306.0,262,True,-2306.0,-2306.0,-4612.0
488,3,1745.1666666666665,1578.0,251,True,-1578.0,-1578.0,-3156.0
489,0,2118.666666666667,1779.0,254,True,-1779.0,-1779.0,-3558.0
489,1,2094.5,2017.0,258,True,-2017.0,-2017.0,-4034.0
489,2,1723.1666666666665,2047.0,258,True,-2047.0,-2047.0,-4094.0
489,3,1811.1666666666665,2067.0,258,True,-2067.0,-2067.0,-4134.0
490,0,2489.666666666667,1996.0,258,True,-1996.0,-1996.0,-3992.0
490,1,1807.1666666666665,2146.0,259,True,-2146.0,-2146.0,-4292.0
490,2,2166.666666666667,1626.0,253,True,-1626.0,-1626.0,-3252.0
490,3,2425.333333333333,1709.0,251,True,-1709.0,-1709.0,-3418.0
491,0,2148.1666666666665,1839.0,254,True,-1839.0,-1839.0,-3678.0
491,1,1774.1666666666665,2031.0,258,True,-2031.0,-2031.0,-4062.0
491,2,2301.666666666667,2231.0,260,True,-2231.0,-2231.0,-4462.0
491,3,2291.6666666666665,1651.0,252,True,-1651.0,-1651.0,-3302.0
492,0,2307.666666666667,2528.0,264,True,-2528.0,-2528.0,-5056.0
492,1,2343.3333333333335,1738.0,254,True,-1738.0,-1738.0,-3476.0
492,2,2364.1666666666665,2080.0,258,True,-2080.0,-2080.0,-4160.0
492,3,2101.3333333333335,2528.0,265,True,-2528.0,-2528.0,-5056.0
493,0,2405.333333333333,1926.0,257,True,-1926.0,-1926.0,-3852.0
493,1,2399.5,2473.0,263,True,-2473.0,-2473.0,-4946.0
493,2,1612.1666666666665,2025.0,258,True,-2025.0,-2025.0,-4050.0
493,3,2151.1666666666665,1680.0,251,True,-1680.0,-1680.0,-3360.0
494,0,1677.3333333333333,2998.0,270,True,-2998.0,-2998.0,-5996.0
494,1,1715.1666666666665,2038.0,258,True,-2038.0,-2038.0,-4076.0
494,2,1604.1666666666665,1697.0,251,True,-1697.0,-1697.0,-3394.0
494,3,1819.1666666666665,1163.0,246,True,-1163.0,-1163.0,-2326.0
495,0,2262.6666666666665,1842.0,256,True,-1842.0,-1842.0,-3684.0
495,1,2353.5,2049.0,259,True,-2049.0,-2049.0,-4098.0
495,2,1988.1666666666665,1838.0,254,True,-1838.0,-1838.0,-3676.0
495,3,1761.1666666666665,1895.0,255,True,-1895.0,-1895.0,-3790.0
496,0,2213.1666666666665,1605.0,252,True,-1605.0,-1605.0,-3210.0
496,1,2226.3333333333335,1938.0,257,True,-1938.0,-1938.0,-3876.0
496,2,2202.3333333333335,2239.0,260,True,-2239.0,-2239.0,-4478.0
496,3,2470.833333333333,1982.0,258,True,-1982.0,-1982.0,-3964.0
497,0,2448.5,1757.0,255,True,-1757.0,-1757.0,-3514.0
497,1,2279.333333333333,1771.0,255,True,-1771.0,-1771.0,-3542.0
497,2,2346.6666666666665,1987.0,257,True,-1987.0,-1987.0,-3974.0
497,3,1839.1666666666665,1377.0,247,True,-1377.0,-1377.0,-2754.0
498,0,2365.5,1459.0,250,True,-1459.0,-1459.0,-2918.0
498,1,2244.1666666666665,1731.0,252,True,-1731.0,-1731.0,-3462.0
498,2,2144.166666666667,2001.0,256,True,-2001.0,-2001.0,-4002.0
498,3,2165.5,1639.0,253,True,-1639.0,-1639.0,-3278.0
499,0,2067.1666666666665,1903.0,256,True,-1903.0,-1903.0,-3806.0
499,1,2235.3333333333335,1792.0,253,True,-1792.0,-1792.0,-3584.0
499,2,2300.1666666666665,1916.0,257,True,-1916.0,-1916.0,-3832.0
499,3,2385.5,1745.0,253,True,-1745.0,-1745.0,-3490.0
500,0,2097.1666666666665,1617.0,249,True,-1617.0,-1617.0,-3234.0
500,1,2156.1666666666665,2268.0,260,True,-2268.0,-2268.0,-4536.0
500,2,2393.166666666667,1754.0,253,True,-1754.0,-1754.0,-3508.0
500,3,2005.1666666666665,1781.0,255,True,-1781.0,-1781.0,-3562.0
