global_episode,worker_id,makespan,cost,steps,done,upper_reward_sum,lower_reward_sum,total_reward_sum
1,0,1448.333333333333,2761.0,96,True,-3.998353476855267,-3.998353476855267,-7.996706953710534
1,1,1410.6666666666665,3858.0,110,True,-5.052748326346643,-5.052748326346643,-10.105496652693287
1,2,1274.3333333333333,4404.0,121,True,-5.475086406483387,-5.475086406483387,-10.950172812966773
1,3,1328.5,2609.0,95,True,-3.7432945201003918,-3.7432945201003918,-7.4865890402007835
2,0,2362.333333333334,6553.0,151,True,-8.552928378833894,-8.552928378833894,-17.105856757667787
2,1,1322.6666666666665,3567.0,107,True,-4.687666649299494,-4.687666649299494,-9.375333298598989
2,2,1868.9999999999995,4831.0,128,True,-6.416430458720771,-6.416430458720771,-12.832860917441542
2,3,2156.9999999999995,5484.0,136,True,-7.314549824164569,-7.314549824164569,-14.629099648329138
3,0,1761.3333333333335,2971.0,100,True,-4.47920760785806,-4.47920760785806,-8.95841521571612
3,1,1810.8333333333335,3221.0,99,True,-4.770108667649015,-4.770108667649015,-9.54021733529803
3,2,1640.3333333333335,3038.0,97,True,-4.440178676546573,-4.440178676546573,-8.880357353093146
3,3,1436.1666666666667,4199.0,118,True,-5.412925696037433,-5.412925696037433,-10.825851392074865
4,0,2239.833333333333,3008.0,96,True,-4.932810485473894,-4.932810485473894,-9.865620970947788
4,1,1498.6666666666667,3441.0,105,True,-4.716145166922042,-4.716145166922042,-9.432290333844085
4,2,1379.3333333333335,3536.0,106,True,-4.706318705280128,-4.706318705280128,-9.412637410560256
4,3,1342.3333333333335,3185.0,105,True,-4.326210201707721,-4.326210201707721,-8.652420403415443
5,0,1939.0000000000002,2455.0,89,True,-4.1226170391541475,-4.1226170391541475,-8.245234078308295
5,1,903.0,1917.0,86,True,-2.6867147171247328,-2.6867147171247328,-5.3734294342494655
5,2,866.0,1427.0,80,True,-2.1688460549794795,-2.1688460549794795,-4.337692109958959
5,3,1195.6666666666665,3068.0,101,True,-4.082458282083382,-4.082458282083382,-8.164916564166765
6,0,1699.833333333333,2588.0,93,True,-4.046036873482831,-4.046036873482831,-8.092073746965662
6,1,1031.3333333333335,2251.0,92,True,-3.129556616072541,-3.129556616072541,-6.259113232145082
6,2,1463.6666666666665,2336.0,90,True,-3.5905048003921705,-3.5905048003921705,-7.181009600784341
6,3,906.0000000000001,1778.0,82,True,-2.5515685579709997,-2.5515685579709997,-5.103137115941999
7,0,999.0,1774.0,85,True,-2.6286382188534376,-2.6286382188534376,-5.257276437706875
7,1,1122.1666666666665,1955.0,88,True,-2.9153429474548966,-2.9153429474548966,-5.830685894909793
7,2,1121.1666666666665,1822.0,84,True,-2.7826579374073654,-2.7826579374073654,-5.565315874814731
7,3,1047.3333333333335,2198.0,91,True,-3.0909706916001705,-3.0909706916001705,-6.181941383200341
8,0,953.0,2039.0,90,True,-2.8511931679652225,-2.8511931679652225,-5.702386335930445
8,1,914.0,989.0,74,True,-1.7765768841391747,-1.7765768841391747,-3.5531537682783494
8,2,1066.1666666666667,1267.0,78,True,-2.184685060709784,-2.184685060709784,-4.369370121419568
8,3,697.8333333333334,1209.0,78,True,-1.8062613648237609,-1.8062613648237609,-3.6125227296475217
9,0,893.1666666666666,887.0,74,True,-1.6573339220900933,-1.6573339220900933,-3.3146678441801867
9,1,1082.1666666666665,1426.0,80,True,-2.3562081550679377,-2.3562081550679377,-4.712416310135875
9,2,601.8333333333334,937.0,75,True,-1.4530395479315261,-1.4530395479315261,-2.9060790958630522
9,3,878.0000000000001,1194.0,77,True,-1.9483803479978488,-1.9483803479978488,-3.8967606959956975
10,0,896.0,1341.0,81,True,-2.1097531453053797,-2.1097531453053797,-4.219506290610759
10,1,901.1666666666666,1154.0,78,True,-1.9289230213008852,-1.9289230213008852,-3.8578460426017704
10,2,972.0,1030.0,73,True,-1.8677484976195935,-1.8677484976195935,-3.735496995239187
10,3,649.8333333333334,1147.0,77,True,-1.7029903969128264,-1.7029903969128264,-3.4059807938256528
11,0,793.8333333333334,1111.0,76,True,-1.792783479040076,-1.792783479040076,-3.585566958080152
11,1,951.0,1204.0,77,True,-2.021898469971246,-2.021898469971246,-4.043796939942492
11,2,790.8333333333334,879.0,73,True,-1.560238855240391,-1.560238855240391,-3.120477710480782
11,3,999.0000000000001,1463.0,80,True,-2.3204122525501676,-2.3204122525501676,-4.640824505100335
12,0,669.8333333333334,1061.0,75,True,-1.6351841558416886,-1.6351841558416886,-3.2703683116833773
12,1,649.8333333333334,1137.0,77,True,-1.693079594137802,-1.693079594137802,-3.386159188275604
12,2,790.8333333333334,1231.0,77,True,-1.9090991129212629,-1.9090991129212629,-3.8181982258425258
12,3,906.0,1137.0,77,True,-1.9162861000919114,-1.9162861000919114,-3.8325722001838227
13,0,894.0000000000001,903.0,73,True,-1.6739173174798867,-1.6739173174798867,-3.3478346349597734
13,1,697.8333333333334,1111.0,73,True,-1.7091354976285176,-1.7091354976285176,-3.418270995257035
13,2,745.8333333333334,1031.0,74,True,-1.6716730661340993,-1.6716730661340993,-3.3433461322681985
13,3,902.0,1225.0,79,True,-2.0000158319533146,-2.0000158319533146,-4.000031663906629
14,0,745.8333333333334,1346.0,81,True,-1.98386335354738,-1.98386335354738,-3.96772670709476
14,1,685.8333333333334,759.0,71,True,-1.3498192422711999,-1.3498192422711999,-2.6996384845423997
14,2,601.8333333333334,906.0,72,True,-1.4223160593289494,-1.4223160593289494,-2.844632118657899
14,3,969.0,851.0,73,True,-1.687731128527539,-1.687731128527539,-3.375462257055078
15,0,637.8333333333334,1093.0,76,True,-1.6390160642512481,-1.6390160642512481,-3.2780321285024963
15,1,697.8333333333334,550.0,68,True,-1.1531394619496274,-1.1531394619496274,-2.3062789238992547
15,2,877.1666666666666,1273.0,79,True,-2.02594957897079,-2.02594957897079,-4.05189915794158
15,3,715.1666666666666,1343.0,81,True,-1.9541692297639566,-1.9541692297639566,-3.908338459527913
16,0,601.8333333333334,578.0,70,True,-1.0972417283081368,-1.0972417283081368,-2.1944834566162736
16,1,649.8333333333334,700.0,70,True,-1.2599775128692186,-1.2599775128692186,-2.519955025738437
16,2,637.8333333333334,900.0,75,True,-1.4477375706932696,-1.4477375706932696,-2.895475141386539
16,3,742.8333333333334,777.0,72,True,-1.417324676229358,-1.417324676229358,-2.834649352458716
17,0,601.8333333333334,649.0,70,True,-1.1676084280108128,-1.1676084280108128,-2.3352168560216255
17,1,694.8333333333334,907.0,75,True,-1.5043411215989009,-1.5043411215989009,-3.0086822431978018
17,2,601.8333333333334,431.0,68,True,-0.9515529275152729,-0.9515529275152729,-1.9031058550305457
17,3,893.1666666666666,945.0,74,True,-1.7148165781852376,-1.7148165781852376,-3.429633156370475
18,0,646.8333333333334,621.0,69,True,-1.1790681715274123,-1.1790681715274123,-2.3581363430548246
18,1,694.8333333333334,692.0,71,True,-1.2912588619358674,-1.2912588619358674,-2.5825177238717347
18,2,742.8333333333334,606.0,70,True,-1.2478499487764345,-1.2478499487764345,-2.495699897552869
18,3,637.8333333333334,1221.0,79,True,-1.7658743397715655,-1.7658743397715655,-3.531748679543131
19,0,646.8333333333334,802.0,73,True,-1.3584537017553604,-1.3584537017553604,-2.716907403510721
19,1,601.8333333333334,540.0,69,True,-1.0595806777630425,-1.0595806777630425,-2.119161355526085
19,2,637.8333333333334,1252.0,79,True,-1.7965978283741415,-1.7965978283741415,-3.593195656748283
19,3,589.8333333333334,1016.0,76,True,-1.5208788921777778,-1.5208788921777778,-3.0417577843555557
20,0,601.8333333333334,747.0,72,True,-1.2647342952060556,-1.2647342952060556,-2.5294685904121113
20,1,601.8333333333334,823.0,73,True,-1.3400563962962442,-1.3400563962962442,-2.6801127925924884
20,2,649.8333333333334,732.0,72,True,-1.291692081749298,-1.291692081749298,-2.583384163498596
20,3,893.1666666666666,876.0,73,True,-1.6464320390375666,-1.6464320390375666,-3.2928640780751333
21,0,601.8333333333334,861.0,73,True,-1.3777174468413378,-1.3777174468413378,-2.7554348936826756
21,1,601.8333333333334,785.0,72,True,-1.3023953457511495,-1.3023953457511495,-2.604790691502299
21,2,601.8333333333334,692.0,71,True,-1.2102248799434194,-1.2102248799434194,-2.420449759886839
21,3,589.8333333333334,930.0,75,True,-1.4356459883125634,-1.4356459883125634,-2.871291976625127
22,0,601.8333333333334,501.0,69,True,-1.020928546940446,-1.020928546940446,-2.041857093880892
22,1,601.8333333333334,764.0,72,True,-1.281582659923598,-1.281582659923598,-2.563165319847196
22,2,646.8333333333334,954.0,72,True,-1.509097903935737,-1.509097903935737,-3.018195807871474
22,3,646.8333333333334,806.0,72,True,-1.3624180228653706,-1.3624180228653706,-2.7248360457307412
23,0,810.0,732.0,72,True,-1.4312506062918477,-1.4312506062918477,-2.8625012125836955
23,1,893.1666666666666,857.0,71,True,-1.6276015137650193,-1.6276015137650193,-3.2552030275300385
23,2,601.8333333333334,861.0,73,True,-1.377717446841338,-1.377717446841338,-2.755434893682676
23,3,924.1666666666666,830.0,73,True,-1.6278536736032687,-1.6278536736032687,-3.2557073472065374
24,0,601.8333333333334,779.0,71,True,-1.296448864086135,-1.296448864086135,-2.59289772817227
24,1,601.8333333333334,611.0,71,True,-1.1299473774657187,-1.1299473774657187,-2.2598947549314374
24,2,943.1666666666666,1071.0,74,True,-1.8832593501357373,-1.8832593501357373,-3.7665187002714746
24,3,879.1666666666666,869.0,73,True,-1.6272958131391972,-1.6272958131391972,-3.2545916262783945
25,0,601.8333333333334,777.0,71,True,-1.29446670353113,-1.29446670353113,-2.58893340706226
25,1,646.8333333333334,795.0,71,True,-1.3515161398128428,-1.3515161398128428,-2.7030322796256856
25,2,981.5,1280.0,79,True,-2.123796231822399,-2.123796231822399,-4.247592463644798
25,3,601.8333333333334,668.0,69,True,-1.18643895328336,-1.18643895328336,-2.37287790656672
26,0,601.8333333333334,853.0,72,True,-1.369788804621318,-1.369788804621318,-2.739577609242636
26,1,810.0,970.0,73,True,-1.667127712337438,-1.667127712337438,-3.334255424674876
26,2,601.8333333333334,683.0,71,True,-1.2013051574458968,-1.2013051574458968,-2.4026103148917937
26,3,601.8333333333334,576.0,70,True,-1.0952595677531318,-1.0952595677531318,-2.1905191355062636
27,0,929.1666666666666,1049.0,75,True,-1.8492569200748301,-1.8492569200748301,-3.6985138401496602
27,1,601.8333333333334,669.0,72,True,-1.1874300335608623,-1.1874300335608623,-2.3748600671217246
27,2,601.8333333333334,657.0,69,True,-1.1755370702308325,-1.1755370702308325,-2.351074140461665
27,3,601.8333333333334,717.0,71,True,-1.2350018868809811,-1.2350018868809811,-2.4700037737619622
28,0,1137.3333333333335,995.0,74,True,-1.9771211003380262,-1.9771211003380262,-3.9542422006760525
28,1,649.8333333333334,823.0,71,True,-1.3818803870020235,-1.3818803870020235,-2.763760774004047
28,2,601.8333333333334,796.0,72,True,-1.3132972288036766,-1.3132972288036766,-2.626594457607353
28,3,601.8333333333334,879.0,73,True,-1.3955568918363819,-1.3955568918363819,-2.7911137836727637
29,0,637.8333333333334,822.0,72,True,-1.3704333090480763,-1.3704333090480763,-2.7408666180961525
29,1,601.8333333333334,515.0,68,True,-1.0348036708254806,-1.0348036708254806,-2.0696073416509613
29,2,601.8333333333334,794.0,72,True,-1.3113150682486725,-1.3113150682486725,-2.622630136497345
29,3,601.8333333333334,811.0,73,True,-1.328163432966214,-1.328163432966214,-2.656326865932428
30,0,637.8333333333334,1105.0,76,True,-1.6509090275812774,-1.6509090275812774,-3.301818055162555
30,1,601.8333333333334,745.0,71,True,-1.2627521346510502,-1.2627521346510502,-2.5255042693021004
30,2,601.8333333333334,749.0,70,True,-1.26671645576106,-1.26671645576106,-2.53343291152212
30,3,601.8333333333334,765.0,71,True,-1.2825737402011,-1.2825737402011,-2.5651474804022
31,0,601.8333333333334,692.0,71,True,-1.2102248799434194,-1.2102248799434194,-2.420449759886839
31,1,637.8333333333334,803.0,73,True,-1.3516027837755291,-1.3516027837755291,-2.7032055675510582
31,2,649.8333333333334,662.0,71,True,-1.222316462324125,-1.222316462324125,-2.44463292464825
31,3,810.0,858.0,73,True,-1.5561267212571606,-1.5561267212571606,-3.112253442514321
32,0,601.8333333333334,739.0,72,True,-1.256805652986036,-1.256805652986036,-2.513611305972072
32,1,637.8333333333334,807.0,73,True,-1.3555671048855396,-1.3555671048855396,-2.711134209771079
32,2,646.8333333333334,681.0,71,True,-1.2385329881775606,-1.2385329881775606,-2.4770659763551213
32,3,697.8333333333334,703.0,71,True,-1.3047747444075062,-1.3047747444075062,-2.6095494888150124
33,0,601.8333333333334,672.0,70,True,-1.1904032743933697,-1.1904032743933697,-2.3808065487867394
33,1,649.8333333333334,795.0,73,True,-1.3541301392319545,-1.3541301392319545,-2.708260278463909
33,2,649.8333333333334,606.0,70,True,-1.1668159667839861,-1.1668159667839861,-2.3336319335679723
33,3,637.8333333333334,951.0,75,True,-1.4982826648458962,-1.4982826648458962,-2.9965653296917925
34,0,649.8333333333334,747.0,71,True,-1.3065582859118352,-1.3065582859118352,-2.6131165718236704
34,1,649.8333333333334,657.0,68,True,-1.2173610609366123,-1.2173610609366123,-2.4347221218732247
34,2,601.8333333333334,724.0,71,True,-1.2419394488234985,-1.2419394488234985,-2.483878897646997
34,3,646.8333333333334,809.0,72,True,-1.365391263697878,-1.365391263697878,-2.730782527395756
35,0,601.8333333333334,645.0,70,True,-1.1636441069008026,-1.1636441069008026,-2.327288213801605
35,1,601.8333333333334,886.0,74,True,-1.4024944537789,-1.4024944537789,-2.8049889075578
35,2,601.8333333333334,779.0,72,True,-1.296448864086135,-1.296448864086135,-2.59289772817227
35,3,646.8333333333334,949.0,74,True,-1.5041425025482247,-1.5041425025482247,-3.0082850050964494
36,0,601.8333333333334,810.0,73,True,-1.3271723526887118,-1.3271723526887118,-2.6543447053774236
36,1,810.0000000000001,858.0,73,True,-1.556126721257161,-1.556126721257161,-3.112253442514322
36,2,601.8333333333334,886.0,73,True,-1.4024944537789,-1.4024944537789,-2.8049889075578
36,3,601.8333333333334,787.0,72,True,-1.3043775063061551,-1.3043775063061551,-2.6087550126123102
37,0,601.8333333333334,602.0,70,True,-1.1210276549681961,-1.1210276549681961,-2.2420553099363922
37,1,1041.5,1169.0,77,True,-2.0660663094018483,-2.0660663094018483,-4.132132618803697
37,2,697.8333333333334,928.0,74,True,-1.5277678068455642,-1.5277678068455642,-3.0555356136911285
37,3,601.8333333333334,734.0,72,True,-1.251850251598524,-1.251850251598524,-2.503700503197048
38,0,601.8333333333334,717.0,71,True,-1.235001886880981,-1.235001886880981,-2.470003773761962
38,1,601.8333333333334,662.0,71,True,-1.180492471618345,-1.180492471618345,-2.36098494323669
38,2,601.8333333333334,595.0,69,True,-1.1140900930256785,-1.1140900930256785,-2.228180186051357
38,3,601.8333333333334,619.0,70,True,-1.137876019685738,-1.137876019685738,-2.275752039371476
39,0,601.8333333333334,785.0,73,True,-1.3023953457511501,-1.3023953457511501,-2.6047906915023002
39,1,649.8333333333334,747.0,71,True,-1.3065582859118356,-1.3065582859118356,-2.6131165718236713
39,2,601.8333333333334,839.0,72,True,-1.3559136807362835,-1.3559136807362835,-2.711827361472567
39,3,621.8333333333334,694.0,71,True,-1.229633703292499,-1.229633703292499,-2.459267406584998
40,0,601.8333333333334,835.0,73,True,-1.3519493596262735,-1.3519493596262735,-2.703898719252547
40,1,649.8333333333334,533.0,69,True,-1.0944671065263052,-1.0944671065263052,-2.1889342130526104
40,2,589.8333333333334,683.0,70,True,-1.1908491597694524,-1.1908491597694524,-2.3816983195389048
40,3,601.8333333333334,776.0,72,True,-1.293475623253628,-1.293475623253628,-2.586951246507256
41,0,649.8333333333334,707.0,71,True,-1.2669150748117364,-1.2669150748117364,-2.5338301496234727
41,1,601.8333333333334,735.0,72,True,-1.252841331876026,-1.252841331876026,-2.505682663752052
41,2,601.8333333333334,1034.0,76,True,-1.5491743348492668,-1.5491743348492668,-3.0983486696985336
41,3,733.8333333333334,807.0,72,True,-1.4392150862970987,-1.4392150862970987,-2.8784301725941974
42,0,649.8333333333334,784.0,72,True,-1.343228256179427,-1.343228256179427,-2.686456512358854
42,1,589.8333333333334,767.0,72,True,-1.2740999030796605,-1.2740999030796605,-2.548199806159321
42,2,601.8333333333334,516.0,69,True,-1.0357947511029835,-1.0357947511029835,-2.071589502205967
42,3,685.8333333333334,889.0,73,True,-1.4786596783465222,-1.4786596783465222,-2.9573193566930445
43,0,601.8333333333334,747.0,71,True,-1.2647342952060554,-1.2647342952060554,-2.529468590412111
43,1,601.8333333333334,835.0,72,True,-1.3519493596262742,-1.3519493596262742,-2.7038987192525483
43,2,637.8333333333334,608.0,70,True,-1.1583421296625458,-1.1583421296625458,-2.3166842593250916
43,3,601.8333333333334,890.0,73,True,-1.4064587748889097,-1.4064587748889097,-2.8129175497778194
44,0,649.8333333333334,952.0,74,True,-1.5097297427998433,-1.5097297427998433,-3.0194594855996866
44,1,646.8333333333334,886.0,73,True,-1.4417044450655687,-1.4417044450655687,-2.8834088901311374
44,2,601.8333333333334,779.0,71,True,-1.2964488640861345,-1.2964488640861345,-2.592897728172269
44,3,601.8333333333334,875.0,73,True,-1.391592570726373,-1.391592570726373,-2.783185141452746
45,0,649.8333333333334,809.0,72,True,-1.3680052631169892,-1.3680052631169892,-2.7360105262339784
45,1,601.8333333333334,809.0,72,True,-1.3261812724112096,-1.3261812724112096,-2.6523625448224193
45,2,646.8333333333334,1103.0,77,True,-1.6567688652836061,-1.6567688652836061,-3.3135377305672122
45,3,601.8333333333334,809.0,72,True,-1.3261812724112094,-1.3261812724112094,-2.652362544822419
46,0,601.8333333333334,794.0,72,True,-1.3113150682486718,-1.3113150682486718,-2.6226301364973437
46,1,601.8333333333334,787.0,72,True,-1.304377506306155,-1.304377506306155,-2.60875501261231
46,2,601.8333333333334,743.0,71,True,-1.2607699740960459,-1.2607699740960459,-2.5215399481920917
46,3,601.8333333333334,717.0,71,True,-1.2350018868809811,-1.2350018868809811,-2.4700037737619622
47,0,601.8333333333334,927.0,73,True,-1.4431287451565016,-1.4431287451565016,-2.886257490313003
47,1,601.8333333333334,717.0,71,True,-1.2350018868809811,-1.2350018868809811,-2.4700037737619622
47,2,649.8333333333334,732.0,71,True,-1.2916920817492983,-1.2916920817492983,-2.5833841634985966
47,3,649.8333333333334,824.0,72,True,-1.3828714672795264,-1.3828714672795264,-2.7657429345590527
48,0,601.8333333333334,819.0,73,True,-1.3360920751862342,-1.3360920751862342,-2.6721841503724684
48,1,646.8333333333334,817.0,73,True,-1.3733199059178978,-1.3733199059178978,-2.7466398118357955
48,2,601.8333333333334,739.0,72,True,-1.2568056529860359,-1.2568056529860359,-2.5136113059720717
48,3,649.8333333333334,853.0,73,True,-1.4116127953270978,-1.4116127953270978,-2.8232255906541956
49,0,979.1666666666666,965.0,74,True,-1.8095728337498094,-1.8095728337498094,-3.6191456674996187
49,1,601.8333333333334,742.0,72,True,-1.2597788938185432,-1.2597788938185432,-2.5195577876370865
49,2,649.8333333333334,745.0,72,True,-1.3045761253568307,-1.3045761253568307,-2.6091522507136613
49,3,697.8333333333334,890.0,74,True,-1.4901067563004697,-1.4901067563004697,-2.9802135126009395
50,0,601.8333333333334,618.0,70,True,-1.1368849394082359,-1.1368849394082359,-2.2737698788164717
50,1,685.8333333333334,800.0,73,True,-1.3904535336488018,-1.3904535336488018,-2.7809070672976035
50,2,601.8333333333334,670.0,70,True,-1.1884211138383647,-1.1884211138383647,-2.3768422276767294
50,3,960.1666666666666,853.0,74,True,-1.6820165130151608,-1.6820165130151608,-3.3640330260303215
51,0,646.8333333333334,669.0,70,True,-1.2266400248475309,-1.2266400248475309,-2.4532800496950617
51,1,646.8333333333334,821.0,73,True,-1.3772842270279073,-1.3772842270279073,-2.7545684540558146
51,2,694.8333333333334,685.0,71,True,-1.2843212999933509,-1.2843212999933509,-2.5686425999867017
51,3,646.8333333333334,787.0,72,True,-1.3435874975928237,-1.3435874975928237,-2.6871749951856474
52,0,742.8333333333334,628.0,70,True,-1.2696537148814893,-1.2696537148814893,-2.5393074297629785
52,1,601.8333333333334,1072.0,76,True,-1.5868353853943615,-1.5868353853943615,-3.173670770788723
52,2,697.8333333333334,756.0,70,True,-1.3573019991151376,-1.3573019991151376,-2.714603998230275
52,3,637.8333333333334,734.0,72,True,-1.2832182446278584,-1.2832182446278584,-2.5664364892557168
53,0,601.8333333333334,731.0,72,True,-1.2488770107660163,-1.2488770107660163,-2.4977540215320326
53,1,601.8333333333334,809.0,72,True,-1.3261812724112094,-1.3261812724112094,-2.652362544822419
53,2,637.8333333333334,917.0,74,True,-1.4645859354108113,-1.4645859354108113,-2.9291718708216226
53,3,601.8333333333334,834.0,73,True,-1.3509582793487713,-1.3509582793487713,-2.7019165586975427
54,0,697.8333333333334,976.0,76,True,-1.5753396601656828,-1.5753396601656828,-3.1506793203313657
54,1,646.8333333333334,592.0,70,True,-1.1503268434798402,-1.1503268434798402,-2.3006536869596803
54,2,629.8333333333334,540.0,69,True,-1.083978005674748,-1.083978005674748,-2.167956011349496
54,3,646.8333333333334,681.0,71,True,-1.2385329881775604,-1.2385329881775604,-2.477065976355121
55,0,646.8333333333334,760.0,72,True,-1.316828330100257,-1.316828330100257,-2.633656660200514
55,1,601.8333333333334,1004.0,76,True,-1.519441926524192,-1.519441926524192,-3.038883853048384
55,2,903.0000000000001,975.0,75,True,-1.7531170957173998,-1.7531170957173998,-3.5062341914347996
55,3,601.8333333333334,989.0,76,True,-1.5045757223616558,-1.5045757223616558,-3.0091514447233116
56,0,601.8333333333334,593.0,70,True,-1.1121079324706742,-1.1121079324706742,-2.2242158649413484
56,1,621.8333333333334,647.0,70,True,-1.1830529302498827,-1.1830529302498827,-2.3661058604997653
56,2,601.8333333333334,740.0,72,True,-1.2577967332635387,-1.2577967332635387,-2.5155934665270774
56,3,601.8333333333334,747.0,71,True,-1.264734295206055,-1.264734295206055,-2.52946859041211
57,0,649.8333333333334,755.0,72,True,-1.3144869281318552,-1.3144869281318552,-2.6289738562637104
57,1,601.8333333333334,634.0,71,True,-1.1527422238482756,-1.1527422238482756,-2.3054844476965513
57,2,601.8333333333334,909.0,74,True,-1.425289300161457,-1.425289300161457,-2.850578600322914
57,3,601.8333333333334,625.0,71,True,-1.143822501350753,-1.143822501350753,-2.287645002701506
58,0,649.8333333333334,642.0,70,True,-1.2024948567740752,-1.2024948567740752,-2.4049897135481504
58,1,601.8333333333334,808.0,73,True,-1.3251901921337068,-1.3251901921337068,-2.6503803842674136
58,2,895.1666666666666,1563.0,84,True,-2.3290468559611766,-2.3290468559611766,-4.658093711922353
58,3,649.8333333333334,841.0,73,True,-1.3997198319970685,-1.3997198319970685,-2.799439663994137
59,0,601.8333333333334,595.0,69,True,-1.1140900930256787,-1.1140900930256787,-2.2281801860513575
59,1,601.8333333333334,841.0,73,True,-1.3578958412912887,-1.3578958412912887,-2.7157916825825774
59,2,649.8333333333334,717.0,71,True,-1.276825877586761,-1.276825877586761,-2.553651755173522
59,3,601.8333333333334,794.0,72,True,-1.3113150682486718,-1.3113150682486718,-2.6226301364973437
60,0,601.8333333333334,709.0,72,True,-1.2270732446609613,-1.2270732446609613,-2.4541464893219227
60,1,601.8333333333334,1188.0,79,True,-1.7018006975846485,-1.7018006975846485,-3.403601395169297
60,2,573.8333333333334,706.0,71,True,-1.199702675916749,-1.199702675916749,-2.399405351833498
60,3,649.8333333333334,813.0,72,True,-1.3719695842269988,-1.3719695842269988,-2.7439391684539975
61,0,601.8333333333334,666.0,71,True,-1.1844567927283547,-1.1844567927283547,-2.3689135854567094
61,1,573.8333333333334,738.0,72,True,-1.2314172447968283,-1.2314172447968283,-2.4628344895936567
61,2,601.8333333333334,645.0,71,True,-1.1636441069008023,-1.1636441069008023,-2.3272882138016047
61,3,601.8333333333334,604.0,71,True,-1.1230098155232013,-1.1230098155232013,-2.2460196310464027
62,0,601.8333333333334,794.0,72,True,-1.311315068248672,-1.311315068248672,-2.622630136497344
62,1,601.8333333333334,880.0,74,True,-1.396547972113885,-1.396547972113885,-2.79309594422777
62,2,649.8333333333334,726.0,72,True,-1.2857456000842833,-1.2857456000842833,-2.5714912001685666
62,3,649.8333333333334,797.0,73,True,-1.3561122997869592,-1.3561122997869592,-2.7122245995739185
63,0,646.8333333333334,662.0,71,True,-1.2197024629050135,-1.2197024629050135,-2.439404925810027
63,1,649.8333333333334,923.0,75,True,-1.4809884147522716,-1.4809884147522716,-2.961976829504543
63,2,646.8333333333334,853.0,74,True,-1.4089987959079868,-1.4089987959079868,-2.8179975918159736
63,3,601.8333333333334,743.0,73,True,-1.2607699740960459,-1.2607699740960459,-2.5215399481920917
64,0,601.8333333333334,735.0,72,True,-1.2528413318760263,-1.2528413318760263,-2.5056826637520526
64,1,601.8333333333334,669.0,71,True,-1.1874300335608625,-1.1874300335608625,-2.374860067121725
64,2,601.8333333333334,816.0,73,True,-1.3331188343537264,-1.3331188343537264,-2.6662376687074527
64,3,601.8333333333334,771.0,72,True,-1.288520221866115,-1.288520221866115,-2.57704044373223
65,0,649.8333333333334,732.0,72,True,-1.2916920817492987,-1.2916920817492987,-2.5833841634985975
65,1,649.8333333333334,656.0,71,True,-1.2163699806591102,-1.2163699806591102,-2.4327399613182203
65,2,649.8333333333334,841.0,73,True,-1.399719831997069,-1.399719831997069,-2.799439663994138
65,3,601.8333333333334,806.0,73,True,-1.3232080315787018,-1.3232080315787018,-2.6464160631574036
66,0,601.8333333333334,746.0,72,True,-1.2637432149285535,-1.2637432149285535,-2.527486429857107
66,1,601.8333333333334,825.0,73,True,-1.3420385568512487,-1.3420385568512487,-2.6840771137024975
66,2,646.8333333333334,897.0,73,True,-1.4526063281180959,-1.4526063281180959,-2.9052126562361917
66,3,601.8333333333334,791.0,72,True,-1.308341827416165,-1.308341827416165,-2.61668365483233
67,0,601.8333333333334,709.0,72,True,-1.227073244660961,-1.227073244660961,-2.454146489321922
67,1,601.8333333333334,681.0,71,True,-1.1993229968908914,-1.1993229968908914,-2.398645993781783
67,2,601.8333333333334,736.0,71,True,-1.2538324121535283,-1.2538324121535283,-2.5076648243070565
67,3,601.8333333333334,806.0,73,True,-1.3232080315787018,-1.3232080315787018,-2.6464160631574036
68,0,601.8333333333334,662.0,71,True,-1.1804924716183454,-1.1804924716183454,-2.3609849432366907
68,1,601.8333333333334,778.0,73,True,-1.2954577838086325,-1.2954577838086325,-2.590915567617265
68,2,601.8333333333334,736.0,72,True,-1.2538324121535287,-1.2538324121535287,-2.5076648243070574
68,3,573.8333333333334,790.0,73,True,-1.2829534192269576,-1.2829534192269576,-2.565906838453915
69,0,649.8333333333334,779.0,73,True,-1.3382728547919147,-1.3382728547919147,-2.6765457095838294
69,1,649.8333333333334,736.0,72,True,-1.2956564028593083,-1.2956564028593083,-2.5913128057186166
69,2,601.8333333333334,717.0,71,True,-1.2350018868809816,-1.2350018868809816,-2.470003773761963
69,3,601.8333333333334,779.0,73,True,-1.2964488640861347,-1.2964488640861347,-2.5928977281722694
70,0,646.8333333333334,802.0,73,True,-1.3584537017553606,-1.3584537017553606,-2.7169074035107212
70,1,733.8333333333334,978.0,75,True,-1.6086898137500225,-1.6086898137500225,-3.217379627500045
70,2,601.8333333333334,816.0,72,True,-1.3331188343537264,-1.3331188343537264,-2.6662376687074527
70,3,601.8333333333334,769.0,72,True,-1.2865380613111101,-1.2865380613111101,-2.5730761226222203
71,0,601.8333333333334,890.0,73,True,-1.4064587748889104,-1.4064587748889104,-2.8129175497778207
71,1,649.8333333333334,732.0,72,True,-1.2916920817492983,-1.2916920817492983,-2.5833841634985966
71,2,601.8333333333334,736.0,72,True,-1.2538324121535285,-1.2538324121535285,-2.507664824307057
71,3,649.8333333333334,739.0,72,True,-1.2986296436918159,-1.2986296436918159,-2.5972592873836318
72,0,601.8333333333334,611.0,70,True,-1.129947377465719,-1.129947377465719,-2.259894754931438
72,1,649.8333333333334,739.0,72,True,-1.2986296436918159,-1.2986296436918159,-2.5972592873836318
72,2,649.8333333333334,824.0,72,True,-1.3828714672795264,-1.3828714672795264,-2.7657429345590527
72,3,649.8333333333334,685.0,71,True,-1.245111308706682,-1.245111308706682,-2.490222617413364
73,0,649.8333333333334,638.0,69,True,-1.1985305356640652,-1.1985305356640652,-2.3970610713281304
73,1,649.8333333333334,880.0,74,True,-1.4383719628196654,-1.4383719628196654,-2.876743925639331
73,2,601.8333333333334,743.0,72,True,-1.2607699740960463,-1.2607699740960463,-2.5215399481920926
73,3,649.8333333333334,579.0,70,True,-1.1400567992914188,-1.1400567992914188,-2.2801135985828376
74,0,601.8333333333334,758.0,72,True,-1.2756361782585828,-1.2756361782585828,-2.5512723565171656
74,1,649.8333333333334,806.0,73,True,-1.3650320222844818,-1.3650320222844818,-2.7300640445689637
74,2,745.8333333333334,564.0,69,True,-1.2088385765404417,-1.2088385765404417,-2.4176771530808834
74,3,649.8333333333334,697.0,71,True,-1.2570042720367118,-1.2570042720367118,-2.5140085440734237
75,0,649.8333333333334,926.0,74,True,-1.4839616555847792,-1.4839616555847792,-2.9679233111695584
75,1,601.8333333333334,732.0,72,True,-1.249868091043519,-1.249868091043519,-2.499736182087038
75,2,649.8333333333334,590.0,69,True,-1.150958682343946,-1.150958682343946,-2.301917364687892
75,3,637.8333333333334,829.0,72,True,-1.3773708709905939,-1.3773708709905939,-2.7547417419811877
76,0,601.8333333333334,822.0,74,True,-1.3390653160187416,-1.3390653160187416,-2.678130632037483
76,1,649.8333333333334,779.0,73,True,-1.338272854791915,-1.338272854791915,-2.67654570958383
76,2,649.8333333333334,825.0,73,True,-1.383862547557028,-1.383862547557028,-2.767725095114056
76,3,938.1666666666666,767.0,72,True,-1.5776142800764648,-1.5776142800764648,-3.1552285601529295
77,0,601.8333333333334,880.0,74,True,-1.3965479721138854,-1.3965479721138854,-2.7930959442277707
77,1,601.8333333333334,922.0,75,True,-1.4381733437689899,-1.4381733437689899,-2.8763466875379797
77,2,649.8333333333334,724.0,72,True,-1.2837634395292787,-1.2837634395292787,-2.5675268790585575
77,3,649.8333333333334,692.0,71,True,-1.252048870649199,-1.252048870649199,-2.504097741298398
78,0,649.8333333333334,732.0,72,True,-1.2916920817492987,-1.2916920817492987,-2.5833841634985975
78,1,879.1666666666666,692.0,71,True,-1.4518746040212582,-1.4518746040212582,-2.9037492080425165
78,2,601.8333333333334,621.0,71,True,-1.1398581802407433,-1.1398581802407433,-2.2797163604814865
78,3,601.8333333333334,576.0,70,True,-1.0952595677531318,-1.0952595677531318,-2.1905191355062636
79,0,742.8333333333334,770.0,72,True,-1.410387114286841,-1.410387114286841,-2.820774228573682
79,1,601.8333333333334,742.0,72,True,-1.2597788938185437,-1.2597788938185437,-2.5195577876370874
79,2,601.8333333333334,813.0,73,True,-1.3301455935212194,-1.3301455935212194,-2.660291187042439
79,3,601.8333333333334,802.0,73,True,-1.3192437104686923,-1.3192437104686923,-2.6384874209373845
80,0,601.8333333333334,739.0,72,True,-1.256805652986036,-1.256805652986036,-2.513611305972072
80,1,649.8333333333334,880.0,74,True,-1.4383719628196654,-1.4383719628196654,-2.876743925639331
80,2,915.1666666666666,923.0,75,True,-1.7121821411536655,-1.7121821411536655,-3.424364282307331
80,3,601.8333333333334,739.0,72,True,-1.256805652986036,-1.256805652986036,-2.513611305972072
81,0,649.8333333333334,759.0,72,True,-1.318451249241865,-1.318451249241865,-2.63690249848373
81,1,649.8333333333334,640.0,71,True,-1.2005126962190706,-1.2005126962190706,-2.4010253924381413
81,2,649.8333333333334,662.0,71,True,-1.222316462324125,-1.222316462324125,-2.44463292464825
81,3,1050.5,871.0,73,True,-1.7785663849634439,-1.7785663849634439,-3.5571327699268878
82,0,879.1666666666666,824.0,73,True,-1.5826972006515854,-1.5826972006515854,-3.1653944013031707
82,1,697.8333333333334,688.0,70,True,-1.289908540244969,-1.289908540244969,-2.579817080489938
82,2,601.8333333333334,732.0,72,True,-1.2498680910435185,-1.2498680910435185,-2.499736182087037
82,3,646.8333333333334,805.0,72,True,-1.361426942587868,-1.361426942587868,-2.722853885175736
83,0,649.8333333333334,939.0,75,True,-1.4968456991923114,-1.4968456991923114,-2.9936913983846227
83,1,601.8333333333334,672.0,71,True,-1.1904032743933701,-1.1904032743933701,-2.3808065487867403
83,2,601.8333333333334,1085.0,77,True,-1.5997194290018935,-1.5997194290018935,-3.199438858003787
83,3,649.8333333333334,743.0,72,True,-1.3025939648018257,-1.3025939648018257,-2.6051879296036513
84,0,601.8333333333334,806.0,73,True,-1.323208031578702,-1.323208031578702,-2.646416063157404
84,1,649.8333333333334,705.0,72,True,-1.2649329142567316,-1.2649329142567316,-2.529865828513463
84,2,601.8333333333334,802.0,73,True,-1.319243710468692,-1.319243710468692,-2.638487420937384
84,3,601.8333333333334,732.0,72,True,-1.2498680910435185,-1.2498680910435185,-2.499736182087037
85,0,649.8333333333334,811.0,73,True,-1.3699874236719942,-1.3699874236719942,-2.7399748473439884
85,1,860.1666666666666,877.0,73,True,-1.6186691257048451,-1.6186691257048451,-3.2373382514096902
85,2,637.8333333333334,814.0,73,True,-1.3625046668280565,-1.3625046668280565,-2.725009333656113
85,3,601.8333333333334,802.0,73,True,-1.3192437104686916,-1.3192437104686916,-2.638487420937383
86,0,649.8333333333334,864.0,74,True,-1.4225146783796252,-1.4225146783796252,-2.8450293567592504
86,1,649.8333333333334,769.0,72,True,-1.32836205201689,-1.32836205201689,-2.65672410403378
86,2,810.0000000000001,862.0,73,True,-1.560091042367171,-1.560091042367171,-3.120182084734342
86,3,649.8333333333334,595.0,70,True,-1.1559140837314588,-1.1559140837314588,-2.3118281674629175
87,0,649.8333333333334,623.0,71,True,-1.1836643315015285,-1.1836643315015285,-2.367328663003057
87,1,649.8333333333334,606.0,70,True,-1.1668159667839857,-1.1668159667839857,-2.3336319335679714
87,2,694.8333333333334,806.0,73,True,-1.4042420135711506,-1.4042420135711506,-2.8084840271423013
87,3,601.8333333333334,732.0,72,True,-1.2498680910435185,-1.2498680910435185,-2.499736182087037
88,0,649.8333333333334,821.0,73,True,-1.3798982264470192,-1.3798982264470192,-2.7597964528940384
88,1,649.8333333333334,732.0,72,True,-1.291692081749298,-1.291692081749298,-2.583384163498596
88,2,601.8333333333334,662.0,71,True,-1.1804924716183454,-1.1804924716183454,-2.3609849432366907
88,3,601.8333333333334,872.0,74,True,-1.3886193298938652,-1.3886193298938652,-2.7772386597877303
89,0,649.8333333333334,953.0,75,True,-1.5107208230773461,-1.5107208230773461,-3.0214416461546922
89,1,601.8333333333334,723.0,72,True,-1.2409483685459965,-1.2409483685459965,-2.481896737091993
89,2,601.8333333333334,1029.0,76,True,-1.544218933461754,-1.544218933461754,-3.088437866923508
89,3,601.8333333333334,747.0,72,True,-1.2647342952060556,-1.2647342952060556,-2.5294685904121113
90,0,649.8333333333334,662.0,71,True,-1.2223164623241252,-1.2223164623241252,-2.4446329246482503
90,1,601.8333333333334,607.0,70,True,-1.1259830563557085,-1.1259830563557085,-2.251966112711417
90,2,649.8333333333334,754.0,72,True,-1.3134958478543532,-1.3134958478543532,-2.6269916957087065
90,3,649.8333333333334,751.0,72,True,-1.310522607021846,-1.310522607021846,-2.621045214043692
91,0,601.8333333333334,806.0,73,True,-1.3232080315787016,-1.3232080315787016,-2.646416063157403
91,1,649.8333333333334,736.0,72,True,-1.2956564028593083,-1.2956564028593083,-2.5913128057186166
91,2,601.8333333333334,692.0,71,True,-1.2102248799434192,-1.2102248799434192,-2.4204497598868384
91,3,649.8333333333334,704.0,72,True,-1.263941833979229,-1.263941833979229,-2.527883667958458
92,0,649.8333333333334,732.0,72,True,-1.2916920817492987,-1.2916920817492987,-2.5833841634985975
92,1,649.8333333333334,681.0,71,True,-1.241146987596672,-1.241146987596672,-2.482293975193344
92,2,649.8333333333334,762.0,72,True,-1.321424490074373,-1.321424490074373,-2.642848980148746
92,3,601.8333333333334,876.0,74,True,-1.3925836510038754,-1.3925836510038754,-2.7851673020077508
93,0,601.8333333333334,666.0,71,True,-1.1844567927283547,-1.1844567927283547,-2.3689135854567094
93,1,601.8333333333334,821.0,73,True,-1.338074235741239,-1.338074235741239,-2.676148471482478
93,2,745.8333333333334,716.0,71,True,-1.3594827787208181,-1.3594827787208181,-2.7189655574416363
93,3,601.8333333333334,662.0,71,True,-1.1804924716183445,-1.1804924716183445,-2.360984943236689
94,0,601.8333333333334,806.0,73,True,-1.3232080315787014,-1.3232080315787014,-2.6464160631574027
94,1,685.8333333333334,806.0,72,True,-1.3964000153138165,-1.3964000153138165,-2.792800030627633
94,2,793.8333333333334,555.0,68,True,-1.2417428447486993,-1.2417428447486993,-2.4834856894973987
94,3,685.8333333333334,779.0,70,True,-1.3696408478212496,-1.3696408478212496,-2.7392816956424992
95,0,601.8333333333334,755.0,72,True,-1.2726629374260758,-1.2726629374260758,-2.5453258748521517
95,1,649.8333333333334,759.0,72,True,-1.3184512492418654,-1.3184512492418654,-2.636902498483731
95,2,697.8333333333334,879.0,74,True,-1.4792048732479424,-1.4792048732479424,-2.9584097464958847
95,3,601.8333333333334,755.0,72,True,-1.2726629374260754,-1.2726629374260754,-2.545325874852151
96,0,733.8333333333334,679.0,71,True,-1.3123568107767818,-1.3123568107767818,-2.6247136215535636
96,1,601.8333333333334,681.0,71,True,-1.199322996890892,-1.199322996890892,-2.398645993781784
96,2,745.8333333333334,834.0,73,True,-1.476430251466111,-1.476430251466111,-2.952860502932222
96,3,649.8333333333334,692.0,71,True,-1.2520488706491995,-1.2520488706491995,-2.504097741298399
97,0,601.8333333333334,758.0,72,True,-1.275636178258583,-1.275636178258583,-2.551272356517166
97,1,601.8333333333334,662.0,71,True,-1.1804924716183451,-1.1804924716183451,-2.3609849432366903
97,2,637.8333333333334,1039.0,76,True,-1.585497729266114,-1.585497729266114,-3.170995458532228
97,3,733.8333333333334,794.0,73,True,-1.4263310426895668,-1.4263310426895668,-2.8526620853791336
98,0,601.8333333333334,614.0,70,True,-1.1329206182982263,-1.1329206182982263,-2.2658412365964526
98,1,649.8333333333334,685.0,71,True,-1.245111308706682,-1.245111308706682,-2.490222617413364
98,2,649.8333333333334,592.0,70,True,-1.1529408428989514,-1.1529408428989514,-2.3058816857979028
98,3,601.8333333333334,755.0,72,True,-1.2726629374260756,-1.2726629374260756,-2.5453258748521512
99,0,601.8333333333334,769.0,72,True,-1.2865380613111104,-1.2865380613111104,-2.5730761226222207
99,1,694.8333333333334,832.0,72,True,-1.4300101007862147,-1.4300101007862147,-2.8600202015724294
99,2,649.8333333333334,828.0,72,True,-1.3868357883895357,-1.3868357883895357,-2.7736715767790714
99,3,733.8333333333334,741.0,72,True,-1.3738037879819351,-1.3738037879819351,-2.7476075759638703
100,0,649.8333333333334,824.0,72,True,-1.3828714672795261,-1.3828714672795261,-2.7657429345590523
100,1,601.8333333333334,617.0,70,True,-1.135893859130733,-1.135893859130733,-2.271787718261466
100,2,685.8333333333334,628.0,70,True,-1.2199877259183756,-1.2199877259183756,-2.439975451836751
100,3,649.8333333333334,684.0,71,True,-1.2441202284291797,-1.2441202284291797,-2.4882404568583594
101,0,649.8333333333334,1010.0,76,True,-1.5672123988949878,-1.5672123988949878,-3.1344247977899755
101,1,829.8333333333334,854.0,74,True,-1.5694438407512747,-1.5694438407512747,-3.1388876815025495
101,2,601.8333333333334,802.0,73,True,-1.3192437104686918,-1.3192437104686918,-2.6384874209373836
101,3,649.8333333333334,717.0,71,True,-1.2768258775867611,-1.2768258775867611,-2.5536517551735223
102,0,601.8333333333334,820.0,73,True,-1.3370831554637366,-1.3370831554637366,-2.674166310927473
102,1,601.8333333333334,685.0,71,True,-1.2032873180009023,-1.2032873180009023,-2.4065746360018045
102,2,601.8333333333334,611.0,69,True,-1.1299473774657178,-1.1299473774657178,-2.2598947549314357
102,3,601.8333333333334,685.0,71,True,-1.2032873180009018,-1.2032873180009018,-2.4065746360018037
103,0,601.8333333333334,615.0,70,True,-1.1339116985757285,-1.1339116985757285,-2.267823397151457
103,1,601.8333333333334,669.0,71,True,-1.1874300335608623,-1.1874300335608623,-2.3748600671217246
103,2,601.8333333333334,662.0,71,True,-1.180492471618345,-1.180492471618345,-2.36098494323669
103,3,601.8333333333334,677.0,71,True,-1.195358675780882,-1.195358675780882,-2.390717351561764
104,0,685.8333333333334,807.0,73,True,-1.397391095591319,-1.397391095591319,-2.794782191182638
104,1,654.8333333333334,1284.0,80,True,-1.8431250606291854,-1.8431250606291854,-3.6862501212583707
104,2,697.8333333333334,1050.0,76,True,-1.648679600700866,-1.648679600700866,-3.297359201401732
104,3,601.8333333333334,610.0,70,True,-1.1289562971882163,-1.1289562971882163,-2.2579125943764327
105,0,649.8333333333334,684.0,71,True,-1.2441202284291792,-1.2441202284291792,-2.4882404568583585
105,1,601.8333333333334,662.0,71,True,-1.180492471618345,-1.180492471618345,-2.36098494323669
105,2,601.8333333333334,780.0,72,True,-1.2974399443636377,-1.2974399443636377,-2.5948798887272755
105,3,601.8333333333334,732.0,72,True,-1.2498680910435185,-1.2498680910435185,-2.499736182087037
106,0,601.8333333333334,765.0,72,True,-1.2825737402011002,-1.2825737402011002,-2.5651474804022003
106,1,601.8333333333334,717.0,71,True,-1.2350018868809813,-1.2350018868809813,-2.4700037737619627
106,2,601.8333333333334,742.0,72,True,-1.2597788938185432,-1.2597788938185432,-2.5195577876370865
106,3,685.8333333333334,749.0,72,True,-1.339908439496175,-1.339908439496175,-2.67981687899235
107,0,601.8333333333334,813.0,73,True,-1.3301455935212196,-1.3301455935212196,-2.6602911870424393
107,1,649.8333333333334,732.0,72,True,-1.2916920817492983,-1.2916920817492983,-2.5833841634985966
107,2,601.8333333333334,545.0,69,True,-1.0645360791505554,-1.0645360791505554,-2.1290721583011107
107,3,601.8333333333334,802.0,73,True,-1.3192437104686918,-1.3192437104686918,-2.6384874209373836
108,0,601.8333333333334,615.0,70,True,-1.1339116985757283,-1.1339116985757283,-2.2678233971514565
108,1,601.8333333333334,876.0,74,True,-1.3925836510038752,-1.3925836510038752,-2.7851673020077503
108,2,649.8333333333334,810.0,73,True,-1.3689963433944914,-1.3689963433944914,-2.7379926867889828
108,3,601.8333333333334,755.0,72,True,-1.2726629374260756,-1.2726629374260756,-2.5453258748521512
109,0,1144.1666666666665,1480.0,81,True,-2.463749144714704,-2.463749144714704,-4.927498289429408
109,1,806.0,1704.0,83,True,-2.391095303465442,-2.391095303465442,-4.782190606930884
109,2,783.4999999999999,2192.0,93,True,-2.855137483243317,-2.855137483243317,-5.710274966486634
109,3,818.0,1933.0,89,True,-2.6285086846899546,-2.6285086846899546,-5.257017369379909
110,0,818.0,1425.0,82,True,-2.1250399037186964,-2.1250399037186964,-4.250079807437393
110,1,1034.1666666666665,1256.0,79,True,-2.1459005171867367,-2.1459005171867367,-4.291801034373473
110,2,810.0000000000001,1218.0,78,True,-1.9129156211580525,-1.9129156211580525,-3.825831242316105
110,3,649.8333333333334,750.0,71,True,-1.3095315267443426,-1.3095315267443426,-2.619063053488685
111,0,818.0,918.0,75,True,-1.6225622030249394,-1.6225622030249394,-3.2451244060498787
111,1,601.8333333333334,867.0,74,True,-1.3836639285063521,-1.3836639285063521,-2.7673278570127042
111,2,601.8333333333334,956.0,75,True,-1.4718700732040737,-1.4718700732040737,-2.9437401464081474
111,3,928.0,981.0,75,True,-1.7808469058750074,-1.7808469058750074,-3.5616938117500148
112,0,601.8333333333334,809.0,72,True,-1.3261812724112088,-1.3261812724112088,-2.6523625448224175
112,1,697.8333333333334,1124.0,78,True,-1.7220195412360502,-1.7220195412360502,-3.4440390824721003
112,2,601.8333333333334,615.0,70,True,-1.1339116985757285,-1.1339116985757285,-2.267823397151457
112,3,601.8333333333334,833.0,73,True,-1.3499671990712685,-1.3499671990712685,-2.699934398142537
113,0,601.8333333333334,747.0,72,True,-1.2647342952060556,-1.2647342952060556,-2.5294685904121113
113,1,601.8333333333334,666.0,71,True,-1.1844567927283547,-1.1844567927283547,-2.3689135854567094
113,2,601.8333333333334,735.0,72,True,-1.2528413318760259,-1.2528413318760259,-2.5056826637520517
113,3,643.8333333333333,1198.0,79,True,-1.7483074922272308,-1.7483074922272308,-3.4966149844544616
114,0,601.8333333333334,732.0,72,True,-1.2498680910435187,-1.2498680910435187,-2.4997361820870374
114,1,601.8333333333334,736.0,72,True,-1.2538324121535283,-1.2538324121535283,-2.5076648243070565
114,2,649.8333333333334,736.0,72,True,-1.2956564028593087,-1.2956564028593087,-2.5913128057186174
114,3,601.8333333333334,746.0,72,True,-1.2637432149285535,-1.2637432149285535,-2.527486429857107
115,0,601.8333333333334,736.0,72,True,-1.2538324121535283,-1.2538324121535283,-2.5076648243070565
115,1,601.8333333333334,592.0,70,True,-1.1111168521931716,-1.1111168521931716,-2.222233704386343
115,2,601.8333333333334,592.0,70,True,-1.1111168521931711,-1.1111168521931711,-2.2222337043863423
115,3,601.8333333333334,804.0,73,True,-1.3212258710236973,-1.3212258710236973,-2.6424517420473945
116,0,601.8333333333334,665.0,71,True,-1.1834657124508525,-1.1834657124508525,-2.366931424901705
116,1,601.8333333333334,735.0,72,True,-1.252841331876026,-1.252841331876026,-2.505682663752052
116,2,810.0,862.0,73,True,-1.5600910423671706,-1.5600910423671706,-3.120182084734341
116,3,601.8333333333334,736.0,72,True,-1.2538324121535283,-1.2538324121535283,-2.5076648243070565
117,0,601.8333333333334,816.0,73,True,-1.3331188343537268,-1.3331188343537268,-2.6662376687074536
117,1,601.8333333333334,662.0,71,True,-1.1804924716183447,-1.1804924716183447,-2.3609849432366894
117,2,646.8333333333334,649.0,70,True,-1.2068184192974813,-1.2068184192974813,-2.4136368385949627
117,3,601.8333333333334,506.0,69,True,-1.0258839483279587,-1.0258839483279587,-2.0517678966559174
118,0,601.8333333333334,565.0,69,True,-1.0843576847006047,-1.0843576847006047,-2.1687153694012093
118,1,601.8333333333334,506.0,68,True,-1.0258839483279587,-1.0258839483279587,-2.0517678966559174
118,2,646.8333333333334,732.0,72,True,-1.2890780823301868,-1.2890780823301868,-2.5781561646603737
118,3,1018.1666666666666,998.0,75,True,-1.8762604753558376,-1.8762604753558376,-3.7525209507116752
119,0,810.0,865.0,74,True,-1.5630642831996775,-1.5630642831996775,-3.126128566399355
119,1,601.8333333333334,739.0,72,True,-1.256805652986036,-1.256805652986036,-2.513611305972072
119,2,646.8333333333334,802.0,73,True,-1.3584537017553608,-1.3584537017553608,-2.7169074035107217
119,3,601.8333333333334,556.0,70,True,-1.0754379622030825,-1.0754379622030825,-2.150875924406165
120,0,601.8333333333334,662.0,71,True,-1.1804924716183451,-1.1804924716183451,-2.3609849432366903
120,1,601.8333333333334,750.0,72,True,-1.2677075360385632,-1.2677075360385632,-2.5354150720771265
120,2,601.8333333333334,662.0,71,True,-1.1804924716183447,-1.1804924716183447,-2.3609849432366894
120,3,601.8333333333334,583.0,70,True,-1.1021971296956496,-1.1021971296956496,-2.2043942593912993
121,0,649.8333333333334,665.0,71,True,-1.2252897031566323,-1.2252897031566323,-2.4505794063132647
121,1,601.8333333333334,603.0,70,True,-1.122018735245699,-1.122018735245699,-2.244037470491398
121,2,646.8333333333334,603.0,70,True,-1.1612287265323675,-1.1612287265323675,-2.322457453064735
121,3,646.8333333333334,669.0,71,True,-1.2266400248475309,-1.2266400248475309,-2.4532800496950617
122,0,646.8333333333334,665.0,71,True,-1.2226757037375209,-1.2226757037375209,-2.4453514074750418
122,1,601.8333333333334,812.0,73,True,-1.3291545132437166,-1.3291545132437166,-2.658309026487433
122,2,646.8333333333334,1019.0,76,True,-1.5735181219733985,-1.5735181219733985,-3.147036243946797
122,3,601.8333333333334,647.0,69,True,-1.1656262674558076,-1.1656262674558076,-2.331252534911615
123,0,601.8333333333334,506.0,69,True,-1.0258839483279585,-1.0258839483279585,-2.051767896655917
123,1,818.0,848.0,73,True,-1.553186583599766,-1.553186583599766,-3.106373167199532
123,2,601.8333333333334,952.0,75,True,-1.467905752094063,-1.467905752094063,-2.935811504188126
123,3,601.8333333333334,647.0,70,True,-1.1656262674558082,-1.1656262674558082,-2.3312525349116164
124,0,860.0,718.0,71,True,-1.460942139392001,-1.460942139392001,-2.921884278784002
124,1,601.8333333333334,416.0,68,True,-0.9366867233527357,-0.9366867233527357,-1.8733734467054715
124,2,601.8333333333334,583.0,70,True,-1.102197129695649,-1.102197129695649,-2.204394259391298
124,3,601.8333333333334,583.0,70,True,-1.1021971296956492,-1.1021971296956492,-2.2043942593912984
125,0,601.8333333333334,732.0,72,True,-1.2498680910435183,-1.2498680910435183,-2.4997361820870365
125,1,601.8333333333334,662.0,71,True,-1.180492471618345,-1.180492471618345,-2.36098494323669
125,2,601.8333333333334,732.0,72,True,-1.2498680910435187,-1.2498680910435187,-2.4997361820870374
125,3,601.8333333333334,576.0,70,True,-1.0952595677531323,-1.0952595677531323,-2.1905191355062645
126,0,810.0,888.0,73,True,-1.5858591295822353,-1.5858591295822353,-3.1717182591644706
126,1,646.8333333333334,1125.0,77,True,-1.6785726313886615,-1.6785726313886615,-3.357145262777323
126,2,601.8333333333334,736.0,71,True,-1.2538324121535287,-1.2538324121535287,-2.5076648243070574
126,3,601.8333333333334,786.0,72,True,-1.303386426028652,-1.303386426028652,-2.606772852057304
127,0,601.8333333333334,844.0,73,True,-1.3608690821237963,-1.3608690821237963,-2.7217381642475926
127,1,855.0,1206.0,79,True,-1.9402326491146913,-1.9402326491146913,-3.8804652982293826
127,2,646.8333333333334,773.0,72,True,-1.3297123737077892,-1.3297123737077892,-2.6594247474155783
127,3,798.0,1471.0,83,True,-2.1532029336897343,-2.1532029336897343,-4.3064058673794685
128,0,646.8333333333334,844.0,73,True,-1.4000790734104647,-1.4000790734104647,-2.8001581468209293
128,1,601.8333333333334,853.0,74,True,-1.369788804621318,-1.369788804621318,-2.739577609242636
128,2,601.8333333333334,540.0,70,True,-1.0595806777630432,-1.0595806777630432,-2.1191613555260864
128,3,601.8333333333334,771.0,72,True,-1.2885202218661151,-1.2885202218661151,-2.5770404437322303
129,0,589.8333333333334,945.0,73,True,-1.450512192475102,-1.450512192475102,-2.901024384950204
129,1,649.8333333333334,1033.0,77,True,-1.590007245277544,-1.590007245277544,-3.180014490555088
129,2,765.1666666666666,999.0,73,True,-1.6568042712882913,-1.6568042712882913,-3.3136085425765827
129,3,637.8333333333334,1225.0,79,True,-1.7698386608815753,-1.7698386608815753,-3.5396773217631505
130,0,601.8333333333334,759.0,72,True,-1.2766272585360854,-1.2766272585360854,-2.5532545170721708
130,1,803.1666666666666,698.0,71,True,-1.3915997670687883,-1.3915997670687883,-2.7831995341375766
130,2,855.0,1244.0,80,True,-1.9778936996597862,-1.9778936996597862,-3.9557873993195725
130,3,601.8333333333334,1056.0,77,True,-1.5709781009543216,-1.5709781009543216,-3.141956201908643
131,0,765.1666666666666,1215.0,77,True,-1.8708776112288275,-1.8708776112288275,-3.741755222457655
131,1,767.1666666666666,848.0,74,True,-1.508893815664825,-1.508893815664825,-3.01778763132965
131,2,589.8333333333334,1191.0,78,True,-1.694317940740711,-1.694317940740711,-3.388635881481422
131,3,605.8333333333333,844.0,73,True,-1.364354414682611,-1.364354414682611,-2.728708829365222
132,0,981.3333333333333,916.0,71,True,-1.7628977886215456,-1.7628977886215456,-3.525795577243091
132,1,765.1666666666666,613.0,68,True,-1.2742472841723353,-1.2742472841723353,-2.5484945683446707
132,2,795.1666666666666,818.0,73,True,-1.503558735251456,-1.503558735251456,-3.007117470502912
132,3,741.0,1608.0,84,True,-2.2393149427444605,-2.2393149427444605,-4.478629885488921
133,0,803.1666666666666,1617.0,82,True,-2.3024025420935654,-2.3024025420935654,-4.604805084187131
133,1,865.1666666666666,1111.0,75,True,-1.8549385763389443,-1.8549385763389443,-3.7098771526778886
133,2,589.8333333333334,666.0,71,True,-1.17400079505191,-1.17400079505191,-2.34800159010382
133,3,601.8333333333334,1235.0,79,True,-1.7483814706272658,-1.7483814706272658,-3.4967629412545316
134,0,601.8333333333334,850.0,74,True,-1.3668155637888109,-1.3668155637888109,-2.7336311275776217
134,1,612.8333333333334,1124.0,78,True,-1.6479562243612311,-1.6479562243612311,-3.2959124487224623
134,2,810.0,1161.0,76,True,-1.8564240453404113,-1.8564240453404113,-3.7128480906808226
134,3,601.8333333333334,1168.0,78,True,-1.6819790920345998,-1.6819790920345998,-3.3639581840691997
135,0,641.1666666666667,1441.0,82,True,-1.9868164446211216,-1.9868164446211216,-3.9736328892422432
135,1,601.8333333333334,792.0,73,True,-1.3093329076936677,-1.3093329076936677,-2.6186658153873354
135,2,646.8333333333334,853.0,73,True,-1.4089987959079875,-1.4089987959079875,-2.817997591815975
135,3,817.1666666666666,969.0,75,True,-1.6723811862278117,-1.6723811862278117,-3.3447623724556235
136,0,601.8333333333334,732.0,72,True,-1.2498680910435187,-1.2498680910435187,-2.4997361820870374
136,1,601.8333333333334,660.0,69,True,-1.17851031106334,-1.17851031106334,-2.35702062212668
136,2,637.8333333333334,1073.0,76,True,-1.6191944587011984,-1.6191944587011984,-3.2383889174023968
136,3,645.8333333333333,1545.0,82,True,-2.093955014799997,-2.093955014799997,-4.187910029599994
137,0,601.8333333333334,548.0,70,True,-1.0675093199830628,-1.0675093199830628,-2.1350186399661255
137,1,637.8333333333334,1210.0,79,True,-1.754972456719038,-1.754972456719038,-3.509944913438076
137,2,589.8333333333334,1048.0,77,True,-1.552593461057856,-1.552593461057856,-3.105186922115712
137,3,601.8333333333333,1181.0,79,True,-1.6948631356421315,-1.6948631356421315,-3.389726271284263
138,0,601.8333333333334,625.0,71,True,-1.143822501350754,-1.143822501350754,-2.287645002701508
138,1,601.8333333333334,982.0,76,True,-1.497638160419138,-1.497638160419138,-2.995276320838276
138,2,601.8333333333334,717.0,72,True,-1.2350018868809813,-1.2350018868809813,-2.4700037737619627
138,3,637.8333333333334,1112.0,76,True,-1.6578465895237948,-1.6578465895237948,-3.3156931790475896
139,0,589.8333333333334,711.0,72,True,-1.2185994075395217,-1.2185994075395217,-2.4371988150790433
139,1,601.8333333333334,877.0,74,True,-1.393574731281378,-1.393574731281378,-2.787149462562756
139,2,601.8333333333334,679.0,71,True,-1.197340836335887,-1.197340836335887,-2.394681672671774
139,3,601.8333333333334,784.0,72,True,-1.301404265473648,-1.301404265473648,-2.602808530947296
140,0,589.8333333333334,1059.0,77,True,-1.5634953441103836,-1.5634953441103836,-3.126990688220767
140,1,601.8333333333334,578.0,69,True,-1.0972417283081373,-1.0972417283081373,-2.1944834566162745
140,2,601.8333333333334,921.0,74,True,-1.4371822634914868,-1.4371822634914868,-2.8743645269829736
140,3,765.1666666666666,634.0,69,True,-1.2950599699998875,-1.2950599699998875,-2.590119939999775
141,0,601.8333333333334,794.0,73,True,-1.3113150682486723,-1.3113150682486723,-2.6226301364973446
141,1,601.8333333333334,517.0,68,True,-1.0367858313804859,-1.0367858313804859,-2.0735716627609717
141,2,601.8333333333334,647.0,69,True,-1.1656262674558078,-1.1656262674558078,-2.3312525349116155
141,3,601.8333333333334,664.0,71,True,-1.18247463217335,-1.18247463217335,-2.3649492643467
142,0,601.8333333333334,578.0,69,True,-1.0972417283081373,-1.0972417283081373,-2.1944834566162745
142,1,589.8333333333334,987.0,75,True,-1.492137564130205,-1.492137564130205,-2.98427512826041
142,2,590.1666666666666,1160.0,78,True,-1.6638848965180348,-1.6638848965180348,-3.3277697930360697
142,3,601.8333333333334,800.0,73,True,-1.317261549913687,-1.317261549913687,-2.634523099827374
143,0,621.8333333333334,747.0,72,True,-1.2821609580001307,-1.2821609580001307,-2.5643219160002615
143,1,637.8333333333334,1114.0,78,True,-1.6598287500788,-1.6598287500788,-3.3196575001576
143,2,589.8333333333334,630.0,71,True,-1.138321905061821,-1.138321905061821,-2.276643810123642
143,3,817.1666666666666,1262.0,80,True,-1.9627677075360381,-1.9627677075360381,-3.9255354150720763
144,0,589.8333333333334,820.0,73,True,-1.326627157787292,-1.326627157787292,-2.653254315574584
144,1,601.8333333333334,586.0,69,True,-1.1051703705281566,-1.1051703705281566,-2.210340741056313
144,2,601.8333333333334,517.0,69,True,-1.0367858313804856,-1.0367858313804856,-2.0735716627609713
144,3,753.1666666666666,1303.0,79,True,-1.9476366779726004,-1.9476366779726004,-3.895273355945201
145,0,867.1666666666666,955.0,74,True,-1.7020727193279648,-1.7020727193279648,-3.4041454386559296
145,1,649.8333333333334,615.0,70,True,-1.175735689281508,-1.175735689281508,-2.351471378563016
145,2,589.8333333333334,962.0,76,True,-1.4673605571926434,-1.4673605571926434,-2.9347211143852867
145,3,637.8333333333334,1340.0,81,True,-1.88381289279436,-1.88381289279436,-3.76762578558872
146,0,589.8333333333334,931.0,75,True,-1.4366370685900665,-1.4366370685900665,-2.873274137180133
146,1,589.8333333333334,990.0,76,True,-1.4951108049627133,-1.4951108049627133,-2.9902216099254266
146,2,601.8333333333334,841.0,73,True,-1.3578958412912883,-1.3578958412912883,-2.7157916825825765
146,3,589.8333333333334,891.0,75,True,-1.3969938574899678,-1.3969938574899678,-2.7939877149799357
147,0,646.8333333333334,666.0,71,True,-1.223666784015023,-1.223666784015023,-2.447333568030046
147,1,637.8333333333334,992.0,76,True,-1.5389169562234972,-1.5389169562234972,-3.0778339124469944
147,2,617.5,1160.0,78,True,-1.6877013356699375,-1.6877013356699375,-3.375402671339875
147,3,601.8333333333334,726.0,72,True,-1.2439216093785035,-1.2439216093785035,-2.487843218757007
148,0,589.8333333333334,943.0,75,True,-1.448530031920096,-1.448530031920096,-2.897060063840192
148,1,737.1666666666666,700.0,70,True,-1.3360739404033461,-1.3360739404033461,-2.6721478808066923
148,2,589.8333333333334,747.0,73,True,-1.2542782975296107,-1.2542782975296107,-2.5085565950592215
148,3,589.8333333333334,603.0,71,True,-1.1115627375692538,-1.1115627375692538,-2.2231254751385077
149,0,589.8333333333334,655.0,70,True,-1.1630989119993829,-1.1630989119993829,-2.3261978239987657
149,1,601.8333333333334,865.0,72,True,-1.381681767951348,-1.381681767951348,-2.763363535902696
149,2,601.8333333333334,640.0,70,True,-1.1586887055132908,-1.1586887055132908,-2.3173774110265817
149,3,601.8333333333334,812.0,73,True,-1.3291545132437168,-1.3291545132437168,-2.6583090264874336
150,0,589.8333333333334,1083.0,78,True,-1.5872812707704436,-1.5872812707704436,-3.174562541540887
150,1,589.8333333333334,723.0,72,True,-1.2304923708695517,-1.2304923708695517,-2.4609847417391033
150,2,573.8333333333334,874.0,73,True,-1.3662041625371655,-1.3662041625371655,-2.732408325074331
150,3,601.8333333333334,662.0,69,True,-1.180492471618345,-1.180492471618345,-2.36098494323669
151,0,589.8333333333334,947.0,75,True,-1.4524943530301062,-1.4524943530301062,-2.9049887060602124
151,1,573.8333333333334,1141.0,78,True,-1.6308225966303274,-1.6308225966303274,-3.2616451932606547
151,2,589.8333333333334,903.0,73,True,-1.4088868208199972,-1.4088868208199972,-2.8177736416399943
151,3,601.8333333333334,625.0,70,True,-1.1438225013507535,-1.1438225013507535,-2.287645002701507
152,0,637.8333333333334,1106.0,78,True,-1.65190010785878,-1.65190010785878,-3.30380021571756
152,1,601.8333333333334,679.0,70,True,-1.1973408363358875,-1.1973408363358875,-2.394681672671775
152,2,589.8333333333334,514.0,69,True,-1.0233565928715338,-1.0233565928715338,-2.0467131857430676
152,3,589.8333333333334,805.0,72,True,-1.3117609536247548,-1.3117609536247548,-2.6235219072495095
153,0,893.1666666666666,630.0,70,True,-1.4026262907719569,-1.4026262907719569,-2.8052525815439138
153,1,589.8333333333334,627.0,70,True,-1.1353486642293138,-1.1353486642293138,-2.2706973284586276
153,2,601.8333333333334,535.0,69,True,-1.0546252763755306,-1.0546252763755306,-2.109250552751061
153,3,601.8333333333334,756.0,72,True,-1.273654017703578,-1.273654017703578,-2.547308035407156
154,0,601.8333333333334,840.0,73,True,-1.3569047610137865,-1.3569047610137865,-2.713809522027573
154,1,610.0,1047.0,76,True,-1.5691742657643797,-1.5691742657643797,-3.1383485315287594
154,2,589.8333333333334,511.0,69,True,-1.020383352039026,-1.020383352039026,-2.040766704078052
154,3,601.8333333333334,674.0,71,True,-1.192385434948375,-1.192385434948375,-2.38477086989675
155,0,867.1666666666666,878.0,74,True,-1.6257595379602745,-1.6257595379602745,-3.251519075920549
155,1,573.8333333333334,634.0,70,True,-1.1283448959365707,-1.1283448959365707,-2.2566897918731414
155,2,601.8333333333334,790.0,73,True,-1.3073507471386623,-1.3073507471386623,-2.6147014942773246
155,3,601.8333333333334,668.0,71,True,-1.1864389532833601,-1.1864389532833601,-2.3728779065667203
156,0,601.8333333333334,758.0,72,True,-1.2756361782585834,-1.2756361782585834,-2.551272356517167
156,1,646.8333333333334,766.0,72,True,-1.3227748117652711,-1.3227748117652711,-2.6455496235305422
156,2,637.8333333333334,645.0,71,True,-1.195012099930138,-1.195012099930138,-2.390024199860276
156,3,601.8333333333334,664.0,71,True,-1.1824746321733504,-1.1824746321733504,-2.3649492643467007
157,0,601.8333333333334,820.0,73,True,-1.337083155463737,-1.337083155463737,-2.674166310927474
157,1,601.8333333333334,816.0,73,True,-1.3331188343537268,-1.3331188343537268,-2.6662376687074536
157,2,601.8333333333334,904.0,74,True,-1.4203338987739453,-1.4203338987739453,-2.8406677975478907
157,3,601.8333333333334,692.0,71,True,-1.210224879943419,-1.210224879943419,-2.420449759886838
158,0,589.8333333333334,1004.0,76,True,-1.508985928847747,-1.508985928847747,-3.017971857695494
158,1,646.8333333333334,766.0,72,True,-1.3227748117652718,-1.3227748117652718,-2.6455496235305436
158,2,601.8333333333334,761.0,72,True,-1.2786094190910906,-1.2786094190910906,-2.557218838182181
158,3,601.8333333333334,912.0,74,True,-1.4282625409939647,-1.4282625409939647,-2.8565250819879293
159,0,600.1666666666667,1071.0,77,True,-1.5843920832173528,-1.5843920832173528,-3.1687841664347056
159,1,589.8333333333334,615.0,70,True,-1.1234557008992836,-1.1234557008992836,-2.246911401798567
159,2,601.8333333333334,793.0,73,True,-1.31032398797117,-1.31032398797117,-2.62064797594234
159,3,765.1666666666666,697.0,70,True,-1.3574980274825432,-1.3574980274825432,-2.7149960549650864
160,0,893.1666666666666,903.0,74,True,-1.673191206530133,-1.673191206530133,-3.346382413060266
160,1,637.8333333333334,538.0,70,True,-1.088966510237373,-1.088966510237373,-2.177933020474746
160,2,903.1666666666666,1004.0,76,True,-1.7820036459549216,-1.7820036459549216,-3.564007291909843
160,3,589.8333333333334,518.0,68,True,-1.0273209139815433,-1.0273209139815433,-2.0546418279630867
161,0,817.1666666666666,1147.0,78,True,-1.8487934756232536,-1.8487934756232536,-3.697586951246507
161,1,1002.5,826.0,72,True,-1.6921437817700522,-1.6921437817700522,-3.3842875635401044
161,2,601.8333333333334,823.0,73,True,-1.3400563962962444,-1.3400563962962444,-2.680112792592489
161,3,915.1666666666666,986.0,75,True,-1.774620198636322,-1.774620198636322,-3.549240397272644
162,0,601.8333333333334,739.0,71,True,-1.2568056529860359,-1.2568056529860359,-2.5136113059720717
162,1,589.8333333333334,692.0,71,True,-1.1997688822669745,-1.1997688822669745,-2.399537764533949
162,2,591.8333333333334,829.0,73,True,-1.337289546564222,-1.337289546564222,-2.674579093128444
162,3,573.8333333333334,749.0,72,True,-1.242319127849356,-1.242319127849356,-2.484638255698712
163,0,601.8333333333334,608.0,70,True,-1.1269741366332116,-1.1269741366332116,-2.253948273266423
163,1,601.8333333333334,832.0,73,True,-1.3489761187937666,-1.3489761187937666,-2.697952237587533
163,2,589.8333333333334,706.0,72,True,-1.213644006152009,-1.213644006152009,-2.427288012304018
163,3,601.8333333333334,664.0,71,True,-1.1824746321733506,-1.1824746321733506,-2.364949264346701
164,0,646.8333333333334,763.0,72,True,-1.3198015709327644,-1.3198015709327644,-2.639603141865529
164,1,601.8333333333334,659.0,71,True,-1.177519230785838,-1.177519230785838,-2.355038461571676
164,2,573.8333333333334,761.0,72,True,-1.2542120911793857,-1.2542120911793857,-2.5084241823587714
164,3,589.8333333333334,935.0,73,True,-1.440601389700076,-1.440601389700076,-2.881202779400152
165,0,601.8333333333334,683.0,71,True,-1.201305157445897,-1.201305157445897,-2.402610314891794
165,1,601.8333333333334,458.0,68,True,-0.9783120950078398,-0.9783120950078398,-1.9566241900156796
165,2,573.8333333333334,526.0,69,True,-1.0213082259663036,-1.0213082259663036,-2.042616451932607
165,3,589.8333333333334,811.0,73,True,-1.3177074352897689,-1.3177074352897689,-2.6354148705795377
166,0,589.8333333333334,881.0,74,True,-1.3870830547149429,-1.3870830547149429,-2.7741661094298857
166,1,589.8333333333334,519.0,69,True,-1.0283119942590455,-1.0283119942590455,-2.056623988518091
166,2,589.8333333333334,733.0,71,True,-1.2404031736445758,-1.2404031736445758,-2.4808063472891515
166,3,601.8333333333334,817.0,72,True,-1.3341099146312296,-1.3341099146312296,-2.6682198292624593
167,0,601.8333333333334,801.0,72,True,-1.3182526301911899,-1.3182526301911899,-2.6365052603823798
167,1,589.8333333333334,619.0,70,True,-1.1274200220092938,-1.1274200220092938,-2.2548400440185876
167,2,601.8333333333334,872.0,73,True,-1.3886193298938658,-1.3886193298938658,-2.7772386597877317
167,3,589.8333333333334,880.0,74,True,-1.3860919744374403,-1.3860919744374403,-2.7721839488748805
168,0,602.0,1097.0,76,True,-1.6117576145218735,-1.6117576145218735,-3.223515229043747
168,1,601.8333333333334,670.0,71,True,-1.1884211138383651,-1.1884211138383651,-2.3768422276767303
168,2,601.8333333333334,870.0,72,True,-1.3866371693388608,-1.3866371693388608,-2.7732743386777217
168,3,601.8333333333334,805.0,72,True,-1.3222169513011997,-1.3222169513011997,-2.6444339026023993
169,0,601.8333333333334,832.0,73,True,-1.3489761187937666,-1.3489761187937666,-2.697952237587533
169,1,601.8333333333334,901.0,73,True,-1.4173606579414377,-1.4173606579414377,-2.8347213158828755
169,2,601.8333333333334,665.0,70,True,-1.1834657124508525,-1.1834657124508525,-2.366931424901705
169,3,589.8333333333334,1109.0,77,True,-1.6130493579855076,-1.6130493579855076,-3.2260987159710153
170,0,589.8333333333334,693.0,71,True,-1.2007599625444771,-1.2007599625444771,-2.4015199250889543
170,1,601.8333333333334,683.0,71,True,-1.2013051574458973,-1.2013051574458973,-2.4026103148917946
170,2,601.8333333333334,592.0,70,True,-1.1111168521931718,-1.1111168521931718,-2.2222337043863436
170,3,589.8333333333334,693.0,71,True,-1.200759962544477,-1.200759962544477,-2.401519925088954
171,0,601.8333333333334,866.0,74,True,-1.3826728482288506,-1.3826728482288506,-2.7653456964577012
171,1,601.8333333333334,832.0,73,True,-1.3489761187937668,-1.3489761187937668,-2.6979522375875336
171,2,601.8333333333334,794.0,73,True,-1.311315068248672,-1.311315068248672,-2.622630136497344
171,3,601.8333333333334,805.0,73,True,-1.3222169513011999,-1.3222169513011999,-2.6444339026023997
172,0,589.8333333333334,373.0,67,True,-0.883614273743684,-0.883614273743684,-1.767228547487368
172,1,601.8333333333334,724.0,71,True,-1.241939448823499,-1.241939448823499,-2.483878897646998
172,2,601.8333333333334,602.0,70,True,-1.1210276549681963,-1.1210276549681963,-2.2420553099363927
172,3,637.8333333333334,1198.0,79,True,-1.7430794933890075,-1.7430794933890075,-3.486158986778015
173,0,601.8333333333334,508.0,69,True,-1.0278661088829633,-1.0278661088829633,-2.0557322177659265
173,1,601.8333333333334,660.0,71,True,-1.1785103110633404,-1.1785103110633404,-2.3570206221266807
173,2,601.8333333333334,578.0,70,True,-1.097241728308137,-1.097241728308137,-2.194483456616274
173,3,601.8333333333334,895.0,74,True,-1.4114141762764225,-1.4114141762764225,-2.822828352552845
174,0,589.8333333333334,589.0,69,True,-1.0976876136842193,-1.0976876136842193,-2.1953752273684386
174,1,601.8333333333334,589.0,70,True,-1.1081436113606642,-1.1081436113606642,-2.2162872227213284
174,2,601.8333333333334,695.0,71,True,-1.2131981207759268,-1.2131981207759268,-2.4263962415518536
174,3,589.8333333333334,904.0,74,True,-1.4098779010974996,-1.4098779010974996,-2.819755802194999
175,0,589.8333333333334,613.0,70,True,-1.1214735403442788,-1.1214735403442788,-2.2429470806885576
175,1,589.8333333333334,699.0,71,True,-1.206706444209492,-1.206706444209492,-2.413412888418984
175,2,601.8333333333334,930.0,73,True,-1.446101985989009,-1.446101985989009,-2.892203971978018
175,3,589.8333333333334,589.0,69,True,-1.0976876136842193,-1.0976876136842193,-2.1953752273684386
176,0,589.8333333333334,693.0,71,True,-1.200759962544477,-1.200759962544477,-2.401519925088954
176,1,589.8333333333334,549.0,69,True,-1.0580444025841202,-1.0580444025841202,-2.1160888051682405
176,2,589.8333333333334,459.0,68,True,-0.9688471776088975,-0.9688471776088975,-1.937694355217795
176,3,589.8333333333334,443.0,68,True,-0.9529898931688575,-0.9529898931688575,-1.905979786337715
177,0,601.8333333333334,780.0,72,True,-1.297439944363638,-1.297439944363638,-2.594879888727276
177,1,867.1666666666666,905.0,74,True,-1.6525187054528407,-1.6525187054528407,-3.3050374109056815
177,2,601.8333333333334,784.0,72,True,-1.301404265473648,-1.301404265473648,-2.602808530947296
177,3,601.8333333333334,743.0,71,True,-1.2607699740960463,-1.2607699740960463,-2.5215399481920926
178,0,589.8333333333334,549.0,69,True,-1.0580444025841205,-1.0580444025841205,-2.116088805168241
178,1,601.8333333333334,908.0,74,True,-1.4242982198839549,-1.4242982198839549,-2.8485964397679098
178,2,601.8333333333334,765.0,72,True,-1.2825737402011004,-1.2825737402011004,-2.5651474804022008
178,3,589.8333333333334,743.0,71,True,-1.2503139764196005,-1.2503139764196005,-2.500627952839201
179,0,589.8333333333334,689.0,71,True,-1.1967956414344672,-1.1967956414344672,-2.3935912828689343
179,1,601.8333333333334,676.0,70,True,-1.1943675955033803,-1.1943675955033803,-2.3887351910067607
179,2,589.8333333333334,531.0,69,True,-1.0402049575890757,-1.0402049575890757,-2.0804099151781514
179,3,601.8333333333334,772.0,72,True,-1.289511302143618,-1.289511302143618,-2.579022604287236
180,0,601.8333333333334,692.0,71,True,-1.2102248799434197,-1.2102248799434197,-2.4204497598868393
180,1,589.8333333333334,833.0,73,True,-1.3395112013948243,-1.3395112013948243,-2.6790224027896485
180,2,589.8333333333334,469.0,68,True,-0.9787579803839218,-0.9787579803839218,-1.9575159607678436
180,3,601.8333333333334,883.0,74,True,-1.399521212946392,-1.399521212946392,-2.799042425892784
181,0,589.8333333333334,542.0,69,True,-1.0511068406416029,-1.0511068406416029,-2.1022136812832057
181,1,867.1666666666666,882.0,73,True,-1.6297238590702838,-1.6297238590702838,-3.2594477181405677
181,2,601.8333333333334,832.0,73,True,-1.3489761187937668,-1.3489761187937668,-2.6979522375875336
181,3,601.8333333333334,842.0,73,True,-1.3588869215687909,-1.3588869215687909,-2.7177738431375817
182,0,589.8333333333334,978.0,75,True,-1.4832178416326836,-1.4832178416326836,-2.966435683265367
182,1,601.8333333333334,839.0,72,True,-1.3559136807362837,-1.3559136807362837,-2.7118273614725674
182,2,589.8333333333334,626.0,70,True,-1.134357583951811,-1.134357583951811,-2.268715167903622
182,3,601.8333333333334,704.0,71,True,-1.2221178432734492,-1.2221178432734492,-2.4442356865468984
183,0,601.8333333333334,685.0,70,True,-1.2032873180009025,-1.2032873180009025,-2.406574636001805
183,1,601.8333333333334,630.0,70,True,-1.1487779027382659,-1.1487779027382659,-2.2975558054765317
183,2,612.1666666666666,1096.0,77,True,-1.6196250878313594,-1.6196250878313594,-3.239250175662719
183,3,589.8333333333334,807.0,73,True,-1.3137431141797595,-1.3137431141797595,-2.627486228359519
184,0,601.8333333333334,632.0,70,True,-1.1507600632932709,-1.1507600632932709,-2.3015201265865417
184,1,601.8333333333334,690.0,71,True,-1.2082427193884144,-1.2082427193884144,-2.416485438776829
184,2,589.8333333333334,772.0,73,True,-1.2790553044671729,-1.2790553044671729,-2.5581106089343457
184,3,581.8333333333334,767.0,72,True,-1.2671292379620305,-1.2671292379620305,-2.534258475924061
185,0,589.8333333333334,804.0,73,True,-1.3107698733472521,-1.3107698733472521,-2.6215397466945043
185,1,646.8333333333334,755.0,71,True,-1.3118729287127444,-1.3118729287127444,-2.623745857425489
185,2,601.8333333333334,632.0,70,True,-1.1507600632932709,-1.1507600632932709,-2.3015201265865417
185,3,646.8333333333334,690.0,71,True,-1.2474527106750837,-1.2474527106750837,-2.4949054213501674
186,0,601.8333333333334,524.0,69,True,-1.0437233933230037,-1.0437233933230037,-2.0874467866460074
186,1,1043.5,955.0,74,True,-1.8557177962957256,-1.8557177962957256,-3.7114355925914513
186,2,601.8333333333334,743.0,72,True,-1.260769974096046,-1.260769974096046,-2.521539948192092
186,3,589.8333333333334,649.0,71,True,-1.157152430334368,-1.157152430334368,-2.314304860668736
187,0,601.8333333333334,540.0,70,True,-1.0595806777630428,-1.0595806777630428,-2.1191613555260855
187,1,601.8333333333334,816.0,73,True,-1.3331188343537272,-1.3331188343537272,-2.6662376687074545
187,2,601.8333333333334,501.0,69,True,-1.0209285469404463,-1.0209285469404463,-2.0418570938808926
187,3,601.8333333333334,508.0,69,True,-1.0278661088829633,-1.0278661088829633,-2.0557322177659265
188,0,601.8333333333334,808.0,73,True,-1.325190192133707,-1.325190192133707,-2.650380384267414
188,1,573.8333333333334,866.0,74,True,-1.3582755203171455,-1.3582755203171455,-2.716551040634291
188,2,601.8333333333334,883.0,74,True,-1.399521212946393,-1.399521212946393,-2.799042425892786
188,3,637.8333333333334,1111.0,78,True,-1.6568555092462924,-1.6568555092462924,-3.313711018492585
189,0,1000.5,1031.0,75,True,-1.8935725723786523,-1.8935725723786523,-3.7871451447573046
189,1,601.8333333333334,738.0,72,True,-1.2558145727085337,-1.2558145727085337,-2.5116291454170674
189,2,879.1666666666666,722.0,71,True,-1.4816070123463325,-1.4816070123463325,-2.963214024692665
189,3,929.1666666666666,884.0,74,True,-1.6857286742869215,-1.6857286742869215,-3.371457348573843
190,0,601.8333333333334,614.0,70,True,-1.132920618298226,-1.132920618298226,-2.265841236596452
190,1,601.8333333333334,812.0,73,True,-1.329154513243717,-1.329154513243717,-2.658309026487434
190,2,601.8333333333334,950.0,74,True,-1.465923591539059,-1.465923591539059,-2.931847183078118
190,3,986.5,677.0,71,True,-1.5305314901869227,-1.5305314901869227,-3.0610629803738454
191,0,879.1666666666666,622.0,70,True,-1.382498984596085,-1.382498984596085,-2.76499796919217
191,1,865.1666666666666,662.0,71,True,-1.4099435317403315,-1.4099435317403315,-2.819887063480663
191,2,601.8333333333334,845.0,74,True,-1.3618601624012985,-1.3618601624012985,-2.723720324802597
191,3,601.8333333333334,849.0,73,True,-1.3658244835113087,-1.3658244835113087,-2.7316489670226174
192,0,929.1666666666666,801.0,73,True,-1.6034690112542154,-1.6034690112542154,-3.2069380225084307
192,1,601.8333333333334,943.0,75,True,-1.4589860295965416,-1.4589860295965416,-2.917972059193083
192,2,601.8333333333334,778.0,73,True,-1.2954577838086327,-1.2954577838086327,-2.5909155676172655
192,3,1114.5,976.0,75,True,-1.9383951350422435,-1.9383951350422435,-3.876790270084487
193,0,1055.5,752.0,72,True,-1.6649844976391672,-1.6649844976391672,-3.3299689952783345
193,1,601.8333333333334,583.0,70,True,-1.102197129695649,-1.102197129695649,-2.204394259391298
193,2,589.8333333333334,1029.0,76,True,-1.53376293578531,-1.53376293578531,-3.06752587157062
193,3,929.1666666666666,662.0,71,True,-1.4657088526813709,-1.4657088526813709,-2.9314177053627417
194,0,637.8333333333334,1065.0,77,True,-1.6112658164811786,-1.6112658164811786,-3.2225316329623572
194,1,601.8333333333334,619.0,70,True,-1.1378760196857383,-1.1378760196857383,-2.2757520393714765
194,2,601.8333333333334,806.0,73,True,-1.3232080315787025,-1.3232080315787025,-2.646416063157405
194,3,601.8333333333334,732.0,72,True,-1.2498680910435185,-1.2498680910435185,-2.499736182087037
195,0,601.8333333333334,732.0,72,True,-1.249868091043519,-1.249868091043519,-2.499736182087038
195,1,943.1666666666666,784.0,72,True,-1.598819310492526,-1.598819310492526,-3.197638620985052
195,2,879.1666666666666,799.0,73,True,-1.5579201937140237,-1.5579201937140237,-3.1158403874280474
195,3,601.8333333333334,732.0,72,True,-1.2498680910435185,-1.2498680910435185,-2.499736182087037
196,0,924.1666666666666,690.0,71,True,-1.4891024347529216,-1.4891024347529216,-2.978204869505843
196,1,879.1666666666666,806.0,72,True,-1.564857755656541,-1.564857755656541,-3.129715511313082
196,2,601.8333333333334,739.0,71,True,-1.2568056529860356,-1.2568056529860356,-2.5136113059720713
196,3,601.8333333333334,868.0,74,True,-1.3846550087838558,-1.3846550087838558,-2.7693100175677117
197,0,649.8333333333334,711.0,72,True,-1.2708793959217464,-1.2708793959217464,-2.5417587918434927
197,1,573.8333333333334,672.0,71,True,-1.1660059464816652,-1.1660059464816652,-2.3320118929633304
197,2,601.8333333333334,760.0,72,True,-1.277618338813588,-1.277618338813588,-2.555236677627176
197,3,865.1666666666666,647.0,70,True,-1.3950773275777943,-1.3950773275777943,-2.7901546551555887
198,0,649.8333333333334,811.0,73,True,-1.3699874236719944,-1.3699874236719944,-2.739974847343989
198,1,573.8333333333334,591.0,70,True,-1.0857284440039645,-1.0857284440039645,-2.171456888007929
198,2,601.8333333333334,735.0,72,True,-1.2528413318760259,-1.2528413318760259,-2.5056826637520517
198,3,893.1666666666666,662.0,70,True,-1.4343408596520362,-1.4343408596520362,-2.8686817193040723
199,0,589.8333333333334,608.0,70,True,-1.1165181389567662,-1.1165181389567662,-2.2330362779135324
199,1,601.8333333333334,679.0,71,True,-1.1973408363358875,-1.1973408363358875,-2.394681672671775
199,2,1050.5,850.0,73,True,-1.7577536991358915,-1.7577536991358915,-3.515507398271783
199,3,646.8333333333334,864.0,74,True,-1.419900678960514,-1.419900678960514,-2.839801357921028
200,0,601.8333333333334,662.0,71,True,-1.1804924716183451,-1.1804924716183451,-2.3609849432366903
200,1,646.8333333333334,802.0,73,True,-1.3584537017553604,-1.3584537017553604,-2.716907403510721
200,2,646.8333333333334,817.0,73,True,-1.3733199059178982,-1.3733199059178982,-2.7466398118357964
200,3,589.8333333333334,1016.0,76,True,-1.5208788921777776,-1.5208788921777776,-3.041757784355555
201,0,879.1666666666666,822.0,72,True,-1.5807150400965801,-1.5807150400965801,-3.1614300801931603
201,1,589.8333333333334,869.0,74,True,-1.3751900913849129,-1.3751900913849129,-2.7503801827698258
201,2,601.8333333333334,615.0,70,True,-1.1339116985757285,-1.1339116985757285,-2.267823397151457
201,3,601.8333333333334,842.0,73,True,-1.3588869215687913,-1.3588869215687913,-2.7177738431375826
202,0,601.8333333333334,735.0,72,True,-1.2528413318760256,-1.2528413318760256,-2.5056826637520513
202,1,601.8333333333334,617.0,70,True,-1.1358938591307335,-1.1358938591307335,-2.271787718261467
202,2,601.8333333333334,813.0,73,True,-1.3301455935212192,-1.3301455935212192,-2.6602911870424384
202,3,601.8333333333334,662.0,71,True,-1.1804924716183447,-1.1804924716183447,-2.3609849432366894
203,0,601.8333333333334,546.0,69,True,-1.065527159428058,-1.065527159428058,-2.131054318856116
203,1,601.8333333333334,602.0,70,True,-1.1210276549681966,-1.1210276549681966,-2.242055309936393
203,2,601.8333333333334,751.0,72,True,-1.2686986163160656,-1.2686986163160656,-2.5373972326321312
203,3,601.8333333333334,876.0,74,True,-1.3925836510038752,-1.3925836510038752,-2.7851673020077503
204,0,601.8333333333334,688.0,71,True,-1.2062605588334097,-1.2062605588334097,-2.4125211176668193
204,1,685.8333333333334,1062.0,77,True,-1.6501165663544508,-1.6501165663544508,-3.3002331327089016
204,2,601.8333333333334,711.0,72,True,-1.2290554052159663,-1.2290554052159663,-2.4581108104319327
204,3,601.8333333333334,724.0,71,True,-1.2419394488234987,-1.2419394488234987,-2.4838788976469974
205,0,601.8333333333334,551.0,69,True,-1.0704825608155701,-1.0704825608155701,-2.1409651216311403
205,1,601.8333333333334,669.0,71,True,-1.1874300335608623,-1.1874300335608623,-2.3748600671217246
205,2,601.8333333333334,622.0,70,True,-1.1408492605182459,-1.1408492605182459,-2.2816985210364917
205,3,601.8333333333334,817.0,73,True,-1.334109914631229,-1.334109914631229,-2.668219829262458
206,0,601.8333333333334,654.0,71,True,-1.1725638293983256,-1.1725638293983256,-2.345127658796651
206,1,646.8333333333334,673.0,71,True,-1.230604345957541,-1.230604345957541,-2.461208691915082
206,2,601.8333333333334,662.0,71,True,-1.180492471618345,-1.180492471618345,-2.36098494323669
206,3,601.8333333333334,782.0,73,True,-1.2994221049186427,-1.2994221049186427,-2.5988442098372855
207,0,573.8333333333334,515.0,69,True,-1.010406342913776,-1.010406342913776,-2.020812685827552
207,1,601.8333333333334,716.0,72,True,-1.234010806603479,-1.234010806603479,-2.468021613206958
207,2,646.8333333333334,694.0,71,True,-1.2514170317850928,-1.2514170317850928,-2.5028340635701856
207,3,646.8333333333334,622.0,70,True,-1.1800592518049147,-1.1800592518049147,-2.3601185036098293
208,0,601.8333333333334,786.0,73,True,-1.303386426028653,-1.303386426028653,-2.606772852057306
208,1,601.8333333333334,695.0,71,True,-1.2131981207759268,-1.2131981207759268,-2.4263962415518536
208,2,601.8333333333334,803.0,73,True,-1.3202347907461947,-1.3202347907461947,-2.6404695814923893
208,3,601.8333333333334,531.0,69,True,-1.0506609552655204,-1.0506609552655204,-2.101321910531041
209,0,589.8333333333334,544.0,70,True,-1.0530890011966074,-1.0530890011966074,-2.106178002393215
209,1,601.8333333333334,732.0,72,True,-1.2498680910435185,-1.2498680910435185,-2.499736182087037
209,2,601.8333333333334,735.0,72,True,-1.252841331876026,-1.252841331876026,-2.505682663752052
209,3,601.8333333333334,756.0,72,True,-1.2736540177035778,-1.2736540177035778,-2.5473080354071556
210,0,646.8333333333334,754.0,72,True,-1.3108818484352418,-1.3108818484352418,-2.6217636968704836
210,1,646.8333333333334,695.0,71,True,-1.2524081120625956,-1.2524081120625956,-2.5048162241251912
210,2,601.8333333333334,680.0,71,True,-1.1983319166133897,-1.1983319166133897,-2.3966638332267793
210,3,601.8333333333334,597.0,70,True,-1.116072253580684,-1.116072253580684,-2.232144507161368
211,0,601.8333333333334,809.0,73,True,-1.3261812724112092,-1.3261812724112092,-2.6523625448224184
211,1,646.8333333333334,751.0,72,True,-1.307908607602734,-1.307908607602734,-2.615817215205468
211,2,637.8333333333334,825.0,73,True,-1.3734065498805836,-1.3734065498805836,-2.7468130997611673
211,3,601.8333333333334,493.0,69,True,-1.0129999047204263,-1.0129999047204263,-2.0259998094408527
212,0,601.8333333333334,557.0,69,True,-1.0764290424805851,-1.0764290424805851,-2.1528580849611703
212,1,601.8333333333334,773.0,72,True,-1.2905023824211204,-1.2905023824211204,-2.5810047648422407
212,2,621.8333333333334,456.0,68,True,-0.9937565972469099,-0.9937565972469099,-1.9875131944938198
212,3,601.8333333333334,517.0,69,True,-1.0367858313804856,-1.0367858313804856,-2.0735716627609713
213,0,581.8333333333334,602.0,70,True,-1.1036009921741214,-1.1036009921741214,-2.207201984348243
213,1,601.8333333333334,692.0,71,True,-1.2102248799434192,-1.2102248799434192,-2.4204497598868384
213,2,589.8333333333334,954.0,76,True,-1.4594319149726238,-1.4594319149726238,-2.9188638299452476
213,3,601.8333333333334,501.0,69,True,-1.0209285469404459,-1.0209285469404459,-2.0418570938808918
214,0,893.1666666666666,895.0,74,True,-1.6652625643101133,-1.6652625643101133,-3.3305251286202266
214,1,601.8333333333334,684.0,71,True,-1.2022962377233994,-1.2022962377233994,-2.404592475446799
214,2,601.8333333333334,575.0,70,True,-1.0942684874756297,-1.0942684874756297,-2.1885369749512593
214,3,573.8333333333334,597.0,70,True,-1.0916749256689793,-1.0916749256689793,-2.1833498513379586
215,0,573.8333333333334,602.0,70,True,-1.0966303270564919,-1.0966303270564919,-2.1932606541129838
215,1,601.8333333333334,662.0,71,True,-1.180492471618345,-1.180492471618345,-2.36098494323669
215,2,601.8333333333334,676.0,71,True,-1.1943675955033797,-1.1943675955033797,-2.3887351910067594
215,3,601.8333333333334,563.0,70,True,-1.0823755241455997,-1.0823755241455997,-2.1647510482911994
216,0,601.8333333333334,585.0,70,True,-1.1041792902506546,-1.1041792902506546,-2.2083585805013093
216,1,601.8333333333334,720.0,73,True,-1.2379751277134885,-1.2379751277134885,-2.475950255426977
216,2,601.8333333333334,665.0,71,True,-1.1834657124508523,-1.1834657124508523,-2.3669314249017046
216,3,601.8333333333334,605.0,70,True,-1.1240008958007037,-1.1240008958007037,-2.2480017916014075
217,0,573.8333333333334,456.0,67,True,-0.9519326065411299,-0.9519326065411299,-1.9038652130822598
217,1,646.8333333333334,699.0,71,True,-1.256372433172605,-1.256372433172605,-2.51274486634521
217,2,1050.5,942.0,75,True,-1.8489330846661196,-1.8489330846661196,-3.697866169332239
217,3,601.8333333333334,692.0,71,True,-1.2102248799434192,-1.2102248799434192,-2.4204497598868384
218,0,1029.5,693.0,71,True,-1.583856099634224,-1.583856099634224,-3.167712199268448
218,1,1109.5,611.0,70,True,-1.5722941680553206,-1.5722941680553206,-3.1445883361106413
218,2,589.8333333333334,853.0,74,True,-1.3593328069448731,-1.3593328069448731,-2.7186656138897463
218,3,601.8333333333334,684.0,71,True,-1.2022962377233999,-1.2022962377233999,-2.4045924754467998
219,0,601.8333333333334,742.0,72,True,-1.2597788938185435,-1.2597788938185435,-2.519557787637087
219,1,601.8333333333334,773.0,72,True,-1.2905023824211206,-1.2905023824211206,-2.581004764842241
219,2,589.8333333333334,1020.0,75,True,-1.5248432132877876,-1.5248432132877876,-3.049686426575575
219,3,601.8333333333334,999.0,76,True,-1.5144865251366801,-1.5144865251366801,-3.0289730502733603
220,0,1000.5,662.0,70,True,-1.5278639499802384,-1.5278639499802384,-3.055727899960477
220,1,573.8333333333334,602.0,70,True,-1.0966303270564912,-1.0966303270564912,-2.1932606541129824
220,2,573.8333333333334,570.0,70,True,-1.0649157581764124,-1.0649157581764124,-2.1298315163528247
220,3,573.8333333333334,675.0,71,True,-1.1689791873141722,-1.1689791873141722,-2.3379583746283443
221,0,573.8333333333334,720.0,72,True,-1.2135777998017845,-1.2135777998017845,-2.427155599603569
221,1,901.1666666666666,812.0,73,True,-1.589973566395038,-1.589973566395038,-3.179947132790076
221,2,601.8333333333334,684.0,71,True,-1.2022962377233994,-1.2022962377233994,-2.404592475446799
221,3,573.8333333333334,709.0,71,True,-1.2026759167492567,-1.2026759167492567,-2.4053518334985133
222,0,601.8333333333334,677.0,71,True,-1.1953586757808825,-1.1953586757808825,-2.390717351561765
222,1,601.8333333333334,670.0,71,True,-1.1884211138383651,-1.1884211138383651,-2.3768422276767303
222,2,601.8333333333334,804.0,73,True,-1.321225871023697,-1.321225871023697,-2.642451742047394
222,3,646.8333333333334,732.0,72,True,-1.289078082330187,-1.289078082330187,-2.578156164660374
223,0,601.8333333333334,805.0,73,True,-1.3222169513011992,-1.3222169513011992,-2.6444339026023984
223,1,646.8333333333334,592.0,70,True,-1.15032684347984,-1.15032684347984,-2.30065368695968
223,2,646.8333333333334,742.0,72,True,-1.298988885105212,-1.298988885105212,-2.597977770210424
223,3,601.8333333333334,696.0,71,True,-1.2141892010534294,-1.2141892010534294,-2.428378402106859
224,0,601.8333333333334,813.0,73,True,-1.3301455935212192,-1.3301455935212192,-2.6602911870424384
224,1,589.8333333333334,610.0,70,True,-1.1185002995117717,-1.1185002995117717,-2.2370005990235433
224,2,601.8333333333334,897.0,74,True,-1.413396336831427,-1.413396336831427,-2.826792673662854
224,3,601.8333333333334,817.0,73,True,-1.334109914631229,-1.334109914631229,-2.668219829262458
225,0,601.8333333333334,684.0,71,True,-1.2022962377233994,-1.2022962377233994,-2.404592475446799
225,1,601.8333333333334,681.0,71,True,-1.1993229968908925,-1.1993229968908925,-2.398645993781785
225,2,601.8333333333334,669.0,71,True,-1.1874300335608625,-1.1874300335608625,-2.374860067121725
225,3,646.8333333333334,673.0,71,True,-1.2306043459575413,-1.2306043459575413,-2.4612086919150826
226,0,685.8333333333334,1209.0,79,True,-1.795805367147315,-1.795805367147315,-3.59161073429463
226,1,573.8333333333334,595.0,69,True,-1.0896927651139738,-1.0896927651139738,-2.1793855302279477
226,2,601.8333333333334,688.0,71,True,-1.2062605588334097,-1.2062605588334097,-2.4125211176668193
226,3,601.8333333333334,606.0,70,True,-1.124991976078206,-1.124991976078206,-2.249983952156412
227,0,601.8333333333334,592.0,69,True,-1.1111168521931714,-1.1111168521931714,-2.2222337043863427
227,1,601.8333333333334,735.0,72,True,-1.252841331876026,-1.252841331876026,-2.505682663752052
227,2,601.8333333333334,787.0,72,True,-1.3043775063061551,-1.3043775063061551,-2.6087550126123102
227,3,601.8333333333334,662.0,71,True,-1.1804924716183451,-1.1804924716183451,-2.3609849432366903
228,0,573.8333333333334,573.0,70,True,-1.0678889990089198,-1.0678889990089198,-2.1357779980178395
228,1,589.8333333333334,634.0,70,True,-1.1422862261718307,-1.1422862261718307,-2.2845724523436615
228,2,573.8333333333334,453.0,68,True,-0.948959365708622,-0.948959365708622,-1.897918731417244
228,3,601.8333333333334,889.0,74,True,-1.4054676946114073,-1.4054676946114073,-2.8109353892228146
229,0,601.8333333333334,384.0,67,True,-0.904972154472656,-0.904972154472656,-1.809944308945312
229,1,601.8333333333334,991.0,76,True,-1.5065578829166608,-1.5065578829166608,-3.0131157658333216
229,2,573.8333333333334,540.0,69,True,-1.0351833498513379,-1.0351833498513379,-2.0703666997026757
229,3,601.8333333333334,598.0,70,True,-1.1170633338581868,-1.1170633338581868,-2.2341266677163736
230,0,601.8333333333334,532.0,69,True,-1.0516520355430228,-1.0516520355430228,-2.1033040710860456
230,1,637.8333333333334,1064.0,77,True,-1.6102747362036762,-1.6102747362036762,-3.2205494724073525
230,2,601.8333333333334,369.0,67,True,-0.8901059503101186,-0.8901059503101186,-1.7802119006202373
230,3,601.8333333333334,668.0,71,True,-1.1864389532833601,-1.1864389532833601,-2.3728779065667203
231,0,601.8333333333334,603.0,70,True,-1.122018735245699,-1.122018735245699,-2.244037470491398
231,1,601.8333333333334,692.0,71,True,-1.2102248799434194,-1.2102248799434194,-2.420449759886839
231,2,601.8333333333334,897.0,74,True,-1.413396336831427,-1.413396336831427,-2.826792673662854
231,3,637.8333333333334,860.0,74,True,-1.4080943595931705,-1.4080943595931705,-2.816188719186341
232,0,601.8333333333334,769.0,72,True,-1.2865380613111101,-1.2865380613111101,-2.5730761226222203
232,1,601.8333333333334,909.0,75,True,-1.4252893001614573,-1.4252893001614573,-2.8505786003229145
232,2,601.8333333333334,896.0,74,True,-1.4124052565539245,-1.4124052565539245,-2.824810513107849
232,3,601.8333333333334,706.0,72,True,-1.2241000038284542,-1.2241000038284542,-2.4482000076569084
233,0,601.8333333333334,454.0,68,True,-0.9743477738978296,-0.9743477738978296,-1.9486955477956591
233,1,685.8333333333334,1055.0,77,True,-1.6431790044119334,-1.6431790044119334,-3.286358008823867
233,2,606.6666666666666,906.0,75,True,-1.4265275028375184,-1.4265275028375184,-2.853055005675037
233,3,601.8333333333334,735.0,72,True,-1.2528413318760259,-1.2528413318760259,-2.5056826637520517
234,0,601.8333333333334,560.0,70,True,-1.0794022833130923,-1.0794022833130923,-2.1588045666261846
234,1,646.8333333333334,673.0,71,True,-1.230604345957541,-1.230604345957541,-2.461208691915082
234,2,601.8333333333334,532.0,69,True,-1.051652035543023,-1.051652035543023,-2.103304071086046
234,3,685.8333333333334,908.0,75,True,-1.4974902036190691,-1.4974902036190691,-2.9949804072381383
235,0,601.8333333333334,431.0,68,True,-0.9515529275152722,-0.9515529275152722,-1.9031058550305444
235,1,601.8333333333334,486.0,69,True,-1.0060623427779087,-1.0060623427779087,-2.0121246855558175
235,2,601.8333333333334,532.0,69,True,-1.0516520355430228,-1.0516520355430228,-2.1033040710860456
235,3,601.8333333333334,732.0,72,True,-1.2498680910435185,-1.2498680910435185,-2.499736182087037
236,0,601.8333333333334,782.0,73,True,-1.2994221049186425,-1.2994221049186425,-2.598844209837285
236,1,601.8333333333334,677.0,71,True,-1.1953586757808823,-1.1953586757808823,-2.3907173515617646
236,2,601.8333333333334,675.0,71,True,-1.193376515225877,-1.193376515225877,-2.386753030451754
236,3,601.8333333333334,751.0,73,True,-1.2686986163160656,-1.2686986163160656,-2.5373972326321312
237,0,601.8333333333334,598.0,70,True,-1.1170633338581861,-1.1170633338581861,-2.2341266677163722
237,1,601.8333333333334,485.0,69,True,-1.0050712625004066,-1.0050712625004066,-2.010142525000813
237,2,601.8333333333334,606.0,70,True,-1.1249919760782061,-1.1249919760782061,-2.2499839521564122
237,3,601.8333333333334,806.0,73,True,-1.323208031578702,-1.323208031578702,-2.646416063157404
238,0,601.8333333333334,689.0,72,True,-1.2072516391109116,-1.2072516391109116,-2.414503278221823
238,1,601.8333333333334,853.0,74,True,-1.3697888046213187,-1.3697888046213187,-2.7395776092426374
238,2,601.8333333333334,700.0,72,True,-1.2181535221634392,-1.2181535221634392,-2.4363070443268784
238,3,601.8333333333334,747.0,72,True,-1.2647342952060556,-1.2647342952060556,-2.5294685904121113
239,0,621.8333333333334,512.0,69,True,-1.0492570927870484,-1.0492570927870484,-2.0985141855740967
239,1,1055.5,752.0,72,True,-1.664984497639167,-1.664984497639167,-3.329968995278334
239,2,601.8333333333334,536.0,69,True,-1.0556163566530328,-1.0556163566530328,-2.1112327133060655
239,3,601.8333333333334,622.0,70,True,-1.140849260518246,-1.140849260518246,-2.281698521036492
240,0,879.1666666666666,667.0,71,True,-1.427097597083696,-1.427097597083696,-2.854195194167392
240,1,879.1666666666666,848.0,73,True,-1.6064831273116447,-1.6064831273116447,-3.2129662546232893
240,2,601.8333333333334,443.0,68,True,-0.9634458908453022,-0.9634458908453022,-1.9268917816906044
240,3,589.8333333333334,765.0,73,True,-1.2721177425246555,-1.2721177425246555,-2.544235485049311
241,0,601.8333333333334,760.0,73,True,-1.2776183388135878,-1.2776183388135878,-2.5552366776271755
241,1,601.8333333333334,735.0,72,True,-1.2528413318760263,-1.2528413318760263,-2.5056826637520526
241,2,637.8333333333334,785.0,73,True,-1.3337633387804848,-1.3337633387804848,-2.6675266775609696
241,3,601.8333333333334,835.0,73,True,-1.3519493596262737,-1.3519493596262737,-2.7038987192525474
242,0,943.1666666666666,814.0,73,True,-1.6285517188176002,-1.6285517188176002,-3.2571034376352004
242,1,601.8333333333334,486.0,69,True,-1.006062342777909,-1.006062342777909,-2.012124685555818
242,2,601.8333333333334,688.0,71,True,-1.206260558833409,-1.206260558833409,-2.412521117666818
242,3,1000.5,817.0,73,True,-1.6814813929931225,-1.6814813929931225,-3.362962785986245
243,0,601.8333333333334,685.0,71,True,-1.2032873180009018,-1.2032873180009018,-2.4065746360018037
243,1,601.8333333333334,688.0,71,True,-1.2062605588334092,-1.2062605588334092,-2.4125211176668184
243,2,601.8333333333334,645.0,71,True,-1.1636441069008032,-1.1636441069008032,-2.3272882138016064
243,3,601.8333333333334,685.0,71,True,-1.203287318000902,-1.203287318000902,-2.406574636001804
244,0,685.8333333333334,762.0,73,True,-1.3527924831037077,-1.3527924831037077,-2.7055849662074154
244,1,601.8333333333334,486.0,69,True,-1.0060623427779092,-1.0060623427779092,-2.0121246855558184
244,2,601.8333333333334,813.0,73,True,-1.3301455935212196,-1.3301455935212196,-2.6602911870424393
244,3,601.8333333333334,732.0,72,True,-1.249868091043518,-1.249868091043518,-2.499736182087036
245,0,601.8333333333334,575.0,70,True,-1.0942684874756292,-1.0942684874756292,-2.1885369749512584
245,1,601.8333333333334,509.0,69,True,-1.028857189160466,-1.028857189160466,-2.057714378320932
245,2,601.8333333333334,685.0,71,True,-1.2032873180009025,-1.2032873180009025,-2.406574636001805
245,3,573.8333333333334,666.0,71,True,-1.16005946481665,-1.16005946481665,-2.3201189296333
246,0,573.8333333333334,767.0,73,True,-1.2601585728444005,-1.2601585728444005,-2.520317145688801
246,1,573.8333333333334,585.0,70,True,-1.0797819623389495,-1.0797819623389495,-2.159563924677899
246,2,601.8333333333334,692.0,71,True,-1.2102248799434194,-1.2102248799434194,-2.420449759886839
246,3,601.8333333333334,732.0,71,True,-1.2498680910435187,-1.2498680910435187,-2.4997361820870374
247,0,649.8333333333334,669.0,71,True,-1.2292540242666423,-1.2292540242666423,-2.4585080485332846
247,1,601.8333333333334,662.0,71,True,-1.1804924716183454,-1.1804924716183454,-2.3609849432366907
247,2,601.8333333333334,486.0,69,True,-1.0060623427779085,-1.0060623427779085,-2.012124685555817
247,3,601.8333333333334,525.0,69,True,-1.0447144736005054,-1.0447144736005054,-2.089428947201011
248,0,601.8333333333334,758.0,72,True,-1.2756361782585828,-1.2756361782585828,-2.5512723565171656
248,1,601.8333333333334,685.0,71,True,-1.203287318000902,-1.203287318000902,-2.406574636001804
248,2,601.8333333333334,709.0,72,True,-1.2270732446609616,-1.2270732446609616,-2.454146489321923
248,3,601.8333333333334,416.0,68,True,-0.9366867233527353,-0.9366867233527353,-1.8733734467054706
249,0,601.8333333333334,756.0,73,True,-1.2736540177035778,-1.2736540177035778,-2.5473080354071556
249,1,601.8333333333334,713.0,72,True,-1.2310375657709716,-1.2310375657709716,-2.462075131541943
249,2,601.8333333333334,696.0,72,True,-1.2141892010534294,-1.2141892010534294,-2.428378402106859
249,3,601.8333333333334,984.0,76,True,-1.4996203209741432,-1.4996203209741432,-2.9992406419482864
250,0,573.8333333333334,379.0,67,True,-0.8756194251734389,-0.8756194251734389,-1.7512388503468779
250,1,573.8333333333334,527.0,69,True,-1.0222993062438055,-1.0222993062438055,-2.044598612487611
250,2,601.8333333333334,548.0,70,True,-1.0675093199830623,-1.0675093199830623,-2.1350186399661246
250,3,589.8333333333334,763.0,73,True,-1.27013558196965,-1.27013558196965,-2.5402711639393
251,0,601.8333333333334,571.0,70,True,-1.0903041663656199,-1.0903041663656199,-2.1806083327312398
251,1,601.8333333333334,681.0,71,True,-1.1993229968908923,-1.1993229968908923,-2.3986459937817846
251,2,601.8333333333334,615.0,70,True,-1.1339116985757285,-1.1339116985757285,-2.267823397151457
251,3,601.8333333333334,925.0,75,True,-1.4411465846014964,-1.4411465846014964,-2.8822931692029927
252,0,573.8333333333334,781.0,73,True,-1.274033696729435,-1.274033696729435,-2.54806739345887
252,1,601.8333333333334,735.0,72,True,-1.2528413318760256,-1.2528413318760256,-2.5056826637520513
252,2,601.8333333333334,783.0,73,True,-1.3004131851961451,-1.3004131851961451,-2.6008263703922903
252,3,601.8333333333334,369.0,67,True,-0.8901059503101186,-0.8901059503101186,-1.7802119006202373
253,0,637.8333333333334,1008.0,76,True,-1.5547742406635372,-1.5547742406635372,-3.1095484813270744
253,1,649.8333333333334,572.0,70,True,-1.1331192373489016,-1.1331192373489016,-2.2662384746978033
253,2,601.8333333333334,685.0,71,True,-1.2032873180009018,-1.2032873180009018,-2.4065746360018037
253,3,601.8333333333334,603.0,70,True,-1.1220187352456987,-1.1220187352456987,-2.2440374704913975
254,0,573.8333333333334,874.0,74,True,-1.3662041625371655,-1.3662041625371655,-2.732408325074331
254,1,601.8333333333334,732.0,72,True,-1.2498680910435183,-1.2498680910435183,-2.4997361820870365
254,2,589.8333333333334,992.0,76,True,-1.4970929655177179,-1.4970929655177179,-2.9941859310354357
254,3,589.8333333333334,766.0,73,True,-1.2731088228021574,-1.2731088228021574,-2.546217645604315
255,0,601.8333333333334,873.0,74,True,-1.3896104101713678,-1.3896104101713678,-2.7792208203427355
255,1,601.8333333333334,627.0,71,True,-1.145804661905758,-1.145804661905758,-2.291609323811516
255,2,573.8333333333334,622.0,71,True,-1.116451932606541,-1.116451932606541,-2.232903865213082
255,3,601.8333333333334,502.0,69,True,-1.0219196272179487,-1.0219196272179487,-2.0438392544358974
256,0,685.8333333333334,928.0,75,True,-1.517311809169119,-1.517311809169119,-3.034623618338238
256,1,589.8333333333334,883.0,74,True,-1.3890652152699474,-1.3890652152699474,-2.778130430539895
256,2,601.8333333333334,747.0,72,True,-1.2647342952060558,-1.2647342952060558,-2.5294685904121117
256,3,601.8333333333334,592.0,70,True,-1.1111168521931714,-1.1111168521931714,-2.2222337043863427
257,0,685.8333333333334,848.0,74,True,-1.4380253869689208,-1.4380253869689208,-2.8760507739378416
257,1,601.8333333333334,685.0,71,True,-1.203287318000902,-1.203287318000902,-2.406574636001804
257,2,637.8333333333334,883.0,73,True,-1.4308892059757279,-1.4308892059757279,-2.8617784119514558
257,3,601.8333333333334,732.0,71,True,-1.2498680910435185,-1.2498680910435185,-2.499736182087037
258,0,601.8333333333334,689.0,71,True,-1.207251639110912,-1.207251639110912,-2.414503278221824
258,1,601.8333333333334,610.0,71,True,-1.1289562971882163,-1.1289562971882163,-2.2579125943764327
258,2,601.8333333333334,762.0,72,True,-1.2796004993685925,-1.2796004993685925,-2.559200998737185
258,3,1064.5,752.0,72,True,-1.672826495896501,-1.672826495896501,-3.345652991793002
259,0,943.1666666666666,810.0,73,True,-1.6245873977075904,-1.6245873977075904,-3.249174795415181
259,1,573.8333333333334,1001.0,76,True,-1.4920713577799802,-1.4920713577799802,-2.9841427155599605
259,2,601.8333333333334,576.0,70,True,-1.0952595677531318,-1.0952595677531318,-2.1905191355062636
259,3,1055.5,733.0,72,True,-1.64615397236662,-1.64615397236662,-3.29230794473324
260,0,573.8333333333334,803.0,73,True,-1.2958374628344893,-1.2958374628344893,-2.5916749256689786
260,1,601.8333333333334,700.0,70,True,-1.2181535221634392,-1.2181535221634392,-2.4363070443268784
260,2,929.1666666666666,722.0,71,True,-1.52517366933152,-1.52517366933152,-3.05034733866304
260,3,601.8333333333334,810.0,72,True,-1.327172352688712,-1.327172352688712,-2.654344705377424
261,0,589.8333333333334,985.0,75,True,-1.490155403575201,-1.490155403575201,-2.980310807150402
261,1,601.8333333333334,841.0,74,True,-1.357895841291288,-1.357895841291288,-2.715791682582576
261,2,893.1666666666666,788.0,73,True,-1.5592169746173483,-1.5592169746173483,-3.1184339492346966
261,3,583.1666666666667,1243.0,80,True,-1.7400452275728144,-1.7400452275728144,-3.480090455145629
262,0,601.8333333333334,633.0,71,True,-1.151751143570773,-1.151751143570773,-2.303502287141546
262,1,601.8333333333334,940.0,75,True,-1.4560127887640337,-1.4560127887640337,-2.9120255775280675
262,2,589.8333333333334,1392.0,80,True,-1.8935250765187088,-1.8935250765187088,-3.7870501530374177
262,3,601.8333333333334,738.0,71,True,-1.2558145727085332,-1.2558145727085332,-2.5116291454170665
263,0,943.1666666666666,932.0,74,True,-1.7454991915628923,-1.7454991915628923,-3.4909983831257847
263,1,601.8333333333334,695.0,71,True,-1.2131981207759268,-1.2131981207759268,-2.4263962415518536
263,2,943.1666666666666,799.0,72,True,-1.613685514655063,-1.613685514655063,-3.227371029310126
263,3,601.8333333333334,1000.0,75,True,-1.5154776054141827,-1.5154776054141827,-3.0309552108283655
264,0,601.8333333333334,803.0,73,True,-1.3202347907461942,-1.3202347907461942,-2.6404695814923884
264,1,601.8333333333334,742.0,72,True,-1.2597788938185432,-1.2597788938185432,-2.5195577876370865
264,2,601.8333333333334,904.0,74,True,-1.4203338987739447,-1.4203338987739447,-2.8406677975478893
264,3,601.8333333333334,1114.0,77,True,-1.628460757049465,-1.628460757049465,-3.25692151409893
265,0,601.8333333333334,773.0,73,True,-1.29050238242112,-1.29050238242112,-2.58100476484224
265,1,601.8333333333334,928.0,75,True,-1.444119825434004,-1.444119825434004,-2.888239650868008
265,2,601.8333333333334,745.0,73,True,-1.2627521346510506,-1.2627521346510506,-2.5255042693021013
265,3,601.8333333333334,630.0,71,True,-1.148777902738266,-1.148777902738266,-2.297555805476532
266,0,1064.5,920.0,75,True,-1.8393279825169173,-1.8393279825169173,-3.6786559650338346
266,1,601.8333333333334,513.0,69,True,-1.0328215102704759,-1.0328215102704759,-2.0656430205409517
266,2,601.8333333333334,602.0,70,True,-1.1210276549681963,-1.1210276549681963,-2.2420553099363927
266,3,685.8333333333334,799.0,73,True,-1.3894624533712991,-1.3894624533712991,-2.7789249067425983
267,0,601.8333333333334,630.0,71,True,-1.1487779027382654,-1.1487779027382654,-2.297555805476531
267,1,853.1666666666666,881.0,74,True,-1.6165341148369292,-1.6165341148369292,-3.2330682296738584
267,2,601.8333333333334,454.0,68,True,-0.9743477738978298,-0.9743477738978298,-1.9486955477956596
267,3,601.8333333333334,680.0,71,True,-1.1983319166133897,-1.1983319166133897,-2.3966638332267793
268,0,929.1666666666666,459.0,68,True,-1.2645195563483678,-1.2645195563483678,-2.5290391126967355
268,1,637.8333333333334,874.0,74,True,-1.421969483478205,-1.421969483478205,-2.84393896695641
268,2,649.8333333333334,582.0,70,True,-1.1430300401239266,-1.1430300401239266,-2.2860600802478532
268,3,601.8333333333334,513.0,69,True,-1.0328215102704756,-1.0328215102704756,-2.0656430205409513
269,0,601.8333333333334,680.0,71,True,-1.1983319166133892,-1.1983319166133892,-2.3966638332267785
269,1,621.8333333333334,1005.0,76,True,-1.5378596695957703,-1.5378596695957703,-3.0757193391915405
269,2,601.8333333333334,528.0,69,True,-1.0476877144330128,-1.0476877144330128,-2.0953754288660256
269,3,649.8333333333334,759.0,72,True,-1.318451249241865,-1.318451249241865,-2.63690249848373
270,0,601.8333333333334,630.0,71,True,-1.1487779027382656,-1.1487779027382656,-2.2975558054765313
270,1,601.8333333333334,707.0,72,True,-1.2250910841059561,-1.2250910841059561,-2.4501821682119123
270,2,637.8333333333334,821.0,73,True,-1.3694422287705736,-1.3694422287705736,-2.7388844575411473
270,3,649.8333333333334,956.0,75,True,-1.513694063909853,-1.513694063909853,-3.027388127819706
271,0,601.8333333333334,685.0,71,True,-1.2032873180009018,-1.2032873180009018,-2.4065746360018037
271,1,601.8333333333334,1136.0,77,True,-1.65026452315452,-1.65026452315452,-3.30052904630904
271,2,601.8333333333334,680.0,71,True,-1.1983319166133894,-1.1983319166133894,-2.396663833226779
271,3,649.8333333333334,583.0,70,True,-1.144021120401429,-1.144021120401429,-2.288042240802858
272,0,601.8333333333334,689.0,71,True,-1.2072516391109118,-1.2072516391109118,-2.4145032782218236
272,1,601.8333333333334,587.0,69,True,-1.1061614508056594,-1.1061614508056594,-2.212322901611319
272,2,601.8333333333334,757.0,73,True,-1.27464509798108,-1.27464509798108,-2.54929019596216
272,3,649.8333333333334,863.0,74,True,-1.4215235981021228,-1.4215235981021228,-2.8430471962042456
273,0,601.8333333333334,486.0,69,True,-1.006062342777909,-1.006062342777909,-2.012124685555818
273,1,601.8333333333334,825.0,73,True,-1.3420385568512487,-1.3420385568512487,-2.6840771137024975
273,2,601.8333333333334,439.0,68,True,-0.9594815697352924,-0.9594815697352924,-1.9189631394705848
273,3,601.8333333333334,754.0,72,True,-1.2716718571485728,-1.2716718571485728,-2.5433437142971456
274,0,601.8333333333334,990.0,76,True,-1.5055668026391573,-1.5055668026391573,-3.0111336052783146
274,1,601.8333333333334,945.0,75,True,-1.4609681901515463,-1.4609681901515463,-2.9219363803030927
274,2,601.8333333333334,689.0,71,True,-1.207251639110912,-1.207251639110912,-2.414503278221824
274,3,649.8333333333334,905.0,74,True,-1.4631489697572269,-1.4631489697572269,-2.9262979395144537
275,0,573.8333333333334,598.0,70,True,-1.0926660059464812,-1.0926660059464812,-2.1853320118929624
275,1,601.8333333333334,677.0,71,True,-1.1953586757808818,-1.1953586757808818,-2.3907173515617637
275,2,573.8333333333334,508.0,69,True,-1.0034687809712588,-1.0034687809712588,-2.0069375619425176
275,3,1069.5,822.0,73,True,-1.7465587810201935,-1.7465587810201935,-3.493117562040387
276,0,601.8333333333334,702.0,72,True,-1.220135682718444,-1.220135682718444,-2.440271365436888
276,1,601.8333333333334,692.0,71,True,-1.2102248799434194,-1.2102248799434194,-2.420449759886839
276,2,649.8333333333334,762.0,72,True,-1.3214244900743723,-1.3214244900743723,-2.6428489801487447
276,3,601.8333333333334,615.0,70,True,-1.133911698575729,-1.133911698575729,-2.267823397151458
277,0,893.1666666666666,834.0,73,True,-1.604806667382462,-1.604806667382462,-3.209613334764924
277,1,601.8333333333334,555.0,70,True,-1.0744468819255801,-1.0744468819255801,-2.1488937638511603
277,2,601.8333333333334,681.0,71,True,-1.1993229968908918,-1.1993229968908918,-2.3986459937817837
277,3,573.8333333333334,1005.0,76,True,-1.4960356788899898,-1.4960356788899898,-2.9920713577799796
278,0,879.1666666666666,755.0,72,True,-1.5143126615039135,-1.5143126615039135,-3.028625323007827
278,1,573.8333333333334,739.0,72,True,-1.232408325074331,-1.232408325074331,-2.464816650148662
278,2,879.1666666666666,620.0,70,True,-1.3805168240410797,-1.3805168240410797,-2.7610336480821593
278,3,589.8333333333334,536.0,70,True,-1.0451603589765877,-1.0451603589765877,-2.0903207179531753
279,0,601.8333333333334,743.0,72,True,-1.260769974096046,-1.260769974096046,-2.521539948192092
279,1,601.8333333333334,743.0,72,True,-1.2607699740960459,-1.2607699740960459,-2.5215399481920917
279,2,601.8333333333334,817.0,73,True,-1.334109914631229,-1.334109914631229,-2.668219829262458
279,3,573.8333333333334,668.0,71,True,-1.162041625371655,-1.162041625371655,-2.32408325074331
280,0,573.8333333333334,645.0,71,True,-1.1392467789890977,-1.1392467789890977,-2.2784935579781953
280,1,601.8333333333334,755.0,72,True,-1.272662937426075,-1.272662937426075,-2.54532587485215
280,2,601.8333333333334,750.0,72,True,-1.267707536038563,-1.267707536038563,-2.535415072077126
280,3,637.8333333333334,717.0,72,True,-1.2663698799103162,-1.2663698799103162,-2.5327397598206325
281,0,893.1666666666666,756.0,72,True,-1.5275024057372693,-1.5275024057372693,-3.0550048114745385
281,1,601.8333333333334,681.0,71,True,-1.1993229968908925,-1.1993229968908925,-2.398645993781785
281,2,601.8333333333334,747.0,72,True,-1.2647342952060552,-1.2647342952060552,-2.5294685904121104
281,3,601.8333333333334,747.0,72,True,-1.2647342952060554,-1.2647342952060554,-2.529468590412111
282,0,601.8333333333334,603.0,70,True,-1.1220187352456987,-1.1220187352456987,-2.2440374704913975
282,1,649.8333333333334,755.0,72,True,-1.3144869281318556,-1.3144869281318556,-2.6289738562637113
282,2,601.8333333333334,779.0,73,True,-1.2964488640861347,-1.2964488640861347,-2.5928977281722694
282,3,601.8333333333334,594.0,70,True,-1.1130990127481766,-1.1130990127481766,-2.226198025496353
283,0,573.8333333333334,680.0,71,True,-1.1739345887016848,-1.1739345887016848,-2.3478691774033695
283,1,601.8333333333334,681.0,71,True,-1.1993229968908918,-1.1993229968908918,-2.3986459937817837
283,2,601.8333333333334,494.0,69,True,-1.0139909849979287,-1.0139909849979287,-2.0279819699958574
283,3,601.8333333333334,755.0,72,True,-1.2726629374260754,-1.2726629374260754,-2.545325874852151
284,0,601.8333333333334,813.0,73,True,-1.3301455935212187,-1.3301455935212187,-2.6602911870424375
284,1,601.8333333333334,872.0,74,True,-1.3886193298938654,-1.3886193298938654,-2.7772386597877308
284,2,601.8333333333334,681.0,71,True,-1.199322996890892,-1.199322996890892,-2.398645993781784
284,3,601.8333333333334,743.0,72,True,-1.2607699740960454,-1.2607699740960454,-2.521539948192091
285,0,601.8333333333334,681.0,71,True,-1.1993229968908918,-1.1993229968908918,-2.3986459937817837
285,1,601.8333333333334,615.0,70,True,-1.133911698575728,-1.133911698575728,-2.267823397151456
285,2,601.8333333333334,681.0,71,True,-1.1993229968908923,-1.1993229968908923,-2.3986459937817846
285,3,601.8333333333334,508.0,69,True,-1.0278661088829635,-1.0278661088829635,-2.055732217765927
286,0,601.8333333333334,677.0,71,True,-1.1953586757808818,-1.1953586757808818,-2.3907173515617637
286,1,601.8333333333334,681.0,71,True,-1.199322996890892,-1.199322996890892,-2.398645993781784
286,2,573.8333333333334,688.0,71,True,-1.1818632309217048,-1.1818632309217048,-2.3637264618434095
286,3,601.8333333333334,941.0,75,True,-1.4570038690415361,-1.4570038690415361,-2.9140077380830722
287,0,601.8333333333334,650.0,71,True,-1.1685995082883152,-1.1685995082883152,-2.3371990165766303
287,1,601.8333333333334,859.0,74,True,-1.375735286286333,-1.375735286286333,-2.751470572572666
287,2,601.8333333333334,559.0,70,True,-1.07841120303559,-1.07841120303559,-2.15682240607118
287,3,601.8333333333334,941.0,75,True,-1.4570038690415363,-1.4570038690415363,-2.9140077380830727
288,0,601.8333333333334,646.0,71,True,-1.1646351871783052,-1.1646351871783052,-2.3292703743566103
288,1,601.8333333333334,736.0,72,True,-1.2538324121535283,-1.2538324121535283,-2.5076648243070565
288,2,601.8333333333334,871.0,74,True,-1.3876282496163626,-1.3876282496163626,-2.775256499232725
288,3,573.8333333333334,804.0,73,True,-1.296828543111992,-1.296828543111992,-2.593657086223984
289,0,601.8333333333334,736.0,72,True,-1.2538324121535285,-1.2538324121535285,-2.507664824307057
289,1,601.8333333333334,689.0,71,True,-1.207251639110912,-1.207251639110912,-2.414503278221824
289,2,573.8333333333334,874.0,74,True,-1.366204162537165,-1.366204162537165,-2.73240832507433
289,3,573.8333333333334,874.0,74,True,-1.3662041625371655,-1.3662041625371655,-2.732408325074331
290,0,601.8333333333334,871.0,74,True,-1.3876282496163628,-1.3876282496163628,-2.7752564992327255
290,1,601.8333333333334,642.0,71,True,-1.1606708660682952,-1.1606708660682952,-2.3213417321365903
290,2,601.8333333333334,736.0,72,True,-1.2538324121535283,-1.2538324121535283,-2.5076648243070565
290,3,601.8333333333334,805.0,73,True,-1.3222169513011992,-1.3222169513011992,-2.6444339026023984
291,0,601.8333333333334,805.0,73,True,-1.322216951301199,-1.322216951301199,-2.644433902602398
291,1,601.8333333333334,602.0,71,True,-1.1210276549681966,-1.1210276549681966,-2.242055309936393
291,2,601.8333333333334,809.0,73,True,-1.3261812724112094,-1.3261812724112094,-2.652362544822419
291,3,601.8333333333334,809.0,73,True,-1.326181272411209,-1.326181272411209,-2.652362544822418
292,0,601.8333333333334,662.0,71,True,-1.1804924716183451,-1.1804924716183451,-2.3609849432366903
292,1,573.8333333333334,808.0,73,True,-1.3007928642220017,-1.3007928642220017,-2.6015857284440034
292,2,601.8333333333334,809.0,73,True,-1.3261812724112092,-1.3261812724112092,-2.6523625448224184
292,3,782.0,930.0,74,True,-1.6030871733256338,-1.6030871733256338,-3.2061743466512675
293,0,601.8333333333334,732.0,72,True,-1.2498680910435185,-1.2498680910435185,-2.499736182087037
293,1,601.8333333333334,732.0,72,True,-1.2498680910435183,-1.2498680910435183,-2.4997361820870365
293,2,601.8333333333334,867.0,74,True,-1.3836639285063526,-1.3836639285063526,-2.767327857012705
293,3,589.8333333333334,611.0,71,True,-1.1194913797892734,-1.1194913797892734,-2.2389827595785468
294,0,601.8333333333334,736.0,72,True,-1.253832412153528,-1.253832412153528,-2.507664824307056
294,1,601.8333333333334,486.0,69,True,-1.006062342777909,-1.006062342777909,-2.012124685555818
294,2,601.8333333333334,736.0,72,True,-1.2538324121535285,-1.2538324121535285,-2.507664824307057
294,3,601.8333333333334,867.0,74,True,-1.383663928506353,-1.383663928506353,-2.767327857012706
295,0,601.8333333333334,571.0,70,True,-1.0903041663656194,-1.0903041663656194,-2.180608332731239
295,1,573.8333333333334,974.0,76,True,-1.4653121902874133,-1.4653121902874133,-2.9306243805748267
295,2,601.8333333333334,736.0,72,True,-1.253832412153528,-1.253832412153528,-2.507664824307056
295,3,601.8333333333334,680.0,72,True,-1.19833191661339,-1.19833191661339,-2.39666383322678
296,0,601.8333333333334,798.0,73,True,-1.315279389358682,-1.315279389358682,-2.630558778717364
296,1,601.8333333333334,721.0,72,True,-1.238966207990991,-1.238966207990991,-2.477932415981982
296,2,601.8333333333334,941.0,75,True,-1.457003869041536,-1.457003869041536,-2.914007738083072
296,3,573.8333333333334,779.0,73,True,-1.2720515361744296,-1.2720515361744296,-2.544103072348859
297,0,601.8333333333334,879.0,74,True,-1.3955568918363828,-1.3955568918363828,-2.7911137836727655
297,1,601.8333333333334,805.0,73,True,-1.3222169513011992,-1.3222169513011992,-2.6444339026023984
297,2,601.8333333333334,615.0,70,True,-1.1339116985757285,-1.1339116985757285,-2.267823397151457
297,3,601.8333333333334,486.0,69,True,-1.0060623427779087,-1.0060623427779087,-2.0121246855558175
298,0,601.8333333333334,735.0,72,True,-1.252841331876026,-1.252841331876026,-2.505682663752052
298,1,601.8333333333334,681.0,71,True,-1.199322996890892,-1.199322996890892,-2.398645993781784
298,2,601.8333333333334,685.0,71,True,-1.2032873180009018,-1.2032873180009018,-2.4065746360018037
298,3,573.8333333333334,870.0,74,True,-1.3622398414271555,-1.3622398414271555,-2.724479682854311
299,0,573.8333333333334,804.0,73,True,-1.296828543111992,-1.296828543111992,-2.593657086223984
299,1,601.8333333333334,817.0,73,True,-1.3341099146312292,-1.3341099146312292,-2.6682198292624584
299,2,589.8333333333334,701.0,72,True,-1.2086886047644967,-1.2086886047644967,-2.4173772095289934
299,3,573.8333333333334,602.0,71,True,-1.0966303270564912,-1.0966303270564912,-2.1932606541129824
300,0,601.8333333333334,633.0,71,True,-1.1517511435707728,-1.1517511435707728,-2.3035022871415456
300,1,589.8333333333334,669.0,72,True,-1.1769740358844174,-1.1769740358844174,-2.353948071768835
300,2,601.8333333333334,683.0,72,True,-1.201305157445897,-1.201305157445897,-2.402610314891794
300,3,601.8333333333334,633.0,71,True,-1.151751143570773,-1.151751143570773,-2.303502287141546
301,0,601.8333333333334,634.0,71,True,-1.1527422238482752,-1.1527422238482752,-2.3054844476965504
301,1,573.8333333333334,449.0,68,True,-0.9449950445986123,-0.9449950445986123,-1.8899900891972246
301,2,601.8333333333334,677.0,71,True,-1.1953586757808818,-1.1953586757808818,-2.3907173515617637
301,3,601.8333333333334,747.0,72,True,-1.2647342952060554,-1.2647342952060554,-2.529468590412111
302,0,601.8333333333334,898.0,74,True,-1.4143874171089295,-1.4143874171089295,-2.828774834217859
302,1,867.1666666666666,909.0,74,True,-1.6564830265628512,-1.6564830265628512,-3.3129660531257024
302,2,601.8333333333334,636.0,71,True,-1.1547243844032802,-1.1547243844032802,-2.3094487688065604
302,3,601.8333333333334,747.0,72,True,-1.2647342952060554,-1.2647342952060554,-2.529468590412111
303,0,893.1666666666666,737.0,72,True,-1.5086718804647221,-1.5086718804647221,-3.0173437609294442
303,1,601.8333333333334,849.0,74,True,-1.3658244835113083,-1.3658244835113083,-2.7316489670226165
303,2,893.1666666666666,764.0,72,True,-1.5354310479572886,-1.5354310479572886,-3.070862095914577
303,3,601.8333333333334,1029.0,77,True,-1.5442189334617544,-1.5442189334617544,-3.088437866923509
304,0,573.8333333333334,855.0,74,True,-1.3473736372646181,-1.3473736372646181,-2.6947472745292362
304,1,601.8333333333334,800.0,73,True,-1.3172615499136864,-1.3172615499136864,-2.6345230998273728
304,2,601.8333333333334,679.0,72,True,-1.1973408363358873,-1.1973408363358873,-2.3946816726717746
304,3,601.8333333333334,980.0,76,True,-1.495655999864133,-1.495655999864133,-2.991311999728266
305,0,957.1666666666666,565.0,70,True,-1.3939713936753357,-1.3939713936753357,-2.7879427873506715
305,1,879.1666666666666,620.0,70,True,-1.3805168240410797,-1.3805168240410797,-2.7610336480821593
305,2,601.8333333333334,572.0,70,True,-1.0912952466431218,-1.0912952466431218,-2.1825904932862437
305,3,601.8333333333334,709.0,71,True,-1.2270732446609616,-1.2270732446609616,-2.454146489321923
306,0,893.1666666666666,811.0,73,True,-1.5820118209999054,-1.5820118209999054,-3.164023641999811
306,1,893.1666666666666,814.0,73,True,-1.5849850618324128,-1.5849850618324128,-3.1699701236648257
306,2,601.8333333333334,841.0,74,True,-1.3578958412912885,-1.3578958412912885,-2.715791682582577
306,3,573.8333333333334,710.0,72,True,-1.2036669970267588,-1.2036669970267588,-2.4073339940535177
307,0,601.8333333333334,867.0,74,True,-1.383663928506353,-1.383663928506353,-2.767327857012706
307,1,601.8333333333334,1127.0,78,True,-1.6413448006569973,-1.6413448006569973,-3.2826896013139946
307,2,573.8333333333334,830.0,74,True,-1.3225966303270564,-1.3225966303270564,-2.645193260654113
307,3,601.8333333333334,696.0,72,True,-1.2141892010534292,-1.2141892010534292,-2.4283784021068584
308,0,573.8333333333334,661.0,71,True,-1.1551040634291376,-1.1551040634291376,-2.3102081268582753
308,1,601.8333333333334,603.0,71,True,-1.122018735245699,-1.122018735245699,-2.244037470491398
308,2,601.8333333333334,712.0,72,True,-1.230046485493469,-1.230046485493469,-2.460092970986938
308,3,573.8333333333334,629.0,71,True,-1.1233894945490583,-1.1233894945490583,-2.2467789890981167
309,0,601.8333333333334,736.0,72,True,-1.2538324121535283,-1.2538324121535283,-2.5076648243070565
309,1,601.8333333333334,677.0,71,True,-1.195358675780882,-1.195358675780882,-2.390717351561764
309,2,601.8333333333334,984.0,76,True,-1.4996203209741432,-1.4996203209741432,-2.9992406419482864
309,3,601.8333333333334,697.0,72,True,-1.2151802813309318,-1.2151802813309318,-2.4303605626618636
310,0,601.8333333333334,560.0,70,True,-1.0794022833130923,-1.0794022833130923,-2.1588045666261846
310,1,601.8333333333334,853.0,74,True,-1.3697888046213182,-1.3697888046213182,-2.7395776092426365
310,2,601.8333333333334,680.0,72,True,-1.1983319166133897,-1.1983319166133897,-2.3966638332267793
310,3,601.8333333333334,807.0,74,True,-1.3241991118562044,-1.3241991118562044,-2.648398223712409
311,0,601.8333333333334,696.0,72,True,-1.2141892010534294,-1.2141892010534294,-2.428378402106859
311,1,601.8333333333334,837.0,74,True,-1.3539315201812783,-1.3539315201812783,-2.7078630403625565
311,2,879.1666666666666,806.0,73,True,-1.5648577556565408,-1.5648577556565408,-3.1297155113130817
311,3,893.1666666666666,737.0,72,True,-1.508671880464722,-1.508671880464722,-3.017343760929444
312,0,1064.5,849.0,74,True,-1.7689612828142416,-1.7689612828142416,-3.537922565628483
312,1,573.8333333333334,679.0,72,True,-1.1729435084241826,-1.1729435084241826,-2.345887016848365
312,2,601.8333333333334,575.0,70,True,-1.0942684874756292,-1.0942684874756292,-2.1885369749512584
312,3,573.8333333333334,870.0,74,True,-1.362239841427155,-1.362239841427155,-2.72447968285431
313,0,601.8333333333334,844.0,74,True,-1.360869082123796,-1.360869082123796,-2.721738164247592
313,1,573.8333333333334,911.0,75,True,-1.4028741328047574,-1.4028741328047574,-2.8057482656095147
313,2,573.8333333333334,896.0,75,True,-1.38800792864222,-1.38800792864222,-2.77601585728444
313,3,601.8333333333334,1122.0,78,True,-1.6363893992694847,-1.6363893992694847,-3.2727787985389694
314,0,601.8333333333334,676.0,72,True,-1.19436759550338,-1.19436759550338,-2.38873519100676
314,1,601.8333333333334,754.0,73,True,-1.2716718571485732,-1.2716718571485732,-2.5433437142971465
314,2,573.8333333333334,807.0,74,True,-1.2998017839444993,-1.2998017839444993,-2.5996035678889986
314,3,929.1666666666666,714.0,72,True,-1.5172450271115,-1.5172450271115,-3.034490054223
315,0,589.8333333333334,733.0,73,True,-1.2404031736445758,-1.2404031736445758,-2.4808063472891515
315,1,601.8333333333334,707.0,72,True,-1.2250910841059561,-1.2250910841059561,-2.4501821682119123
315,2,1014.5,872.0,74,True,-1.7481894722116111,-1.7481894722116111,-3.4963789444232223
315,3,601.8333333333334,751.0,73,True,-1.2686986163160656,-1.2686986163160656,-2.5373972326321312
316,0,601.8333333333334,794.0,73,True,-1.311315068248672,-1.311315068248672,-2.622630136497344
316,1,601.8333333333334,949.0,76,True,-1.4649325112615563,-1.4649325112615563,-2.9298650225231126
316,2,573.8333333333334,753.0,73,True,-1.2462834489593657,-1.2462834489593657,-2.4925668979187314
316,3,601.8333333333334,736.0,72,True,-1.2538324121535283,-1.2538324121535283,-2.5076648243070565
317,0,601.8333333333334,841.0,74,True,-1.3578958412912885,-1.3578958412912885,-2.715791682582577
317,1,601.8333333333334,486.0,69,True,-1.0060623427779087,-1.0060623427779087,-2.0121246855558175
317,2,601.8333333333334,709.0,72,True,-1.2270732446609616,-1.2270732446609616,-2.454146489321923
317,3,601.8333333333334,893.0,75,True,-1.4094320157214173,-1.4094320157214173,-2.8188640314428346
318,0,601.8333333333334,506.0,69,True,-1.0258839483279583,-1.0258839483279583,-2.0517678966559165
318,1,601.8333333333334,868.0,74,True,-1.3846550087838556,-1.3846550087838556,-2.7693100175677112
318,2,601.8333333333334,806.0,73,True,-1.323208031578702,-1.323208031578702,-2.646416063157404
318,3,601.8333333333334,587.0,69,True,-1.1061614508056592,-1.1061614508056592,-2.2123229016113184
319,0,589.8333333333334,833.0,74,True,-1.339511201394824,-1.339511201394824,-2.679022402789648
319,1,601.8333333333334,623.0,71,True,-1.1418403407957485,-1.1418403407957485,-2.283680681591497
319,2,601.8333333333334,771.0,73,True,-1.288520221866115,-1.288520221866115,-2.57704044373223
319,3,573.8333333333334,632.0,71,True,-1.1263627353815662,-1.1263627353815662,-2.2527254707631323
320,0,601.8333333333334,680.0,72,True,-1.19833191661339,-1.19833191661339,-2.39666383322678
320,1,573.8333333333334,694.0,72,True,-1.1878097125867197,-1.1878097125867197,-2.3756194251734395
320,2,601.8333333333334,782.0,73,True,-1.2994221049186423,-1.2994221049186423,-2.5988442098372846
320,3,573.8333333333334,782.0,73,True,-1.2750247770069378,-1.2750247770069378,-2.5500495540138757
321,0,601.8333333333334,849.0,74,True,-1.365824483511309,-1.365824483511309,-2.731648967022618
321,1,573.8333333333334,683.0,72,True,-1.176907829534192,-1.176907829534192,-2.353815659068384
321,2,879.1666666666666,689.0,71,True,-1.4489013631887506,-1.4489013631887506,-2.8978027263775012
321,3,601.8333333333334,779.0,73,True,-1.2964488640861351,-1.2964488640861351,-2.5928977281722703
322,0,573.8333333333334,764.0,73,True,-1.257185332011893,-1.257185332011893,-2.514370664023786
322,1,601.8333333333334,980.0,76,True,-1.4956559998641332,-1.4956559998641332,-2.9913119997282664
322,2,601.8333333333334,677.0,72,True,-1.1953586757808825,-1.1953586757808825,-2.390717351561765
322,3,573.8333333333334,702.0,72,True,-1.195738354806739,-1.195738354806739,-2.391476709613478
323,0,649.8333333333334,1040.0,77,True,-1.5969448072200616,-1.5969448072200616,-3.193889614440123
323,1,573.8333333333334,821.0,73,True,-1.3136769078295343,-1.3136769078295343,-2.6273538156590686
323,2,573.8333333333334,676.0,72,True,-1.169970267591675,-1.169970267591675,-2.33994053518335
323,3,601.8333333333334,779.0,73,True,-1.2964488640861351,-1.2964488640861351,-2.5928977281722703
324,0,601.8333333333334,779.0,73,True,-1.296448864086135,-1.296448864086135,-2.59289772817227
324,1,573.8333333333334,735.0,72,True,-1.228444003964321,-1.228444003964321,-2.456888007928642
324,2,601.8333333333334,549.0,70,True,-1.0685004002605654,-1.0685004002605654,-2.1370008005211307
324,3,601.8333333333334,646.0,71,True,-1.164635187178305,-1.164635187178305,-2.32927037435661
325,0,601.8333333333334,677.0,72,True,-1.1953586757808823,-1.1953586757808823,-2.3907173515617646
325,1,601.8333333333334,463.0,69,True,-0.9832674963953522,-0.9832674963953522,-1.9665349927907043
325,2,601.8333333333334,783.0,73,True,-1.3004131851961451,-1.3004131851961451,-2.6008263703922903
325,3,601.8333333333334,688.0,72,True,-1.2062605588334094,-1.2062605588334094,-2.412521117666819
326,0,957.1666666666666,776.0,73,True,-1.6030893322283586,-1.6030893322283586,-3.206178664456717
326,1,601.8333333333334,709.0,72,True,-1.2270732446609616,-1.2270732446609616,-2.454146489321923
326,2,601.8333333333334,828.0,74,True,-1.3450117976837568,-1.3450117976837568,-2.6900235953675136
326,3,601.8333333333334,859.0,74,True,-1.3757352862863328,-1.3757352862863328,-2.7514705725726656
327,0,601.8333333333334,603.0,71,True,-1.122018735245699,-1.122018735245699,-2.244037470491398
327,1,601.8333333333334,826.0,74,True,-1.3430296371287518,-1.3430296371287518,-2.6860592742575036
327,2,573.8333333333334,679.0,72,True,-1.1729435084241822,-1.1729435084241822,-2.3458870168483643
327,3,929.1666666666666,624.0,71,True,-1.428047802136277,-1.428047802136277,-2.856095604272554
328,0,601.8333333333334,709.0,72,True,-1.2270732446609616,-1.2270732446609616,-2.454146489321923
328,1,601.8333333333334,713.0,72,True,-1.2310375657709716,-1.2310375657709716,-2.462075131541943
328,2,573.8333333333334,778.0,73,True,-1.2710604558969278,-1.2710604558969278,-2.5421209117938557
328,3,601.8333333333334,848.0,74,True,-1.3648334032338056,-1.3648334032338056,-2.7296668064676113
329,0,601.8333333333334,823.0,74,True,-1.340056396296244,-1.340056396296244,-2.680112792592488
329,1,646.8333333333334,779.0,73,True,-1.3356588553728037,-1.3356588553728037,-2.6713177107456074
329,2,601.8333333333334,645.0,71,True,-1.163644106900803,-1.163644106900803,-2.327288213801606
329,3,573.8333333333334,632.0,71,True,-1.1263627353815657,-1.1263627353815657,-2.2527254707631315
330,0,601.8333333333334,736.0,72,True,-1.253832412153528,-1.253832412153528,-2.507664824307056
330,1,601.8333333333334,918.0,75,True,-1.4342090226589794,-1.4342090226589794,-2.868418045317959
330,2,601.8333333333334,680.0,72,True,-1.1983319166133897,-1.1983319166133897,-2.3966638332267793
330,3,646.8333333333334,794.0,73,True,-1.3505250595353413,-1.3505250595353413,-2.7010501190706826
331,0,601.8333333333334,463.0,69,True,-0.9832674963953519,-0.9832674963953519,-1.9665349927907039
331,1,601.8333333333334,478.0,69,True,-0.9981337005578891,-0.9981337005578891,-1.9962674011157782
331,2,601.8333333333334,662.0,71,True,-1.1804924716183447,-1.1804924716183447,-2.3609849432366894
331,3,601.8333333333334,709.0,72,True,-1.2270732446609616,-1.2270732446609616,-2.454146489321923
332,0,601.8333333333334,732.0,72,True,-1.249868091043518,-1.249868091043518,-2.499736182087036
332,1,601.8333333333334,709.0,72,True,-1.2270732446609613,-1.2270732446609613,-2.4541464893219227
332,2,601.8333333333334,780.0,73,True,-1.297439944363637,-1.297439944363637,-2.594879888727274
332,3,601.8333333333334,709.0,72,True,-1.2270732446609616,-1.2270732446609616,-2.454146489321923
333,0,601.8333333333334,506.0,69,True,-1.0258839483279587,-1.0258839483279587,-2.0517678966559174
333,1,601.8333333333334,779.0,73,True,-1.2964488640861351,-1.2964488640861351,-2.5928977281722703
333,2,601.8333333333334,533.0,70,True,-1.0526431158205254,-1.0526431158205254,-2.1052862316410508
333,3,601.8333333333334,724.0,72,True,-1.2419394488234987,-1.2419394488234987,-2.4838788976469974
334,0,601.8333333333334,732.0,72,True,-1.249868091043518,-1.249868091043518,-2.499736182087036
334,1,943.1666666666666,709.0,72,True,-1.52448828967984,-1.52448828967984,-3.04897657935968
334,2,601.8333333333334,783.0,73,True,-1.300413185196145,-1.300413185196145,-2.60082637039229
334,3,601.8333333333334,463.0,69,True,-0.9832674963953519,-0.9832674963953519,-1.9665349927907039
335,0,601.8333333333334,755.0,72,True,-1.2726629374260756,-1.2726629374260756,-2.5453258748521512
335,1,601.8333333333334,853.0,74,True,-1.3697888046213185,-1.3697888046213185,-2.739577609242637
335,2,601.8333333333334,549.0,70,True,-1.068500400260565,-1.068500400260565,-2.13700080052113
335,3,601.8333333333334,478.0,69,True,-0.9981337005578889,-0.9981337005578889,-1.9962674011157777
336,0,601.8333333333334,783.0,73,True,-1.3004131851961451,-1.3004131851961451,-2.6008263703922903
336,1,929.1666666666666,928.0,75,True,-1.7293362064970301,-1.7293362064970301,-3.4586724129940603
336,2,601.8333333333334,587.0,70,True,-1.1061614508056588,-1.1061614508056588,-2.2123229016113175
336,3,601.8333333333334,779.0,73,True,-1.2964488640861354,-1.2964488640861354,-2.5928977281722707
337,0,601.8333333333334,802.0,73,True,-1.3192437104686918,-1.3192437104686918,-2.6384874209373836
337,1,589.8333333333334,747.0,73,True,-1.2542782975296107,-1.2542782975296107,-2.5085565950592215
337,2,943.1666666666666,858.0,74,True,-1.6721592510277092,-1.6721592510277092,-3.3443185020554185
337,3,601.8333333333334,416.0,68,True,-0.9366867233527353,-0.9366867233527353,-1.8733734467054706
338,0,601.8333333333334,463.0,69,True,-0.9832674963953515,-0.9832674963953515,-1.966534992790703
338,1,601.8333333333334,630.0,71,True,-1.1487779027382659,-1.1487779027382659,-2.2975558054765317
338,2,601.8333333333334,877.0,74,True,-1.3935747312813773,-1.3935747312813773,-2.7871494625627546
338,3,601.8333333333334,709.0,72,True,-1.2270732446609616,-1.2270732446609616,-2.454146489321923
339,0,601.8333333333334,709.0,72,True,-1.2270732446609611,-1.2270732446609611,-2.4541464893219223
339,1,601.8333333333334,623.0,71,True,-1.141840340795749,-1.141840340795749,-2.283680681591498
339,2,601.8333333333334,708.0,72,True,-1.2260821643834592,-1.2260821643834592,-2.4521643287669184
339,3,601.8333333333334,525.0,69,True,-1.0447144736005054,-1.0447144736005054,-2.089428947201011
340,0,601.8333333333334,650.0,71,True,-1.1685995082883154,-1.1685995082883154,-2.3371990165766308
340,1,601.8333333333334,688.0,71,True,-1.2062605588334097,-1.2062605588334097,-2.4125211176668193
340,2,601.8333333333334,489.0,69,True,-1.0090355836104163,-1.0090355836104163,-2.0180711672208327
340,3,601.8333333333334,556.0,70,True,-1.0754379622030825,-1.0754379622030825,-2.150875924406165
341,0,601.8333333333334,716.0,72,True,-1.234010806603479,-1.234010806603479,-2.468021613206958
341,1,601.8333333333334,712.0,72,True,-1.230046485493469,-1.230046485493469,-2.460092970986938
341,2,601.8333333333334,506.0,69,True,-1.0258839483279585,-1.0258839483279585,-2.051767896655917
341,3,601.8333333333334,633.0,71,True,-1.151751143570773,-1.151751143570773,-2.303502287141546
342,0,601.8333333333334,576.0,70,True,-1.095259567753132,-1.095259567753132,-2.190519135506264
342,1,601.8333333333334,626.0,71,True,-1.1448135816282563,-1.1448135816282563,-2.2896271632565126
342,2,601.8333333333334,506.0,69,True,-1.0258839483279587,-1.0258839483279587,-2.0517678966559174
342,3,601.8333333333334,662.0,71,True,-1.1804924716183447,-1.1804924716183447,-2.3609849432366894
343,0,601.8333333333334,630.0,71,True,-1.1487779027382659,-1.1487779027382659,-2.2975558054765317
343,1,601.8333333333334,630.0,71,True,-1.1487779027382659,-1.1487779027382659,-2.2975558054765317
343,2,601.8333333333334,622.0,70,True,-1.1408492605182463,-1.1408492605182463,-2.2816985210364926
343,3,601.8333333333334,506.0,69,True,-1.025883948327958,-1.025883948327958,-2.051767896655916
344,0,601.8333333333334,576.0,70,True,-1.0952595677531318,-1.0952595677531318,-2.1905191355062636
344,1,646.8333333333334,736.0,71,True,-1.2930424034401968,-1.2930424034401968,-2.5860848068803937
344,2,646.8333333333334,536.0,70,True,-1.0948263479397013,-1.0948263479397013,-2.1896526958794027
344,3,601.8333333333334,489.0,69,True,-1.0090355836104163,-1.0090355836104163,-2.0180711672208327
345,0,646.8333333333334,712.0,72,True,-1.269256476780137,-1.269256476780137,-2.538512953560274
345,1,818.0,709.0,71,True,-1.4154264250269213,-1.4154264250269213,-2.8308528500538426
345,2,646.8333333333334,662.0,71,True,-1.2197024629050135,-1.2197024629050135,-2.439404925810027
345,3,601.8333333333334,592.0,70,True,-1.1111168521931718,-1.1111168521931718,-2.2222337043863436
346,0,646.8333333333334,853.0,74,True,-1.4089987959079868,-1.4089987959079868,-2.8179975918159736
346,1,601.8333333333334,779.0,73,True,-1.2964488640861347,-1.2964488640861347,-2.5928977281722694
346,2,601.8333333333334,662.0,71,True,-1.180492471618345,-1.180492471618345,-2.36098494323669
346,3,646.8333333333334,855.0,74,True,-1.410980956462992,-1.410980956462992,-2.821961912925984
347,0,646.8333333333334,779.0,73,True,-1.3356588553728033,-1.3356588553728033,-2.6713177107456065
347,1,601.8333333333334,746.0,72,True,-1.263743214928553,-1.263743214928553,-2.527486429857106
347,2,601.8333333333334,502.0,69,True,-1.0219196272179485,-1.0219196272179485,-2.043839254435897
347,3,601.8333333333334,506.0,69,True,-1.0258839483279583,-1.0258839483279583,-2.0517678966559165
348,0,601.8333333333334,662.0,71,True,-1.180492471618345,-1.180492471618345,-2.36098494323669
348,1,601.8333333333334,506.0,69,True,-1.0258839483279583,-1.0258839483279583,-2.0517678966559165
348,2,601.8333333333334,576.0,70,True,-1.0952595677531318,-1.0952595677531318,-2.1905191355062636
348,3,601.8333333333334,732.0,72,True,-1.2498680910435185,-1.2498680910435185,-2.499736182087037
349,0,601.8333333333334,666.0,71,True,-1.1844567927283547,-1.1844567927283547,-2.3689135854567094
349,1,601.8333333333334,662.0,71,True,-1.1804924716183447,-1.1804924716183447,-2.3609849432366894
349,2,601.8333333333334,642.0,71,True,-1.1606708660682952,-1.1606708660682952,-2.3213417321365903
349,3,646.8333333333334,736.0,72,True,-1.2930424034401973,-1.2930424034401973,-2.5860848068803945
350,0,601.8333333333334,506.0,69,True,-1.025883948327959,-1.025883948327959,-2.051767896655918
350,1,646.8333333333334,662.0,71,True,-1.2197024629050135,-1.2197024629050135,-2.439404925810027
350,2,601.8333333333334,416.0,68,True,-0.9366867233527353,-0.9366867233527353,-1.8733734467054706
350,3,601.8333333333334,646.0,71,True,-1.1646351871783052,-1.1646351871783052,-2.3292703743566103
351,0,601.8333333333334,506.0,69,True,-1.0258839483279585,-1.0258839483279585,-2.051767896655917
351,1,601.8333333333334,592.0,70,True,-1.1111168521931716,-1.1111168521931716,-2.222233704386343
351,2,601.8333333333334,662.0,71,True,-1.1804924716183447,-1.1804924716183447,-2.3609849432366894
351,3,601.8333333333334,559.0,70,True,-1.07841120303559,-1.07841120303559,-2.15682240607118
352,0,601.8333333333334,416.0,68,True,-0.9366867233527351,-0.9366867233527351,-1.8733734467054701
352,1,601.8333333333334,792.0,73,True,-1.309332907693667,-1.309332907693667,-2.618665815387334
352,2,601.8333333333334,549.0,70,True,-1.0685004002605651,-1.0685004002605651,-2.1370008005211303
352,3,601.8333333333334,486.0,69,True,-1.006062342777909,-1.006062342777909,-2.012124685555818
353,0,601.8333333333334,782.0,73,True,-1.299422104918643,-1.299422104918643,-2.598844209837286
353,1,601.8333333333334,416.0,68,True,-0.9366867233527353,-0.9366867233527353,-1.8733734467054706
353,2,601.8333333333334,849.0,74,True,-1.3658244835113085,-1.3658244835113085,-2.731648967022617
353,3,601.8333333333334,782.0,73,True,-1.2994221049186425,-1.2994221049186425,-2.598844209837285
354,0,601.8333333333334,944.0,75,True,-1.4599771098740442,-1.4599771098740442,-2.9199542197480883
354,1,601.8333333333334,634.0,71,True,-1.1527422238482758,-1.1527422238482758,-2.3054844476965517
354,2,601.8333333333334,621.0,71,True,-1.1398581802407437,-1.1398581802407437,-2.2797163604814874
354,3,601.8333333333334,754.0,72,True,-1.271671857148573,-1.271671857148573,-2.543343714297146
355,0,601.8333333333334,553.0,70,True,-1.072464721370575,-1.072464721370575,-2.14492944274115
355,1,601.8333333333334,610.0,71,True,-1.1289562971882168,-1.1289562971882168,-2.2579125943764335
355,2,601.8333333333334,493.0,69,True,-1.0129999047204266,-1.0129999047204266,-2.025999809440853
355,3,601.8333333333334,715.0,72,True,-1.2330197263259766,-1.2330197263259766,-2.466039452651953
356,0,601.8333333333334,478.0,69,True,-0.9981337005578891,-0.9981337005578891,-1.9962674011157782
356,1,573.8333333333334,632.0,71,True,-1.1263627353815655,-1.1263627353815655,-2.252725470763131
356,2,810.0000000000001,895.0,73,True,-1.5927966915247525,-1.5927966915247525,-3.185593383049505
356,3,646.8333333333334,639.0,71,True,-1.1969076165224564,-1.1969076165224564,-2.3938152330449127
357,0,601.8333333333334,512.0,69,True,-1.0318304299929733,-1.0318304299929733,-2.0636608599859465
357,1,601.8333333333334,679.0,72,True,-1.197340836335887,-1.197340836335887,-2.394681672671774
357,2,601.8333333333334,486.0,69,True,-1.0060623427779092,-1.0060623427779092,-2.0121246855558184
357,3,601.8333333333334,719.0,72,True,-1.2369840474359861,-1.2369840474359861,-2.4739680948719722
358,0,601.8333333333334,523.0,69,True,-1.0427323130455006,-1.0427323130455006,-2.0854646260910013
358,1,601.8333333333334,486.0,69,True,-1.006062342777909,-1.006062342777909,-2.012124685555818
358,2,573.8333333333334,822.0,74,True,-1.3146679881070364,-1.3146679881070364,-2.629335976214073
358,3,601.8333333333334,576.0,70,True,-1.095259567753132,-1.095259567753132,-2.190519135506264
359,0,601.8333333333334,897.0,74,True,-1.4133963368314273,-1.4133963368314273,-2.8267926736628546
359,1,601.8333333333334,575.0,70,True,-1.0942684874756292,-1.0942684874756292,-2.1885369749512584
359,2,601.8333333333334,888.0,75,True,-1.404476614333905,-1.404476614333905,-2.80895322866781
359,3,573.8333333333334,705.0,72,True,-1.198711595639247,-1.198711595639247,-2.397423191278494
360,0,637.8333333333334,998.0,76,True,-1.5448634378885129,-1.5448634378885129,-3.0897268757770258
360,1,589.8333333333334,666.0,71,True,-1.17400079505191,-1.17400079505191,-2.34800159010382
360,2,601.8333333333334,416.0,68,True,-0.9366867233527355,-0.9366867233527355,-1.873373446705471
360,3,573.8333333333334,686.0,72,True,-1.1798810703667002,-1.1798810703667002,-2.3597621407334004
361,0,573.8333333333334,951.0,76,True,-1.442517343904856,-1.442517343904856,-2.885034687809712
361,1,601.8333333333334,533.0,70,True,-1.0526431158205258,-1.0526431158205258,-2.1052862316410517
361,2,601.8333333333334,718.0,72,True,-1.235992967158484,-1.235992967158484,-2.471985934316968
361,3,601.8333333333334,653.0,71,True,-1.1715727491208225,-1.1715727491208225,-2.343145498241645
362,0,601.8333333333334,431.0,68,True,-0.9515529275152727,-0.9515529275152727,-1.9031058550305453
362,1,601.8333333333334,706.0,72,True,-1.2241000038284535,-1.2241000038284535,-2.448200007656907
362,2,637.8333333333334,829.0,74,True,-1.377370870990594,-1.377370870990594,-2.754741741981188
362,3,601.8333333333334,574.0,70,True,-1.093277407198127,-1.093277407198127,-2.186554814396254
363,0,601.8333333333334,703.0,72,True,-1.2211267629959468,-1.2211267629959468,-2.4422535259918936
363,1,601.8333333333334,502.0,69,True,-1.0219196272179487,-1.0219196272179487,-2.0438392544358974
363,2,601.8333333333334,516.0,69,True,-1.0357947511029832,-1.0357947511029832,-2.0715895022059665
363,3,601.8333333333334,706.0,72,True,-1.2241000038284544,-1.2241000038284544,-2.448200007656909
364,0,601.8333333333334,416.0,68,True,-0.9366867233527351,-0.9366867233527351,-1.8733734467054701
364,1,601.8333333333334,416.0,68,True,-0.9366867233527353,-0.9366867233527353,-1.8733734467054706
364,2,601.8333333333334,732.0,72,True,-1.249868091043518,-1.249868091043518,-2.499736182087036
364,3,601.8333333333334,742.0,71,True,-1.2597788938185432,-1.2597788938185432,-2.5195577876370865
365,0,601.8333333333334,618.0,70,True,-1.136884939408236,-1.136884939408236,-2.273769878816472
365,1,601.8333333333334,662.0,71,True,-1.180492471618345,-1.180492471618345,-2.36098494323669
365,2,601.8333333333334,673.0,71,True,-1.1913943546708718,-1.1913943546708718,-2.3827887093417437
365,3,601.8333333333334,549.0,70,True,-1.0685004002605651,-1.0685004002605651,-2.1370008005211303
366,0,601.8333333333334,882.0,74,True,-1.3985301326688904,-1.3985301326688904,-2.7970602653377807
366,1,573.8333333333334,696.0,72,True,-1.1897918731417243,-1.1897918731417243,-2.3795837462834486
366,2,601.8333333333334,692.0,72,True,-1.2102248799434194,-1.2102248799434194,-2.420449759886839
366,3,601.8333333333334,634.0,70,True,-1.1527422238482754,-1.1527422238482754,-2.305484447696551
367,0,601.8333333333334,416.0,68,True,-0.9366867233527355,-0.9366867233527355,-1.873373446705471
367,1,589.8333333333334,630.0,71,True,-1.1383219050618207,-1.1383219050618207,-2.2766438101236415
367,2,810.0,705.0,71,True,-1.4044914387992815,-1.4044914387992815,-2.808982877598563
367,3,601.8333333333334,549.0,70,True,-1.0685004002605647,-1.0685004002605647,-2.1370008005211294
368,0,601.8333333333334,922.0,75,True,-1.4381733437689894,-1.4381733437689894,-2.876346687537979
368,1,601.8333333333334,489.0,69,True,-1.0090355836104161,-1.0090355836104161,-2.0180711672208322
368,2,601.8333333333334,416.0,68,True,-0.9366867233527353,-0.9366867233527353,-1.8733734467054706
368,3,601.8333333333334,728.0,71,True,-1.2459037699335085,-1.2459037699335085,-2.491807539867017
369,0,589.8333333333334,607.0,71,True,-1.1155270586792638,-1.1155270586792638,-2.2310541173585277
369,1,601.8333333333334,805.0,72,True,-1.3222169513011992,-1.3222169513011992,-2.6444339026023984
369,2,601.8333333333334,442.0,68,True,-0.9624548105677996,-0.9624548105677996,-1.9249096211355992
369,3,601.8333333333334,576.0,70,True,-1.0952595677531318,-1.0952595677531318,-2.1905191355062636
370,0,601.8333333333334,486.0,69,True,-1.006062342777909,-1.006062342777909,-2.012124685555818
370,1,601.8333333333334,654.0,71,True,-1.172563829398325,-1.172563829398325,-2.34512765879665
370,2,601.8333333333334,654.0,71,True,-1.1725638293983247,-1.1725638293983247,-2.3451276587966494
370,3,601.8333333333334,416.0,68,True,-0.9366867233527357,-0.9366867233527357,-1.8733734467054715
371,0,601.8333333333334,619.0,71,True,-1.1378760196857387,-1.1378760196857387,-2.2757520393714774
371,1,601.8333333333334,662.0,71,True,-1.1804924716183451,-1.1804924716183451,-2.3609849432366903
371,2,601.8333333333334,719.0,72,True,-1.2369840474359863,-1.2369840474359863,-2.4739680948719727
371,3,601.8333333333334,512.0,69,True,-1.0318304299929733,-1.0318304299929733,-2.0636608599859465
372,0,601.8333333333334,576.0,70,True,-1.0952595677531318,-1.0952595677531318,-2.1905191355062636
372,1,601.8333333333334,783.0,73,True,-1.300413185196145,-1.300413185196145,-2.60082637039229
372,2,601.8333333333334,576.0,70,True,-1.0952595677531318,-1.0952595677531318,-2.1905191355062636
372,3,601.8333333333334,758.0,72,True,-1.2756361782585828,-1.2756361782585828,-2.5512723565171656
373,0,589.8333333333334,510.0,69,True,-1.0193922717615231,-1.0193922717615231,-2.0387845435230463
373,1,573.8333333333334,511.0,69,True,-1.006442021803766,-1.006442021803766,-2.012884043607532
373,2,589.8333333333334,697.0,72,True,-1.2047242836544865,-1.2047242836544865,-2.409448567308973
373,3,573.8333333333334,706.0,72,True,-1.199702675916749,-1.199702675916749,-2.399405351833498
374,0,601.8333333333334,416.0,68,True,-0.9366867233527355,-0.9366867233527355,-1.873373446705471
374,1,573.8333333333334,700.0,72,True,-1.193756194251734,-1.193756194251734,-2.387512388503468
374,2,573.8333333333334,512.0,69,True,-1.0074331020812684,-1.0074331020812684,-2.0148662041625367
374,3,601.8333333333334,801.0,73,True,-1.3182526301911894,-1.3182526301911894,-2.636505260382379
375,0,589.8333333333334,420.0,68,True,-0.9301950467863004,-0.9301950467863004,-1.8603900935726008
375,1,573.8333333333334,696.0,72,True,-1.1897918731417243,-1.1897918731417243,-2.3795837462834486
375,2,573.8333333333334,644.0,71,True,-1.1382556987115957,-1.1382556987115957,-2.2765113974231914
375,3,601.8333333333334,416.0,68,True,-0.9366867233527353,-0.9366867233527353,-1.8733734467054706
376,0,601.8333333333334,416.0,68,True,-0.9366867233527355,-0.9366867233527355,-1.873373446705471
376,1,573.8333333333334,485.0,69,True,-0.9806739345887013,-0.9806739345887013,-1.9613478691774027
376,2,573.8333333333334,588.0,70,True,-1.082755203171457,-1.082755203171457,-2.165510406342914
376,3,573.8333333333334,696.0,72,True,-1.189791873141724,-1.189791873141724,-2.379583746283448
377,0,573.8333333333334,621.0,71,True,-1.1154608523290386,-1.1154608523290386,-2.230921704658077
377,1,601.8333333333334,621.0,71,True,-1.1398581802407435,-1.1398581802407435,-2.279716360481487
377,2,573.8333333333334,668.0,71,True,-1.162041625371655,-1.162041625371655,-2.32408325074331
377,3,601.8333333333334,944.0,75,True,-1.459977109874044,-1.459977109874044,-2.919954219748088
378,0,573.8333333333334,696.0,72,True,-1.189791873141724,-1.189791873141724,-2.379583746283448
378,1,573.8333333333334,700.0,72,True,-1.193756194251734,-1.193756194251734,-2.387512388503468
378,2,646.8333333333334,699.0,71,True,-1.2563724331726054,-1.2563724331726054,-2.5127448663452108
378,3,601.8333333333334,692.0,71,True,-1.2102248799434192,-1.2102248799434192,-2.4204497598868384
379,0,593.8333333333334,993.0,76,True,-1.5015693783540354,-1.5015693783540354,-3.0031387567080707
379,1,601.8333333333334,673.0,71,True,-1.191394354670872,-1.191394354670872,-2.382788709341744
379,2,810.0000000000001,1127.0,77,True,-1.822727315905327,-1.822727315905327,-3.645454631810654
379,3,573.8333333333334,863.0,74,True,-1.3553022794846383,-1.3553022794846383,-2.7106045589692767
380,0,573.8333333333334,814.0,73,True,-1.3067393458870167,-1.3067393458870167,-2.6134786917740334
380,1,573.8333333333334,512.0,69,True,-1.0074331020812684,-1.0074331020812684,-2.0148662041625367
380,2,601.8333333333334,723.0,72,True,-1.240948368545996,-1.240948368545996,-2.481896737091992
380,3,589.8333333333334,708.0,72,True,-1.2156261667070147,-1.2156261667070147,-2.4312523334140295
381,0,601.8333333333334,695.0,71,True,-1.213198120775927,-1.213198120775927,-2.426396241551854
381,1,589.8333333333334,458.0,68,True,-0.9678560973313951,-0.9678560973313951,-1.9357121946627902
381,2,589.8333333333334,644.0,71,True,-1.1521970289468553,-1.1521970289468553,-2.3043940578937105
381,3,573.8333333333334,364.0,67,True,-0.8607532210109018,-0.8607532210109018,-1.7215064420218036
382,0,637.8333333333334,1156.0,78,True,-1.7014541217339036,-1.7014541217339036,-3.4029082434678073
382,1,810.0,702.0,71,True,-1.4015181979667743,-1.4015181979667743,-2.8030363959335487
382,2,601.8333333333334,587.0,70,True,-1.106161450805659,-1.106161450805659,-2.212322901611318
382,3,601.8333333333334,416.0,68,True,-0.9366867233527353,-0.9366867233527353,-1.8733734467054706
383,0,601.8333333333334,696.0,72,True,-1.2141892010534299,-1.2141892010534299,-2.4283784021068597
383,1,637.8333333333334,1173.0,78,True,-1.7183024864514462,-1.7183024864514462,-3.4366049729028925
383,2,943.1666666666666,831.0,73,True,-1.6454000835351423,-1.6454000835351423,-3.2908001670702847
383,3,803.1666666666666,1071.0,77,True,-1.7612727105772135,-1.7612727105772135,-3.522545421154427
384,0,573.8333333333334,511.0,69,True,-1.0064420218037657,-1.0064420218037657,-2.0128840436075315
384,1,601.8333333333334,603.0,71,True,-1.1220187352456987,-1.1220187352456987,-2.2440374704913975
384,2,573.8333333333334,778.0,73,True,-1.271060455896928,-1.271060455896928,-2.542120911793856
384,3,646.8333333333334,603.0,70,True,-1.1612287265323675,-1.1612287265323675,-2.322457453064735
385,0,601.8333333333334,442.0,68,True,-0.9624548105677998,-0.9624548105677998,-1.9249096211355996
385,1,573.8333333333334,840.0,74,True,-1.3325074331020814,-1.3325074331020814,-2.665014866204163
385,2,573.8333333333334,692.0,72,True,-1.1858275520317143,-1.1858275520317143,-2.3716551040634286
385,3,589.8333333333334,863.0,75,True,-1.3692436097198981,-1.3692436097198981,-2.7384872194397962
386,0,601.8333333333334,647.0,70,True,-1.1656262674558082,-1.1656262674558082,-2.3312525349116164
386,1,601.8333333333334,416.0,68,True,-0.9366867233527353,-0.9366867233527353,-1.8733734467054706
386,2,601.8333333333334,486.0,69,True,-1.006062342777909,-1.006062342777909,-2.012124685555818
386,3,601.8333333333334,677.0,72,True,-1.195358675780882,-1.195358675780882,-2.390717351561764
387,0,573.8333333333334,991.0,76,True,-1.4821605550049555,-1.4821605550049555,-2.964321110009911
387,1,601.8333333333334,416.0,68,True,-0.9366867233527351,-0.9366867233527351,-1.8733734467054701
387,2,573.8333333333334,645.0,71,True,-1.1392467789890974,-1.1392467789890974,-2.278493557978195
387,3,573.8333333333334,512.0,69,True,-1.0074331020812686,-1.0074331020812686,-2.014866204162537
388,0,601.8333333333334,817.0,73,True,-1.3341099146312292,-1.3341099146312292,-2.6682198292624584
388,1,601.8333333333334,711.0,72,True,-1.2290554052159668,-1.2290554052159668,-2.4581108104319336
388,2,601.8333333333334,807.0,73,True,-1.3241991118562038,-1.3241991118562038,-2.6483982237124075
388,3,601.8333333333334,512.0,69,True,-1.031830429992973,-1.031830429992973,-2.063660859985946
389,0,601.8333333333334,669.0,71,True,-1.1874300335608623,-1.1874300335608623,-2.3748600671217246
389,1,810.0,632.0,70,True,-1.3321425785416006,-1.3321425785416006,-2.664285157083201
389,2,601.8333333333334,720.0,72,True,-1.237975127713489,-1.237975127713489,-2.475950255426978
389,3,601.8333333333334,662.0,71,True,-1.1804924716183447,-1.1804924716183447,-2.3609849432366894
390,0,646.8333333333334,680.0,72,True,-1.237541907900058,-1.237541907900058,-2.475083815800116
390,1,601.8333333333334,416.0,68,True,-0.9366867233527351,-0.9366867233527351,-1.8733734467054701
390,2,646.8333333333334,669.0,71,True,-1.2266400248475309,-1.2266400248475309,-2.4532800496950617
390,3,685.8333333333334,1189.0,79,True,-1.7759837615972653,-1.7759837615972653,-3.5519675231945307
391,0,601.8333333333334,623.0,71,True,-1.1418403407957485,-1.1418403407957485,-2.283680681591497
391,1,601.8333333333334,622.0,71,True,-1.1408492605182465,-1.1408492605182465,-2.281698521036493
391,2,601.8333333333334,463.0,69,True,-0.9832674963953519,-0.9832674963953519,-1.9665349927907039
391,3,601.8333333333334,463.0,69,True,-0.9832674963953519,-0.9832674963953519,-1.9665349927907039
392,0,601.8333333333334,646.0,71,True,-1.1646351871783054,-1.1646351871783054,-2.3292703743566108
392,1,601.8333333333334,689.0,71,True,-1.2072516391109123,-1.2072516391109123,-2.4145032782218245
392,2,601.8333333333334,416.0,68,True,-0.9366867233527351,-0.9366867233527351,-1.8733734467054701
392,3,573.8333333333334,527.0,69,True,-1.0222993062438057,-1.0222993062438057,-2.0445986124876114
393,0,601.8333333333334,746.0,72,True,-1.2637432149285528,-1.2637432149285528,-2.5274864298571056
393,1,601.8333333333334,506.0,69,True,-1.0258839483279585,-1.0258839483279585,-2.051767896655917
393,2,601.8333333333334,829.0,73,True,-1.346002877961259,-1.346002877961259,-2.692005755922518
393,3,601.8333333333334,454.0,68,True,-0.9743477738978296,-0.9743477738978296,-1.9486955477956591
394,0,601.8333333333334,811.0,73,True,-1.3281634329662142,-1.3281634329662142,-2.6563268659324284
394,1,601.8333333333334,689.0,71,True,-1.2072516391109123,-1.2072516391109123,-2.4145032782218245
394,2,573.8333333333334,586.0,70,True,-1.080773042616452,-1.080773042616452,-2.161546085232904
394,3,601.8333333333334,455.0,68,True,-0.9753388541753317,-0.9753388541753317,-1.9506777083506635
395,0,601.8333333333334,825.0,73,True,-1.3420385568512487,-1.3420385568512487,-2.6840771137024975
395,1,637.8333333333334,1139.0,77,True,-1.6846057570163624,-1.6846057570163624,-3.369211514032725
395,2,601.8333333333334,582.0,70,True,-1.1012060494181468,-1.1012060494181468,-2.2024120988362936
395,3,573.8333333333334,575.0,70,True,-1.0698711595639245,-1.0698711595639245,-2.139742319127849
396,0,573.8333333333334,856.0,74,True,-1.3483647175421205,-1.3483647175421205,-2.696729435084241
396,1,601.8333333333334,751.0,72,True,-1.268698616316065,-1.268698616316065,-2.53739723263213
396,2,601.8333333333334,751.0,72,True,-1.2686986163160654,-1.2686986163160654,-2.537397232632131
396,3,601.8333333333334,486.0,69,True,-1.0060623427779087,-1.0060623427779087,-2.0121246855558175
397,0,589.8333333333334,687.0,72,True,-1.1948134808794617,-1.1948134808794617,-2.3896269617589234
397,1,601.8333333333334,808.0,73,True,-1.325190192133707,-1.325190192133707,-2.650380384267414
397,2,601.8333333333334,683.0,71,True,-1.2013051574458973,-1.2013051574458973,-2.4026103148917946
397,3,601.8333333333334,683.0,72,True,-1.2013051574458973,-1.2013051574458973,-2.4026103148917946
398,0,601.8333333333334,369.0,67,True,-0.8901059503101191,-0.8901059503101191,-1.7802119006202382
398,1,601.8333333333334,545.0,69,True,-1.0645360791505551,-1.0645360791505551,-2.1290721583011103
398,2,601.8333333333334,748.0,72,True,-1.2657253754835578,-1.2657253754835578,-2.5314507509671156
398,3,573.8333333333334,932.0,75,True,-1.4236868186323088,-1.4236868186323088,-2.8473736372646177
399,0,601.8333333333334,736.0,72,True,-1.2538324121535285,-1.2538324121535285,-2.507664824307057
399,1,637.8333333333334,637.0,71,True,-1.1870834577101175,-1.1870834577101175,-2.374166915420235
399,2,601.8333333333334,532.0,69,True,-1.0516520355430226,-1.0516520355430226,-2.103304071086045
399,3,601.8333333333334,662.0,71,True,-1.180492471618345,-1.180492471618345,-2.36098494323669
400,0,601.8333333333334,649.0,71,True,-1.167608428010813,-1.167608428010813,-2.335216856021626
400,1,573.8333333333334,644.0,71,True,-1.1382556987115957,-1.1382556987115957,-2.2765113974231914
400,2,601.8333333333334,506.0,69,True,-1.0258839483279583,-1.0258839483279583,-2.0517678966559165
400,3,601.8333333333334,568.0,70,True,-1.0873309255331125,-1.0873309255331125,-2.174661851066225
401,0,601.8333333333334,679.0,71,True,-1.1973408363358868,-1.1973408363358868,-2.3946816726717737
401,1,601.8333333333334,455.0,68,True,-0.975338854175332,-0.975338854175332,-1.950677708350664
401,2,601.8333333333334,506.0,69,True,-1.0258839483279585,-1.0258839483279585,-2.051767896655917
401,3,601.8333333333334,758.0,72,True,-1.275636178258583,-1.275636178258583,-2.551272356517166
402,0,601.8333333333334,459.0,68,True,-0.9793031752853419,-0.9793031752853419,-1.9586063505706839
402,1,601.8333333333334,416.0,68,True,-0.9366867233527348,-0.9366867233527348,-1.8733734467054697
402,2,601.8333333333334,506.0,69,True,-1.0258839483279587,-1.0258839483279587,-2.0517678966559174
402,3,601.8333333333334,607.0,70,True,-1.1259830563557087,-1.1259830563557087,-2.2519661127114174
403,0,589.8333333333334,787.0,73,True,-1.2939215086297096,-1.2939215086297096,-2.587843017259419
403,1,646.8333333333334,736.0,71,True,-1.293042403440197,-1.293042403440197,-2.586084806880394
403,2,601.8333333333334,416.0,68,True,-0.9366867233527348,-0.9366867233527348,-1.8733734467054697
403,3,601.8333333333334,537.0,70,True,-1.0566074369305354,-1.0566074369305354,-2.1132148738610708
404,0,589.8333333333334,775.0,73,True,-1.28202854529968,-1.28202854529968,-2.56405709059936
404,1,601.8333333333334,662.0,71,True,-1.1804924716183447,-1.1804924716183447,-2.3609849432366894
404,2,646.8333333333334,960.0,75,True,-1.5150443856007523,-1.5150443856007523,-3.0300887712015045
404,3,601.8333333333334,646.0,71,True,-1.164635187178305,-1.164635187178305,-2.32927037435661
405,0,601.8333333333334,416.0,68,True,-0.9366867233527355,-0.9366867233527355,-1.873373446705471
405,1,601.8333333333334,712.0,72,True,-1.2300464854934694,-1.2300464854934694,-2.460092970986939
405,2,601.8333333333334,662.0,71,True,-1.180492471618345,-1.180492471618345,-2.36098494323669
405,3,646.8333333333334,592.0,70,True,-1.1503268434798402,-1.1503268434798402,-2.3006536869596803
406,0,601.8333333333334,506.0,69,True,-1.0258839483279585,-1.0258839483279585,-2.051767896655917
406,1,601.8333333333334,583.0,70,True,-1.1021971296956492,-1.1021971296956492,-2.2043942593912984
406,2,601.8333333333334,559.0,70,True,-1.07841120303559,-1.07841120303559,-2.15682240607118
406,3,601.8333333333334,649.0,71,True,-1.167608428010813,-1.167608428010813,-2.335216856021626
407,0,573.8333333333334,808.0,73,True,-1.300792864222002,-1.300792864222002,-2.601585728444004
407,1,601.8333333333334,948.0,75,True,-1.4639414309840542,-1.4639414309840542,-2.9278828619681083
407,2,601.8333333333334,761.0,72,True,-1.2786094190910902,-1.2786094190910902,-2.5572188381821803
407,3,601.8333333333334,796.0,73,True,-1.3132972288036773,-1.3132972288036773,-2.6265944576073545
408,0,601.8333333333334,528.0,69,True,-1.047687714433013,-1.047687714433013,-2.095375428866026
408,1,601.8333333333334,502.0,69,True,-1.0219196272179485,-1.0219196272179485,-2.043839254435897
408,2,601.8333333333334,669.0,71,True,-1.1874300335608627,-1.1874300335608627,-2.3748600671217255
408,3,601.8333333333334,459.0,68,True,-0.9793031752853419,-0.9793031752853419,-1.9586063505706839
409,0,601.8333333333334,639.0,71,True,-1.1576976252357882,-1.1576976252357882,-2.3153952504715765
409,1,601.8333333333334,779.0,73,True,-1.2964488640861354,-1.2964488640861354,-2.5928977281722707
409,2,646.8333333333334,662.0,71,True,-1.2197024629050135,-1.2197024629050135,-2.439404925810027
409,3,810.0000000000001,702.0,71,True,-1.4015181979667737,-1.4015181979667737,-2.8030363959335474
410,0,601.8333333333334,506.0,69,True,-1.0258839483279585,-1.0258839483279585,-2.051767896655917
410,1,601.8333333333334,650.0,71,True,-1.1685995082883152,-1.1685995082883152,-2.3371990165766303
410,2,601.8333333333334,493.0,69,True,-1.0129999047204261,-1.0129999047204261,-2.0259998094408522
410,3,601.8333333333334,459.0,68,True,-0.9793031752853419,-0.9793031752853419,-1.9586063505706839
411,0,601.8333333333334,603.0,70,True,-1.1220187352456987,-1.1220187352456987,-2.2440374704913975
411,1,818.0,619.0,70,True,-1.326229200051698,-1.326229200051698,-2.652458400103396
411,2,601.8333333333334,867.0,74,True,-1.383663928506353,-1.383663928506353,-2.767327857012706
411,3,601.8333333333334,459.0,68,True,-0.9793031752853419,-0.9793031752853419,-1.9586063505706839
412,0,601.8333333333334,615.0,70,True,-1.1339116985757287,-1.1339116985757287,-2.2678233971514574
412,1,601.8333333333334,536.0,69,True,-1.0556163566530328,-1.0556163566530328,-2.1112327133060655
412,2,601.8333333333334,369.0,67,True,-0.8901059503101189,-0.8901059503101189,-1.7802119006202377
412,3,601.8333333333334,583.0,69,True,-1.1021971296956494,-1.1021971296956494,-2.204394259391299
413,0,601.8333333333334,416.0,68,True,-0.9366867233527351,-0.9366867233527351,-1.8733734467054701
413,1,601.8333333333334,583.0,70,True,-1.1021971296956492,-1.1021971296956492,-2.2043942593912984
413,2,601.8333333333334,455.0,68,True,-0.975338854175332,-0.975338854175332,-1.950677708350664
413,3,601.8333333333334,583.0,70,True,-1.1021971296956494,-1.1021971296956494,-2.204394259391299
414,0,601.8333333333334,416.0,68,True,-0.9366867233527353,-0.9366867233527353,-1.8733734467054706
414,1,601.8333333333334,835.0,73,True,-1.3519493596262733,-1.3519493596262733,-2.7038987192525465
414,2,601.8333333333334,583.0,70,True,-1.1021971296956494,-1.1021971296956494,-2.204394259391299
414,3,810.0000000000001,709.0,71,True,-1.4084557599092917,-1.4084557599092917,-2.8169115198185835
415,0,601.8333333333334,416.0,68,True,-0.9366867233527353,-0.9366867233527353,-1.8733734467054706
415,1,573.8333333333334,485.0,69,True,-0.9806739345887013,-0.9806739345887013,-1.9613478691774027
415,2,601.8333333333334,416.0,68,True,-0.9366867233527351,-0.9366867233527351,-1.8733734467054701
415,3,589.8333333333334,506.0,69,True,-1.0154279506515134,-1.0154279506515134,-2.0308559013030267
416,0,601.8333333333334,506.0,69,True,-1.0258839483279585,-1.0258839483279585,-2.051767896655917
416,1,810.0,585.0,69,True,-1.285561805498984,-1.285561805498984,-2.571123610997968
416,2,601.8333333333334,607.0,70,True,-1.1259830563557083,-1.1259830563557083,-2.2519661127114166
416,3,601.8333333333334,669.0,71,True,-1.1874300335608627,-1.1874300335608627,-2.3748600671217255
417,0,601.8333333333334,510.0,69,True,-1.0298482694379687,-1.0298482694379687,-2.0596965388759374
417,1,601.8333333333334,506.0,69,True,-1.0258839483279587,-1.0258839483279587,-2.0517678966559174
417,2,601.8333333333334,592.0,70,True,-1.1111168521931716,-1.1111168521931716,-2.222233704386343
417,3,601.8333333333334,532.0,69,True,-1.0516520355430228,-1.0516520355430228,-2.1033040710860456
418,0,601.8333333333334,506.0,69,True,-1.0258839483279585,-1.0258839483279585,-2.051767896655917
418,1,646.8333333333334,545.0,69,True,-1.1037460704372237,-1.1037460704372237,-2.2074921408744475
418,2,573.8333333333334,438.0,68,True,-0.9340931615460851,-0.9340931615460851,-1.8681863230921703
418,3,601.8333333333334,592.0,70,True,-1.1111168521931716,-1.1111168521931716,-2.222233704386343
419,0,637.8333333333334,643.0,71,True,-1.1930299393751327,-1.1930299393751327,-2.3860598787502654
419,1,589.8333333333334,596.0,70,True,-1.1046251756267365,-1.1046251756267365,-2.209250351253473
419,2,601.8333333333334,583.0,70,True,-1.1021971296956492,-1.1021971296956492,-2.2043942593912984
419,3,601.8333333333334,662.0,71,True,-1.1804924716183451,-1.1804924716183451,-2.3609849432366903
420,0,601.8333333333334,528.0,69,True,-1.0476877144330132,-1.0476877144330132,-2.0953754288660265
420,1,601.8333333333334,746.0,72,True,-1.2637432149285535,-1.2637432149285535,-2.527486429857107
420,2,601.8333333333334,532.0,69,True,-1.0516520355430226,-1.0516520355430226,-2.103304071086045
420,3,601.8333333333334,506.0,69,True,-1.0258839483279585,-1.0258839483279585,-2.051767896655917
421,0,601.8333333333334,615.0,70,True,-1.1339116985757285,-1.1339116985757285,-2.267823397151457
421,1,601.8333333333334,369.0,67,True,-0.8901059503101191,-0.8901059503101191,-1.7802119006202382
421,2,601.8333333333334,618.0,70,True,-1.136884939408236,-1.136884939408236,-2.273769878816472
421,3,601.8333333333334,369.0,67,True,-0.8901059503101189,-0.8901059503101189,-1.7802119006202377
422,0,589.8333333333334,687.0,72,True,-1.194813480879462,-1.194813480879462,-2.389626961758924
422,1,601.8333333333334,566.0,70,True,-1.0853487649781075,-1.0853487649781075,-2.170697529956215
422,2,601.8333333333334,669.0,71,True,-1.1874300335608623,-1.1874300335608623,-2.3748600671217246
422,3,601.8333333333334,489.0,69,True,-1.0090355836104166,-1.0090355836104166,-2.018071167220833
423,0,879.1666666666666,620.0,70,True,-1.3805168240410797,-1.3805168240410797,-2.7610336480821593
423,1,601.8333333333334,592.0,70,True,-1.1111168521931718,-1.1111168521931718,-2.2222337043863436
423,2,879.1666666666666,699.0,71,True,-1.4588121659637756,-1.4588121659637756,-2.917624331927551
423,3,669.8333333333334,778.0,73,True,-1.3547084373084872,-1.3547084373084872,-2.7094168746169744
424,0,929.1666666666666,714.0,72,True,-1.5172450271114997,-1.5172450271114997,-3.0344900542229993
424,1,601.8333333333334,795.0,73,True,-1.3123061485261744,-1.3123061485261744,-2.624612297052349
424,2,601.8333333333334,755.0,73,True,-1.2726629374260756,-1.2726629374260756,-2.5453258748521512
424,3,589.8333333333334,699.0,72,True,-1.2067064442094915,-1.2067064442094915,-2.413412888418983
425,0,573.8333333333334,661.0,71,True,-1.1551040634291374,-1.1551040634291374,-2.310208126858275
425,1,589.8333333333334,735.0,73,True,-1.2423853341995807,-1.2423853341995807,-2.4847706683991615
425,2,601.8333333333334,639.0,71,True,-1.1576976252357885,-1.1576976252357885,-2.315395250471577
425,3,601.8333333333334,629.0,71,True,-1.1477868224607632,-1.1477868224607632,-2.2955736449215265
426,0,879.1666666666666,714.0,72,True,-1.4736783701263128,-1.4736783701263128,-2.9473567402526255
426,1,893.1666666666666,729.0,71,True,-1.5007432382447023,-1.5007432382447023,-3.0014864764894047
426,2,573.8333333333334,870.0,74,True,-1.3622398414271555,-1.3622398414271555,-2.724479682854311
426,3,601.8333333333334,630.0,71,True,-1.148777902738266,-1.148777902738266,-2.297555805476532
427,0,573.8333333333334,635.0,71,True,-1.1293359762140733,-1.1293359762140733,-2.2586719524281467
427,1,601.8333333333334,633.0,71,True,-1.151751143570773,-1.151751143570773,-2.303502287141546
427,2,601.8333333333334,827.0,74,True,-1.3440207174062537,-1.3440207174062537,-2.6880414348125075
427,3,601.8333333333334,463.0,69,True,-0.9832674963953522,-0.9832674963953522,-1.9665349927907043
428,0,601.8333333333334,489.0,69,True,-1.0090355836104163,-1.0090355836104163,-2.0180711672208327
428,1,601.8333333333334,416.0,68,True,-0.9366867233527355,-0.9366867233527355,-1.873373446705471
428,2,601.8333333333334,712.0,72,True,-1.230046485493469,-1.230046485493469,-2.460092970986938
428,3,601.8333333333334,630.0,71,True,-1.1487779027382659,-1.1487779027382659,-2.2975558054765317
429,0,601.8333333333334,623.0,71,True,-1.1418403407957485,-1.1418403407957485,-2.283680681591497
429,1,601.8333333333334,525.0,70,True,-1.0447144736005058,-1.0447144736005058,-2.0894289472010117
429,2,601.8333333333334,699.0,72,True,-1.2171624418859368,-1.2171624418859368,-2.4343248837718736
429,3,589.8333333333334,587.0,71,True,-1.095705453129214,-1.095705453129214,-2.191410906258428
430,0,601.8333333333334,709.0,72,True,-1.2270732446609616,-1.2270732446609616,-2.454146489321923
430,1,601.8333333333334,576.0,70,True,-1.0952595677531318,-1.0952595677531318,-2.1905191355062636
430,2,601.8333333333334,672.0,71,True,-1.1904032743933697,-1.1904032743933697,-2.3808065487867394
430,3,601.8333333333334,699.0,72,True,-1.2171624418859368,-1.2171624418859368,-2.4343248837718736
431,0,601.8333333333334,683.0,72,True,-1.2013051574458973,-1.2013051574458973,-2.4026103148917946
431,1,601.8333333333334,710.0,72,True,-1.228064324938464,-1.228064324938464,-2.456128649876928
431,2,601.8333333333334,713.0,72,True,-1.2310375657709716,-1.2310375657709716,-2.462075131541943
431,3,573.8333333333334,705.0,72,True,-1.1987115956392467,-1.1987115956392467,-2.3974231912784933
432,0,589.8333333333334,614.0,71,True,-1.122464620621781,-1.122464620621781,-2.244929241243562
432,1,601.8333333333334,909.0,74,True,-1.4252893001614568,-1.4252893001614568,-2.8505786003229137
432,2,601.8333333333334,506.0,69,True,-1.0258839483279583,-1.0258839483279583,-2.0517678966559165
432,3,589.8333333333334,742.0,73,True,-1.2493228961420983,-1.2493228961420983,-2.4986457922841967
433,0,601.8333333333334,506.0,69,True,-1.0258839483279585,-1.0258839483279585,-2.051767896655917
433,1,573.8333333333334,708.0,72,True,-1.2016848364717543,-1.2016848364717543,-2.4033696729435086
433,2,589.8333333333334,674.0,72,True,-1.1819294372719296,-1.1819294372719296,-2.363858874543859
433,3,601.8333333333334,416.0,68,True,-0.9366867233527353,-0.9366867233527353,-1.8733734467054706
434,0,601.8333333333334,995.0,75,True,-1.5105222040266704,-1.5105222040266704,-3.0210444080533407
434,1,929.1666666666666,784.0,73,True,-1.5866206465366732,-1.5866206465366732,-3.1732412930733465
434,2,601.8333333333334,751.0,72,True,-1.2686986163160654,-1.2686986163160654,-2.537397232632131
434,3,601.8333333333334,755.0,72,True,-1.2726629374260754,-1.2726629374260754,-2.545325874852151
435,0,601.8333333333334,768.0,73,True,-1.2855469810336078,-1.2855469810336078,-2.5710939620672155
435,1,601.8333333333334,818.0,73,True,-1.3351009949087316,-1.3351009949087316,-2.670201989817463
435,2,589.8333333333334,758.0,73,True,-1.2651801805821377,-1.2651801805821377,-2.5303603611642753
435,3,573.8333333333334,753.0,73,True,-1.2462834489593655,-1.2462834489593655,-2.492566897918731
436,0,601.8333333333334,633.0,71,True,-1.1517511435707728,-1.1517511435707728,-2.3035022871415456
436,1,929.1666666666666,807.0,72,True,-1.6094154929192306,-1.6094154929192306,-3.218830985838461
436,2,601.8333333333334,610.0,71,True,-1.1289562971882166,-1.1289562971882166,-2.257912594376433
436,3,601.8333333333334,536.0,70,True,-1.0556163566530334,-1.0556163566530334,-2.111232713306067
437,0,601.8333333333334,493.0,69,True,-1.0129999047204263,-1.0129999047204263,-2.0259998094408527
437,1,601.8333333333334,536.0,70,True,-1.055616356653033,-1.055616356653033,-2.111232713306066
437,2,601.8333333333334,579.0,70,True,-1.0982328085856392,-1.0982328085856392,-2.1964656171712784
437,3,601.8333333333334,929.0,75,True,-1.4451109057115068,-1.4451109057115068,-2.8902218114230136
438,0,601.8333333333334,835.0,73,True,-1.3519493596262735,-1.3519493596262735,-2.703898719252547
438,1,601.8333333333334,416.0,68,True,-0.9366867233527353,-0.9366867233527353,-1.8733734467054706
438,2,601.8333333333334,416.0,68,True,-0.9366867233527353,-0.9366867233527353,-1.8733734467054706
438,3,601.8333333333334,416.0,68,True,-0.9366867233527355,-0.9366867233527355,-1.873373446705471
439,0,601.8333333333334,724.0,71,True,-1.241939448823499,-1.241939448823499,-2.483878897646998
439,1,649.8333333333334,529.0,69,True,-1.090502785416295,-1.090502785416295,-2.18100557083259
439,2,601.8333333333334,509.0,69,True,-1.0288571891604659,-1.0288571891604659,-2.0577143783209317
439,3,601.8333333333334,952.0,75,True,-1.4679057520940637,-1.4679057520940637,-2.9358115041881274
440,0,601.8333333333334,551.0,70,True,-1.0704825608155704,-1.0704825608155704,-2.1409651216311407
440,1,649.8333333333334,506.0,69,True,-1.0677079390337383,-1.0677079390337383,-2.1354158780674766
440,2,601.8333333333334,416.0,68,True,-0.9366867233527351,-0.9366867233527351,-1.8733734467054701
440,3,601.8333333333334,579.0,70,True,-1.0982328085856394,-1.0982328085856394,-2.196465617171279
441,0,601.8333333333334,680.0,71,True,-1.1983319166133897,-1.1983319166133897,-2.3966638332267793
441,1,601.8333333333334,572.0,70,True,-1.091295246643122,-1.091295246643122,-2.182590493286244
441,2,573.8333333333334,692.0,72,True,-1.1858275520317145,-1.1858275520317145,-2.371655104063429
441,3,601.8333333333334,489.0,69,True,-1.0090355836104163,-1.0090355836104163,-2.0180711672208327
442,0,943.1666666666666,592.0,70,True,-1.4085318972120502,-1.4085318972120502,-2.8170637944241004
442,1,929.1666666666666,759.0,72,True,-1.561843639599111,-1.561843639599111,-3.123687279198222
442,2,915.1666666666666,611.0,70,True,-1.4029650945728922,-1.4029650945728922,-2.8059301891457844
442,3,589.8333333333334,467.0,69,True,-0.9767758198289168,-0.9767758198289168,-1.9535516396578336
443,0,573.8333333333334,555.0,70,True,-1.0500495540138752,-1.0500495540138752,-2.1000991080277505
443,1,601.8333333333334,416.0,68,True,-0.9366867233527351,-0.9366867233527351,-1.8733734467054701
443,2,601.8333333333334,536.0,70,True,-1.0556163566530332,-1.0556163566530332,-2.1112327133060664
443,3,943.1666666666666,611.0,70,True,-1.4273624224845967,-1.4273624224845967,-2.8547248449691933
444,0,601.8333333333334,559.0,70,True,-1.0784112030355901,-1.0784112030355901,-2.1568224060711803
444,1,601.8333333333334,878.0,74,True,-1.39456581155888,-1.39456581155888,-2.78913162311776
444,2,601.8333333333334,875.0,74,True,-1.3915925707263725,-1.3915925707263725,-2.783185141452745
444,3,601.8333333333334,536.0,69,True,-1.0556163566530326,-1.0556163566530326,-2.111232713306065
445,0,879.1666666666666,885.0,73,True,-1.6431530975792366,-1.6431530975792366,-3.286306195158473
445,1,1036.5,873.0,74,True,-1.768349881562596,-1.768349881562596,-3.536699763125192
445,2,879.1666666666666,717.0,71,True,-1.4766516109588201,-1.4766516109588201,-2.9533032219176403
445,3,929.1666666666666,807.0,73,True,-1.6094154929192304,-1.6094154929192304,-3.2188309858384607
446,0,589.8333333333334,915.0,75,True,-1.4207797841500276,-1.4207797841500276,-2.841559568300055
446,1,601.8333333333334,574.0,70,True,-1.093277407198127,-1.093277407198127,-2.186554814396254
446,2,803.1666666666666,941.0,75,True,-1.6324322745018904,-1.6324322745018904,-3.264864549003781
446,3,879.1666666666666,592.0,70,True,-1.3527665762710102,-1.3527665762710102,-2.7055331525420203
447,0,1028.5,877.0,74,True,-1.765343537554976,-1.765343537554976,-3.530687075109952
447,1,879.1666666666666,885.0,74,True,-1.6431530975792368,-1.6431530975792368,-3.2863061951584736
447,2,601.8333333333334,603.0,70,True,-1.1220187352456987,-1.1220187352456987,-2.2440374704913975
447,3,974.5,751.0,72,True,-1.5934154330456618,-1.5934154330456618,-3.1868308660913236
448,0,893.1666666666666,722.0,71,True,-1.493805676302185,-1.493805676302185,-2.98761135260437
448,1,601.8333333333334,912.0,75,True,-1.4282625409939647,-1.4282625409939647,-2.8565250819879293
448,2,988.1666666666666,662.0,71,True,-1.5171175079238923,-1.5171175079238923,-3.0342350158477847
448,3,915.1666666666666,729.0,72,True,-1.5199125673181844,-1.5199125673181844,-3.0398251346363687
449,0,601.8333333333334,805.0,73,True,-1.3222169513011994,-1.3222169513011994,-2.644433902602399
449,1,879.1666666666666,592.0,70,True,-1.3527665762710106,-1.3527665762710106,-2.705533152542021
449,2,1309.5,914.0,72,True,-2.0468581200793206,-2.0468581200793206,-4.093716240158641
449,3,893.1666666666666,1017.0,75,True,-1.786174358165416,-1.786174358165416,-3.572348716330832
450,0,929.1666666666666,667.0,71,True,-1.4706642540688835,-1.4706642540688835,-2.941328508137767
450,1,601.8333333333334,789.0,73,True,-1.30635966686116,-1.30635966686116,-2.61271933372232
450,2,601.8333333333334,506.0,69,True,-1.0258839483279587,-1.0258839483279587,-2.0517678966559174
450,3,601.8333333333334,455.0,68,True,-0.9753388541753322,-0.9753388541753322,-1.9506777083506643
451,0,879.1666666666666,667.0,71,True,-1.4270975970836963,-1.4270975970836963,-2.8541951941673926
451,1,879.1666666666666,854.0,73,True,-1.6124296089766592,-1.6124296089766592,-3.2248592179533184
451,2,943.1666666666666,737.0,72,True,-1.552238537449909,-1.552238537449909,-3.104477074899818
451,3,893.1666666666666,799.0,73,True,-1.5701188576698757,-1.5701188576698757,-3.1402377153397514
452,0,573.8333333333334,731.0,72,True,-1.224479682854311,-1.224479682854311,-2.448959365708622
452,1,943.1666666666666,714.0,72,True,-1.5294436910673523,-1.5294436910673523,-3.0588873821347047
452,2,601.8333333333334,541.0,69,True,-1.0605717580405452,-1.0605717580405452,-2.1211435160810903
452,3,601.8333333333334,583.0,70,True,-1.1021971296956494,-1.1021971296956494,-2.204394259391299
453,0,601.8333333333334,528.0,69,True,-1.047687714433013,-1.047687714433013,-2.095375428866026
453,1,943.1666666666666,737.0,71,True,-1.552238537449909,-1.552238537449909,-3.104477074899818
453,2,879.1666666666666,506.0,69,True,-1.2675336724057973,-1.2675336724057973,-2.5350673448115946
453,3,601.8333333333334,506.0,69,True,-1.0258839483279587,-1.0258839483279587,-2.0517678966559174
454,0,893.1666666666666,615.0,70,True,-1.3877600866094197,-1.3877600866094197,-2.7755201732188395
454,1,601.8333333333334,607.0,70,True,-1.1259830563557087,-1.1259830563557087,-2.2519661127114174
454,2,601.8333333333334,416.0,68,True,-0.9366867233527351,-0.9366867233527351,-1.8733734467054701
454,3,851.1666666666666,685.0,70,True,-1.4205397141670357,-1.4205397141670357,-2.8410794283340715
455,0,685.8333333333334,1135.0,78,True,-1.722465426612132,-1.722465426612132,-3.444930853224264
455,1,601.8333333333334,439.0,68,True,-0.9594815697352924,-0.9594815697352924,-1.9189631394705848
455,2,601.8333333333334,607.0,70,True,-1.1259830563557087,-1.1259830563557087,-2.2519661127114174
455,3,573.8333333333334,773.0,73,True,-1.266105054509415,-1.266105054509415,-2.53221010901883
456,0,685.8333333333334,1158.0,78,True,-1.7452602729946893,-1.7452602729946893,-3.4905205459893787
456,1,685.8333333333334,859.0,74,True,-1.4489272700214482,-1.4489272700214482,-2.8978545400428963
456,2,601.8333333333334,416.0,68,True,-0.9366867233527351,-0.9366867233527351,-1.8733734467054701
456,3,601.8333333333334,755.0,72,True,-1.2726629374260754,-1.2726629374260754,-2.545325874852151
457,0,601.8333333333334,681.0,71,True,-1.199322996890892,-1.199322996890892,-2.398645993781784
457,1,601.8333333333334,785.0,73,True,-1.3023953457511495,-1.3023953457511495,-2.604790691502299
457,2,601.8333333333334,536.0,69,True,-1.0556163566530328,-1.0556163566530328,-2.1112327133060655
457,3,810.0,632.0,70,True,-1.3321425785416006,-1.3321425785416006,-2.664285157083201
458,0,601.8333333333334,416.0,68,True,-0.9366867233527351,-0.9366867233527351,-1.8733734467054701
458,1,573.8333333333334,768.0,72,True,-1.2611496531219026,-1.2611496531219026,-2.5222993062438053
458,2,573.8333333333334,575.0,70,True,-1.0698711595639243,-1.0698711595639243,-2.1397423191278486
458,3,601.8333333333334,416.0,68,True,-0.9366867233527353,-0.9366867233527353,-1.8733734467054706
459,0,601.8333333333334,592.0,70,True,-1.111116852193172,-1.111116852193172,-2.222233704386344
459,1,589.8333333333334,714.0,72,True,-1.221572648372029,-1.221572648372029,-2.443145296744058
459,2,601.8333333333334,509.0,69,True,-1.0288571891604659,-1.0288571891604659,-2.0577143783209317
459,3,601.8333333333334,369.0,67,True,-0.8901059503101189,-0.8901059503101189,-1.7802119006202377
460,0,601.8333333333334,365.0,67,True,-0.8861416292001091,-0.8861416292001091,-1.7722832584002182
460,1,601.8333333333334,821.0,73,True,-1.3380742357412385,-1.3380742357412385,-2.676148471482477
460,2,893.1666666666666,737.0,72,True,-1.5086718804647221,-1.5086718804647221,-3.0173437609294442
460,3,601.8333333333334,509.0,69,True,-1.0288571891604659,-1.0288571891604659,-2.0577143783209317
461,0,685.8333333333334,1051.0,77,True,-1.6392146833019239,-1.6392146833019239,-3.2784293666038478
461,1,601.8333333333334,805.0,73,True,-1.3222169513011994,-1.3222169513011994,-2.644433902602399
461,2,601.8333333333334,681.0,71,True,-1.199322996890892,-1.199322996890892,-2.398645993781784
461,3,601.8333333333334,618.0,70,True,-1.136884939408236,-1.136884939408236,-2.273769878816472
462,0,637.8333333333334,914.0,75,True,-1.4616126945783046,-1.4616126945783046,-2.923225389156609
462,1,601.8333333333334,559.0,70,True,-1.0784112030355895,-1.0784112030355895,-2.156822406071179
462,2,601.8333333333334,805.0,73,True,-1.3222169513011992,-1.3222169513011992,-2.6444339026023984
462,3,685.8333333333334,1055.0,77,True,-1.6431790044119339,-1.6431790044119339,-3.2863580088238677
463,0,646.8333333333334,732.0,72,True,-1.2890780823301868,-1.2890780823301868,-2.5781561646603737
463,1,685.8333333333334,943.0,75,True,-1.532178013331656,-1.532178013331656,-3.064356026663312
463,2,601.8333333333334,761.0,72,True,-1.27860941909109,-1.27860941909109,-2.55721883818218
463,3,601.8333333333334,416.0,68,True,-0.9366867233527351,-0.9366867233527351,-1.8733734467054701
464,0,601.8333333333334,646.0,71,True,-1.1646351871783052,-1.1646351871783052,-2.3292703743566103
464,1,601.8333333333334,525.0,68,True,-1.0447144736005056,-1.0447144736005056,-2.0894289472010112
464,2,637.8333333333334,1054.0,76,True,-1.6003639334286515,-1.6003639334286515,-3.200727866857303
464,3,601.8333333333334,416.0,68,True,-0.9366867233527355,-0.9366867233527355,-1.873373446705471
465,0,601.8333333333334,642.0,71,True,-1.1606708660682952,-1.1606708660682952,-2.3213417321365903
465,1,601.8333333333334,732.0,72,True,-1.2498680910435185,-1.2498680910435185,-2.499736182087037
465,2,601.8333333333334,598.0,70,True,-1.1170633338581863,-1.1170633338581863,-2.2341266677163727
465,3,601.8333333333334,442.0,68,True,-0.9624548105677996,-0.9624548105677996,-1.9249096211355992
466,0,573.8333333333334,718.0,72,True,-1.2115956392467788,-1.2115956392467788,-2.4231912784935576
466,1,601.8333333333334,416.0,68,True,-0.9366867233527351,-0.9366867233527351,-1.8733734467054701
466,2,601.8333333333334,732.0,72,True,-1.2498680910435183,-1.2498680910435183,-2.4997361820870365
466,3,601.8333333333334,506.0,69,True,-1.0258839483279587,-1.0258839483279587,-2.0517678966559174
467,0,685.8333333333334,1083.0,77,True,-1.6709292521820032,-1.6709292521820032,-3.3418585043640063
467,1,601.8333333333334,509.0,69,True,-1.0288571891604659,-1.0288571891604659,-2.0577143783209317
467,2,601.8333333333334,459.0,68,True,-0.9793031752853417,-0.9793031752853417,-1.9586063505706834
467,3,601.8333333333334,592.0,70,True,-1.1111168521931716,-1.1111168521931716,-2.222233704386343
468,0,601.8333333333334,528.0,68,True,-1.047687714433013,-1.047687714433013,-2.095375428866026
468,1,601.8333333333334,611.0,70,True,-1.1299473774657187,-1.1299473774657187,-2.2598947549314374
468,2,601.8333333333334,715.0,72,True,-1.2330197263259761,-1.2330197263259761,-2.4660394526519522
468,3,601.8333333333334,736.0,72,True,-1.2538324121535283,-1.2538324121535283,-2.5076648243070565
469,0,601.8333333333334,455.0,67,True,-0.9753388541753322,-0.9753388541753322,-1.9506777083506643
469,1,601.8333333333334,750.0,71,True,-1.267707536038563,-1.267707536038563,-2.535415072077126
469,2,601.8333333333334,761.0,72,True,-1.2786094190910902,-1.2786094190910902,-2.5572188381821803
469,3,601.8333333333334,637.0,71,True,-1.1557154646807835,-1.1557154646807835,-2.311430929361567
470,0,601.8333333333334,820.0,72,True,-1.3370831554637364,-1.3370831554637364,-2.6741663109274727
470,1,601.8333333333334,574.0,70,True,-1.093277407198127,-1.093277407198127,-2.186554814396254
470,2,601.8333333333334,745.0,72,True,-1.2627521346510506,-1.2627521346510506,-2.5255042693021013
470,3,601.8333333333334,634.0,71,True,-1.152742223848276,-1.152742223848276,-2.305484447696552
471,0,601.8333333333334,455.0,68,True,-0.9753388541753322,-0.9753388541753322,-1.9506777083506643
471,1,601.8333333333334,512.0,69,True,-1.031830429992973,-1.031830429992973,-2.063660859985946
471,2,601.8333333333334,512.0,69,True,-1.0318304299929733,-1.0318304299929733,-2.0636608599859465
471,3,818.0,835.0,73,True,-1.5403025399922337,-1.5403025399922337,-3.0806050799844673
472,0,685.8333333333334,762.0,73,True,-1.3527924831037075,-1.3527924831037075,-2.705584966207415
472,1,601.8333333333334,416.0,68,True,-0.9366867233527355,-0.9366867233527355,-1.873373446705471
472,2,601.8333333333334,532.0,69,True,-1.051652035543023,-1.051652035543023,-2.103304071086046
472,3,685.8333333333334,881.0,74,True,-1.4707310361265025,-1.4707310361265025,-2.941462072253005
473,0,601.8333333333334,615.0,70,True,-1.1339116985757283,-1.1339116985757283,-2.2678233971514565
473,1,601.8333333333334,660.0,71,True,-1.1785103110633404,-1.1785103110633404,-2.3570206221266807
473,2,601.8333333333334,594.0,70,True,-1.1130990127481764,-1.1130990127481764,-2.2261980254963527
473,3,601.8333333333334,536.0,69,True,-1.0556163566530328,-1.0556163566530328,-2.1112327133060655
474,0,601.8333333333334,564.0,70,True,-1.0833666044231023,-1.0833666044231023,-2.1667332088462046
474,1,601.8333333333334,805.0,73,True,-1.3222169513011992,-1.3222169513011992,-2.6444339026023984
474,2,601.8333333333334,805.0,73,True,-1.3222169513011994,-1.3222169513011994,-2.644433902602399
474,3,685.8333333333334,950.0,75,True,-1.5391155752741736,-1.5391155752741736,-3.0782311505483473
475,0,601.8333333333334,455.0,68,True,-0.975338854175332,-0.975338854175332,-1.950677708350664
475,1,601.8333333333334,509.0,69,True,-1.0288571891604659,-1.0288571891604659,-2.0577143783209317
475,2,601.8333333333334,583.0,70,True,-1.1021971296956492,-1.1021971296956492,-2.2043942593912984
475,3,601.8333333333334,416.0,68,True,-0.9366867233527355,-0.9366867233527355,-1.873373446705471
476,0,601.8333333333334,416.0,68,True,-0.9366867233527353,-0.9366867233527353,-1.8733734467054706
476,1,601.8333333333334,583.0,70,True,-1.1021971296956492,-1.1021971296956492,-2.2043942593912984
476,2,601.8333333333334,660.0,71,True,-1.1785103110633404,-1.1785103110633404,-2.3570206221266807
476,3,601.8333333333334,704.0,72,True,-1.222117843273449,-1.222117843273449,-2.444235686546898
477,0,601.8333333333334,506.0,69,True,-1.0258839483279587,-1.0258839483279587,-2.0517678966559174
477,1,601.8333333333334,882.0,74,True,-1.3985301326688904,-1.3985301326688904,-2.7970602653377807
477,2,601.8333333333334,506.0,69,True,-1.0258839483279585,-1.0258839483279585,-2.051767896655917
477,3,601.8333333333334,592.0,70,True,-1.1111168521931716,-1.1111168521931716,-2.222233704386343
478,0,810.0000000000001,709.0,71,True,-1.4084557599092915,-1.4084557599092915,-2.816911519818583
478,1,601.8333333333334,952.0,75,True,-1.4679057520940637,-1.4679057520940637,-2.9358115041881274
478,2,601.8333333333334,583.0,70,True,-1.1021971296956492,-1.1021971296956492,-2.2043942593912984
478,3,601.8333333333334,416.0,68,True,-0.9366867233527348,-0.9366867233527348,-1.8733734467054697
479,0,601.8333333333334,592.0,70,True,-1.1111168521931716,-1.1111168521931716,-2.222233704386343
479,1,601.8333333333334,662.0,71,True,-1.1804924716183451,-1.1804924716183451,-2.3609849432366903
479,2,601.8333333333334,583.0,70,True,-1.1021971296956492,-1.1021971296956492,-2.2043942593912984
479,3,601.8333333333334,506.0,69,True,-1.0258839483279585,-1.0258839483279585,-2.051767896655917
480,0,601.8333333333334,493.0,69,True,-1.0129999047204263,-1.0129999047204263,-2.0259998094408527
480,1,601.8333333333334,493.0,69,True,-1.0129999047204261,-1.0129999047204261,-2.0259998094408522
480,2,589.8333333333334,720.0,72,True,-1.2275191300370434,-1.2275191300370434,-2.4550382600740868
480,3,573.8333333333334,485.0,69,True,-0.9806739345887011,-0.9806739345887011,-1.9613478691774022
481,0,601.8333333333334,502.0,69,True,-1.0219196272179485,-1.0219196272179485,-2.043839254435897
481,1,573.8333333333334,661.0,71,True,-1.1551040634291374,-1.1551040634291374,-2.310208126858275
481,2,601.8333333333334,592.0,70,True,-1.1111168521931716,-1.1111168521931716,-2.222233704386343
481,3,601.8333333333334,416.0,68,True,-0.9366867233527355,-0.9366867233527355,-1.873373446705471
482,0,601.8333333333334,506.0,69,True,-1.0258839483279587,-1.0258839483279587,-2.0517678966559174
482,1,601.8333333333334,506.0,69,True,-1.0258839483279583,-1.0258839483279583,-2.0517678966559165
482,2,601.8333333333334,583.0,70,True,-1.1021971296956492,-1.1021971296956492,-2.2043942593912984
482,3,601.8333333333334,416.0,68,True,-0.9366867233527355,-0.9366867233527355,-1.873373446705471
483,0,601.8333333333334,583.0,70,True,-1.1021971296956496,-1.1021971296956496,-2.2043942593912993
483,1,601.8333333333334,506.0,69,True,-1.025883948327959,-1.025883948327959,-2.051767896655918
483,2,818.0,709.0,71,True,-1.4154264250269215,-1.4154264250269215,-2.830852850053843
483,3,601.8333333333334,592.0,70,True,-1.1111168521931716,-1.1111168521931716,-2.222233704386343
484,0,601.8333333333334,583.0,70,True,-1.1021971296956496,-1.1021971296956496,-2.2043942593912993
484,1,601.8333333333334,489.0,69,True,-1.0090355836104163,-1.0090355836104163,-2.0180711672208327
484,2,601.8333333333334,649.0,71,True,-1.167608428010813,-1.167608428010813,-2.335216856021626
484,3,601.8333333333334,583.0,70,True,-1.1021971296956496,-1.1021971296956496,-2.2043942593912993
485,0,601.8333333333334,669.0,71,True,-1.1874300335608623,-1.1874300335608623,-2.3748600671217246
485,1,601.8333333333334,746.0,72,True,-1.2637432149285535,-1.2637432149285535,-2.527486429857107
485,2,601.8333333333334,502.0,69,True,-1.0219196272179487,-1.0219196272179487,-2.0438392544358974
485,3,601.8333333333334,666.0,71,True,-1.1844567927283547,-1.1844567927283547,-2.3689135854567094
486,0,601.8333333333334,493.0,69,True,-1.0129999047204263,-1.0129999047204263,-2.0259998094408527
486,1,601.8333333333334,665.0,71,True,-1.1834657124508523,-1.1834657124508523,-2.3669314249017046
486,2,601.8333333333334,666.0,71,True,-1.1844567927283547,-1.1844567927283547,-2.3689135854567094
486,3,646.8333333333334,592.0,70,True,-1.1503268434798404,-1.1503268434798404,-2.3006536869596808
487,0,601.8333333333334,559.0,70,True,-1.0784112030355901,-1.0784112030355901,-2.1568224060711803
487,1,601.8333333333334,502.0,69,True,-1.021919627217949,-1.021919627217949,-2.043839254435898
487,2,601.8333333333334,746.0,72,True,-1.2637432149285532,-1.2637432149285532,-2.5274864298571065
487,3,601.8333333333334,592.0,70,True,-1.1111168521931714,-1.1111168521931714,-2.2222337043863427
488,0,646.8333333333334,669.0,71,True,-1.2266400248475309,-1.2266400248475309,-2.4532800496950617
488,1,601.8333333333334,662.0,71,True,-1.180492471618345,-1.180492471618345,-2.36098494323669
488,2,601.8333333333334,742.0,72,True,-1.2597788938185432,-1.2597788938185432,-2.5195577876370865
488,3,601.8333333333334,583.0,70,True,-1.102197129695649,-1.102197129695649,-2.204394259391298
489,0,601.8333333333334,669.0,71,True,-1.1874300335608627,-1.1874300335608627,-2.3748600671217255
489,1,601.8333333333334,669.0,71,True,-1.1874300335608627,-1.1874300335608627,-2.3748600671217255
489,2,601.8333333333334,506.0,69,True,-1.0258839483279585,-1.0258839483279585,-2.051767896655917
489,3,601.8333333333334,583.0,70,True,-1.1021971296956492,-1.1021971296956492,-2.2043942593912984
490,0,601.8333333333334,665.0,71,True,-1.1834657124508527,-1.1834657124508527,-2.3669314249017055
490,1,601.8333333333334,592.0,70,True,-1.1111168521931716,-1.1111168521931716,-2.222233704386343
490,2,601.8333333333334,645.0,71,True,-1.1636441069008034,-1.1636441069008034,-2.327288213801607
490,3,601.8333333333334,583.0,70,True,-1.1021971296956492,-1.1021971296956492,-2.2043942593912984
491,0,601.8333333333334,669.0,71,True,-1.1874300335608627,-1.1874300335608627,-2.3748600671217255
491,1,601.8333333333334,592.0,70,True,-1.1111168521931718,-1.1111168521931718,-2.2222337043863436
491,2,601.8333333333334,592.0,70,True,-1.111116852193172,-1.111116852193172,-2.222233704386344
491,3,601.8333333333334,592.0,70,True,-1.1111168521931716,-1.1111168521931716,-2.222233704386343
492,0,601.8333333333334,735.0,72,True,-1.2528413318760259,-1.2528413318760259,-2.5056826637520517
492,1,573.8333333333334,838.0,74,True,-1.3305252725470764,-1.3305252725470764,-2.661050545094153
492,2,1000.5,775.0,73,True,-1.6398560213380184,-1.6398560213380184,-3.279712042676037
492,3,601.8333333333334,536.0,69,True,-1.0556163566530326,-1.0556163566530326,-2.111232713306065
493,0,589.8333333333334,630.0,71,True,-1.1383219050618205,-1.1383219050618205,-2.276643810123641
493,1,637.8333333333334,993.0,76,True,-1.539908036501,-1.539908036501,-3.079816073002
493,2,601.8333333333334,536.0,69,True,-1.055616356653033,-1.055616356653033,-2.111232713306066
493,3,601.8333333333334,583.0,70,True,-1.1021971296956492,-1.1021971296956492,-2.2043942593912984
494,0,601.8333333333334,843.0,73,True,-1.3598780018462935,-1.3598780018462935,-2.719756003692587
494,1,601.8333333333334,592.0,70,True,-1.1111168521931716,-1.1111168521931716,-2.222233704386343
494,2,646.8333333333334,727.0,72,True,-1.284122680942675,-1.284122680942675,-2.56824536188535
494,3,601.8333333333334,669.0,71,True,-1.1874300335608627,-1.1874300335608627,-2.3748600671217255
495,0,601.8333333333334,506.0,69,True,-1.0258839483279585,-1.0258839483279585,-2.051767896655917
495,1,601.8333333333334,669.0,71,True,-1.1874300335608627,-1.1874300335608627,-2.3748600671217255
495,2,601.8333333333334,583.0,70,True,-1.1021971296956492,-1.1021971296956492,-2.2043942593912984
495,3,589.8333333333334,711.0,72,True,-1.2185994075395212,-1.2185994075395212,-2.4371988150790425
496,0,601.8333333333334,639.0,71,True,-1.1576976252357882,-1.1576976252357882,-2.3153952504715765
496,1,601.8333333333334,669.0,71,True,-1.187430033560862,-1.187430033560862,-2.374860067121724
496,2,601.8333333333334,506.0,69,True,-1.0258839483279583,-1.0258839483279583,-2.0517678966559165
496,3,601.8333333333334,660.0,71,True,-1.1785103110633406,-1.1785103110633406,-2.357020622126681
497,0,601.8333333333334,506.0,69,True,-1.0258839483279583,-1.0258839483279583,-2.0517678966559165
497,1,646.8333333333334,592.0,70,True,-1.15032684347984,-1.15032684347984,-2.30065368695968
497,2,601.8333333333334,592.0,70,True,-1.1111168521931714,-1.1111168521931714,-2.2222337043863427
497,3,601.8333333333334,823.0,73,True,-1.3400563962962442,-1.3400563962962442,-2.6801127925924884
498,0,601.8333333333334,669.0,71,True,-1.1874300335608625,-1.1874300335608625,-2.374860067121725
498,1,601.8333333333334,699.0,71,True,-1.2171624418859368,-1.2171624418859368,-2.4343248837718736
498,2,601.8333333333334,699.0,71,True,-1.2171624418859364,-1.2171624418859364,-2.4343248837718727
498,3,601.8333333333334,592.0,70,True,-1.1111168521931718,-1.1111168521931718,-2.2222337043863436
499,0,601.8333333333334,583.0,70,True,-1.1021971296956494,-1.1021971296956494,-2.204394259391299
499,1,601.8333333333334,592.0,70,True,-1.1111168521931718,-1.1111168521931718,-2.2222337043863436
499,2,601.8333333333334,592.0,70,True,-1.1111168521931716,-1.1111168521931716,-2.222233704386343
499,3,601.8333333333334,566.0,70,True,-1.0853487649781073,-1.0853487649781073,-2.1706975299562146
500,0,601.8333333333334,622.0,70,True,-1.1408492605182459,-1.1408492605182459,-2.2816985210364917
500,1,601.8333333333334,536.0,69,True,-1.0556163566530328,-1.0556163566530328,-2.1112327133060655
500,2,818.0,786.0,72,True,-1.4917396063946122,-1.4917396063946122,-2.9834792127892245
500,3,601.8333333333334,746.0,72,True,-1.2637432149285532,-1.2637432149285532,-2.5274864298571065
