global_episode,worker_id,makespan,cost,steps,done,upper_reward_sum,lower_reward_sum,total_reward_sum
1,0,1137.0,3272.0,127,True,-3272.0,-3272.0,-6544.0
1,1,1209.8333333333335,2812.0,114,True,-2812.0,-2812.0,-5624.0
1,2,1278.3333333333333,3534.0,124,True,-3534.0,-3534.0,-7068.0
1,3,1410.0,3660.0,131,True,-3660.0,-3660.0,-7320.0
1,4,1111.166666666667,3132.0,123,True,-3132.0,-3132.0,-6264.0
1,5,1369.0,3523.0,128,True,-3523.0,-3523.0,-7046.0
2,0,1308.6666666666667,3262.0,121,True,-3262.0,-3262.0,-6524.0
2,1,1406.3333333333335,3403.0,125,True,-3403.0,-3403.0,-6806.0
2,2,1347.5000000000002,3286.0,121,True,-3286.0,-3286.0,-6572.0
2,3,1307.0,3596.0,128,True,-3596.0,-3596.0,-7192.0
2,4,1156.6666666666667,2873.0,118,True,-2873.0,-2873.0,-5746.0
2,5,1088.1666666666667,3134.0,115,True,-3134.0,-3134.0,-6268.0
3,0,1044.3333333333333,2787.0,118,True,-2787.0,-2787.0,-5574.0
3,1,1340.5,3843.0,129,True,-3843.0,-3843.0,-7686.0
3,2,1014.3333333333333,2826.0,116,True,-2826.0,-2826.0,-5652.0
3,3,1262.1666666666665,3206.0,126,True,-3206.0,-3206.0,-6412.0
3,4,964.8333333333334,2768.0,113,True,-2768.0,-2768.0,-5536.0
3,5,1147.5,2623.0,115,True,-2623.0,-2623.0,-5246.0
4,0,1024.5,2605.0,113,True,-2605.0,-2605.0,-5210.0
4,1,1171.6666666666665,3084.0,117,True,-3084.0,-3084.0,-6168.0
4,2,1352.0,3917.0,134,True,-3917.0,-3917.0,-7834.0
4,3,1125.6666666666667,2740.0,113,True,-2740.0,-2740.0,-5480.0
4,4,1189.5,3162.0,122,True,-3162.0,-3162.0,-6324.0
4,5,1048.0,3170.0,121,True,-3170.0,-3170.0,-6340.0
5,0,1243.8333333333333,2999.0,117,True,-2999.0,-2999.0,-5998.0
5,1,1083.0,2801.0,118,True,-2801.0,-2801.0,-5602.0
5,2,1389.3333333333333,3986.0,135,True,-3986.0,-3986.0,-7972.0
5,3,1217.3333333333333,3373.0,124,True,-3373.0,-3373.0,-6746.0
5,4,1175.0,2816.0,116,True,-2816.0,-2816.0,-5632.0
5,5,1011.6666666666667,3078.0,120,True,-3078.0,-3078.0,-6156.0
6,0,1332.8333333333335,3243.0,126,True,-3243.0,-3243.0,-6486.0
6,1,1183.0,3024.0,117,True,-3024.0,-3024.0,-6048.0
6,2,1023.8333333333333,3163.0,122,True,-3163.0,-3163.0,-6326.0
6,3,1427.3333333333333,3594.0,125,True,-3594.0,-3594.0,-7188.0
6,4,1266.5,3685.0,126,True,-3685.0,-3685.0,-7370.0
6,5,1200.0,2735.0,113,True,-2735.0,-2735.0,-5470.0
7,0,1242.0,2893.0,117,True,-2893.0,-2893.0,-5786.0
7,1,1291.6666666666667,3310.0,123,True,-3310.0,-3310.0,-6620.0
7,2,1215.5,3116.0,120,True,-3116.0,-3116.0,-6232.0
7,3,1272.4999999999998,3637.0,131,True,-3637.0,-3637.0,-7274.0
7,4,1204.8333333333333,3665.0,131,True,-3665.0,-3665.0,-7330.0
7,5,1026.6666666666667,2228.0,105,True,-2228.0,-2228.0,-4456.0
8,0,1164.1666666666665,3030.0,119,True,-3030.0,-3030.0,-6060.0
8,1,1222.0,3395.0,125,True,-3395.0,-3395.0,-6790.0
8,2,1028.6666666666665,2652.0,111,True,-2652.0,-2652.0,-5304.0
8,3,1036.8333333333335,2670.0,116,True,-2670.0,-2670.0,-5340.0
8,4,1199.0,2685.0,114,True,-2685.0,-2685.0,-5370.0
8,5,1038.8333333333335,2369.0,110,True,-2369.0,-2369.0,-4738.0
9,0,1059.0,3345.0,124,True,-3345.0,-3345.0,-6690.0
9,1,1366.3333333333333,3507.0,127,True,-3507.0,-3507.0,-7014.0
9,2,1174.1666666666667,2546.0,108,True,-2546.0,-2546.0,-5092.0
9,3,1028.6666666666665,2294.0,104,True,-2294.0,-2294.0,-4588.0
9,4,1155.6666666666667,2988.0,116,True,-2988.0,-2988.0,-5976.0
9,5,1079.5,2481.0,110,True,-2481.0,-2481.0,-4962.0
10,0,1197.0,3143.0,121,True,-3143.0,-3143.0,-6286.0
10,1,1298.1666666666665,3649.0,131,True,-3649.0,-3649.0,-7298.0
10,2,1190.0,3237.0,125,True,-3237.0,-3237.0,-6474.0
10,3,1334.6666666666667,3119.0,121,True,-3119.0,-3119.0,-6238.0
10,4,1229.6666666666665,3088.0,122,True,-3088.0,-3088.0,-6176.0
10,5,1286.5,2954.0,118,True,-2954.0,-2954.0,-5908.0
11,0,1188.1666666666667,3068.0,117,True,-3068.0,-3068.0,-6136.0
11,1,1187.0,4024.0,135,True,-4024.0,-4024.0,-8048.0
11,2,1442.6666666666665,3730.0,129,True,-3730.0,-3730.0,-7460.0
11,3,1333.3333333333333,3286.0,127,True,-3286.0,-3286.0,-6572.0
11,4,1041.6666666666665,2918.0,115,True,-2918.0,-2918.0,-5836.0
11,5,951.5,2329.0,107,True,-2329.0,-2329.0,-4658.0
12,0,1289.1666666666665,2916.0,120,True,-2916.0,-2916.0,-5832.0
12,1,1040.6666666666665,2984.0,118,True,-2984.0,-2984.0,-5968.0
12,2,1384.8333333333335,3141.0,122,True,-3141.0,-3141.0,-6282.0
12,3,1077.5,2730.0,114,True,-2730.0,-2730.0,-5460.0
12,4,1104.6666666666667,2885.0,118,True,-2885.0,-2885.0,-5770.0
12,5,1181.8333333333335,3284.0,123,True,-3284.0,-3284.0,-6568.0
13,0,937.3333333333334,2999.0,118,True,-2999.0,-2999.0,-5998.0
13,1,1223.0,2902.0,118,True,-2902.0,-2902.0,-5804.0
13,2,1111.1666666666667,2697.0,115,True,-2697.0,-2697.0,-5394.0
13,3,1056.0,2943.0,114,True,-2943.0,-2943.0,-5886.0
13,4,1165.0,3010.0,121,True,-3010.0,-3010.0,-6020.0
13,5,1086.5,2688.0,114,True,-2688.0,-2688.0,-5376.0
14,0,1104.3333333333333,2614.0,111,True,-2614.0,-2614.0,-5228.0
14,1,1033.3333333333333,2588.0,111,True,-2588.0,-2588.0,-5176.0
14,2,1135.5,3635.0,132,True,-3635.0,-3635.0,-7270.0
14,3,1228.1666666666665,2661.0,115,True,-2661.0,-2661.0,-5322.0
14,4,1023.1666666666666,2781.0,112,True,-2781.0,-2781.0,-5562.0
14,5,1240.1666666666667,3167.0,124,True,-3167.0,-3167.0,-6334.0
15,0,1433.5,4076.0,135,True,-4076.0,-4076.0,-8152.0
15,1,1084.0,2688.0,116,True,-2688.0,-2688.0,-5376.0
15,2,1227.5,3272.0,123,True,-3272.0,-3272.0,-6544.0
15,3,1004.5,2421.0,109,True,-2421.0,-2421.0,-4842.0
15,4,1305.5000000000002,3497.0,128,True,-3497.0,-3497.0,-6994.0
15,5,1218.9999999999998,3299.0,125,True,-3299.0,-3299.0,-6598.0
16,0,1168.0,2836.0,114,True,-2836.0,-2836.0,-5672.0
16,1,1348.1666666666667,3777.0,137,True,-3777.0,-3777.0,-7554.0
16,2,1031.1666666666665,2835.0,117,True,-2835.0,-2835.0,-5670.0
16,3,930.5,2196.0,104,True,-2196.0,-2196.0,-4392.0
16,4,1175.0,2770.0,115,True,-2770.0,-2770.0,-5540.0
16,5,1156.5,2915.0,118,True,-2915.0,-2915.0,-5830.0
17,0,1111.5,2526.0,108,True,-2526.0,-2526.0,-5052.0
17,1,1186.8333333333333,3080.0,121,True,-3080.0,-3080.0,-6160.0
17,2,1285.0,2698.0,112,True,-2698.0,-2698.0,-5396.0
17,3,902.1666666666667,2194.0,107,True,-2194.0,-2194.0,-4388.0
17,4,1110.0,2843.0,119,True,-2843.0,-2843.0,-5686.0
17,5,1105.0,2748.0,115,True,-2748.0,-2748.0,-5496.0
18,0,1064.0,2389.0,104,True,-2389.0,-2389.0,-4778.0
18,1,1048.8333333333333,2854.0,116,True,-2854.0,-2854.0,-5708.0
18,2,942.3333333333334,2755.0,114,True,-2755.0,-2755.0,-5510.0
18,3,1195.8333333333333,2923.0,119,True,-2923.0,-2923.0,-5846.0
18,4,752.1666666666667,1609.0,97,True,-1609.0,-1609.0,-3218.0
18,5,1130.6666666666665,2704.0,109,True,-2704.0,-2704.0,-5408.0
19,0,1014.3333333333334,2831.0,116,True,-2831.0,-2831.0,-5662.0
19,1,1017.0,1700.0,96,True,-1700.0,-1700.0,-3400.0
19,2,1183.5,2754.0,113,True,-2754.0,-2754.0,-5508.0
19,3,873.1666666666666,1941.0,102,True,-1941.0,-1941.0,-3882.0
19,4,1174.6666666666667,2987.0,119,True,-2987.0,-2987.0,-5974.0
19,5,977.6666666666666,2553.0,114,True,-2553.0,-2553.0,-5106.0
20,0,1003.1666666666666,2656.0,112,True,-2656.0,-2656.0,-5312.0
20,1,995.0,2836.0,116,True,-2836.0,-2836.0,-5672.0
20,2,1114.3333333333335,2779.0,117,True,-2779.0,-2779.0,-5558.0
20,3,1311.6666666666665,3148.0,123,True,-3148.0,-3148.0,-6296.0
20,4,863.6666666666667,1773.0,98,True,-1773.0,-1773.0,-3546.0
20,5,1064.8333333333335,2284.0,107,True,-2284.0,-2284.0,-4568.0
21,0,1067.0,2961.0,118,True,-2961.0,-2961.0,-5922.0
21,1,921.4999999999999,2150.0,103,True,-2150.0,-2150.0,-4300.0
21,2,1082.3333333333335,2932.0,118,True,-2932.0,-2932.0,-5864.0
21,3,934.3333333333334,2026.0,100,True,-2026.0,-2026.0,-4052.0
21,4,824.8333333333333,1846.0,99,True,-1846.0,-1846.0,-3692.0
21,5,941.8333333333333,2558.0,113,True,-2558.0,-2558.0,-5116.0
22,0,1055.6666666666667,2113.0,106,True,-2113.0,-2113.0,-4226.0
22,1,1190.6666666666667,3028.0,119,True,-3028.0,-3028.0,-6056.0
22,2,895.0,1842.0,104,True,-1842.0,-1842.0,-3684.0
22,3,983.6666666666666,2117.0,107,True,-2117.0,-2117.0,-4234.0
22,4,1001.3333333333334,2515.0,114,True,-2515.0,-2515.0,-5030.0
22,5,1202.5,3346.0,129,True,-3346.0,-3346.0,-6692.0
23,0,1051.0,2271.0,108,True,-2271.0,-2271.0,-4542.0
23,1,1030.0,2564.0,113,True,-2564.0,-2564.0,-5128.0
23,2,959.1666666666667,2392.0,111,True,-2392.0,-2392.0,-4784.0
23,3,1060.5,2389.0,109,True,-2389.0,-2389.0,-4778.0
23,4,991.9999999999999,1961.0,102,True,-1961.0,-1961.0,-3922.0
23,5,936.5,1896.0,103,True,-1896.0,-1896.0,-3792.0
24,0,851.3333333333333,1696.0,98,True,-1696.0,-1696.0,-3392.0
24,1,929.0,2165.0,102,True,-2165.0,-2165.0,-4330.0
24,2,1058.8333333333333,2256.0,108,True,-2256.0,-2256.0,-4512.0
24,3,1002.0,1739.0,97,True,-1739.0,-1739.0,-3478.0
24,4,903.8333333333334,2121.0,103,True,-2121.0,-2121.0,-4242.0
24,5,965.0,2357.0,109,True,-2357.0,-2357.0,-4714.0
25,0,848.5,1565.0,95,True,-1565.0,-1565.0,-3130.0
25,1,972.0000000000001,1900.0,102,True,-1900.0,-1900.0,-3800.0
25,2,964.5,1932.0,100,True,-1932.0,-1932.0,-3864.0
25,3,824.3333333333334,1913.0,102,True,-1913.0,-1913.0,-3826.0
25,4,948.0000000000001,1795.0,101,True,-1795.0,-1795.0,-3590.0
25,5,808.3333333333334,2022.0,104,True,-2022.0,-2022.0,-4044.0
26,0,786.5,1359.0,91,True,-1359.0,-1359.0,-2718.0
26,1,1028.8333333333333,2374.0,112,True,-2374.0,-2374.0,-4748.0
26,2,1043.5,2139.0,106,True,-2139.0,-2139.0,-4278.0
26,3,1183.3333333333333,2512.0,113,True,-2512.0,-2512.0,-5024.0
26,4,851.5,1613.0,99,True,-1613.0,-1613.0,-3226.0
26,5,981.8333333333334,1615.0,100,True,-1615.0,-1615.0,-3230.0
27,0,717.5,1220.0,91,True,-1220.0,-1220.0,-2440.0
27,1,1370.3333333333333,2344.0,108,True,-2344.0,-2344.0,-4688.0
27,2,825.0000000000001,1614.0,97,True,-1614.0,-1614.0,-3228.0
27,3,935.0000000000001,1695.0,100,True,-1695.0,-1695.0,-3390.0
27,4,871.1666666666666,1593.0,99,True,-1593.0,-1593.0,-3186.0
27,5,806.5,1348.0,92,True,-1348.0,-1348.0,-2696.0
28,0,817.5,1204.0,91,True,-1204.0,-1204.0,-2408.0
28,1,888.6666666666667,1491.0,96,True,-1491.0,-1491.0,-2982.0
28,2,825.5,1377.0,93,True,-1377.0,-1377.0,-2754.0
28,3,691.5,1694.0,99,True,-1694.0,-1694.0,-3388.0
28,4,752.3333333333333,1274.0,92,True,-1274.0,-1274.0,-2548.0
28,5,745.8333333333334,1685.0,100,True,-1685.0,-1685.0,-3370.0
29,0,794.0,1463.0,95,True,-1463.0,-1463.0,-2926.0
29,1,936.3333333333333,1653.0,99,True,-1653.0,-1653.0,-3306.0
29,2,745.3333333333334,1539.0,99,True,-1539.0,-1539.0,-3078.0
29,3,676.8333333333333,1158.0,91,True,-1158.0,-1158.0,-2316.0
29,4,869.9999999999999,1341.0,91,True,-1341.0,-1341.0,-2682.0
29,5,851.5,1516.0,96,True,-1516.0,-1516.0,-3032.0
30,0,672.1666666666667,1425.0,96,True,-1425.0,-1425.0,-2850.0
30,1,759.8333333333333,1336.0,95,True,-1336.0,-1336.0,-2672.0
30,2,837.0,1616.0,98,True,-1616.0,-1616.0,-3232.0
30,3,1032.6666666666665,1602.0,99,True,-1602.0,-1602.0,-3204.0
30,4,897.0,2022.0,100,True,-2022.0,-2022.0,-4044.0
30,5,1117.8333333333333,2194.0,108,True,-2194.0,-2194.0,-4388.0
31,0,692.5,1389.0,94,True,-1389.0,-1389.0,-2778.0
31,1,802.0,1802.0,102,True,-1802.0,-1802.0,-3604.0
31,2,828.6666666666667,1413.0,94,True,-1413.0,-1413.0,-2826.0
31,3,592.8333333333333,862.0,87,True,-862.0,-862.0,-1724.0
31,4,789.0,1359.0,95,True,-1359.0,-1359.0,-2718.0
31,5,666.8333333333334,1011.0,90,True,-1011.0,-1011.0,-2022.0
32,0,1125.0,2076.0,106,True,-2076.0,-2076.0,-4152.0
32,1,805.8333333333334,1935.0,104,True,-1935.0,-1935.0,-3870.0
32,2,1197.5,2105.0,109,True,-2105.0,-2105.0,-4210.0
32,3,744.3333333333334,1709.0,99,True,-1709.0,-1709.0,-3418.0
32,4,907.8333333333334,1587.0,96,True,-1587.0,-1587.0,-3174.0
32,5,812.1666666666667,1821.0,101,True,-1821.0,-1821.0,-3642.0
33,0,702.8333333333334,1299.0,93,True,-1299.0,-1299.0,-2598.0
33,1,729.6666666666667,982.0,89,True,-982.0,-982.0,-1964.0
33,2,787.3333333333333,977.0,89,True,-977.0,-977.0,-1954.0
33,3,814.0,1492.0,97,True,-1492.0,-1492.0,-2984.0
33,4,777.3333333333333,1035.0,90,True,-1035.0,-1035.0,-2070.0
33,5,816.3333333333333,1069.0,91,True,-1069.0,-1069.0,-2138.0
34,0,688.5,1307.0,94,True,-1307.0,-1307.0,-2614.0
34,1,631.0,788.0,86,True,-788.0,-788.0,-1576.0
34,2,794.0,1105.0,90,True,-1105.0,-1105.0,-2210.0
34,3,701.8333333333333,1034.0,90,True,-1034.0,-1034.0,-2068.0
34,4,690.1666666666667,1127.0,89,True,-1127.0,-1127.0,-2254.0
34,5,696.3333333333333,1278.0,94,True,-1278.0,-1278.0,-2556.0
35,0,717.3333333333333,1216.0,92,True,-1216.0,-1216.0,-2432.0
35,1,780.8333333333333,1288.0,92,True,-1288.0,-1288.0,-2576.0
35,2,661.6666666666666,983.0,89,True,-983.0,-983.0,-1966.0
35,3,816.0,1350.0,93,True,-1350.0,-1350.0,-2700.0
35,4,725.8333333333333,1081.0,90,True,-1081.0,-1081.0,-2162.0
35,5,676.8333333333333,1153.0,92,True,-1153.0,-1153.0,-2306.0
36,0,699.5,1216.0,93,True,-1216.0,-1216.0,-2432.0
36,1,777.3333333333333,1267.0,94,True,-1267.0,-1267.0,-2534.0
36,2,766.0,1197.0,92,True,-1197.0,-1197.0,-2394.0
36,3,691.5,1184.0,93,True,-1184.0,-1184.0,-2368.0
36,4,748.1666666666666,1689.0,100,True,-1689.0,-1689.0,-3378.0
36,5,900.9999999999999,1399.0,95,True,-1399.0,-1399.0,-2798.0
37,0,659.5,1065.0,90,True,-1065.0,-1065.0,-2130.0
37,1,723.5,1226.0,92,True,-1226.0,-1226.0,-2452.0
37,2,830.3333333333334,1073.0,90,True,-1073.0,-1073.0,-2146.0
37,3,747.3333333333333,1274.0,94,True,-1274.0,-1274.0,-2548.0
37,4,729.6666666666667,1162.0,91,True,-1162.0,-1162.0,-2324.0
37,5,786.5,1635.0,100,True,-1635.0,-1635.0,-3270.0
38,0,794.0,1102.0,91,True,-1102.0,-1102.0,-2204.0
38,1,665.6666666666667,975.0,87,True,-975.0,-975.0,-1950.0
38,2,673.3333333333334,1022.0,90,True,-1022.0,-1022.0,-2044.0
38,3,775.1666666666666,997.0,89,True,-997.0,-997.0,-1994.0
38,4,777.8333333333333,1240.0,94,True,-1240.0,-1240.0,-2480.0
38,5,743.8333333333334,1397.0,95,True,-1397.0,-1397.0,-2794.0
39,0,807.0000000000001,1108.0,91,True,-1108.0,-1108.0,-2216.0
39,1,688.5,996.0,90,True,-996.0,-996.0,-1992.0
39,2,701.3333333333333,1137.0,92,True,-1137.0,-1137.0,-2274.0
39,3,767.3333333333334,1022.0,90,True,-1022.0,-1022.0,-2044.0
39,4,782.6666666666666,1419.0,95,True,-1419.0,-1419.0,-2838.0
39,5,725.8333333333333,1146.0,92,True,-1146.0,-1146.0,-2292.0
40,0,661.3333333333333,1147.0,92,True,-1147.0,-1147.0,-2294.0
40,1,783.5,1153.0,92,True,-1153.0,-1153.0,-2306.0
40,2,687.8333333333334,1106.0,91,True,-1106.0,-1106.0,-2212.0
40,3,659.3333333333333,997.0,90,True,-997.0,-997.0,-1994.0
40,4,589.8333333333334,851.0,86,True,-851.0,-851.0,-1702.0
40,5,638.3333333333334,966.0,88,True,-966.0,-966.0,-1932.0
41,0,688.5,1053.0,91,True,-1053.0,-1053.0,-2106.0
41,1,690.0,1058.0,91,True,-1058.0,-1058.0,-2116.0
41,2,678.0,980.0,89,True,-980.0,-980.0,-1960.0
41,3,662.1666666666667,1097.0,90,True,-1097.0,-1097.0,-2194.0
41,4,729.8333333333333,1132.0,91,True,-1132.0,-1132.0,-2264.0
41,5,723.5,1074.0,91,True,-1074.0,-1074.0,-2148.0
42,0,584.1666666666667,793.0,85,True,-793.0,-793.0,-1586.0
42,1,766.0,1069.0,90,True,-1069.0,-1069.0,-2138.0
42,2,668.3333333333334,1096.0,91,True,-1096.0,-1096.0,-2192.0
42,3,665.8333333333333,872.0,88,True,-872.0,-872.0,-1744.0
42,4,574.8333333333334,841.0,87,True,-841.0,-841.0,-1682.0
42,5,752.5,1132.0,92,True,-1132.0,-1132.0,-2264.0
43,0,688.5,992.0,90,True,-992.0,-992.0,-1984.0
43,1,695.8333333333333,971.0,89,True,-971.0,-971.0,-1942.0
43,2,689.3333333333333,1348.0,94,True,-1348.0,-1348.0,-2696.0
43,3,692.8333333333333,1025.0,90,True,-1025.0,-1025.0,-2050.0
43,4,643.5,1096.0,90,True,-1096.0,-1096.0,-2192.0
43,5,688.5,991.0,90,True,-991.0,-991.0,-1982.0
44,0,749.3333333333334,1056.0,89,True,-1056.0,-1056.0,-2112.0
44,1,717.3333333333333,1016.0,90,True,-1016.0,-1016.0,-2032.0
44,2,764.6666666666667,1001.0,90,True,-1001.0,-1001.0,-2002.0
44,3,650.5,1017.0,90,True,-1017.0,-1017.0,-2034.0
44,4,652.5,1095.0,88,True,-1095.0,-1095.0,-2190.0
44,5,717.3333333333333,952.0,89,True,-952.0,-952.0,-1904.0
45,0,702.8333333333333,1324.0,95,True,-1324.0,-1324.0,-2648.0
45,1,703.5,1176.0,93,True,-1176.0,-1176.0,-2352.0
45,2,770.0,1081.0,91,True,-1081.0,-1081.0,-2162.0
45,3,704.9999999999999,1163.0,90,True,-1163.0,-1163.0,-2326.0
45,4,780.8333333333333,1215.0,93,True,-1215.0,-1215.0,-2430.0
45,5,717.3333333333334,1544.0,97,True,-1544.0,-1544.0,-3088.0
46,0,766.0,1088.0,90,True,-1088.0,-1088.0,-2176.0
46,1,729.3333333333334,1071.0,90,True,-1071.0,-1071.0,-2142.0
46,2,755.3333333333334,1031.0,90,True,-1031.0,-1031.0,-2062.0
46,3,701.3333333333333,936.0,89,True,-936.0,-936.0,-1872.0
46,4,729.6666666666667,1362.0,93,True,-1362.0,-1362.0,-2724.0
46,5,713.5,1262.0,94,True,-1262.0,-1262.0,-2524.0
47,0,918.0,1197.0,90,True,-1197.0,-1197.0,-2394.0
47,1,725.8333333333333,1126.0,91,True,-1126.0,-1126.0,-2252.0
47,2,787.5,1236.0,94,True,-1236.0,-1236.0,-2472.0
47,3,752.3333333333333,950.0,88,True,-950.0,-950.0,-1900.0
47,4,671.3333333333333,1090.0,91,True,-1090.0,-1090.0,-2180.0
47,5,582.0,896.0,86,True,-896.0,-896.0,-1792.0
48,0,832.6666666666666,1350.0,95,True,-1350.0,-1350.0,-2700.0
48,1,574.8333333333334,936.0,89,True,-936.0,-936.0,-1872.0
48,2,638.8333333333334,899.0,88,True,-899.0,-899.0,-1798.0
48,3,758.5,1264.0,94,True,-1264.0,-1264.0,-2528.0
48,4,631.0,839.0,85,True,-839.0,-839.0,-1678.0
48,5,614.5,899.0,88,True,-899.0,-899.0,-1798.0
49,0,608.5,901.0,86,True,-901.0,-901.0,-1802.0
49,1,783.5,1071.0,89,True,-1071.0,-1071.0,-2142.0
49,2,749.3333333333334,926.0,88,True,-926.0,-926.0,-1852.0
49,3,754.3333333333334,1058.0,91,True,-1058.0,-1058.0,-2116.0
49,4,816.3333333333333,1080.0,90,True,-1080.0,-1080.0,-2160.0
49,5,791.8333333333333,1252.0,92,True,-1252.0,-1252.0,-2504.0
50,0,821.0,988.0,89,True,-988.0,-988.0,-1976.0
50,1,717.3333333333333,954.0,89,True,-954.0,-954.0,-1908.0
50,2,748.5,1035.0,90,True,-1035.0,-1035.0,-2070.0
50,3,814.0,1076.0,91,True,-1076.0,-1076.0,-2152.0
50,4,754.3333333333334,987.0,89,True,-987.0,-987.0,-1974.0
50,5,635.5,977.0,88,True,-977.0,-977.0,-1954.0
51,0,915.6666666666666,1183.0,92,True,-1183.0,-1183.0,-2366.0
51,1,579.5,725.0,85,True,-725.0,-725.0,-1450.0
51,2,966.1666666666666,1453.0,97,True,-1453.0,-1453.0,-2906.0
51,3,730.0,1153.0,91,True,-1153.0,-1153.0,-2306.0
51,4,755.8333333333334,1097.0,91,True,-1097.0,-1097.0,-2194.0
51,5,724.3333333333333,952.0,88,True,-952.0,-952.0,-1904.0
52,0,574.8333333333334,787.0,86,True,-787.0,-787.0,-1574.0
52,1,624.5,965.0,89,True,-965.0,-965.0,-1930.0
52,2,842.0,1157.0,91,True,-1157.0,-1157.0,-2314.0
52,3,816.3333333333333,1088.0,91,True,-1088.0,-1088.0,-2176.0
52,4,807.3333333333334,1192.0,92,True,-1192.0,-1192.0,-2384.0
52,5,606.1666666666667,876.0,87,True,-876.0,-876.0,-1752.0
53,0,861.1666666666666,1400.0,95,True,-1400.0,-1400.0,-2800.0
53,1,938.6666666666667,1582.0,98,True,-1582.0,-1582.0,-3164.0
53,2,713.5,972.0,88,True,-972.0,-972.0,-1944.0
53,3,695.0,1026.0,90,True,-1026.0,-1026.0,-2052.0
53,4,950.3333333333333,1412.0,96,True,-1412.0,-1412.0,-2824.0
53,5,717.3333333333333,970.0,89,True,-970.0,-970.0,-1940.0
54,0,816.3333333333333,1127.0,90,True,-1127.0,-1127.0,-2254.0
54,1,731.3333333333334,963.0,89,True,-963.0,-963.0,-1926.0
54,2,643.5,926.0,88,True,-926.0,-926.0,-1852.0
54,3,693.8333333333334,1221.0,91,True,-1221.0,-1221.0,-2442.0
54,4,863.6666666666667,1097.0,90,True,-1097.0,-1097.0,-2194.0
54,5,701.3333333333333,953.0,89,True,-953.0,-953.0,-1906.0
55,0,802.0,1010.0,89,True,-1010.0,-1010.0,-2020.0
55,1,851.3333333333333,1117.0,91,True,-1117.0,-1117.0,-2234.0
55,2,752.3333333333333,1115.0,91,True,-1115.0,-1115.0,-2230.0
55,3,837.0,1270.0,94,True,-1270.0,-1270.0,-2540.0
55,4,733.5,1061.0,89,True,-1061.0,-1061.0,-2122.0
55,5,948.0,1149.0,91,True,-1149.0,-1149.0,-2298.0
56,0,816.3333333333333,1265.0,94,True,-1265.0,-1265.0,-2530.0
56,1,816.3333333333333,1063.0,90,True,-1063.0,-1063.0,-2126.0
56,2,635.5,1032.0,90,True,-1032.0,-1032.0,-2064.0
56,3,871.9999999999999,1326.0,94,True,-1326.0,-1326.0,-2652.0
56,4,833.8333333333334,1171.0,91,True,-1171.0,-1171.0,-2342.0
56,5,756.3333333333333,1285.0,94,True,-1285.0,-1285.0,-2570.0
57,0,740.5,1126.0,92,True,-1126.0,-1126.0,-2252.0
57,1,941.8333333333335,1495.0,98,True,-1495.0,-1495.0,-2990.0
57,2,789.0000000000001,924.0,88,True,-924.0,-924.0,-1848.0
57,3,801.3333333333333,1246.0,93,True,-1246.0,-1246.0,-2492.0
57,4,819.0,1072.0,91,True,-1072.0,-1072.0,-2144.0
57,5,927.6666666666667,1153.0,91,True,-1153.0,-1153.0,-2306.0
58,0,734.5,1424.0,96,True,-1424.0,-1424.0,-2848.0
58,1,816.3333333333333,1129.0,92,True,-1129.0,-1129.0,-2258.0
58,2,816.0,1169.0,90,True,-1169.0,-1169.0,-2338.0
58,3,711.8333333333333,1143.0,92,True,-1143.0,-1143.0,-2286.0
58,4,643.5,1216.0,93,True,-1216.0,-1216.0,-2432.0
58,5,659.3333333333333,999.0,89,True,-999.0,-999.0,-1998.0
59,0,723.5,1054.0,91,True,-1054.0,-1054.0,-2108.0
59,1,743.3333333333333,1015.0,89,True,-1015.0,-1015.0,-2030.0
59,2,730.0,1216.0,93,True,-1216.0,-1216.0,-2432.0
59,3,766.0,1265.0,94,True,-1265.0,-1265.0,-2530.0
59,4,752.3333333333333,1184.0,93,True,-1184.0,-1184.0,-2368.0
59,5,701.3333333333333,1023.0,90,True,-1023.0,-1023.0,-2046.0
60,0,608.8333333333333,950.0,89,True,-950.0,-950.0,-1900.0
60,1,618.8333333333333,835.0,87,True,-835.0,-835.0,-1670.0
60,2,610.8333333333333,992.0,89,True,-992.0,-992.0,-1984.0
60,3,655.3333333333334,995.0,89,True,-995.0,-995.0,-1990.0
60,4,574.8333333333334,755.0,86,True,-755.0,-755.0,-1510.0
60,5,586.8333333333333,830.0,84,True,-830.0,-830.0,-1660.0
61,0,662.8333333333333,1087.0,90,True,-1087.0,-1087.0,-2174.0
61,1,751.5,1009.0,90,True,-1009.0,-1009.0,-2018.0
61,2,770.0,1179.0,93,True,-1179.0,-1179.0,-2358.0
61,3,574.8333333333334,814.0,86,True,-814.0,-814.0,-1628.0
61,4,660.8333333333333,965.0,89,True,-965.0,-965.0,-1930.0
61,5,729.6666666666667,984.0,88,True,-984.0,-984.0,-1968.0
62,0,638.8333333333334,1286.0,94,True,-1286.0,-1286.0,-2572.0
62,1,696.1666666666666,1025.0,89,True,-1025.0,-1025.0,-2050.0
62,2,722.3333333333333,1060.0,90,True,-1060.0,-1060.0,-2120.0
62,3,952.0000000000001,1454.0,98,True,-1454.0,-1454.0,-2908.0
62,4,621.8333333333333,963.0,88,True,-963.0,-963.0,-1926.0
62,5,777.0,1059.0,90,True,-1059.0,-1059.0,-2118.0
63,0,736.5,1077.0,90,True,-1077.0,-1077.0,-2154.0
63,1,655.8333333333334,1096.0,91,True,-1096.0,-1096.0,-2192.0
63,2,770.9999999999999,1077.0,90,True,-1077.0,-1077.0,-2154.0
63,3,644.1666666666667,1154.0,92,True,-1154.0,-1154.0,-2308.0
63,4,582.0,899.0,88,True,-899.0,-899.0,-1798.0
63,5,730.0,1176.0,93,True,-1176.0,-1176.0,-2352.0
64,0,627.5,974.0,89,True,-974.0,-974.0,-1948.0
64,1,766.6666666666667,1127.0,92,True,-1127.0,-1127.0,-2254.0
64,2,579.5,845.0,87,True,-845.0,-845.0,-1690.0
64,3,753.3333333333334,1136.0,91,True,-1136.0,-1136.0,-2272.0
64,4,659.8333333333333,1038.0,90,True,-1038.0,-1038.0,-2076.0
64,5,605.3333333333333,845.0,87,True,-845.0,-845.0,-1690.0
65,0,688.5,1077.0,90,True,-1077.0,-1077.0,-2154.0
65,1,804.8333333333334,1195.0,93,True,-1195.0,-1195.0,-2390.0
65,2,624.5,952.0,88,True,-952.0,-952.0,-1904.0
65,3,556.8333333333334,774.0,86,True,-774.0,-774.0,-1548.0
65,4,569.1666666666666,933.0,89,True,-933.0,-933.0,-1866.0
65,5,666.8333333333334,1014.0,90,True,-1014.0,-1014.0,-2028.0
66,0,610.8333333333333,999.0,89,True,-999.0,-999.0,-1998.0
66,1,702.8333333333334,1161.0,92,True,-1161.0,-1161.0,-2322.0
66,2,666.8333333333334,977.0,89,True,-977.0,-977.0,-1954.0
66,3,608.5,776.0,86,True,-776.0,-776.0,-1552.0
66,4,698.8333333333333,1175.0,92,True,-1175.0,-1175.0,-2350.0
66,5,754.3333333333334,1075.0,91,True,-1075.0,-1075.0,-2150.0
67,0,648.8333333333334,1077.0,91,True,-1077.0,-1077.0,-2154.0
67,1,711.0,1045.0,91,True,-1045.0,-1045.0,-2090.0
67,2,754.3333333333334,1199.0,93,True,-1199.0,-1199.0,-2398.0
67,3,752.3333333333333,1304.0,94,True,-1304.0,-1304.0,-2608.0
67,4,627.5,936.0,89,True,-936.0,-936.0,-1872.0
67,5,730.0,1089.0,91,True,-1089.0,-1089.0,-2178.0
68,0,777.0,1059.0,90,True,-1059.0,-1059.0,-2118.0
68,1,766.0,1106.0,92,True,-1106.0,-1106.0,-2212.0
68,2,688.5,1041.0,91,True,-1041.0,-1041.0,-2082.0
68,3,574.8333333333334,766.0,86,True,-766.0,-766.0,-1532.0
68,4,703.1666666666667,981.0,89,True,-981.0,-981.0,-1962.0
68,5,666.8333333333334,978.0,89,True,-978.0,-978.0,-1956.0
69,0,638.8333333333334,916.0,88,True,-916.0,-916.0,-1832.0
69,1,574.8333333333334,708.0,85,True,-708.0,-708.0,-1416.0
69,2,692.8333333333333,972.0,89,True,-972.0,-972.0,-1944.0
69,3,614.5,795.0,86,True,-795.0,-795.0,-1590.0
69,4,643.8333333333333,885.0,88,True,-885.0,-885.0,-1770.0
69,5,643.3333333333333,1094.0,90,True,-1094.0,-1094.0,-2188.0
70,0,764.6666666666667,1082.0,90,True,-1082.0,-1082.0,-2164.0
70,1,671.3333333333334,967.0,89,True,-967.0,-967.0,-1934.0
70,2,686.3333333333334,1134.0,92,True,-1134.0,-1134.0,-2268.0
70,3,707.5,977.0,89,True,-977.0,-977.0,-1954.0
70,4,830.3333333333334,986.0,89,True,-986.0,-986.0,-1972.0
70,5,731.8333333333333,972.0,89,True,-972.0,-972.0,-1944.0
71,0,663.8333333333333,931.0,88,True,-931.0,-931.0,-1862.0
71,1,678.5,907.0,88,True,-907.0,-907.0,-1814.0
71,2,712.8333333333334,976.0,89,True,-976.0,-976.0,-1952.0
71,3,638.8333333333334,1025.0,90,True,-1025.0,-1025.0,-2050.0
71,4,638.8333333333334,1075.0,91,True,-1075.0,-1075.0,-2150.0
71,5,702.8333333333334,1224.0,93,True,-1224.0,-1224.0,-2448.0
72,0,729.6666666666667,927.0,87,True,-927.0,-927.0,-1854.0
72,1,588.1666666666667,847.0,87,True,-847.0,-847.0,-1694.0
72,2,614.5,902.0,88,True,-902.0,-902.0,-1804.0
72,3,616.1666666666667,1104.0,91,True,-1104.0,-1104.0,-2208.0
72,4,668.8333333333333,1233.0,93,True,-1233.0,-1233.0,-2466.0
72,5,762.0,1029.0,89,True,-1029.0,-1029.0,-2058.0
73,0,702.8333333333334,1169.0,92,True,-1169.0,-1169.0,-2338.0
73,1,733.5,926.0,87,True,-926.0,-926.0,-1852.0
73,2,614.5,957.0,89,True,-957.0,-957.0,-1914.0
73,3,620.3333333333333,1114.0,90,True,-1114.0,-1114.0,-2228.0
73,4,668.8333333333333,997.0,90,True,-997.0,-997.0,-1994.0
73,5,692.8333333333333,902.0,88,True,-902.0,-902.0,-1804.0
74,0,674.8333333333333,847.0,87,True,-847.0,-847.0,-1694.0
74,1,604.8333333333334,926.0,88,True,-926.0,-926.0,-1852.0
74,2,702.0,972.0,88,True,-972.0,-972.0,-1944.0
74,3,608.5,911.0,88,True,-911.0,-911.0,-1822.0
74,4,672.5,981.0,89,True,-981.0,-981.0,-1962.0
74,5,616.1666666666667,1003.0,90,True,-1003.0,-1003.0,-2006.0
75,0,713.5,968.0,89,True,-968.0,-968.0,-1936.0
75,1,674.8333333333333,918.0,88,True,-918.0,-918.0,-1836.0
75,2,764.6666666666667,1125.0,90,True,-1125.0,-1125.0,-2250.0
75,3,676.8333333333333,991.0,89,True,-991.0,-991.0,-1982.0
75,4,707.5,915.0,88,True,-915.0,-915.0,-1830.0
75,5,702.8333333333334,1231.0,92,True,-1231.0,-1231.0,-2462.0
76,0,588.1666666666667,847.0,87,True,-847.0,-847.0,-1694.0
76,1,629.8333333333334,968.0,88,True,-968.0,-968.0,-1936.0
76,2,614.5,901.0,88,True,-901.0,-901.0,-1802.0
76,3,665.6666666666667,903.0,87,True,-903.0,-903.0,-1806.0
76,4,624.5,1050.0,90,True,-1050.0,-1050.0,-2100.0
76,5,643.8333333333333,903.0,88,True,-903.0,-903.0,-1806.0
77,0,735.6666666666667,1042.0,89,True,-1042.0,-1042.0,-2084.0
77,1,678.5,1176.0,93,True,-1176.0,-1176.0,-2352.0
77,2,624.8333333333334,782.0,86,True,-782.0,-782.0,-1564.0
77,3,643.3333333333333,912.0,87,True,-912.0,-912.0,-1824.0
77,4,701.3333333333333,807.0,86,True,-807.0,-807.0,-1614.0
77,5,752.3333333333333,968.0,89,True,-968.0,-968.0,-1936.0
78,0,660.8333333333333,846.0,86,True,-846.0,-846.0,-1692.0
78,1,561.8333333333333,708.0,84,True,-708.0,-708.0,-1416.0
78,2,622.8333333333333,1036.0,90,True,-1036.0,-1036.0,-2072.0
78,3,652.8333333333334,849.0,87,True,-849.0,-849.0,-1698.0
78,4,645.8333333333333,915.0,88,True,-915.0,-915.0,-1830.0
78,5,588.1666666666667,847.0,87,True,-847.0,-847.0,-1694.0
79,0,614.5,891.0,88,True,-891.0,-891.0,-1782.0
79,1,624.8333333333334,766.0,86,True,-766.0,-766.0,-1532.0
79,2,622.8333333333333,770.0,86,True,-770.0,-770.0,-1540.0
79,3,574.8333333333334,829.0,87,True,-829.0,-829.0,-1658.0
79,4,678.5,847.0,87,True,-847.0,-847.0,-1694.0
79,5,574.8333333333334,838.0,87,True,-838.0,-838.0,-1676.0
80,0,702.0,968.0,88,True,-968.0,-968.0,-1936.0
80,1,754.3333333333334,1051.0,91,True,-1051.0,-1051.0,-2102.0
80,2,696.8333333333333,1042.0,90,True,-1042.0,-1042.0,-2084.0
80,3,764.6666666666667,957.0,88,True,-957.0,-957.0,-1914.0
80,4,729.6666666666667,1211.0,92,True,-1211.0,-1211.0,-2422.0
80,5,752.3333333333333,1028.0,89,True,-1028.0,-1028.0,-2056.0
81,0,626.1666666666667,836.0,86,True,-836.0,-836.0,-1672.0
81,1,825.0,977.0,88,True,-977.0,-977.0,-1954.0
81,2,574.8333333333334,834.0,87,True,-834.0,-834.0,-1668.0
81,3,754.3333333333334,982.0,89,True,-982.0,-982.0,-1964.0
81,4,723.8333333333334,1112.0,91,True,-1112.0,-1112.0,-2224.0
81,5,752.5,1097.0,90,True,-1097.0,-1097.0,-2194.0
82,0,638.8333333333334,960.0,89,True,-960.0,-960.0,-1920.0
82,1,631.0,844.0,86,True,-844.0,-844.0,-1688.0
82,2,721.8333333333334,928.0,87,True,-928.0,-928.0,-1856.0
82,3,764.6666666666667,1140.0,90,True,-1140.0,-1140.0,-2280.0
82,4,764.6666666666667,978.0,88,True,-978.0,-978.0,-1956.0
82,5,763.3333333333333,1293.0,94,True,-1293.0,-1293.0,-2586.0
83,0,668.3333333333334,880.0,86,True,-880.0,-880.0,-1760.0
83,1,608.5,965.0,88,True,-965.0,-965.0,-1930.0
83,2,723.8333333333334,888.0,88,True,-888.0,-888.0,-1776.0
83,3,672.5,917.0,88,True,-917.0,-917.0,-1834.0
83,4,643.5,886.0,88,True,-886.0,-886.0,-1772.0
83,5,588.1666666666667,871.0,86,True,-871.0,-871.0,-1742.0
84,0,863.6666666666667,1089.0,90,True,-1089.0,-1089.0,-2178.0
84,1,574.8333333333334,883.0,87,True,-883.0,-883.0,-1766.0
84,2,863.6666666666667,1098.0,90,True,-1098.0,-1098.0,-2196.0
84,3,839.1666666666667,1099.0,90,True,-1099.0,-1099.0,-2198.0
84,4,701.8333333333333,1003.0,89,True,-1003.0,-1003.0,-2006.0
84,5,644.5000000000001,995.0,90,True,-995.0,-995.0,-1990.0
85,0,764.6666666666667,979.0,88,True,-979.0,-979.0,-1958.0
85,1,730.0,1202.0,93,True,-1202.0,-1202.0,-2404.0
85,2,817.0,1162.0,91,True,-1162.0,-1162.0,-2324.0
85,3,660.8333333333333,916.0,87,True,-916.0,-916.0,-1832.0
85,4,807.3333333333334,972.0,89,True,-972.0,-972.0,-1944.0
85,5,660.8333333333333,854.0,86,True,-854.0,-854.0,-1708.0
86,0,752.3333333333333,1147.0,92,True,-1147.0,-1147.0,-2294.0
86,1,665.6666666666667,918.0,87,True,-918.0,-918.0,-1836.0
86,2,744.6666666666667,1137.0,92,True,-1137.0,-1137.0,-2274.0
86,3,602.5,837.0,86,True,-837.0,-837.0,-1674.0
86,4,752.3333333333333,1226.0,93,True,-1226.0,-1226.0,-2452.0
86,5,830.3333333333334,1098.0,91,True,-1098.0,-1098.0,-2196.0
87,0,698.8333333333333,1114.0,90,True,-1114.0,-1114.0,-2228.0
87,1,638.8333333333334,1050.0,90,True,-1050.0,-1050.0,-2100.0
87,2,779.0,1043.0,89,True,-1043.0,-1043.0,-2086.0
87,3,814.0,982.0,89,True,-982.0,-982.0,-1964.0
87,4,710.8333333333333,906.0,87,True,-906.0,-906.0,-1812.0
87,5,678.3333333333333,823.0,86,True,-823.0,-823.0,-1646.0
88,0,574.8333333333334,780.0,85,True,-780.0,-780.0,-1560.0
88,1,680.8333333333333,1155.0,90,True,-1155.0,-1155.0,-2310.0
88,2,749.3333333333334,860.0,86,True,-860.0,-860.0,-1720.0
88,3,698.8333333333333,1165.0,91,True,-1165.0,-1165.0,-2330.0
88,4,602.5,891.0,87,True,-891.0,-891.0,-1782.0
88,5,638.8333333333334,1108.0,90,True,-1108.0,-1108.0,-2216.0
89,0,614.5,911.0,87,True,-911.0,-911.0,-1822.0
89,1,592.0,935.0,88,True,-935.0,-935.0,-1870.0
89,2,676.8333333333333,899.0,86,True,-899.0,-899.0,-1798.0
89,3,643.8333333333333,1132.0,90,True,-1132.0,-1132.0,-2264.0
89,4,610.8333333333333,837.0,86,True,-837.0,-837.0,-1674.0
89,5,574.8333333333334,911.0,87,True,-911.0,-911.0,-1822.0
90,0,666.8333333333334,913.0,87,True,-913.0,-913.0,-1826.0
90,1,574.8333333333334,847.0,86,True,-847.0,-847.0,-1694.0
90,2,752.3333333333333,1124.0,92,True,-1124.0,-1124.0,-2248.0
90,3,614.5,1082.0,90,True,-1082.0,-1082.0,-2164.0
90,4,703.3333333333333,1032.0,89,True,-1032.0,-1032.0,-2064.0
90,5,610.8333333333333,893.0,87,True,-893.0,-893.0,-1786.0
91,0,574.8333333333334,911.0,87,True,-911.0,-911.0,-1822.0
91,1,638.8333333333334,997.0,89,True,-997.0,-997.0,-1994.0
91,2,735.0,1147.0,90,True,-1147.0,-1147.0,-2294.0
91,3,638.8333333333334,997.0,88,True,-997.0,-997.0,-1994.0
91,4,608.5,907.0,87,True,-907.0,-907.0,-1814.0
91,5,569.1666666666666,840.0,86,True,-840.0,-840.0,-1680.0
92,0,602.3333333333333,900.0,87,True,-900.0,-900.0,-1800.0
92,1,655.8333333333334,1057.0,89,True,-1057.0,-1057.0,-2114.0
92,2,738.0,1126.0,91,True,-1126.0,-1126.0,-2252.0
92,3,608.5,845.0,85,True,-845.0,-845.0,-1690.0
92,4,638.8333333333334,1262.0,92,True,-1262.0,-1262.0,-2524.0
92,5,588.1666666666667,907.0,87,True,-907.0,-907.0,-1814.0
93,0,702.8333333333334,1070.0,90,True,-1070.0,-1070.0,-2140.0
93,1,544.6666666666666,781.0,85,True,-781.0,-781.0,-1562.0
93,2,536.5,699.0,83,True,-699.0,-699.0,-1398.0
93,3,749.3333333333334,925.0,87,True,-925.0,-925.0,-1850.0
93,4,666.8333333333334,1204.0,91,True,-1204.0,-1204.0,-2408.0
93,5,668.3333333333334,967.0,88,True,-967.0,-967.0,-1934.0
94,0,633.8333333333334,1026.0,89,True,-1026.0,-1026.0,-2052.0
94,1,733.6666666666667,1115.0,91,True,-1115.0,-1115.0,-2230.0
94,2,605.3333333333333,845.0,86,True,-845.0,-845.0,-1690.0
94,3,611.8333333333333,948.0,88,True,-948.0,-948.0,-1896.0
94,4,676.8333333333333,1090.0,90,True,-1090.0,-1090.0,-2180.0
94,5,738.0,1081.0,91,True,-1081.0,-1081.0,-2162.0
95,0,574.8333333333334,839.0,86,True,-839.0,-839.0,-1678.0
95,1,676.8333333333333,1150.0,91,True,-1150.0,-1150.0,-2300.0
95,2,622.8333333333333,852.0,86,True,-852.0,-852.0,-1704.0
95,3,633.8333333333334,980.0,88,True,-980.0,-980.0,-1960.0
95,4,622.8333333333333,790.0,85,True,-790.0,-790.0,-1580.0
95,5,629.8333333333334,995.0,88,True,-995.0,-995.0,-1990.0
96,0,556.8333333333334,797.0,85,True,-797.0,-797.0,-1594.0
96,1,777.3333333333333,1190.0,92,True,-1190.0,-1190.0,-2380.0
96,2,701.3333333333333,961.0,88,True,-961.0,-961.0,-1922.0
96,3,752.3333333333333,1125.0,91,True,-1125.0,-1125.0,-2250.0
96,4,738.0,1198.0,92,True,-1198.0,-1198.0,-2396.0
96,5,602.3333333333333,790.0,85,True,-790.0,-790.0,-1580.0
97,0,837.0,1059.0,91,True,-1059.0,-1059.0,-2118.0
97,1,752.3333333333333,1199.0,93,True,-1199.0,-1199.0,-2398.0
97,2,800.0000000000001,1142.0,91,True,-1142.0,-1142.0,-2284.0
97,3,633.8333333333334,1039.0,89,True,-1039.0,-1039.0,-2078.0
97,4,782.3333333333334,1224.0,93,True,-1224.0,-1224.0,-2448.0
97,5,759.3333333333333,1212.0,93,True,-1212.0,-1212.0,-2424.0
98,0,731.0,1030.0,90,True,-1030.0,-1030.0,-2060.0
98,1,752.3333333333333,1187.0,92,True,-1187.0,-1187.0,-2374.0
98,2,816.3333333333333,1089.0,91,True,-1089.0,-1089.0,-2178.0
98,3,806.0,1300.0,94,True,-1300.0,-1300.0,-2600.0
98,4,896.5,1132.0,92,True,-1132.0,-1132.0,-2264.0
98,5,816.3333333333333,1459.0,97,True,-1459.0,-1459.0,-2918.0
99,0,721.6666666666667,982.0,89,True,-982.0,-982.0,-1964.0
99,1,752.6666666666667,1230.0,93,True,-1230.0,-1230.0,-2460.0
99,2,602.8333333333334,1065.0,90,True,-1065.0,-1065.0,-2130.0
99,3,776.3333333333333,919.0,88,True,-919.0,-919.0,-1838.0
99,4,893.0,1172.0,92,True,-1172.0,-1172.0,-2344.0
99,5,729.6666666666667,1229.0,93,True,-1229.0,-1229.0,-2458.0
100,0,678.3333333333333,922.0,88,True,-922.0,-922.0,-1844.0
100,1,891.3333333333334,1148.0,92,True,-1148.0,-1148.0,-2296.0
100,2,842.0,1145.0,92,True,-1145.0,-1145.0,-2290.0
100,3,721.6666666666667,1151.0,92,True,-1151.0,-1151.0,-2302.0
100,4,895.3333333333334,1223.0,92,True,-1223.0,-1223.0,-2446.0
100,5,782.3333333333334,1256.0,94,True,-1256.0,-1256.0,-2512.0
101,0,807.3333333333334,977.0,89,True,-977.0,-977.0,-1954.0
101,1,863.6666666666667,1038.0,90,True,-1038.0,-1038.0,-2076.0
101,2,816.3333333333333,1216.0,93,True,-1216.0,-1216.0,-2432.0
101,3,851.3333333333333,1282.0,94,True,-1282.0,-1282.0,-2564.0
101,4,753.5,1153.0,92,True,-1153.0,-1153.0,-2306.0
101,5,707.3333333333334,1047.0,90,True,-1047.0,-1047.0,-2094.0
102,0,737.3333333333333,1177.0,92,True,-1177.0,-1177.0,-2354.0
102,1,716.0000000000001,1007.0,89,True,-1007.0,-1007.0,-2014.0
102,2,868.5,1370.0,96,True,-1370.0,-1370.0,-2740.0
102,3,855.0000000000001,1209.0,93,True,-1209.0,-1209.0,-2418.0
102,4,731.3333333333334,974.0,89,True,-974.0,-974.0,-1948.0
102,5,665.6666666666667,1005.0,89,True,-1005.0,-1005.0,-2010.0
103,0,702.8333333333333,1065.0,90,True,-1065.0,-1065.0,-2130.0
103,1,721.8333333333334,1020.0,89,True,-1020.0,-1020.0,-2040.0
103,2,842.0,1274.0,94,True,-1274.0,-1274.0,-2548.0
103,3,799.0000000000001,872.0,87,True,-872.0,-872.0,-1744.0
103,4,738.0,1073.0,91,True,-1073.0,-1073.0,-2146.0
103,5,635.5,998.0,89,True,-998.0,-998.0,-1996.0
104,0,682.5,1103.0,91,True,-1103.0,-1103.0,-2206.0
104,1,678.3333333333333,911.0,87,True,-911.0,-911.0,-1822.0
104,2,753.5,1209.0,93,True,-1209.0,-1209.0,-2418.0
104,3,787.3333333333333,979.0,89,True,-979.0,-979.0,-1958.0
104,4,752.3333333333333,1243.0,93,True,-1243.0,-1243.0,-2486.0
104,5,755.0,1290.0,94,True,-1290.0,-1290.0,-2580.0
105,0,752.0,1221.0,93,True,-1221.0,-1221.0,-2442.0
105,1,701.8333333333334,1156.0,92,True,-1156.0,-1156.0,-2312.0
105,2,787.3333333333333,974.0,89,True,-974.0,-974.0,-1948.0
105,3,756.6666666666666,1308.0,94,True,-1308.0,-1308.0,-2616.0
105,4,602.5,891.0,88,True,-891.0,-891.0,-1782.0
105,5,822.5,1208.0,92,True,-1208.0,-1208.0,-2416.0
106,0,814.0,1207.0,93,True,-1207.0,-1207.0,-2414.0
106,1,753.5,971.0,89,True,-971.0,-971.0,-1942.0
106,2,723.5,1080.0,91,True,-1080.0,-1080.0,-2160.0
106,3,865.0,989.0,89,True,-989.0,-989.0,-1978.0
106,4,753.5,1092.0,91,True,-1092.0,-1092.0,-2184.0
106,5,688.3333333333333,999.0,89,True,-999.0,-999.0,-1998.0
107,0,678.3333333333333,1185.0,93,True,-1185.0,-1185.0,-2370.0
107,1,814.0,982.0,89,True,-982.0,-982.0,-1964.0
107,2,730.0,1090.0,91,True,-1090.0,-1090.0,-2180.0
107,3,863.6666666666667,1147.0,92,True,-1147.0,-1147.0,-2294.0
107,4,753.5,1031.0,90,True,-1031.0,-1031.0,-2062.0
107,5,688.3333333333333,962.0,89,True,-962.0,-962.0,-1924.0
108,0,797.8333333333334,1107.0,91,True,-1107.0,-1107.0,-2214.0
108,1,752.3333333333333,1035.0,90,True,-1035.0,-1035.0,-2070.0
108,2,783.6666666666666,1074.0,91,True,-1074.0,-1074.0,-2148.0
108,3,851.3333333333333,1074.0,91,True,-1074.0,-1074.0,-2148.0
108,4,721.8333333333334,937.0,88,True,-937.0,-937.0,-1874.0
108,5,793.0,1099.0,91,True,-1099.0,-1099.0,-2198.0
109,0,865.0,989.0,89,True,-989.0,-989.0,-1978.0
109,1,754.3333333333334,875.0,87,True,-875.0,-875.0,-1750.0
109,2,753.5,915.0,88,True,-915.0,-915.0,-1830.0
109,3,728.8333333333333,913.0,88,True,-913.0,-913.0,-1826.0
109,4,754.3333333333334,1128.0,92,True,-1128.0,-1128.0,-2256.0
109,5,753.5,916.0,88,True,-916.0,-916.0,-1832.0
110,0,663.8333333333333,915.0,88,True,-915.0,-915.0,-1830.0
110,1,749.3333333333334,1098.0,91,True,-1098.0,-1098.0,-2196.0
110,2,729.6666666666667,877.0,87,True,-877.0,-877.0,-1754.0
110,3,751.0,767.0,85,True,-767.0,-767.0,-1534.0
110,4,826.0000000000001,1107.0,91,True,-1107.0,-1107.0,-2214.0
110,5,731.0,1112.0,91,True,-1112.0,-1112.0,-2224.0
111,0,628.0,843.0,87,True,-843.0,-843.0,-1686.0
111,1,655.3333333333334,762.0,85,True,-762.0,-762.0,-1524.0
111,2,710.5,977.0,89,True,-977.0,-977.0,-1954.0
111,3,735.0,677.0,83,True,-677.0,-677.0,-1354.0
111,4,749.3333333333334,979.0,89,True,-979.0,-979.0,-1958.0
111,5,614.5,840.0,87,True,-840.0,-840.0,-1680.0
112,0,614.5,788.0,85,True,-788.0,-788.0,-1576.0
112,1,764.6666666666667,1143.0,91,True,-1143.0,-1143.0,-2286.0
112,2,710.8333333333333,917.0,88,True,-917.0,-917.0,-1834.0
112,3,753.5,1031.0,90,True,-1031.0,-1031.0,-2062.0
112,4,666.8333333333334,919.0,87,True,-919.0,-919.0,-1838.0
112,5,663.8333333333333,866.0,87,True,-866.0,-866.0,-1732.0
113,0,759.3333333333333,1221.0,93,True,-1221.0,-1221.0,-2442.0
113,1,820.0000000000001,1083.0,90,True,-1083.0,-1083.0,-2166.0
113,2,753.5,1031.0,90,True,-1031.0,-1031.0,-2062.0
113,3,640.0,823.0,85,True,-823.0,-823.0,-1646.0
113,4,770.8333333333334,875.0,87,True,-875.0,-875.0,-1750.0
113,5,655.8333333333334,853.0,86,True,-853.0,-853.0,-1706.0
114,0,821.0,1256.0,94,True,-1256.0,-1256.0,-2512.0
114,1,661.3333333333334,1054.0,89,True,-1054.0,-1054.0,-2108.0
114,2,699.0,1119.0,91,True,-1119.0,-1119.0,-2238.0
114,3,672.5,972.0,87,True,-972.0,-972.0,-1944.0
114,4,624.8333333333334,790.0,85,True,-790.0,-790.0,-1580.0
114,5,725.3333333333334,1044.0,90,True,-1044.0,-1044.0,-2088.0
115,0,740.8333333333334,1024.0,89,True,-1024.0,-1024.0,-2048.0
115,1,701.3333333333333,935.0,88,True,-935.0,-935.0,-1870.0
115,2,729.6666666666667,890.0,87,True,-890.0,-890.0,-1780.0
115,3,663.8333333333333,1126.0,91,True,-1126.0,-1126.0,-2252.0
115,4,645.8333333333333,984.0,88,True,-984.0,-984.0,-1968.0
115,5,625.3333333333333,917.0,87,True,-917.0,-917.0,-1834.0
116,0,665.6666666666667,1028.0,89,True,-1028.0,-1028.0,-2056.0
116,1,614.5,903.0,87,True,-903.0,-903.0,-1806.0
116,2,584.1666666666667,800.0,85,True,-800.0,-800.0,-1600.0
116,3,689.0,895.0,87,True,-895.0,-895.0,-1790.0
116,4,752.3333333333333,1072.0,91,True,-1072.0,-1072.0,-2144.0
116,5,661.3333333333334,998.0,88,True,-998.0,-998.0,-1996.0
117,0,676.8333333333333,1166.0,91,True,-1166.0,-1166.0,-2332.0
117,1,678.3333333333333,917.0,87,True,-917.0,-917.0,-1834.0
117,2,574.8333333333334,837.0,86,True,-837.0,-837.0,-1674.0
117,3,703.3333333333333,1020.0,89,True,-1020.0,-1020.0,-2040.0
117,4,731.0,1033.0,89,True,-1033.0,-1033.0,-2066.0
117,5,653.3333333333333,915.0,87,True,-915.0,-915.0,-1830.0
118,0,767.5,1080.0,91,True,-1080.0,-1080.0,-2160.0
118,1,816.3333333333333,1120.0,91,True,-1120.0,-1120.0,-2240.0
118,2,867.0,991.0,89,True,-991.0,-991.0,-1982.0
118,3,960.0,1148.0,91,True,-1148.0,-1148.0,-2296.0
118,4,614.5,943.0,88,True,-943.0,-943.0,-1886.0
118,5,729.6666666666667,1133.0,91,True,-1133.0,-1133.0,-2266.0
119,0,807.0000000000001,1088.0,90,True,-1088.0,-1088.0,-2176.0
119,1,639.8333333333333,969.0,88,True,-969.0,-969.0,-1938.0
119,2,662.8333333333333,885.0,87,True,-885.0,-885.0,-1770.0
119,3,729.6666666666667,883.0,86,True,-883.0,-883.0,-1766.0
119,4,756.0,978.0,88,True,-978.0,-978.0,-1956.0
119,5,742.3333333333333,1079.0,90,True,-1079.0,-1079.0,-2158.0
120,0,644.8333333333334,892.0,87,True,-892.0,-892.0,-1784.0
120,1,688.3333333333333,1126.0,92,True,-1126.0,-1126.0,-2252.0
120,2,691.3333333333334,920.0,87,True,-920.0,-920.0,-1840.0
120,3,662.1666666666667,1017.0,89,True,-1017.0,-1017.0,-2034.0
120,4,743.6666666666667,1006.0,89,True,-1006.0,-1006.0,-2012.0
120,5,883.3333333333334,1298.0,95,True,-1298.0,-1298.0,-2596.0
121,0,701.3333333333333,1159.0,91,True,-1159.0,-1159.0,-2318.0
121,1,752.3333333333333,1032.0,89,True,-1032.0,-1032.0,-2064.0
121,2,692.8333333333333,850.0,86,True,-850.0,-850.0,-1700.0
121,3,752.3333333333333,1128.0,91,True,-1128.0,-1128.0,-2256.0
121,4,626.8333333333333,1097.0,90,True,-1097.0,-1097.0,-2194.0
121,5,589.8333333333334,706.0,83,True,-706.0,-706.0,-1412.0
122,0,673.3333333333334,966.0,88,True,-966.0,-966.0,-1932.0
122,1,653.3333333333333,822.0,85,True,-822.0,-822.0,-1644.0
122,2,660.8333333333333,807.0,85,True,-807.0,-807.0,-1614.0
122,3,704.8333333333333,1194.0,91,True,-1194.0,-1194.0,-2388.0
122,4,652.3333333333334,1057.0,89,True,-1057.0,-1057.0,-2114.0
122,5,752.3333333333333,1086.0,90,True,-1086.0,-1086.0,-2172.0
123,0,804.8333333333334,1002.0,88,True,-1002.0,-1002.0,-2004.0
123,1,699.0,1017.0,89,True,-1017.0,-1017.0,-2034.0
123,2,619.8333333333334,832.0,86,True,-832.0,-832.0,-1664.0
123,3,615.3333333333333,852.0,85,True,-852.0,-852.0,-1704.0
123,4,752.3333333333333,1079.0,90,True,-1079.0,-1079.0,-2158.0
123,5,663.8333333333333,1027.0,88,True,-1027.0,-1027.0,-2054.0
124,0,678.5,1036.0,89,True,-1036.0,-1036.0,-2072.0
124,1,701.3333333333333,1002.0,88,True,-1002.0,-1002.0,-2004.0
124,2,644.8333333333334,961.0,88,True,-961.0,-961.0,-1922.0
124,3,644.8333333333334,1012.0,89,True,-1012.0,-1012.0,-2024.0
124,4,687.8333333333334,833.0,86,True,-833.0,-833.0,-1666.0
124,5,731.3333333333334,976.0,89,True,-976.0,-976.0,-1952.0
125,0,723.0,1096.0,90,True,-1096.0,-1096.0,-2192.0
125,1,688.3333333333333,1018.0,90,True,-1018.0,-1018.0,-2036.0
125,2,663.8333333333333,915.0,88,True,-915.0,-915.0,-1830.0
125,3,702.0,962.0,89,True,-962.0,-962.0,-1924.0
125,4,638.8333333333334,1013.0,89,True,-1013.0,-1013.0,-2026.0
125,5,865.0,1045.0,89,True,-1045.0,-1045.0,-2090.0
126,0,592.0,837.0,86,True,-837.0,-837.0,-1674.0
126,1,764.6666666666667,949.0,88,True,-949.0,-949.0,-1898.0
126,2,785.5,1017.0,90,True,-1017.0,-1017.0,-2034.0
126,3,732.8333333333334,872.0,87,True,-872.0,-872.0,-1744.0
126,4,702.0,1065.0,91,True,-1065.0,-1065.0,-2130.0
126,5,752.3333333333333,970.0,89,True,-970.0,-970.0,-1940.0
127,0,705.3333333333333,811.0,85,True,-811.0,-811.0,-1622.0
127,1,616.1666666666667,893.0,87,True,-893.0,-893.0,-1786.0
127,2,604.6666666666666,875.0,86,True,-875.0,-875.0,-1750.0
127,3,723.5,1046.0,90,True,-1046.0,-1046.0,-2092.0
127,4,660.8333333333333,900.0,87,True,-900.0,-900.0,-1800.0
127,5,799.6666666666667,1023.0,89,True,-1023.0,-1023.0,-2046.0
128,0,655.8333333333334,1064.0,89,True,-1064.0,-1064.0,-2128.0
128,1,731.3333333333334,992.0,89,True,-992.0,-992.0,-1984.0
128,2,689.0,1001.0,90,True,-1001.0,-1001.0,-2002.0
128,3,696.8333333333333,852.0,86,True,-852.0,-852.0,-1704.0
128,4,764.6666666666667,878.0,87,True,-878.0,-878.0,-1756.0
128,5,678.3333333333333,974.0,89,True,-974.0,-974.0,-1948.0
129,0,701.3333333333333,1136.0,92,True,-1136.0,-1136.0,-2272.0
129,1,691.3333333333334,836.0,87,True,-836.0,-836.0,-1672.0
129,2,666.8333333333334,995.0,88,True,-995.0,-995.0,-1990.0
129,3,713.5,1151.0,91,True,-1151.0,-1151.0,-2302.0
129,4,717.3333333333333,973.0,89,True,-973.0,-973.0,-1946.0
129,5,759.5,1071.0,90,True,-1071.0,-1071.0,-2142.0
130,0,611.8333333333333,821.0,85,True,-821.0,-821.0,-1642.0
130,1,796.5,1112.0,91,True,-1112.0,-1112.0,-2224.0
130,2,655.3333333333334,867.0,87,True,-867.0,-867.0,-1734.0
130,3,731.3333333333334,736.0,85,True,-736.0,-736.0,-1472.0
130,4,738.0,1111.0,92,True,-1111.0,-1111.0,-2222.0
130,5,752.3333333333333,1154.0,92,True,-1154.0,-1154.0,-2308.0
131,0,687.8333333333334,1084.0,91,True,-1084.0,-1084.0,-2168.0
131,1,602.5,825.0,87,True,-825.0,-825.0,-1650.0
131,2,644.8333333333334,844.0,87,True,-844.0,-844.0,-1688.0
131,3,730.0,1139.0,92,True,-1139.0,-1139.0,-2278.0
131,4,620.3333333333333,853.0,86,True,-853.0,-853.0,-1706.0
131,5,655.8333333333334,825.0,87,True,-825.0,-825.0,-1650.0
132,0,624.8333333333334,782.0,85,True,-782.0,-782.0,-1564.0
132,1,645.8333333333333,822.0,86,True,-822.0,-822.0,-1644.0
132,2,632.8333333333333,893.0,88,True,-893.0,-893.0,-1786.0
132,3,726.6666666666666,822.0,86,True,-822.0,-822.0,-1644.0
132,4,709.8333333333333,1161.0,92,True,-1161.0,-1161.0,-2322.0
132,5,672.5,903.0,87,True,-903.0,-903.0,-1806.0
133,0,659.8333333333333,831.0,86,True,-831.0,-831.0,-1662.0
133,1,614.5,790.0,85,True,-790.0,-790.0,-1580.0
133,2,574.8333333333334,818.0,86,True,-818.0,-818.0,-1636.0
133,3,604.6666666666667,1272.0,94,True,-1272.0,-1272.0,-2544.0
133,4,678.5,836.0,86,True,-836.0,-836.0,-1672.0
133,5,608.8333333333333,1077.0,90,True,-1077.0,-1077.0,-2154.0
134,0,652.8333333333333,959.0,88,True,-959.0,-959.0,-1918.0
134,1,752.3333333333333,1124.0,91,True,-1124.0,-1124.0,-2248.0
134,2,752.3333333333333,1072.0,90,True,-1072.0,-1072.0,-2144.0
134,3,624.8333333333334,804.0,85,True,-804.0,-804.0,-1608.0
134,4,634.1666666666667,897.0,87,True,-897.0,-897.0,-1794.0
134,5,752.6666666666667,1081.0,91,True,-1081.0,-1081.0,-2162.0
135,0,668.8333333333333,941.0,89,True,-941.0,-941.0,-1882.0
135,1,643.8333333333333,903.0,87,True,-903.0,-903.0,-1806.0
135,2,614.5,779.0,83,True,-779.0,-779.0,-1558.0
135,3,695.8333333333333,902.0,86,True,-902.0,-902.0,-1804.0
135,4,638.8333333333334,1021.0,89,True,-1021.0,-1021.0,-2042.0
135,5,692.8333333333333,937.0,87,True,-937.0,-937.0,-1874.0
136,0,692.8333333333333,902.0,87,True,-902.0,-902.0,-1804.0
136,1,602.3333333333333,957.0,88,True,-957.0,-957.0,-1914.0
136,2,668.3333333333334,967.0,88,True,-967.0,-967.0,-1934.0
136,3,602.8333333333333,850.0,86,True,-850.0,-850.0,-1700.0
136,4,653.3333333333333,868.0,87,True,-868.0,-868.0,-1736.0
136,5,665.6666666666667,859.0,86,True,-859.0,-859.0,-1718.0
137,0,794.0,1093.0,90,True,-1093.0,-1093.0,-2186.0
137,1,632.8333333333333,997.0,89,True,-997.0,-997.0,-1994.0
137,2,752.3333333333333,1033.0,90,True,-1033.0,-1033.0,-2066.0
137,3,702.8333333333334,1031.0,89,True,-1031.0,-1031.0,-2062.0
137,4,660.8333333333333,805.0,85,True,-805.0,-805.0,-1610.0
137,5,588.1666666666667,958.0,88,True,-958.0,-958.0,-1916.0
138,0,638.8333333333333,852.0,86,True,-852.0,-852.0,-1704.0
138,1,614.5,837.0,86,True,-837.0,-837.0,-1674.0
138,2,563.1666666666667,842.0,86,True,-842.0,-842.0,-1684.0
138,3,624.8333333333334,795.0,85,True,-795.0,-795.0,-1590.0
138,4,731.3333333333334,931.0,88,True,-931.0,-931.0,-1862.0
138,5,632.8333333333333,946.0,88,True,-946.0,-946.0,-1892.0
139,0,655.8333333333334,1040.0,89,True,-1040.0,-1040.0,-2080.0
139,1,752.3333333333333,968.0,89,True,-968.0,-968.0,-1936.0
139,2,713.5,1237.0,92,True,-1237.0,-1237.0,-2474.0
139,3,752.3333333333333,957.0,89,True,-957.0,-957.0,-1914.0
139,4,690.1666666666667,915.0,87,True,-915.0,-915.0,-1830.0
139,5,754.3333333333334,1122.0,92,True,-1122.0,-1122.0,-2244.0
140,0,643.8333333333333,767.0,85,True,-767.0,-767.0,-1534.0
140,1,739.5000000000001,1122.0,92,True,-1122.0,-1122.0,-2244.0
140,2,644.8333333333334,906.0,88,True,-906.0,-906.0,-1812.0
140,3,638.8333333333334,906.0,87,True,-906.0,-906.0,-1812.0
140,4,655.8333333333334,1099.0,90,True,-1099.0,-1099.0,-2198.0
140,5,710.8333333333333,1215.0,93,True,-1215.0,-1215.0,-2430.0
141,0,739.5000000000001,1185.0,93,True,-1185.0,-1185.0,-2370.0
141,1,655.8333333333334,965.0,88,True,-965.0,-965.0,-1930.0
141,2,732.8333333333334,1047.0,89,True,-1047.0,-1047.0,-2094.0
141,3,753.5,1018.0,90,True,-1018.0,-1018.0,-2036.0
141,4,690.1666666666667,978.0,88,True,-978.0,-978.0,-1956.0
141,5,574.8333333333334,840.0,86,True,-840.0,-840.0,-1680.0
142,0,649.8333333333333,860.0,86,True,-860.0,-860.0,-1720.0
142,1,752.3333333333333,979.0,89,True,-979.0,-979.0,-1958.0
142,2,632.1666666666666,1107.0,91,True,-1107.0,-1107.0,-2214.0
142,3,665.8333333333333,1089.0,90,True,-1089.0,-1089.0,-2178.0
142,4,764.6666666666667,954.0,88,True,-954.0,-954.0,-1908.0
142,5,577.8333333333334,783.0,85,True,-783.0,-783.0,-1566.0
143,0,614.5,891.0,87,True,-891.0,-891.0,-1782.0
143,1,678.5,1058.0,90,True,-1058.0,-1058.0,-2116.0
143,2,602.5,891.0,87,True,-891.0,-891.0,-1782.0
143,3,723.8333333333334,982.0,88,True,-982.0,-982.0,-1964.0
143,4,603.8333333333333,978.0,88,True,-978.0,-978.0,-1956.0
143,5,752.6666666666667,1125.0,92,True,-1125.0,-1125.0,-2250.0
144,0,615.1666666666666,1011.0,89,True,-1011.0,-1011.0,-2022.0
144,1,736.0,968.0,89,True,-968.0,-968.0,-1936.0
144,2,720.0,1029.0,90,True,-1029.0,-1029.0,-2058.0
144,3,652.8333333333334,898.0,87,True,-898.0,-898.0,-1796.0
144,4,608.5,868.0,86,True,-868.0,-868.0,-1736.0
144,5,713.5,1206.0,93,True,-1206.0,-1206.0,-2412.0
145,0,665.8333333333333,899.0,87,True,-899.0,-899.0,-1798.0
145,1,616.1666666666667,997.0,89,True,-997.0,-997.0,-1994.0
145,2,665.6666666666667,862.0,87,True,-862.0,-862.0,-1724.0
145,3,702.0,1121.0,92,True,-1121.0,-1121.0,-2242.0
145,4,752.3333333333333,963.0,89,True,-963.0,-963.0,-1926.0
145,5,643.5,916.0,87,True,-916.0,-916.0,-1832.0
146,0,644.8333333333334,974.0,88,True,-974.0,-974.0,-1948.0
146,1,702.0,1027.0,89,True,-1027.0,-1027.0,-2054.0
146,2,672.5,1122.0,90,True,-1122.0,-1122.0,-2244.0
146,3,723.8333333333334,1058.0,89,True,-1058.0,-1058.0,-2116.0
146,4,633.8333333333334,888.0,87,True,-888.0,-888.0,-1776.0
146,5,678.5,847.0,86,True,-847.0,-847.0,-1694.0
147,0,660.8333333333333,871.0,86,True,-871.0,-871.0,-1742.0
147,1,660.8333333333333,847.0,86,True,-847.0,-847.0,-1694.0
147,2,624.8333333333334,861.0,86,True,-861.0,-861.0,-1722.0
147,3,678.5,862.0,87,True,-862.0,-862.0,-1724.0
147,4,707.5,915.0,87,True,-915.0,-915.0,-1830.0
147,5,611.8333333333333,847.0,86,True,-847.0,-847.0,-1694.0
148,0,632.1666666666666,945.0,88,True,-945.0,-945.0,-1890.0
148,1,624.8333333333334,797.0,85,True,-797.0,-797.0,-1594.0
148,2,659.8333333333333,829.0,85,True,-829.0,-829.0,-1658.0
148,3,764.6666666666667,1004.0,89,True,-1004.0,-1004.0,-2008.0
148,4,622.8333333333333,947.0,88,True,-947.0,-947.0,-1894.0
148,5,624.8333333333334,790.0,84,True,-790.0,-790.0,-1580.0
149,0,643.8333333333333,933.0,87,True,-933.0,-933.0,-1866.0
149,1,723.5,1062.0,90,True,-1062.0,-1062.0,-2124.0
149,2,624.8333333333334,845.0,86,True,-845.0,-845.0,-1690.0
149,3,752.3333333333333,1022.0,88,True,-1022.0,-1022.0,-2044.0
149,4,752.3333333333333,1028.0,88,True,-1028.0,-1028.0,-2056.0
149,5,687.8333333333333,1196.0,92,True,-1196.0,-1196.0,-2392.0
150,0,649.8333333333333,842.0,87,True,-842.0,-842.0,-1684.0
150,1,748.0,1049.0,90,True,-1049.0,-1049.0,-2098.0
150,2,608.5,782.0,85,True,-782.0,-782.0,-1564.0
150,3,653.8333333333334,936.0,87,True,-936.0,-936.0,-1872.0
150,4,643.5,790.0,85,True,-790.0,-790.0,-1580.0
150,5,660.8333333333333,865.0,85,True,-865.0,-865.0,-1730.0
151,0,643.5,902.0,87,True,-902.0,-902.0,-1804.0
151,1,738.0,1169.0,92,True,-1169.0,-1169.0,-2338.0
151,2,660.8333333333333,911.0,87,True,-911.0,-911.0,-1822.0
151,3,752.3333333333333,1029.0,89,True,-1029.0,-1029.0,-2058.0
151,4,752.3333333333333,1027.0,89,True,-1027.0,-1027.0,-2054.0
151,5,728.8333333333333,1029.0,90,True,-1029.0,-1029.0,-2058.0
152,0,660.8333333333333,957.0,88,True,-957.0,-957.0,-1914.0
152,1,608.8333333333333,900.0,87,True,-900.0,-900.0,-1800.0
152,2,614.5,906.0,87,True,-906.0,-906.0,-1812.0
152,3,707.5,926.0,87,True,-926.0,-926.0,-1852.0
152,4,816.3333333333333,1091.0,90,True,-1091.0,-1091.0,-2182.0
152,5,764.6666666666667,989.0,88,True,-989.0,-989.0,-1978.0
153,0,764.6666666666667,1024.0,89,True,-1024.0,-1024.0,-2048.0
153,1,655.8333333333334,896.0,87,True,-896.0,-896.0,-1792.0
153,2,643.8333333333333,832.0,86,True,-832.0,-832.0,-1664.0
153,3,732.8333333333334,1026.0,89,True,-1026.0,-1026.0,-2052.0
153,4,614.5,840.0,86,True,-840.0,-840.0,-1680.0
153,5,752.3333333333333,1141.0,91,True,-1141.0,-1141.0,-2282.0
154,0,707.5,924.0,87,True,-924.0,-924.0,-1848.0
154,1,655.8333333333334,887.0,87,True,-887.0,-887.0,-1774.0
154,2,752.3333333333333,1090.0,90,True,-1090.0,-1090.0,-2180.0
154,3,605.3333333333333,911.0,87,True,-911.0,-911.0,-1822.0
154,4,665.6666666666667,867.0,86,True,-867.0,-867.0,-1734.0
154,5,653.3333333333333,988.0,88,True,-988.0,-988.0,-1976.0
155,0,752.3333333333333,1024.0,89,True,-1024.0,-1024.0,-2048.0
155,1,610.8333333333333,893.0,87,True,-893.0,-893.0,-1786.0
155,2,647.8333333333333,947.0,88,True,-947.0,-947.0,-1894.0
155,3,649.8333333333333,847.0,86,True,-847.0,-847.0,-1694.0
155,4,863.6666666666667,987.0,88,True,-987.0,-987.0,-1974.0
155,5,759.5,1323.0,94,True,-1323.0,-1323.0,-2646.0
156,0,830.3333333333334,991.0,88,True,-991.0,-991.0,-1982.0
156,1,789.0,1078.0,90,True,-1078.0,-1078.0,-2156.0
156,2,644.8333333333334,970.0,88,True,-970.0,-970.0,-1940.0
156,3,816.3333333333333,1300.0,93,True,-1300.0,-1300.0,-2600.0
156,4,721.6666666666667,1142.0,91,True,-1142.0,-1142.0,-2284.0
156,5,685.8333333333333,871.0,86,True,-871.0,-871.0,-1742.0
157,0,814.0,1029.0,89,True,-1029.0,-1029.0,-2058.0
157,1,721.8333333333334,1040.0,88,True,-1040.0,-1040.0,-2080.0
157,2,729.6666666666667,1034.0,89,True,-1034.0,-1034.0,-2068.0
157,3,752.3333333333333,1037.0,89,True,-1037.0,-1037.0,-2074.0
157,4,752.3333333333333,1030.0,90,True,-1030.0,-1030.0,-2060.0
157,5,710.5,977.0,88,True,-977.0,-977.0,-1954.0
158,0,743.0,1061.0,89,True,-1061.0,-1061.0,-2122.0
158,1,711.3333333333333,877.0,86,True,-877.0,-877.0,-1754.0
158,2,752.3333333333333,979.0,89,True,-979.0,-979.0,-1958.0
158,3,792.5,1295.0,94,True,-1295.0,-1295.0,-2590.0
158,4,663.8333333333333,929.0,87,True,-929.0,-929.0,-1858.0
158,5,729.6666666666667,1138.0,91,True,-1138.0,-1138.0,-2276.0
159,0,644.8333333333334,1026.0,89,True,-1026.0,-1026.0,-2052.0
159,1,691.3333333333334,928.0,87,True,-928.0,-928.0,-1856.0
159,2,807.3333333333334,1312.0,94,True,-1312.0,-1312.0,-2624.0
159,3,799.0000000000001,1124.0,91,True,-1124.0,-1124.0,-2248.0
159,4,816.3333333333333,1209.0,92,True,-1209.0,-1209.0,-2418.0
159,5,661.3333333333334,1049.0,89,True,-1049.0,-1049.0,-2098.0
160,0,819.0,1226.0,92,True,-1226.0,-1226.0,-2452.0
160,1,787.3333333333333,1285.0,93,True,-1285.0,-1285.0,-2570.0
160,2,574.8333333333334,835.0,86,True,-835.0,-835.0,-1670.0
160,3,842.0,1047.0,89,True,-1047.0,-1047.0,-2094.0
160,4,816.3333333333333,1275.0,94,True,-1275.0,-1275.0,-2550.0
160,5,800.0000000000001,1035.0,89,True,-1035.0,-1035.0,-2070.0
161,0,749.3333333333334,1126.0,92,True,-1126.0,-1126.0,-2252.0
161,1,863.6666666666667,1042.0,89,True,-1042.0,-1042.0,-2084.0
161,2,685.8333333333333,916.0,87,True,-916.0,-916.0,-1832.0
161,3,729.6666666666667,1104.0,92,True,-1104.0,-1104.0,-2208.0
161,4,753.5,1024.0,90,True,-1024.0,-1024.0,-2048.0
161,5,816.3333333333333,1254.0,94,True,-1254.0,-1254.0,-2508.0
162,0,578.8333333333334,845.0,86,True,-845.0,-845.0,-1690.0
162,1,702.8333333333334,972.0,89,True,-972.0,-972.0,-1944.0
162,2,807.0000000000001,1088.0,91,True,-1088.0,-1088.0,-2176.0
162,3,633.8333333333333,851.0,86,True,-851.0,-851.0,-1702.0
162,4,764.6666666666667,1037.0,90,True,-1037.0,-1037.0,-2074.0
162,5,644.8333333333334,970.0,88,True,-970.0,-970.0,-1940.0
163,0,728.8333333333333,1025.0,90,True,-1025.0,-1025.0,-2050.0
163,1,816.3333333333333,1135.0,92,True,-1135.0,-1135.0,-2270.0
163,2,690.3333333333333,1161.0,91,True,-1161.0,-1161.0,-2322.0
163,3,624.8333333333334,901.0,87,True,-901.0,-901.0,-1802.0
163,4,688.3333333333333,1018.0,90,True,-1018.0,-1018.0,-2036.0
163,5,717.3333333333333,972.0,89,True,-972.0,-972.0,-1944.0
164,0,702.8333333333334,899.0,87,True,-899.0,-899.0,-1798.0
164,1,702.0,968.0,89,True,-968.0,-968.0,-1936.0
164,2,702.0,1028.0,90,True,-1028.0,-1028.0,-2056.0
164,3,678.3333333333333,1018.0,90,True,-1018.0,-1018.0,-2036.0
164,4,668.5,914.0,88,True,-914.0,-914.0,-1828.0
164,5,772.3333333333334,1037.0,90,True,-1037.0,-1037.0,-2074.0
165,0,752.3333333333333,1072.0,91,True,-1072.0,-1072.0,-2144.0
165,1,702.0,1017.0,90,True,-1017.0,-1017.0,-2034.0
165,2,711.0,1009.0,90,True,-1009.0,-1009.0,-2018.0
165,3,753.5,972.0,89,True,-972.0,-972.0,-1944.0
165,4,672.5,907.0,86,True,-907.0,-907.0,-1814.0
165,5,614.5,886.0,87,True,-886.0,-886.0,-1772.0
166,0,752.3333333333333,1012.0,90,True,-1012.0,-1012.0,-2024.0
166,1,764.6666666666667,1019.0,90,True,-1019.0,-1019.0,-2038.0
166,2,770.8333333333334,983.0,89,True,-983.0,-983.0,-1966.0
166,3,743.6666666666667,955.0,89,True,-955.0,-955.0,-1910.0
166,4,676.8333333333333,963.0,88,True,-963.0,-963.0,-1926.0
166,5,702.0,916.0,88,True,-916.0,-916.0,-1832.0
167,0,752.3333333333333,1023.0,90,True,-1023.0,-1023.0,-2046.0
167,1,764.6666666666667,970.0,89,True,-970.0,-970.0,-1940.0
167,2,789.0,984.0,90,True,-984.0,-984.0,-1968.0
167,3,699.0,974.0,89,True,-974.0,-974.0,-1948.0
167,4,616.1666666666667,997.0,89,True,-997.0,-997.0,-1994.0
167,5,752.3333333333333,1072.0,91,True,-1072.0,-1072.0,-2144.0
168,0,688.3333333333333,979.0,89,True,-979.0,-979.0,-1958.0
168,1,665.6666666666667,982.0,89,True,-982.0,-982.0,-1964.0
168,2,574.8333333333334,901.0,88,True,-901.0,-901.0,-1802.0
168,3,696.3333333333333,1074.0,91,True,-1074.0,-1074.0,-2148.0
168,4,688.3333333333333,1009.0,90,True,-1009.0,-1009.0,-2018.0
168,5,764.6666666666667,952.0,89,True,-952.0,-952.0,-1904.0
169,0,644.8333333333334,1011.0,89,True,-1011.0,-1011.0,-2022.0
169,1,752.3333333333333,1072.0,91,True,-1072.0,-1072.0,-2144.0
169,2,614.5,845.0,87,True,-845.0,-845.0,-1690.0
169,3,688.3333333333333,1018.0,90,True,-1018.0,-1018.0,-2036.0
169,4,665.6666666666667,959.0,89,True,-959.0,-959.0,-1918.0
169,5,696.3333333333333,973.0,89,True,-973.0,-973.0,-1946.0
170,0,753.5,1068.0,91,True,-1068.0,-1068.0,-2136.0
170,1,764.6666666666667,1008.0,90,True,-1008.0,-1008.0,-2016.0
170,2,752.3333333333333,1155.0,92,True,-1155.0,-1155.0,-2310.0
170,3,793.0,934.0,88,True,-934.0,-934.0,-1868.0
170,4,752.3333333333333,1070.0,91,True,-1070.0,-1070.0,-2140.0
170,5,633.8333333333334,990.0,89,True,-990.0,-990.0,-1980.0
171,0,673.3333333333334,1034.0,90,True,-1034.0,-1034.0,-2068.0
171,1,814.0,1030.0,90,True,-1030.0,-1030.0,-2060.0
171,2,696.3333333333333,1015.0,90,True,-1015.0,-1015.0,-2030.0
171,3,743.0,1028.0,90,True,-1028.0,-1028.0,-2056.0
171,4,665.6666666666667,914.0,88,True,-914.0,-914.0,-1828.0
171,5,653.3333333333333,917.0,88,True,-917.0,-917.0,-1834.0
172,0,665.6666666666667,979.0,89,True,-979.0,-979.0,-1958.0
172,1,678.3333333333333,861.0,87,True,-861.0,-861.0,-1722.0
172,2,748.5,951.0,89,True,-951.0,-951.0,-1902.0
172,3,644.8333333333334,897.0,88,True,-897.0,-897.0,-1794.0
172,4,638.8333333333334,906.0,88,True,-906.0,-906.0,-1812.0
172,5,712.8333333333334,912.0,88,True,-912.0,-912.0,-1824.0
173,0,699.0,1039.0,90,True,-1039.0,-1039.0,-2078.0
173,1,632.8333333333333,1086.0,91,True,-1086.0,-1086.0,-2172.0
173,2,602.3333333333333,957.0,89,True,-957.0,-957.0,-1914.0
173,3,619.8333333333334,947.0,89,True,-947.0,-947.0,-1894.0
173,4,638.3333333333333,873.0,87,True,-873.0,-873.0,-1746.0
173,5,702.8333333333334,1239.0,93,True,-1239.0,-1239.0,-2478.0
174,0,633.8333333333334,840.0,87,True,-840.0,-840.0,-1680.0
174,1,666.8333333333334,847.0,87,True,-847.0,-847.0,-1694.0
174,2,653.3333333333333,877.0,87,True,-877.0,-877.0,-1754.0
174,3,560.5,890.0,88,True,-890.0,-890.0,-1780.0
174,4,665.6666666666667,919.0,88,True,-919.0,-919.0,-1838.0
174,5,645.8333333333333,936.0,88,True,-936.0,-936.0,-1872.0
175,0,644.8333333333334,796.0,86,True,-796.0,-796.0,-1592.0
175,1,764.6666666666667,1024.0,90,True,-1024.0,-1024.0,-2048.0
175,2,653.3333333333333,868.0,87,True,-868.0,-868.0,-1736.0
175,3,649.8333333333333,903.0,88,True,-903.0,-903.0,-1806.0
175,4,633.8333333333334,946.0,89,True,-946.0,-946.0,-1892.0
175,5,633.8333333333334,943.0,89,True,-943.0,-943.0,-1886.0
176,0,660.8333333333333,847.0,86,True,-847.0,-847.0,-1694.0
176,1,649.8333333333333,847.0,86,True,-847.0,-847.0,-1694.0
176,2,672.5,852.0,87,True,-852.0,-852.0,-1704.0
176,3,586.8333333333333,847.0,86,True,-847.0,-847.0,-1694.0
176,4,613.1666666666666,885.0,88,True,-885.0,-885.0,-1770.0
176,5,699.0,968.0,89,True,-968.0,-968.0,-1936.0
177,0,614.5,886.0,88,True,-886.0,-886.0,-1772.0
177,1,665.6666666666667,864.0,87,True,-864.0,-864.0,-1728.0
177,2,616.1666666666667,907.0,87,True,-907.0,-907.0,-1814.0
177,3,665.6666666666667,885.0,87,True,-885.0,-885.0,-1770.0
177,4,649.8333333333333,852.0,86,True,-852.0,-852.0,-1704.0
177,5,649.8333333333333,790.0,86,True,-790.0,-790.0,-1580.0
178,0,588.1666666666667,907.0,88,True,-907.0,-907.0,-1814.0
178,1,643.8333333333333,795.0,86,True,-795.0,-795.0,-1590.0
178,2,610.8333333333333,781.0,86,True,-781.0,-781.0,-1562.0
178,3,614.5,782.0,86,True,-782.0,-782.0,-1564.0
178,4,638.8333333333334,891.0,88,True,-891.0,-891.0,-1782.0
178,5,633.8333333333334,840.0,87,True,-840.0,-840.0,-1680.0
179,0,614.5,847.0,87,True,-847.0,-847.0,-1694.0
179,1,678.5,847.0,87,True,-847.0,-847.0,-1694.0
179,2,619.8333333333334,910.0,88,True,-910.0,-910.0,-1820.0
179,3,672.5,958.0,89,True,-958.0,-958.0,-1916.0
179,4,615.0,847.0,86,True,-847.0,-847.0,-1694.0
179,5,678.5,854.0,87,True,-854.0,-854.0,-1708.0
180,0,738.0,1178.0,93,True,-1178.0,-1178.0,-2356.0
180,1,614.5,847.0,87,True,-847.0,-847.0,-1694.0
180,2,659.8333333333333,862.0,87,True,-862.0,-862.0,-1724.0
180,3,702.0,966.0,89,True,-966.0,-966.0,-1932.0
180,4,738.0,1039.0,90,True,-1039.0,-1039.0,-2078.0
180,5,573.5,831.0,86,True,-831.0,-831.0,-1662.0
181,0,672.5,917.0,87,True,-917.0,-917.0,-1834.0
181,1,752.3333333333333,973.0,89,True,-973.0,-973.0,-1946.0
181,2,665.6666666666667,869.0,87,True,-869.0,-869.0,-1738.0
181,3,608.5,847.0,86,True,-847.0,-847.0,-1694.0
181,4,752.3333333333333,1017.0,90,True,-1017.0,-1017.0,-2034.0
181,5,614.5,896.0,88,True,-896.0,-896.0,-1792.0
182,0,752.3333333333333,972.0,89,True,-972.0,-972.0,-1944.0
182,1,699.0,1068.0,91,True,-1068.0,-1068.0,-2136.0
182,2,699.0,972.0,89,True,-972.0,-972.0,-1944.0
182,3,711.0,1043.0,90,True,-1043.0,-1043.0,-2086.0
182,4,738.0,1043.0,90,True,-1043.0,-1043.0,-2086.0
182,5,702.0,971.0,89,True,-971.0,-971.0,-1942.0
183,0,748.0,1044.0,90,True,-1044.0,-1044.0,-2088.0
183,1,619.8333333333334,952.0,89,True,-952.0,-952.0,-1904.0
183,2,752.3333333333333,1017.0,90,True,-1017.0,-1017.0,-2034.0
183,3,605.8333333333333,823.0,86,True,-823.0,-823.0,-1646.0
183,4,732.8333333333334,1050.0,90,True,-1050.0,-1050.0,-2100.0
183,5,743.3333333333333,1044.0,90,True,-1044.0,-1044.0,-2088.0
184,0,752.3333333333333,1050.0,90,True,-1050.0,-1050.0,-2100.0
184,1,717.3333333333333,1071.0,90,True,-1071.0,-1071.0,-2142.0
184,2,638.3333333333333,821.0,86,True,-821.0,-821.0,-1642.0
184,3,752.3333333333333,1088.0,91,True,-1088.0,-1088.0,-2176.0
184,4,605.8333333333333,979.0,89,True,-979.0,-979.0,-1958.0
184,5,764.6666666666667,928.0,88,True,-928.0,-928.0,-1856.0
185,0,814.0,982.0,89,True,-982.0,-982.0,-1964.0
185,1,611.8333333333333,891.0,88,True,-891.0,-891.0,-1782.0
185,2,719.3333333333333,1184.0,92,True,-1184.0,-1184.0,-2368.0
185,3,799.0000000000001,1038.0,90,True,-1038.0,-1038.0,-2076.0
185,4,638.3333333333333,816.0,86,True,-816.0,-816.0,-1632.0
185,5,753.5,921.0,88,True,-921.0,-921.0,-1842.0
186,0,731.3333333333334,997.0,89,True,-997.0,-997.0,-1994.0
186,1,820.0000000000001,1012.0,90,True,-1012.0,-1012.0,-2024.0
186,2,745.0,1089.0,91,True,-1089.0,-1089.0,-2178.0
186,3,573.1666666666666,789.0,86,True,-789.0,-789.0,-1578.0
186,4,710.5,977.0,89,True,-977.0,-977.0,-1954.0
186,5,755.0,1090.0,91,True,-1090.0,-1090.0,-2180.0
187,0,814.0,1035.0,90,True,-1035.0,-1035.0,-2070.0
187,1,752.3333333333333,1035.0,90,True,-1035.0,-1035.0,-2070.0
187,2,686.3333333333334,875.0,87,True,-875.0,-875.0,-1750.0
187,3,800.0000000000001,1148.0,92,True,-1148.0,-1148.0,-2296.0
187,4,752.3333333333333,1035.0,90,True,-1035.0,-1035.0,-2070.0
187,5,752.3333333333333,1081.0,91,True,-1081.0,-1081.0,-2162.0
188,0,753.5,972.0,89,True,-972.0,-972.0,-1944.0
188,1,696.3333333333333,937.0,88,True,-937.0,-937.0,-1874.0
188,2,663.8333333333333,823.0,86,True,-823.0,-823.0,-1646.0
188,3,749.3333333333334,924.0,88,True,-924.0,-924.0,-1848.0
188,4,753.5,977.0,89,True,-977.0,-977.0,-1954.0
188,5,710.5,1036.0,90,True,-1036.0,-1036.0,-2072.0
189,0,673.3333333333334,965.0,89,True,-965.0,-965.0,-1930.0
189,1,687.8333333333334,862.0,87,True,-862.0,-862.0,-1724.0
189,2,759.3333333333333,1200.0,93,True,-1200.0,-1200.0,-2400.0
189,3,752.3333333333333,1030.0,90,True,-1030.0,-1030.0,-2060.0
189,4,752.3333333333333,1037.0,90,True,-1037.0,-1037.0,-2074.0
189,5,745.0,1091.0,91,True,-1091.0,-1091.0,-2182.0
190,0,753.5,966.0,89,True,-966.0,-966.0,-1932.0
190,1,753.5,972.0,89,True,-972.0,-972.0,-1944.0
190,2,754.3333333333334,931.0,88,True,-931.0,-931.0,-1862.0
190,3,787.3333333333333,979.0,89,True,-979.0,-979.0,-1958.0
190,4,649.8333333333333,795.0,86,True,-795.0,-795.0,-1590.0
190,5,759.5,1032.0,90,True,-1032.0,-1032.0,-2064.0
191,0,814.0,1035.0,90,True,-1035.0,-1035.0,-2070.0
191,1,653.3333333333333,811.0,86,True,-811.0,-811.0,-1622.0
191,2,588.1666666666667,863.0,87,True,-863.0,-863.0,-1726.0
191,3,755.0,1151.0,92,True,-1151.0,-1151.0,-2302.0
191,4,799.0000000000001,1038.0,90,True,-1038.0,-1038.0,-2076.0
191,5,752.3333333333333,1065.0,91,True,-1065.0,-1065.0,-2130.0
192,0,588.1666666666667,792.0,85,True,-792.0,-792.0,-1584.0
192,1,816.3333333333333,1041.0,90,True,-1041.0,-1041.0,-2082.0
192,2,574.8333333333334,743.0,84,True,-743.0,-743.0,-1486.0
192,3,748.0,1162.0,92,True,-1162.0,-1162.0,-2324.0
192,4,752.3333333333333,979.0,89,True,-979.0,-979.0,-1958.0
192,5,738.0,1073.0,91,True,-1073.0,-1073.0,-2146.0
193,0,730.0,1036.0,90,True,-1036.0,-1036.0,-2072.0
193,1,711.0,1119.0,92,True,-1119.0,-1119.0,-2238.0
193,2,814.0,1089.0,91,True,-1089.0,-1089.0,-2178.0
193,3,752.3333333333333,1032.0,90,True,-1032.0,-1032.0,-2064.0
193,4,728.8333333333333,977.0,89,True,-977.0,-977.0,-1954.0
193,5,752.3333333333333,1072.0,91,True,-1072.0,-1072.0,-2144.0
194,0,752.3333333333333,1081.0,91,True,-1081.0,-1081.0,-2162.0
194,1,574.8333333333334,792.0,85,True,-792.0,-792.0,-1584.0
194,2,730.0,1028.0,90,True,-1028.0,-1028.0,-2056.0
194,3,830.3333333333334,991.0,89,True,-991.0,-991.0,-1982.0
194,4,863.6666666666667,1106.0,91,True,-1106.0,-1106.0,-2212.0
194,5,799.0000000000001,933.0,88,True,-933.0,-933.0,-1866.0
195,0,752.3333333333333,1081.0,91,True,-1081.0,-1081.0,-2162.0
195,1,863.6666666666667,1041.0,90,True,-1041.0,-1041.0,-2082.0
195,2,800.3333333333333,931.0,87,True,-931.0,-931.0,-1862.0
195,3,830.3333333333334,1093.0,91,True,-1093.0,-1093.0,-2186.0
195,4,752.3333333333333,1087.0,91,True,-1087.0,-1087.0,-2174.0
195,5,754.3333333333334,878.0,87,True,-878.0,-878.0,-1756.0
196,0,688.3333333333333,1138.0,92,True,-1138.0,-1138.0,-2276.0
196,1,816.3333333333333,1080.0,91,True,-1080.0,-1080.0,-2160.0
196,2,588.1666666666667,792.0,85,True,-792.0,-792.0,-1584.0
196,3,748.0,1100.0,91,True,-1100.0,-1100.0,-2200.0
196,4,814.0,1030.0,90,True,-1030.0,-1030.0,-2060.0
196,5,731.3333333333334,924.0,88,True,-924.0,-924.0,-1848.0
197,0,688.3333333333333,1018.0,90,True,-1018.0,-1018.0,-2036.0
197,1,688.3333333333333,973.0,89,True,-973.0,-973.0,-1946.0
197,2,688.3333333333333,967.0,89,True,-967.0,-967.0,-1934.0
197,3,752.3333333333333,1081.0,91,True,-1081.0,-1081.0,-2162.0
197,4,649.8333333333333,852.0,86,True,-852.0,-852.0,-1704.0
197,5,728.8333333333333,903.0,88,True,-903.0,-903.0,-1806.0
198,0,754.3333333333334,926.0,88,True,-926.0,-926.0,-1852.0
198,1,731.3333333333334,1016.0,90,True,-1016.0,-1016.0,-2032.0
198,2,728.8333333333333,1019.0,90,True,-1019.0,-1019.0,-2038.0
198,3,752.3333333333333,1141.0,92,True,-1141.0,-1141.0,-2282.0
198,4,830.3333333333334,991.0,89,True,-991.0,-991.0,-1982.0
198,5,728.8333333333333,1026.0,90,True,-1026.0,-1026.0,-2052.0
199,0,752.3333333333333,1081.0,91,True,-1081.0,-1081.0,-2162.0
199,1,752.3333333333333,979.0,89,True,-979.0,-979.0,-1958.0
199,2,752.3333333333333,1065.0,91,True,-1065.0,-1065.0,-2130.0
199,3,752.3333333333333,1070.0,91,True,-1070.0,-1070.0,-2140.0
199,4,588.1666666666667,792.0,86,True,-792.0,-792.0,-1584.0
199,5,752.3333333333333,1017.0,90,True,-1017.0,-1017.0,-2034.0
200,0,753.5,977.0,89,True,-977.0,-977.0,-1954.0
200,1,752.3333333333333,979.0,89,True,-979.0,-979.0,-1958.0
200,2,753.5,921.0,88,True,-921.0,-921.0,-1842.0
200,3,814.0,1030.0,90,True,-1030.0,-1030.0,-2060.0
200,4,816.3333333333333,933.0,88,True,-933.0,-933.0,-1866.0
200,5,753.5,977.0,89,True,-977.0,-977.0,-1954.0
201,0,655.8333333333334,989.0,88,True,-989.0,-989.0,-1978.0
201,1,754.3333333333334,931.0,88,True,-931.0,-931.0,-1862.0
201,2,678.3333333333333,1079.0,91,True,-1079.0,-1079.0,-2158.0
201,3,711.0,1065.0,91,True,-1065.0,-1065.0,-2130.0
201,4,738.0,973.0,89,True,-973.0,-973.0,-1946.0
201,5,644.8333333333334,848.0,87,True,-848.0,-848.0,-1696.0
202,0,688.3333333333333,1018.0,90,True,-1018.0,-1018.0,-2036.0
202,1,752.3333333333333,1070.0,91,True,-1070.0,-1070.0,-2140.0
202,2,754.3333333333334,875.0,87,True,-875.0,-875.0,-1750.0
202,3,723.3333333333333,1081.0,91,True,-1081.0,-1081.0,-2162.0
202,4,754.3333333333334,926.0,88,True,-926.0,-926.0,-1852.0
202,5,643.5,812.0,86,True,-812.0,-812.0,-1624.0
203,0,754.3333333333334,878.0,87,True,-878.0,-878.0,-1756.0
203,1,752.3333333333333,968.0,89,True,-968.0,-968.0,-1936.0
203,2,753.5,977.0,89,True,-977.0,-977.0,-1954.0
203,3,754.3333333333334,979.0,89,True,-979.0,-979.0,-1958.0
203,4,782.3333333333334,1112.0,91,True,-1112.0,-1112.0,-2224.0
203,5,666.8333333333334,1124.0,90,True,-1124.0,-1124.0,-2248.0
204,0,696.3333333333333,984.0,89,True,-984.0,-984.0,-1968.0
204,1,602.5,891.0,87,True,-891.0,-891.0,-1782.0
204,2,574.8333333333334,726.0,85,True,-726.0,-726.0,-1452.0
204,3,731.3333333333334,985.0,89,True,-985.0,-985.0,-1970.0
204,4,752.3333333333333,1073.0,91,True,-1073.0,-1073.0,-2146.0
204,5,752.3333333333333,1082.0,91,True,-1082.0,-1082.0,-2164.0
205,0,799.0000000000001,928.0,88,True,-928.0,-928.0,-1856.0
205,1,753.5,977.0,89,True,-977.0,-977.0,-1954.0
205,2,723.3333333333333,1079.0,91,True,-1079.0,-1079.0,-2158.0
205,3,678.3333333333333,1023.0,90,True,-1023.0,-1023.0,-2046.0
205,4,752.3333333333333,1081.0,91,True,-1081.0,-1081.0,-2162.0
205,5,699.0,1165.0,91,True,-1165.0,-1165.0,-2330.0
206,0,752.3333333333333,1037.0,90,True,-1037.0,-1037.0,-2074.0
206,1,644.8333333333334,848.0,86,True,-848.0,-848.0,-1696.0
206,2,602.5,891.0,88,True,-891.0,-891.0,-1782.0
206,3,752.3333333333333,974.0,89,True,-974.0,-974.0,-1948.0
206,4,787.3333333333333,1035.0,90,True,-1035.0,-1035.0,-2070.0
206,5,814.0,1030.0,90,True,-1030.0,-1030.0,-2060.0
207,0,752.3333333333333,1065.0,91,True,-1065.0,-1065.0,-2130.0
207,1,814.0,1091.0,91,True,-1091.0,-1091.0,-2182.0
207,2,752.3333333333333,1003.0,90,True,-1003.0,-1003.0,-2006.0
207,3,728.8333333333333,971.0,89,True,-971.0,-971.0,-1942.0
207,4,721.8333333333334,936.0,88,True,-936.0,-936.0,-1872.0
207,5,754.3333333333334,822.0,86,True,-822.0,-822.0,-1644.0
208,0,728.8333333333333,1019.0,90,True,-1019.0,-1019.0,-2038.0
208,1,688.3333333333333,1023.0,90,True,-1023.0,-1023.0,-2046.0
208,2,753.5,977.0,89,True,-977.0,-977.0,-1954.0
208,3,753.5,924.0,88,True,-924.0,-924.0,-1848.0
208,4,754.3333333333334,926.0,88,True,-926.0,-926.0,-1852.0
208,5,752.3333333333333,1015.0,90,True,-1015.0,-1015.0,-2030.0
209,0,574.8333333333334,847.0,87,True,-847.0,-847.0,-1694.0
209,1,588.1666666666667,792.0,86,True,-792.0,-792.0,-1584.0
209,2,753.5,1097.0,91,True,-1097.0,-1097.0,-2194.0
209,3,731.3333333333334,918.0,88,True,-918.0,-918.0,-1836.0
209,4,752.3333333333333,1017.0,90,True,-1017.0,-1017.0,-2034.0
209,5,753.5,921.0,88,True,-921.0,-921.0,-1842.0
210,0,753.5,977.0,89,True,-977.0,-977.0,-1954.0
210,1,728.8333333333333,1026.0,90,True,-1026.0,-1026.0,-2052.0
210,2,638.8333333333334,1050.0,89,True,-1050.0,-1050.0,-2100.0
210,3,752.3333333333333,1081.0,91,True,-1081.0,-1081.0,-2162.0
210,4,813.0,1217.0,93,True,-1217.0,-1217.0,-2434.0
210,5,753.5,1092.0,91,True,-1092.0,-1092.0,-2184.0
211,0,752.3333333333333,1025.0,90,True,-1025.0,-1025.0,-2050.0
211,1,753.5,1097.0,91,True,-1097.0,-1097.0,-2194.0
211,2,754.3333333333334,878.0,87,True,-878.0,-878.0,-1756.0
211,3,755.0,1198.0,93,True,-1198.0,-1198.0,-2396.0
211,4,749.3333333333334,877.0,87,True,-877.0,-877.0,-1754.0
211,5,883.5,1177.0,93,True,-1177.0,-1177.0,-2354.0
212,0,752.3333333333333,968.0,89,True,-968.0,-968.0,-1936.0
212,1,752.3333333333333,1129.0,92,True,-1129.0,-1129.0,-2258.0
212,2,633.8333333333334,965.0,89,True,-965.0,-965.0,-1930.0
212,3,688.3333333333333,967.0,89,True,-967.0,-967.0,-1934.0
212,4,764.6666666666667,1024.0,90,True,-1024.0,-1024.0,-2048.0
212,5,752.3333333333333,1072.0,91,True,-1072.0,-1072.0,-2144.0
213,0,752.3333333333333,1078.0,91,True,-1078.0,-1078.0,-2156.0
213,1,728.8333333333333,972.0,89,True,-972.0,-972.0,-1944.0
213,2,672.5,952.0,88,True,-952.0,-952.0,-1904.0
213,3,728.8333333333333,1026.0,90,True,-1026.0,-1026.0,-2052.0
213,4,754.3333333333334,926.0,88,True,-926.0,-926.0,-1852.0
213,5,803.0,1092.0,91,True,-1092.0,-1092.0,-2184.0
214,0,730.0,986.0,89,True,-986.0,-986.0,-1972.0
214,1,574.8333333333334,726.0,84,True,-726.0,-726.0,-1452.0
214,2,660.8333333333333,807.0,85,True,-807.0,-807.0,-1614.0
214,3,688.3333333333333,973.0,89,True,-973.0,-973.0,-1946.0
214,4,752.3333333333333,1091.0,91,True,-1091.0,-1091.0,-2182.0
214,5,752.3333333333333,1072.0,91,True,-1072.0,-1072.0,-2144.0
215,0,816.3333333333333,1035.0,90,True,-1035.0,-1035.0,-2070.0
215,1,754.3333333333334,1145.0,92,True,-1145.0,-1145.0,-2290.0
215,2,950.3333333333333,1184.0,93,True,-1184.0,-1184.0,-2368.0
215,3,614.5,845.0,86,True,-845.0,-845.0,-1690.0
215,4,753.5,972.0,89,True,-972.0,-972.0,-1944.0
215,5,754.3333333333334,1146.0,92,True,-1146.0,-1146.0,-2292.0
216,0,752.3333333333333,1065.0,91,True,-1065.0,-1065.0,-2130.0
216,1,764.6666666666667,930.0,88,True,-930.0,-930.0,-1860.0
216,2,574.8333333333334,847.0,86,True,-847.0,-847.0,-1694.0
216,3,638.8333333333334,1019.0,89,True,-1019.0,-1019.0,-2038.0
216,4,752.3333333333333,968.0,89,True,-968.0,-968.0,-1936.0
216,5,624.8333333333334,982.0,88,True,-982.0,-982.0,-1964.0
217,0,752.3333333333333,1065.0,91,True,-1065.0,-1065.0,-2130.0
217,1,752.3333333333333,1017.0,90,True,-1017.0,-1017.0,-2034.0
217,2,702.0,966.0,89,True,-966.0,-966.0,-1932.0
217,3,752.3333333333333,1065.0,91,True,-1065.0,-1065.0,-2130.0
217,4,681.8333333333334,986.0,89,True,-986.0,-986.0,-1972.0
217,5,688.3333333333333,1018.0,90,True,-1018.0,-1018.0,-2036.0
218,0,753.5,972.0,89,True,-972.0,-972.0,-1944.0
218,1,754.3333333333334,1179.0,93,True,-1179.0,-1179.0,-2358.0
218,2,814.0,1030.0,90,True,-1030.0,-1030.0,-2060.0
218,3,610.8333333333333,926.0,89,True,-926.0,-926.0,-1852.0
218,4,678.3333333333333,962.0,88,True,-962.0,-962.0,-1924.0
218,5,711.0,1065.0,91,True,-1065.0,-1065.0,-2130.0
219,0,752.3333333333333,977.0,89,True,-977.0,-977.0,-1954.0
219,1,574.8333333333334,792.0,86,True,-792.0,-792.0,-1584.0
219,2,752.3333333333333,1072.0,91,True,-1072.0,-1072.0,-2144.0
219,3,688.3333333333333,1018.0,90,True,-1018.0,-1018.0,-2036.0
219,4,752.3333333333333,1017.0,90,True,-1017.0,-1017.0,-2034.0
219,5,614.5,911.0,88,True,-911.0,-911.0,-1822.0
220,0,728.8333333333333,1040.0,90,True,-1040.0,-1040.0,-2080.0
220,1,688.3333333333333,1018.0,90,True,-1018.0,-1018.0,-2036.0
220,2,752.3333333333333,968.0,89,True,-968.0,-968.0,-1936.0
220,3,685.8333333333333,846.0,86,True,-846.0,-846.0,-1692.0
220,4,753.5,977.0,89,True,-977.0,-977.0,-1954.0
220,5,588.1666666666667,792.0,86,True,-792.0,-792.0,-1584.0
221,0,605.3333333333333,911.0,87,True,-911.0,-911.0,-1822.0
221,1,730.0,1168.0,92,True,-1168.0,-1168.0,-2336.0
221,2,752.3333333333333,1070.0,91,True,-1070.0,-1070.0,-2140.0
221,3,688.3333333333333,1065.0,91,True,-1065.0,-1065.0,-2130.0
221,4,649.8333333333333,795.0,85,True,-795.0,-795.0,-1590.0
221,5,688.3333333333333,1018.0,90,True,-1018.0,-1018.0,-2036.0
222,0,759.3333333333333,1148.0,92,True,-1148.0,-1148.0,-2296.0
222,1,653.3333333333333,819.0,86,True,-819.0,-819.0,-1638.0
222,2,588.1666666666667,863.0,86,True,-863.0,-863.0,-1726.0
222,3,752.3333333333333,1194.0,93,True,-1194.0,-1194.0,-2388.0
222,4,759.5,1296.0,94,True,-1296.0,-1296.0,-2592.0
222,5,730.0,1083.0,91,True,-1083.0,-1083.0,-2166.0
223,0,614.5,845.0,86,True,-845.0,-845.0,-1690.0
223,1,752.3333333333333,1082.0,91,True,-1082.0,-1082.0,-2164.0
223,2,688.3333333333333,1018.0,90,True,-1018.0,-1018.0,-2036.0
223,3,602.5,891.0,87,True,-891.0,-891.0,-1782.0
223,4,688.3333333333333,1065.0,91,True,-1065.0,-1065.0,-2130.0
223,5,738.0,972.0,89,True,-972.0,-972.0,-1944.0
224,0,752.3333333333333,1072.0,91,True,-1072.0,-1072.0,-2144.0
224,1,574.8333333333334,834.0,86,True,-834.0,-834.0,-1668.0
224,2,688.3333333333333,968.0,89,True,-968.0,-968.0,-1936.0
224,3,753.5,1097.0,91,True,-1097.0,-1097.0,-2194.0
224,4,644.8333333333334,904.0,87,True,-904.0,-904.0,-1808.0
224,5,655.8333333333334,965.0,88,True,-965.0,-965.0,-1930.0
225,0,574.8333333333334,726.0,84,True,-726.0,-726.0,-1452.0
225,1,626.1666666666667,852.0,86,True,-852.0,-852.0,-1704.0
225,2,752.3333333333333,1065.0,91,True,-1065.0,-1065.0,-2130.0
225,3,702.0,1015.0,90,True,-1015.0,-1015.0,-2030.0
225,4,574.8333333333334,839.0,86,True,-839.0,-839.0,-1678.0
225,5,608.5,707.0,84,True,-707.0,-707.0,-1414.0
226,0,574.8333333333334,792.0,85,True,-792.0,-792.0,-1584.0
226,1,754.3333333333334,1184.0,93,True,-1184.0,-1184.0,-2368.0
226,2,653.3333333333333,867.0,87,True,-867.0,-867.0,-1734.0
226,3,602.5,886.0,87,True,-886.0,-886.0,-1772.0
226,4,660.8333333333333,790.0,85,True,-790.0,-790.0,-1580.0
226,5,624.8333333333334,790.0,85,True,-790.0,-790.0,-1580.0
227,0,556.8333333333334,774.0,85,True,-774.0,-774.0,-1548.0
227,1,624.8333333333334,790.0,85,True,-790.0,-790.0,-1580.0
227,2,660.8333333333333,847.0,86,True,-847.0,-847.0,-1694.0
227,3,649.8333333333333,845.0,86,True,-845.0,-845.0,-1690.0
227,4,624.8333333333334,965.0,88,True,-965.0,-965.0,-1930.0
227,5,688.3333333333333,1023.0,90,True,-1023.0,-1023.0,-2046.0
228,0,614.5,956.0,88,True,-956.0,-956.0,-1912.0
228,1,660.8333333333333,860.0,85,True,-860.0,-860.0,-1720.0
228,2,752.3333333333333,1039.0,90,True,-1039.0,-1039.0,-2078.0
228,3,687.3333333333333,1174.0,91,True,-1174.0,-1174.0,-2348.0
228,4,687.8333333333333,1112.0,89,True,-1112.0,-1112.0,-2224.0
228,5,561.8333333333333,837.0,86,True,-837.0,-837.0,-1674.0
229,0,614.5,911.0,87,True,-911.0,-911.0,-1822.0
229,1,752.3333333333333,968.0,89,True,-968.0,-968.0,-1936.0
229,2,654.8333333333333,1081.0,90,True,-1081.0,-1081.0,-2162.0
229,3,611.8333333333333,886.0,87,True,-886.0,-886.0,-1772.0
229,4,696.3333333333333,968.0,89,True,-968.0,-968.0,-1936.0
229,5,653.3333333333333,865.0,86,True,-865.0,-865.0,-1730.0
230,0,626.1666666666667,880.0,86,True,-880.0,-880.0,-1760.0
230,1,752.3333333333333,968.0,89,True,-968.0,-968.0,-1936.0
230,2,608.5,852.0,85,True,-852.0,-852.0,-1704.0
230,3,573.5,790.0,84,True,-790.0,-790.0,-1580.0
230,4,608.5,790.0,85,True,-790.0,-790.0,-1580.0
230,5,638.8333333333334,963.0,88,True,-963.0,-963.0,-1926.0
231,0,602.3333333333333,850.0,86,True,-850.0,-850.0,-1700.0
231,1,665.8333333333333,966.0,88,True,-966.0,-966.0,-1932.0
231,2,573.5,847.0,86,True,-847.0,-847.0,-1694.0
231,3,622.8333333333333,847.0,86,True,-847.0,-847.0,-1694.0
231,4,698.8333333333333,915.0,86,True,-915.0,-915.0,-1830.0
231,5,624.8333333333334,845.0,86,True,-845.0,-845.0,-1690.0
232,0,586.8333333333333,790.0,85,True,-790.0,-790.0,-1580.0
232,1,614.5,845.0,85,True,-845.0,-845.0,-1690.0
232,2,586.8333333333333,790.0,85,True,-790.0,-790.0,-1580.0
232,3,588.1666666666667,902.0,86,True,-902.0,-902.0,-1804.0
232,4,620.3333333333333,896.0,87,True,-896.0,-896.0,-1792.0
232,5,586.8333333333333,847.0,86,True,-847.0,-847.0,-1694.0
233,0,702.0,968.0,87,True,-968.0,-968.0,-1936.0
233,1,660.8333333333333,922.0,87,True,-922.0,-922.0,-1844.0
233,2,702.0,972.0,88,True,-972.0,-972.0,-1944.0
233,3,638.8333333333334,1150.0,91,True,-1150.0,-1150.0,-2300.0
233,4,622.8333333333333,891.0,88,True,-891.0,-891.0,-1782.0
233,5,699.0,1018.0,90,True,-1018.0,-1018.0,-2036.0
234,0,653.3333333333333,868.0,86,True,-868.0,-868.0,-1736.0
234,1,702.0,968.0,87,True,-968.0,-968.0,-1936.0
234,2,732.8333333333334,1050.0,89,True,-1050.0,-1050.0,-2100.0
234,3,649.8333333333333,852.0,86,True,-852.0,-852.0,-1704.0
234,4,752.3333333333333,973.0,87,True,-973.0,-973.0,-1946.0
234,5,653.3333333333333,744.0,83,True,-744.0,-744.0,-1488.0
235,0,710.5,974.0,88,True,-974.0,-974.0,-1948.0
235,1,614.5,957.0,88,True,-957.0,-957.0,-1914.0
235,2,752.3333333333333,894.0,86,True,-894.0,-894.0,-1788.0
235,3,702.8333333333334,1169.0,92,True,-1169.0,-1169.0,-2338.0
235,4,702.0,1072.0,90,True,-1072.0,-1072.0,-2144.0
235,5,602.5,886.0,87,True,-886.0,-886.0,-1772.0
236,0,710.5,977.0,88,True,-977.0,-977.0,-1954.0
236,1,624.8333333333334,854.0,86,True,-854.0,-854.0,-1708.0
236,2,574.8333333333334,712.0,84,True,-712.0,-712.0,-1424.0
236,3,644.8333333333334,850.0,86,True,-850.0,-850.0,-1700.0
236,4,752.3333333333333,1065.0,90,True,-1065.0,-1065.0,-2130.0
236,5,644.8333333333334,1036.0,89,True,-1036.0,-1036.0,-2072.0
237,0,602.5,891.0,87,True,-891.0,-891.0,-1782.0
237,1,602.5,891.0,87,True,-891.0,-891.0,-1782.0
237,2,614.5,845.0,86,True,-845.0,-845.0,-1690.0
237,3,700.6666666666667,1070.0,91,True,-1070.0,-1070.0,-2140.0
237,4,696.3333333333333,966.0,88,True,-966.0,-966.0,-1932.0
237,5,700.6666666666667,1027.0,89,True,-1027.0,-1027.0,-2054.0
238,0,574.8333333333334,957.0,88,True,-957.0,-957.0,-1914.0
238,1,703.3333333333333,978.0,89,True,-978.0,-978.0,-1956.0
238,2,663.8333333333333,818.0,85,True,-818.0,-818.0,-1636.0
238,3,696.3333333333333,1018.0,90,True,-1018.0,-1018.0,-2036.0
238,4,605.3333333333333,845.0,86,True,-845.0,-845.0,-1690.0
238,5,696.3333333333333,966.0,89,True,-966.0,-966.0,-1932.0
239,0,574.8333333333334,891.0,87,True,-891.0,-891.0,-1782.0
239,1,666.8333333333334,860.0,86,True,-860.0,-860.0,-1720.0
239,2,574.8333333333334,834.0,86,True,-834.0,-834.0,-1668.0
239,3,649.8333333333333,790.0,85,True,-790.0,-790.0,-1580.0
239,4,616.1666666666667,965.0,88,True,-965.0,-965.0,-1930.0
239,5,653.3333333333333,892.0,86,True,-892.0,-892.0,-1784.0
240,0,648.0,965.0,88,True,-965.0,-965.0,-1930.0
240,1,634.1666666666667,964.0,88,True,-964.0,-964.0,-1928.0
240,2,700.6666666666667,966.0,88,True,-966.0,-966.0,-1932.0
240,3,614.5,847.0,86,True,-847.0,-847.0,-1694.0
240,4,644.8333333333334,1040.0,89,True,-1040.0,-1040.0,-2080.0
240,5,633.8333333333334,843.0,85,True,-843.0,-843.0,-1686.0
241,0,655.8333333333334,1040.0,90,True,-1040.0,-1040.0,-2080.0
241,1,672.5,917.0,88,True,-917.0,-917.0,-1834.0
241,2,665.6666666666667,915.0,88,True,-915.0,-915.0,-1830.0
241,3,657.3333333333333,1160.0,91,True,-1160.0,-1160.0,-2320.0
241,4,693.3333333333334,1066.0,90,True,-1066.0,-1066.0,-2132.0
241,5,597.8333333333333,690.0,84,True,-690.0,-690.0,-1380.0
242,0,638.8333333333334,995.0,88,True,-995.0,-995.0,-1990.0
242,1,731.0000000000001,1028.0,90,True,-1028.0,-1028.0,-2056.0
242,2,644.8333333333334,1042.0,89,True,-1042.0,-1042.0,-2084.0
242,3,660.8333333333333,908.0,86,True,-908.0,-908.0,-1816.0
242,4,589.8333333333333,929.0,87,True,-929.0,-929.0,-1858.0
242,5,649.8333333333333,807.0,86,True,-807.0,-807.0,-1614.0
243,0,614.5,911.0,88,True,-911.0,-911.0,-1822.0
243,1,574.8333333333334,845.0,86,True,-845.0,-845.0,-1690.0
243,2,672.3333333333333,1119.0,91,True,-1119.0,-1119.0,-2238.0
243,3,649.8333333333333,852.0,87,True,-852.0,-852.0,-1704.0
243,4,648.8333333333334,1013.0,90,True,-1013.0,-1013.0,-2026.0
243,5,638.8333333333334,845.0,87,True,-845.0,-845.0,-1690.0
244,0,602.5,886.0,88,True,-886.0,-886.0,-1772.0
244,1,668.3333333333334,911.0,88,True,-911.0,-911.0,-1822.0
244,2,701.3333333333333,1171.0,92,True,-1171.0,-1171.0,-2342.0
244,3,663.8333333333333,939.0,87,True,-939.0,-939.0,-1878.0
244,4,611.8333333333333,886.0,88,True,-886.0,-886.0,-1772.0
244,5,702.0,1026.0,90,True,-1026.0,-1026.0,-2052.0
245,0,629.8333333333334,975.0,88,True,-975.0,-975.0,-1950.0
245,1,638.3333333333333,816.0,86,True,-816.0,-816.0,-1632.0
245,2,638.8333333333333,850.0,86,True,-850.0,-850.0,-1700.0
245,3,653.3333333333333,898.0,87,True,-898.0,-898.0,-1796.0
245,4,665.6666666666667,855.0,87,True,-855.0,-855.0,-1710.0
245,5,573.5,790.0,85,True,-790.0,-790.0,-1580.0
246,0,649.8333333333333,917.0,87,True,-917.0,-917.0,-1834.0
246,1,700.6666666666667,971.0,89,True,-971.0,-971.0,-1942.0
246,2,644.8333333333334,901.0,87,True,-901.0,-901.0,-1802.0
246,3,600.8333333333333,844.0,87,True,-844.0,-844.0,-1688.0
246,4,702.0,1106.0,90,True,-1106.0,-1106.0,-2212.0
246,5,623.5,867.0,86,True,-867.0,-867.0,-1734.0
247,0,686.3333333333334,972.0,88,True,-972.0,-972.0,-1944.0
247,1,649.8333333333333,845.0,87,True,-845.0,-845.0,-1690.0
247,2,649.8333333333333,850.0,86,True,-850.0,-850.0,-1700.0
247,3,653.3333333333333,823.0,84,True,-823.0,-823.0,-1646.0
247,4,653.3333333333333,868.0,86,True,-868.0,-868.0,-1736.0
247,5,696.3333333333333,968.0,88,True,-968.0,-968.0,-1936.0
248,0,655.8333333333334,854.0,87,True,-854.0,-854.0,-1708.0
248,1,702.0,968.0,87,True,-968.0,-968.0,-1936.0
248,2,616.1666666666667,917.0,86,True,-917.0,-917.0,-1834.0
248,3,616.0,850.0,87,True,-850.0,-850.0,-1700.0
248,4,702.0,971.0,88,True,-971.0,-971.0,-1942.0
248,5,655.8333333333334,779.0,85,True,-779.0,-779.0,-1558.0
249,0,663.8333333333333,744.0,83,True,-744.0,-744.0,-1488.0
249,1,638.3333333333333,820.0,86,True,-820.0,-820.0,-1640.0
249,2,702.0,968.0,87,True,-968.0,-968.0,-1936.0
249,3,653.3333333333333,868.0,86,True,-868.0,-868.0,-1736.0
249,4,619.8333333333334,855.0,87,True,-855.0,-855.0,-1710.0
249,5,678.0,1197.0,92,True,-1197.0,-1197.0,-2394.0
250,0,600.8333333333333,847.0,85,True,-847.0,-847.0,-1694.0
250,1,665.6666666666667,862.0,87,True,-862.0,-862.0,-1724.0
250,2,696.3333333333333,1152.0,92,True,-1152.0,-1152.0,-2304.0
250,3,665.6666666666667,869.0,86,True,-869.0,-869.0,-1738.0
250,4,638.8333333333334,978.0,88,True,-978.0,-978.0,-1956.0
250,5,665.6666666666667,867.0,87,True,-867.0,-867.0,-1734.0
251,0,574.8333333333334,845.0,86,True,-845.0,-845.0,-1690.0
251,1,605.8333333333333,873.0,87,True,-873.0,-873.0,-1746.0
251,2,602.5,886.0,87,True,-886.0,-886.0,-1772.0
251,3,638.8333333333334,823.0,85,True,-823.0,-823.0,-1646.0
251,4,702.0,1017.0,89,True,-1017.0,-1017.0,-2034.0
251,5,647.8333333333333,896.0,87,True,-896.0,-896.0,-1792.0
252,0,753.5,1153.0,91,True,-1153.0,-1153.0,-2306.0
252,1,653.3333333333333,816.0,85,True,-816.0,-816.0,-1632.0
252,2,665.6666666666667,850.0,87,True,-850.0,-850.0,-1700.0
252,3,638.8333333333334,971.0,89,True,-971.0,-971.0,-1942.0
252,4,611.8333333333333,886.0,87,True,-886.0,-886.0,-1772.0
252,5,624.8333333333334,793.0,84,True,-793.0,-793.0,-1586.0
253,0,638.3333333333333,818.0,86,True,-818.0,-818.0,-1636.0
253,1,653.3333333333333,915.0,87,True,-915.0,-915.0,-1830.0
253,2,574.8333333333334,850.0,86,True,-850.0,-850.0,-1700.0
253,3,653.3333333333333,936.0,87,True,-936.0,-936.0,-1872.0
253,4,665.6666666666667,869.0,87,True,-869.0,-869.0,-1738.0
253,5,753.5,1023.0,89,True,-1023.0,-1023.0,-2046.0
254,0,644.8333333333334,1101.0,90,True,-1101.0,-1101.0,-2202.0
254,1,644.8333333333334,896.0,87,True,-896.0,-896.0,-1792.0
254,2,644.8333333333334,942.0,87,True,-942.0,-942.0,-1884.0
254,3,731.0,1065.0,91,True,-1065.0,-1065.0,-2130.0
254,4,653.8333333333334,896.0,88,True,-896.0,-896.0,-1792.0
254,5,665.6666666666667,850.0,87,True,-850.0,-850.0,-1700.0
255,0,655.3333333333334,818.0,85,True,-818.0,-818.0,-1636.0
255,1,638.8333333333334,914.0,87,True,-914.0,-914.0,-1828.0
255,2,638.8333333333333,901.0,87,True,-901.0,-901.0,-1802.0
255,3,752.3333333333333,1059.0,90,True,-1059.0,-1059.0,-2118.0
255,4,696.3333333333333,966.0,89,True,-966.0,-966.0,-1932.0
255,5,644.8333333333334,845.0,86,True,-845.0,-845.0,-1690.0
256,0,579.5,776.0,85,True,-776.0,-776.0,-1552.0
256,1,638.3333333333333,876.0,86,True,-876.0,-876.0,-1752.0
256,2,737.1666666666667,958.0,88,True,-958.0,-958.0,-1916.0
256,3,686.3333333333334,1063.0,89,True,-1063.0,-1063.0,-2126.0
256,4,614.1666666666666,899.0,86,True,-899.0,-899.0,-1798.0
256,5,638.3333333333333,818.0,86,True,-818.0,-818.0,-1636.0
257,0,638.8333333333334,942.0,88,True,-942.0,-942.0,-1884.0
257,1,649.8333333333333,847.0,86,True,-847.0,-847.0,-1694.0
257,2,665.6666666666667,1052.0,90,True,-1052.0,-1052.0,-2104.0
257,3,638.8333333333334,1028.0,90,True,-1028.0,-1028.0,-2056.0
257,4,696.3333333333333,1112.0,92,True,-1112.0,-1112.0,-2224.0
257,5,644.8333333333334,1056.0,89,True,-1056.0,-1056.0,-2112.0
258,0,731.0,974.0,89,True,-974.0,-974.0,-1948.0
258,1,574.8333333333334,846.0,87,True,-846.0,-846.0,-1692.0
258,2,644.8333333333334,1040.0,91,True,-1040.0,-1040.0,-2080.0
258,3,645.8333333333333,928.0,88,True,-928.0,-928.0,-1856.0
258,4,638.8333333333334,1015.0,90,True,-1015.0,-1015.0,-2030.0
258,5,677.8333333333333,910.0,88,True,-910.0,-910.0,-1820.0
259,0,627.5,965.0,89,True,-965.0,-965.0,-1930.0
259,1,638.8333333333334,1020.0,90,True,-1020.0,-1020.0,-2040.0
259,2,816.3333333333333,1209.0,93,True,-1209.0,-1209.0,-2418.0
259,3,777.3333333333333,1242.0,94,True,-1242.0,-1242.0,-2484.0
259,4,691.5,968.0,89,True,-968.0,-968.0,-1936.0
259,5,685.8333333333333,981.0,89,True,-981.0,-981.0,-1962.0
260,0,816.3333333333333,1211.0,92,True,-1211.0,-1211.0,-2422.0
260,1,666.8333333333334,1026.0,90,True,-1026.0,-1026.0,-2052.0
260,2,655.8333333333334,896.0,88,True,-896.0,-896.0,-1792.0
260,3,691.5,1030.0,90,True,-1030.0,-1030.0,-2060.0
260,4,772.3333333333334,1198.0,93,True,-1198.0,-1198.0,-2396.0
260,5,828.6666666666667,1139.0,92,True,-1139.0,-1139.0,-2278.0
261,0,624.8333333333334,908.0,88,True,-908.0,-908.0,-1816.0
261,1,737.1666666666667,958.0,88,True,-958.0,-958.0,-1916.0
261,2,652.1666666666667,1196.0,93,True,-1196.0,-1196.0,-2392.0
261,3,638.8333333333334,992.0,89,True,-992.0,-992.0,-1984.0
261,4,723.5,1075.0,91,True,-1075.0,-1075.0,-2150.0
261,5,738.0,1206.0,93,True,-1206.0,-1206.0,-2412.0
262,0,629.3333333333333,965.0,89,True,-965.0,-965.0,-1930.0
262,1,731.0,983.0,89,True,-983.0,-983.0,-1966.0
262,2,703.3333333333333,1163.0,92,True,-1163.0,-1163.0,-2326.0
262,3,691.5,1211.0,93,True,-1211.0,-1211.0,-2422.0
262,4,772.3333333333334,1140.0,92,True,-1140.0,-1140.0,-2280.0
262,5,721.8333333333333,1021.0,90,True,-1021.0,-1021.0,-2042.0
263,0,634.1666666666667,906.0,88,True,-906.0,-906.0,-1812.0
263,1,676.6666666666667,1030.0,90,True,-1030.0,-1030.0,-2060.0
263,2,723.8333333333334,1141.0,92,True,-1141.0,-1141.0,-2282.0
263,3,649.8333333333333,900.0,88,True,-900.0,-900.0,-1800.0
263,4,649.8333333333333,964.0,89,True,-964.0,-964.0,-1928.0
263,5,691.3333333333334,1146.0,92,True,-1146.0,-1146.0,-2292.0
264,0,676.8333333333334,1085.0,91,True,-1085.0,-1085.0,-2170.0
264,1,825.3333333333334,1230.0,93,True,-1230.0,-1230.0,-2460.0
264,2,627.5,1029.0,90,True,-1029.0,-1029.0,-2058.0
264,3,597.8333333333333,955.0,89,True,-955.0,-955.0,-1910.0
264,4,721.8333333333334,814.0,86,True,-814.0,-814.0,-1628.0
264,5,696.3333333333333,912.0,88,True,-912.0,-912.0,-1824.0
265,0,710.5,974.0,89,True,-974.0,-974.0,-1948.0
265,1,729.6666666666667,1127.0,92,True,-1127.0,-1127.0,-2254.0
265,2,666.8333333333334,1077.0,91,True,-1077.0,-1077.0,-2154.0
265,3,638.3333333333333,818.0,86,True,-818.0,-818.0,-1636.0
265,4,655.8333333333334,904.0,88,True,-904.0,-904.0,-1808.0
265,5,634.1666666666667,1016.0,90,True,-1016.0,-1016.0,-2032.0
266,0,629.3333333333333,1021.0,90,True,-1021.0,-1021.0,-2042.0
266,1,665.6666666666667,864.0,87,True,-864.0,-864.0,-1728.0
266,2,710.5,910.0,87,True,-910.0,-910.0,-1820.0
266,3,638.8333333333334,936.0,88,True,-936.0,-936.0,-1872.0
266,4,764.6666666666667,1029.0,90,True,-1029.0,-1029.0,-2058.0
266,5,657.3333333333333,1135.0,92,True,-1135.0,-1135.0,-2270.0
267,0,657.3333333333333,1152.0,92,True,-1152.0,-1152.0,-2304.0
267,1,592.5,764.0,86,True,-764.0,-764.0,-1528.0
267,2,655.8333333333334,896.0,88,True,-896.0,-896.0,-1792.0
267,3,797.8333333333334,1085.0,91,True,-1085.0,-1085.0,-2170.0
267,4,657.8333333333334,941.0,88,True,-941.0,-941.0,-1882.0
267,5,816.3333333333333,1262.0,94,True,-1262.0,-1262.0,-2524.0
268,0,736.8333333333334,1090.0,91,True,-1090.0,-1090.0,-2180.0
268,1,721.6666666666667,984.0,89,True,-984.0,-984.0,-1968.0
268,2,624.8333333333334,898.0,88,True,-898.0,-898.0,-1796.0
268,3,629.3333333333333,965.0,89,True,-965.0,-965.0,-1930.0
268,4,608.5,915.0,88,True,-915.0,-915.0,-1830.0
268,5,688.3333333333333,1066.0,90,True,-1066.0,-1066.0,-2132.0
269,0,883.3333333333334,1247.0,94,True,-1247.0,-1247.0,-2494.0
269,1,666.8333333333334,899.0,88,True,-899.0,-899.0,-1798.0
269,2,655.8333333333334,843.0,87,True,-843.0,-843.0,-1686.0
269,3,574.8333333333334,851.0,87,True,-851.0,-851.0,-1702.0
269,4,800.0000000000001,1084.0,91,True,-1084.0,-1084.0,-2168.0
269,5,842.0,1028.0,90,True,-1028.0,-1028.0,-2056.0
270,0,671.3333333333334,1056.0,91,True,-1056.0,-1056.0,-2112.0
270,1,772.3333333333334,1088.0,91,True,-1088.0,-1088.0,-2176.0
270,2,691.5,1096.0,91,True,-1096.0,-1096.0,-2192.0
270,3,655.8333333333334,1077.0,91,True,-1077.0,-1077.0,-2154.0
270,4,611.8333333333333,845.0,87,True,-845.0,-845.0,-1690.0
270,5,816.3333333333333,1088.0,91,True,-1088.0,-1088.0,-2176.0
271,0,752.3333333333333,1160.0,91,True,-1160.0,-1160.0,-2320.0
271,1,649.8333333333333,859.0,87,True,-859.0,-859.0,-1718.0
271,2,644.8333333333334,992.0,89,True,-992.0,-992.0,-1984.0
271,3,622.8333333333333,1021.0,90,True,-1021.0,-1021.0,-2042.0
271,4,655.3333333333334,992.0,88,True,-992.0,-992.0,-1984.0
271,5,728.8333333333333,1009.0,89,True,-1009.0,-1009.0,-2018.0
272,0,649.8333333333333,791.0,86,True,-791.0,-791.0,-1582.0
272,1,707.5,912.0,88,True,-912.0,-912.0,-1824.0
272,2,570.6666666666666,805.0,86,True,-805.0,-805.0,-1610.0
272,3,672.8333333333333,909.0,88,True,-909.0,-909.0,-1818.0
272,4,672.5,1050.0,90,True,-1050.0,-1050.0,-2100.0
272,5,655.8333333333334,847.0,87,True,-847.0,-847.0,-1694.0
273,0,655.8333333333334,1098.0,91,True,-1098.0,-1098.0,-2196.0
273,1,582.0,971.0,89,True,-971.0,-971.0,-1942.0
273,2,624.8333333333334,967.0,89,True,-967.0,-967.0,-1934.0
273,3,649.8333333333333,847.0,87,True,-847.0,-847.0,-1694.0
273,4,672.5,924.0,88,True,-924.0,-924.0,-1848.0
273,5,655.8333333333334,1077.0,91,True,-1077.0,-1077.0,-2154.0
274,0,773.5,1091.0,91,True,-1091.0,-1091.0,-2182.0
274,1,678.5,1082.0,91,True,-1082.0,-1082.0,-2164.0
274,2,638.8333333333334,851.0,87,True,-851.0,-851.0,-1702.0
274,3,764.6666666666667,1035.0,90,True,-1035.0,-1035.0,-2070.0
274,4,655.8333333333334,965.0,89,True,-965.0,-965.0,-1930.0
274,5,655.8333333333334,1024.0,90,True,-1024.0,-1024.0,-2048.0
275,0,752.3333333333333,1084.0,91,True,-1084.0,-1084.0,-2168.0
275,1,709.8333333333333,992.0,90,True,-992.0,-992.0,-1984.0
275,2,649.8333333333333,852.0,87,True,-852.0,-852.0,-1704.0
275,3,633.8333333333334,871.0,88,True,-871.0,-871.0,-1742.0
275,4,624.8333333333334,900.0,88,True,-900.0,-900.0,-1800.0
275,5,814.0,1150.0,92,True,-1150.0,-1150.0,-2300.0
276,0,655.8333333333334,961.0,89,True,-961.0,-961.0,-1922.0
276,1,785.5,1105.0,90,True,-1105.0,-1105.0,-2210.0
276,2,638.8333333333333,901.0,88,True,-901.0,-901.0,-1802.0
276,3,816.3333333333333,1204.0,93,True,-1204.0,-1204.0,-2408.0
276,4,753.5,910.0,88,True,-910.0,-910.0,-1820.0
276,5,566.3333333333333,911.0,88,True,-911.0,-911.0,-1822.0
277,0,649.8333333333333,846.0,87,True,-846.0,-846.0,-1692.0
277,1,633.8333333333334,965.0,89,True,-965.0,-965.0,-1930.0
277,2,682.5,1035.0,90,True,-1035.0,-1035.0,-2070.0
277,3,644.8333333333334,775.0,86,True,-775.0,-775.0,-1550.0
277,4,728.8333333333333,969.0,89,True,-969.0,-969.0,-1938.0
277,5,649.8333333333333,847.0,87,True,-847.0,-847.0,-1694.0
278,0,728.8333333333333,1075.0,91,True,-1075.0,-1075.0,-2150.0
278,1,649.8333333333333,846.0,87,True,-846.0,-846.0,-1692.0
278,2,698.3333333333334,989.0,88,True,-989.0,-989.0,-1978.0
278,3,752.3333333333333,894.0,88,True,-894.0,-894.0,-1788.0
278,4,725.8333333333333,906.0,88,True,-906.0,-906.0,-1812.0
278,5,660.8333333333333,913.0,88,True,-913.0,-913.0,-1826.0
279,0,655.8333333333334,848.0,87,True,-848.0,-848.0,-1696.0
279,1,752.3333333333333,894.0,88,True,-894.0,-894.0,-1788.0
279,2,754.3333333333334,995.0,89,True,-995.0,-995.0,-1990.0
279,3,672.5,978.0,89,True,-978.0,-978.0,-1956.0
279,4,731.0,966.0,89,True,-966.0,-966.0,-1932.0
279,5,644.8333333333334,920.0,88,True,-920.0,-920.0,-1840.0
280,0,779.0,1034.0,90,True,-1034.0,-1034.0,-2068.0
280,1,614.5,1003.0,90,True,-1003.0,-1003.0,-2006.0
280,2,656.5,887.0,88,True,-887.0,-887.0,-1774.0
280,3,752.3333333333333,1032.0,90,True,-1032.0,-1032.0,-2064.0
280,4,752.3333333333333,918.0,87,True,-918.0,-918.0,-1836.0
280,5,883.3333333333334,1415.0,97,True,-1415.0,-1415.0,-2830.0
281,0,666.8333333333334,965.0,89,True,-965.0,-965.0,-1930.0
281,1,752.3333333333333,973.0,89,True,-973.0,-973.0,-1946.0
281,2,666.8333333333334,1035.0,90,True,-1035.0,-1035.0,-2070.0
281,3,752.3333333333333,1065.0,91,True,-1065.0,-1065.0,-2130.0
281,4,883.3333333333334,1219.0,94,True,-1219.0,-1219.0,-2438.0
281,5,702.8333333333334,905.0,88,True,-905.0,-905.0,-1810.0
282,0,584.1666666666667,850.0,87,True,-850.0,-850.0,-1700.0
282,1,584.1666666666667,780.0,86,True,-780.0,-780.0,-1560.0
282,2,666.8333333333334,1099.0,91,True,-1099.0,-1099.0,-2198.0
282,3,752.3333333333333,885.0,88,True,-885.0,-885.0,-1770.0
282,4,655.3333333333334,938.0,88,True,-938.0,-938.0,-1876.0
282,5,830.3333333333334,1086.0,91,True,-1086.0,-1086.0,-2172.0
283,0,649.8333333333333,900.0,88,True,-900.0,-900.0,-1800.0
283,1,671.3333333333333,1018.0,90,True,-1018.0,-1018.0,-2036.0
283,2,655.8333333333334,899.0,88,True,-899.0,-899.0,-1798.0
283,3,785.5,1127.0,92,True,-1127.0,-1127.0,-2254.0
283,4,655.8333333333334,845.0,87,True,-845.0,-845.0,-1690.0
283,5,787.3333333333333,1088.0,91,True,-1088.0,-1088.0,-2176.0
284,0,743.0,812.0,86,True,-812.0,-812.0,-1624.0
284,1,673.3333333333334,911.0,88,True,-911.0,-911.0,-1822.0
284,2,668.1666666666667,986.0,89,True,-986.0,-986.0,-1972.0
284,3,644.8333333333334,791.0,86,True,-791.0,-791.0,-1582.0
284,4,636.8333333333333,965.0,89,True,-965.0,-965.0,-1930.0
284,5,755.8333333333334,858.0,87,True,-858.0,-858.0,-1716.0
285,0,579.8333333333333,865.0,87,True,-865.0,-865.0,-1730.0
285,1,567.8333333333334,708.0,85,True,-708.0,-708.0,-1416.0
285,2,638.8333333333334,1014.0,90,True,-1014.0,-1014.0,-2028.0
285,3,608.5,831.0,87,True,-831.0,-831.0,-1662.0
285,4,694.6666666666666,965.0,88,True,-965.0,-965.0,-1930.0
285,5,688.5,964.0,89,True,-964.0,-964.0,-1928.0
286,0,660.8333333333333,903.0,88,True,-903.0,-903.0,-1806.0
286,1,592.5,1011.0,90,True,-1011.0,-1011.0,-2022.0
286,2,536.5,846.0,87,True,-846.0,-846.0,-1692.0
286,3,657.8333333333334,1005.0,89,True,-1005.0,-1005.0,-2010.0
286,4,649.8333333333333,852.0,87,True,-852.0,-852.0,-1704.0
286,5,685.8333333333333,842.0,87,True,-842.0,-842.0,-1684.0
287,0,586.8333333333333,720.0,85,True,-720.0,-720.0,-1440.0
287,1,791.0,1024.0,90,True,-1024.0,-1024.0,-2048.0
287,2,819.0,1020.0,89,True,-1020.0,-1020.0,-2040.0
287,3,677.8333333333334,907.0,88,True,-907.0,-907.0,-1814.0
287,4,764.6666666666667,1098.0,91,True,-1098.0,-1098.0,-2196.0
287,5,582.0,791.0,86,True,-791.0,-791.0,-1582.0
288,0,583.8333333333334,887.0,88,True,-887.0,-887.0,-1774.0
288,1,659.8333333333333,845.0,87,True,-845.0,-845.0,-1690.0
288,2,762.0,1007.0,90,True,-1007.0,-1007.0,-2014.0
288,3,731.0,1069.0,91,True,-1069.0,-1069.0,-2138.0
288,4,597.8333333333333,842.0,87,True,-842.0,-842.0,-1684.0
288,5,688.3333333333333,939.0,89,True,-939.0,-939.0,-1878.0
289,0,621.3333333333333,751.0,86,True,-751.0,-751.0,-1502.0
289,1,655.0,1045.0,91,True,-1045.0,-1045.0,-2090.0
289,2,655.8333333333334,897.0,88,True,-897.0,-897.0,-1794.0
289,3,624.8333333333334,766.0,86,True,-766.0,-766.0,-1532.0
289,4,647.8333333333333,907.0,88,True,-907.0,-907.0,-1814.0
289,5,764.6666666666667,1022.0,90,True,-1022.0,-1022.0,-2044.0
290,0,764.6666666666667,1085.0,91,True,-1085.0,-1085.0,-2170.0
290,1,764.6666666666667,968.0,89,True,-968.0,-968.0,-1936.0
290,2,641.8333333333334,892.0,88,True,-892.0,-892.0,-1784.0
290,3,649.8333333333333,957.0,89,True,-957.0,-957.0,-1914.0
290,4,673.3333333333334,768.0,86,True,-768.0,-768.0,-1536.0
290,5,574.8333333333334,834.0,87,True,-834.0,-834.0,-1668.0
291,0,614.5,836.0,87,True,-836.0,-836.0,-1672.0
291,1,613.8333333333334,956.0,89,True,-956.0,-956.0,-1912.0
291,2,766.0,968.0,89,True,-968.0,-968.0,-1936.0
291,3,564.8333333333333,738.0,85,True,-738.0,-738.0,-1476.0
291,4,666.8333333333334,1076.0,91,True,-1076.0,-1076.0,-2152.0
291,5,567.8333333333334,708.0,85,True,-708.0,-708.0,-1416.0
292,0,589.8333333333334,723.0,85,True,-723.0,-723.0,-1446.0
292,1,544.6666666666666,652.0,84,True,-652.0,-652.0,-1304.0
292,2,676.8333333333333,1159.0,92,True,-1159.0,-1159.0,-2318.0
292,3,608.5,776.0,86,True,-776.0,-776.0,-1552.0
292,4,561.8333333333333,720.0,85,True,-720.0,-720.0,-1440.0
292,5,638.8333333333334,896.0,88,True,-896.0,-896.0,-1792.0
293,0,589.6666666666666,899.0,88,True,-899.0,-899.0,-1798.0
293,1,666.8333333333334,1011.0,90,True,-1011.0,-1011.0,-2022.0
293,2,576.8333333333333,831.0,87,True,-831.0,-831.0,-1662.0
293,3,649.8333333333333,950.0,89,True,-950.0,-950.0,-1900.0
293,4,590.6666666666666,791.0,86,True,-791.0,-791.0,-1582.0
293,5,614.5,776.0,86,True,-776.0,-776.0,-1552.0
294,0,791.0,1025.0,90,True,-1025.0,-1025.0,-2050.0
294,1,652.5,823.0,87,True,-823.0,-823.0,-1646.0
294,2,574.8333333333334,764.0,86,True,-764.0,-764.0,-1528.0
294,3,828.6666666666667,1066.0,91,True,-1066.0,-1066.0,-2132.0
294,4,597.8333333333333,708.0,85,True,-708.0,-708.0,-1416.0
294,5,764.6666666666667,973.0,89,True,-973.0,-973.0,-1946.0
295,0,766.0,1022.0,90,True,-1022.0,-1022.0,-2044.0
295,1,649.8333333333333,835.0,87,True,-835.0,-835.0,-1670.0
295,2,757.0,896.0,88,True,-896.0,-896.0,-1792.0
295,3,586.8333333333333,708.0,85,True,-708.0,-708.0,-1416.0
295,4,633.3333333333333,902.0,88,True,-902.0,-902.0,-1804.0
295,5,609.5,955.0,89,True,-955.0,-955.0,-1910.0
296,0,624.8333333333334,901.0,88,True,-901.0,-901.0,-1802.0
296,1,766.0,1024.0,90,True,-1024.0,-1024.0,-2048.0
296,2,655.8333333333334,709.0,85,True,-709.0,-709.0,-1418.0
296,3,743.3333333333333,1037.0,90,True,-1037.0,-1037.0,-2074.0
296,4,589.8333333333334,779.0,86,True,-779.0,-779.0,-1558.0
296,5,564.8333333333333,899.0,88,True,-899.0,-899.0,-1798.0
297,0,764.6666666666667,1022.0,90,True,-1022.0,-1022.0,-2044.0
297,1,589.8333333333333,886.0,88,True,-886.0,-886.0,-1772.0
297,2,660.8333333333333,846.0,87,True,-846.0,-846.0,-1692.0
297,3,638.8333333333334,774.0,86,True,-774.0,-774.0,-1548.0
297,4,652.8333333333334,876.0,88,True,-876.0,-876.0,-1752.0
297,5,586.8333333333333,720.0,85,True,-720.0,-720.0,-1440.0
298,0,589.8333333333333,766.0,86,True,-766.0,-766.0,-1532.0
298,1,576.8333333333333,882.0,88,True,-882.0,-882.0,-1764.0
298,2,613.8333333333334,776.0,86,True,-776.0,-776.0,-1552.0
298,3,610.8333333333333,781.0,86,True,-781.0,-781.0,-1562.0
298,4,556.8333333333334,708.0,85,True,-708.0,-708.0,-1416.0
298,5,610.8333333333333,890.0,88,True,-890.0,-890.0,-1780.0
299,0,766.0,1029.0,90,True,-1029.0,-1029.0,-2058.0
299,1,713.5,948.0,89,True,-948.0,-948.0,-1896.0
299,2,544.6666666666666,776.0,86,True,-776.0,-776.0,-1552.0
299,3,574.8333333333334,845.0,87,True,-845.0,-845.0,-1690.0
299,4,624.5,863.0,88,True,-863.0,-863.0,-1726.0
299,5,682.8333333333334,903.0,88,True,-903.0,-903.0,-1806.0
300,0,566.3333333333333,838.0,87,True,-838.0,-838.0,-1676.0
300,1,674.8333333333333,832.0,87,True,-832.0,-832.0,-1664.0
300,2,624.8333333333334,766.0,86,True,-766.0,-766.0,-1532.0
300,3,567.8333333333334,752.0,86,True,-752.0,-752.0,-1504.0
300,4,555.8333333333334,779.0,86,True,-779.0,-779.0,-1558.0
300,5,649.8333333333333,830.0,87,True,-830.0,-830.0,-1660.0
301,0,632.1666666666666,924.0,89,True,-924.0,-924.0,-1848.0
301,1,544.6666666666666,652.0,84,True,-652.0,-652.0,-1304.0
301,2,622.8333333333333,779.0,86,True,-779.0,-779.0,-1558.0
301,3,703.5,1013.0,90,True,-1013.0,-1013.0,-2026.0
301,4,731.0,1042.0,91,True,-1042.0,-1042.0,-2084.0
301,5,576.8333333333333,831.0,87,True,-831.0,-831.0,-1662.0
302,0,550.8333333333333,720.0,85,True,-720.0,-720.0,-1440.0
302,1,696.3333333333333,1016.0,90,True,-1016.0,-1016.0,-2032.0
302,2,574.8333333333334,955.0,89,True,-955.0,-955.0,-1910.0
302,3,602.5,877.0,88,True,-877.0,-877.0,-1754.0
302,4,579.5,791.0,86,True,-791.0,-791.0,-1582.0
302,5,638.8333333333334,911.0,88,True,-911.0,-911.0,-1822.0
303,0,602.3333333333333,1028.0,90,True,-1028.0,-1028.0,-2056.0
303,1,696.3333333333333,1027.0,90,True,-1027.0,-1027.0,-2054.0
303,2,710.8333333333333,970.0,89,True,-970.0,-970.0,-1940.0
303,3,574.8333333333334,708.0,85,True,-708.0,-708.0,-1416.0
303,4,629.3333333333333,909.0,88,True,-909.0,-909.0,-1818.0
303,5,655.8333333333334,709.0,85,True,-709.0,-709.0,-1418.0
304,0,615.0,843.0,87,True,-843.0,-843.0,-1686.0
304,1,574.8333333333334,884.0,88,True,-884.0,-884.0,-1768.0
304,2,569.1666666666666,886.0,88,True,-886.0,-886.0,-1772.0
304,3,764.6666666666667,968.0,89,True,-968.0,-968.0,-1936.0
304,4,586.8333333333333,654.0,84,True,-654.0,-654.0,-1308.0
304,5,613.8333333333334,776.0,86,True,-776.0,-776.0,-1552.0
305,0,576.8333333333333,835.0,87,True,-835.0,-835.0,-1670.0
305,1,574.8333333333334,844.0,87,True,-844.0,-844.0,-1688.0
305,2,576.8333333333333,831.0,87,True,-831.0,-831.0,-1662.0
305,3,561.8333333333333,845.0,87,True,-845.0,-845.0,-1690.0
305,4,574.8333333333334,780.0,86,True,-780.0,-780.0,-1560.0
305,5,655.0,867.0,88,True,-867.0,-867.0,-1734.0
306,0,584.1666666666667,891.0,88,True,-891.0,-891.0,-1782.0
306,1,564.8333333333333,724.0,85,True,-724.0,-724.0,-1448.0
306,2,567.8333333333334,652.0,84,True,-652.0,-652.0,-1304.0
306,3,601.5,821.0,87,True,-821.0,-821.0,-1642.0
306,4,632.1666666666666,947.0,89,True,-947.0,-947.0,-1894.0
306,5,655.8333333333334,843.0,87,True,-843.0,-843.0,-1686.0
307,0,702.8333333333334,1027.0,90,True,-1027.0,-1027.0,-2054.0
307,1,544.6666666666666,718.0,85,True,-718.0,-718.0,-1436.0
307,2,589.8333333333334,722.0,85,True,-722.0,-722.0,-1444.0
307,3,544.6666666666666,776.0,86,True,-776.0,-776.0,-1552.0
307,4,561.8333333333333,652.0,84,True,-652.0,-652.0,-1304.0
307,5,550.8333333333333,774.0,86,True,-774.0,-774.0,-1548.0
308,0,567.8333333333334,652.0,84,True,-652.0,-652.0,-1304.0
308,1,536.5,652.0,84,True,-652.0,-652.0,-1304.0
308,2,586.6666666666666,838.0,87,True,-838.0,-838.0,-1676.0
308,3,569.1666666666666,778.0,86,True,-778.0,-778.0,-1556.0
308,4,532.0,774.0,86,True,-774.0,-774.0,-1548.0
308,5,544.6666666666666,718.0,85,True,-718.0,-718.0,-1436.0
309,0,633.5,899.0,88,True,-899.0,-899.0,-1798.0
309,1,624.8333333333334,840.0,87,True,-840.0,-840.0,-1680.0
309,2,589.8333333333334,648.0,84,True,-648.0,-648.0,-1296.0
309,3,567.8333333333334,776.0,85,True,-776.0,-776.0,-1552.0
309,4,631.0,936.0,89,True,-936.0,-936.0,-1872.0
309,5,544.6666666666666,652.0,84,True,-652.0,-652.0,-1304.0
310,0,532.0,636.0,84,True,-636.0,-636.0,-1272.0
310,1,611.8333333333333,831.0,87,True,-831.0,-831.0,-1662.0
310,2,576.8333333333333,887.0,88,True,-887.0,-887.0,-1774.0
310,3,608.5,842.0,87,True,-842.0,-842.0,-1684.0
310,4,666.8333333333334,901.0,88,True,-901.0,-901.0,-1802.0
310,5,631.0,936.0,89,True,-936.0,-936.0,-1872.0
311,0,644.8333333333334,901.0,88,True,-901.0,-901.0,-1802.0
311,1,614.5,846.0,87,True,-846.0,-846.0,-1692.0
311,2,544.6666666666666,718.0,85,True,-718.0,-718.0,-1436.0
311,3,576.8333333333333,831.0,87,True,-831.0,-831.0,-1662.0
311,4,602.5,886.0,88,True,-886.0,-886.0,-1772.0
311,5,644.8333333333334,723.0,85,True,-723.0,-723.0,-1446.0
312,0,602.5,886.0,88,True,-886.0,-886.0,-1772.0
312,1,574.8333333333334,625.0,84,True,-625.0,-625.0,-1250.0
312,2,644.8333333333334,955.0,89,True,-955.0,-955.0,-1910.0
312,3,544.6666666666666,652.0,84,True,-652.0,-652.0,-1304.0
312,4,586.6666666666666,774.0,86,True,-774.0,-774.0,-1548.0
312,5,655.8333333333334,843.0,87,True,-843.0,-843.0,-1686.0
313,0,631.0,880.0,88,True,-880.0,-880.0,-1760.0
313,1,655.8333333333334,843.0,87,True,-843.0,-843.0,-1686.0
313,2,536.5,578.0,83,True,-578.0,-578.0,-1156.0
313,3,586.6666666666666,838.0,87,True,-838.0,-838.0,-1676.0
313,4,602.5,886.0,88,True,-886.0,-886.0,-1772.0
313,5,673.3333333333334,852.0,87,True,-852.0,-852.0,-1704.0
314,0,610.1666666666666,764.0,86,True,-764.0,-764.0,-1528.0
314,1,577.6666666666666,774.0,86,True,-774.0,-774.0,-1548.0
314,2,540.8333333333334,639.0,84,True,-639.0,-639.0,-1278.0
314,3,624.8333333333334,708.0,85,True,-708.0,-708.0,-1416.0
314,4,720.6666666666666,821.0,87,True,-821.0,-821.0,-1642.0
314,5,586.6666666666666,720.0,85,True,-720.0,-720.0,-1440.0
315,0,675.6666666666666,815.0,87,True,-815.0,-815.0,-1630.0
315,1,720.6666666666666,765.0,86,True,-765.0,-765.0,-1530.0
315,2,698.8333333333333,955.0,89,True,-955.0,-955.0,-1910.0
315,3,684.6666666666666,828.0,87,True,-828.0,-828.0,-1656.0
315,4,699.8333333333333,848.0,87,True,-848.0,-848.0,-1696.0
315,5,577.6666666666666,630.0,84,True,-630.0,-630.0,-1260.0
316,0,650.5,839.0,87,True,-839.0,-839.0,-1678.0
316,1,631.0,949.0,89,True,-949.0,-949.0,-1898.0
316,2,736.6666666666666,893.0,88,True,-893.0,-893.0,-1786.0
316,3,632.5,1022.0,90,True,-1022.0,-1022.0,-2044.0
316,4,597.8333333333333,708.0,85,True,-708.0,-708.0,-1416.0
316,5,738.3333333333333,949.0,89,True,-949.0,-949.0,-1898.0
317,0,693.3333333333333,941.0,89,True,-941.0,-941.0,-1882.0
317,1,701.6666666666666,893.0,88,True,-893.0,-893.0,-1786.0
317,2,659.5,898.0,88,True,-898.0,-898.0,-1796.0
317,3,682.8333333333334,1007.0,90,True,-1007.0,-1007.0,-2014.0
317,4,709.5,821.0,87,True,-821.0,-821.0,-1642.0
317,5,687.8333333333333,1012.0,90,True,-1012.0,-1012.0,-2024.0
318,0,689.5,764.0,86,True,-764.0,-764.0,-1528.0
318,1,673.3333333333333,832.0,87,True,-832.0,-832.0,-1664.0
318,2,683.8333333333333,708.0,85,True,-708.0,-708.0,-1416.0
318,3,724.8333333333334,887.0,88,True,-887.0,-887.0,-1774.0
318,4,649.8333333333333,943.0,89,True,-943.0,-943.0,-1886.0
318,5,616.6666666666666,765.0,86,True,-765.0,-765.0,-1530.0
319,0,696.8333333333333,872.0,88,True,-872.0,-872.0,-1744.0
319,1,842.0,1078.0,91,True,-1078.0,-1078.0,-2156.0
319,2,649.8333333333333,830.0,87,True,-830.0,-830.0,-1660.0
319,3,661.8333333333333,885.0,88,True,-885.0,-885.0,-1770.0
319,4,676.6666666666666,885.0,88,True,-885.0,-885.0,-1770.0
319,5,657.6666666666666,943.0,88,True,-943.0,-943.0,-1886.0
320,0,669.5,943.0,89,True,-943.0,-943.0,-1886.0
320,1,632.6666666666666,838.0,87,True,-838.0,-838.0,-1676.0
320,2,623.6666666666666,578.0,83,True,-578.0,-578.0,-1156.0
320,3,613.8333333333334,900.0,88,True,-900.0,-900.0,-1800.0
320,4,624.8333333333334,774.0,86,True,-774.0,-774.0,-1548.0
320,5,662.8333333333333,1007.0,90,True,-1007.0,-1007.0,-2014.0
321,0,723.8333333333334,1038.0,90,True,-1038.0,-1038.0,-2076.0
321,1,560.6666666666666,578.0,83,True,-578.0,-578.0,-1156.0
321,2,608.5,776.0,86,True,-776.0,-776.0,-1552.0
321,3,628.8333333333334,826.0,87,True,-826.0,-826.0,-1652.0
321,4,624.8333333333334,774.0,86,True,-774.0,-774.0,-1548.0
321,5,674.6666666666666,899.0,88,True,-899.0,-899.0,-1798.0
322,0,656.3333333333333,914.0,88,True,-914.0,-914.0,-1828.0
322,1,669.6666666666667,910.0,88,True,-910.0,-910.0,-1820.0
322,2,766.0,948.0,89,True,-948.0,-948.0,-1896.0
322,3,655.8333333333334,965.0,89,True,-965.0,-965.0,-1930.0
322,4,544.6666666666666,652.0,84,True,-652.0,-652.0,-1304.0
322,5,655.5,765.0,86,True,-765.0,-765.0,-1530.0
323,0,644.8333333333334,775.0,86,True,-775.0,-775.0,-1550.0
323,1,574.8333333333334,708.0,85,True,-708.0,-708.0,-1416.0
323,2,536.5,652.0,84,True,-652.0,-652.0,-1304.0
323,3,576.8333333333333,831.0,87,True,-831.0,-831.0,-1662.0
323,4,574.8333333333334,838.0,87,True,-838.0,-838.0,-1676.0
323,5,574.8333333333334,708.0,85,True,-708.0,-708.0,-1416.0
324,0,683.8333333333333,965.0,89,True,-965.0,-965.0,-1930.0
324,1,624.8333333333334,826.0,86,True,-826.0,-826.0,-1652.0
324,2,561.8333333333333,652.0,84,True,-652.0,-652.0,-1304.0
324,3,644.8333333333334,831.0,87,True,-831.0,-831.0,-1662.0
324,4,612.6666666666666,644.0,83,True,-644.0,-644.0,-1288.0
324,5,588.8333333333334,963.0,89,True,-963.0,-963.0,-1926.0
325,0,702.0,1018.0,90,True,-1018.0,-1018.0,-2036.0
325,1,577.6666666666666,720.0,85,True,-720.0,-720.0,-1440.0
325,2,605.8333333333334,775.0,86,True,-775.0,-775.0,-1550.0
325,3,560.6666666666666,578.0,83,True,-578.0,-578.0,-1156.0
325,4,669.6666666666667,844.0,86,True,-844.0,-844.0,-1688.0
325,5,669.6666666666667,844.0,87,True,-844.0,-844.0,-1688.0
326,0,669.6666666666667,910.0,88,True,-910.0,-910.0,-1820.0
326,1,609.8333333333334,776.0,85,True,-776.0,-776.0,-1552.0
326,2,624.8333333333334,845.0,86,True,-845.0,-845.0,-1690.0
326,3,644.8333333333334,913.0,88,True,-913.0,-913.0,-1826.0
326,4,686.6666666666666,899.0,87,True,-899.0,-899.0,-1798.0
326,5,614.5,886.0,88,True,-886.0,-886.0,-1772.0
327,0,616.1666666666667,965.0,89,True,-965.0,-965.0,-1930.0
327,1,638.8333333333334,965.0,89,True,-965.0,-965.0,-1930.0
327,2,666.8333333333334,1055.0,90,True,-1055.0,-1055.0,-2110.0
327,3,616.5,1184.0,92,True,-1184.0,-1184.0,-2368.0
327,4,655.8333333333334,1035.0,89,True,-1035.0,-1035.0,-2070.0
327,5,638.8333333333334,1050.0,90,True,-1050.0,-1050.0,-2100.0
328,0,614.5,891.0,88,True,-891.0,-891.0,-1782.0
328,1,611.8333333333333,858.0,87,True,-858.0,-858.0,-1716.0
328,2,689.0,917.0,88,True,-917.0,-917.0,-1834.0
328,3,582.0,826.0,87,True,-826.0,-826.0,-1652.0
328,4,649.8333333333333,776.0,86,True,-776.0,-776.0,-1552.0
328,5,588.1666666666667,774.0,85,True,-774.0,-774.0,-1548.0
329,0,614.1666666666666,843.0,86,True,-843.0,-843.0,-1686.0
329,1,757.0,822.0,87,True,-822.0,-822.0,-1644.0
329,2,674.3333333333334,979.0,89,True,-979.0,-979.0,-1958.0
329,3,574.8333333333334,834.0,87,True,-834.0,-834.0,-1668.0
329,4,700.6666666666667,794.0,86,True,-794.0,-794.0,-1588.0
329,5,622.8333333333333,965.0,89,True,-965.0,-965.0,-1930.0
330,0,560.6666666666666,578.0,82,True,-578.0,-578.0,-1156.0
330,1,766.0,892.0,88,True,-892.0,-892.0,-1784.0
330,2,672.1666666666666,848.0,86,True,-848.0,-848.0,-1696.0
330,3,702.8333333333334,901.0,87,True,-901.0,-901.0,-1802.0
330,4,632.6666666666666,720.0,84,True,-720.0,-720.0,-1440.0
330,5,632.6666666666666,718.0,84,True,-718.0,-718.0,-1436.0
331,0,614.5,890.0,88,True,-890.0,-890.0,-1780.0
331,1,614.5,886.0,88,True,-886.0,-886.0,-1772.0
331,2,752.3333333333333,1065.0,91,True,-1065.0,-1065.0,-2130.0
331,3,622.8333333333333,896.0,88,True,-896.0,-896.0,-1792.0
331,4,620.8333333333334,910.0,88,True,-910.0,-910.0,-1820.0
331,5,615.1666666666666,989.0,90,True,-989.0,-989.0,-1978.0
332,0,613.8333333333334,858.0,87,True,-858.0,-858.0,-1716.0
332,1,624.8333333333334,837.0,87,True,-837.0,-837.0,-1674.0
332,2,633.8333333333334,904.0,88,True,-904.0,-904.0,-1808.0
332,3,623.6666666666667,858.0,87,True,-858.0,-858.0,-1716.0
332,4,622.8333333333333,891.0,88,True,-891.0,-891.0,-1782.0
332,5,702.0,966.0,89,True,-966.0,-966.0,-1932.0
333,0,644.1666666666667,826.0,87,True,-826.0,-826.0,-1652.0
333,1,633.8333333333333,891.0,88,True,-891.0,-891.0,-1782.0
333,2,638.8333333333334,965.0,89,True,-965.0,-965.0,-1930.0
333,3,648.6666666666666,922.0,88,True,-922.0,-922.0,-1844.0
333,4,663.8333333333334,922.0,88,True,-922.0,-922.0,-1844.0
333,5,702.0,1018.0,90,True,-1018.0,-1018.0,-2036.0
334,0,569.1666666666666,736.0,85,True,-736.0,-736.0,-1472.0
334,1,613.1666666666666,904.0,88,True,-904.0,-904.0,-1808.0
334,2,647.8333333333333,896.0,88,True,-896.0,-896.0,-1792.0
334,3,574.8333333333334,787.0,86,True,-787.0,-787.0,-1574.0
334,4,584.1666666666667,891.0,88,True,-891.0,-891.0,-1782.0
334,5,655.8333333333334,999.0,90,True,-999.0,-999.0,-1998.0
335,0,622.8333333333333,834.0,87,True,-834.0,-834.0,-1668.0
335,1,614.5,891.0,88,True,-891.0,-891.0,-1782.0
335,2,622.8333333333333,891.0,88,True,-891.0,-891.0,-1782.0
335,3,624.8333333333334,901.0,88,True,-901.0,-901.0,-1802.0
335,4,588.3333333333333,896.0,88,True,-896.0,-896.0,-1792.0
335,5,702.0,1065.0,91,True,-1065.0,-1065.0,-2130.0
336,0,666.3333333333334,979.0,89,True,-979.0,-979.0,-1958.0
336,1,699.3333333333334,1025.0,89,True,-1025.0,-1025.0,-2050.0
336,2,598.1666666666666,894.0,87,True,-894.0,-894.0,-1788.0
336,3,678.6666666666666,859.0,86,True,-859.0,-859.0,-1718.0
336,4,638.8333333333333,779.0,85,True,-779.0,-779.0,-1558.0
336,5,629.6666666666667,1025.0,89,True,-1025.0,-1025.0,-2050.0
337,0,658.6666666666666,828.0,87,True,-828.0,-828.0,-1656.0
337,1,577.6666666666666,686.0,85,True,-686.0,-686.0,-1372.0
337,2,703.1666666666667,889.0,88,True,-889.0,-889.0,-1778.0
337,3,632.6666666666666,718.0,85,True,-718.0,-718.0,-1436.0
337,4,586.6666666666666,652.0,84,True,-652.0,-652.0,-1304.0
337,5,586.6666666666666,847.0,87,True,-847.0,-847.0,-1694.0
338,0,586.6666666666666,718.0,85,True,-718.0,-718.0,-1436.0
338,1,591.8333333333333,848.0,87,True,-848.0,-848.0,-1696.0
338,2,602.5,886.0,88,True,-886.0,-886.0,-1772.0
338,3,648.8333333333334,858.0,87,True,-858.0,-858.0,-1716.0
338,4,583.5,858.0,87,True,-858.0,-858.0,-1716.0
338,5,577.6666666666666,652.0,84,True,-652.0,-652.0,-1304.0
339,0,629.3333333333333,965.0,88,True,-965.0,-965.0,-1930.0
339,1,544.6666666666666,724.0,84,True,-724.0,-724.0,-1448.0
339,2,544.6666666666666,707.0,84,True,-707.0,-707.0,-1414.0
339,3,655.5,708.0,84,True,-708.0,-708.0,-1416.0
339,4,539.8333333333334,710.0,84,True,-710.0,-710.0,-1420.0
339,5,599.8333333333333,1035.0,89,True,-1035.0,-1035.0,-2070.0
340,0,622.8333333333333,965.0,88,True,-965.0,-965.0,-1930.0
340,1,566.3333333333333,913.0,87,True,-913.0,-913.0,-1826.0
340,2,608.5,856.0,86,True,-856.0,-856.0,-1712.0
340,3,634.1666666666667,1021.0,89,True,-1021.0,-1021.0,-2042.0
340,4,656.1666666666666,965.0,88,True,-965.0,-965.0,-1930.0
340,5,569.1666666666666,886.0,87,True,-886.0,-886.0,-1772.0
341,0,642.3333333333333,989.0,90,True,-989.0,-989.0,-1978.0
341,1,536.5,763.0,85,True,-763.0,-763.0,-1526.0
341,2,539.8333333333334,763.0,85,True,-763.0,-763.0,-1526.0
341,3,563.5,774.0,85,True,-774.0,-774.0,-1548.0
341,4,548.8333333333334,804.0,85,True,-804.0,-804.0,-1608.0
341,5,633.8333333333334,965.0,88,True,-965.0,-965.0,-1930.0
342,0,627.5,896.0,87,True,-896.0,-896.0,-1792.0
342,1,659.5,1034.0,90,True,-1034.0,-1034.0,-2068.0
342,2,655.8333333333334,942.0,88,True,-942.0,-942.0,-1884.0
342,3,544.6666666666666,736.0,84,True,-736.0,-736.0,-1472.0
342,4,666.8333333333334,1029.0,89,True,-1029.0,-1029.0,-2058.0
342,5,577.6666666666666,774.0,85,True,-774.0,-774.0,-1548.0
343,0,549.0,792.0,85,True,-792.0,-792.0,-1584.0
343,1,542.1666666666667,736.0,84,True,-736.0,-736.0,-1472.0
343,2,592.5,764.0,85,True,-764.0,-764.0,-1528.0
343,3,590.6666666666666,885.0,87,True,-885.0,-885.0,-1770.0
343,4,644.8333333333334,899.0,87,True,-899.0,-899.0,-1798.0
343,5,614.5,1054.0,90,True,-1054.0,-1054.0,-2108.0
344,0,678.3333333333333,872.0,87,True,-872.0,-872.0,-1744.0
344,1,671.3333333333334,1000.0,89,True,-1000.0,-1000.0,-2000.0
344,2,647.8333333333333,976.0,88,True,-976.0,-976.0,-1952.0
344,3,549.8333333333333,847.0,86,True,-847.0,-847.0,-1694.0
344,4,536.5,726.0,84,True,-726.0,-726.0,-1452.0
344,5,614.5,845.0,86,True,-845.0,-845.0,-1690.0
345,0,590.6666666666666,789.0,85,True,-789.0,-789.0,-1578.0
345,1,592.5,763.0,85,True,-763.0,-763.0,-1526.0
345,2,567.8333333333334,835.0,86,True,-835.0,-835.0,-1670.0
345,3,579.5,787.0,85,True,-787.0,-787.0,-1574.0
345,4,539.8333333333334,792.0,85,True,-792.0,-792.0,-1584.0
345,5,614.1666666666666,1093.0,90,True,-1093.0,-1093.0,-2186.0
346,0,638.8333333333334,963.0,88,True,-963.0,-963.0,-1926.0
346,1,743.5,1091.0,90,True,-1091.0,-1091.0,-2182.0
346,2,539.8333333333334,778.0,85,True,-778.0,-778.0,-1556.0
346,3,624.5,861.0,86,True,-861.0,-861.0,-1722.0
346,4,629.3333333333333,965.0,88,True,-965.0,-965.0,-1930.0
346,5,632.6666666666666,860.0,86,True,-860.0,-860.0,-1720.0
347,0,726.3333333333334,1225.0,91,True,-1225.0,-1225.0,-2450.0
347,1,631.0,1081.0,89,True,-1081.0,-1081.0,-2162.0
347,2,544.6666666666666,830.0,86,True,-830.0,-830.0,-1660.0
347,3,624.5,921.0,87,True,-921.0,-921.0,-1842.0
347,4,659.5,979.0,88,True,-979.0,-979.0,-1958.0
347,5,638.8333333333333,836.0,86,True,-836.0,-836.0,-1672.0
348,0,660.5,962.0,89,True,-962.0,-962.0,-1924.0
348,1,657.8333333333333,903.0,87,True,-903.0,-903.0,-1806.0
348,2,659.5,1042.0,90,True,-1042.0,-1042.0,-2084.0
348,3,568.8333333333333,793.0,85,True,-793.0,-793.0,-1586.0
348,4,604.8333333333334,1031.0,89,True,-1031.0,-1031.0,-2062.0
348,5,674.6666666666666,842.0,87,True,-842.0,-842.0,-1684.0
349,0,563.5,774.0,86,True,-774.0,-774.0,-1548.0
349,1,699.8333333333333,1021.0,90,True,-1021.0,-1021.0,-2042.0
349,2,540.8333333333334,736.0,85,True,-736.0,-736.0,-1472.0
349,3,577.6666666666666,774.0,86,True,-774.0,-774.0,-1548.0
349,4,654.8333333333333,897.0,88,True,-897.0,-897.0,-1794.0
349,5,629.3333333333333,965.0,89,True,-965.0,-965.0,-1930.0
350,0,577.6666666666666,774.0,86,True,-774.0,-774.0,-1548.0
350,1,624.8333333333334,764.0,86,True,-764.0,-764.0,-1528.0
350,2,577.6666666666666,661.0,84,True,-661.0,-661.0,-1322.0
350,3,649.8333333333333,737.0,85,True,-737.0,-737.0,-1474.0
350,4,536.5,748.0,86,True,-748.0,-748.0,-1496.0
350,5,644.8333333333334,899.0,88,True,-899.0,-899.0,-1798.0
351,0,574.8333333333334,763.0,86,True,-763.0,-763.0,-1526.0
351,1,589.8333333333334,834.0,87,True,-834.0,-834.0,-1668.0
351,2,540.0,774.0,86,True,-774.0,-774.0,-1548.0
351,3,659.8333333333333,846.0,87,True,-846.0,-846.0,-1692.0
351,4,583.8333333333334,778.0,86,True,-778.0,-778.0,-1556.0
351,5,532.0,722.0,85,True,-722.0,-722.0,-1444.0
352,0,574.8333333333334,669.0,84,True,-669.0,-669.0,-1338.0
352,1,611.8333333333333,657.0,84,True,-657.0,-657.0,-1314.0
352,2,602.5,830.0,87,True,-830.0,-830.0,-1660.0
352,3,549.0,652.0,84,True,-652.0,-652.0,-1304.0
352,4,544.6666666666666,707.0,85,True,-707.0,-707.0,-1414.0
352,5,777.0,967.0,89,True,-967.0,-967.0,-1934.0
353,0,696.8333333333333,872.0,87,True,-872.0,-872.0,-1744.0
353,1,561.8333333333333,652.0,83,True,-652.0,-652.0,-1304.0
353,2,631.0,888.0,88,True,-888.0,-888.0,-1776.0
353,3,713.5,886.0,86,True,-886.0,-886.0,-1772.0
353,4,544.6666666666666,707.0,85,True,-707.0,-707.0,-1414.0
353,5,659.8333333333333,829.0,87,True,-829.0,-829.0,-1658.0
354,0,561.8333333333333,652.0,84,True,-652.0,-652.0,-1304.0
354,1,622.8333333333333,708.0,85,True,-708.0,-708.0,-1416.0
354,2,561.8333333333333,652.0,84,True,-652.0,-652.0,-1304.0
354,3,589.8333333333334,727.0,85,True,-727.0,-727.0,-1454.0
354,4,624.8333333333334,700.0,85,True,-700.0,-700.0,-1400.0
354,5,561.8333333333333,652.0,84,True,-652.0,-652.0,-1304.0
355,0,550.8333333333333,718.0,85,True,-718.0,-718.0,-1436.0
355,1,589.8333333333334,727.0,85,True,-727.0,-727.0,-1454.0
355,2,605.1666666666666,714.0,85,True,-714.0,-714.0,-1428.0
355,3,597.8333333333333,713.0,85,True,-713.0,-713.0,-1426.0
355,4,544.6666666666666,707.0,84,True,-707.0,-707.0,-1414.0
355,5,550.8333333333333,657.0,84,True,-657.0,-657.0,-1314.0
356,0,595.5,818.0,87,True,-818.0,-818.0,-1636.0
356,1,550.8333333333333,718.0,85,True,-718.0,-718.0,-1436.0
356,2,687.8333333333334,1015.0,90,True,-1015.0,-1015.0,-2030.0
356,3,672.8333333333334,1020.0,90,True,-1020.0,-1020.0,-2040.0
356,4,544.6666666666666,724.0,85,True,-724.0,-724.0,-1448.0
356,5,631.0,880.0,88,True,-880.0,-880.0,-1760.0
357,0,586.6666666666666,644.0,84,True,-644.0,-644.0,-1288.0
357,1,550.8333333333333,718.0,85,True,-718.0,-718.0,-1436.0
357,2,561.8333333333333,718.0,85,True,-718.0,-718.0,-1436.0
357,3,536.5,652.0,84,True,-652.0,-652.0,-1304.0
357,4,754.3333333333334,1059.0,91,True,-1059.0,-1059.0,-2118.0
357,5,589.8333333333334,649.0,84,True,-649.0,-649.0,-1298.0
358,0,555.8333333333334,724.0,85,True,-724.0,-724.0,-1448.0
358,1,574.8333333333334,763.0,86,True,-763.0,-763.0,-1526.0
358,2,574.8333333333334,721.0,85,True,-721.0,-721.0,-1442.0
358,3,536.5,652.0,84,True,-652.0,-652.0,-1304.0
358,4,586.6666666666666,669.0,84,True,-669.0,-669.0,-1338.0
358,5,589.8333333333334,723.0,84,True,-723.0,-723.0,-1446.0
359,0,536.5,656.0,84,True,-656.0,-656.0,-1312.0
359,1,589.8333333333334,727.0,85,True,-727.0,-727.0,-1454.0
359,2,544.6666666666666,704.0,85,True,-704.0,-704.0,-1408.0
359,3,544.6666666666666,707.0,85,True,-707.0,-707.0,-1414.0
359,4,536.5,652.0,84,True,-652.0,-652.0,-1304.0
359,5,544.6666666666666,707.0,85,True,-707.0,-707.0,-1414.0
360,0,574.8333333333334,707.0,85,True,-707.0,-707.0,-1414.0
360,1,561.8333333333333,652.0,84,True,-652.0,-652.0,-1304.0
360,2,644.8333333333334,963.0,89,True,-963.0,-963.0,-1926.0
360,3,576.8333333333333,831.0,87,True,-831.0,-831.0,-1662.0
360,4,550.8333333333333,657.0,84,True,-657.0,-657.0,-1314.0
360,5,583.8333333333334,774.0,86,True,-774.0,-774.0,-1548.0
361,0,577.6666666666666,652.0,84,True,-652.0,-652.0,-1304.0
361,1,757.0,896.0,88,True,-896.0,-896.0,-1792.0
361,2,550.8333333333333,657.0,84,True,-657.0,-657.0,-1314.0
361,3,561.8333333333333,652.0,84,True,-652.0,-652.0,-1304.0
361,4,574.8333333333334,725.0,85,True,-725.0,-725.0,-1450.0
361,5,609.8333333333334,718.0,85,True,-718.0,-718.0,-1436.0
362,0,583.8333333333334,710.0,85,True,-710.0,-710.0,-1420.0
362,1,584.1666666666667,780.0,86,True,-780.0,-780.0,-1560.0
362,2,539.8333333333334,710.0,85,True,-710.0,-710.0,-1420.0
362,3,632.6666666666666,652.0,84,True,-652.0,-652.0,-1304.0
362,4,549.0,652.0,84,True,-652.0,-652.0,-1304.0
362,5,596.6666666666666,788.0,86,True,-788.0,-788.0,-1576.0
363,0,611.8333333333333,775.0,86,True,-775.0,-775.0,-1550.0
363,1,589.8333333333334,723.0,85,True,-723.0,-723.0,-1446.0
363,2,550.8333333333333,718.0,85,True,-718.0,-718.0,-1436.0
363,3,550.8333333333333,718.0,85,True,-718.0,-718.0,-1436.0
363,4,544.6666666666666,722.0,85,True,-722.0,-722.0,-1444.0
363,5,576.8333333333333,831.0,87,True,-831.0,-831.0,-1662.0
364,0,561.8333333333333,652.0,84,True,-652.0,-652.0,-1304.0
364,1,606.6666666666666,652.0,84,True,-652.0,-652.0,-1304.0
364,2,574.8333333333334,718.0,85,True,-718.0,-718.0,-1436.0
364,3,574.8333333333334,773.0,86,True,-773.0,-773.0,-1546.0
364,4,544.6666666666666,707.0,85,True,-707.0,-707.0,-1414.0
364,5,561.8333333333333,652.0,84,True,-652.0,-652.0,-1304.0
365,0,586.6666666666666,718.0,85,True,-718.0,-718.0,-1436.0
365,1,612.6666666666666,718.0,85,True,-718.0,-718.0,-1436.0
365,2,622.8333333333333,831.0,87,True,-831.0,-831.0,-1662.0
365,3,649.8333333333333,774.0,86,True,-774.0,-774.0,-1548.0
365,4,555.8333333333334,724.0,85,True,-724.0,-724.0,-1448.0
365,5,577.6666666666666,652.0,84,True,-652.0,-652.0,-1304.0
366,0,561.8333333333333,718.0,85,True,-718.0,-718.0,-1436.0
366,1,567.8333333333334,652.0,83,True,-652.0,-652.0,-1304.0
366,2,603.6666666666666,722.0,85,True,-722.0,-722.0,-1444.0
366,3,609.8333333333334,718.0,85,True,-718.0,-718.0,-1436.0
366,4,644.8333333333334,796.0,86,True,-796.0,-796.0,-1592.0
366,5,609.8333333333334,718.0,85,True,-718.0,-718.0,-1436.0
367,0,586.6666666666666,652.0,84,True,-652.0,-652.0,-1304.0
367,1,632.6666666666666,718.0,85,True,-718.0,-718.0,-1436.0
367,2,544.6666666666666,710.0,85,True,-710.0,-710.0,-1420.0
367,3,612.6666666666666,636.0,84,True,-636.0,-636.0,-1272.0
367,4,583.8333333333334,710.0,85,True,-710.0,-710.0,-1420.0
367,5,612.6666666666666,723.0,85,True,-723.0,-723.0,-1446.0
368,0,611.8333333333333,775.0,86,True,-775.0,-775.0,-1550.0
368,1,572.8333333333334,844.0,87,True,-844.0,-844.0,-1688.0
368,2,561.8333333333333,657.0,84,True,-657.0,-657.0,-1314.0
368,3,626.1666666666667,836.0,87,True,-836.0,-836.0,-1672.0
368,4,668.1666666666666,1024.0,91,True,-1024.0,-1024.0,-2048.0
368,5,643.8333333333334,723.0,85,True,-723.0,-723.0,-1446.0
369,0,799.6666666666667,890.0,88,True,-890.0,-890.0,-1780.0
369,1,644.6666666666666,915.0,88,True,-915.0,-915.0,-1830.0
369,2,560.6666666666666,658.0,84,True,-658.0,-658.0,-1316.0
369,3,574.8333333333334,723.0,85,True,-723.0,-723.0,-1446.0
369,4,544.6666666666666,657.0,84,True,-657.0,-657.0,-1314.0
369,5,567.8333333333334,652.0,83,True,-652.0,-652.0,-1304.0
370,0,655.8333333333334,714.0,85,True,-714.0,-714.0,-1428.0
370,1,577.6666666666666,630.0,84,True,-630.0,-630.0,-1260.0
370,2,545.8333333333334,569.0,83,True,-569.0,-569.0,-1138.0
370,3,644.8333333333334,709.0,85,True,-709.0,-709.0,-1418.0
370,4,600.3333333333333,770.0,86,True,-770.0,-770.0,-1540.0
370,5,605.8333333333334,775.0,86,True,-775.0,-775.0,-1550.0
371,0,542.1666666666667,652.0,84,True,-652.0,-652.0,-1304.0
371,1,624.8333333333334,774.0,86,True,-774.0,-774.0,-1548.0
371,2,643.8333333333334,770.0,85,True,-770.0,-770.0,-1540.0
371,3,610.6666666666666,957.0,89,True,-957.0,-957.0,-1914.0
371,4,620.8333333333334,1031.0,90,True,-1031.0,-1031.0,-2062.0
371,5,612.6666666666666,644.0,84,True,-644.0,-644.0,-1288.0
372,0,672.8333333333334,949.0,89,True,-949.0,-949.0,-1898.0
372,1,624.8333333333334,774.0,86,True,-774.0,-774.0,-1548.0
372,2,588.1666666666667,691.0,85,True,-691.0,-691.0,-1382.0
372,3,561.8333333333333,718.0,85,True,-718.0,-718.0,-1436.0
372,4,613.8333333333334,858.0,87,True,-858.0,-858.0,-1716.0
372,5,658.6666666666666,836.0,87,True,-836.0,-836.0,-1672.0
373,0,574.8333333333334,723.0,85,True,-723.0,-723.0,-1446.0
373,1,588.8333333333334,770.0,86,True,-770.0,-770.0,-1540.0
373,2,646.6666666666666,874.0,88,True,-874.0,-874.0,-1748.0
373,3,620.8333333333334,1081.0,91,True,-1081.0,-1081.0,-2162.0
373,4,574.8333333333334,766.0,86,True,-766.0,-766.0,-1532.0
373,5,539.8333333333334,710.0,85,True,-710.0,-710.0,-1420.0
374,0,624.8333333333334,770.0,86,True,-770.0,-770.0,-1540.0
374,1,532.0,636.0,84,True,-636.0,-636.0,-1272.0
374,2,574.8333333333334,710.0,85,True,-710.0,-710.0,-1420.0
374,3,542.1666666666667,652.0,84,True,-652.0,-652.0,-1304.0
374,4,655.8333333333334,970.0,89,True,-970.0,-970.0,-1940.0
374,5,567.8333333333334,652.0,84,True,-652.0,-652.0,-1304.0
375,0,638.8333333333334,880.0,88,True,-880.0,-880.0,-1760.0
375,1,625.5,941.0,89,True,-941.0,-941.0,-1882.0
375,2,544.6666666666666,787.0,86,True,-787.0,-787.0,-1574.0
375,3,574.8333333333334,657.0,84,True,-657.0,-657.0,-1314.0
375,4,653.8333333333334,1000.0,90,True,-1000.0,-1000.0,-2000.0
375,5,610.8333333333333,755.0,86,True,-755.0,-755.0,-1510.0
376,0,613.8333333333334,853.0,87,True,-853.0,-853.0,-1706.0
376,1,544.6666666666666,657.0,84,True,-657.0,-657.0,-1314.0
376,2,655.0,808.0,87,True,-808.0,-808.0,-1616.0
376,3,577.6666666666666,630.0,84,True,-630.0,-630.0,-1260.0
376,4,544.6666666666666,652.0,84,True,-652.0,-652.0,-1304.0
376,5,536.5,694.0,85,True,-694.0,-694.0,-1388.0
377,0,612.6666666666666,669.0,84,True,-669.0,-669.0,-1338.0
377,1,629.6666666666666,708.0,85,True,-708.0,-708.0,-1416.0
377,2,544.6666666666666,787.0,86,True,-787.0,-787.0,-1574.0
377,3,544.6666666666666,710.0,85,True,-710.0,-710.0,-1420.0
377,4,577.6666666666666,630.0,84,True,-630.0,-630.0,-1260.0
377,5,577.6666666666666,630.0,84,True,-630.0,-630.0,-1260.0
378,0,544.6666666666666,657.0,84,True,-657.0,-657.0,-1314.0
378,1,631.0,872.0,88,True,-872.0,-872.0,-1744.0
378,2,684.3333333333334,956.0,89,True,-956.0,-956.0,-1912.0
378,3,567.8333333333334,652.0,84,True,-652.0,-652.0,-1304.0
378,4,712.8333333333334,1022.0,90,True,-1022.0,-1022.0,-2044.0
378,5,577.6666666666666,630.0,84,True,-630.0,-630.0,-1260.0
379,0,631.0,763.0,86,True,-763.0,-763.0,-1526.0
379,1,612.6666666666666,641.0,84,True,-641.0,-641.0,-1282.0
379,2,685.8333333333333,765.0,86,True,-765.0,-765.0,-1530.0
379,3,612.6666666666666,644.0,84,True,-644.0,-644.0,-1288.0
379,4,588.8333333333334,636.0,84,True,-636.0,-636.0,-1272.0
379,5,544.6666666666666,778.0,86,True,-778.0,-778.0,-1556.0
380,0,613.8333333333334,919.0,88,True,-919.0,-919.0,-1838.0
380,1,586.6666666666666,649.0,84,True,-649.0,-649.0,-1298.0
380,2,608.8333333333333,932.0,89,True,-932.0,-932.0,-1864.0
380,3,535.8333333333333,733.0,85,True,-733.0,-733.0,-1466.0
380,4,544.6666666666666,704.0,85,True,-704.0,-704.0,-1408.0
380,5,631.0,830.0,87,True,-830.0,-830.0,-1660.0
381,0,536.5,578.0,83,True,-578.0,-578.0,-1156.0
381,1,583.8333333333334,710.0,85,True,-710.0,-710.0,-1420.0
381,2,602.5,816.0,87,True,-816.0,-816.0,-1632.0
381,3,583.6666666666666,718.0,85,True,-718.0,-718.0,-1436.0
381,4,583.8333333333334,710.0,85,True,-710.0,-710.0,-1420.0
381,5,577.6666666666666,630.0,84,True,-630.0,-630.0,-1260.0
382,0,577.6666666666666,787.0,86,True,-787.0,-787.0,-1574.0
382,1,560.6666666666666,578.0,83,True,-578.0,-578.0,-1156.0
382,2,631.0,944.0,89,True,-944.0,-944.0,-1888.0
382,3,624.8333333333334,853.0,87,True,-853.0,-853.0,-1706.0
382,4,659.5,880.0,88,True,-880.0,-880.0,-1760.0
382,5,631.0,880.0,88,True,-880.0,-880.0,-1760.0
383,0,643.8333333333334,722.0,85,True,-722.0,-722.0,-1444.0
383,1,588.8333333333334,770.0,86,True,-770.0,-770.0,-1540.0
383,2,613.8333333333334,853.0,87,True,-853.0,-853.0,-1706.0
383,3,658.6666666666666,885.0,88,True,-885.0,-885.0,-1770.0
383,4,624.8333333333334,909.0,88,True,-909.0,-909.0,-1818.0
383,5,586.6666666666666,652.0,84,True,-652.0,-652.0,-1304.0
384,0,574.8333333333334,718.0,85,True,-718.0,-718.0,-1436.0
384,1,624.8333333333334,826.0,87,True,-826.0,-826.0,-1652.0
384,2,644.1666666666667,779.0,86,True,-779.0,-779.0,-1558.0
384,3,594.8333333333334,652.0,84,True,-652.0,-652.0,-1304.0
384,4,644.8333333333334,836.0,87,True,-836.0,-836.0,-1672.0
384,5,597.8333333333334,853.0,87,True,-853.0,-853.0,-1706.0
385,0,577.6666666666666,630.0,84,True,-630.0,-630.0,-1260.0
385,1,672.1666666666667,830.0,87,True,-830.0,-830.0,-1660.0
385,2,626.1666666666667,836.0,87,True,-836.0,-836.0,-1672.0
385,3,588.8333333333334,644.0,84,True,-644.0,-644.0,-1288.0
385,4,597.8333333333334,778.0,86,True,-778.0,-778.0,-1556.0
385,5,644.1666666666667,826.0,87,True,-826.0,-826.0,-1652.0
386,0,603.6666666666666,569.0,83,True,-569.0,-569.0,-1138.0
386,1,587.8333333333334,775.0,86,True,-775.0,-775.0,-1550.0
386,2,629.6666666666667,979.0,89,True,-979.0,-979.0,-1958.0
386,3,603.6666666666666,644.0,84,True,-644.0,-644.0,-1288.0
386,4,586.6666666666666,718.0,85,True,-718.0,-718.0,-1436.0
386,5,692.5,915.0,88,True,-915.0,-915.0,-1830.0
387,0,644.8333333333334,691.0,85,True,-691.0,-691.0,-1382.0
387,1,574.8333333333334,718.0,85,True,-718.0,-718.0,-1436.0
387,2,603.6666666666666,770.0,86,True,-770.0,-770.0,-1540.0
387,3,620.8333333333334,910.0,88,True,-910.0,-910.0,-1820.0
387,4,612.6666666666666,644.0,84,True,-644.0,-644.0,-1288.0
387,5,574.8333333333334,723.0,85,True,-723.0,-723.0,-1446.0
388,0,544.6666666666666,652.0,84,True,-652.0,-652.0,-1304.0
388,1,624.5,880.0,88,True,-880.0,-880.0,-1760.0
388,2,544.6666666666666,704.0,85,True,-704.0,-704.0,-1408.0
388,3,588.8333333333334,770.0,86,True,-770.0,-770.0,-1540.0
388,4,624.8333333333334,723.0,85,True,-723.0,-723.0,-1446.0
388,5,574.8333333333334,770.0,85,True,-770.0,-770.0,-1540.0
389,0,574.8333333333334,718.0,85,True,-718.0,-718.0,-1436.0
389,1,544.6666666666666,718.0,85,True,-718.0,-718.0,-1436.0
389,2,643.8333333333334,774.0,86,True,-774.0,-774.0,-1548.0
389,3,613.8333333333334,853.0,87,True,-853.0,-853.0,-1706.0
389,4,574.8333333333334,770.0,86,True,-770.0,-770.0,-1540.0
389,5,579.5,774.0,86,True,-774.0,-774.0,-1548.0
390,0,574.8333333333334,704.0,85,True,-704.0,-704.0,-1408.0
390,1,644.1666666666667,826.0,87,True,-826.0,-826.0,-1652.0
390,2,577.6666666666666,630.0,84,True,-630.0,-630.0,-1260.0
390,3,624.8333333333334,826.0,87,True,-826.0,-826.0,-1652.0
390,4,643.8333333333334,723.0,85,True,-723.0,-723.0,-1446.0
390,5,574.8333333333334,770.0,86,True,-770.0,-770.0,-1540.0
391,0,561.8333333333333,718.0,85,True,-718.0,-718.0,-1436.0
391,1,576.1666666666666,835.0,87,True,-835.0,-835.0,-1670.0
391,2,574.8333333333334,704.0,85,True,-704.0,-704.0,-1408.0
391,3,764.6666666666667,896.0,88,True,-896.0,-896.0,-1792.0
391,4,579.5,718.0,85,True,-718.0,-718.0,-1436.0
391,5,764.6666666666667,896.0,88,True,-896.0,-896.0,-1792.0
392,0,544.6666666666666,718.0,85,True,-718.0,-718.0,-1436.0
392,1,574.8333333333334,704.0,85,True,-704.0,-704.0,-1408.0
392,2,574.8333333333334,774.0,86,True,-774.0,-774.0,-1548.0
392,3,624.8333333333334,723.0,85,True,-723.0,-723.0,-1446.0
392,4,624.8333333333334,723.0,85,True,-723.0,-723.0,-1446.0
392,5,569.1666666666666,789.0,86,True,-789.0,-789.0,-1578.0
393,0,574.8333333333334,704.0,85,True,-704.0,-704.0,-1408.0
393,1,536.5,569.0,83,True,-569.0,-569.0,-1138.0
393,2,764.6666666666667,878.0,88,True,-878.0,-878.0,-1756.0
393,3,577.6666666666666,630.0,84,True,-630.0,-630.0,-1260.0
393,4,574.8333333333334,725.0,85,True,-725.0,-725.0,-1450.0
393,5,624.8333333333334,770.0,86,True,-770.0,-770.0,-1540.0
394,0,655.8333333333334,774.0,86,True,-774.0,-774.0,-1548.0
394,1,622.8333333333334,924.0,88,True,-924.0,-924.0,-1848.0
394,2,644.1666666666667,826.0,87,True,-826.0,-826.0,-1652.0
394,3,556.8333333333334,652.0,84,True,-652.0,-652.0,-1304.0
394,4,587.8333333333334,775.0,86,True,-775.0,-775.0,-1550.0
394,5,624.8333333333334,723.0,85,True,-723.0,-723.0,-1446.0
395,0,574.8333333333334,625.0,84,True,-625.0,-625.0,-1250.0
395,1,574.8333333333334,640.0,84,True,-640.0,-640.0,-1280.0
395,2,558.3333333333333,657.0,84,True,-657.0,-657.0,-1314.0
395,3,536.5,630.0,84,True,-630.0,-630.0,-1260.0
395,4,574.8333333333334,718.0,85,True,-718.0,-718.0,-1436.0
395,5,574.8333333333334,721.0,85,True,-721.0,-721.0,-1442.0
396,0,624.8333333333334,774.0,86,True,-774.0,-774.0,-1548.0
396,1,611.8333333333333,830.0,87,True,-830.0,-830.0,-1660.0
396,2,536.5,578.0,83,True,-578.0,-578.0,-1156.0
396,3,624.8333333333334,770.0,86,True,-770.0,-770.0,-1540.0
396,4,649.8333333333333,796.0,86,True,-796.0,-796.0,-1592.0
396,5,583.6666666666666,718.0,85,True,-718.0,-718.0,-1436.0
397,0,574.8333333333334,718.0,85,True,-718.0,-718.0,-1436.0
397,1,544.6666666666666,718.0,85,True,-718.0,-718.0,-1436.0
397,2,624.8333333333334,832.0,87,True,-832.0,-832.0,-1664.0
397,3,602.5,887.0,88,True,-887.0,-887.0,-1774.0
397,4,605.1666666666666,714.0,85,True,-714.0,-714.0,-1428.0
397,5,624.8333333333334,770.0,86,True,-770.0,-770.0,-1540.0
398,0,577.6666666666666,718.0,85,True,-718.0,-718.0,-1436.0
398,1,624.8333333333334,915.0,88,True,-915.0,-915.0,-1830.0
398,2,561.8333333333333,652.0,84,True,-652.0,-652.0,-1304.0
398,3,574.8333333333334,652.0,84,True,-652.0,-652.0,-1304.0
398,4,638.8333333333334,766.0,86,True,-766.0,-766.0,-1532.0
398,5,574.8333333333334,723.0,85,True,-723.0,-723.0,-1446.0
399,0,536.5,578.0,83,True,-578.0,-578.0,-1156.0
399,1,731.0,822.0,87,True,-822.0,-822.0,-1644.0
399,2,556.8333333333334,652.0,84,True,-652.0,-652.0,-1304.0
399,3,544.6666666666666,704.0,85,True,-704.0,-704.0,-1408.0
399,4,624.8333333333334,826.0,87,True,-826.0,-826.0,-1652.0
399,5,644.8333333333334,770.0,86,True,-770.0,-770.0,-1540.0
400,0,644.8333333333334,775.0,86,True,-775.0,-775.0,-1550.0
400,1,574.8333333333334,657.0,84,True,-657.0,-657.0,-1314.0
400,2,584.1666666666667,780.0,86,True,-780.0,-780.0,-1560.0
400,3,614.5,723.0,85,True,-723.0,-723.0,-1446.0
400,4,574.8333333333334,652.0,84,True,-652.0,-652.0,-1304.0
400,5,556.8333333333334,652.0,84,True,-652.0,-652.0,-1304.0
401,0,574.8333333333334,718.0,85,True,-718.0,-718.0,-1436.0
401,1,574.8333333333334,704.0,85,True,-704.0,-704.0,-1408.0
401,2,624.8333333333334,826.0,87,True,-826.0,-826.0,-1652.0
401,3,544.6666666666666,787.0,86,True,-787.0,-787.0,-1574.0
401,4,544.6666666666666,718.0,85,True,-718.0,-718.0,-1436.0
401,5,560.8333333333334,569.0,83,True,-569.0,-569.0,-1138.0
402,0,614.5,718.0,85,True,-718.0,-718.0,-1436.0
402,1,544.6666666666666,787.0,86,True,-787.0,-787.0,-1574.0
402,2,617.5,831.0,87,True,-831.0,-831.0,-1662.0
402,3,583.6666666666666,718.0,85,True,-718.0,-718.0,-1436.0
402,4,622.8333333333333,775.0,86,True,-775.0,-775.0,-1550.0
402,5,574.8333333333334,690.0,85,True,-690.0,-690.0,-1380.0
403,0,574.8333333333334,718.0,85,True,-718.0,-718.0,-1436.0
403,1,603.6666666666666,635.0,84,True,-635.0,-635.0,-1270.0
403,2,644.8333333333334,635.0,84,True,-635.0,-635.0,-1270.0
403,3,609.8333333333334,635.0,84,True,-635.0,-635.0,-1270.0
403,4,574.8333333333334,770.0,86,True,-770.0,-770.0,-1540.0
403,5,588.8333333333334,770.0,86,True,-770.0,-770.0,-1540.0
404,0,624.8333333333334,853.0,87,True,-853.0,-853.0,-1706.0
404,1,574.8333333333334,635.0,84,True,-635.0,-635.0,-1270.0
404,2,588.8333333333334,770.0,86,True,-770.0,-770.0,-1540.0
404,3,574.8333333333334,652.0,84,True,-652.0,-652.0,-1304.0
404,4,659.8333333333333,829.0,87,True,-829.0,-829.0,-1658.0
404,5,544.6666666666666,787.0,86,True,-787.0,-787.0,-1574.0
405,0,544.6666666666666,652.0,84,True,-652.0,-652.0,-1304.0
405,1,613.8333333333334,853.0,87,True,-853.0,-853.0,-1706.0
405,2,574.8333333333334,652.0,84,True,-652.0,-652.0,-1304.0
405,3,561.8333333333333,652.0,84,True,-652.0,-652.0,-1304.0
405,4,631.0,880.0,88,True,-880.0,-880.0,-1760.0
405,5,544.6666666666666,707.0,85,True,-707.0,-707.0,-1414.0
406,0,574.8333333333334,704.0,85,True,-704.0,-704.0,-1408.0
406,1,574.8333333333334,770.0,86,True,-770.0,-770.0,-1540.0
406,2,574.8333333333334,770.0,86,True,-770.0,-770.0,-1540.0
406,3,624.8333333333334,770.0,86,True,-770.0,-770.0,-1540.0
406,4,588.8333333333334,718.0,85,True,-718.0,-718.0,-1436.0
406,5,544.6666666666666,704.0,85,True,-704.0,-704.0,-1408.0
407,0,624.8333333333334,779.0,86,True,-779.0,-779.0,-1558.0
407,1,614.5,718.0,85,True,-718.0,-718.0,-1436.0
407,2,624.8333333333334,853.0,87,True,-853.0,-853.0,-1706.0
407,3,659.8333333333333,829.0,87,True,-829.0,-829.0,-1658.0
407,4,624.8333333333334,770.0,86,True,-770.0,-770.0,-1540.0
407,5,574.8333333333334,708.0,85,True,-708.0,-708.0,-1416.0
408,0,638.8333333333334,770.0,86,True,-770.0,-770.0,-1540.0
408,1,574.8333333333334,718.0,84,True,-718.0,-718.0,-1436.0
408,2,624.8333333333334,826.0,87,True,-826.0,-826.0,-1652.0
408,3,659.8333333333333,829.0,87,True,-829.0,-829.0,-1658.0
408,4,624.8333333333334,853.0,86,True,-853.0,-853.0,-1706.0
408,5,574.8333333333334,718.0,85,True,-718.0,-718.0,-1436.0
409,0,574.8333333333334,710.0,85,True,-710.0,-710.0,-1420.0
409,1,613.8333333333334,853.0,86,True,-853.0,-853.0,-1706.0
409,2,612.6666666666666,718.0,84,True,-718.0,-718.0,-1436.0
409,3,574.8333333333334,770.0,85,True,-770.0,-770.0,-1540.0
409,4,556.8333333333334,635.0,84,True,-635.0,-635.0,-1270.0
409,5,614.5,718.0,84,True,-718.0,-718.0,-1436.0
410,0,644.8333333333334,887.0,87,True,-887.0,-887.0,-1774.0
410,1,574.8333333333334,924.0,87,True,-924.0,-924.0,-1848.0
410,2,655.8333333333334,943.0,88,True,-943.0,-943.0,-1886.0
410,3,622.8333333333333,891.0,87,True,-891.0,-891.0,-1782.0
410,4,655.8333333333334,1026.0,89,True,-1026.0,-1026.0,-2052.0
410,5,622.8333333333333,778.0,85,True,-778.0,-778.0,-1556.0
411,0,614.5,908.0,88,True,-908.0,-908.0,-1816.0
411,1,573.1666666666666,789.0,85,True,-789.0,-789.0,-1578.0
411,2,574.8333333333334,789.0,86,True,-789.0,-789.0,-1578.0
411,3,643.8333333333333,1049.0,89,True,-1049.0,-1049.0,-2098.0
411,4,614.5,845.0,86,True,-845.0,-845.0,-1690.0
411,5,567.8333333333334,666.0,84,True,-666.0,-666.0,-1332.0
412,0,644.8333333333334,840.0,87,True,-840.0,-840.0,-1680.0
412,1,678.5,790.0,86,True,-790.0,-790.0,-1580.0
412,2,622.8333333333333,839.0,86,True,-839.0,-839.0,-1678.0
412,3,678.5,847.0,87,True,-847.0,-847.0,-1694.0
412,4,649.8333333333333,850.0,87,True,-850.0,-850.0,-1700.0
412,5,702.8333333333334,1050.0,90,True,-1050.0,-1050.0,-2100.0
413,0,660.8333333333333,845.0,86,True,-845.0,-845.0,-1690.0
413,1,615.1666666666666,924.0,87,True,-924.0,-924.0,-1848.0
413,2,603.6666666666666,796.0,85,True,-796.0,-796.0,-1592.0
413,3,616.1666666666667,891.0,87,True,-891.0,-891.0,-1782.0
413,4,717.3333333333333,1066.0,90,True,-1066.0,-1066.0,-2132.0
413,5,638.8333333333334,1005.0,90,True,-1005.0,-1005.0,-2010.0
414,0,654.8333333333333,1040.0,90,True,-1040.0,-1040.0,-2080.0
414,1,732.8333333333334,1057.0,90,True,-1057.0,-1057.0,-2114.0
414,2,655.6666666666666,986.0,89,True,-986.0,-986.0,-1972.0
414,3,549.0,822.0,87,True,-822.0,-822.0,-1644.0
414,4,643.5,798.0,86,True,-798.0,-798.0,-1596.0
414,5,634.6666666666666,1048.0,90,True,-1048.0,-1048.0,-2096.0
415,0,638.6666666666667,970.0,88,True,-970.0,-970.0,-1940.0
415,1,633.8333333333334,1043.0,88,True,-1043.0,-1043.0,-2086.0
415,2,644.8333333333334,986.0,88,True,-986.0,-986.0,-1972.0
415,3,644.6666666666666,1049.0,90,True,-1049.0,-1049.0,-2098.0
415,4,644.8333333333334,988.0,88,True,-988.0,-988.0,-1976.0
415,5,611.8333333333333,970.0,87,True,-970.0,-970.0,-1940.0
416,0,633.8333333333334,970.0,88,True,-970.0,-970.0,-1940.0
416,1,592.6666666666666,732.0,85,True,-732.0,-732.0,-1464.0
416,2,587.8333333333334,988.0,87,True,-988.0,-988.0,-1976.0
416,3,655.8333333333334,1026.0,89,True,-1026.0,-1026.0,-2052.0
416,4,574.8333333333334,839.0,87,True,-839.0,-839.0,-1678.0
416,5,644.8333333333334,988.0,87,True,-988.0,-988.0,-1976.0
417,0,614.5,835.0,87,True,-835.0,-835.0,-1670.0
417,1,633.8333333333334,924.0,86,True,-924.0,-924.0,-1848.0
417,2,655.8333333333334,980.0,89,True,-980.0,-980.0,-1960.0
417,3,698.8333333333333,908.0,87,True,-908.0,-908.0,-1816.0
417,4,655.8333333333334,1043.0,89,True,-1043.0,-1043.0,-2086.0
417,5,644.8333333333334,897.0,88,True,-897.0,-897.0,-1794.0
418,0,578.8333333333334,891.0,88,True,-891.0,-891.0,-1782.0
418,1,599.8333333333333,1043.0,90,True,-1043.0,-1043.0,-2086.0
418,2,644.8333333333334,835.0,87,True,-835.0,-835.0,-1670.0
418,3,672.1666666666667,1114.0,90,True,-1114.0,-1114.0,-2228.0
418,4,633.8333333333334,991.0,89,True,-991.0,-991.0,-1982.0
418,5,574.8333333333334,988.0,88,True,-988.0,-988.0,-1976.0
419,0,633.8333333333334,977.0,87,True,-977.0,-977.0,-1954.0
419,1,614.1666666666666,909.0,88,True,-909.0,-909.0,-1818.0
419,2,614.5,1026.0,90,True,-1026.0,-1026.0,-2052.0
419,3,704.8333333333333,1066.0,89,True,-1066.0,-1066.0,-2132.0
419,4,611.8333333333333,979.0,89,True,-979.0,-979.0,-1958.0
419,5,599.8333333333333,979.0,89,True,-979.0,-979.0,-1958.0
420,0,614.5,891.0,87,True,-891.0,-891.0,-1782.0
420,1,633.8333333333334,970.0,89,True,-970.0,-970.0,-1940.0
420,2,633.8333333333334,977.0,88,True,-977.0,-977.0,-1954.0
420,3,633.8333333333334,887.0,87,True,-887.0,-887.0,-1774.0
420,4,638.8333333333334,900.0,87,True,-900.0,-900.0,-1800.0
420,5,616.1666666666667,886.0,88,True,-886.0,-886.0,-1772.0
421,0,752.3333333333333,1065.0,91,True,-1065.0,-1065.0,-2130.0
421,1,644.8333333333334,985.0,89,True,-985.0,-985.0,-1970.0
421,2,615.1666666666666,896.0,88,True,-896.0,-896.0,-1792.0
421,3,655.8333333333334,1026.0,90,True,-1026.0,-1026.0,-2052.0
421,4,644.8333333333334,891.0,88,True,-891.0,-891.0,-1782.0
421,5,576.1666666666666,834.0,87,True,-834.0,-834.0,-1668.0
422,0,584.1666666666667,891.0,88,True,-891.0,-891.0,-1782.0
422,1,644.8333333333334,943.0,89,True,-943.0,-943.0,-1886.0
422,2,614.5,1026.0,90,True,-1026.0,-1026.0,-2052.0
422,3,644.1666666666667,948.0,89,True,-948.0,-948.0,-1896.0
422,4,644.8333333333334,913.0,88,True,-913.0,-913.0,-1826.0
422,5,614.5,886.0,88,True,-886.0,-886.0,-1772.0
423,0,614.5,840.0,87,True,-840.0,-840.0,-1680.0
423,1,696.3333333333333,932.0,88,True,-932.0,-932.0,-1864.0
423,2,644.8333333333334,897.0,88,True,-897.0,-897.0,-1794.0
423,3,614.5,840.0,87,True,-840.0,-840.0,-1680.0
423,4,738.0,1073.0,91,True,-1073.0,-1073.0,-2146.0
423,5,614.5,840.0,87,True,-840.0,-840.0,-1680.0
424,0,632.8333333333333,893.0,87,True,-893.0,-893.0,-1786.0
424,1,614.5,840.0,86,True,-840.0,-840.0,-1680.0
424,2,567.8333333333334,774.0,85,True,-774.0,-774.0,-1548.0
424,3,644.1666666666667,1026.0,89,True,-1026.0,-1026.0,-2052.0
424,4,752.3333333333333,1134.0,92,True,-1134.0,-1134.0,-2268.0
424,5,655.8333333333334,980.0,88,True,-980.0,-980.0,-1960.0
425,0,699.0,1014.0,90,True,-1014.0,-1014.0,-2028.0
425,1,600.8333333333333,830.0,86,True,-830.0,-830.0,-1660.0
425,2,752.3333333333333,1129.0,92,True,-1129.0,-1129.0,-2258.0
425,3,738.0,1087.0,91,True,-1087.0,-1087.0,-2174.0
425,4,655.8333333333334,980.0,88,True,-980.0,-980.0,-1960.0
425,5,732.8333333333334,1050.0,89,True,-1050.0,-1050.0,-2100.0
426,0,614.5,788.0,85,True,-788.0,-788.0,-1576.0
426,1,814.0,1030.0,89,True,-1030.0,-1030.0,-2060.0
426,2,655.8333333333334,980.0,88,True,-980.0,-980.0,-1960.0
426,3,655.8333333333334,980.0,88,True,-980.0,-980.0,-1960.0
426,4,665.6666666666667,970.0,89,True,-970.0,-970.0,-1940.0
426,5,614.5,943.0,88,True,-943.0,-943.0,-1886.0
427,0,633.8333333333334,891.0,87,True,-891.0,-891.0,-1782.0
427,1,614.5,980.0,88,True,-980.0,-980.0,-1960.0
427,2,752.3333333333333,1147.0,92,True,-1147.0,-1147.0,-2294.0
427,3,688.3333333333333,1023.0,90,True,-1023.0,-1023.0,-2046.0
427,4,732.8333333333334,1114.0,90,True,-1114.0,-1114.0,-2228.0
427,5,622.8333333333333,834.0,86,True,-834.0,-834.0,-1668.0
428,0,655.8333333333334,1114.0,90,True,-1114.0,-1114.0,-2228.0
428,1,655.8333333333334,980.0,88,True,-980.0,-980.0,-1960.0
428,2,614.5,840.0,86,True,-840.0,-840.0,-1680.0
428,3,655.8333333333334,988.0,87,True,-988.0,-988.0,-1976.0
428,4,655.8333333333334,1026.0,89,True,-1026.0,-1026.0,-2052.0
428,5,644.8333333333334,988.0,88,True,-988.0,-988.0,-1976.0
429,0,569.1666666666666,778.0,85,True,-778.0,-778.0,-1556.0
429,1,644.1666666666667,985.0,88,True,-985.0,-985.0,-1970.0
429,2,616.1666666666667,886.0,87,True,-886.0,-886.0,-1772.0
429,3,644.8333333333334,943.0,88,True,-943.0,-943.0,-1886.0
429,4,614.5,886.0,87,True,-886.0,-886.0,-1772.0
429,5,752.3333333333333,1065.0,91,True,-1065.0,-1065.0,-2130.0
430,0,616.1666666666667,891.0,87,True,-891.0,-891.0,-1782.0
430,1,615.6666666666666,924.0,87,True,-924.0,-924.0,-1848.0
430,2,752.3333333333333,1129.0,92,True,-1129.0,-1129.0,-2258.0
430,3,622.8333333333333,834.0,86,True,-834.0,-834.0,-1668.0
430,4,655.8333333333334,980.0,88,True,-980.0,-980.0,-1960.0
430,5,655.8333333333334,980.0,88,True,-980.0,-980.0,-1960.0
431,0,614.5,788.0,85,True,-788.0,-788.0,-1576.0
431,1,752.3333333333333,1065.0,90,True,-1065.0,-1065.0,-2130.0
431,2,622.8333333333333,891.0,87,True,-891.0,-891.0,-1782.0
431,3,644.1666666666667,891.0,87,True,-891.0,-891.0,-1782.0
431,4,655.8333333333334,980.0,88,True,-980.0,-980.0,-1960.0
431,5,644.8333333333334,891.0,87,True,-891.0,-891.0,-1782.0
432,0,644.1666666666667,1099.0,89,True,-1099.0,-1099.0,-2198.0
432,1,644.8333333333334,897.0,87,True,-897.0,-897.0,-1794.0
432,2,644.8333333333334,897.0,87,True,-897.0,-897.0,-1794.0
432,3,644.1666666666667,891.0,87,True,-891.0,-891.0,-1782.0
432,4,732.8333333333334,1050.0,89,True,-1050.0,-1050.0,-2100.0
432,5,644.8333333333334,897.0,87,True,-897.0,-897.0,-1794.0
433,0,644.8333333333334,831.0,86,True,-831.0,-831.0,-1662.0
433,1,622.8333333333333,891.0,87,True,-891.0,-891.0,-1782.0
433,2,688.3333333333333,1023.0,90,True,-1023.0,-1023.0,-2046.0
433,3,624.8333333333334,845.0,85,True,-845.0,-845.0,-1690.0
433,4,660.8333333333333,845.0,85,True,-845.0,-845.0,-1690.0
433,5,624.8333333333334,845.0,86,True,-845.0,-845.0,-1690.0
434,0,616.1666666666667,965.0,88,True,-965.0,-965.0,-1930.0
434,1,600.8333333333333,913.0,87,True,-913.0,-913.0,-1826.0
434,2,658.6666666666666,988.0,87,True,-988.0,-988.0,-1976.0
434,3,622.8333333333333,835.0,86,True,-835.0,-835.0,-1670.0
434,4,649.8333333333333,977.0,87,True,-977.0,-977.0,-1954.0
434,5,613.1666666666666,887.0,86,True,-887.0,-887.0,-1774.0
435,0,629.6666666666666,765.0,84,True,-765.0,-765.0,-1530.0
435,1,736.6666666666666,1078.0,88,True,-1078.0,-1078.0,-2156.0
435,2,736.6666666666666,1148.0,89,True,-1148.0,-1148.0,-2296.0
435,3,723.5,1091.0,90,True,-1091.0,-1091.0,-2182.0
435,4,631.0,1059.0,90,True,-1059.0,-1059.0,-2118.0
435,5,603.8333333333333,831.0,85,True,-831.0,-831.0,-1662.0
436,0,716.6666666666666,1153.0,90,True,-1153.0,-1153.0,-2306.0
436,1,688.5,1021.0,89,True,-1021.0,-1021.0,-2042.0
436,2,631.0,778.0,86,True,-778.0,-778.0,-1556.0
436,3,638.8333333333334,831.0,86,True,-831.0,-831.0,-1662.0
436,4,705.3333333333334,1138.0,92,True,-1138.0,-1138.0,-2276.0
436,5,723.5,1148.0,90,True,-1148.0,-1148.0,-2296.0
437,0,723.5,1091.0,90,True,-1091.0,-1091.0,-2182.0
437,1,730.0,1147.0,90,True,-1147.0,-1147.0,-2294.0
437,2,688.5,1021.0,89,True,-1021.0,-1021.0,-2042.0
437,3,671.3333333333333,1021.0,88,True,-1021.0,-1021.0,-2042.0
437,4,681.6666666666666,1078.0,89,True,-1078.0,-1078.0,-2156.0
437,5,708.3333333333333,1091.0,90,True,-1091.0,-1091.0,-2182.0
438,0,688.5,957.0,87,True,-957.0,-957.0,-1914.0
438,1,574.8333333333334,804.0,85,True,-804.0,-804.0,-1608.0
438,2,574.8333333333334,899.0,88,True,-899.0,-899.0,-1798.0
438,3,688.5,893.0,87,True,-893.0,-893.0,-1786.0
438,4,644.8333333333333,1066.0,90,True,-1066.0,-1066.0,-2132.0
438,5,723.5,1148.0,89,True,-1148.0,-1148.0,-2296.0
439,0,638.8333333333334,831.0,86,True,-831.0,-831.0,-1662.0
439,1,690.0,1032.0,89,True,-1032.0,-1032.0,-2064.0
439,2,655.8333333333334,929.0,88,True,-929.0,-929.0,-1858.0
439,3,655.8333333333334,896.0,88,True,-896.0,-896.0,-1792.0
439,4,665.5,957.0,88,True,-957.0,-957.0,-1914.0
439,5,644.8333333333334,904.0,88,True,-904.0,-904.0,-1808.0
440,0,638.8333333333334,831.0,86,True,-831.0,-831.0,-1662.0
440,1,723.5,1156.0,89,True,-1156.0,-1156.0,-2312.0
440,2,631.0,906.0,87,True,-906.0,-906.0,-1812.0
440,3,603.8333333333333,831.0,86,True,-831.0,-831.0,-1662.0
440,4,574.8333333333334,835.0,87,True,-835.0,-835.0,-1670.0
440,5,671.3333333333333,1021.0,89,True,-1021.0,-1021.0,-2042.0
441,0,644.8333333333334,852.0,87,True,-852.0,-852.0,-1704.0
441,1,688.5,1021.0,89,True,-1021.0,-1021.0,-2042.0
441,2,631.0,1010.0,89,True,-1010.0,-1010.0,-2020.0
441,3,755.8333333333334,1122.0,89,True,-1122.0,-1122.0,-2244.0
441,4,592.5,774.0,86,True,-774.0,-774.0,-1548.0
441,5,649.8333333333333,1029.0,88,True,-1029.0,-1029.0,-2058.0
442,0,638.8333333333334,886.0,86,True,-886.0,-886.0,-1772.0
442,1,574.8333333333334,773.0,85,True,-773.0,-773.0,-1546.0
442,2,644.8333333333334,988.0,87,True,-988.0,-988.0,-1976.0
442,3,577.8333333333333,971.0,86,True,-971.0,-971.0,-1942.0
442,4,704.8333333333333,1035.0,89,True,-1035.0,-1035.0,-2070.0
442,5,611.8333333333333,775.0,85,True,-775.0,-775.0,-1550.0
443,0,574.8333333333334,718.0,83,True,-718.0,-718.0,-1436.0
443,1,688.5,1021.0,89,True,-1021.0,-1021.0,-2042.0
443,2,574.8333333333334,707.0,85,True,-707.0,-707.0,-1414.0
443,3,600.8333333333333,718.0,84,True,-718.0,-718.0,-1436.0
443,4,655.8333333333334,1034.0,88,True,-1034.0,-1034.0,-2068.0
443,5,656.5,965.0,87,True,-965.0,-965.0,-1930.0
444,0,891.3333333333334,1203.0,93,True,-1203.0,-1203.0,-2406.0
444,1,574.8333333333334,853.0,85,True,-853.0,-853.0,-1706.0
444,2,579.5,838.0,86,True,-838.0,-838.0,-1676.0
444,3,549.0,652.0,83,True,-652.0,-652.0,-1304.0
444,4,633.8333333333334,904.0,88,True,-904.0,-904.0,-1808.0
444,5,609.8333333333334,773.0,84,True,-773.0,-773.0,-1546.0
445,0,603.8333333333333,708.0,84,True,-708.0,-708.0,-1416.0
445,1,686.8333333333333,844.0,86,True,-844.0,-844.0,-1688.0
445,2,621.8333333333333,830.0,85,True,-830.0,-830.0,-1660.0
445,3,610.8333333333333,690.0,84,True,-690.0,-690.0,-1380.0
445,4,644.8333333333334,718.0,83,True,-718.0,-718.0,-1436.0
445,5,664.6666666666666,906.0,86,True,-906.0,-906.0,-1812.0
446,0,688.5,1021.0,89,True,-1021.0,-1021.0,-2042.0
446,1,624.5,1094.0,91,True,-1094.0,-1094.0,-2188.0
446,2,629.6666666666666,625.0,82,True,-625.0,-625.0,-1250.0
446,3,680.6666666666666,1021.0,90,True,-1021.0,-1021.0,-2042.0
446,4,610.8333333333333,888.0,87,True,-888.0,-888.0,-1776.0
446,5,638.8333333333334,774.0,85,True,-774.0,-774.0,-1548.0
447,0,658.6666666666666,690.0,84,True,-690.0,-690.0,-1380.0
447,1,684.8333333333333,820.0,86,True,-820.0,-820.0,-1640.0
447,2,655.8333333333334,831.0,86,True,-831.0,-831.0,-1662.0
447,3,613.8333333333334,853.0,86,True,-853.0,-853.0,-1706.0
447,4,688.3333333333333,1078.0,91,True,-1078.0,-1078.0,-2156.0
447,5,705.3333333333334,1156.0,92,True,-1156.0,-1156.0,-2312.0
448,0,603.8333333333333,774.0,85,True,-774.0,-774.0,-1548.0
448,1,624.8333333333334,826.0,86,True,-826.0,-826.0,-1652.0
448,2,644.8333333333334,973.0,88,True,-973.0,-973.0,-1946.0
448,3,655.8333333333334,765.0,85,True,-765.0,-765.0,-1530.0
448,4,624.8333333333334,853.0,85,True,-853.0,-853.0,-1706.0
448,5,638.8333333333334,831.0,86,True,-831.0,-831.0,-1662.0
449,0,622.8333333333334,780.0,85,True,-780.0,-780.0,-1560.0
449,1,685.8333333333333,765.0,85,True,-765.0,-765.0,-1530.0
449,2,592.6666666666666,586.0,82,True,-586.0,-586.0,-1172.0
449,3,664.6666666666666,778.0,85,True,-778.0,-778.0,-1556.0
449,4,685.8333333333333,765.0,85,True,-765.0,-765.0,-1530.0
449,5,611.8333333333333,718.0,84,True,-718.0,-718.0,-1436.0
450,0,574.8333333333334,718.0,84,True,-718.0,-718.0,-1436.0
450,1,588.8333333333334,774.0,85,True,-774.0,-774.0,-1548.0
450,2,638.8333333333334,796.0,85,True,-796.0,-796.0,-1592.0
450,3,605.1666666666666,780.0,85,True,-780.0,-780.0,-1560.0
450,4,597.8333333333333,774.0,85,True,-774.0,-774.0,-1548.0
450,5,782.6666666666666,842.0,87,True,-842.0,-842.0,-1684.0
451,0,574.8333333333334,770.0,85,True,-770.0,-770.0,-1540.0
451,1,592.5,774.0,85,True,-774.0,-774.0,-1548.0
451,2,574.8333333333334,770.0,85,True,-770.0,-770.0,-1540.0
451,3,574.8333333333334,770.0,85,True,-770.0,-770.0,-1540.0
451,4,582.0,924.0,87,True,-924.0,-924.0,-1848.0
451,5,561.8333333333333,708.0,84,True,-708.0,-708.0,-1416.0
452,0,614.5,774.0,86,True,-774.0,-774.0,-1548.0
452,1,574.8333333333334,718.0,85,True,-718.0,-718.0,-1436.0
452,2,624.8333333333334,853.0,87,True,-853.0,-853.0,-1706.0
452,3,638.8333333333334,956.0,88,True,-956.0,-956.0,-1912.0
452,4,649.8333333333333,899.0,88,True,-899.0,-899.0,-1798.0
452,5,631.0,778.0,85,True,-778.0,-778.0,-1556.0
453,0,583.6666666666666,718.0,84,True,-718.0,-718.0,-1436.0
453,1,624.8333333333334,787.0,85,True,-787.0,-787.0,-1574.0
453,2,723.8333333333334,796.0,85,True,-796.0,-796.0,-1592.0
453,3,605.1666666666666,714.0,84,True,-714.0,-714.0,-1428.0
453,4,624.8333333333334,779.0,85,True,-779.0,-779.0,-1558.0
453,5,624.8333333333334,787.0,85,True,-787.0,-787.0,-1574.0
454,0,631.0,885.0,88,True,-885.0,-885.0,-1770.0
454,1,644.8333333333334,780.0,85,True,-780.0,-780.0,-1560.0
454,2,592.6666666666666,586.0,82,True,-586.0,-586.0,-1172.0
454,3,592.6666666666666,586.0,82,True,-586.0,-586.0,-1172.0
454,4,613.8333333333334,804.0,85,True,-804.0,-804.0,-1608.0
454,5,865.0,1096.0,91,True,-1096.0,-1096.0,-2192.0
455,0,624.8333333333334,774.0,85,True,-774.0,-774.0,-1548.0
455,1,660.8333333333333,735.0,84,True,-735.0,-735.0,-1470.0
455,2,583.6666666666666,722.0,84,True,-722.0,-722.0,-1444.0
455,3,659.8333333333333,829.0,86,True,-829.0,-829.0,-1658.0
455,4,644.8333333333334,924.0,87,True,-924.0,-924.0,-1848.0
455,5,638.8333333333334,774.0,85,True,-774.0,-774.0,-1548.0
456,0,794.5,1155.0,92,True,-1155.0,-1155.0,-2310.0
456,1,638.8333333333334,774.0,85,True,-774.0,-774.0,-1548.0
456,2,863.6666666666667,1022.0,90,True,-1022.0,-1022.0,-2044.0
456,3,574.8333333333334,718.0,84,True,-718.0,-718.0,-1436.0
456,4,723.8333333333334,926.0,86,True,-926.0,-926.0,-1852.0
456,5,569.1666666666666,801.0,85,True,-801.0,-801.0,-1602.0
457,0,649.8333333333333,1022.0,89,True,-1022.0,-1022.0,-2044.0
457,1,858.3333333333334,990.0,88,True,-990.0,-990.0,-1980.0
457,2,648.6666666666666,970.0,88,True,-970.0,-970.0,-1940.0
457,3,658.6666666666666,726.0,84,True,-726.0,-726.0,-1452.0
457,4,749.3333333333334,1025.0,90,True,-1025.0,-1025.0,-2050.0
457,5,544.6666666666666,787.0,84,True,-787.0,-787.0,-1574.0
458,0,574.8333333333334,853.0,85,True,-853.0,-853.0,-1706.0
458,1,644.1666666666667,909.0,86,True,-909.0,-909.0,-1818.0
458,2,556.8333333333334,635.0,83,True,-635.0,-635.0,-1270.0
458,3,631.0,865.0,88,True,-865.0,-865.0,-1730.0
458,4,624.8333333333334,723.0,84,True,-723.0,-723.0,-1446.0
458,5,574.8333333333334,718.0,84,True,-718.0,-718.0,-1436.0
459,0,633.8333333333334,858.0,85,True,-858.0,-858.0,-1716.0
459,1,624.8333333333334,853.0,85,True,-853.0,-853.0,-1706.0
459,2,638.8333333333334,843.0,86,True,-843.0,-843.0,-1686.0
459,3,672.8333333333334,952.0,89,True,-952.0,-952.0,-1904.0
459,4,643.8333333333334,770.0,85,True,-770.0,-770.0,-1540.0
459,5,672.8333333333334,798.0,86,True,-798.0,-798.0,-1596.0
460,0,579.5,774.0,85,True,-774.0,-774.0,-1548.0
460,1,624.8333333333334,853.0,85,True,-853.0,-853.0,-1706.0
460,2,569.1666666666666,904.0,87,True,-904.0,-904.0,-1808.0
460,3,624.5,930.0,88,True,-930.0,-930.0,-1860.0
460,4,658.8333333333333,872.0,87,True,-872.0,-872.0,-1744.0
460,5,577.6666666666666,779.0,85,True,-779.0,-779.0,-1558.0
461,0,579.5,774.0,85,True,-774.0,-774.0,-1548.0
461,1,626.6666666666666,1025.0,89,True,-1025.0,-1025.0,-2050.0
461,2,574.8333333333334,770.0,85,True,-770.0,-770.0,-1540.0
461,3,633.8333333333334,835.0,86,True,-835.0,-835.0,-1670.0
461,4,644.8333333333334,635.0,83,True,-635.0,-635.0,-1270.0
461,5,574.8333333333334,857.0,86,True,-857.0,-857.0,-1714.0
462,0,723.8333333333334,908.0,86,True,-908.0,-908.0,-1816.0
462,1,655.8333333333334,948.0,88,True,-948.0,-948.0,-1896.0
462,2,614.5,835.0,86,True,-835.0,-835.0,-1670.0
462,3,636.8333333333333,909.0,87,True,-909.0,-909.0,-1818.0
462,4,649.8333333333333,965.0,88,True,-965.0,-965.0,-1930.0
462,5,672.5,854.0,86,True,-854.0,-854.0,-1708.0
463,0,738.0,1082.0,91,True,-1082.0,-1082.0,-2164.0
463,1,557.0,718.0,84,True,-718.0,-718.0,-1436.0
463,2,574.8333333333334,794.0,85,True,-794.0,-794.0,-1588.0
463,3,613.8333333333334,718.0,84,True,-718.0,-718.0,-1436.0
463,4,633.8333333333334,918.0,87,True,-918.0,-918.0,-1836.0
463,5,599.8333333333333,1025.0,89,True,-1025.0,-1025.0,-2050.0
464,0,644.8333333333334,924.0,86,True,-924.0,-924.0,-1848.0
464,1,644.8333333333334,943.0,88,True,-943.0,-943.0,-1886.0
464,2,644.8333333333334,943.0,88,True,-943.0,-943.0,-1886.0
464,3,700.6666666666667,1065.0,91,True,-1065.0,-1065.0,-2130.0
464,4,633.8333333333334,904.0,87,True,-904.0,-904.0,-1808.0
464,5,644.1666666666667,909.0,86,True,-909.0,-909.0,-1818.0
465,0,678.5,790.0,84,True,-790.0,-790.0,-1580.0
465,1,633.8333333333334,840.0,86,True,-840.0,-840.0,-1680.0
465,2,644.8333333333334,970.0,87,True,-970.0,-970.0,-1940.0
465,3,582.0,887.0,87,True,-887.0,-887.0,-1774.0
465,4,752.3333333333333,1066.0,90,True,-1066.0,-1066.0,-2132.0
465,5,660.8333333333333,844.0,85,True,-844.0,-844.0,-1688.0
466,0,614.5,840.0,86,True,-840.0,-840.0,-1680.0
466,1,655.8333333333334,1016.0,89,True,-1016.0,-1016.0,-2032.0
466,2,644.8333333333334,970.0,88,True,-970.0,-970.0,-1940.0
466,3,574.8333333333334,718.0,84,True,-718.0,-718.0,-1436.0
466,4,644.8333333333334,909.0,87,True,-909.0,-909.0,-1818.0
466,5,648.0,909.0,87,True,-909.0,-909.0,-1818.0
467,0,644.8333333333334,977.0,88,True,-977.0,-977.0,-1954.0
467,1,644.8333333333334,988.0,88,True,-988.0,-988.0,-1976.0
467,2,689.0,1085.0,91,True,-1085.0,-1085.0,-2170.0
467,3,644.8333333333334,843.0,86,True,-843.0,-843.0,-1686.0
467,4,624.8333333333334,853.0,85,True,-853.0,-853.0,-1706.0
467,5,633.8333333333334,775.0,85,True,-775.0,-775.0,-1550.0
468,0,632.6666666666666,801.0,84,True,-801.0,-801.0,-1602.0
468,1,633.8333333333334,775.0,85,True,-775.0,-775.0,-1550.0
468,2,669.6666666666667,910.0,85,True,-910.0,-910.0,-1820.0
468,3,644.8333333333334,973.0,88,True,-973.0,-973.0,-1946.0
468,4,633.8333333333334,965.0,88,True,-965.0,-965.0,-1930.0
468,5,587.8333333333334,709.0,84,True,-709.0,-709.0,-1418.0
469,0,584.1666666666667,843.0,87,True,-843.0,-843.0,-1686.0
469,1,688.3333333333333,975.0,89,True,-975.0,-975.0,-1950.0
469,2,764.6666666666667,1160.0,92,True,-1160.0,-1160.0,-2320.0
469,3,624.8333333333334,774.0,85,True,-774.0,-774.0,-1548.0
469,4,549.0,822.0,86,True,-822.0,-822.0,-1644.0
469,5,842.0,1109.0,91,True,-1109.0,-1109.0,-2218.0
470,0,574.8333333333334,774.0,85,True,-774.0,-774.0,-1548.0
470,1,644.1666666666667,985.0,88,True,-985.0,-985.0,-1970.0
470,2,611.8333333333333,887.0,87,True,-887.0,-887.0,-1774.0
470,3,583.6666666666666,841.0,85,True,-841.0,-841.0,-1682.0
470,4,658.6666666666667,902.0,88,True,-902.0,-902.0,-1804.0
470,5,656.5,830.0,86,True,-830.0,-830.0,-1660.0
471,0,624.8333333333334,966.0,86,True,-966.0,-966.0,-1932.0
471,1,644.8333333333334,909.0,87,True,-909.0,-909.0,-1818.0
471,2,655.8333333333334,831.0,84,True,-831.0,-831.0,-1662.0
471,3,612.6666666666666,895.0,86,True,-895.0,-895.0,-1790.0
471,4,633.8333333333334,840.0,86,True,-840.0,-840.0,-1680.0
471,5,603.6666666666666,831.0,84,True,-831.0,-831.0,-1662.0
472,0,624.8333333333334,774.0,85,True,-774.0,-774.0,-1548.0
472,1,666.8333333333334,1029.0,89,True,-1029.0,-1029.0,-2058.0
472,2,666.8333333333334,1034.0,89,True,-1034.0,-1034.0,-2068.0
472,3,574.8333333333334,835.0,86,True,-835.0,-835.0,-1670.0
472,4,666.8333333333334,908.0,86,True,-908.0,-908.0,-1816.0
472,5,638.8333333333334,906.0,87,True,-906.0,-906.0,-1812.0
473,0,562.6666666666667,858.0,86,True,-858.0,-858.0,-1716.0
473,1,624.8333333333334,853.0,85,True,-853.0,-853.0,-1706.0
473,2,635.5,786.0,84,True,-786.0,-786.0,-1572.0
473,3,702.8333333333334,908.0,86,True,-908.0,-908.0,-1816.0
473,4,624.8333333333334,909.0,86,True,-909.0,-909.0,-1818.0
473,5,858.3333333333334,985.0,89,True,-985.0,-985.0,-1970.0
474,0,666.8333333333334,896.0,87,True,-896.0,-896.0,-1792.0
474,1,626.1666666666667,836.0,86,True,-836.0,-836.0,-1672.0
474,2,614.5,774.0,85,True,-774.0,-774.0,-1548.0
474,3,583.6666666666666,718.0,84,True,-718.0,-718.0,-1436.0
474,4,644.8333333333334,858.0,85,True,-858.0,-858.0,-1716.0
474,5,614.5,788.0,85,True,-788.0,-788.0,-1576.0
475,0,655.8333333333334,774.0,85,True,-774.0,-774.0,-1548.0
475,1,614.5,788.0,85,True,-788.0,-788.0,-1576.0
475,2,584.1666666666667,891.0,87,True,-891.0,-891.0,-1782.0
475,3,776.8333333333335,1189.0,93,True,-1189.0,-1189.0,-2378.0
475,4,629.6666666666666,779.0,83,True,-779.0,-779.0,-1558.0
475,5,545.8333333333334,652.0,82,True,-652.0,-652.0,-1304.0
476,0,672.1666666666667,1036.0,88,True,-1036.0,-1036.0,-2072.0
476,1,655.8333333333334,774.0,85,True,-774.0,-774.0,-1548.0
476,2,655.8333333333334,779.0,85,True,-779.0,-779.0,-1558.0
476,3,809.5,1011.0,90,True,-1011.0,-1011.0,-2022.0
476,4,678.3333333333333,940.0,88,True,-940.0,-940.0,-1880.0
476,5,609.8333333333334,775.0,84,True,-775.0,-775.0,-1550.0
477,0,688.5,1142.0,92,True,-1142.0,-1142.0,-2284.0
477,1,655.8333333333334,913.0,87,True,-913.0,-913.0,-1826.0
477,2,644.1666666666667,965.0,88,True,-965.0,-965.0,-1930.0
477,3,574.8333333333334,723.0,84,True,-723.0,-723.0,-1446.0
477,4,666.8333333333334,1114.0,90,True,-1114.0,-1114.0,-2228.0
477,5,611.8333333333333,858.0,86,True,-858.0,-858.0,-1716.0
478,0,655.8333333333334,1029.0,88,True,-1029.0,-1029.0,-2058.0
478,1,863.6666666666667,1040.0,90,True,-1040.0,-1040.0,-2080.0
478,2,723.8333333333334,1092.0,89,True,-1092.0,-1092.0,-2184.0
478,3,624.8333333333334,966.0,88,True,-966.0,-966.0,-1932.0
478,4,644.8333333333334,965.0,88,True,-965.0,-965.0,-1930.0
478,5,721.8333333333333,999.0,88,True,-999.0,-999.0,-1998.0
479,0,655.8333333333334,1084.0,90,True,-1084.0,-1084.0,-2168.0
479,1,630.3333333333333,975.0,88,True,-975.0,-975.0,-1950.0
479,2,635.3333333333333,786.0,84,True,-786.0,-786.0,-1572.0
479,3,644.8333333333334,897.0,87,True,-897.0,-897.0,-1794.0
479,4,603.8333333333333,909.0,87,True,-909.0,-909.0,-1818.0
479,5,644.1666666666667,943.0,88,True,-943.0,-943.0,-1886.0
480,0,649.8333333333333,891.0,87,True,-891.0,-891.0,-1782.0
480,1,678.5,1160.0,91,True,-1160.0,-1160.0,-2320.0
480,2,574.8333333333334,718.0,84,True,-718.0,-718.0,-1436.0
480,3,644.8333333333334,985.0,88,True,-985.0,-985.0,-1970.0
480,4,633.8333333333334,924.0,87,True,-924.0,-924.0,-1848.0
480,5,660.8333333333333,774.0,85,True,-774.0,-774.0,-1548.0
481,0,624.8333333333334,826.0,85,True,-826.0,-826.0,-1652.0
481,1,764.6666666666667,1131.0,92,True,-1131.0,-1131.0,-2262.0
481,2,638.8333333333334,774.0,85,True,-774.0,-774.0,-1548.0
481,3,692.8333333333333,964.0,88,True,-964.0,-964.0,-1928.0
481,4,624.8333333333334,853.0,85,True,-853.0,-853.0,-1706.0
481,5,638.8333333333334,774.0,85,True,-774.0,-774.0,-1548.0
482,0,696.3333333333333,1040.0,90,True,-1040.0,-1040.0,-2080.0
482,1,611.8333333333333,985.0,87,True,-985.0,-985.0,-1970.0
482,2,665.6666666666667,981.0,89,True,-981.0,-981.0,-1962.0
482,3,635.3333333333333,853.0,85,True,-853.0,-853.0,-1706.0
482,4,597.8333333333334,951.0,87,True,-951.0,-951.0,-1902.0
482,5,777.3333333333333,1122.0,90,True,-1122.0,-1122.0,-2244.0
483,0,655.8333333333334,840.0,86,True,-840.0,-840.0,-1680.0
483,1,764.6666666666667,970.0,89,True,-970.0,-970.0,-1940.0
483,2,658.6666666666666,956.0,88,True,-956.0,-956.0,-1912.0
483,3,658.6666666666666,775.0,85,True,-775.0,-775.0,-1550.0
483,4,643.8333333333334,843.0,85,True,-843.0,-843.0,-1686.0
483,5,665.8333333333333,834.0,86,True,-834.0,-834.0,-1668.0
484,0,603.6666666666666,899.0,86,True,-899.0,-899.0,-1798.0
484,1,877.6666666666667,984.0,88,True,-984.0,-984.0,-1968.0
484,2,707.8333333333334,1158.0,89,True,-1158.0,-1158.0,-2316.0
484,3,684.6666666666666,778.0,85,True,-778.0,-778.0,-1556.0
484,4,624.5,832.0,87,True,-832.0,-832.0,-1664.0
484,5,678.5,984.0,89,True,-984.0,-984.0,-1968.0
485,0,660.8333333333333,894.0,87,True,-894.0,-894.0,-1788.0
485,1,611.8333333333333,886.0,87,True,-886.0,-886.0,-1772.0
485,2,638.8333333333334,774.0,84,True,-774.0,-774.0,-1548.0
485,3,658.6666666666666,775.0,85,True,-775.0,-775.0,-1550.0
485,4,865.0,984.0,89,True,-984.0,-984.0,-1968.0
485,5,660.8333333333333,774.0,85,True,-774.0,-774.0,-1548.0
486,0,678.5,980.0,88,True,-980.0,-980.0,-1960.0
486,1,656.5,830.0,86,True,-830.0,-830.0,-1660.0
486,2,644.8333333333334,897.0,87,True,-897.0,-897.0,-1794.0
486,3,624.8333333333334,826.0,86,True,-826.0,-826.0,-1652.0
486,4,648.8333333333334,858.0,85,True,-858.0,-858.0,-1716.0
486,5,727.5000000000001,1067.0,91,True,-1067.0,-1067.0,-2134.0
487,0,730.0,1083.0,91,True,-1083.0,-1083.0,-2166.0
487,1,589.5,988.0,87,True,-988.0,-988.0,-1976.0
487,2,588.8333333333334,775.0,83,True,-775.0,-775.0,-1550.0
487,3,638.8333333333334,1154.0,91,True,-1154.0,-1154.0,-2308.0
487,4,660.8333333333333,1044.0,88,True,-1044.0,-1044.0,-2088.0
487,5,656.5,830.0,86,True,-830.0,-830.0,-1660.0
488,0,644.8333333333334,858.0,85,True,-858.0,-858.0,-1716.0
488,1,624.8333333333334,966.0,86,True,-966.0,-966.0,-1932.0
488,2,644.1666666666667,826.0,85,True,-826.0,-826.0,-1652.0
488,3,644.1666666666667,826.0,85,True,-826.0,-826.0,-1652.0
488,4,644.8333333333334,831.0,84,True,-831.0,-831.0,-1662.0
488,5,678.5,951.0,88,True,-951.0,-951.0,-1902.0
489,0,719.3333333333333,1226.0,92,True,-1226.0,-1226.0,-2452.0
489,1,655.8333333333334,924.0,87,True,-924.0,-924.0,-1848.0
489,2,648.0,909.0,87,True,-909.0,-909.0,-1818.0
489,3,624.5,1119.0,91,True,-1119.0,-1119.0,-2238.0
489,4,666.8333333333334,977.0,86,True,-977.0,-977.0,-1954.0
489,5,645.6666666666667,988.0,88,True,-988.0,-988.0,-1976.0
490,0,655.8333333333334,980.0,88,True,-980.0,-980.0,-1960.0
490,1,614.5,788.0,85,True,-788.0,-788.0,-1576.0
490,2,619.8333333333334,832.0,87,True,-832.0,-832.0,-1664.0
490,3,614.5,980.0,88,True,-980.0,-980.0,-1960.0
490,4,655.8333333333334,980.0,88,True,-980.0,-980.0,-1960.0
490,5,638.8333333333334,774.0,85,True,-774.0,-774.0,-1548.0
491,0,603.8333333333333,894.0,86,True,-894.0,-894.0,-1788.0
491,1,649.8333333333333,845.0,86,True,-845.0,-845.0,-1690.0
491,2,655.8333333333334,840.0,86,True,-840.0,-840.0,-1680.0
491,3,574.8333333333334,718.0,84,True,-718.0,-718.0,-1436.0
491,4,631.0,865.0,88,True,-865.0,-865.0,-1730.0
491,5,624.8333333333334,853.0,85,True,-853.0,-853.0,-1706.0
492,0,589.3333333333333,978.0,88,True,-978.0,-978.0,-1956.0
492,1,655.8333333333334,980.0,88,True,-980.0,-980.0,-1960.0
492,2,633.8333333333334,858.0,86,True,-858.0,-858.0,-1716.0
492,3,666.8333333333334,896.0,87,True,-896.0,-896.0,-1792.0
492,4,666.8333333333334,965.0,88,True,-965.0,-965.0,-1930.0
492,5,624.8333333333334,966.0,87,True,-966.0,-966.0,-1932.0
493,0,655.8333333333334,887.0,86,True,-887.0,-887.0,-1774.0
493,1,587.8333333333334,775.0,84,True,-775.0,-775.0,-1550.0
493,2,644.8333333333334,960.0,88,True,-960.0,-960.0,-1920.0
493,3,632.6666666666666,761.0,83,True,-761.0,-761.0,-1522.0
493,4,641.3333333333333,1150.0,92,True,-1150.0,-1150.0,-2300.0
493,5,644.8333333333334,965.0,88,True,-965.0,-965.0,-1930.0
494,0,644.8333333333334,844.0,85,True,-844.0,-844.0,-1688.0
494,1,644.8333333333334,775.0,84,True,-775.0,-775.0,-1550.0
494,2,587.8333333333334,775.0,84,True,-775.0,-775.0,-1550.0
494,3,649.8333333333333,830.0,87,True,-830.0,-830.0,-1660.0
494,4,613.8333333333334,909.0,87,True,-909.0,-909.0,-1818.0
494,5,631.0,778.0,85,True,-778.0,-778.0,-1556.0
495,0,632.8333333333333,895.0,87,True,-895.0,-895.0,-1790.0
495,1,644.8333333333334,831.0,86,True,-831.0,-831.0,-1662.0
495,2,685.8333333333333,830.0,85,True,-830.0,-830.0,-1660.0
495,3,631.0,865.0,87,True,-865.0,-865.0,-1730.0
495,4,649.8333333333333,774.0,85,True,-774.0,-774.0,-1548.0
495,5,616.1666666666667,1011.0,89,True,-1011.0,-1011.0,-2022.0
496,0,638.8333333333334,774.0,85,True,-774.0,-774.0,-1548.0
496,1,638.8333333333334,774.0,85,True,-774.0,-774.0,-1548.0
496,2,632.6666666666666,718.0,83,True,-718.0,-718.0,-1436.0
496,3,633.8333333333334,858.0,86,True,-858.0,-858.0,-1716.0
496,4,661.3333333333333,967.0,88,True,-967.0,-967.0,-1934.0
496,5,622.8333333333333,965.0,88,True,-965.0,-965.0,-1930.0
497,0,631.0,778.0,85,True,-778.0,-778.0,-1556.0
497,1,638.8333333333334,774.0,85,True,-774.0,-774.0,-1548.0
497,2,672.1666666666667,1100.0,90,True,-1100.0,-1100.0,-2200.0
497,3,638.8333333333334,1011.0,89,True,-1011.0,-1011.0,-2022.0
497,4,699.8333333333333,914.0,87,True,-914.0,-914.0,-1828.0
497,5,638.8333333333334,774.0,84,True,-774.0,-774.0,-1548.0
498,0,643.5,774.0,85,True,-774.0,-774.0,-1548.0
498,1,638.8333333333334,774.0,85,True,-774.0,-774.0,-1548.0
498,2,612.6666666666666,718.0,84,True,-718.0,-718.0,-1436.0
498,3,633.8333333333334,834.0,86,True,-834.0,-834.0,-1668.0
498,4,633.8333333333334,775.0,85,True,-775.0,-775.0,-1550.0
498,5,644.1666666666667,826.0,86,True,-826.0,-826.0,-1652.0
499,0,739.5000000000001,1149.0,91,True,-1149.0,-1149.0,-2298.0
499,1,643.5,834.0,86,True,-834.0,-834.0,-1668.0
499,2,644.1666666666667,774.0,85,True,-774.0,-774.0,-1548.0
499,3,556.1666666666667,789.0,85,True,-789.0,-789.0,-1578.0
499,4,579.5,774.0,85,True,-774.0,-774.0,-1548.0
499,5,584.1666666666667,836.0,86,True,-836.0,-836.0,-1672.0
500,0,624.8333333333334,770.0,85,True,-770.0,-770.0,-1540.0
500,1,579.5,773.0,85,True,-773.0,-773.0,-1546.0
500,2,611.8333333333333,887.0,87,True,-887.0,-887.0,-1774.0
500,3,562.6666666666667,858.0,86,True,-858.0,-858.0,-1716.0
500,4,660.8333333333333,774.0,85,True,-774.0,-774.0,-1548.0
500,5,644.1666666666667,965.0,88,True,-965.0,-965.0,-1930.0
