global_episode,worker_id,makespan,cost,steps,done,upper_reward_sum,lower_reward_sum,total_reward_sum
1,0,3751.5000000000005,9277.0,342,True,-9277.0,-9277.0,-18554.0
1,1,3587.000000000001,8800.0,334,True,-8800.0,-8800.0,-17600.0
1,2,3860.3333333333335,12767.0,383,True,-12767.0,-12767.0,-25534.0
1,3,4875.833333333332,12542.0,378,True,-12542.0,-12542.0,-25084.0
2,0,3281.3333333333335,8795.0,331,True,-8795.0,-8795.0,-17590.0
2,1,3689.8333333333335,9439.0,345,True,-9439.0,-9439.0,-18878.0
2,2,4183.5,11570.0,370,True,-11570.0,-11570.0,-23140.0
2,3,3756.0000000000005,10345.0,352,True,-10345.0,-10345.0,-20690.0
3,0,4211.5,13856.0,402,True,-13856.0,-13856.0,-27712.0
3,1,4256.0,10979.0,360,True,-10979.0,-10979.0,-21958.0
3,2,4532.5,9598.0,342,True,-9598.0,-9598.0,-19196.0
3,3,3835.0000000000005,11015.0,361,True,-11015.0,-11015.0,-22030.0
4,0,3901.166666666667,10244.0,355,True,-10244.0,-10244.0,-20488.0
4,1,3586.8333333333335,9400.0,338,True,-9400.0,-9400.0,-18800.0
4,2,3711.8333333333335,10926.0,365,True,-10926.0,-10926.0,-21852.0
4,3,3807.333333333334,11215.0,370,True,-11215.0,-11215.0,-22430.0
5,0,3596.833333333334,9733.0,352,True,-9733.0,-9733.0,-19466.0
5,1,3595.666666666667,9767.0,353,True,-9767.0,-9767.0,-19534.0
5,2,3653.8333333333335,8899.0,341,True,-8899.0,-8899.0,-17798.0
5,3,3523.3333333333335,8176.0,323,True,-8176.0,-8176.0,-16352.0
6,0,4103.833333333334,9559.0,342,True,-9559.0,-9559.0,-19118.0
6,1,3750.5000000000005,10639.0,359,True,-10639.0,-10639.0,-21278.0
6,2,3433.5000000000005,10027.0,345,True,-10027.0,-10027.0,-20054.0
6,3,3313.3333333333335,8633.0,327,True,-8633.0,-8633.0,-17266.0
7,0,3496.5000000000005,10629.0,370,True,-10629.0,-10629.0,-21258.0
7,1,3506.8333333333335,10389.0,362,True,-10389.0,-10389.0,-20778.0
7,2,3575.5000000000005,9852.0,354,True,-9852.0,-9852.0,-19704.0
7,3,4333.333333333333,12242.0,381,True,-12242.0,-12242.0,-24484.0
8,0,3876.000000000001,10513.0,360,True,-10513.0,-10513.0,-21026.0
8,1,4627.833333333333,11725.0,379,True,-11725.0,-11725.0,-23450.0
8,2,4408.333333333334,10139.0,351,True,-10139.0,-10139.0,-20278.0
8,3,3036.166666666667,8540.0,337,True,-8540.0,-8540.0,-17080.0
9,0,4152.166666666667,11086.0,369,True,-11086.0,-11086.0,-22172.0
9,1,3407.6666666666665,9852.0,355,True,-9852.0,-9852.0,-19704.0
9,2,3755.1666666666674,9385.0,349,True,-9385.0,-9385.0,-18770.0
9,3,3399.6666666666665,8670.0,338,True,-8670.0,-8670.0,-17340.0
10,0,3805.833333333334,8864.0,345,True,-8864.0,-8864.0,-17728.0
10,1,3146.333333333333,9284.0,352,True,-9284.0,-9284.0,-18568.0
10,2,3098.0,6985.0,320,True,-6985.0,-6985.0,-13970.0
10,3,3166.6666666666665,6759.0,314,True,-6759.0,-6759.0,-13518.0
11,0,4106.5,9967.0,355,True,-9967.0,-9967.0,-19934.0
11,1,3945.5000000000005,9535.0,351,True,-9535.0,-9535.0,-19070.0
11,2,3335.333333333334,7218.0,321,True,-7218.0,-7218.0,-14436.0
11,3,3834.4999999999995,10720.0,363,True,-10720.0,-10720.0,-21440.0
12,0,3590.166666666667,8454.0,341,True,-8454.0,-8454.0,-16908.0
12,1,3812.8333333333335,9162.0,346,True,-9162.0,-9162.0,-18324.0
12,2,3928.1666666666665,9557.0,355,True,-9557.0,-9557.0,-19114.0
12,3,3615.1666666666665,9902.0,356,True,-9902.0,-9902.0,-19804.0
13,0,4144.5,9371.0,352,True,-9371.0,-9371.0,-18742.0
13,1,4336.666666666668,9531.0,353,True,-9531.0,-9531.0,-19062.0
13,2,4256.166666666667,11109.0,375,True,-11109.0,-11109.0,-22218.0
13,3,3567.3333333333335,8883.0,350,True,-8883.0,-8883.0,-17766.0
14,0,3553.166666666667,6546.0,311,True,-6546.0,-6546.0,-13092.0
14,1,3585.333333333333,10742.0,367,True,-10742.0,-10742.0,-21484.0
14,2,3370.0000000000005,8481.0,343,True,-8481.0,-8481.0,-16962.0
14,3,3635.666666666667,8706.0,345,True,-8706.0,-8706.0,-17412.0
15,0,3304.5,8449.0,342,True,-8449.0,-8449.0,-16898.0
15,1,3141.166666666667,7957.0,332,True,-7957.0,-7957.0,-15914.0
15,2,4214.333333333334,9414.0,352,True,-9414.0,-9414.0,-18828.0
15,3,3670.166666666667,9582.0,356,True,-9582.0,-9582.0,-19164.0
16,0,3669.1666666666674,8215.0,335,True,-8215.0,-8215.0,-16430.0
16,1,3396.166666666667,7038.0,321,True,-7038.0,-7038.0,-14076.0
16,2,3328.5,7844.0,329,True,-7844.0,-7844.0,-15688.0
16,3,3428.0000000000005,7496.0,324,True,-7496.0,-7496.0,-14992.0
17,0,3636.333333333334,8114.0,335,True,-8114.0,-8114.0,-16228.0
17,1,3335.0,8129.0,339,True,-8129.0,-8129.0,-16258.0
17,2,3607.9999999999995,8755.0,342,True,-8755.0,-8755.0,-17510.0
17,3,3814.833333333334,7786.0,328,True,-7786.0,-7786.0,-15572.0
18,0,3922.833333333334,8372.0,341,True,-8372.0,-8372.0,-16744.0
18,1,3199.6666666666665,6890.0,317,True,-6890.0,-6890.0,-13780.0
18,2,3324.8333333333335,7137.0,321,True,-7137.0,-7137.0,-14274.0
18,3,3642.5,8746.0,342,True,-8746.0,-8746.0,-17492.0
19,0,3253.0000000000005,8477.0,334,True,-8477.0,-8477.0,-16954.0
19,1,3337.1666666666674,6906.0,315,True,-6906.0,-6906.0,-13812.0
19,2,3953.500000000001,8075.0,331,True,-8075.0,-8075.0,-16150.0
19,3,3252.666666666667,7786.0,330,True,-7786.0,-7786.0,-15572.0
20,0,3710.1666666666674,6915.0,318,True,-6915.0,-6915.0,-13830.0
20,1,2592.5,5949.0,306,True,-5949.0,-5949.0,-11898.0
20,2,2998.8333333333335,7638.0,324,True,-7638.0,-7638.0,-15276.0
20,3,2792.833333333333,5496.0,299,True,-5496.0,-5496.0,-10992.0
21,0,2710.0,4728.0,293,True,-4728.0,-4728.0,-9456.0
21,1,3234.8333333333335,5556.0,299,True,-5556.0,-5556.0,-11112.0
21,2,2761.3333333333335,5459.0,295,True,-5459.0,-5459.0,-10918.0
21,3,3272.8333333333335,6420.0,316,True,-6420.0,-6420.0,-12840.0
22,0,3558.6666666666674,6666.0,314,True,-6666.0,-6666.0,-13332.0
22,1,3306.3333333333335,6035.0,305,True,-6035.0,-6035.0,-12070.0
22,2,2689.333333333333,4567.0,286,True,-4567.0,-4567.0,-9134.0
22,3,3087.3333333333335,5260.0,297,True,-5260.0,-5260.0,-10520.0
23,0,2658.666666666666,4188.0,284,True,-4188.0,-4188.0,-8376.0
23,1,2699.0,5425.0,304,True,-5425.0,-5425.0,-10850.0
23,2,2727.833333333333,5726.0,306,True,-5726.0,-5726.0,-11452.0
23,3,2962.5,4566.0,289,True,-4566.0,-4566.0,-9132.0
24,0,3206.166666666667,5605.0,298,True,-5605.0,-5605.0,-11210.0
24,1,3077.8333333333335,4538.0,286,True,-4538.0,-4538.0,-9076.0
24,2,3144.3333333333335,5595.0,299,True,-5595.0,-5595.0,-11190.0
24,3,3145.5,5603.0,304,True,-5603.0,-5603.0,-11206.0
25,0,3326.3333333333335,3860.0,280,True,-3860.0,-3860.0,-7720.0
25,1,2783.6666666666665,4969.0,295,True,-4969.0,-4969.0,-9938.0
25,2,2568.5000000000005,3663.0,276,True,-3663.0,-3663.0,-7326.0
25,3,2677.3333333333335,3217.0,271,True,-3217.0,-3217.0,-6434.0
26,0,2919.0000000000005,3508.0,278,True,-3508.0,-3508.0,-7016.0
26,1,2297.1666666666665,3059.0,272,True,-3059.0,-3059.0,-6118.0
26,2,2581.666666666667,3639.0,275,True,-3639.0,-3639.0,-7278.0
26,3,3123.333333333334,3886.0,274,True,-3886.0,-3886.0,-7772.0
27,0,2230.833333333333,3453.0,277,True,-3453.0,-3453.0,-6906.0
27,1,1782.1666666666665,3399.0,274,True,-3399.0,-3399.0,-6798.0
27,2,2196.0,3203.0,270,True,-3203.0,-3203.0,-6406.0
27,3,1850.166666666667,3389.0,275,True,-3389.0,-3389.0,-6778.0
28,0,2426.8333333333335,2616.0,266,True,-2616.0,-2616.0,-5232.0
28,1,2238.166666666667,3997.0,280,True,-3997.0,-3997.0,-7994.0
28,2,2196.6666666666665,3637.0,278,True,-3637.0,-3637.0,-7274.0
28,3,2122.5,3673.0,280,True,-3673.0,-3673.0,-7346.0
29,0,1911.1666666666665,2286.0,259,True,-2286.0,-2286.0,-4572.0
29,1,2094.666666666667,3284.0,270,True,-3284.0,-3284.0,-6568.0
29,2,2288.333333333333,2181.0,255,True,-2181.0,-2181.0,-4362.0
29,3,1920.6666666666667,3114.0,273,True,-3114.0,-3114.0,-6228.0
30,0,1938.4999999999998,2267.0,261,True,-2267.0,-2267.0,-4534.0
30,1,2254.5,2768.0,265,True,-2768.0,-2768.0,-5536.0
30,2,1733.1666666666665,2333.0,259,True,-2333.0,-2333.0,-4666.0
30,3,1944.1666666666665,2676.0,262,True,-2676.0,-2676.0,-5352.0
31,0,2258.6666666666665,2959.0,265,True,-2959.0,-2959.0,-5918.0
31,1,1716.3333333333333,2916.0,268,True,-2916.0,-2916.0,-5832.0
31,2,1816.1666666666665,2369.0,259,True,-2369.0,-2369.0,-4738.0
31,3,2014.6666666666667,2525.0,262,True,-2525.0,-2525.0,-5050.0
32,0,2229.333333333333,2725.0,265,True,-2725.0,-2725.0,-5450.0
32,1,2034.6666666666665,2570.0,264,True,-2570.0,-2570.0,-5140.0
32,2,2278.333333333333,2362.0,259,True,-2362.0,-2362.0,-4724.0
32,3,1758.1666666666665,2270.0,257,True,-2270.0,-2270.0,-4540.0
33,0,1743.1666666666665,2198.0,260,True,-2198.0,-2198.0,-4396.0
33,1,2369.0,2340.0,261,True,-2340.0,-2340.0,-4680.0
33,2,1798.1666666666665,1946.0,257,True,-1946.0,-1946.0,-3892.0
33,3,2089.333333333333,1744.0,253,True,-1744.0,-1744.0,-3488.0
34,0,2074.833333333333,2549.0,265,True,-2549.0,-2549.0,-5098.0
34,1,2221.666666666667,2461.0,263,True,-2461.0,-2461.0,-4922.0
34,2,2047.1666666666667,3166.0,272,True,-3166.0,-3166.0,-6332.0
34,3,1945.4999999999998,2203.0,261,True,-2203.0,-2203.0,-4406.0
35,0,2232.6666666666665,2846.0,270,True,-2846.0,-2846.0,-5692.0
35,1,1627.1666666666665,2114.0,257,True,-2114.0,-2114.0,-4228.0
35,2,1789.1666666666665,2171.0,259,True,-2171.0,-2171.0,-4342.0
35,3,2065.5,2455.0,264,True,-2455.0,-2455.0,-4910.0
36,0,2260.333333333333,2374.0,261,True,-2374.0,-2374.0,-4748.0
36,1,2154.166666666667,2442.0,263,True,-2442.0,-2442.0,-4884.0
36,2,1743.1666666666665,1820.0,254,True,-1820.0,-1820.0,-3640.0
36,3,2155.666666666667,2595.0,264,True,-2595.0,-2595.0,-5190.0
37,0,2540.6666666666665,2713.0,267,True,-2713.0,-2713.0,-5426.0
37,1,2053.5,2129.0,257,True,-2129.0,-2129.0,-4258.0
37,2,2034.3333333333333,3383.0,277,True,-3383.0,-3383.0,-6766.0
37,3,2474.6666666666665,3129.0,267,True,-3129.0,-3129.0,-6258.0
38,0,1803.1666666666665,2058.0,258,True,-2058.0,-2058.0,-4116.0
38,1,1973.1666666666665,2313.0,262,True,-2313.0,-2313.0,-4626.0
38,2,1724.1666666666665,2026.0,258,True,-2026.0,-2026.0,-4052.0
38,3,1758.1666666666665,2188.0,258,True,-2188.0,-2188.0,-4376.0
39,0,2011.6666666666667,2971.0,273,True,-2971.0,-2971.0,-5942.0
39,1,2256.833333333333,2698.0,268,True,-2698.0,-2698.0,-5396.0
39,2,2109.666666666667,3222.0,273,True,-3222.0,-3222.0,-6444.0
39,3,1668.0,1544.0,250,True,-1544.0,-1544.0,-3088.0
40,0,1695.1666666666665,2382.0,262,True,-2382.0,-2382.0,-4764.0
40,1,1987.3333333333333,2767.0,266,True,-2767.0,-2767.0,-5534.0
40,2,1768.0,2273.0,260,True,-2273.0,-2273.0,-4546.0
40,3,2039.3333333333335,2871.0,268,True,-2871.0,-2871.0,-5742.0
41,0,2227.333333333333,2539.0,263,True,-2539.0,-2539.0,-5078.0
41,1,1834.5,2273.0,260,True,-2273.0,-2273.0,-4546.0
41,2,1826.1666666666665,2480.0,264,True,-2480.0,-2480.0,-4960.0
41,3,1971.1666666666665,1587.0,252,True,-1587.0,-1587.0,-3174.0
42,0,1843.1666666666667,2062.0,259,True,-2062.0,-2062.0,-4124.0
42,1,1979.1666666666665,2255.0,259,True,-2255.0,-2255.0,-4510.0
42,2,1674.1666666666665,2279.0,259,True,-2279.0,-2279.0,-4558.0
42,3,1665.1666666666665,1984.0,259,True,-1984.0,-1984.0,-3968.0
43,0,2169.333333333333,2423.0,263,True,-2423.0,-2423.0,-4846.0
43,1,1611.1666666666665,1932.0,256,True,-1932.0,-1932.0,-3864.0
43,2,1855.1666666666665,2123.0,259,True,-2123.0,-2123.0,-4246.0
43,3,2317.333333333333,3365.0,274,True,-3365.0,-3365.0,-6730.0
44,0,2068.333333333333,2151.0,260,True,-2151.0,-2151.0,-4302.0
44,1,1875.3333333333333,2563.0,264,True,-2563.0,-2563.0,-5126.0
44,2,1630.1666666666665,2269.0,261,True,-2269.0,-2269.0,-4538.0
44,3,1822.3333333333333,2477.0,264,True,-2477.0,-2477.0,-4954.0
45,0,1681.0,2625.0,266,True,-2625.0,-2625.0,-5250.0
45,1,1630.1666666666665,2282.0,262,True,-2282.0,-2282.0,-4564.0
45,2,1688.1666666666665,1984.0,258,True,-1984.0,-1984.0,-3968.0
45,3,1931.1666666666665,2051.0,259,True,-2051.0,-2051.0,-4102.0
46,0,2044.3333333333335,2355.0,263,True,-2355.0,-2355.0,-4710.0
46,1,1906.1666666666665,3071.0,270,True,-3071.0,-3071.0,-6142.0
46,2,2010.3333333333333,1970.0,257,True,-1970.0,-1970.0,-3940.0
46,3,1588.3333333333333,2618.0,266,True,-2618.0,-2618.0,-5236.0
47,0,1770.1666666666665,1991.0,255,True,-1991.0,-1991.0,-3982.0
47,1,2262.3333333333335,2293.0,261,True,-2293.0,-2293.0,-4586.0
47,2,1818.3333333333333,2449.0,265,True,-2449.0,-2449.0,-4898.0
47,3,1754.1666666666665,2324.0,259,True,-2324.0,-2324.0,-4648.0
48,0,1645.5,2079.0,257,True,-2079.0,-2079.0,-4158.0
48,1,1927.3333333333335,2191.0,259,True,-2191.0,-2191.0,-4382.0
48,2,1752.1666666666665,2696.0,267,True,-2696.0,-2696.0,-5392.0
48,3,1604.1666666666665,2264.0,262,True,-2264.0,-2264.0,-4528.0
49,0,2077.1666666666665,2244.0,259,True,-2244.0,-2244.0,-4488.0
49,1,1584.5,1481.0,251,True,-1481.0,-1481.0,-2962.0
49,2,1658.0,1938.0,258,True,-1938.0,-1938.0,-3876.0
49,3,1722.0,2324.0,263,True,-2324.0,-2324.0,-4648.0
50,0,1965.3333333333333,2315.0,263,True,-2315.0,-2315.0,-4630.0
50,1,1710.1666666666665,2177.0,261,True,-2177.0,-2177.0,-4354.0
50,2,1622.0,2567.0,265,True,-2567.0,-2567.0,-5134.0
50,3,1779.1666666666665,1950.0,257,True,-1950.0,-1950.0,-3900.0
51,0,1682.0,2349.0,263,True,-2349.0,-2349.0,-4698.0
51,1,1690.1666666666665,2250.0,261,True,-2250.0,-2250.0,-4500.0
51,2,1801.1666666666665,1868.0,255,True,-1868.0,-1868.0,-3736.0
51,3,2084.5,2549.0,266,True,-2549.0,-2549.0,-5098.0
52,0,2053.166666666667,1726.0,254,True,-1726.0,-1726.0,-3452.0
52,1,1837.1666666666665,1716.0,253,True,-1716.0,-1716.0,-3432.0
52,2,1768.1666666666665,1795.0,255,True,-1795.0,-1795.0,-3590.0
52,3,2011.3333333333333,2041.0,258,True,-2041.0,-2041.0,-4082.0
53,0,1629.5,2202.0,261,True,-2202.0,-2202.0,-4404.0
53,1,1797.1666666666665,2144.0,259,True,-2144.0,-2144.0,-4288.0
53,2,1892.1666666666665,1954.0,257,True,-1954.0,-1954.0,-3908.0
53,3,1992.1666666666665,2660.0,268,True,-2660.0,-2660.0,-5320.0
54,0,1822.1666666666665,1678.0,254,True,-1678.0,-1678.0,-3356.0
54,1,1715.1666666666665,1962.0,257,True,-1962.0,-1962.0,-3924.0
54,2,2154.666666666667,2098.0,260,True,-2098.0,-2098.0,-4196.0
54,3,1794.1666666666665,1847.0,256,True,-1847.0,-1847.0,-3694.0
55,0,1775.1666666666665,1996.0,258,True,-1996.0,-1996.0,-3992.0
55,1,1680.1666666666665,2093.0,259,True,-2093.0,-2093.0,-4186.0
55,2,1823.1666666666665,1556.0,252,True,-1556.0,-1556.0,-3112.0
55,3,1774.1666666666665,1552.0,252,True,-1552.0,-1552.0,-3104.0
56,0,2185.1666666666665,2070.0,259,True,-2070.0,-2070.0,-4140.0
56,1,2030.3333333333335,2356.0,263,True,-2356.0,-2356.0,-4712.0
56,2,1933.1666666666665,1823.0,255,True,-1823.0,-1823.0,-3646.0
56,3,1727.1666666666665,1772.0,255,True,-1772.0,-1772.0,-3544.0
57,0,1769.1666666666665,1689.0,254,True,-1689.0,-1689.0,-3378.0
57,1,1898.1666666666665,1558.0,252,True,-1558.0,-1558.0,-3116.0
57,2,1831.1666666666665,2020.0,258,True,-2020.0,-2020.0,-4040.0
57,3,1746.1666666666665,2174.0,261,True,-2174.0,-2174.0,-4348.0
58,0,2144.6666666666665,2374.0,263,True,-2374.0,-2374.0,-4748.0
58,1,1690.1666666666665,1802.0,254,True,-1802.0,-1802.0,-3604.0
58,2,1773.1666666666665,1572.0,251,True,-1572.0,-1572.0,-3144.0
58,3,1708.1666666666665,2075.0,260,True,-2075.0,-2075.0,-4150.0
59,0,2301.333333333333,2092.0,259,True,-2092.0,-2092.0,-4184.0
59,1,2042.3333333333333,1593.0,253,True,-1593.0,-1593.0,-3186.0
59,2,1710.1666666666665,1891.0,257,True,-1891.0,-1891.0,-3782.0
59,3,1815.0,2414.0,264,True,-2414.0,-2414.0,-4828.0
60,0,1723.1666666666665,2102.0,259,True,-2102.0,-2102.0,-4204.0
60,1,1653.0,2143.0,260,True,-2143.0,-2143.0,-4286.0
60,2,1736.1666666666665,1938.0,256,True,-1938.0,-1938.0,-3876.0
60,3,1771.1666666666665,2007.0,258,True,-2007.0,-2007.0,-4014.0
61,0,1858.1666666666665,1776.0,255,True,-1776.0,-1776.0,-3552.0
61,1,1658.1666666666665,2309.0,261,True,-2309.0,-2309.0,-4618.0
61,2,1894.3333333333335,1808.0,255,True,-1808.0,-1808.0,-3616.0
61,3,1768.1666666666665,1740.0,254,True,-1740.0,-1740.0,-3480.0
62,0,2006.3333333333333,2239.0,261,True,-2239.0,-2239.0,-4478.0
62,1,1957.1666666666665,1958.0,257,True,-1958.0,-1958.0,-3916.0
62,2,1729.1666666666665,1572.0,253,True,-1572.0,-1572.0,-3144.0
62,3,1673.6666666666667,2854.0,270,True,-2854.0,-2854.0,-5708.0
63,0,1757.3333333333335,2315.0,263,True,-2315.0,-2315.0,-4630.0
63,1,2076.5,2036.0,258,True,-2036.0,-2036.0,-4072.0
63,2,1917.1666666666665,2134.0,259,True,-2134.0,-2134.0,-4268.0
63,3,1834.1666666666665,2421.0,264,True,-2421.0,-2421.0,-4842.0
64,0,1775.1666666666665,1731.0,254,True,-1731.0,-1731.0,-3462.0
64,1,1647.0,2231.0,261,True,-2231.0,-2231.0,-4462.0
64,2,1698.1666666666665,2179.0,260,True,-2179.0,-2179.0,-4358.0
64,3,1709.1666666666665,1932.0,258,True,-1932.0,-1932.0,-3864.0
65,0,1707.1666666666665,2094.0,260,True,-2094.0,-2094.0,-4188.0
65,1,1722.3333333333335,1789.0,254,True,-1789.0,-1789.0,-3578.0
65,2,1824.1666666666665,2048.0,258,True,-2048.0,-2048.0,-4096.0
65,3,1740.1666666666665,2219.0,261,True,-2219.0,-2219.0,-4438.0
66,0,1674.1666666666665,2224.0,261,True,-2224.0,-2224.0,-4448.0
66,1,2110.5,2796.0,270,True,-2796.0,-2796.0,-5592.0
66,2,2271.8333333333335,2498.0,265,True,-2498.0,-2498.0,-4996.0
66,3,1779.1666666666665,2395.0,264,True,-2395.0,-2395.0,-4790.0
67,0,1935.1666666666665,2241.0,262,True,-2241.0,-2241.0,-4482.0
67,1,1764.0,1622.0,251,True,-1622.0,-1622.0,-3244.0
67,2,1965.0,2338.0,263,True,-2338.0,-2338.0,-4676.0
67,3,2286.1666666666665,1813.0,256,True,-1813.0,-1813.0,-3626.0
68,0,1779.1666666666665,2854.0,269,True,-2854.0,-2854.0,-5708.0
68,1,1980.1666666666665,1444.0,250,True,-1444.0,-1444.0,-2888.0
68,2,1957.1666666666665,1744.0,255,True,-1744.0,-1744.0,-3488.0
68,3,1913.1666666666665,2202.0,261,True,-2202.0,-2202.0,-4404.0
69,0,1757.1666666666665,2278.0,261,True,-2278.0,-2278.0,-4556.0
69,1,1979.0,2308.0,262,True,-2308.0,-2308.0,-4616.0
69,2,1804.0,2249.0,261,True,-2249.0,-2249.0,-4498.0
69,3,1699.1666666666665,2455.0,264,True,-2455.0,-2455.0,-4910.0
70,0,1808.1666666666665,2061.0,260,True,-2061.0,-2061.0,-4122.0
70,1,2200.5,1820.0,255,True,-1820.0,-1820.0,-3640.0
70,2,1797.3333333333335,1940.0,258,True,-1940.0,-1940.0,-3880.0
70,3,1757.1666666666665,2101.0,260,True,-2101.0,-2101.0,-4202.0
71,0,1759.5,2072.0,260,True,-2072.0,-2072.0,-4144.0
71,1,1845.3333333333335,2303.0,263,True,-2303.0,-2303.0,-4606.0
71,2,1758.1666666666665,2079.0,259,True,-2079.0,-2079.0,-4158.0
71,3,1903.1666666666665,1762.0,253,True,-1762.0,-1762.0,-3524.0
72,0,1946.3333333333335,2029.0,259,True,-2029.0,-2029.0,-4058.0
72,1,1757.1666666666665,2118.0,259,True,-2118.0,-2118.0,-4236.0
72,2,1862.1666666666665,2465.0,264,True,-2465.0,-2465.0,-4930.0
72,3,1740.1666666666665,1830.0,255,True,-1830.0,-1830.0,-3660.0
73,0,1952.0,2163.0,260,True,-2163.0,-2163.0,-4326.0
73,1,2160.3333333333335,2538.0,266,True,-2538.0,-2538.0,-5076.0
73,2,1550.0,1892.0,256,True,-1892.0,-1892.0,-3784.0
73,3,1795.1666666666665,1971.0,257,True,-1971.0,-1971.0,-3942.0
74,0,1761.1666666666665,1985.0,258,True,-1985.0,-1985.0,-3970.0
74,1,1792.1666666666665,1686.0,252,True,-1686.0,-1686.0,-3372.0
74,2,1708.1666666666665,2066.0,257,True,-2066.0,-2066.0,-4132.0
74,3,1893.1666666666665,2036.0,257,True,-2036.0,-2036.0,-4072.0
75,0,1743.1666666666665,2075.0,257,True,-2075.0,-2075.0,-4150.0
75,1,1740.1666666666665,2224.0,259,True,-2224.0,-2224.0,-4448.0
75,2,1747.1666666666665,1628.0,252,True,-1628.0,-1628.0,-3256.0
75,3,2197.5,2388.0,264,True,-2388.0,-2388.0,-4776.0
76,0,1689.1666666666665,2447.0,264,True,-2447.0,-2447.0,-4894.0
76,1,2110.5,1439.0,249,True,-1439.0,-1439.0,-2878.0
76,2,2158.1666666666665,1727.0,255,True,-1727.0,-1727.0,-3454.0
76,3,1827.1666666666665,2316.0,261,True,-2316.0,-2316.0,-4632.0
77,0,1785.1666666666665,1329.0,249,True,-1329.0,-1329.0,-2658.0
77,1,1994.5,2182.0,260,True,-2182.0,-2182.0,-4364.0
77,2,2010.3333333333335,1997.0,259,True,-1997.0,-1997.0,-3994.0
77,3,1838.1666666666665,1917.0,257,True,-1917.0,-1917.0,-3834.0
78,0,1856.1666666666665,2295.0,262,True,-2295.0,-2295.0,-4590.0
78,1,2001.3333333333335,2862.0,270,True,-2862.0,-2862.0,-5724.0
78,2,1865.5,1829.0,257,True,-1829.0,-1829.0,-3658.0
78,3,2087.3333333333335,2497.0,266,True,-2497.0,-2497.0,-4994.0
79,0,1756.1666666666665,2166.0,261,True,-2166.0,-2166.0,-4332.0
79,1,2042.3333333333335,2207.0,261,True,-2207.0,-2207.0,-4414.0
79,2,1541.0,1862.0,256,True,-1862.0,-1862.0,-3724.0
79,3,1794.1666666666665,2229.0,261,True,-2229.0,-2229.0,-4458.0
80,0,1851.1666666666665,2594.0,266,True,-2594.0,-2594.0,-5188.0
80,1,1948.1666666666665,1909.0,257,True,-1909.0,-1909.0,-3818.0
80,2,1826.1666666666665,1621.0,253,True,-1621.0,-1621.0,-3242.0
80,3,1790.1666666666665,1521.0,251,True,-1521.0,-1521.0,-3042.0
81,0,2041.5,2828.0,270,True,-2828.0,-2828.0,-5656.0
81,1,1801.1666666666665,2156.0,260,True,-2156.0,-2156.0,-4312.0
81,2,1931.3333333333335,2380.0,263,True,-2380.0,-2380.0,-4760.0
81,3,1994.3333333333335,2138.0,260,True,-2138.0,-2138.0,-4276.0
82,0,1855.1666666666665,1859.0,256,True,-1859.0,-1859.0,-3718.0
82,1,1787.1666666666665,2038.0,259,True,-2038.0,-2038.0,-4076.0
82,2,1856.1666666666665,1743.0,255,True,-1743.0,-1743.0,-3486.0
82,3,1871.1666666666665,1700.0,254,True,-1700.0,-1700.0,-3400.0
83,0,1935.0,2245.0,262,True,-2245.0,-2245.0,-4490.0
83,1,2027.5,2221.0,261,True,-2221.0,-2221.0,-4442.0
83,2,1771.1666666666665,2055.0,260,True,-2055.0,-2055.0,-4110.0
83,3,2186.1666666666665,2147.0,259,True,-2147.0,-2147.0,-4294.0
84,0,1832.0,1486.0,250,True,-1486.0,-1486.0,-2972.0
84,1,1888.5,1511.0,250,True,-1511.0,-1511.0,-3022.0
84,2,1860.1666666666665,1936.0,256,True,-1936.0,-1936.0,-3872.0
84,3,1742.1666666666665,2103.0,260,True,-2103.0,-2103.0,-4206.0
85,0,1768.6666666666667,2238.0,261,True,-2238.0,-2238.0,-4476.0
85,1,1955.1666666666665,2026.0,258,True,-2026.0,-2026.0,-4052.0
85,2,1847.1666666666665,1755.0,255,True,-1755.0,-1755.0,-3510.0
85,3,1955.3333333333335,2664.0,268,True,-2664.0,-2664.0,-5328.0
86,0,1777.1666666666665,1820.0,256,True,-1820.0,-1820.0,-3640.0
86,1,1872.1666666666665,2153.0,259,True,-2153.0,-2153.0,-4306.0
86,2,2125.333333333333,2859.0,270,True,-2859.0,-2859.0,-5718.0
86,3,2129.5,1781.0,255,True,-1781.0,-1781.0,-3562.0
87,0,1961.1666666666665,1798.0,254,True,-1798.0,-1798.0,-3596.0
87,1,1890.0,1810.0,256,True,-1810.0,-1810.0,-3620.0
87,2,1811.1666666666665,1645.0,253,True,-1645.0,-1645.0,-3290.0
87,3,1710.0,2598.0,266,True,-2598.0,-2598.0,-5196.0
88,0,1724.1666666666665,1562.0,251,True,-1562.0,-1562.0,-3124.0
88,1,1951.1666666666665,1835.0,256,True,-1835.0,-1835.0,-3670.0
88,2,1873.1666666666665,2137.0,258,True,-2137.0,-2137.0,-4274.0
88,3,1739.1666666666665,1857.0,257,True,-1857.0,-1857.0,-3714.0
89,0,2048.1666666666665,2599.0,266,True,-2599.0,-2599.0,-5198.0
89,1,1775.0,2382.0,262,True,-2382.0,-2382.0,-4764.0
89,2,1921.1666666666665,2633.0,266,True,-2633.0,-2633.0,-5266.0
89,3,1994.1666666666665,2393.0,263,True,-2393.0,-2393.0,-4786.0
90,0,1992.3333333333335,1734.0,253,True,-1734.0,-1734.0,-3468.0
90,1,1676.0,2252.0,261,True,-2252.0,-2252.0,-4504.0
90,2,1812.0,2647.0,267,True,-2647.0,-2647.0,-5294.0
90,3,1903.1666666666665,1564.0,252,True,-1564.0,-1564.0,-3128.0
91,0,1892.0,2011.0,257,True,-2011.0,-2011.0,-4022.0
91,1,2274.666666666667,2155.0,259,True,-2155.0,-2155.0,-4310.0
91,2,1845.1666666666665,2143.0,260,True,-2143.0,-2143.0,-4286.0
91,3,1802.1666666666665,2218.0,260,True,-2218.0,-2218.0,-4436.0
92,0,1839.1666666666665,2227.0,258,True,-2227.0,-2227.0,-4454.0
92,1,2338.1666666666665,1982.0,257,True,-1982.0,-1982.0,-3964.0
92,2,1686.1666666666665,1515.0,250,True,-1515.0,-1515.0,-3030.0
92,3,1751.1666666666665,2021.0,257,True,-2021.0,-2021.0,-4042.0
93,0,1684.8333333333333,1795.0,253,True,-1795.0,-1795.0,-3590.0
93,1,1659.1666666666665,1865.0,256,True,-1865.0,-1865.0,-3730.0
93,2,1834.1666666666665,2087.0,259,True,-2087.0,-2087.0,-4174.0
93,3,1722.1666666666665,2079.0,258,True,-2079.0,-2079.0,-4158.0
94,0,1801.1666666666665,2245.0,260,True,-2245.0,-2245.0,-4490.0
94,1,1639.1666666666665,1940.0,257,True,-1940.0,-1940.0,-3880.0
94,2,1777.1666666666665,1756.0,254,True,-1756.0,-1756.0,-3512.0
94,3,1895.1666666666665,2581.0,266,True,-2581.0,-2581.0,-5162.0
95,0,1740.1666666666665,1558.0,252,True,-1558.0,-1558.0,-3116.0
95,1,1726.1666666666665,1678.0,254,True,-1678.0,-1678.0,-3356.0
95,2,1699.1666666666665,2042.0,258,True,-2042.0,-2042.0,-4084.0
95,3,1693.1666666666665,1512.0,251,True,-1512.0,-1512.0,-3024.0
96,0,1853.1666666666665,2409.0,263,True,-2409.0,-2409.0,-4818.0
96,1,1720.1666666666665,2087.0,259,True,-2087.0,-2087.0,-4174.0
96,2,1742.1666666666665,2057.0,259,True,-2057.0,-2057.0,-4114.0
96,3,1964.1666666666665,2477.0,264,True,-2477.0,-2477.0,-4954.0
97,0,1709.1666666666665,1869.0,256,True,-1869.0,-1869.0,-3738.0
97,1,1756.1666666666665,1567.0,252,True,-1567.0,-1567.0,-3134.0
97,2,1715.1666666666665,1984.0,258,True,-1984.0,-1984.0,-3968.0
97,3,1709.1666666666665,2184.0,260,True,-2184.0,-2184.0,-4368.0
98,0,1711.1666666666665,1805.0,255,True,-1805.0,-1805.0,-3610.0
98,1,1713.1666666666665,1792.0,255,True,-1792.0,-1792.0,-3584.0
98,2,1726.1666666666665,2011.0,258,True,-2011.0,-2011.0,-4022.0
98,3,1538.1666666666665,1580.0,252,True,-1580.0,-1580.0,-3160.0
99,0,1733.1666666666665,2005.0,258,True,-2005.0,-2005.0,-4010.0
99,1,1889.1666666666665,2524.0,266,True,-2524.0,-2524.0,-5048.0
99,2,1554.1666666666665,1905.0,256,True,-1905.0,-1905.0,-3810.0
99,3,2079.1666666666665,2780.0,269,True,-2780.0,-2780.0,-5560.0
100,0,1577.1666666666665,2152.0,260,True,-2152.0,-2152.0,-4304.0
100,1,1827.1666666666665,2453.0,264,True,-2453.0,-2453.0,-4906.0
100,2,1744.1666666666665,1736.0,254,True,-1736.0,-1736.0,-3472.0
100,3,1752.1666666666665,2115.0,259,True,-2115.0,-2115.0,-4230.0
101,0,1794.1666666666665,2238.0,261,True,-2238.0,-2238.0,-4476.0
101,1,1867.1666666666665,2754.0,269,True,-2754.0,-2754.0,-5508.0
101,2,1741.1666666666665,2135.0,260,True,-2135.0,-2135.0,-4270.0
101,3,1786.1666666666665,1514.0,251,True,-1514.0,-1514.0,-3028.0
102,0,1667.0,1537.0,252,True,-1537.0,-1537.0,-3074.0
102,1,1782.0,1850.0,256,True,-1850.0,-1850.0,-3700.0
102,2,1637.5,2015.0,258,True,-2015.0,-2015.0,-4030.0
102,3,1781.8333333333333,2059.0,259,True,-2059.0,-2059.0,-4118.0
103,0,1567.1666666666665,2150.0,260,True,-2150.0,-2150.0,-4300.0
103,1,1755.0,2219.0,261,True,-2219.0,-2219.0,-4438.0
103,2,1755.1666666666665,2330.0,263,True,-2330.0,-2330.0,-4660.0
103,3,1782.1666666666665,1627.0,252,True,-1627.0,-1627.0,-3254.0
104,0,1682.1666666666665,1876.0,256,True,-1876.0,-1876.0,-3752.0
104,1,1784.6666666666665,2798.0,269,True,-2798.0,-2798.0,-5596.0
104,2,1748.1666666666665,2934.0,271,True,-2934.0,-2934.0,-5868.0
104,3,1961.1666666666667,1944.0,257,True,-1944.0,-1944.0,-3888.0
105,0,1790.1666666666665,1811.0,255,True,-1811.0,-1811.0,-3622.0
105,1,1734.1666666666665,1919.0,257,True,-1919.0,-1919.0,-3838.0
105,2,1729.1666666666667,1859.0,255,True,-1859.0,-1859.0,-3718.0
105,3,1624.1666666666665,1868.0,256,True,-1868.0,-1868.0,-3736.0
106,0,1789.1666666666665,2500.0,266,True,-2500.0,-2500.0,-5000.0
106,1,1748.1666666666665,1755.0,255,True,-1755.0,-1755.0,-3510.0
106,2,1760.1666666666665,1570.0,251,True,-1570.0,-1570.0,-3140.0
106,3,1717.1666666666665,1495.0,251,True,-1495.0,-1495.0,-2990.0
107,0,1751.1666666666665,1850.0,256,True,-1850.0,-1850.0,-3700.0
107,1,1733.1666666666665,2468.0,263,True,-2468.0,-2468.0,-4936.0
107,2,1686.1666666666665,2070.0,259,True,-2070.0,-2070.0,-4140.0
107,3,1806.1666666666665,2699.0,267,True,-2699.0,-2699.0,-5398.0
108,0,1691.0,1551.0,252,True,-1551.0,-1551.0,-3102.0
108,1,2184.666666666667,2495.0,265,True,-2495.0,-2495.0,-4990.0
108,2,1768.1666666666665,1888.0,256,True,-1888.0,-1888.0,-3776.0
108,3,1668.1666666666665,1612.0,253,True,-1612.0,-1612.0,-3224.0
109,0,1753.1666666666665,1549.0,252,True,-1549.0,-1549.0,-3098.0
109,1,1821.1666666666665,2025.0,258,True,-2025.0,-2025.0,-4050.0
109,2,1725.1666666666665,2636.0,266,True,-2636.0,-2636.0,-5272.0
109,3,1853.1666666666665,2302.0,262,True,-2302.0,-2302.0,-4604.0
110,0,1759.1666666666665,1223.0,247,True,-1223.0,-1223.0,-2446.0
110,1,1570.1666666666665,1935.0,257,True,-1935.0,-1935.0,-3870.0
110,2,1686.1666666666665,1721.0,254,True,-1721.0,-1721.0,-3442.0
110,3,1813.1666666666665,1666.0,253,True,-1666.0,-1666.0,-3332.0
111,0,2282.333333333333,1914.0,255,True,-1914.0,-1914.0,-3828.0
111,1,1886.1666666666665,1993.0,256,True,-1993.0,-1993.0,-3986.0
111,2,1910.1666666666667,1650.0,252,True,-1650.0,-1650.0,-3300.0
111,3,1779.1666666666665,2077.0,258,True,-2077.0,-2077.0,-4154.0
112,0,1809.1666666666665,1348.0,249,True,-1348.0,-1348.0,-2696.0
112,1,1836.1666666666665,2241.0,260,True,-2241.0,-2241.0,-4482.0
112,2,1758.8333333333333,2073.0,258,True,-2073.0,-2073.0,-4146.0
112,3,1831.1666666666665,1688.0,252,True,-1688.0,-1688.0,-3376.0
113,0,1779.1666666666665,1513.0,251,True,-1513.0,-1513.0,-3026.0
113,1,1761.1666666666665,1487.0,250,True,-1487.0,-1487.0,-2974.0
113,2,1643.1666666666665,1812.0,255,True,-1812.0,-1812.0,-3624.0
113,3,1749.1666666666665,1814.0,254,True,-1814.0,-1814.0,-3628.0
114,0,1825.1666666666665,1994.0,258,True,-1994.0,-1994.0,-3988.0
114,1,1782.1666666666665,1510.0,251,True,-1510.0,-1510.0,-3020.0
114,2,1788.1666666666665,1602.0,251,True,-1602.0,-1602.0,-3204.0
114,3,1963.1666666666665,2578.0,266,True,-2578.0,-2578.0,-5156.0
115,0,1733.1666666666665,1950.0,258,True,-1950.0,-1950.0,-3900.0
115,1,1796.1666666666665,2180.0,260,True,-2180.0,-2180.0,-4360.0
115,2,1652.1666666666665,2435.0,264,True,-2435.0,-2435.0,-4870.0
115,3,1603.1666666666665,1749.0,254,True,-1749.0,-1749.0,-3498.0
116,0,1735.1666666666665,1829.0,255,True,-1829.0,-1829.0,-3658.0
116,1,1884.1666666666665,1625.0,252,True,-1625.0,-1625.0,-3250.0
116,2,1673.1666666666665,2004.0,258,True,-2004.0,-2004.0,-4008.0
116,3,1743.1666666666665,1720.0,253,True,-1720.0,-1720.0,-3440.0
117,0,1721.1666666666665,1963.0,257,True,-1963.0,-1963.0,-3926.0
117,1,1777.1666666666665,1791.0,255,True,-1791.0,-1791.0,-3582.0
117,2,1805.1666666666665,1984.0,257,True,-1984.0,-1984.0,-3968.0
117,3,1642.5,2345.0,262,True,-2345.0,-2345.0,-4690.0
118,0,1749.1666666666665,1688.0,254,True,-1688.0,-1688.0,-3376.0
118,1,1833.1666666666665,1718.0,254,True,-1718.0,-1718.0,-3436.0
118,2,1801.1666666666665,1948.0,257,True,-1948.0,-1948.0,-3896.0
118,3,1684.1666666666665,1589.0,251,True,-1589.0,-1589.0,-3178.0
119,0,1714.1666666666665,1814.0,255,True,-1814.0,-1814.0,-3628.0
119,1,1751.1666666666665,1759.0,254,True,-1759.0,-1759.0,-3518.0
119,2,1556.1666666666665,1710.0,254,True,-1710.0,-1710.0,-3420.0
119,3,1669.1666666666665,2177.0,260,True,-2177.0,-2177.0,-4354.0
120,0,1770.1666666666665,1686.0,254,True,-1686.0,-1686.0,-3372.0
120,1,1891.1666666666665,1798.0,255,True,-1798.0,-1798.0,-3596.0
120,2,1700.1666666666665,1494.0,251,True,-1494.0,-1494.0,-2988.0
120,3,2116.1666666666665,1626.0,253,True,-1626.0,-1626.0,-3252.0
121,0,1789.1666666666665,1676.0,254,True,-1676.0,-1676.0,-3352.0
121,1,1897.1666666666665,1949.0,256,True,-1949.0,-1949.0,-3898.0
121,2,1732.1666666666665,1670.0,253,True,-1670.0,-1670.0,-3340.0
121,3,1582.1666666666665,1718.0,254,True,-1718.0,-1718.0,-3436.0
122,0,2112.1666666666665,1888.0,255,True,-1888.0,-1888.0,-3776.0
122,1,1904.1666666666665,1740.0,254,True,-1740.0,-1740.0,-3480.0
122,2,2084.1666666666665,2352.0,263,True,-2352.0,-2352.0,-4704.0
122,3,1876.1666666666665,1832.0,256,True,-1832.0,-1832.0,-3664.0
123,0,1736.1666666666665,2373.0,263,True,-2373.0,-2373.0,-4746.0
123,1,1750.1666666666665,1715.0,254,True,-1715.0,-1715.0,-3430.0
123,2,1706.1666666666665,1569.0,252,True,-1569.0,-1569.0,-3138.0
123,3,1966.1666666666665,1949.0,257,True,-1949.0,-1949.0,-3898.0
124,0,1827.1666666666665,1865.0,255,True,-1865.0,-1865.0,-3730.0
124,1,2030.0,1688.0,252,True,-1688.0,-1688.0,-3376.0
124,2,2007.1666666666665,2091.0,258,True,-2091.0,-2091.0,-4182.0
124,3,1814.1666666666665,2519.0,264,True,-2519.0,-2519.0,-5038.0
125,0,1693.1666666666665,1438.0,250,True,-1438.0,-1438.0,-2876.0
125,1,1921.1666666666665,1737.0,254,True,-1737.0,-1737.0,-3474.0
125,2,1697.1666666666665,2174.0,260,True,-2174.0,-2174.0,-4348.0
125,3,1929.3333333333335,1379.0,249,True,-1379.0,-1379.0,-2758.0
126,0,1846.0,2081.0,259,True,-2081.0,-2081.0,-4162.0
126,1,1943.0,1689.0,253,True,-1689.0,-1689.0,-3378.0
126,2,1963.1666666666665,2163.0,260,True,-2163.0,-2163.0,-4326.0
126,3,1766.1666666666665,1627.0,253,True,-1627.0,-1627.0,-3254.0
127,0,1871.0,2011.0,257,True,-2011.0,-2011.0,-4022.0
127,1,1696.1666666666665,1655.0,253,True,-1655.0,-1655.0,-3310.0
127,2,1812.1666666666665,2150.0,260,True,-2150.0,-2150.0,-4300.0
127,3,1784.0,2125.0,259,True,-2125.0,-2125.0,-4250.0
128,0,1909.1666666666665,2249.0,260,True,-2249.0,-2249.0,-4498.0
128,1,1795.1666666666665,2159.0,260,True,-2159.0,-2159.0,-4318.0
128,2,1974.1666666666665,1756.0,253,True,-1756.0,-1756.0,-3512.0
128,3,1790.1666666666665,1363.0,249,True,-1363.0,-1363.0,-2726.0
129,0,1740.1666666666665,2220.0,261,True,-2220.0,-2220.0,-4440.0
129,1,1824.1666666666665,1974.0,257,True,-1974.0,-1974.0,-3948.0
129,2,1933.1666666666665,2195.0,259,True,-2195.0,-2195.0,-4390.0
129,3,1782.1666666666665,2252.0,260,True,-2252.0,-2252.0,-4504.0
130,0,1782.1666666666665,2295.0,262,True,-2295.0,-2295.0,-4590.0
130,1,1827.1666666666665,2034.0,258,True,-2034.0,-2034.0,-4068.0
130,2,1662.1666666666665,1704.0,254,True,-1704.0,-1704.0,-3408.0
130,3,1844.1666666666665,2417.0,264,True,-2417.0,-2417.0,-4834.0
131,0,1806.0,2041.0,259,True,-2041.0,-2041.0,-4082.0
131,1,1642.1666666666665,2246.0,261,True,-2246.0,-2246.0,-4492.0
131,2,1756.1666666666665,1664.0,253,True,-1664.0,-1664.0,-3328.0
131,3,1988.3333333333335,1725.0,255,True,-1725.0,-1725.0,-3450.0
132,0,1837.1666666666665,2131.0,259,True,-2131.0,-2131.0,-4262.0
132,1,1852.0,2034.0,259,True,-2034.0,-2034.0,-4068.0
132,2,1914.3333333333335,2384.0,264,True,-2384.0,-2384.0,-4768.0
132,3,1786.1666666666665,2071.0,258,True,-2071.0,-2071.0,-4142.0
133,0,1757.1666666666665,1817.0,255,True,-1817.0,-1817.0,-3634.0
133,1,1822.0,2241.0,262,True,-2241.0,-2241.0,-4482.0
133,2,1893.1666666666665,2247.0,262,True,-2247.0,-2247.0,-4494.0
133,3,1879.0,2174.0,260,True,-2174.0,-2174.0,-4348.0
134,0,1736.1666666666665,1892.0,256,True,-1892.0,-1892.0,-3784.0
134,1,1697.1666666666665,1906.0,257,True,-1906.0,-1906.0,-3812.0
134,2,1741.1666666666665,1250.0,248,True,-1250.0,-1250.0,-2500.0
134,3,1815.0,1866.0,256,True,-1866.0,-1866.0,-3732.0
135,0,2169.3333333333335,2262.0,262,True,-2262.0,-2262.0,-4524.0
135,1,1889.1666666666665,2482.0,265,True,-2482.0,-2482.0,-4964.0
135,2,1773.1666666666665,1758.0,255,True,-1758.0,-1758.0,-3516.0
135,3,1906.1666666666665,2266.0,262,True,-2266.0,-2266.0,-4532.0
136,0,1757.1666666666665,1644.0,253,True,-1644.0,-1644.0,-3288.0
136,1,1725.1666666666665,1585.0,253,True,-1585.0,-1585.0,-3170.0
136,2,1831.3333333333335,2359.0,264,True,-2359.0,-2359.0,-4718.0
136,3,2267.1666666666665,1928.0,258,True,-1928.0,-1928.0,-3856.0
137,0,1807.1666666666665,2519.0,266,True,-2519.0,-2519.0,-5038.0
137,1,1818.1666666666665,2223.0,262,True,-2223.0,-2223.0,-4446.0
137,2,1596.1666666666665,1646.0,253,True,-1646.0,-1646.0,-3292.0
137,3,1879.5,2389.0,263,True,-2389.0,-2389.0,-4778.0
138,0,1602.0,2492.0,264,True,-2492.0,-2492.0,-4984.0
138,1,1797.1666666666665,1905.0,257,True,-1905.0,-1905.0,-3810.0
138,2,1775.1666666666665,1874.0,257,True,-1874.0,-1874.0,-3748.0
138,3,1744.0,1987.0,259,True,-1987.0,-1987.0,-3974.0
139,0,2132.1666666666665,2588.0,266,True,-2588.0,-2588.0,-5176.0
139,1,1757.1666666666665,1969.0,258,True,-1969.0,-1969.0,-3938.0
139,2,1680.1666666666665,1815.0,256,True,-1815.0,-1815.0,-3630.0
139,3,1707.1666666666665,1548.0,252,True,-1548.0,-1548.0,-3096.0
140,0,1814.1666666666665,1817.0,256,True,-1817.0,-1817.0,-3634.0
140,1,1846.1666666666665,2480.0,264,True,-2480.0,-2480.0,-4960.0
140,2,1914.0,1688.0,254,True,-1688.0,-1688.0,-3376.0
140,3,1792.1666666666665,1281.0,248,True,-1281.0,-1281.0,-2562.0
141,0,1925.0,2219.0,261,True,-2219.0,-2219.0,-4438.0
141,1,1945.1666666666665,1961.0,257,True,-1961.0,-1961.0,-3922.0
141,2,1767.1666666666665,2210.0,261,True,-2210.0,-2210.0,-4420.0
141,3,1619.1666666666665,1830.0,256,True,-1830.0,-1830.0,-3660.0
142,0,2050.5,2122.0,258,True,-2122.0,-2122.0,-4244.0
142,1,1951.5,1812.0,256,True,-1812.0,-1812.0,-3624.0
142,2,1713.1666666666665,2050.0,259,True,-2050.0,-2050.0,-4100.0
142,3,1730.0,1970.0,257,True,-1970.0,-1970.0,-3940.0
143,0,1859.0,2307.0,262,True,-2307.0,-2307.0,-4614.0
143,1,1734.1666666666665,1772.0,255,True,-1772.0,-1772.0,-3544.0
143,2,1625.1666666666665,1535.0,252,True,-1535.0,-1535.0,-3070.0
143,3,1839.1666666666665,2216.0,261,True,-2216.0,-2216.0,-4432.0
144,0,1832.0,1782.0,255,True,-1782.0,-1782.0,-3564.0
144,1,1720.1666666666665,1363.0,249,True,-1363.0,-1363.0,-2726.0
144,2,1696.1666666666665,1557.0,251,True,-1557.0,-1557.0,-3114.0
144,3,1846.5,1982.0,256,True,-1982.0,-1982.0,-3964.0
145,0,1723.1666666666665,2267.0,262,True,-2267.0,-2267.0,-4534.0
145,1,1803.1666666666665,1911.0,256,True,-1911.0,-1911.0,-3822.0
145,2,1731.1666666666665,1753.0,254,True,-1753.0,-1753.0,-3506.0
145,3,1995.1666666666665,2003.0,258,True,-2003.0,-2003.0,-4006.0
146,0,1718.1666666666665,2510.0,263,True,-2510.0,-2510.0,-5020.0
146,1,1797.0,2088.0,259,True,-2088.0,-2088.0,-4176.0
146,2,1745.1666666666665,1856.0,257,True,-1856.0,-1856.0,-3712.0
146,3,1833.1666666666665,1282.0,248,True,-1282.0,-1282.0,-2564.0
147,0,1881.1666666666665,1784.0,254,True,-1784.0,-1784.0,-3568.0
147,1,2101.5,2494.0,265,True,-2494.0,-2494.0,-4988.0
147,2,1842.1666666666665,2048.0,259,True,-2048.0,-2048.0,-4096.0
147,3,1974.1666666666665,2033.0,257,True,-2033.0,-2033.0,-4066.0
148,0,1709.1666666666665,1754.0,254,True,-1754.0,-1754.0,-3508.0
148,1,1904.1666666666665,2489.0,264,True,-2489.0,-2489.0,-4978.0
148,2,1805.1666666666665,1713.0,254,True,-1713.0,-1713.0,-3426.0
148,3,1845.1666666666665,2131.0,260,True,-2131.0,-2131.0,-4262.0
149,0,1864.1666666666665,2729.0,268,True,-2729.0,-2729.0,-5458.0
149,1,1785.1666666666665,1936.0,258,True,-1936.0,-1936.0,-3872.0
149,2,1704.1666666666665,2672.0,266,True,-2672.0,-2672.0,-5344.0
149,3,1920.0,2353.0,263,True,-2353.0,-2353.0,-4706.0
150,0,1766.1666666666665,1839.0,256,True,-1839.0,-1839.0,-3678.0
150,1,2043.5,2545.0,264,True,-2545.0,-2545.0,-5090.0
150,2,1749.1666666666665,1909.0,257,True,-1909.0,-1909.0,-3818.0
150,3,1865.1666666666665,2401.0,262,True,-2401.0,-2401.0,-4802.0
151,0,1864.1666666666665,1884.0,256,True,-1884.0,-1884.0,-3768.0
151,1,1862.1666666666665,1747.0,254,True,-1747.0,-1747.0,-3494.0
151,2,2203.666666666667,3110.0,274,True,-3110.0,-3110.0,-6220.0
151,3,2084.1666666666665,1505.0,251,True,-1505.0,-1505.0,-3010.0
152,0,1857.1666666666665,2109.0,259,True,-2109.0,-2109.0,-4218.0
152,1,1776.1666666666665,2543.0,266,True,-2543.0,-2543.0,-5086.0
152,2,1680.1666666666665,2298.0,262,True,-2298.0,-2298.0,-4596.0
152,3,2139.3333333333335,2140.0,260,True,-2140.0,-2140.0,-4280.0
153,0,2110.333333333333,2124.0,260,True,-2124.0,-2124.0,-4248.0
153,1,1793.1666666666665,2367.0,263,True,-2367.0,-2367.0,-4734.0
153,2,1979.6666666666665,2562.0,265,True,-2562.0,-2562.0,-5124.0
153,3,1853.1666666666665,1853.0,256,True,-1853.0,-1853.0,-3706.0
154,0,1843.1666666666665,2199.0,260,True,-2199.0,-2199.0,-4398.0
154,1,1880.1666666666665,1381.0,249,True,-1381.0,-1381.0,-2762.0
154,2,1747.1666666666665,2348.0,263,True,-2348.0,-2348.0,-4696.0
154,3,1878.1666666666665,2245.0,261,True,-2245.0,-2245.0,-4490.0
155,0,2232.1666666666665,1676.0,254,True,-1676.0,-1676.0,-3352.0
155,1,1898.1666666666665,2449.0,265,True,-2449.0,-2449.0,-4898.0
155,2,1826.1666666666665,1850.0,256,True,-1850.0,-1850.0,-3700.0
155,3,1747.1666666666665,1931.0,258,True,-1931.0,-1931.0,-3862.0
156,0,1783.5000000000002,2707.0,269,True,-2707.0,-2707.0,-5414.0
156,1,1759.1666666666665,1639.0,253,True,-1639.0,-1639.0,-3278.0
156,2,1830.0,1992.0,257,True,-1992.0,-1992.0,-3984.0
156,3,1880.1666666666665,1869.0,255,True,-1869.0,-1869.0,-3738.0
157,0,1908.1666666666665,2111.0,258,True,-2111.0,-2111.0,-4222.0
157,1,1846.1666666666665,2550.0,266,True,-2550.0,-2550.0,-5100.0
157,2,1759.1666666666665,1713.0,254,True,-1713.0,-1713.0,-3426.0
157,3,1798.1666666666665,2263.0,261,True,-2263.0,-2263.0,-4526.0
158,0,2213.5,2696.0,268,True,-2696.0,-2696.0,-5392.0
158,1,1786.1666666666665,1888.0,257,True,-1888.0,-1888.0,-3776.0
158,2,1860.1666666666665,1993.0,258,True,-1993.0,-1993.0,-3986.0
158,3,1958.1666666666665,1767.0,255,True,-1767.0,-1767.0,-3534.0
159,0,1817.1666666666665,1814.0,255,True,-1814.0,-1814.0,-3628.0
159,1,1820.1666666666665,1942.0,258,True,-1942.0,-1942.0,-3884.0
159,2,1823.1666666666665,2499.0,266,True,-2499.0,-2499.0,-4998.0
159,3,1689.0,1862.0,257,True,-1862.0,-1862.0,-3724.0
160,0,1903.1666666666665,3249.0,276,True,-3249.0,-3249.0,-6498.0
160,1,1726.1666666666665,1363.0,250,True,-1363.0,-1363.0,-2726.0
160,2,1686.1666666666665,2313.0,263,True,-2313.0,-2313.0,-4626.0
160,3,1935.0,2243.0,261,True,-2243.0,-2243.0,-4486.0
161,0,1761.1666666666665,1661.0,253,True,-1661.0,-1661.0,-3322.0
161,1,1913.1666666666665,2095.0,260,True,-2095.0,-2095.0,-4190.0
161,2,1795.1666666666665,2711.0,267,True,-2711.0,-2711.0,-5422.0
161,3,1797.1666666666665,2198.0,261,True,-2198.0,-2198.0,-4396.0
162,0,1814.1666666666665,1839.0,256,True,-1839.0,-1839.0,-3678.0
162,1,1720.9999999999998,2549.0,265,True,-2549.0,-2549.0,-5098.0
162,2,1713.0,1931.0,258,True,-1931.0,-1931.0,-3862.0
162,3,1983.1666666666665,2567.0,266,True,-2567.0,-2567.0,-5134.0
163,0,1846.1666666666665,2784.0,268,True,-2784.0,-2784.0,-5568.0
163,1,1871.1666666666665,2086.0,258,True,-2086.0,-2086.0,-4172.0
163,2,1843.1666666666665,1403.0,250,True,-1403.0,-1403.0,-2806.0
163,3,1902.1666666666665,1567.0,251,True,-1567.0,-1567.0,-3134.0
164,0,1887.1666666666665,2388.0,264,True,-2388.0,-2388.0,-4776.0
164,1,1933.1666666666665,1921.0,257,True,-1921.0,-1921.0,-3842.0
164,2,1843.1666666666665,2361.0,263,True,-2361.0,-2361.0,-4722.0
164,3,1871.1666666666665,2161.0,260,True,-2161.0,-2161.0,-4322.0
165,0,1872.1666666666665,2192.0,259,True,-2192.0,-2192.0,-4384.0
165,1,1774.1666666666665,2559.0,265,True,-2559.0,-2559.0,-5118.0
165,2,1844.1666666666665,2152.0,260,True,-2152.0,-2152.0,-4304.0
165,3,1887.1666666666665,1662.0,253,True,-1662.0,-1662.0,-3324.0
166,0,2000.5,1735.0,255,True,-1735.0,-1735.0,-3470.0
166,1,1870.0,2347.0,263,True,-2347.0,-2347.0,-4694.0
166,2,1884.0,2339.0,263,True,-2339.0,-2339.0,-4678.0
166,3,1777.1666666666665,1466.0,251,True,-1466.0,-1466.0,-2932.0
167,0,1767.1666666666665,2003.0,258,True,-2003.0,-2003.0,-4006.0
167,1,1758.1666666666665,1821.0,254,True,-1821.0,-1821.0,-3642.0
167,2,1870.1666666666665,2243.0,261,True,-2243.0,-2243.0,-4486.0
167,3,1832.1666666666665,2172.0,260,True,-2172.0,-2172.0,-4344.0
168,0,1949.1666666666665,2103.0,258,True,-2103.0,-2103.0,-4206.0
168,1,1840.1666666666665,1647.0,254,True,-1647.0,-1647.0,-3294.0
168,2,1728.1666666666665,1863.0,253,True,-1863.0,-1863.0,-3726.0
168,3,1839.0,1894.0,253,True,-1894.0,-1894.0,-3788.0
169,0,1804.1666666666665,2446.0,264,True,-2446.0,-2446.0,-4892.0
169,1,1744.1666666666665,2184.0,259,True,-2184.0,-2184.0,-4368.0
169,2,1714.1666666666665,1757.0,254,True,-1757.0,-1757.0,-3514.0
169,3,1837.1666666666665,1437.0,250,True,-1437.0,-1437.0,-2874.0
170,0,1814.1666666666665,1896.0,255,True,-1896.0,-1896.0,-3792.0
170,1,1905.1666666666665,2044.0,257,True,-2044.0,-2044.0,-4088.0
170,2,1701.1666666666665,1819.0,256,True,-1819.0,-1819.0,-3638.0
170,3,1942.1666666666665,1816.0,253,True,-1816.0,-1816.0,-3632.0
171,0,1912.1666666666665,2241.0,261,True,-2241.0,-2241.0,-4482.0
171,1,1771.1666666666665,2104.0,259,True,-2104.0,-2104.0,-4208.0
171,2,1820.1666666666665,1501.0,251,True,-1501.0,-1501.0,-3002.0
171,3,1820.1666666666665,1482.0,250,True,-1482.0,-1482.0,-2964.0
172,0,1819.0000000000002,2535.0,265,True,-2535.0,-2535.0,-5070.0
172,1,1889.1666666666665,1924.0,257,True,-1924.0,-1924.0,-3848.0
172,2,1758.0,2305.0,260,True,-2305.0,-2305.0,-4610.0
172,3,1742.0,2259.0,261,True,-2259.0,-2259.0,-4518.0
173,0,1660.1666666666665,2308.0,262,True,-2308.0,-2308.0,-4616.0
173,1,1793.1666666666665,1955.0,257,True,-1955.0,-1955.0,-3910.0
173,2,1735.1666666666665,1749.0,255,True,-1749.0,-1749.0,-3498.0
173,3,1604.1666666666665,1689.0,254,True,-1689.0,-1689.0,-3378.0
174,0,1855.1666666666665,2003.0,258,True,-2003.0,-2003.0,-4006.0
174,1,1735.1666666666665,1459.0,250,True,-1459.0,-1459.0,-2918.0
174,2,1781.0,2133.0,260,True,-2133.0,-2133.0,-4266.0
174,3,1775.1666666666665,2105.0,259,True,-2105.0,-2105.0,-4210.0
175,0,1741.1666666666665,1826.0,256,True,-1826.0,-1826.0,-3652.0
175,1,1916.1666666666665,1652.0,253,True,-1652.0,-1652.0,-3304.0
175,2,2062.1666666666665,2467.0,265,True,-2467.0,-2467.0,-4934.0
175,3,1848.1666666666665,2373.0,264,True,-2373.0,-2373.0,-4746.0
176,0,2239.166666666667,2183.0,260,True,-2183.0,-2183.0,-4366.0
176,1,2086.1666666666665,2610.0,266,True,-2610.0,-2610.0,-5220.0
176,2,1737.1666666666665,1521.0,251,True,-1521.0,-1521.0,-3042.0
176,3,2226.333333333333,2082.0,259,True,-2082.0,-2082.0,-4164.0
177,0,1857.1666666666665,1704.0,255,True,-1704.0,-1704.0,-3408.0
177,1,1803.1666666666665,1816.0,255,True,-1816.0,-1816.0,-3632.0
177,2,1922.1666666666665,2459.0,264,True,-2459.0,-2459.0,-4918.0
177,3,1839.1666666666665,1951.0,257,True,-1951.0,-1951.0,-3902.0
178,0,1739.1666666666665,1768.0,255,True,-1768.0,-1768.0,-3536.0
178,1,1871.1666666666665,1390.0,249,True,-1390.0,-1390.0,-2780.0
178,2,1818.1666666666665,2109.0,260,True,-2109.0,-2109.0,-4218.0
178,3,1822.1666666666665,1572.0,252,True,-1572.0,-1572.0,-3144.0
179,0,1827.1666666666665,2039.0,258,True,-2039.0,-2039.0,-4078.0
179,1,1871.1666666666665,2130.0,260,True,-2130.0,-2130.0,-4260.0
179,2,1857.1666666666665,1304.0,248,True,-1304.0,-1304.0,-2608.0
179,3,1774.1666666666665,2181.0,261,True,-2181.0,-2181.0,-4362.0
180,0,1679.1666666666665,1650.0,251,True,-1650.0,-1650.0,-3300.0
180,1,1726.1666666666665,1872.0,256,True,-1872.0,-1872.0,-3744.0
180,2,1815.1666666666665,2237.0,261,True,-2237.0,-2237.0,-4474.0
180,3,1664.1666666666665,2007.0,258,True,-2007.0,-2007.0,-4014.0
181,0,1801.1666666666665,1704.0,253,True,-1704.0,-1704.0,-3408.0
181,1,1721.1666666666665,1819.0,255,True,-1819.0,-1819.0,-3638.0
181,2,1761.1666666666665,3013.0,272,True,-3013.0,-3013.0,-6026.0
181,3,1828.1666666666665,2801.0,268,True,-2801.0,-2801.0,-5602.0
182,0,1948.1666666666667,2190.0,258,True,-2190.0,-2190.0,-4380.0
182,1,1936.1666666666665,2706.0,264,True,-2706.0,-2706.0,-5412.0
182,2,1833.1666666666665,2110.0,260,True,-2110.0,-2110.0,-4220.0
182,3,1846.0,1910.0,256,True,-1910.0,-1910.0,-3820.0
183,0,1927.1666666666665,1693.0,254,True,-1693.0,-1693.0,-3386.0
183,1,1755.1666666666665,1756.0,255,True,-1756.0,-1756.0,-3512.0
183,2,1775.0,2302.0,260,True,-2302.0,-2302.0,-4604.0
183,3,1770.0,2610.0,266,True,-2610.0,-2610.0,-5220.0
184,0,1907.1666666666665,2076.0,258,True,-2076.0,-2076.0,-4152.0
184,1,1862.1666666666665,2528.0,263,True,-2528.0,-2528.0,-5056.0
184,2,1827.1666666666665,1725.0,254,True,-1725.0,-1725.0,-3450.0
184,3,1861.1666666666665,1744.0,253,True,-1744.0,-1744.0,-3488.0
185,0,2227.333333333333,2039.0,256,True,-2039.0,-2039.0,-4078.0
185,1,1826.1666666666665,2143.0,258,True,-2143.0,-2143.0,-4286.0
185,2,2191.3333333333335,2254.0,259,True,-2254.0,-2254.0,-4508.0
185,3,1859.1666666666665,2303.0,259,True,-2303.0,-2303.0,-4606.0
186,0,1927.1666666666665,1933.0,255,True,-1933.0,-1933.0,-3866.0
186,1,1780.1666666666665,2247.0,261,True,-2247.0,-2247.0,-4494.0
186,2,1824.1666666666665,2273.0,258,True,-2273.0,-2273.0,-4546.0
186,3,1755.0,2493.0,263,True,-2493.0,-2493.0,-4986.0
187,0,1918.1666666666665,1810.0,253,True,-1810.0,-1810.0,-3620.0
187,1,1808.0,2131.0,258,True,-2131.0,-2131.0,-4262.0
187,2,1675.1666666666665,2292.0,260,True,-2292.0,-2292.0,-4584.0
187,3,1725.1666666666665,1968.0,255,True,-1968.0,-1968.0,-3936.0
188,0,1869.1666666666665,1642.0,251,True,-1642.0,-1642.0,-3284.0
188,1,1831.1666666666665,2884.0,268,True,-2884.0,-2884.0,-5768.0
188,2,2066.5,1622.0,253,True,-1622.0,-1622.0,-3244.0
188,3,1821.1666666666665,1836.0,253,True,-1836.0,-1836.0,-3672.0
189,0,2028.1666666666665,2254.0,259,True,-2254.0,-2254.0,-4508.0
189,1,1843.1666666666665,2050.0,255,True,-2050.0,-2050.0,-4100.0
189,2,1898.1666666666665,1840.0,254,True,-1840.0,-1840.0,-3680.0
189,3,1890.1666666666665,1906.0,256,True,-1906.0,-1906.0,-3812.0
190,0,1678.1666666666665,2671.0,265,True,-2671.0,-2671.0,-5342.0
190,1,1828.0,1913.0,255,True,-1913.0,-1913.0,-3826.0
190,2,1748.1666666666665,1479.0,250,True,-1479.0,-1479.0,-2958.0
190,3,1686.1666666666665,1863.0,254,True,-1863.0,-1863.0,-3726.0
191,0,1707.1666666666665,2185.0,257,True,-2185.0,-2185.0,-4370.0
191,1,1822.0,2607.0,264,True,-2607.0,-2607.0,-5214.0
191,2,1793.1666666666665,1519.0,250,True,-1519.0,-1519.0,-3038.0
191,3,1840.1666666666665,1950.0,256,True,-1950.0,-1950.0,-3900.0
192,0,1753.1666666666665,1832.0,254,True,-1832.0,-1832.0,-3664.0
192,1,1855.1666666666665,1690.0,252,True,-1690.0,-1690.0,-3380.0
192,2,1794.1666666666665,2851.0,267,True,-2851.0,-2851.0,-5702.0
192,3,1917.1666666666665,2318.0,260,True,-2318.0,-2318.0,-4636.0
193,0,1911.1666666666665,2637.0,266,True,-2637.0,-2637.0,-5274.0
193,1,1941.0,2032.0,259,True,-2032.0,-2032.0,-4064.0
193,2,1675.5,2482.0,264,True,-2482.0,-2482.0,-4964.0
193,3,1950.1666666666667,2049.0,254,True,-2049.0,-2049.0,-4098.0
194,0,1645.0,2065.0,259,True,-2065.0,-2065.0,-4130.0
194,1,1899.8333333333333,2658.0,267,True,-2658.0,-2658.0,-5316.0
194,2,1814.1666666666665,1935.0,257,True,-1935.0,-1935.0,-3870.0
194,3,1905.1666666666665,2054.0,256,True,-2054.0,-2054.0,-4108.0
195,0,2066.1666666666665,2624.0,265,True,-2624.0,-2624.0,-5248.0
195,1,1854.1666666666665,2012.0,258,True,-2012.0,-2012.0,-4024.0
195,2,1916.1666666666665,1951.0,256,True,-1951.0,-1951.0,-3902.0
195,3,1776.1666666666665,2260.0,260,True,-2260.0,-2260.0,-4520.0
196,0,1801.1666666666665,1850.0,256,True,-1850.0,-1850.0,-3700.0
196,1,1777.1666666666665,2117.0,259,True,-2117.0,-2117.0,-4234.0
196,2,1976.1666666666665,1824.0,254,True,-1824.0,-1824.0,-3648.0
196,3,2060.1666666666665,1964.0,257,True,-1964.0,-1964.0,-3928.0
197,0,1747.1666666666665,2032.0,257,True,-2032.0,-2032.0,-4064.0
197,1,1762.1666666666665,2155.0,260,True,-2155.0,-2155.0,-4310.0
197,2,1893.1666666666665,2391.0,263,True,-2391.0,-2391.0,-4782.0
197,3,1874.0,1977.0,257,True,-1977.0,-1977.0,-3954.0
198,0,1698.1666666666665,1566.0,253,True,-1566.0,-1566.0,-3132.0
198,1,1821.1666666666665,2340.0,261,True,-2340.0,-2340.0,-4680.0
198,2,1863.0,1910.0,257,True,-1910.0,-1910.0,-3820.0
198,3,1685.1666666666665,2174.0,259,True,-2174.0,-2174.0,-4348.0
199,0,1808.1666666666665,1899.0,256,True,-1899.0,-1899.0,-3798.0
199,1,1656.0,1970.0,255,True,-1970.0,-1970.0,-3940.0
199,2,1885.0,1920.0,255,True,-1920.0,-1920.0,-3840.0
199,3,2014.0,2191.0,259,True,-2191.0,-2191.0,-4382.0
200,0,1783.0,2362.0,260,True,-2362.0,-2362.0,-4724.0
200,1,1836.1666666666665,1947.0,254,True,-1947.0,-1947.0,-3894.0
200,2,2029.1666666666665,2634.0,265,True,-2634.0,-2634.0,-5268.0
200,3,1865.5,2276.0,261,True,-2276.0,-2276.0,-4552.0
201,0,2037.1666666666665,2093.0,259,True,-2093.0,-2093.0,-4186.0
201,1,1788.1666666666665,1445.0,249,True,-1445.0,-1445.0,-2890.0
201,2,1993.0,2464.0,264,True,-2464.0,-2464.0,-4928.0
201,3,1613.1666666666665,2284.0,259,True,-2284.0,-2284.0,-4568.0
202,0,2187.3333333333335,2178.0,259,True,-2178.0,-2178.0,-4356.0
202,1,2010.1666666666665,1593.0,252,True,-1593.0,-1593.0,-3186.0
202,2,1769.5,2765.0,267,True,-2765.0,-2765.0,-5530.0
202,3,2068.0,1575.0,252,True,-1575.0,-1575.0,-3150.0
203,0,1733.1666666666665,1455.0,251,True,-1455.0,-1455.0,-2910.0
203,1,1692.1666666666665,2151.0,259,True,-2151.0,-2151.0,-4302.0
203,2,1953.5,2526.0,264,True,-2526.0,-2526.0,-5052.0
203,3,1941.1666666666665,1700.0,253,True,-1700.0,-1700.0,-3400.0
204,0,1757.1666666666665,1553.0,252,True,-1553.0,-1553.0,-3106.0
204,1,1781.1666666666665,1643.0,253,True,-1643.0,-1643.0,-3286.0
204,2,1806.1666666666665,1816.0,255,True,-1816.0,-1816.0,-3632.0
204,3,1858.1666666666665,1661.0,252,True,-1661.0,-1661.0,-3322.0
205,0,1780.1666666666665,2225.0,259,True,-2225.0,-2225.0,-4450.0
205,1,2274.5,2530.0,265,True,-2530.0,-2530.0,-5060.0
205,2,1963.1666666666665,1612.0,252,True,-1612.0,-1612.0,-3224.0
205,3,1914.1666666666665,1921.0,256,True,-1921.0,-1921.0,-3842.0
206,0,1861.1666666666665,2284.0,262,True,-2284.0,-2284.0,-4568.0
206,1,1781.1666666666665,2854.0,267,True,-2854.0,-2854.0,-5708.0
206,2,1844.1666666666665,1659.0,252,True,-1659.0,-1659.0,-3318.0
206,3,1643.1666666666665,2064.0,259,True,-2064.0,-2064.0,-4128.0
207,0,1924.1666666666665,1917.0,257,True,-1917.0,-1917.0,-3834.0
207,1,1801.0,2113.0,259,True,-2113.0,-2113.0,-4226.0
207,2,1833.1666666666665,1707.0,254,True,-1707.0,-1707.0,-3414.0
207,3,1881.1666666666665,1565.0,251,True,-1565.0,-1565.0,-3130.0
208,0,1862.1666666666665,2469.0,263,True,-2469.0,-2469.0,-4938.0
208,1,2180.5,2770.0,268,True,-2770.0,-2770.0,-5540.0
208,2,1699.1666666666665,1924.0,256,True,-1924.0,-1924.0,-3848.0
208,3,1928.1666666666665,1901.0,257,True,-1901.0,-1901.0,-3802.0
209,0,1835.1666666666665,2227.0,260,True,-2227.0,-2227.0,-4454.0
209,1,2207.1666666666665,1856.0,255,True,-1856.0,-1856.0,-3712.0
209,2,2104.3333333333335,1812.0,254,True,-1812.0,-1812.0,-3624.0
209,3,1963.1666666666665,2118.0,258,True,-2118.0,-2118.0,-4236.0
210,0,1872.1666666666665,2349.0,263,True,-2349.0,-2349.0,-4698.0
210,1,1775.1666666666665,1617.0,253,True,-1617.0,-1617.0,-3234.0
210,2,1899.1666666666665,1681.0,252,True,-1681.0,-1681.0,-3362.0
210,3,2015.1666666666665,2761.0,267,True,-2761.0,-2761.0,-5522.0
211,0,1904.1666666666665,2117.0,259,True,-2117.0,-2117.0,-4234.0
211,1,1873.1666666666665,2443.0,263,True,-2443.0,-2443.0,-4886.0
211,2,1541.0,2531.0,265,True,-2531.0,-2531.0,-5062.0
211,3,1953.1666666666665,1721.0,252,True,-1721.0,-1721.0,-3442.0
212,0,2187.666666666667,1831.0,255,True,-1831.0,-1831.0,-3662.0
212,1,2229.1666666666665,2138.0,258,True,-2138.0,-2138.0,-4276.0
212,2,2180.3333333333335,2092.0,258,True,-2092.0,-2092.0,-4184.0
212,3,2031.5,2676.0,267,True,-2676.0,-2676.0,-5352.0
213,0,2203.6666666666665,1981.0,258,True,-1981.0,-1981.0,-3962.0
213,1,1771.1666666666665,1766.0,255,True,-1766.0,-1766.0,-3532.0
213,2,1786.1666666666665,1941.0,257,True,-1941.0,-1941.0,-3882.0
213,3,1880.1666666666665,1879.0,256,True,-1879.0,-1879.0,-3758.0
214,0,1841.6666666666665,1936.0,257,True,-1936.0,-1936.0,-3872.0
214,1,1866.1666666666665,1686.0,253,True,-1686.0,-1686.0,-3372.0
214,2,1931.1666666666665,1674.0,253,True,-1674.0,-1674.0,-3348.0
214,3,1862.1666666666665,2483.0,264,True,-2483.0,-2483.0,-4966.0
215,0,1790.1666666666665,1846.0,255,True,-1846.0,-1846.0,-3692.0
215,1,1842.1666666666665,1813.0,255,True,-1813.0,-1813.0,-3626.0
215,2,1779.1666666666665,2379.0,264,True,-2379.0,-2379.0,-4758.0
215,3,2196.333333333333,2366.0,262,True,-2366.0,-2366.0,-4732.0
216,0,1944.1666666666665,2126.0,259,True,-2126.0,-2126.0,-4252.0
216,1,1728.1666666666665,2149.0,260,True,-2149.0,-2149.0,-4298.0
216,2,1914.1666666666665,1531.0,251,True,-1531.0,-1531.0,-3062.0
216,3,1666.1666666666665,1855.0,256,True,-1855.0,-1855.0,-3710.0
217,0,1911.1666666666665,1865.0,256,True,-1865.0,-1865.0,-3730.0
217,1,1727.1666666666665,2442.0,264,True,-2442.0,-2442.0,-4884.0
217,2,1875.1666666666665,2151.0,260,True,-2151.0,-2151.0,-4302.0
217,3,2074.1666666666665,2172.0,261,True,-2172.0,-2172.0,-4344.0
218,0,1865.0,1532.0,251,True,-1532.0,-1532.0,-3064.0
218,1,1931.1666666666665,2528.0,265,True,-2528.0,-2528.0,-5056.0
218,2,1949.0,1925.0,256,True,-1925.0,-1925.0,-3850.0
218,3,2159.0,2243.0,261,True,-2243.0,-2243.0,-4486.0
219,0,1878.0,2584.0,266,True,-2584.0,-2584.0,-5168.0
219,1,1866.5,2247.0,262,True,-2247.0,-2247.0,-4494.0
219,2,1762.1666666666665,2140.0,260,True,-2140.0,-2140.0,-4280.0
219,3,2024.1666666666667,1842.0,255,True,-1842.0,-1842.0,-3684.0
220,0,1902.1666666666665,1615.0,252,True,-1615.0,-1615.0,-3230.0
220,1,1830.1666666666665,1799.0,255,True,-1799.0,-1799.0,-3598.0
220,2,1750.1666666666665,1919.0,257,True,-1919.0,-1919.0,-3838.0
220,3,1722.1666666666665,2059.0,259,True,-2059.0,-2059.0,-4118.0
221,0,1832.0,2450.0,263,True,-2450.0,-2450.0,-4900.0
221,1,1920.1666666666665,2103.0,259,True,-2103.0,-2103.0,-4206.0
221,2,1893.1666666666665,2115.0,260,True,-2115.0,-2115.0,-4230.0
221,3,1988.1666666666665,1923.0,257,True,-1923.0,-1923.0,-3846.0
222,0,1949.1666666666665,2088.0,259,True,-2088.0,-2088.0,-4176.0
222,1,1855.1666666666665,2109.0,260,True,-2109.0,-2109.0,-4218.0
222,2,1872.3333333333335,2410.0,264,True,-2410.0,-2410.0,-4820.0
222,3,1790.1666666666665,2064.0,259,True,-2064.0,-2064.0,-4128.0
223,0,1821.1666666666665,1924.0,257,True,-1924.0,-1924.0,-3848.0
223,1,2002.1666666666665,1982.0,257,True,-1982.0,-1982.0,-3964.0
223,2,1967.3333333333335,2600.0,267,True,-2600.0,-2600.0,-5200.0
223,3,1951.3333333333333,2100.0,259,True,-2100.0,-2100.0,-4200.0
224,0,1798.1666666666665,1574.0,251,True,-1574.0,-1574.0,-3148.0
224,1,1936.1666666666665,2024.0,258,True,-2024.0,-2024.0,-4048.0
224,2,2027.1666666666665,1711.0,254,True,-1711.0,-1711.0,-3422.0
224,3,2204.5,2247.0,262,True,-2247.0,-2247.0,-4494.0
225,0,1704.0,2239.0,262,True,-2239.0,-2239.0,-4478.0
225,1,1852.1666666666665,1865.0,256,True,-1865.0,-1865.0,-3730.0
225,2,1968.1666666666667,1701.0,253,True,-1701.0,-1701.0,-3402.0
225,3,1673.1666666666665,2085.0,259,True,-2085.0,-2085.0,-4170.0
226,0,1720.1666666666665,1781.0,255,True,-1781.0,-1781.0,-3562.0
226,1,1788.1666666666665,2069.0,258,True,-2069.0,-2069.0,-4138.0
226,2,1703.1666666666665,2404.0,262,True,-2404.0,-2404.0,-4808.0
226,3,1699.1666666666665,1634.0,253,True,-1634.0,-1634.0,-3268.0
227,0,1734.1666666666665,1847.0,256,True,-1847.0,-1847.0,-3694.0
227,1,1800.1666666666665,1517.0,251,True,-1517.0,-1517.0,-3034.0
227,2,1948.3333333333335,2073.0,259,True,-2073.0,-2073.0,-4146.0
227,3,1883.1666666666665,2559.0,264,True,-2559.0,-2559.0,-5118.0
228,0,1764.1666666666665,1892.0,256,True,-1892.0,-1892.0,-3784.0
228,1,1991.1666666666665,1917.0,256,True,-1917.0,-1917.0,-3834.0
228,2,1781.1666666666665,1801.0,256,True,-1801.0,-1801.0,-3602.0
228,3,1701.1666666666665,1894.0,257,True,-1894.0,-1894.0,-3788.0
229,0,2262.3333333333335,2629.0,266,True,-2629.0,-2629.0,-5258.0
229,1,2016.3333333333335,2184.0,261,True,-2184.0,-2184.0,-4368.0
229,2,1951.0,2214.0,260,True,-2214.0,-2214.0,-4428.0
229,3,2049.3333333333335,2265.0,263,True,-2265.0,-2265.0,-4530.0
230,0,2368.5,2300.0,263,True,-2300.0,-2300.0,-4600.0
230,1,2056.5,2365.0,263,True,-2365.0,-2365.0,-4730.0
230,2,2152.5,2725.0,269,True,-2725.0,-2725.0,-5450.0
230,3,1953.1666666666665,1640.0,254,True,-1640.0,-1640.0,-3280.0
231,0,2082.1666666666665,2358.0,263,True,-2358.0,-2358.0,-4716.0
231,1,1879.0,1780.0,255,True,-1780.0,-1780.0,-3560.0
231,2,1863.1666666666665,1901.0,257,True,-1901.0,-1901.0,-3802.0
231,3,2008.1666666666667,1504.0,250,True,-1504.0,-1504.0,-3008.0
232,0,2197.3333333333335,2954.0,272,True,-2954.0,-2954.0,-5908.0
232,1,1883.1666666666665,2274.0,262,True,-2274.0,-2274.0,-4548.0
232,2,1959.0,1627.0,253,True,-1627.0,-1627.0,-3254.0
232,3,1892.1666666666665,2219.0,260,True,-2219.0,-2219.0,-4438.0
233,0,1849.1666666666665,1589.0,252,True,-1589.0,-1589.0,-3178.0
233,1,1806.1666666666665,2217.0,261,True,-2217.0,-2217.0,-4434.0
233,2,2041.3333333333335,2096.0,258,True,-2096.0,-2096.0,-4192.0
233,3,2007.1666666666665,1993.0,258,True,-1993.0,-1993.0,-3986.0
234,0,1762.1666666666665,2022.0,257,True,-2022.0,-2022.0,-4044.0
234,1,1842.1666666666665,1543.0,252,True,-1543.0,-1543.0,-3086.0
234,2,1840.1666666666665,1677.0,254,True,-1677.0,-1677.0,-3354.0
234,3,1820.3333333333333,2741.0,268,True,-2741.0,-2741.0,-5482.0
235,0,1929.1666666666665,2056.0,258,True,-2056.0,-2056.0,-4112.0
235,1,1747.1666666666665,1572.0,253,True,-1572.0,-1572.0,-3144.0
235,2,2123.1666666666665,1875.0,257,True,-1875.0,-1875.0,-3750.0
235,3,1996.0,1780.0,255,True,-1780.0,-1780.0,-3560.0
236,0,1850.1666666666665,2245.0,261,True,-2245.0,-2245.0,-4490.0
236,1,1750.1666666666665,2664.0,264,True,-2664.0,-2664.0,-5328.0
236,2,1766.1666666666665,1476.0,251,True,-1476.0,-1476.0,-2952.0
236,3,1899.1666666666665,2166.0,260,True,-2166.0,-2166.0,-4332.0
237,0,1785.1666666666665,2201.0,261,True,-2201.0,-2201.0,-4402.0
237,1,1791.1666666666665,1889.0,256,True,-1889.0,-1889.0,-3778.0
237,2,1742.1666666666665,2154.0,260,True,-2154.0,-2154.0,-4308.0
237,3,1902.5,2011.0,259,True,-2011.0,-2011.0,-4022.0
238,0,1694.1666666666665,2204.0,261,True,-2204.0,-2204.0,-4408.0
238,1,1728.1666666666665,1742.0,255,True,-1742.0,-1742.0,-3484.0
238,2,1887.1666666666665,2022.0,258,True,-2022.0,-2022.0,-4044.0
238,3,1865.1666666666665,2011.0,259,True,-2011.0,-2011.0,-4022.0
239,0,1887.1666666666665,2260.0,262,True,-2260.0,-2260.0,-4520.0
239,1,1786.1666666666665,1781.0,255,True,-1781.0,-1781.0,-3562.0
239,2,1918.1666666666665,1706.0,254,True,-1706.0,-1706.0,-3412.0
239,3,1992.1666666666665,1684.0,254,True,-1684.0,-1684.0,-3368.0
240,0,1838.1666666666665,1649.0,253,True,-1649.0,-1649.0,-3298.0
240,1,1797.1666666666665,1687.0,254,True,-1687.0,-1687.0,-3374.0
240,2,1866.1666666666665,2308.0,263,True,-2308.0,-2308.0,-4616.0
240,3,1745.1666666666665,1820.0,255,True,-1820.0,-1820.0,-3640.0
241,0,1830.1666666666665,1467.0,250,True,-1467.0,-1467.0,-2934.0
241,1,1775.1666666666665,1923.0,256,True,-1923.0,-1923.0,-3846.0
241,2,1942.1666666666665,1752.0,255,True,-1752.0,-1752.0,-3504.0
241,3,1733.1666666666665,1561.0,252,True,-1561.0,-1561.0,-3122.0
242,0,1610.5,2476.0,265,True,-2476.0,-2476.0,-4952.0
242,1,2069.0,3192.0,275,True,-3192.0,-3192.0,-6384.0
242,2,1881.1666666666665,1780.0,255,True,-1780.0,-1780.0,-3560.0
242,3,1935.1666666666665,1738.0,255,True,-1738.0,-1738.0,-3476.0
243,0,1708.1666666666665,1394.0,249,True,-1394.0,-1394.0,-2788.0
243,1,1961.5,2496.0,265,True,-2496.0,-2496.0,-4992.0
243,2,1792.1666666666665,1548.0,252,True,-1548.0,-1548.0,-3096.0
243,3,1969.1666666666665,2316.0,263,True,-2316.0,-2316.0,-4632.0
244,0,1829.1666666666665,2647.0,268,True,-2647.0,-2647.0,-5294.0
244,1,1821.1666666666665,1869.0,256,True,-1869.0,-1869.0,-3738.0
244,2,1968.1666666666665,1911.0,256,True,-1911.0,-1911.0,-3822.0
244,3,1790.1666666666665,1475.0,249,True,-1475.0,-1475.0,-2950.0
245,0,1865.1666666666665,2117.0,260,True,-2117.0,-2117.0,-4234.0
245,1,1893.1666666666665,3060.0,272,True,-3060.0,-3060.0,-6120.0
245,2,1830.1666666666665,1858.0,256,True,-1858.0,-1858.0,-3716.0
245,3,1781.1666666666665,2331.0,263,True,-2331.0,-2331.0,-4662.0
246,0,1816.1666666666665,2197.0,261,True,-2197.0,-2197.0,-4394.0
246,1,1643.1666666666665,1895.0,257,True,-1895.0,-1895.0,-3790.0
246,2,1747.1666666666665,1322.0,248,True,-1322.0,-1322.0,-2644.0
246,3,1777.1666666666665,1935.0,256,True,-1935.0,-1935.0,-3870.0
247,0,1845.1666666666665,2033.0,258,True,-2033.0,-2033.0,-4066.0
247,1,1765.1666666666665,1820.0,256,True,-1820.0,-1820.0,-3640.0
247,2,1830.1666666666665,1802.0,254,True,-1802.0,-1802.0,-3604.0
247,3,1762.1666666666665,3146.0,273,True,-3146.0,-3146.0,-6292.0
248,0,1814.1666666666665,1747.0,254,True,-1747.0,-1747.0,-3494.0
248,1,1965.1666666666665,1929.0,256,True,-1929.0,-1929.0,-3858.0
248,2,1890.1666666666665,1625.0,252,True,-1625.0,-1625.0,-3250.0
248,3,1923.1666666666665,1705.0,254,True,-1705.0,-1705.0,-3410.0
249,0,2102.3333333333335,2616.0,266,True,-2616.0,-2616.0,-5232.0
249,1,1884.1666666666665,1453.0,250,True,-1453.0,-1453.0,-2906.0
249,2,1841.1666666666665,1859.0,256,True,-1859.0,-1859.0,-3718.0
249,3,1775.1666666666665,1644.0,253,True,-1644.0,-1644.0,-3288.0
250,0,1843.1666666666665,2813.0,269,True,-2813.0,-2813.0,-5626.0
250,1,1787.1666666666665,1633.0,253,True,-1633.0,-1633.0,-3266.0
250,2,1842.1666666666665,2172.0,260,True,-2172.0,-2172.0,-4344.0
250,3,1885.1666666666665,2471.0,264,True,-2471.0,-2471.0,-4942.0
251,0,1939.1666666666665,2536.0,265,True,-2536.0,-2536.0,-5072.0
251,1,1916.1666666666665,2329.0,261,True,-2329.0,-2329.0,-4658.0
251,2,1843.1666666666665,2205.0,261,True,-2205.0,-2205.0,-4410.0
251,3,1919.1666666666665,2100.0,259,True,-2100.0,-2100.0,-4200.0
252,0,1783.0,2141.0,259,True,-2141.0,-2141.0,-4282.0
252,1,1840.0,2468.0,263,True,-2468.0,-2468.0,-4936.0
252,2,1782.1666666666665,2251.0,261,True,-2251.0,-2251.0,-4502.0
252,3,1870.1666666666665,1593.0,252,True,-1593.0,-1593.0,-3186.0
253,0,1858.1666666666665,2635.0,266,True,-2635.0,-2635.0,-5270.0
253,1,1891.1666666666665,2206.0,260,True,-2206.0,-2206.0,-4412.0
253,2,1831.1666666666665,2240.0,261,True,-2240.0,-2240.0,-4480.0
253,3,1802.1666666666665,1556.0,250,True,-1556.0,-1556.0,-3112.0
254,0,1967.0,2005.0,258,True,-2005.0,-2005.0,-4010.0
254,1,1677.0,2179.0,260,True,-2179.0,-2179.0,-4358.0
254,2,1834.1666666666665,1983.0,256,True,-1983.0,-1983.0,-3966.0
254,3,1850.1666666666665,1892.0,256,True,-1892.0,-1892.0,-3784.0
255,0,1882.1666666666665,2178.0,261,True,-2178.0,-2178.0,-4356.0
255,1,1727.1666666666665,2817.0,270,True,-2817.0,-2817.0,-5634.0
255,2,1974.1666666666665,1567.0,252,True,-1567.0,-1567.0,-3134.0
255,3,1795.1666666666665,1446.0,250,True,-1446.0,-1446.0,-2892.0
256,0,1884.1666666666665,1914.0,257,True,-1914.0,-1914.0,-3828.0
256,1,1746.1666666666665,1802.0,255,True,-1802.0,-1802.0,-3604.0
256,2,1820.1666666666665,2438.0,264,True,-2438.0,-2438.0,-4876.0
256,3,1793.1666666666665,2443.0,262,True,-2443.0,-2443.0,-4886.0
257,0,1743.1666666666665,1544.0,252,True,-1544.0,-1544.0,-3088.0
257,1,1767.1666666666665,1791.0,254,True,-1791.0,-1791.0,-3582.0
257,2,1816.1666666666665,1445.0,250,True,-1445.0,-1445.0,-2890.0
257,3,1872.1666666666665,2037.0,258,True,-2037.0,-2037.0,-4074.0
258,0,1996.1666666666665,2332.0,262,True,-2332.0,-2332.0,-4664.0
258,1,2058.5,2059.0,259,True,-2059.0,-2059.0,-4118.0
258,2,2060.1666666666665,1952.0,257,True,-1952.0,-1952.0,-3904.0
258,3,1810.1666666666665,1667.0,253,True,-1667.0,-1667.0,-3334.0
259,0,1872.1666666666665,1998.0,258,True,-1998.0,-1998.0,-3996.0
259,1,1797.1666666666665,2170.0,260,True,-2170.0,-2170.0,-4340.0
259,2,1722.0,2511.0,265,True,-2511.0,-2511.0,-5022.0
259,3,1906.1666666666665,2237.0,261,True,-2237.0,-2237.0,-4474.0
260,0,1963.1666666666665,1841.0,256,True,-1841.0,-1841.0,-3682.0
260,1,1884.1666666666665,1658.0,253,True,-1658.0,-1658.0,-3316.0
260,2,1848.1666666666665,2379.0,263,True,-2379.0,-2379.0,-4758.0
260,3,2016.1666666666665,1581.0,252,True,-1581.0,-1581.0,-3162.0
261,0,1736.1666666666665,2041.0,257,True,-2041.0,-2041.0,-4082.0
261,1,1904.1666666666665,1684.0,253,True,-1684.0,-1684.0,-3368.0
261,2,1955.5,3065.0,270,True,-3065.0,-3065.0,-6130.0
261,3,1926.1666666666665,2409.0,264,True,-2409.0,-2409.0,-4818.0
262,0,1941.5,1605.0,252,True,-1605.0,-1605.0,-3210.0
262,1,1850.1666666666665,2035.0,257,True,-2035.0,-2035.0,-4070.0
262,2,1726.1666666666665,1620.0,252,True,-1620.0,-1620.0,-3240.0
262,3,1792.0,1592.0,251,True,-1592.0,-1592.0,-3184.0
263,0,1845.1666666666665,2065.0,258,True,-2065.0,-2065.0,-4130.0
263,1,1929.1666666666665,1947.0,257,True,-1947.0,-1947.0,-3894.0
263,2,1895.1666666666665,2088.0,259,True,-2088.0,-2088.0,-4176.0
263,3,1880.1666666666665,1784.0,253,True,-1784.0,-1784.0,-3568.0
264,0,2008.1666666666665,2138.0,258,True,-2138.0,-2138.0,-4276.0
264,1,1728.1666666666665,2202.0,259,True,-2202.0,-2202.0,-4404.0
264,2,1733.0,1761.0,255,True,-1761.0,-1761.0,-3522.0
264,3,1721.1666666666665,1965.0,256,True,-1965.0,-1965.0,-3930.0
265,0,1898.1666666666665,2765.0,268,True,-2765.0,-2765.0,-5530.0
265,1,1836.1666666666665,2183.0,259,True,-2183.0,-2183.0,-4366.0
265,2,1790.1666666666665,2206.0,260,True,-2206.0,-2206.0,-4412.0
265,3,1890.1666666666665,2027.0,259,True,-2027.0,-2027.0,-4054.0
266,0,1718.1666666666665,1879.0,256,True,-1879.0,-1879.0,-3758.0
266,1,1879.0,2217.0,262,True,-2217.0,-2217.0,-4434.0
266,2,1880.1666666666665,2103.0,259,True,-2103.0,-2103.0,-4206.0
266,3,1867.1666666666665,2662.0,267,True,-2662.0,-2662.0,-5324.0
267,0,1883.0,2117.0,259,True,-2117.0,-2117.0,-4234.0
267,1,1894.0,2370.0,261,True,-2370.0,-2370.0,-4740.0
267,2,2125.1666666666665,1972.0,258,True,-1972.0,-1972.0,-3944.0
267,3,1915.1666666666665,2607.0,266,True,-2607.0,-2607.0,-5214.0
268,0,1840.1666666666665,1990.0,258,True,-1990.0,-1990.0,-3980.0
268,1,1872.0,2503.0,265,True,-2503.0,-2503.0,-5006.0
268,2,2011.5,1971.0,256,True,-1971.0,-1971.0,-3942.0
268,3,1934.0,2414.0,264,True,-2414.0,-2414.0,-4828.0
269,0,1920.1666666666665,2022.0,257,True,-2022.0,-2022.0,-4044.0
269,1,1877.1666666666665,2013.0,258,True,-2013.0,-2013.0,-4026.0
269,2,1788.1666666666665,1360.0,249,True,-1360.0,-1360.0,-2720.0
269,3,1977.1666666666665,1997.0,256,True,-1997.0,-1997.0,-3994.0
270,0,2015.1666666666665,2631.0,265,True,-2631.0,-2631.0,-5262.0
270,1,2025.3333333333335,2257.0,262,True,-2257.0,-2257.0,-4514.0
270,2,1829.1666666666665,1873.0,256,True,-1873.0,-1873.0,-3746.0
270,3,1963.1666666666667,2089.0,259,True,-2089.0,-2089.0,-4178.0
271,0,1926.1666666666665,1582.0,252,True,-1582.0,-1582.0,-3164.0
271,1,1803.1666666666665,1813.0,255,True,-1813.0,-1813.0,-3626.0
271,2,2007.0,2077.0,258,True,-2077.0,-2077.0,-4154.0
271,3,2108.1666666666665,2129.0,260,True,-2129.0,-2129.0,-4258.0
272,0,1812.1666666666665,1852.0,256,True,-1852.0,-1852.0,-3704.0
272,1,1877.1666666666665,1944.0,257,True,-1944.0,-1944.0,-3888.0
272,2,1828.0,2396.0,264,True,-2396.0,-2396.0,-4792.0
272,3,1736.1666666666665,1688.0,254,True,-1688.0,-1688.0,-3376.0
273,0,1924.1666666666665,1411.0,250,True,-1411.0,-1411.0,-2822.0
273,1,1954.1666666666665,2391.0,263,True,-2391.0,-2391.0,-4782.0
273,2,1811.1666666666665,2131.0,259,True,-2131.0,-2131.0,-4262.0
273,3,1704.0,2865.0,266,True,-2865.0,-2865.0,-5730.0
274,0,1685.1666666666665,1905.0,255,True,-1905.0,-1905.0,-3810.0
274,1,1947.1666666666665,2369.0,261,True,-2369.0,-2369.0,-4738.0
274,2,1761.1666666666665,1543.0,252,True,-1543.0,-1543.0,-3086.0
274,3,1919.1666666666665,1556.0,251,True,-1556.0,-1556.0,-3112.0
275,0,1844.1666666666665,1899.0,255,True,-1899.0,-1899.0,-3798.0
275,1,2015.1666666666665,1853.0,256,True,-1853.0,-1853.0,-3706.0
275,2,1885.1666666666665,1569.0,251,True,-1569.0,-1569.0,-3138.0
275,3,1869.1666666666665,1906.0,258,True,-1906.0,-1906.0,-3812.0
276,0,1898.1666666666665,2466.0,261,True,-2466.0,-2466.0,-4932.0
276,1,1786.1666666666665,1716.0,254,True,-1716.0,-1716.0,-3432.0
276,2,1836.1666666666665,1779.0,253,True,-1779.0,-1779.0,-3558.0
276,3,1770.1666666666665,1831.0,255,True,-1831.0,-1831.0,-3662.0
277,0,1757.1666666666665,2304.0,259,True,-2304.0,-2304.0,-4608.0
277,1,1834.1666666666665,2332.0,261,True,-2332.0,-2332.0,-4664.0
277,2,1855.1666666666665,1916.0,255,True,-1916.0,-1916.0,-3832.0
277,3,1987.1666666666665,1696.0,250,True,-1696.0,-1696.0,-3392.0
278,0,1959.1666666666665,1917.0,254,True,-1917.0,-1917.0,-3834.0
278,1,1768.9999999999998,2391.0,261,True,-2391.0,-2391.0,-4782.0
278,2,1855.1666666666665,1804.0,254,True,-1804.0,-1804.0,-3608.0
278,3,1768.1666666666665,2207.0,260,True,-2207.0,-2207.0,-4414.0
279,0,1824.1666666666665,1999.0,257,True,-1999.0,-1999.0,-3998.0
279,1,1858.1666666666665,1760.0,251,True,-1760.0,-1760.0,-3520.0
279,2,1838.1666666666665,1582.0,250,True,-1582.0,-1582.0,-3164.0
279,3,1745.1666666666665,1706.0,251,True,-1706.0,-1706.0,-3412.0
280,0,1823.1666666666665,2069.0,255,True,-2069.0,-2069.0,-4138.0
280,1,2013.1666666666665,2374.0,259,True,-2374.0,-2374.0,-4748.0
280,2,1860.1666666666665,1899.0,255,True,-1899.0,-1899.0,-3798.0
280,3,1898.1666666666665,2057.0,256,True,-2057.0,-2057.0,-4114.0
281,0,2072.1666666666665,2017.0,255,True,-2017.0,-2017.0,-4034.0
281,1,1883.1666666666665,2302.0,258,True,-2302.0,-2302.0,-4604.0
281,2,1743.1666666666665,2580.0,262,True,-2580.0,-2580.0,-5160.0
281,3,1854.0,1768.0,253,True,-1768.0,-1768.0,-3536.0
282,0,1760.1666666666665,2041.0,256,True,-2041.0,-2041.0,-4082.0
282,1,1742.1666666666665,2148.0,257,True,-2148.0,-2148.0,-4296.0
282,2,1887.1666666666665,2006.0,255,True,-2006.0,-2006.0,-4012.0
282,3,1761.1666666666665,1643.0,250,True,-1643.0,-1643.0,-3286.0
283,0,1982.1666666666665,2133.0,256,True,-2133.0,-2133.0,-4266.0
283,1,1751.1666666666665,1377.0,247,True,-1377.0,-1377.0,-2754.0
283,2,1884.1666666666665,2359.0,257,True,-2359.0,-2359.0,-4718.0
283,3,1800.1666666666665,1783.0,251,True,-1783.0,-1783.0,-3566.0
284,0,1838.1666666666665,1623.0,250,True,-1623.0,-1623.0,-3246.0
284,1,1816.1666666666665,2035.0,257,True,-2035.0,-2035.0,-4070.0
284,2,1828.1666666666665,1544.0,249,True,-1544.0,-1544.0,-3088.0
284,3,1844.1666666666665,1644.0,252,True,-1644.0,-1644.0,-3288.0
285,0,1819.1666666666665,1721.0,254,True,-1721.0,-1721.0,-3442.0
285,1,1838.1666666666665,1749.0,254,True,-1749.0,-1749.0,-3498.0
285,2,1824.1666666666665,2083.0,256,True,-2083.0,-2083.0,-4166.0
285,3,1977.1666666666665,2292.0,259,True,-2292.0,-2292.0,-4584.0
286,0,1851.1666666666665,1646.0,251,True,-1646.0,-1646.0,-3292.0
286,1,1872.1666666666665,2136.0,258,True,-2136.0,-2136.0,-4272.0
286,2,1693.8333333333333,2239.0,258,True,-2239.0,-2239.0,-4478.0
286,3,1928.1666666666665,1683.0,251,True,-1683.0,-1683.0,-3366.0
287,0,1972.1666666666665,1980.0,256,True,-1980.0,-1980.0,-3960.0
287,1,1898.1666666666665,2242.0,258,True,-2242.0,-2242.0,-4484.0
287,2,1987.1666666666665,1738.0,253,True,-1738.0,-1738.0,-3476.0
287,3,1762.1666666666665,2140.0,258,True,-2140.0,-2140.0,-4280.0
288,0,1872.6666666666665,2592.0,262,True,-2592.0,-2592.0,-5184.0
288,1,1879.1666666666665,1793.0,254,True,-1793.0,-1793.0,-3586.0
288,2,1945.1666666666665,2024.0,258,True,-2024.0,-2024.0,-4048.0
288,3,1833.0,1903.0,254,True,-1903.0,-1903.0,-3806.0
289,0,1938.1666666666665,1265.0,247,True,-1265.0,-1265.0,-2530.0
289,1,1804.1666666666665,2168.0,259,True,-2168.0,-2168.0,-4336.0
289,2,1850.1666666666665,2463.0,264,True,-2463.0,-2463.0,-4926.0
289,3,1930.1666666666665,2142.0,259,True,-2142.0,-2142.0,-4284.0
290,0,1853.1666666666665,1653.0,252,True,-1653.0,-1653.0,-3306.0
290,1,1812.1666666666665,1688.0,253,True,-1688.0,-1688.0,-3376.0
290,2,1677.1666666666665,1919.0,257,True,-1919.0,-1919.0,-3838.0
290,3,2079.166666666667,1797.0,253,True,-1797.0,-1797.0,-3594.0
291,0,1823.1666666666665,1812.0,254,True,-1812.0,-1812.0,-3624.0
291,1,1761.1666666666665,1424.0,250,True,-1424.0,-1424.0,-2848.0
291,2,1998.5,2433.0,263,True,-2433.0,-2433.0,-4866.0
291,3,2013.1666666666665,2244.0,260,True,-2244.0,-2244.0,-4488.0
292,0,1804.8333333333333,2746.0,269,True,-2746.0,-2746.0,-5492.0
292,1,1906.1666666666665,2072.0,259,True,-2072.0,-2072.0,-4144.0
292,2,1835.1666666666665,2665.0,265,True,-2665.0,-2665.0,-5330.0
292,3,1875.1666666666665,2179.0,259,True,-2179.0,-2179.0,-4358.0
293,0,1862.1666666666665,1484.0,251,True,-1484.0,-1484.0,-2968.0
293,1,1907.1666666666665,2015.0,258,True,-2015.0,-2015.0,-4030.0
293,2,1923.1666666666665,2061.0,258,True,-2061.0,-2061.0,-4122.0
293,3,1921.1666666666665,2198.0,260,True,-2198.0,-2198.0,-4396.0
294,0,1705.1666666666665,1982.0,257,True,-1982.0,-1982.0,-3964.0
294,1,2016.1666666666665,2582.0,266,True,-2582.0,-2582.0,-5164.0
294,2,1920.1666666666665,1668.0,253,True,-1668.0,-1668.0,-3336.0
294,3,1790.1666666666665,1841.0,255,True,-1841.0,-1841.0,-3682.0
295,0,2036.1666666666665,1889.0,256,True,-1889.0,-1889.0,-3778.0
295,1,1797.1666666666665,2902.0,269,True,-2902.0,-2902.0,-5804.0
295,2,1742.1666666666665,1684.0,254,True,-1684.0,-1684.0,-3368.0
295,3,1984.1666666666665,2380.0,263,True,-2380.0,-2380.0,-4760.0
296,0,1886.1666666666665,2285.0,261,True,-2285.0,-2285.0,-4570.0
296,1,1855.1666666666665,2100.0,259,True,-2100.0,-2100.0,-4200.0
296,2,2020.1666666666665,2363.0,263,True,-2363.0,-2363.0,-4726.0
296,3,1822.1666666666665,1862.0,256,True,-1862.0,-1862.0,-3724.0
297,0,1801.1666666666665,1722.0,254,True,-1722.0,-1722.0,-3444.0
297,1,1814.1666666666665,1632.0,251,True,-1632.0,-1632.0,-3264.0
297,2,1905.1666666666665,1836.0,254,True,-1836.0,-1836.0,-3672.0
297,3,1836.1666666666665,2031.0,258,True,-2031.0,-2031.0,-4062.0
298,0,1729.1666666666665,2567.0,263,True,-2567.0,-2567.0,-5134.0
298,1,1746.6666666666665,2222.0,260,True,-2222.0,-2222.0,-4444.0
298,2,2041.1666666666667,2798.0,266,True,-2798.0,-2798.0,-5596.0
298,3,2027.1666666666665,2188.0,260,True,-2188.0,-2188.0,-4376.0
299,0,1929.0,2246.0,260,True,-2246.0,-2246.0,-4492.0
299,1,1747.1666666666665,2268.0,261,True,-2268.0,-2268.0,-4536.0
299,2,1726.1666666666665,2536.0,265,True,-2536.0,-2536.0,-5072.0
299,3,1923.0,2630.0,266,True,-2630.0,-2630.0,-5260.0
300,0,1711.1666666666665,2165.0,258,True,-2165.0,-2165.0,-4330.0
300,1,1934.0,1773.0,254,True,-1773.0,-1773.0,-3546.0
300,2,1896.1666666666665,2825.0,268,True,-2825.0,-2825.0,-5650.0
300,3,1949.1666666666665,2185.0,261,True,-2185.0,-2185.0,-4370.0
301,0,1915.1666666666665,2531.0,263,True,-2531.0,-2531.0,-5062.0
301,1,1942.1666666666665,2641.0,267,True,-2641.0,-2641.0,-5282.0
301,2,1791.1666666666665,2645.0,266,True,-2645.0,-2645.0,-5290.0
301,3,1869.1666666666665,2321.0,261,True,-2321.0,-2321.0,-4642.0
302,0,1807.1666666666665,2217.0,261,True,-2217.0,-2217.0,-4434.0
302,1,2078.1666666666665,2359.0,261,True,-2359.0,-2359.0,-4718.0
302,2,1798.1666666666665,2423.0,263,True,-2423.0,-2423.0,-4846.0
302,3,1884.1666666666665,1643.0,253,True,-1643.0,-1643.0,-3286.0
303,0,1843.1666666666665,1883.0,253,True,-1883.0,-1883.0,-3766.0
303,1,1913.1666666666665,2142.0,260,True,-2142.0,-2142.0,-4284.0
303,2,1839.0,2679.0,265,True,-2679.0,-2679.0,-5358.0
303,3,1982.1666666666665,1924.0,256,True,-1924.0,-1924.0,-3848.0
304,0,1804.1666666666665,2504.0,262,True,-2504.0,-2504.0,-5008.0
304,1,2054.1666666666665,2962.0,268,True,-2962.0,-2962.0,-5924.0
304,2,1861.1666666666665,2395.0,260,True,-2395.0,-2395.0,-4790.0
304,3,1858.1666666666665,2629.0,265,True,-2629.0,-2629.0,-5258.0
305,0,1840.1666666666665,2031.0,257,True,-2031.0,-2031.0,-4062.0
305,1,1750.3333333333335,2053.0,259,True,-2053.0,-2053.0,-4106.0
305,2,1805.1666666666665,2224.0,261,True,-2224.0,-2224.0,-4448.0
305,3,2025.1666666666665,1955.0,256,True,-1955.0,-1955.0,-3910.0
306,0,1803.1666666666665,1974.0,256,True,-1974.0,-1974.0,-3948.0
306,1,1883.1666666666665,2557.0,265,True,-2557.0,-2557.0,-5114.0
306,2,1739.5,1996.0,257,True,-1996.0,-1996.0,-3992.0
306,3,1655.1666666666665,2233.0,259,True,-2233.0,-2233.0,-4466.0
307,0,1799.1666666666665,2152.0,259,True,-2152.0,-2152.0,-4304.0
307,1,2119.3333333333335,2132.0,259,True,-2132.0,-2132.0,-4264.0
307,2,1910.1666666666665,1528.0,251,True,-1528.0,-1528.0,-3056.0
307,3,2147.1666666666665,2388.0,263,True,-2388.0,-2388.0,-4776.0
308,0,1781.1666666666665,1926.0,255,True,-1926.0,-1926.0,-3852.0
308,1,1755.1666666666665,2299.0,258,True,-2299.0,-2299.0,-4598.0
308,2,1906.1666666666665,1800.0,254,True,-1800.0,-1800.0,-3600.0
308,3,1955.1666666666665,2270.0,261,True,-2270.0,-2270.0,-4540.0
309,0,1892.1666666666665,1826.0,255,True,-1826.0,-1826.0,-3652.0
309,1,1735.0,2323.0,263,True,-2323.0,-2323.0,-4646.0
309,2,2039.1666666666665,1789.0,253,True,-1789.0,-1789.0,-3578.0
309,3,1797.5,2178.0,260,True,-2178.0,-2178.0,-4356.0
310,0,1873.1666666666665,2012.0,258,True,-2012.0,-2012.0,-4024.0
310,1,1897.1666666666665,2276.0,263,True,-2276.0,-2276.0,-4552.0
310,2,1881.1666666666665,2081.0,258,True,-2081.0,-2081.0,-4162.0
310,3,2011.1666666666665,1607.0,251,True,-1607.0,-1607.0,-3214.0
311,0,1962.1666666666667,2742.0,267,True,-2742.0,-2742.0,-5484.0
311,1,1747.1666666666665,2354.0,262,True,-2354.0,-2354.0,-4708.0
311,2,1993.1666666666665,1964.0,257,True,-1964.0,-1964.0,-3928.0
311,3,1808.0,2254.0,260,True,-2254.0,-2254.0,-4508.0
312,0,1960.3333333333335,1842.0,256,True,-1842.0,-1842.0,-3684.0
312,1,1932.1666666666665,2285.0,260,True,-2285.0,-2285.0,-4570.0
312,2,1772.1666666666665,1913.0,256,True,-1913.0,-1913.0,-3826.0
312,3,1785.1666666666665,1323.0,248,True,-1323.0,-1323.0,-2646.0
313,0,2136.166666666667,2298.0,261,True,-2298.0,-2298.0,-4596.0
313,1,1918.0,1799.0,255,True,-1799.0,-1799.0,-3598.0
313,2,1856.1666666666665,2906.0,270,True,-2906.0,-2906.0,-5812.0
313,3,1767.1666666666665,2101.0,259,True,-2101.0,-2101.0,-4202.0
314,0,1956.1666666666665,2019.0,257,True,-2019.0,-2019.0,-4038.0
314,1,1717.1666666666665,2227.0,260,True,-2227.0,-2227.0,-4454.0
314,2,1835.0,2498.0,263,True,-2498.0,-2498.0,-4996.0
314,3,1765.1666666666665,2283.0,260,True,-2283.0,-2283.0,-4566.0
315,0,1748.1666666666665,2235.0,260,True,-2235.0,-2235.0,-4470.0
315,1,1777.1666666666665,2415.0,261,True,-2415.0,-2415.0,-4830.0
315,2,1836.1666666666665,1879.0,255,True,-1879.0,-1879.0,-3758.0
315,3,2008.1666666666665,2092.0,258,True,-2092.0,-2092.0,-4184.0
316,0,1758.1666666666665,1822.0,255,True,-1822.0,-1822.0,-3644.0
316,1,1781.0,2274.0,259,True,-2274.0,-2274.0,-4548.0
316,2,1801.1666666666665,1715.0,254,True,-1715.0,-1715.0,-3430.0
316,3,1936.0,2061.0,259,True,-2061.0,-2061.0,-4122.0
317,0,1836.1666666666665,2438.0,263,True,-2438.0,-2438.0,-4876.0
317,1,1733.1666666666665,1966.0,257,True,-1966.0,-1966.0,-3932.0
317,2,1881.1666666666665,1970.0,257,True,-1970.0,-1970.0,-3940.0
317,3,1718.1666666666665,1967.0,257,True,-1967.0,-1967.0,-3934.0
318,0,1817.1666666666665,2829.0,270,True,-2829.0,-2829.0,-5658.0
318,1,1778.1666666666665,2491.0,264,True,-2491.0,-2491.0,-4982.0
318,2,1721.1666666666665,2711.0,267,True,-2711.0,-2711.0,-5422.0
318,3,1977.1666666666665,2646.0,264,True,-2646.0,-2646.0,-5292.0
319,0,1913.1666666666665,1849.0,256,True,-1849.0,-1849.0,-3698.0
319,1,1604.1666666666665,1514.0,251,True,-1514.0,-1514.0,-3028.0
319,2,1616.1666666666665,1846.0,256,True,-1846.0,-1846.0,-3692.0
319,3,2017.1666666666665,3076.0,272,True,-3076.0,-3076.0,-6152.0
320,0,1783.1666666666665,2007.0,254,True,-2007.0,-2007.0,-4014.0
320,1,1798.1666666666665,2374.0,262,True,-2374.0,-2374.0,-4748.0
320,2,1843.1666666666665,1896.0,257,True,-1896.0,-1896.0,-3792.0
320,3,1963.1666666666665,2357.0,263,True,-2357.0,-2357.0,-4714.0
321,0,1854.1666666666665,2392.0,263,True,-2392.0,-2392.0,-4784.0
321,1,1770.1666666666665,2406.0,263,True,-2406.0,-2406.0,-4812.0
321,2,1957.1666666666665,2295.0,261,True,-2295.0,-2295.0,-4590.0
321,3,2028.1666666666665,2779.0,270,True,-2779.0,-2779.0,-5558.0
322,0,1846.1666666666665,2322.0,263,True,-2322.0,-2322.0,-4644.0
322,1,1837.1666666666665,2487.0,266,True,-2487.0,-2487.0,-4974.0
322,2,1769.1666666666665,2973.0,270,True,-2973.0,-2973.0,-5946.0
322,3,1950.1666666666665,1951.0,257,True,-1951.0,-1951.0,-3902.0
323,0,2021.1666666666665,2013.0,257,True,-2013.0,-2013.0,-4026.0
323,1,1791.5,2743.0,267,True,-2743.0,-2743.0,-5486.0
323,2,1876.1666666666665,2176.0,259,True,-2176.0,-2176.0,-4352.0
323,3,1884.1666666666665,2828.0,266,True,-2828.0,-2828.0,-5656.0
324,0,1942.1666666666665,2174.0,259,True,-2174.0,-2174.0,-4348.0
324,1,1895.1666666666665,2389.0,259,True,-2389.0,-2389.0,-4778.0
324,2,1810.1666666666665,1469.0,249,True,-1469.0,-1469.0,-2938.0
324,3,1896.5,2519.0,261,True,-2519.0,-2519.0,-5038.0
325,0,1983.3333333333335,3286.0,267,True,-3286.0,-3286.0,-6572.0
325,1,1777.1666666666665,2319.0,258,True,-2319.0,-2319.0,-4638.0
325,2,2064.1666666666665,2054.0,258,True,-2054.0,-2054.0,-4108.0
325,3,1728.1666666666665,2602.0,262,True,-2602.0,-2602.0,-5204.0
326,0,1998.1666666666665,2389.0,260,True,-2389.0,-2389.0,-4778.0
326,1,2018.0,3079.0,268,True,-3079.0,-3079.0,-6158.0
326,2,1762.1666666666665,2123.0,258,True,-2123.0,-2123.0,-4246.0
326,3,1893.1666666666665,2104.0,259,True,-2104.0,-2104.0,-4208.0
327,0,1810.1666666666667,2863.0,267,True,-2863.0,-2863.0,-5726.0
327,1,1902.1666666666665,2386.0,263,True,-2386.0,-2386.0,-4772.0
327,2,1838.1666666666665,2032.0,255,True,-2032.0,-2032.0,-4064.0
327,3,1869.1666666666665,1853.0,251,True,-1853.0,-1853.0,-3706.0
328,0,1687.0,2564.0,261,True,-2564.0,-2564.0,-5128.0
328,1,2092.1666666666665,1704.0,252,True,-1704.0,-1704.0,-3408.0
328,2,1753.3333333333333,3085.0,270,True,-3085.0,-3085.0,-6170.0
328,3,1831.0,2347.0,263,True,-2347.0,-2347.0,-4694.0
329,0,2088.1666666666665,2277.0,262,True,-2277.0,-2277.0,-4554.0
329,1,2026.1666666666665,2993.0,266,True,-2993.0,-2993.0,-5986.0
329,2,2111.5,3298.0,274,True,-3298.0,-3298.0,-6596.0
329,3,1869.1666666666665,2656.0,265,True,-2656.0,-2656.0,-5312.0
330,0,2073.3333333333335,2410.0,261,True,-2410.0,-2410.0,-4820.0
330,1,2085.6666666666665,2575.0,262,True,-2575.0,-2575.0,-5150.0
330,2,1849.1666666666665,3104.0,268,True,-3104.0,-3104.0,-6208.0
330,3,1874.1666666666665,1943.0,257,True,-1943.0,-1943.0,-3886.0
331,0,2421.5,3529.0,274,True,-3529.0,-3529.0,-7058.0
331,1,1863.1666666666665,2391.0,256,True,-2391.0,-2391.0,-4782.0
331,2,2263.3333333333335,2429.0,260,True,-2429.0,-2429.0,-4858.0
331,3,2330.5,2218.0,257,True,-2218.0,-2218.0,-4436.0
332,0,2009.1666666666665,2633.0,265,True,-2633.0,-2633.0,-5266.0
332,1,1995.1666666666665,2637.0,263,True,-2637.0,-2637.0,-5274.0
332,2,2111.1666666666665,2934.0,268,True,-2934.0,-2934.0,-5868.0
332,3,1881.1666666666665,1869.0,254,True,-1869.0,-1869.0,-3738.0
333,0,2235.5,2127.0,258,True,-2127.0,-2127.0,-4254.0
333,1,2288.666666666667,2849.0,268,True,-2849.0,-2849.0,-5698.0
333,2,2100.1666666666665,2167.0,259,True,-2167.0,-2167.0,-4334.0
333,3,2142.6666666666665,2200.0,259,True,-2200.0,-2200.0,-4400.0
334,0,1819.1666666666665,2002.0,257,True,-2002.0,-2002.0,-4004.0
334,1,2002.1666666666665,1995.0,258,True,-1995.0,-1995.0,-3990.0
334,2,1788.1666666666665,2191.0,257,True,-2191.0,-2191.0,-4382.0
334,3,2111.333333333333,2506.0,263,True,-2506.0,-2506.0,-5012.0
335,0,1763.1666666666665,2520.0,265,True,-2520.0,-2520.0,-5040.0
335,1,1761.1666666666665,1793.0,254,True,-1793.0,-1793.0,-3586.0
335,2,2270.3333333333335,2760.0,267,True,-2760.0,-2760.0,-5520.0
335,3,1843.1666666666665,2519.0,264,True,-2519.0,-2519.0,-5038.0
336,0,2126.6666666666665,1797.0,252,True,-1797.0,-1797.0,-3594.0
336,1,2028.1666666666665,3008.0,271,True,-3008.0,-3008.0,-6016.0
336,2,1719.1666666666665,1997.0,257,True,-1997.0,-1997.0,-3994.0
336,3,2158.333333333333,2129.0,260,True,-2129.0,-2129.0,-4258.0
337,0,1884.1666666666665,2628.0,266,True,-2628.0,-2628.0,-5256.0
337,1,2235.333333333333,1700.0,254,True,-1700.0,-1700.0,-3400.0
337,2,2167.3333333333335,2425.0,263,True,-2425.0,-2425.0,-4850.0
337,3,1960.6666666666665,1896.0,256,True,-1896.0,-1896.0,-3792.0
338,0,2110.333333333333,2188.0,259,True,-2188.0,-2188.0,-4376.0
338,1,2244.6666666666665,3109.0,271,True,-3109.0,-3109.0,-6218.0
338,2,1904.1666666666665,2048.0,259,True,-2048.0,-2048.0,-4096.0
338,3,2198.6666666666665,2548.0,265,True,-2548.0,-2548.0,-5096.0
339,0,1753.0,2465.0,263,True,-2465.0,-2465.0,-4930.0
339,1,2207.1666666666665,2255.0,262,True,-2255.0,-2255.0,-4510.0
339,2,1951.3333333333335,2210.0,258,True,-2210.0,-2210.0,-4420.0
339,3,1964.1666666666665,2412.0,261,True,-2412.0,-2412.0,-4824.0
340,0,1751.1666666666665,1560.0,251,True,-1560.0,-1560.0,-3120.0
340,1,1819.0,2500.0,262,True,-2500.0,-2500.0,-5000.0
340,2,2270.5,2244.0,260,True,-2244.0,-2244.0,-4488.0
340,3,1775.0,1779.0,254,True,-1779.0,-1779.0,-3558.0
341,0,2207.1666666666665,2262.0,262,True,-2262.0,-2262.0,-4524.0
341,1,2011.3333333333335,1990.0,255,True,-1990.0,-1990.0,-3980.0
341,2,1982.1666666666665,2410.0,263,True,-2410.0,-2410.0,-4820.0
341,3,2036.3333333333335,3028.0,268,True,-3028.0,-3028.0,-6056.0
342,0,1866.1666666666665,1708.0,250,True,-1708.0,-1708.0,-3416.0
342,1,2129.3333333333335,2774.0,266,True,-2774.0,-2774.0,-5548.0
342,2,2071.3333333333335,3334.0,272,True,-3334.0,-3334.0,-6668.0
342,3,2187.1666666666665,2106.0,256,True,-2106.0,-2106.0,-4212.0
343,0,1751.0,2635.0,266,True,-2635.0,-2635.0,-5270.0
343,1,1778.1666666666665,2117.0,258,True,-2117.0,-2117.0,-4234.0
343,2,1712.1666666666665,1831.0,251,True,-1831.0,-1831.0,-3662.0
343,3,1900.1666666666665,2684.0,264,True,-2684.0,-2684.0,-5368.0
344,0,2062.333333333333,1846.0,256,True,-1846.0,-1846.0,-3692.0
344,1,1807.1666666666665,1737.0,253,True,-1737.0,-1737.0,-3474.0
344,2,1972.1666666666665,1991.0,256,True,-1991.0,-1991.0,-3982.0
344,3,1922.1666666666665,1630.0,250,True,-1630.0,-1630.0,-3260.0
345,0,1995.3333333333335,3038.0,268,True,-3038.0,-3038.0,-6076.0
345,1,1977.1666666666667,2528.0,261,True,-2528.0,-2528.0,-5056.0
345,2,2054.0,2499.0,261,True,-2499.0,-2499.0,-4998.0
345,3,1844.1666666666665,1874.0,254,True,-1874.0,-1874.0,-3748.0
346,0,1940.1666666666665,2180.0,258,True,-2180.0,-2180.0,-4360.0
346,1,1993.1666666666665,2983.0,270,True,-2983.0,-2983.0,-5966.0
346,2,2005.1666666666665,2979.0,270,True,-2979.0,-2979.0,-5958.0
346,3,1864.1666666666665,2260.0,260,True,-2260.0,-2260.0,-4520.0
347,0,2202.5,1568.0,251,True,-1568.0,-1568.0,-3136.0
347,1,1932.1666666666665,2690.0,268,True,-2690.0,-2690.0,-5380.0
347,2,1988.6666666666665,2325.0,263,True,-2325.0,-2325.0,-4650.0
347,3,1800.0,2258.0,258,True,-2258.0,-2258.0,-4516.0
348,0,2118.6666666666665,2664.0,265,True,-2664.0,-2664.0,-5328.0
348,1,2127.3333333333335,2886.0,269,True,-2886.0,-2886.0,-5772.0
348,2,1950.1666666666665,1913.0,256,True,-1913.0,-1913.0,-3826.0
348,3,1892.1666666666665,2133.0,259,True,-2133.0,-2133.0,-4266.0
349,0,1880.6666666666665,2347.0,261,True,-2347.0,-2347.0,-4694.0
349,1,1989.6666666666665,2238.0,258,True,-2238.0,-2238.0,-4476.0
349,2,1699.0,1816.0,254,True,-1816.0,-1816.0,-3632.0
349,3,1843.1666666666665,2346.0,261,True,-2346.0,-2346.0,-4692.0
350,0,1717.1666666666665,2212.0,259,True,-2212.0,-2212.0,-4424.0
350,1,2170.6666666666665,2850.0,271,True,-2850.0,-2850.0,-5700.0
350,2,1731.1666666666665,1601.0,251,True,-1601.0,-1601.0,-3202.0
350,3,1847.1666666666665,2040.0,257,True,-2040.0,-2040.0,-4080.0
351,0,2283.333333333333,2124.0,257,True,-2124.0,-2124.0,-4248.0
351,1,1953.3333333333335,2875.0,268,True,-2875.0,-2875.0,-5750.0
351,2,2024.6666666666665,2023.0,259,True,-2023.0,-2023.0,-4046.0
351,3,2148.6666666666665,2238.0,260,True,-2238.0,-2238.0,-4476.0
352,0,2202.3333333333335,2606.0,264,True,-2606.0,-2606.0,-5212.0
352,1,2333.666666666667,2181.0,260,True,-2181.0,-2181.0,-4362.0
352,2,2113.1666666666665,2091.0,260,True,-2091.0,-2091.0,-4182.0
352,3,2110.6666666666665,2674.0,265,True,-2674.0,-2674.0,-5348.0
353,0,1892.1666666666665,1537.0,252,True,-1537.0,-1537.0,-3074.0
353,1,1685.1666666666665,1874.0,256,True,-1874.0,-1874.0,-3748.0
353,2,1865.1666666666665,2163.0,258,True,-2163.0,-2163.0,-4326.0
353,3,1756.1666666666665,2141.0,258,True,-2141.0,-2141.0,-4282.0
354,0,1979.1666666666665,2398.0,262,True,-2398.0,-2398.0,-4796.0
354,1,2304.333333333333,1674.0,252,True,-1674.0,-1674.0,-3348.0
354,2,1987.3333333333335,2013.0,257,True,-2013.0,-2013.0,-4026.0
354,3,2040.3333333333335,2863.0,266,True,-2863.0,-2863.0,-5726.0
355,0,1830.1666666666665,2023.0,257,True,-2023.0,-2023.0,-4046.0
355,1,1918.1666666666665,2146.0,258,True,-2146.0,-2146.0,-4292.0
355,2,1888.3333333333335,1845.0,255,True,-1845.0,-1845.0,-3690.0
355,3,2248.666666666667,1714.0,252,True,-1714.0,-1714.0,-3428.0
356,0,1689.1666666666665,2482.0,264,True,-2482.0,-2482.0,-4964.0
356,1,2108.6666666666665,2189.0,261,True,-2189.0,-2189.0,-4378.0
356,2,2192.666666666667,2099.0,258,True,-2099.0,-2099.0,-4198.0
356,3,2050.1666666666665,2739.0,267,True,-2739.0,-2739.0,-5478.0
357,0,2058.6666666666665,2604.0,265,True,-2604.0,-2604.0,-5208.0
357,1,2016.1666666666665,2826.0,265,True,-2826.0,-2826.0,-5652.0
357,2,1861.5,2344.0,262,True,-2344.0,-2344.0,-4688.0
357,3,2409.0,2575.0,262,True,-2575.0,-2575.0,-5150.0
358,0,1843.1666666666665,2954.0,269,True,-2954.0,-2954.0,-5908.0
358,1,1812.1666666666665,2536.0,265,True,-2536.0,-2536.0,-5072.0
358,2,1761.1666666666665,2168.0,257,True,-2168.0,-2168.0,-4336.0
358,3,2081.5,2565.0,264,True,-2565.0,-2565.0,-5130.0
359,0,1882.5,3062.0,272,True,-3062.0,-3062.0,-6124.0
359,1,1906.1666666666665,2040.0,258,True,-2040.0,-2040.0,-4080.0
359,2,2093.1666666666665,3276.0,275,True,-3276.0,-3276.0,-6552.0
359,3,1792.1666666666665,2231.0,261,True,-2231.0,-2231.0,-4462.0
360,0,1936.1666666666665,2293.0,260,True,-2293.0,-2293.0,-4586.0
360,1,2244.3333333333335,2192.0,260,True,-2192.0,-2192.0,-4384.0
360,2,2153.666666666667,2704.0,266,True,-2704.0,-2704.0,-5408.0
360,3,1938.3333333333335,2050.0,258,True,-2050.0,-2050.0,-4100.0
361,0,1896.1666666666665,2304.0,260,True,-2304.0,-2304.0,-4608.0
361,1,1689.1666666666665,1770.0,255,True,-1770.0,-1770.0,-3540.0
361,2,1814.1666666666665,2473.0,264,True,-2473.0,-2473.0,-4946.0
361,3,1804.1666666666665,2212.0,260,True,-2212.0,-2212.0,-4424.0
362,0,2086.6666666666665,2041.0,258,True,-2041.0,-2041.0,-4082.0
362,1,1751.1666666666665,1892.0,257,True,-1892.0,-1892.0,-3784.0
362,2,1804.1666666666667,2878.0,270,True,-2878.0,-2878.0,-5756.0
362,3,1862.1666666666665,2231.0,261,True,-2231.0,-2231.0,-4462.0
363,0,2000.5,3174.0,272,True,-3174.0,-3174.0,-6348.0
363,1,2085.3333333333335,2477.0,264,True,-2477.0,-2477.0,-4954.0
363,2,1709.1666666666667,1698.0,254,True,-1698.0,-1698.0,-3396.0
363,3,1817.1666666666665,3009.0,272,True,-3009.0,-3009.0,-6018.0
364,0,1645.1666666666665,2453.0,265,True,-2453.0,-2453.0,-4906.0
364,1,2069.6666666666665,2818.0,269,True,-2818.0,-2818.0,-5636.0
364,2,2026.5,2033.0,258,True,-2033.0,-2033.0,-4066.0
364,3,1855.1666666666667,1756.0,255,True,-1756.0,-1756.0,-3512.0
365,0,1716.1666666666665,2044.0,258,True,-2044.0,-2044.0,-4088.0
365,1,1907.1666666666665,2060.0,258,True,-2060.0,-2060.0,-4120.0
365,2,1859.1666666666665,2348.0,263,True,-2348.0,-2348.0,-4696.0
365,3,1716.1666666666665,2262.0,261,True,-2262.0,-2262.0,-4524.0
366,0,2037.3333333333333,2096.0,258,True,-2096.0,-2096.0,-4192.0
366,1,2116.3333333333335,2188.0,259,True,-2188.0,-2188.0,-4376.0
366,2,2155.5,2089.0,258,True,-2089.0,-2089.0,-4178.0
366,3,2059.3333333333335,2587.0,263,True,-2587.0,-2587.0,-5174.0
367,0,2253.3333333333335,1959.0,256,True,-1959.0,-1959.0,-3918.0
367,1,2095.1666666666665,2148.0,258,True,-2148.0,-2148.0,-4296.0
367,2,2391.0,1649.0,251,True,-1649.0,-1649.0,-3298.0
367,3,1860.1666666666665,2235.0,262,True,-2235.0,-2235.0,-4470.0
368,0,2022.6666666666665,2783.0,266,True,-2783.0,-2783.0,-5566.0
368,1,2288.6666666666665,1689.0,252,True,-1689.0,-1689.0,-3378.0
368,2,1751.1666666666665,1622.0,250,True,-1622.0,-1622.0,-3244.0
368,3,1813.1666666666665,2072.0,258,True,-2072.0,-2072.0,-4144.0
369,0,1648.1666666666665,2364.0,261,True,-2364.0,-2364.0,-4728.0
369,1,2469.833333333333,2536.0,263,True,-2536.0,-2536.0,-5072.0
369,2,1803.1666666666665,1477.0,246,True,-1477.0,-1477.0,-2954.0
369,3,1636.1666666666665,1817.0,254,True,-1817.0,-1817.0,-3634.0
370,0,1725.1666666666665,1956.0,253,True,-1956.0,-1956.0,-3912.0
370,1,1758.1666666666665,1947.0,255,True,-1947.0,-1947.0,-3894.0
370,2,1802.1666666666665,1807.0,253,True,-1807.0,-1807.0,-3614.0
370,3,2131.333333333333,2648.0,263,True,-2648.0,-2648.0,-5296.0
371,0,2261.1666666666665,2052.0,257,True,-2052.0,-2052.0,-4104.0
371,1,2395.5,2220.0,260,True,-2220.0,-2220.0,-4440.0
371,2,1742.1666666666665,2099.0,258,True,-2099.0,-2099.0,-4198.0
371,3,1747.0,1488.0,249,True,-1488.0,-1488.0,-2976.0
372,0,1789.1666666666665,1997.0,254,True,-1997.0,-1997.0,-3994.0
372,1,2154.5,2112.0,256,True,-2112.0,-2112.0,-4224.0
372,2,2154.6666666666665,2327.0,257,True,-2327.0,-2327.0,-4654.0
372,3,1943.1666666666667,2403.0,261,True,-2403.0,-2403.0,-4806.0
373,0,2095.5,2004.0,255,True,-2004.0,-2004.0,-4008.0
373,1,2334.333333333333,2351.0,261,True,-2351.0,-2351.0,-4702.0
373,2,1997.1666666666665,2097.0,258,True,-2097.0,-2097.0,-4194.0
373,3,1713.1666666666667,2426.0,261,True,-2426.0,-2426.0,-4852.0
374,0,1739.1666666666665,1971.0,255,True,-1971.0,-1971.0,-3942.0
374,1,1911.1666666666665,1684.0,251,True,-1684.0,-1684.0,-3368.0
374,2,1807.5,2835.0,266,True,-2835.0,-2835.0,-5670.0
374,3,1738.1666666666665,1812.0,255,True,-1812.0,-1812.0,-3624.0
375,0,1907.1666666666665,1555.0,250,True,-1555.0,-1555.0,-3110.0
375,1,1841.1666666666665,2059.0,257,True,-2059.0,-2059.0,-4118.0
375,2,1870.1666666666665,1684.0,251,True,-1684.0,-1684.0,-3368.0
375,3,1835.1666666666665,1395.0,249,True,-1395.0,-1395.0,-2790.0
376,0,1879.1666666666665,2591.0,265,True,-2591.0,-2591.0,-5182.0
376,1,1960.9999999999998,2721.0,265,True,-2721.0,-2721.0,-5442.0
376,2,1699.1666666666665,2146.0,258,True,-2146.0,-2146.0,-4292.0
376,3,1972.6666666666667,2690.0,266,True,-2690.0,-2690.0,-5380.0
377,0,1695.1666666666665,2290.0,262,True,-2290.0,-2290.0,-4580.0
377,1,1807.1666666666665,2004.0,256,True,-2004.0,-2004.0,-4008.0
377,2,1885.3333333333335,2127.0,257,True,-2127.0,-2127.0,-4254.0
377,3,2424.8333333333335,2069.0,256,True,-2069.0,-2069.0,-4138.0
378,0,2187.3333333333335,1949.0,254,True,-1949.0,-1949.0,-3898.0
378,1,1679.0,2284.0,260,True,-2284.0,-2284.0,-4568.0
378,2,2007.3333333333335,1810.0,254,True,-1810.0,-1810.0,-3620.0
378,3,1706.1666666666665,2264.0,257,True,-2264.0,-2264.0,-4528.0
379,0,1789.1666666666665,1917.0,256,True,-1917.0,-1917.0,-3834.0
379,1,1744.1666666666665,2730.0,267,True,-2730.0,-2730.0,-5460.0
379,2,1908.1666666666665,2445.0,262,True,-2445.0,-2445.0,-4890.0
379,3,1864.1666666666665,1899.0,255,True,-1899.0,-1899.0,-3798.0
380,0,2028.3333333333335,1592.0,250,True,-1592.0,-1592.0,-3184.0
380,1,1647.1666666666665,1650.0,253,True,-1650.0,-1650.0,-3300.0
380,2,2062.3333333333335,2195.0,258,True,-2195.0,-2195.0,-4390.0
380,3,1708.1666666666665,2357.0,261,True,-2357.0,-2357.0,-4714.0
381,0,1717.1666666666665,2303.0,262,True,-2303.0,-2303.0,-4606.0
381,1,1803.1666666666665,2460.0,261,True,-2460.0,-2460.0,-4920.0
381,2,2118.1666666666665,2035.0,257,True,-2035.0,-2035.0,-4070.0
381,3,1856.1666666666665,2145.0,258,True,-2145.0,-2145.0,-4290.0
382,0,1608.1666666666665,1502.0,251,True,-1502.0,-1502.0,-3004.0
382,1,1744.1666666666665,1763.0,255,True,-1763.0,-1763.0,-3526.0
382,2,1987.3333333333335,1826.0,255,True,-1826.0,-1826.0,-3652.0
382,3,2281.3333333333335,2103.0,259,True,-2103.0,-2103.0,-4206.0
383,0,1885.1666666666665,2278.0,262,True,-2278.0,-2278.0,-4556.0
383,1,1874.1666666666665,1438.0,250,True,-1438.0,-1438.0,-2876.0
383,2,1695.1666666666665,2302.0,261,True,-2302.0,-2302.0,-4604.0
383,3,1873.1666666666665,1892.0,257,True,-1892.0,-1892.0,-3784.0
384,0,1813.1666666666665,1448.0,249,True,-1448.0,-1448.0,-2896.0
384,1,1647.1666666666665,1894.0,256,True,-1894.0,-1894.0,-3788.0
384,2,1706.1666666666665,1850.0,252,True,-1850.0,-1850.0,-3700.0
384,3,1775.1666666666665,1597.0,252,True,-1597.0,-1597.0,-3194.0
385,0,1781.1666666666665,2269.0,260,True,-2269.0,-2269.0,-4538.0
385,1,1833.1666666666665,2170.0,259,True,-2170.0,-2170.0,-4340.0
385,2,1692.1666666666665,2499.0,264,True,-2499.0,-2499.0,-4998.0
385,3,1779.1666666666665,1754.0,255,True,-1754.0,-1754.0,-3508.0
386,0,1834.1666666666665,2626.0,264,True,-2626.0,-2626.0,-5252.0
386,1,1651.1666666666665,1661.0,253,True,-1661.0,-1661.0,-3322.0
386,2,1839.1666666666665,1940.0,257,True,-1940.0,-1940.0,-3880.0
386,3,1723.1666666666665,1319.0,248,True,-1319.0,-1319.0,-2638.0
387,0,1917.3333333333335,1664.0,252,True,-1664.0,-1664.0,-3328.0
387,1,1831.1666666666665,2027.0,257,True,-2027.0,-2027.0,-4054.0
387,2,2145.5,2526.0,265,True,-2526.0,-2526.0,-5052.0
387,3,1917.1666666666665,2082.0,259,True,-2082.0,-2082.0,-4164.0
388,0,1735.1666666666665,2372.0,263,True,-2372.0,-2372.0,-4744.0
388,1,1914.1666666666665,2025.0,259,True,-2025.0,-2025.0,-4050.0
388,2,1742.1666666666665,1646.0,253,True,-1646.0,-1646.0,-3292.0
388,3,1813.1666666666665,2115.0,259,True,-2115.0,-2115.0,-4230.0
389,0,1952.1666666666665,2070.0,257,True,-2070.0,-2070.0,-4140.0
389,1,1688.1666666666665,2098.0,259,True,-2098.0,-2098.0,-4196.0
389,2,1776.1666666666665,2830.0,268,True,-2830.0,-2830.0,-5660.0
389,3,1719.1666666666665,2491.0,264,True,-2491.0,-2491.0,-4982.0
390,0,1801.1666666666665,1866.0,254,True,-1866.0,-1866.0,-3732.0
390,1,1835.1666666666665,2110.0,258,True,-2110.0,-2110.0,-4220.0
390,2,1763.1666666666665,1559.0,252,True,-1559.0,-1559.0,-3118.0
390,3,1909.1666666666665,2614.0,265,True,-2614.0,-2614.0,-5228.0
391,0,1924.1666666666665,2114.0,257,True,-2114.0,-2114.0,-4228.0
391,1,1893.1666666666665,1850.0,254,True,-1850.0,-1850.0,-3700.0
391,2,1729.1666666666665,1731.0,254,True,-1731.0,-1731.0,-3462.0
391,3,1795.1666666666665,2130.0,260,True,-2130.0,-2130.0,-4260.0
392,0,1892.1666666666665,1795.0,255,True,-1795.0,-1795.0,-3590.0
392,1,1785.1666666666665,1971.0,256,True,-1971.0,-1971.0,-3942.0
392,2,1866.1666666666665,1920.0,254,True,-1920.0,-1920.0,-3840.0
392,3,1796.1666666666665,2110.0,257,True,-2110.0,-2110.0,-4220.0
393,0,1717.1666666666665,1651.0,254,True,-1651.0,-1651.0,-3302.0
393,1,1738.0,2232.0,258,True,-2232.0,-2232.0,-4464.0
393,2,1679.1666666666665,1797.0,255,True,-1797.0,-1797.0,-3594.0
393,3,1810.1666666666665,1804.0,252,True,-1804.0,-1804.0,-3608.0
394,0,1582.1666666666665,1878.0,256,True,-1878.0,-1878.0,-3756.0
394,1,1872.5,2023.0,258,True,-2023.0,-2023.0,-4046.0
394,2,1858.1666666666665,2078.0,258,True,-2078.0,-2078.0,-4156.0
394,3,1777.1666666666665,1637.0,253,True,-1637.0,-1637.0,-3274.0
395,0,1806.1666666666667,2129.0,260,True,-2129.0,-2129.0,-4258.0
395,1,1744.1666666666665,1890.0,255,True,-1890.0,-1890.0,-3780.0
395,2,1642.1666666666665,1497.0,250,True,-1497.0,-1497.0,-2994.0
395,3,1811.1666666666665,1792.0,254,True,-1792.0,-1792.0,-3584.0
396,0,1623.1666666666665,2249.0,262,True,-2249.0,-2249.0,-4498.0
396,1,1701.1666666666665,2127.0,260,True,-2127.0,-2127.0,-4254.0
396,2,1683.1666666666665,2085.0,259,True,-2085.0,-2085.0,-4170.0
396,3,1633.1666666666665,1655.0,254,True,-1655.0,-1655.0,-3310.0
397,0,1690.1666666666665,2025.0,256,True,-2025.0,-2025.0,-4050.0
397,1,2101.1666666666665,1507.0,250,True,-1507.0,-1507.0,-3014.0
397,2,1804.0,2137.0,258,True,-2137.0,-2137.0,-4274.0
397,3,1923.1666666666667,2071.0,257,True,-2071.0,-2071.0,-4142.0
398,0,1861.0,2846.0,267,True,-2846.0,-2846.0,-5692.0
398,1,1855.0,2159.0,258,True,-2159.0,-2159.0,-4318.0
398,2,1665.1666666666665,1504.0,251,True,-1504.0,-1504.0,-3008.0
398,3,1678.0,1690.0,253,True,-1690.0,-1690.0,-3380.0
399,0,1903.1666666666665,2435.0,263,True,-2435.0,-2435.0,-4870.0
399,1,1610.1666666666665,1351.0,248,True,-1351.0,-1351.0,-2702.0
399,2,1809.1666666666665,2465.0,263,True,-2465.0,-2465.0,-4930.0
399,3,1755.0,1532.0,251,True,-1532.0,-1532.0,-3064.0
400,0,1831.0,2106.0,258,True,-2106.0,-2106.0,-4212.0
400,1,1870.1666666666665,1938.0,256,True,-1938.0,-1938.0,-3876.0
400,2,1927.0,2694.0,268,True,-2694.0,-2694.0,-5388.0
400,3,1870.0,2229.0,261,True,-2229.0,-2229.0,-4458.0
401,0,1842.1666666666665,2372.0,260,True,-2372.0,-2372.0,-4744.0
401,1,1817.1666666666667,1808.0,255,True,-1808.0,-1808.0,-3616.0
401,2,1956.1666666666665,1948.0,257,True,-1948.0,-1948.0,-3896.0
401,3,1852.1666666666667,2155.0,259,True,-2155.0,-2155.0,-4310.0
402,0,1856.0,2154.0,260,True,-2154.0,-2154.0,-4308.0
402,1,1883.0,2252.0,258,True,-2252.0,-2252.0,-4504.0
402,2,1997.1666666666665,2262.0,261,True,-2262.0,-2262.0,-4524.0
402,3,1946.1666666666665,2444.0,264,True,-2444.0,-2444.0,-4888.0
403,0,1855.1666666666665,1705.0,254,True,-1705.0,-1705.0,-3410.0
403,1,1741.1666666666665,2074.0,258,True,-2074.0,-2074.0,-4148.0
403,2,1780.1666666666665,2830.0,268,True,-2830.0,-2830.0,-5660.0
403,3,1903.0,2242.0,262,True,-2242.0,-2242.0,-4484.0
404,0,1783.1666666666665,2018.0,258,True,-2018.0,-2018.0,-4036.0
404,1,1789.1666666666665,1991.0,256,True,-1991.0,-1991.0,-3982.0
404,2,2140.1666666666665,2880.0,268,True,-2880.0,-2880.0,-5760.0
404,3,1912.1666666666665,2350.0,263,True,-2350.0,-2350.0,-4700.0
405,0,1846.1666666666665,1679.0,251,True,-1679.0,-1679.0,-3358.0
405,1,1859.5,2241.0,261,True,-2241.0,-2241.0,-4482.0
405,2,1701.1666666666665,1996.0,256,True,-1996.0,-1996.0,-3992.0
405,3,1777.1666666666665,3204.0,273,True,-3204.0,-3204.0,-6408.0
406,0,1845.0,1772.0,253,True,-1772.0,-1772.0,-3544.0
406,1,1836.1666666666665,1891.0,256,True,-1891.0,-1891.0,-3782.0
406,2,1906.1666666666665,1706.0,254,True,-1706.0,-1706.0,-3412.0
406,3,2133.1666666666665,2733.0,266,True,-2733.0,-2733.0,-5466.0
407,0,1870.1666666666665,1036.0,244,True,-1036.0,-1036.0,-2072.0
407,1,1763.1666666666665,1756.0,253,True,-1756.0,-1756.0,-3512.0
407,2,1855.0,1674.0,253,True,-1674.0,-1674.0,-3348.0
407,3,1908.1666666666665,1789.0,254,True,-1789.0,-1789.0,-3578.0
408,0,1871.1666666666665,2233.0,261,True,-2233.0,-2233.0,-4466.0
408,1,2036.1666666666665,2064.0,257,True,-2064.0,-2064.0,-4128.0
408,2,1746.1666666666665,2184.0,258,True,-2184.0,-2184.0,-4368.0
408,3,1751.0,1872.0,256,True,-1872.0,-1872.0,-3744.0
409,0,1843.1666666666665,1364.0,249,True,-1364.0,-1364.0,-2728.0
409,1,1695.3333333333333,2622.0,266,True,-2622.0,-2622.0,-5244.0
409,2,2077.5,2194.0,260,True,-2194.0,-2194.0,-4388.0
409,3,1829.0,1733.0,254,True,-1733.0,-1733.0,-3466.0
410,0,1925.1666666666665,2246.0,260,True,-2246.0,-2246.0,-4492.0
410,1,1656.0,2020.0,256,True,-2020.0,-2020.0,-4040.0
410,2,1895.1666666666667,1584.0,252,True,-1584.0,-1584.0,-3168.0
410,3,2008.1666666666665,1753.0,254,True,-1753.0,-1753.0,-3506.0
411,0,1977.1666666666665,1695.0,254,True,-1695.0,-1695.0,-3390.0
411,1,1868.0,1923.0,257,True,-1923.0,-1923.0,-3846.0
411,2,1568.1666666666665,1679.0,253,True,-1679.0,-1679.0,-3358.0
411,3,2007.1666666666665,2106.0,259,True,-2106.0,-2106.0,-4212.0
412,0,1854.1666666666665,2565.0,265,True,-2565.0,-2565.0,-5130.0
412,1,1819.1666666666665,2883.0,269,True,-2883.0,-2883.0,-5766.0
412,2,1826.1666666666665,2471.0,264,True,-2471.0,-2471.0,-4942.0
412,3,1758.1666666666665,2044.0,257,True,-2044.0,-2044.0,-4088.0
413,0,1973.1666666666665,1839.0,256,True,-1839.0,-1839.0,-3678.0
413,1,1887.1666666666665,1780.0,254,True,-1780.0,-1780.0,-3560.0
413,2,1780.1666666666665,2097.0,258,True,-2097.0,-2097.0,-4194.0
413,3,1795.1666666666665,2705.0,268,True,-2705.0,-2705.0,-5410.0
414,0,1728.1666666666665,2351.0,261,True,-2351.0,-2351.0,-4702.0
414,1,1773.1666666666665,2322.0,262,True,-2322.0,-2322.0,-4644.0
414,2,2091.5,2339.0,263,True,-2339.0,-2339.0,-4678.0
414,3,1842.1666666666665,2330.0,263,True,-2330.0,-2330.0,-4660.0
415,0,1976.1666666666665,1573.0,252,True,-1573.0,-1573.0,-3146.0
415,1,1842.1666666666665,2121.0,259,True,-2121.0,-2121.0,-4242.0
415,2,1869.1666666666665,2019.0,256,True,-2019.0,-2019.0,-4038.0
415,3,2100.3333333333335,1874.0,254,True,-1874.0,-1874.0,-3748.0
416,0,1853.0,2218.0,259,True,-2218.0,-2218.0,-4436.0
416,1,1743.1666666666665,2068.0,258,True,-2068.0,-2068.0,-4136.0
416,2,1741.1666666666665,2315.0,262,True,-2315.0,-2315.0,-4630.0
416,3,1813.1666666666665,1941.0,254,True,-1941.0,-1941.0,-3882.0
417,0,1835.1666666666665,1404.0,250,True,-1404.0,-1404.0,-2808.0
417,1,1843.1666666666665,2006.0,258,True,-2006.0,-2006.0,-4012.0
417,2,1810.1666666666665,2940.0,268,True,-2940.0,-2940.0,-5880.0
417,3,1837.1666666666665,1784.0,254,True,-1784.0,-1784.0,-3568.0
418,0,1730.1666666666665,1639.0,253,True,-1639.0,-1639.0,-3278.0
418,1,1870.1666666666665,1678.0,253,True,-1678.0,-1678.0,-3356.0
418,2,1798.1666666666665,1722.0,253,True,-1722.0,-1722.0,-3444.0
418,3,1917.1666666666665,2341.0,261,True,-2341.0,-2341.0,-4682.0
419,0,1761.1666666666665,2445.0,263,True,-2445.0,-2445.0,-4890.0
419,1,1767.6666666666665,2387.0,264,True,-2387.0,-2387.0,-4774.0
419,2,1631.1666666666667,2528.0,265,True,-2528.0,-2528.0,-5056.0
419,3,1779.1666666666665,2650.0,266,True,-2650.0,-2650.0,-5300.0
420,0,1862.1666666666665,1871.0,256,True,-1871.0,-1871.0,-3742.0
420,1,1848.1666666666665,1415.0,250,True,-1415.0,-1415.0,-2830.0
420,2,1733.1666666666665,2039.0,259,True,-2039.0,-2039.0,-4078.0
420,3,1777.1666666666665,2022.0,257,True,-2022.0,-2022.0,-4044.0
421,0,1996.3333333333335,2242.0,260,True,-2242.0,-2242.0,-4484.0
421,1,1790.1666666666665,1949.0,257,True,-1949.0,-1949.0,-3898.0
421,2,1775.1666666666665,2045.0,257,True,-2045.0,-2045.0,-4090.0
421,3,1821.1666666666665,2484.0,265,True,-2484.0,-2484.0,-4968.0
422,0,1890.1666666666665,1760.0,255,True,-1760.0,-1760.0,-3520.0
422,1,1749.1666666666665,2264.0,261,True,-2264.0,-2264.0,-4528.0
422,2,1682.0,1759.0,255,True,-1759.0,-1759.0,-3518.0
422,3,1750.1666666666665,1774.0,254,True,-1774.0,-1774.0,-3548.0
423,0,1779.3333333333335,2856.0,268,True,-2856.0,-2856.0,-5712.0
423,1,1963.1666666666667,2380.0,262,True,-2380.0,-2380.0,-4760.0
423,2,1836.1666666666665,2036.0,257,True,-2036.0,-2036.0,-4072.0
423,3,1720.1666666666665,1935.0,256,True,-1935.0,-1935.0,-3870.0
424,0,1657.1666666666665,1950.0,256,True,-1950.0,-1950.0,-3900.0
424,1,1654.6666666666667,2560.0,265,True,-2560.0,-2560.0,-5120.0
424,2,1825.1666666666665,2012.0,258,True,-2012.0,-2012.0,-4024.0
424,3,1756.1666666666665,2045.0,258,True,-2045.0,-2045.0,-4090.0
425,0,1930.1666666666665,2424.0,263,True,-2424.0,-2424.0,-4848.0
425,1,1820.1666666666665,2578.0,265,True,-2578.0,-2578.0,-5156.0
425,2,1687.0,1797.0,256,True,-1797.0,-1797.0,-3594.0
425,3,1571.1666666666665,1656.0,253,True,-1656.0,-1656.0,-3312.0
426,0,1726.0,2065.0,259,True,-2065.0,-2065.0,-4130.0
426,1,1806.0,2107.0,258,True,-2107.0,-2107.0,-4214.0
426,2,1817.0,2497.0,262,True,-2497.0,-2497.0,-4994.0
426,3,1762.1666666666665,2003.0,258,True,-2003.0,-2003.0,-4006.0
427,0,2054.1666666666665,2016.0,258,True,-2016.0,-2016.0,-4032.0
427,1,1878.1666666666665,1578.0,252,True,-1578.0,-1578.0,-3156.0
427,2,1866.1666666666665,2768.0,269,True,-2768.0,-2768.0,-5536.0
427,3,1882.1666666666667,2143.0,260,True,-2143.0,-2143.0,-4286.0
428,0,1682.1666666666665,2138.0,259,True,-2138.0,-2138.0,-4276.0
428,1,1828.0,2504.0,264,True,-2504.0,-2504.0,-5008.0
428,2,2062.5,2375.0,264,True,-2375.0,-2375.0,-4750.0
428,3,1808.0,1704.0,254,True,-1704.0,-1704.0,-3408.0
429,0,1793.0,1444.0,250,True,-1444.0,-1444.0,-2888.0
429,1,1983.3333333333333,2612.0,264,True,-2612.0,-2612.0,-5224.0
429,2,2071.1666666666665,1914.0,256,True,-1914.0,-1914.0,-3828.0
429,3,1809.1666666666665,2688.0,267,True,-2688.0,-2688.0,-5376.0
430,0,2059.166666666667,2301.0,261,True,-2301.0,-2301.0,-4602.0
430,1,1806.0,1673.0,252,True,-1673.0,-1673.0,-3346.0
430,2,1686.1666666666665,1425.0,249,True,-1425.0,-1425.0,-2850.0
430,3,1843.0,2169.0,261,True,-2169.0,-2169.0,-4338.0
431,0,2181.1666666666665,1962.0,258,True,-1962.0,-1962.0,-3924.0
431,1,1763.1666666666665,1672.0,253,True,-1672.0,-1672.0,-3344.0
431,2,1816.1666666666665,1933.0,257,True,-1933.0,-1933.0,-3866.0
431,3,2023.3333333333335,2066.0,259,True,-2066.0,-2066.0,-4132.0
432,0,1704.1666666666665,1162.0,246,True,-1162.0,-1162.0,-2324.0
432,1,1794.1666666666665,1746.0,254,True,-1746.0,-1746.0,-3492.0
432,2,1763.1666666666665,2210.0,261,True,-2210.0,-2210.0,-4420.0
432,3,1954.1666666666665,2034.0,257,True,-2034.0,-2034.0,-4068.0
433,0,1939.5,1951.0,256,True,-1951.0,-1951.0,-3902.0
433,1,2021.5,1729.0,253,True,-1729.0,-1729.0,-3458.0
433,2,1786.1666666666665,2137.0,258,True,-2137.0,-2137.0,-4274.0
433,3,1772.1666666666665,1754.0,253,True,-1754.0,-1754.0,-3508.0
434,0,1674.1666666666665,1920.0,257,True,-1920.0,-1920.0,-3840.0
434,1,1602.1666666666665,2144.0,259,True,-2144.0,-2144.0,-4288.0
434,2,1908.0,1873.0,256,True,-1873.0,-1873.0,-3746.0
434,3,2046.1666666666665,1839.0,255,True,-1839.0,-1839.0,-3678.0
435,0,1759.1666666666665,1629.0,251,True,-1629.0,-1629.0,-3258.0
435,1,2383.166666666667,2007.0,256,True,-2007.0,-2007.0,-4014.0
435,2,1813.1666666666665,1500.0,251,True,-1500.0,-1500.0,-3000.0
435,3,1686.1666666666665,2446.0,265,True,-2446.0,-2446.0,-4892.0
436,0,1955.1666666666665,2230.0,259,True,-2230.0,-2230.0,-4460.0
436,1,1894.0,1809.0,253,True,-1809.0,-1809.0,-3618.0
436,2,1717.1666666666665,2211.0,261,True,-2211.0,-2211.0,-4422.0
436,3,1865.1666666666665,2642.0,266,True,-2642.0,-2642.0,-5284.0
437,0,1759.1666666666665,2240.0,261,True,-2240.0,-2240.0,-4480.0
437,1,1756.1666666666665,1833.0,255,True,-1833.0,-1833.0,-3666.0
437,2,1786.1666666666665,2132.0,258,True,-2132.0,-2132.0,-4264.0
437,3,1704.1666666666665,1818.0,256,True,-1818.0,-1818.0,-3636.0
438,0,1914.0,2504.0,264,True,-2504.0,-2504.0,-5008.0
438,1,1806.1666666666665,1858.0,256,True,-1858.0,-1858.0,-3716.0
438,2,1946.1666666666665,1684.0,253,True,-1684.0,-1684.0,-3368.0
438,3,1740.0,2626.0,267,True,-2626.0,-2626.0,-5252.0
439,0,1787.1666666666665,2517.0,266,True,-2517.0,-2517.0,-5034.0
439,1,1919.3333333333335,2630.0,267,True,-2630.0,-2630.0,-5260.0
439,2,1996.1666666666665,2497.0,263,True,-2497.0,-2497.0,-4994.0
439,3,1743.1666666666665,1790.0,255,True,-1790.0,-1790.0,-3580.0
440,0,1600.0,2183.0,258,True,-2183.0,-2183.0,-4366.0
440,1,1832.1666666666665,1868.0,256,True,-1868.0,-1868.0,-3736.0
440,2,1735.1666666666665,1522.0,251,True,-1522.0,-1522.0,-3044.0
440,3,1847.0,2138.0,260,True,-2138.0,-2138.0,-4276.0
441,0,1869.1666666666665,2430.0,264,True,-2430.0,-2430.0,-4860.0
441,1,1820.1666666666665,2409.0,262,True,-2409.0,-2409.0,-4818.0
441,2,1784.1666666666665,2021.0,257,True,-2021.0,-2021.0,-4042.0
441,3,1983.1666666666665,1836.0,256,True,-1836.0,-1836.0,-3672.0
442,0,1762.1666666666667,2040.0,258,True,-2040.0,-2040.0,-4080.0
442,1,1735.0,1862.0,255,True,-1862.0,-1862.0,-3724.0
442,2,2056.0,2180.0,260,True,-2180.0,-2180.0,-4360.0
442,3,1731.1666666666665,1573.0,252,True,-1573.0,-1573.0,-3146.0
443,0,2188.1666666666665,2568.0,264,True,-2568.0,-2568.0,-5136.0
443,1,1691.0,1688.0,254,True,-1688.0,-1688.0,-3376.0
443,2,1860.1666666666665,1454.0,250,True,-1454.0,-1454.0,-2908.0
443,3,2091.0,2016.0,259,True,-2016.0,-2016.0,-4032.0
444,0,1903.1666666666667,2739.0,269,True,-2739.0,-2739.0,-5478.0
444,1,1885.1666666666665,2258.0,262,True,-2258.0,-2258.0,-4516.0
444,2,1982.1666666666667,2424.0,263,True,-2424.0,-2424.0,-4848.0
444,3,1813.1666666666665,2018.0,259,True,-2018.0,-2018.0,-4036.0
445,0,1795.1666666666665,1608.0,252,True,-1608.0,-1608.0,-3216.0
445,1,2065.166666666667,2710.0,266,True,-2710.0,-2710.0,-5420.0
445,2,1827.3333333333335,2105.0,260,True,-2105.0,-2105.0,-4210.0
445,3,1972.5,1426.0,250,True,-1426.0,-1426.0,-2852.0
446,0,2218.666666666667,2201.0,261,True,-2201.0,-2201.0,-4402.0
446,1,2131.166666666667,2578.0,265,True,-2578.0,-2578.0,-5156.0
446,2,1884.1666666666665,1677.0,253,True,-1677.0,-1677.0,-3354.0
446,3,2196.5,2693.0,265,True,-2693.0,-2693.0,-5386.0
447,0,1691.1666666666665,2401.0,263,True,-2401.0,-2401.0,-4802.0
447,1,1777.1666666666665,2279.0,262,True,-2279.0,-2279.0,-4558.0
447,2,1976.1666666666665,1592.0,252,True,-1592.0,-1592.0,-3184.0
447,3,2040.5,3031.0,270,True,-3031.0,-3031.0,-6062.0
448,0,1649.0,2310.0,261,True,-2310.0,-2310.0,-4620.0
448,1,1854.5,2385.0,264,True,-2385.0,-2385.0,-4770.0
448,2,1941.1666666666665,2467.0,265,True,-2467.0,-2467.0,-4934.0
448,3,1539.1666666666665,2625.0,264,True,-2625.0,-2625.0,-5250.0
449,0,2002.1666666666665,2299.0,263,True,-2299.0,-2299.0,-4598.0
449,1,2125.3333333333335,2205.0,259,True,-2205.0,-2205.0,-4410.0
449,2,2030.1666666666665,1485.0,250,True,-1485.0,-1485.0,-2970.0
449,3,2128.666666666667,1911.0,256,True,-1911.0,-1911.0,-3822.0
450,0,1851.1666666666667,1698.0,253,True,-1698.0,-1698.0,-3396.0
450,1,2108.1666666666665,1789.0,256,True,-1789.0,-1789.0,-3578.0
450,2,1726.1666666666665,2651.0,267,True,-2651.0,-2651.0,-5302.0
450,3,1976.1666666666665,2296.0,263,True,-2296.0,-2296.0,-4592.0
451,0,2216.5,2904.0,269,True,-2904.0,-2904.0,-5808.0
451,1,1840.5,3023.0,269,True,-3023.0,-3023.0,-6046.0
451,2,1748.1666666666665,2336.0,262,True,-2336.0,-2336.0,-4672.0
451,3,1947.3333333333335,2323.0,263,True,-2323.0,-2323.0,-4646.0
452,0,1818.1666666666665,2250.0,261,True,-2250.0,-2250.0,-4500.0
452,1,1927.1666666666665,1980.0,258,True,-1980.0,-1980.0,-3960.0
452,2,1828.0,2210.0,259,True,-2210.0,-2210.0,-4420.0
452,3,1766.1666666666665,2393.0,262,True,-2393.0,-2393.0,-4786.0
453,0,1861.1666666666665,2288.0,262,True,-2288.0,-2288.0,-4576.0
453,1,1813.1666666666665,2546.0,264,True,-2546.0,-2546.0,-5092.0
453,2,1802.1666666666665,2384.0,263,True,-2384.0,-2384.0,-4768.0
453,3,1759.3333333333333,3337.0,273,True,-3337.0,-3337.0,-6674.0
454,0,2103.1666666666665,2750.0,266,True,-2750.0,-2750.0,-5500.0
454,1,1742.1666666666665,2042.0,258,True,-2042.0,-2042.0,-4084.0
454,2,1713.1666666666665,1603.0,253,True,-1603.0,-1603.0,-3206.0
454,3,1900.1666666666665,2350.0,262,True,-2350.0,-2350.0,-4700.0
455,0,1931.1666666666665,2102.0,257,True,-2102.0,-2102.0,-4204.0
455,1,2017.1666666666665,2384.0,262,True,-2384.0,-2384.0,-4768.0
455,2,1810.1666666666665,2287.0,261,True,-2287.0,-2287.0,-4574.0
455,3,2013.1666666666665,1667.0,248,True,-1667.0,-1667.0,-3334.0
456,0,1653.0,1799.0,252,True,-1799.0,-1799.0,-3598.0
456,1,1972.1666666666667,2725.0,265,True,-2725.0,-2725.0,-5450.0
456,2,1802.1666666666665,1799.0,255,True,-1799.0,-1799.0,-3598.0
456,3,1845.1666666666665,2027.0,258,True,-2027.0,-2027.0,-4054.0
457,0,1766.1666666666665,2197.0,261,True,-2197.0,-2197.0,-4394.0
457,1,1858.1666666666665,2933.0,269,True,-2933.0,-2933.0,-5866.0
457,2,1696.1666666666665,2229.0,261,True,-2229.0,-2229.0,-4458.0
457,3,1863.1666666666665,2236.0,261,True,-2236.0,-2236.0,-4472.0
458,0,1854.1666666666665,1972.0,254,True,-1972.0,-1972.0,-3944.0
458,1,1788.1666666666665,2673.0,266,True,-2673.0,-2673.0,-5346.0
458,2,1821.0,2311.0,261,True,-2311.0,-2311.0,-4622.0
458,3,1731.1666666666665,2694.0,266,True,-2694.0,-2694.0,-5388.0
459,0,1795.1666666666665,1694.0,253,True,-1694.0,-1694.0,-3388.0
459,1,1960.1666666666665,2787.0,268,True,-2787.0,-2787.0,-5574.0
459,2,1776.1666666666665,2342.0,262,True,-2342.0,-2342.0,-4684.0
459,3,1663.1666666666665,2629.0,265,True,-2629.0,-2629.0,-5258.0
460,0,1775.1666666666665,2668.0,268,True,-2668.0,-2668.0,-5336.0
460,1,1779.1666666666665,1773.0,252,True,-1773.0,-1773.0,-3546.0
460,2,1898.1666666666667,2201.0,260,True,-2201.0,-2201.0,-4402.0
460,3,2128.333333333333,1972.0,257,True,-1972.0,-1972.0,-3944.0
461,0,1806.1666666666665,1694.0,252,True,-1694.0,-1694.0,-3388.0
461,1,2048.1666666666665,2338.0,262,True,-2338.0,-2338.0,-4676.0
461,2,2221.333333333333,1832.0,255,True,-1832.0,-1832.0,-3664.0
461,3,1772.5,2282.0,261,True,-2282.0,-2282.0,-4564.0
462,0,2041.1666666666665,1847.0,256,True,-1847.0,-1847.0,-3694.0
462,1,1784.1666666666665,2056.0,259,True,-2056.0,-2056.0,-4112.0
462,2,1807.1666666666665,2435.0,263,True,-2435.0,-2435.0,-4870.0
462,3,1972.5,1848.0,256,True,-1848.0,-1848.0,-3696.0
463,0,1581.0,2392.0,262,True,-2392.0,-2392.0,-4784.0
463,1,1848.1666666666665,2005.0,257,True,-2005.0,-2005.0,-4010.0
463,2,1755.6666666666665,2457.0,265,True,-2457.0,-2457.0,-4914.0
463,3,2108.5,2811.0,269,True,-2811.0,-2811.0,-5622.0
464,0,1774.1666666666665,2226.0,261,True,-2226.0,-2226.0,-4452.0
464,1,1845.1666666666665,1831.0,256,True,-1831.0,-1831.0,-3662.0
464,2,1946.5,2697.0,268,True,-2697.0,-2697.0,-5394.0
464,3,1757.1666666666665,2360.0,263,True,-2360.0,-2360.0,-4720.0
465,0,1847.1666666666665,2137.0,260,True,-2137.0,-2137.0,-4274.0
465,1,2071.0,2269.0,260,True,-2269.0,-2269.0,-4538.0
465,2,1735.1666666666665,1534.0,252,True,-1534.0,-1534.0,-3068.0
465,3,1801.3333333333333,3080.0,272,True,-3080.0,-3080.0,-6160.0
466,0,1675.0,2192.0,260,True,-2192.0,-2192.0,-4384.0
466,1,1971.0,1842.0,256,True,-1842.0,-1842.0,-3684.0
466,2,2198.6666666666665,1871.0,257,True,-1871.0,-1871.0,-3742.0
466,3,2141.3333333333335,2193.0,261,True,-2193.0,-2193.0,-4386.0
467,0,1726.1666666666665,1699.0,253,True,-1699.0,-1699.0,-3398.0
467,1,1835.1666666666665,2228.0,261,True,-2228.0,-2228.0,-4456.0
467,2,2294.666666666667,2141.0,260,True,-2141.0,-2141.0,-4282.0
467,3,2179.666666666667,2110.0,260,True,-2110.0,-2110.0,-4220.0
468,0,2090.3333333333335,1834.0,255,True,-1834.0,-1834.0,-3668.0
468,1,1930.1666666666667,1858.0,257,True,-1858.0,-1858.0,-3716.0
468,2,1891.1666666666665,1745.0,255,True,-1745.0,-1745.0,-3490.0
468,3,2001.0,2081.0,259,True,-2081.0,-2081.0,-4162.0
469,0,1923.0,2405.0,263,True,-2405.0,-2405.0,-4810.0
469,1,1778.1666666666665,1929.0,258,True,-1929.0,-1929.0,-3858.0
469,2,1723.1666666666665,1888.0,257,True,-1888.0,-1888.0,-3776.0
469,3,1782.0,2367.0,263,True,-2367.0,-2367.0,-4734.0
470,0,1997.1666666666665,2311.0,262,True,-2311.0,-2311.0,-4622.0
470,1,1857.1666666666665,1979.0,257,True,-1979.0,-1979.0,-3958.0
470,2,2096.1666666666665,2119.0,259,True,-2119.0,-2119.0,-4238.0
470,3,1784.1666666666665,1780.0,256,True,-1780.0,-1780.0,-3560.0
471,0,1903.0,1926.0,257,True,-1926.0,-1926.0,-3852.0
471,1,1857.1666666666665,1927.0,257,True,-1927.0,-1927.0,-3854.0
471,2,1814.1666666666665,2398.0,263,True,-2398.0,-2398.0,-4796.0
471,3,1708.1666666666665,2143.0,259,True,-2143.0,-2143.0,-4286.0
472,0,1957.0,2378.0,263,True,-2378.0,-2378.0,-4756.0
472,1,1962.0,1964.0,257,True,-1964.0,-1964.0,-3928.0
472,2,1847.1666666666665,2343.0,262,True,-2343.0,-2343.0,-4686.0
472,3,1798.0,1858.0,257,True,-1858.0,-1858.0,-3716.0
473,0,2080.0,2164.0,259,True,-2164.0,-2164.0,-4328.0
473,1,1963.0,2117.0,259,True,-2117.0,-2117.0,-4234.0
473,2,2045.5,2485.0,265,True,-2485.0,-2485.0,-4970.0
473,3,1871.1666666666665,2230.0,260,True,-2230.0,-2230.0,-4460.0
474,0,2375.6666666666665,2108.0,258,True,-2108.0,-2108.0,-4216.0
474,1,1718.0,1710.0,255,True,-1710.0,-1710.0,-3420.0
474,2,1891.1666666666665,2240.0,262,True,-2240.0,-2240.0,-4480.0
474,3,1798.1666666666665,2145.0,260,True,-2145.0,-2145.0,-4290.0
475,0,1755.1666666666665,2310.0,262,True,-2310.0,-2310.0,-4620.0
475,1,1778.1666666666665,2204.0,260,True,-2204.0,-2204.0,-4408.0
475,2,1815.1666666666665,1700.0,254,True,-1700.0,-1700.0,-3400.0
475,3,1739.1666666666665,2055.0,259,True,-2055.0,-2055.0,-4110.0
476,0,1635.1666666666665,2356.0,263,True,-2356.0,-2356.0,-4712.0
476,1,1776.1666666666665,1732.0,255,True,-1732.0,-1732.0,-3464.0
476,2,1937.1666666666665,2136.0,260,True,-2136.0,-2136.0,-4272.0
476,3,1983.1666666666665,2237.0,261,True,-2237.0,-2237.0,-4474.0
477,0,1818.1666666666665,1899.0,257,True,-1899.0,-1899.0,-3798.0
477,1,1914.1666666666665,1907.0,257,True,-1907.0,-1907.0,-3814.0
477,2,1950.1666666666665,2363.0,261,True,-2363.0,-2363.0,-4726.0
477,3,1861.1666666666665,2465.0,264,True,-2465.0,-2465.0,-4930.0
478,0,1886.5,1837.0,252,True,-1837.0,-1837.0,-3674.0
478,1,1891.1666666666665,2355.0,263,True,-2355.0,-2355.0,-4710.0
478,2,1981.1666666666665,2132.0,261,True,-2132.0,-2132.0,-4264.0
478,3,1958.1666666666665,1820.0,256,True,-1820.0,-1820.0,-3640.0
479,0,1911.1666666666665,1985.0,257,True,-1985.0,-1985.0,-3970.0
479,1,1825.0,2168.0,261,True,-2168.0,-2168.0,-4336.0
479,2,2100.1666666666665,2424.0,264,True,-2424.0,-2424.0,-4848.0
479,3,2103.1666666666665,2313.0,262,True,-2313.0,-2313.0,-4626.0
480,0,1747.1666666666665,1932.0,257,True,-1932.0,-1932.0,-3864.0
480,1,1946.5,2190.0,260,True,-2190.0,-2190.0,-4380.0
480,2,1816.1666666666665,1906.0,256,True,-1906.0,-1906.0,-3812.0
480,3,1874.1666666666665,2214.0,260,True,-2214.0,-2214.0,-4428.0
481,0,2026.1666666666665,2202.0,262,True,-2202.0,-2202.0,-4404.0
481,1,2124.166666666667,1891.0,257,True,-1891.0,-1891.0,-3782.0
481,2,1795.1666666666665,1859.0,257,True,-1859.0,-1859.0,-3718.0
481,3,1792.1666666666665,1808.0,255,True,-1808.0,-1808.0,-3616.0
482,0,2164.1666666666665,2225.0,261,True,-2225.0,-2225.0,-4450.0
482,1,2039.0,1742.0,255,True,-1742.0,-1742.0,-3484.0
482,2,2110.1666666666665,2315.0,263,True,-2315.0,-2315.0,-4630.0
482,3,1776.1666666666665,2675.0,267,True,-2675.0,-2675.0,-5350.0
483,0,1789.0,2595.0,265,True,-2595.0,-2595.0,-5190.0
483,1,1757.1666666666665,1856.0,256,True,-1856.0,-1856.0,-3712.0
483,2,1815.1666666666665,1850.0,255,True,-1850.0,-1850.0,-3700.0
483,3,1818.1666666666665,1600.0,252,True,-1600.0,-1600.0,-3200.0
484,0,1796.1666666666665,1416.0,250,True,-1416.0,-1416.0,-2832.0
484,1,1613.1666666666665,2381.0,263,True,-2381.0,-2381.0,-4762.0
484,2,1890.1666666666665,2268.0,263,True,-2268.0,-2268.0,-4536.0
484,3,1720.0,1999.0,258,True,-1999.0,-1999.0,-3998.0
485,0,2188.5,2164.0,260,True,-2164.0,-2164.0,-4328.0
485,1,1813.0,2357.0,264,True,-2357.0,-2357.0,-4714.0
485,2,1857.1666666666665,1772.0,255,True,-1772.0,-1772.0,-3544.0
485,3,1858.1666666666665,2060.0,259,True,-2060.0,-2060.0,-4120.0
486,0,1859.0,2343.0,262,True,-2343.0,-2343.0,-4686.0
486,1,1850.1666666666665,2203.0,262,True,-2203.0,-2203.0,-4406.0
486,2,1779.1666666666665,1582.0,252,True,-1582.0,-1582.0,-3164.0
486,3,1788.1666666666665,1812.0,256,True,-1812.0,-1812.0,-3624.0
487,0,2031.5,2097.0,260,True,-2097.0,-2097.0,-4194.0
487,1,1864.1666666666665,2222.0,261,True,-2222.0,-2222.0,-4444.0
487,2,2277.666666666667,1638.0,253,True,-1638.0,-1638.0,-3276.0
487,3,1742.1666666666665,2098.0,260,True,-2098.0,-2098.0,-4196.0
488,0,1847.1666666666665,2476.0,265,True,-2476.0,-2476.0,-4952.0
488,1,1807.1666666666665,2100.0,260,True,-2100.0,-2100.0,-4200.0
488,2,1736.1666666666665,1839.0,256,True,-1839.0,-1839.0,-3678.0
488,3,1727.1666666666665,1614.0,253,True,-1614.0,-1614.0,-3228.0
489,0,2042.1666666666667,2316.0,262,True,-2316.0,-2316.0,-4632.0
489,1,1757.1666666666665,1578.0,253,True,-1578.0,-1578.0,-3156.0
489,2,2143.1666666666665,2187.0,261,True,-2187.0,-2187.0,-4374.0
489,3,1729.1666666666665,1912.0,257,True,-1912.0,-1912.0,-3824.0
490,0,1847.1666666666665,1843.0,256,True,-1843.0,-1843.0,-3686.0
490,1,1694.1666666666665,2001.0,258,True,-2001.0,-2001.0,-4002.0
490,2,1865.1666666666665,1948.0,257,True,-1948.0,-1948.0,-3896.0
490,3,1941.1666666666665,2448.0,264,True,-2448.0,-2448.0,-4896.0
491,0,1767.1666666666665,2263.0,262,True,-2263.0,-2263.0,-4526.0
491,1,1911.0,2240.0,261,True,-2240.0,-2240.0,-4480.0
491,2,1830.1666666666665,1492.0,251,True,-1492.0,-1492.0,-2984.0
491,3,1963.0,1841.0,255,True,-1841.0,-1841.0,-3682.0
492,0,1795.1666666666665,1740.0,253,True,-1740.0,-1740.0,-3480.0
492,1,1792.1666666666665,1661.0,252,True,-1661.0,-1661.0,-3322.0
492,2,1800.1666666666665,2110.0,259,True,-2110.0,-2110.0,-4220.0
492,3,1777.1666666666665,1583.0,253,True,-1583.0,-1583.0,-3166.0
493,0,1819.1666666666665,1524.0,251,True,-1524.0,-1524.0,-3048.0
493,1,1727.1666666666665,1959.0,257,True,-1959.0,-1959.0,-3918.0
493,2,1952.5,2745.0,270,True,-2745.0,-2745.0,-5490.0
493,3,2121.0,1673.0,254,True,-1673.0,-1673.0,-3346.0
494,0,1869.1666666666665,2467.0,264,True,-2467.0,-2467.0,-4934.0
494,1,1728.1666666666665,1911.0,257,True,-1911.0,-1911.0,-3822.0
494,2,1878.1666666666665,2058.0,259,True,-2058.0,-2058.0,-4116.0
494,3,1892.1666666666665,1938.0,257,True,-1938.0,-1938.0,-3876.0
495,0,1813.0,2091.0,259,True,-2091.0,-2091.0,-4182.0
495,1,1910.1666666666665,2106.0,259,True,-2106.0,-2106.0,-4212.0
495,2,2040.0,2018.0,258,True,-2018.0,-2018.0,-4036.0
495,3,1983.1666666666667,1903.0,256,True,-1903.0,-1903.0,-3806.0
496,0,1890.1666666666667,1832.0,255,True,-1832.0,-1832.0,-3664.0
496,1,1736.1666666666665,2260.0,261,True,-2260.0,-2260.0,-4520.0
496,2,2237.1666666666665,2162.0,261,True,-2162.0,-2162.0,-4324.0
496,3,1890.0,1640.0,253,True,-1640.0,-1640.0,-3280.0
497,0,1843.1666666666665,1994.0,258,True,-1994.0,-1994.0,-3988.0
497,1,2270.1666666666665,2023.0,258,True,-2023.0,-2023.0,-4046.0
497,2,1986.1666666666665,2282.0,262,True,-2282.0,-2282.0,-4564.0
497,3,2113.3333333333335,2520.0,265,True,-2520.0,-2520.0,-5040.0
498,0,1787.1666666666665,2056.0,259,True,-2056.0,-2056.0,-4112.0
498,1,1825.1666666666665,2101.0,259,True,-2101.0,-2101.0,-4202.0
498,2,1961.1666666666665,1861.0,256,True,-1861.0,-1861.0,-3722.0
498,3,1819.1666666666665,1603.0,253,True,-1603.0,-1603.0,-3206.0
499,0,1772.0,2023.0,258,True,-2023.0,-2023.0,-4046.0
499,1,1724.1666666666665,1363.0,249,True,-1363.0,-1363.0,-2726.0
499,2,1792.1666666666665,1620.0,252,True,-1620.0,-1620.0,-3240.0
499,3,1857.0,2592.0,267,True,-2592.0,-2592.0,-5184.0
500,0,1686.1666666666665,2324.0,263,True,-2324.0,-2324.0,-4648.0
500,1,1951.0,2419.0,265,True,-2419.0,-2419.0,-4838.0
500,2,1815.1666666666665,1765.0,254,True,-1765.0,-1765.0,-3530.0
500,3,1718.1666666666665,1496.0,251,True,-1496.0,-1496.0,-2992.0
