global_episode,worker_id,makespan,cost,steps,done,upper_reward_sum,lower_reward_sum,total_reward_sum
1,0,5244.333333333332,3034.0,294,True,-9.591577678942725,-9.591577678942725,-19.18315535788545
1,1,5502.833333333333,3090.0,296,True,-9.783147174830203,-9.783147174830203,-19.566294349660406
1,2,5447.166666666666,3401.0,298,True,-10.713013843562146,-10.713013843562146,-21.426027687124293
1,3,4949.666666666666,2440.0,285,True,-7.779523216057193,-7.779523216057193,-15.559046432114386
2,0,5601.166666666668,2735.0,289,True,-8.72485066599594,-8.72485066599594,-17.44970133199188
2,1,5342.166666666667,3098.0,292,True,-9.792755270423417,-9.792755270423417,-19.585510540846833
2,2,5559.0,3076.0,292,True,-9.746111015001745,-9.746111015001745,-19.49222203000349
2,3,5564.0,2566.0,285,True,-8.213494260349224,-8.213494260349224,-16.426988520698448
3,0,5311.5,2526.0,290,True,-8.07056020998093,-8.07056020998093,-16.14112041996186
3,1,4889.333333333334,2418.0,289,True,-7.707968461676574,-7.707968461676574,-15.415936923353147
3,2,5336.333333333334,2176.0,282,True,-7.020687910370396,-7.020687910370396,-14.041375820740791
3,3,4941.0,1999.0,283,True,-6.453092992257837,-6.453092992257837,-12.906185984515673
4,0,4898.5,1764.0,277,True,-5.742860456904464,-5.742860456904464,-11.485720913808928
4,1,4642.666666666667,1619.0,279,True,-5.283995558936446,-5.283995558936446,-10.567991117872891
4,2,4825.666666666666,1291.0,270,True,-4.31447083564814,-4.31447083564814,-8.62894167129628
4,3,4627.5,1976.0,280,True,-6.355778739431866,-6.355778739431866,-12.711557478863732
5,0,5131.166666666669,1468.0,269,True,-4.873991935998301,-4.873991935998301,-9.747983871996603
5,1,4846.5,1857.0,277,True,-6.017746047976062,-6.017746047976062,-12.035492095952124
5,2,4558.0,1450.0,272,True,-4.76837006597566,-4.76837006597566,-9.53674013195132
5,3,4679.333333333333,1528.0,271,True,-5.013743900569458,-5.013743900569458,-10.027487801138916
6,0,5198.833333333334,1354.0,271,True,-4.537388142272657,-4.537388142272657,-9.074776284545313
6,1,4370.833333333333,803.0,264,True,-2.806658584473733,-2.806658584473733,-5.613317168947466
6,2,4617.333333333333,1139.0,265,True,-3.8388329408258564,-3.8388329408258564,-7.677665881651713
6,3,4405.666666666667,999.0,266,True,-3.398967605217477,-3.398967605217477,-6.797935210434954
7,0,4219.833333333334,382.0,255,True,-1.5275563184668566,-1.5275563184668566,-3.055112636933713
7,1,4488.166666666667,761.0,260,True,-2.6909514740921505,-2.6909514740921505,-5.381902948184301
7,2,4659.5,809.0,258,True,-2.850638724084578,-2.850638724084578,-5.701277448169156
7,3,4353.833333333334,811.0,261,True,-2.8291787967852913,-2.8291787967852913,-5.6583575935705825
8,0,4711.333333333334,1049.0,263,True,-3.576740157767265,-3.576740157767265,-7.15348031553453
8,1,5062.166666666666,880.0,265,True,-3.1002554548123182,-3.1002554548123182,-6.2005109096246365
8,2,4771.5,873.0,262,True,-3.05308955213262,-3.05308955213262,-6.10617910426524
8,3,4463.833333333334,688.0,259,True,-2.4693256252915363,-2.4693256252915363,-4.938651250583073
9,0,4637.166666666666,530.0,258,True,-2.009954149374855,-2.009954149374855,-4.01990829874971
9,1,4420.166666666666,437.0,254,True,-1.710892042777263,-1.710892042777263,-3.421784085554526
9,2,4508.833333333334,352.0,255,True,-1.4633499837194395,-1.4633499837194395,-2.926699967438879
9,3,4786.166666666668,657.0,260,True,-2.4051091292667857,-2.4051091292667857,-4.810218258533571
10,0,4500.5,460.0,256,True,-1.7872503196299556,-1.7872503196299556,-3.5745006392599112
10,1,4300.833333333334,417.0,257,True,-1.6400466566230594,-1.6400466566230594,-3.2800933132461187
10,2,4232.833333333334,470.0,258,True,-1.7932537583743071,-1.7932537583743071,-3.5865075167486142
10,3,4176.333333333334,532.0,256,True,-1.9745485368496059,-1.9745485368496059,-3.9490970736992117
11,0,3738.8333333333335,317.0,254,True,-1.2889354106286202,-1.2889354106286202,-2.5778708212572403
11,1,4125.5,522.0,257,True,-1.939919744220384,-1.939919744220384,-3.879839488440768
11,2,4523.333333333334,525.0,259,True,-1.9846932589545814,-1.9846932589545814,-3.9693865179091627
11,3,4475.333333333333,460.0,256,True,-1.7849884523161832,-1.7849884523161832,-3.5699769046323664
12,0,4207.666666666666,452.0,255,True,-1.7368836746276717,-1.7368836746276717,-3.4737673492553434
12,1,4520.166666666666,467.0,257,True,-1.8100599557388541,-1.8100599557388541,-3.6201199114777083
12,2,4020.3333333333335,332.0,255,True,-1.3593255505453596,-1.3593255505453596,-2.7186511010907193
12,3,3956.8333333333335,252.0,253,True,-1.113137492949017,-1.113137492949017,-2.226274985898034
13,0,3557.0,217.0,252,True,-0.9719918424004793,-0.9719918424004793,-1.9439836848009586
13,1,4305.166666666666,532.0,259,True,-1.986127499985663,-1.986127499985663,-3.972254999971326
13,2,4658.833333333334,317.0,255,True,-1.371620891237977,-1.371620891237977,-2.743241782475954
13,3,4127.333333333333,302.0,253,True,-1.2787618707208737,-1.2787618707208737,-2.5575237414417473
14,0,4337.333333333334,367.0,256,True,-1.4930265119883082,-1.4930265119883082,-2.9860530239766163
14,1,3676.0,217.0,252,True,-0.9826870295662545,-0.9826870295662545,-1.965374059132509
14,2,4275.666666666666,417.0,256,True,-1.6377847893092894,-1.6377847893092894,-3.275569578618579
14,3,4103.833333333334,317.0,254,True,-1.321739976305158,-1.321739976305158,-2.643479952610316
15,0,3746.0,240.0,252,True,-1.058116592687464,-1.058116592687464,-2.116233185374928
15,1,3787.0,217.0,252,True,-0.9926632125528181,-0.9926632125528181,-1.9853264251056362
15,2,3590.0,252.0,252,True,-1.0801681554814109,-1.0801681554814109,-2.1603363109628217
15,3,4344.833333333334,317.0,254,True,-1.3433999772039134,-1.3433999772039134,-2.6867999544078267
16,0,3847.0,217.0,252,True,-0.9980557438969063,-0.9980557438969063,-1.9961114877938126
16,1,3692.3333333333335,302.0,254,True,-1.239666018476231,-1.239666018476231,-2.479332036952462
16,2,4516.833333333334,317.0,255,True,-1.3588585670569675,-1.3588585670569675,-2.717717134113935
16,3,4371.833333333334,317.0,254,True,-1.3458266163087538,-1.3458266163087538,-2.6916532326175076
17,0,3492.0,217.0,252,True,-0.966149933444383,-0.966149933444383,-1.932299866888766
17,1,3663.0,252.0,252,True,-1.0867290686167186,-1.0867290686167186,-2.173458137233437
17,2,3746.0,217.0,252,True,-0.9889783161343579,-0.9889783161343579,-1.9779566322687159
17,3,3595.0,282.0,254,True,-1.1707978938148604,-1.1707978938148604,-2.341595787629721
18,0,4793.833333333334,282.0,254,True,-1.2785436659204925,-1.2785436659204925,-2.557087331840985
18,1,4429.833333333334,317.0,255,True,-1.3510393966080394,-1.3510393966080394,-2.702078793216079
18,2,4382.833333333334,317.0,255,True,-1.34681524705517,-1.34681524705517,-2.69363049411034
18,3,4597.833333333334,317.0,255,True,-1.3661384843714872,-1.3661384843714872,-2.7322769687429744
19,0,4315.833333333334,317.0,255,True,-1.340793587054271,-1.340793587054271,-2.681587174108542
19,1,4460.833333333334,252.0,253,True,-1.1584347562393595,-1.1584347562393595,-2.316869512478719
19,2,4589.833333333334,317.0,255,True,-1.3654194801922759,-1.3654194801922759,-2.7308389603845518
19,3,4348.833333333334,317.0,254,True,-1.3437594792935201,-1.3437594792935201,-2.6875189585870403
20,0,3752.333333333333,332.0,255,True,-1.335238910541763,-1.335238910541763,-2.670477821083526
20,1,4117.833333333334,252.0,253,True,-1.1276074520556543,-1.1276074520556543,-2.2552149041113085
20,2,4195.833333333334,317.0,255,True,-1.3300085243660946,-1.3300085243660946,-2.6600170487321892
20,3,4394.0,410.0,256,True,-1.6273779752917916,-1.6273779752917916,-3.2547559505835832
21,0,4263.833333333334,252.0,253,True,-1.1407292783262697,-1.1407292783262697,-2.2814585566525394
21,1,4410.833333333334,317.0,255,True,-1.3493317616824112,-1.3493317616824112,-2.6986635233648224
21,2,4328.833333333334,282.0,254,True,-1.2367515480038074,-1.2367515480038074,-2.4735030960076148
21,3,4306.833333333334,252.0,253,True,-1.1445939257895321,-1.1445939257895321,-2.2891878515790642
22,0,4136.833333333334,252.0,253,True,-1.129315086981282,-1.129315086981282,-2.258630173962564
22,1,3954.8333333333335,252.0,253,True,-1.112957741904214,-1.112957741904214,-2.225915483808428
22,2,4236.833333333334,252.0,253,True,-1.1383026392214304,-1.1383026392214304,-2.2766052784428608
22,3,3597.8333333333335,252.0,253,True,-1.080872180406888,-1.080872180406888,-2.161744360813776
23,0,3974.8333333333335,317.0,255,True,-1.3101460339153692,-1.3101460339153692,-2.6202920678307384
23,1,4071.8333333333335,252.0,253,True,-1.1234731780251863,-1.1234731780251863,-2.2469463560503726
23,2,3938.8333333333335,317.0,255,True,-1.3069105151089153,-1.3069105151089153,-2.6138210302178306
23,3,4111.833333333334,252.0,253,True,-1.127068198921245,-1.127068198921245,-2.25413639784249
24,0,4135.833333333334,252.0,253,True,-1.1292252114588806,-1.1292252114588806,-2.258450422917761
24,1,4270.833333333334,347.0,255,True,-1.4269295492676481,-1.4269295492676481,-2.8538590985352963
24,2,3828.8333333333335,252.0,253,True,-1.1016334260816283,-1.1016334260816283,-2.2032668521632566
24,3,4116.833333333334,252.0,253,True,-1.1275175765332521,-1.1275175765332521,-2.2550351530665043
25,0,4109.0,546.0,256,True,-2.010581086677915,-2.010581086677915,-4.02116217335583
25,1,4167.833333333334,483.0,257,True,-1.8264900057308362,-1.8264900057308362,-3.6529800114616724
25,2,3988.0,704.0,260,True,-2.474656048266939,-2.474656048266939,-4.949312096533878
25,3,3899.8333333333335,382.0,257,True,-1.498796151298385,-1.498796151298385,-2.99759230259677
26,0,3781.666666666667,912.0,261,True,-3.081362233146773,-3.081362233146773,-6.162724466293546
26,1,3949.0,641.0,259,True,-2.28177214537825,-2.28177214537825,-4.5635442907565
26,2,3993.5,719.0,259,True,-2.520240544000868,-2.520240544000868,-5.040481088001736
26,3,4240.333333333334,430.0,255,True,-1.6736873438303954,-1.6736873438303954,-3.347374687660791
27,0,4006.833333333333,410.0,256,True,-1.5925811688686888,-1.5925811688686888,-3.1851623377373777
27,1,4035.3333333333335,495.0,258,True,-1.8506536433012204,-1.8506536433012204,-3.701307286602441
27,2,4158.833333333334,445.0,257,True,-1.7114526691153962,-1.7114526691153962,-3.4229053382307923
27,3,3466.8333333333335,252.0,253,True,-1.069098486972295,-1.069098486972295,-2.13819697394459
28,0,3372.8333333333335,352.0,256,True,-1.361251390271366,-1.361251390271366,-2.722502780542732
28,1,3748.0,217.0,252,True,-0.9891580671791619,-0.9891580671791619,-1.9783161343583238
28,2,4274.333333333333,332.0,255,True,-1.382153933235331,-1.382153933235331,-2.764307866470662
28,3,4116.833333333334,317.0,255,True,-1.3229083580963772,-1.3229083580963772,-2.6458167161927544
29,0,4014.8333333333335,252.0,253,True,-1.118350273248303,-1.118350273248303,-2.236700546496606
29,1,3694.1666666666665,467.0,258,True,-1.7358227742352381,-1.7358227742352381,-3.4716455484704762
29,2,3403.8333333333335,252.0,253,True,-1.063436329061002,-1.063436329061002,-2.126872658122004
29,3,3681.8333333333335,317.0,255,True,-1.2838125058517373,-1.2838125058517373,-2.5676250117034747
30,0,3511.0,570.0,260,True,-2.0289798128589873,-2.0289798128589873,-4.057959625717975
30,1,3597.6666666666665,517.0,258,True,-1.8774503875259017,-1.8774503875259017,-3.7549007750518033
30,2,3599.3333333333335,497.0,258,True,-1.8174799395822734,-1.8174799395822734,-3.6349598791645468
30,3,4795.0,953.0,264,True,-3.2956825888329018,-3.2956825888329018,-6.5913651776658035
31,0,3866.9999999999995,703.0,258,True,-2.4607750980323106,-2.4607750980323106,-4.921550196064621
31,1,3517.3333333333335,527.0,258,True,-1.9002905074667975,-1.9002905074667975,-3.800581014933595
31,2,3650.3333333333335,497.0,258,True,-1.8220635912247491,-1.8220635912247491,-3.6441271824494983
31,3,3797.8333333333335,382.0,254,True,-1.4896288480134348,-1.4896288480134348,-2.9792576960268695
32,0,3697.3333333333335,432.0,254,True,-1.6308969592144913,-1.6308969592144913,-3.2617939184289826
32,1,4355.166666666666,560.0,257,True,-2.0747896127790866,-2.0747896127790866,-4.149579225558173
32,2,4185.833333333334,347.0,255,True,-1.4192901298635237,-1.4192901298635237,-2.8385802597270473
32,3,3715.3333333333335,402.0,254,True,-1.5423343578962758,-1.5423343578962758,-3.0846687157925516
33,0,3921.166666666667,372.0,254,True,-1.4706533755358007,-1.4706533755358007,-2.9413067510716013
33,1,4001.166666666667,532.0,257,True,-1.9588053411756137,-1.9588053411756137,-3.9176106823512273
33,2,3596.0,317.0,253,True,-1.2760981901789443,-1.2760981901789443,-2.5521963803578886
33,3,4081.5,590.0,257,True,-2.1403740388699917,-2.1403740388699917,-4.280748077739983
34,0,3541.0,247.0,253,True,-1.0607341947634978,-1.0607341947634978,-2.1214683895269957
34,1,3782.1666666666665,437.0,255,True,-1.653551459485124,-1.653551459485124,-3.307102918970248
34,2,3416.0,282.0,254,True,-1.1547101753049973,-1.1547101753049973,-2.3094203506099946
34,3,3870.8333333333335,317.0,254,True,-1.3007989795856165,-1.3007989795856165,-2.601597959171233
35,0,4207.0,345.0,254,True,-1.4151804710395908,-1.4151804710395908,-2.8303609420791815
35,1,3998.8333333333335,352.0,254,True,-1.4175134672946865,-1.4175134672946865,-2.835026934589373
35,2,4108.833333333334,282.0,253,True,-1.2169789330754845,-1.2169789330754845,-2.433957866150969
35,3,3972.8333333333335,317.0,255,True,-1.3099662828705672,-1.3099662828705672,-2.6199325657411343
36,0,3354.0,217.0,252,True,-0.9537471113529802,-0.9537471113529802,-1.9074942227059604
36,1,3364.0,217.0,252,True,-0.9546458665769941,-0.9546458665769941,-1.9092917331539883
36,2,3378.0,252.0,252,True,-1.061114544732298,-1.061114544732298,-2.122229089464596
36,3,3980.8333333333335,287.0,252,True,-1.2205049263283363,-1.2205049263283363,-2.4410098526566726
37,0,3893.8333333333335,317.0,254,True,-1.302866116600851,-1.302866116600851,-2.605732233201702
37,1,4076.8333333333335,317.0,254,True,-1.3193133372003196,-1.3193133372003196,-2.6386266744006392
37,2,4052.0,375.0,255,True,-1.4914301257888056,-1.4914301257888056,-2.9828602515776113
37,3,3975.8333333333335,252.0,253,True,-1.1148451278746452,-1.1148451278746452,-2.2296902557492904
38,0,3972.8333333333335,287.0,253,True,-1.219785922149123,-1.219785922149123,-2.439571844298246
38,1,4017.8333333333335,317.0,254,True,-1.3140106813786325,-1.3140106813786325,-2.628021362757265
38,2,3825.8333333333335,252.0,252,True,-1.1013637995144245,-1.1013637995144245,-2.202727599028849
38,3,3942.8333333333335,382.0,255,True,-1.5026607987616485,-1.5026607987616485,-3.005321597523297
39,0,3929.8333333333335,252.0,252,True,-1.1107108538441777,-1.1107108538441777,-2.2214217076883553
39,1,3987.8333333333335,352.0,255,True,-1.4165248365482717,-1.4165248365482717,-2.8330496730965433
39,2,4374.833333333334,483.0,257,True,-1.8450942388679425,-1.8450942388679425,-3.690188477735885
39,3,4117.833333333334,317.0,255,True,-1.3229982336187798,-1.3229982336187798,-2.6459964672375595
40,0,3957.8333333333335,317.0,255,True,-1.308618150034545,-1.308618150034545,-2.61723630006909
40,1,3938.8333333333335,252.0,253,True,-1.111519733545791,-1.111519733545791,-2.223039467091582
40,2,4090.1666666666665,337.0,254,True,-1.380631917979968,-1.380631917979968,-2.761263835959936
40,3,3920.8333333333335,252.0,253,True,-1.1099019741425649,-1.1099019741425649,-2.2198039482851297
41,0,3962.8333333333335,252.0,253,True,-1.113676746083427,-1.113676746083427,-2.227353492166854
41,1,3880.8333333333335,252.0,253,True,-1.1063069532465062,-1.1063069532465062,-2.2126139064930124
41,2,4087.333333333333,367.0,255,True,-1.4705576313879412,-1.4705576313879412,-2.9411152627758823
41,3,3871.8333333333335,317.0,255,True,-1.300888855108018,-1.300888855108018,-2.601777710216036
42,0,3905.8333333333335,252.0,252,True,-1.1085538413065417,-1.1085538413065417,-2.2171076826130833
42,1,3939.8333333333335,252.0,252,True,-1.1116096090681922,-1.1116096090681922,-2.2232192181363843
42,2,3960.8333333333335,317.0,255,True,-1.3088877766017493,-1.3088877766017493,-2.6177755532034985
42,3,3707.8333333333335,317.0,254,True,-1.286149269434176,-1.286149269434176,-2.572298538868352
43,0,3808.8333333333335,287.0,253,True,-1.2050463364752826,-1.2050463364752826,-2.410092672950565
43,1,3777.8333333333335,252.0,253,True,-1.0970497744391532,-1.0970497744391532,-2.1940995488783064
43,2,3961.8333333333335,317.0,253,True,-1.3089776521241503,-1.3089776521241503,-2.6179553042483006
43,3,3894.8333333333335,287.0,253,True,-1.2127756314018086,-1.2127756314018086,-2.425551262803617
44,0,3841.8333333333335,252.0,253,True,-1.102801807872848,-1.102801807872848,-2.205603615745696
44,1,4231.833333333334,538.0,258,True,-1.9975727004871775,-1.9975727004871775,-3.995145400974355
44,2,3901.8333333333335,287.0,253,True,-1.21340476005862,-1.21340476005862,-2.42680952011724
44,3,3863.8333333333335,252.0,253,True,-1.104779069365681,-1.104779069365681,-2.209558138731362
45,0,3771.8333333333335,317.0,255,True,-1.29190130286787,-1.29190130286787,-2.58380260573574
45,1,4148.833333333334,347.0,255,True,-1.415964735534669,-1.415964735534669,-2.831929471069338
45,2,3932.8333333333335,252.0,253,True,-1.110980480411382,-1.110980480411382,-2.221960960822764
45,3,3763.8333333333335,252.0,253,True,-1.0957915171255332,-1.0957915171255332,-2.1915830342510665
46,0,4032.8333333333335,252.0,253,True,-1.1199680326515307,-1.1199680326515307,-2.2399360653030613
46,1,3732.8333333333335,252.0,253,True,-1.0930053759310885,-1.0930053759310885,-2.186010751862177
46,2,3593.8333333333335,252.0,253,True,-1.0805126783172827,-1.0805126783172827,-2.1610253566345654
46,3,4025.8333333333335,317.0,254,True,-1.3147296855578443,-1.3147296855578443,-2.6294593711156886
47,0,3781.8333333333335,317.0,255,True,-1.2928000580918866,-1.2928000580918866,-2.585600116183773
47,1,3602.8333333333335,352.0,256,True,-1.3819227604237065,-1.3819227604237065,-2.763845520847413
47,2,3516.8333333333335,352.0,256,True,-1.3741934654971781,-1.3741934654971781,-2.7483869309943563
47,3,3703.8333333333335,252.0,253,True,-1.0903989857814458,-1.0903989857814458,-2.1807979715628916
48,0,3907.8333333333335,317.0,253,True,-1.3041243739144712,-1.3041243739144712,-2.6082487478289424
48,1,3737.8333333333335,352.0,255,True,-1.394055955947903,-1.394055955947903,-2.788111911895806
48,2,3363.8333333333335,287.0,254,True,-1.1650517290066273,-1.1650517290066273,-2.3301034580132547
48,3,3807.8333333333335,252.0,252,True,-1.099746040111198,-1.099746040111198,-2.199492080222396
49,0,3442.8333333333335,287.0,254,True,-1.1721518952763428,-1.1721518952763428,-2.3443037905526856
49,1,3767.8333333333335,252.0,253,True,-1.0961510192151391,-1.0961510192151391,-2.1923020384302783
49,2,3763.8333333333335,252.0,253,True,-1.0957915171255328,-1.0957915171255328,-2.1915830342510656
49,3,3515.8333333333335,352.0,256,True,-1.3741035899747787,-1.3741035899747787,-2.7482071799495573
50,0,3775.1666666666665,437.0,258,True,-1.6529223308283147,-1.6529223308283147,-3.3058446616566295
50,1,3592.8333333333335,252.0,253,True,-1.0804228027948812,-1.0804228027948812,-2.1608456055897625
50,2,3644.8333333333335,317.0,255,True,-1.2804871115228837,-1.2804871115228837,-2.5609742230457675
50,3,3474.8333333333335,252.0,253,True,-1.0698174911515077,-1.0698174911515077,-2.1396349823030154
51,0,3919.8333333333335,252.0,253,True,-1.109812098620164,-1.109812098620164,-2.219624197240328
51,1,3835.8333333333335,317.0,255,True,-1.2976533363015643,-1.2976533363015643,-2.5953066726031286
51,2,3726.8333333333335,252.0,253,True,-1.0924661227966792,-1.0924661227966792,-2.1849322455933584
51,3,3539.8333333333335,252.0,253,True,-1.0756594001076034,-1.0756594001076034,-2.151318800215207
52,0,3961.8333333333335,252.0,253,True,-1.1135868705610261,-1.1135868705610261,-2.2271737411220522
52,1,4030.8333333333335,317.0,255,True,-1.315179063169852,-1.315179063169852,-2.630358126339704
52,2,4237.833333333334,410.0,256,True,-1.6133424145434323,-1.6133424145434323,-3.2266848290868646
52,3,3947.166666666667,337.0,254,True,-1.3677797182765568,-1.3677797182765568,-2.7355594365531135
53,0,3929.8333333333335,252.0,253,True,-1.1107108538441766,-1.1107108538441766,-2.221421707688353
53,1,3866.8333333333335,252.0,253,True,-1.1050486959328858,-1.1050486959328858,-2.2100973918657716
53,2,3676.8333333333335,252.0,252,True,-1.0879723466766047,-1.0879723466766047,-2.1759446933532094
53,3,3811.8333333333335,252.0,253,True,-1.1001055422008041,-1.1001055422008041,-2.2002110844016083
54,0,3718.8333333333335,317.0,255,True,-1.287137900180592,-1.287137900180592,-2.574275800361184
54,1,3810.8333333333335,317.0,255,True,-1.2954064482415284,-1.2954064482415284,-2.590812896483057
54,2,3633.166666666667,252.0,253,True,-1.0840477821984071,-1.0840477821984071,-2.1680955643968143
54,3,3822.8333333333335,317.0,255,True,-1.2964849545103452,-1.2964849545103452,-2.5929699090206904
55,0,3534.8333333333335,317.0,255,True,-1.2706008040587227,-1.2706008040587227,-2.5412016081174453
55,1,3571.8333333333335,317.0,255,True,-1.2739261983875758,-1.2739261983875758,-2.5478523967751516
55,2,3662.8333333333335,252.0,253,True,-1.0867140893629843,-1.0867140893629843,-2.1734281787259686
55,3,3758.166666666667,317.0,255,True,-1.290673004061718,-1.290673004061718,-2.581346008123436
56,0,3526.8333333333335,252.0,253,True,-1.0744910183163834,-1.0744910183163834,-2.1489820366327668
56,1,3665.8333333333335,252.0,253,True,-1.0869837159301892,-1.0869837159301892,-2.1739674318603783
56,2,3717.8333333333335,317.0,255,True,-1.28704802465819,-1.28704802465819,-2.57409604931638
56,3,3605.166666666667,287.0,254,True,-1.1867416884128483,-1.1867416884128483,-2.3734833768256967
57,0,3394.166666666667,252.0,253,True,-1.0625675323444548,-1.0625675323444548,-2.1251350646889096
57,1,3766.8333333333335,252.0,252,True,-1.0960611436927383,-1.0960611436927383,-2.1921222873854767
57,2,3582.8333333333335,252.0,253,True,-1.079524047570867,-1.079524047570867,-2.159048095141734
57,3,3709.8333333333335,382.0,256,True,-1.4817198020421052,-1.4817198020421052,-2.9634396040842104
58,0,3741.8333333333335,252.0,253,True,-1.0938142556327006,-1.0938142556327006,-2.1876285112654013
58,1,3724.8333333333335,252.0,253,True,-1.0922863717518758,-1.0922863717518758,-2.1845727435037516
58,2,3491.8333333333335,287.0,254,True,-1.1765557958740154,-1.1765557958740154,-2.3531115917480308
58,3,3530.8333333333335,317.0,255,True,-1.2702413019691154,-1.2702413019691154,-2.540482603938231
59,0,3650.166666666667,252.0,252,True,-1.0855756660792324,-1.0855756660792324,-2.171151332158465
59,1,3578.166666666667,252.0,253,True,-1.0791046284663266,-1.0791046284663266,-2.158209256932653
59,2,3656.8333333333335,252.0,252,True,-1.0861748362285752,-1.0861748362285752,-2.1723496724571505
59,3,4049.333333333333,410.0,256,True,-1.5964008785707529,-1.5964008785707529,-3.1928017571415057
60,0,3764.8333333333335,252.0,252,True,-1.0958813926479338,-1.0958813926479338,-2.1917627852958677
60,1,3570.8333333333335,252.0,253,True,-1.0784455413020493,-1.0784455413020493,-2.1568910826040986
60,2,3582.8333333333335,252.0,253,True,-1.0795240475708658,-1.0795240475708658,-2.1590480951417317
60,3,3562.8333333333335,317.0,254,True,-1.273117318685962,-1.273117318685962,-2.546234637371924
61,0,3653.166666666667,372.0,255,True,-1.446566735532207,-1.446566735532207,-2.893133471064414
61,1,3435.8333333333335,287.0,253,True,-1.1715227666195325,-1.1715227666195325,-2.343045533239065
61,2,3583.8333333333335,287.0,253,True,-1.1848243439349508,-1.1848243439349508,-2.3696486878699017
61,3,3815.8333333333335,518.0,256,True,-1.9000642426872034,-1.9000642426872034,-3.800128485374407
62,0,3951.8333333333335,410.0,256,True,-1.5876380151366096,-1.5876380151366096,-3.1752760302732193
62,1,3518.166666666667,417.0,258,True,-1.5697040810901748,-1.5697040810901748,-3.1394081621803496
62,2,3443.166666666667,317.0,255,True,-1.2623622145052524,-1.2623622145052524,-2.524724429010505
62,3,3437.166666666667,287.0,254,True,-1.171642600649401,-1.171642600649401,-2.343285201298802
63,0,3292.8333333333335,317.0,255,True,-1.248850927637567,-1.248850927637567,-2.497701855275134
63,1,3404.166666666667,287.0,254,True,-1.1686767084101528,-1.1686767084101528,-2.3373534168203056
63,2,3432.166666666667,287.0,254,True,-1.1711932230373943,-1.1711932230373943,-2.3423864460747885
63,3,3530.8333333333335,483.0,255,True,-1.7692392979610985,-1.7692392979610985,-3.538478595922197
64,0,3573.0,410.0,256,True,-1.5535901714001858,-1.5535901714001858,-3.1071803428003717
64,1,3281.0,345.0,254,True,-1.3319557372958264,-1.3319557372958264,-2.663911474591653
64,2,3601.8333333333335,440.0,257,True,-1.6463619430175398,-1.6463619430175398,-3.2927238860350796
64,3,3422.8333333333335,382.0,257,True,-1.4559255271128866,-1.4559255271128866,-2.911851054225773
65,0,3459.0,410.0,255,True,-1.543344361846415,-1.543344361846415,-3.08668872369283
65,1,3374.166666666667,568.0,257,True,-2.0106698214956262,-2.0106698214956262,-4.0213396429912525
65,2,3503.6666666666665,571.0,258,True,-2.0313267377187603,-2.0313267377187603,-4.0626534754375205
65,3,3464.5,611.0,259,True,-2.1480470940532936,-2.1480470940532936,-4.296094188106587
66,0,3706.166666666667,475.0,258,True,-1.7609493766964393,-1.7609493766964393,-3.5218987533928785
66,1,3499.666666666667,606.0,258,True,-2.1361776564708372,-2.1361776564708372,-4.2723553129416745
66,2,3682.5,430.0,256,True,-1.6235517815841105,-1.6235517815841105,-3.247103563168221
66,3,3655.0,410.0,256,True,-1.5609599642371035,-1.5609599642371035,-3.121919928474207
67,0,3585.166666666667,352.0,256,True,-1.380334959527945,-1.380334959527945,-2.76066991905589
67,1,3839.8333333333335,352.0,255,True,-1.4032232592328553,-1.4032232592328553,-2.8064465184657106
67,2,3658.833333333333,575.0,259,True,-2.0572964710409143,-2.0572964710409143,-4.114592942081829
67,3,3517.8333333333335,282.0,254,True,-1.1638624993362128,-1.1638624993362128,-2.3277249986724255
68,0,3626.333333333333,438.0,255,True,-1.6425518692682777,-1.6425518692682777,-3.2851037385365554
68,1,3930.5,513.0,257,True,-1.8953399091356642,-1.8953399091356642,-3.7906798182713284
68,2,3536.5,483.0,257,True,-1.7697485925880405,-1.7697485925880405,-3.539497185176081
68,3,3786.3333333333335,430.0,255,True,-1.6328838566601278,-1.6328838566601278,-3.2657677133202556
69,0,3733.166666666667,252.0,253,True,-1.0930353344385546,-1.0930353344385546,-2.186070668877109
69,1,3668.8333333333335,252.0,253,True,-1.087253342497393,-1.087253342497393,-2.174506684994786
69,2,3691.333333333333,367.0,256,True,-1.4349669245169576,-1.4349669245169576,-2.8699338490339152
69,3,3801.8333333333335,282.0,254,True,-1.1893871476982318,-1.1893871476982318,-2.3787742953964637
70,0,4014.8333333333335,252.0,253,True,-1.1183502732483035,-1.1183502732483035,-2.236700546496607
70,1,3944.8333333333335,317.0,255,True,-1.307449768243325,-1.307449768243325,-2.61489953648665
70,2,3832.0,410.0,256,True,-1.5768679317021652,-1.5768679317021652,-3.1537358634043304
70,3,3728.0,546.0,257,True,-1.9763385126429565,-1.9763385126429565,-3.952677025285913
71,0,3874.8333333333335,252.0,253,True,-1.1057677001120974,-1.1057677001120974,-2.2115354002241947
71,1,3769.8333333333335,252.0,253,True,-1.0963307702599425,-1.0963307702599425,-2.192661540519885
71,2,3807.8333333333335,317.0,255,True,-1.2951368216743235,-1.2951368216743235,-2.590273643348647
71,3,3894.8333333333335,252.0,253,True,-1.107565210560127,-1.107565210560127,-2.215130421120254
72,0,3985.8333333333335,252.0,253,True,-1.11574388309866,-1.11574388309866,-2.23148776619732
72,1,3961.8333333333335,252.0,253,True,-1.1135868705610248,-1.1135868705610248,-2.2271737411220496
72,2,4190.833333333334,347.0,256,True,-1.4197395074755308,-1.4197395074755308,-2.8394790149510616
72,3,3970.8333333333335,252.0,253,True,-1.1143957502626394,-1.1143957502626394,-2.2287915005252787
73,0,3964.8333333333335,287.0,253,True,-1.2190669179699132,-1.2190669179699132,-2.4381338359398264
73,1,3750.8333333333335,252.0,253,True,-1.094623135334314,-1.094623135334314,-2.189246270668628
73,2,3344.0,217.0,252,True,-0.9528483561289652,-0.9528483561289652,-1.9056967122579305
73,3,3252.0,247.0,253,True,-1.0347601687894736,-1.0347601687894736,-2.0695203375789473
74,0,3789.8333333333335,252.0,253,True,-1.098128280707972,-1.098128280707972,-2.196256561415944
74,1,3460.8333333333335,252.0,253,True,-1.0685592338378873,-1.0685592338378873,-2.1371184676757746
74,2,3538.8333333333335,317.0,255,True,-1.270960306148327,-1.270960306148327,-2.541920612296654
74,3,3443.8333333333335,252.0,253,True,-1.0670313499570616,-1.0670313499570616,-2.1340626999141232
75,0,3714.8333333333335,252.0,252,True,-1.0913876165278624,-1.0913876165278624,-2.182775233055725
75,1,3838.8333333333335,252.0,253,True,-1.1025321813056448,-1.1025321813056448,-2.2050643626112896
75,2,3763.8333333333335,252.0,253,True,-1.095791517125533,-1.095791517125533,-2.191583034251066
75,3,3719.8333333333335,317.0,255,True,-1.2872277757029944,-1.2872277757029944,-2.574455551405989
76,0,3916.8333333333335,317.0,255,True,-1.3049332536160834,-1.3049332536160834,-2.6098665072321667
76,1,3846.8333333333335,317.0,255,True,-1.2986419670479805,-1.2986419670479805,-2.597283934095961
76,2,3786.8333333333335,252.0,253,True,-1.0978586541407669,-1.0978586541407669,-2.1957173082815338
76,3,3753.8333333333335,252.0,253,True,-1.094892761901518,-1.094892761901518,-2.189785523803036
77,0,3749.8333333333335,252.0,253,True,-1.0945332598119126,-1.0945332598119126,-2.1890665196238253
77,1,3762.8333333333335,252.0,253,True,-1.0957016416031315,-1.0957016416031315,-2.191403283206263
77,2,3561.8333333333335,252.0,253,True,-1.0776366616004351,-1.0776366616004351,-2.1552733232008703
77,3,3748.8333333333335,252.0,253,True,-1.0944433842895116,-1.0944433842895116,-2.188886768579023
78,0,3831.8333333333335,317.0,255,True,-1.2972938342119587,-1.2972938342119587,-2.5945876684239173
78,1,3938.8333333333335,410.0,256,True,-1.5864696333453916,-1.5864696333453916,-3.172939266690783
78,2,3718.8333333333335,317.0,255,True,-1.2871379001805934,-1.2871379001805934,-2.5742758003611868
78,3,3815.8333333333335,252.0,253,True,-1.1004650442904096,-1.1004650442904096,-2.200930088580819
79,0,3999.8333333333335,410.0,256,True,-1.5919520402118805,-1.5919520402118805,-3.183904080423761
79,1,3702.8333333333335,252.0,253,True,-1.0903091102590434,-1.0903091102590434,-2.180618220518087
79,2,3722.8333333333335,252.0,253,True,-1.0921066207070742,-1.0921066207070742,-2.1842132414141484
79,3,3656.166666666667,317.0,255,True,-1.2815057007767663,-1.2815057007767663,-2.5630114015535326
80,0,3745.8333333333335,252.0,253,True,-1.0941737577223063,-1.0941737577223063,-2.1883475154446126
80,1,3866.8333333333335,252.0,253,True,-1.105048695932885,-1.105048695932885,-2.21009739186577
80,2,3789.8333333333335,252.0,253,True,-1.0981282807079717,-1.0981282807079717,-2.1962565614159435
80,3,4106.833333333334,410.0,256,True,-1.6015687211088394,-1.6015687211088394,-3.203137442217679
81,0,3728.8333333333335,252.0,253,True,-1.092645873841482,-1.092645873841482,-2.185291747682964
81,1,3679.8333333333335,252.0,253,True,-1.0882419732438098,-1.0882419732438098,-2.1764839464876196
81,2,3718.8333333333335,252.0,253,True,-1.091747118617467,-1.091747118617467,-2.183494237234934
81,3,3605.8333333333335,252.0,253,True,-1.0815911845861006,-1.0815911845861006,-2.163182369172201
82,0,3632.8333333333335,252.0,253,True,-1.0840178236909404,-1.0840178236909404,-2.1680356473818807
82,1,3576.8333333333335,252.0,253,True,-1.0789847944364577,-1.0789847944364577,-2.1579695888729153
82,2,3754.8333333333335,252.0,253,True,-1.0949826374239195,-1.0949826374239195,-2.189965274847839
82,3,3695.8333333333335,252.0,253,True,-1.0896799816022342,-1.0896799816022342,-2.1793599632044685
83,0,3819.0,345.0,254,True,-1.3803087683478188,-1.3803087683478188,-2.7606175366956376
83,1,3722.8333333333335,252.0,253,True,-1.0921066207070742,-1.0921066207070742,-2.1842132414141484
83,2,3588.8333333333335,252.0,253,True,-1.0800633007052758,-1.0800633007052758,-2.1601266014105516
83,3,3635.8333333333335,252.0,253,True,-1.0842874502581434,-1.0842874502581434,-2.168574900516287
84,0,3691.8333333333335,252.0,253,True,-1.089320479512627,-1.089320479512627,-2.178640959025254
84,1,3753.8333333333335,317.0,254,True,-1.2902835434646447,-1.2902835434646447,-2.5805670869292894
84,2,3954.8333333333335,282.0,254,True,-1.2031381026256571,-1.2031381026256571,-2.4062762052513142
84,3,3634.8333333333335,252.0,253,True,-1.0841975747357442,-1.0841975747357442,-2.1683951494714884
85,0,3669.166666666667,252.0,253,True,-1.0872833010048595,-1.0872833010048595,-2.174566602009719
85,1,3605.8333333333335,252.0,253,True,-1.0815911845861004,-1.0815911845861004,-2.1631823691722007
85,2,3708.8333333333335,252.0,253,True,-1.0908483633934523,-1.0908483633934523,-2.1816967267869045
85,3,3645.8333333333335,252.0,253,True,-1.0851862054821584,-1.0851862054821584,-2.1703724109643168
86,0,3847.166666666667,337.0,254,True,-1.3587921660364095,-1.3587921660364095,-2.717584332072819
86,1,3626.8333333333335,317.0,255,True,-1.2788693521196572,-1.2788693521196572,-2.5577387042393145
86,2,3763.8333333333335,317.0,255,True,-1.2911822986886594,-1.2911822986886594,-2.582364597377319
86,3,3719.8333333333335,252.0,253,True,-1.091836994139869,-1.091836994139869,-2.183673988279738
87,0,3610.8333333333335,252.0,253,True,-1.0820405621981084,-1.0820405621981084,-2.164081124396217
87,1,3657.8333333333335,252.0,253,True,-1.0862647117509772,-1.0862647117509772,-2.1725294235019543
87,2,3621.8333333333335,252.0,253,True,-1.0830291929445242,-1.0830291929445242,-2.1660583858890483
87,3,3656.8333333333335,252.0,253,True,-1.0861748362285755,-1.0861748362285755,-2.172349672457151
88,0,3719.8333333333335,252.0,253,True,-1.0918369941398693,-1.0918369941398693,-2.1836739882797387
88,1,3607.333333333333,302.0,254,True,-1.2320265990721069,-1.2320265990721069,-2.4640531981442138
88,2,3669.8333333333335,317.0,255,True,-1.2827339995829212,-1.2827339995829212,-2.5654679991658424
88,3,3906.8333333333335,410.0,256,True,-1.5835936166285447,-1.5835936166285447,-3.1671872332570894
89,0,3672.8333333333335,380.0,255,True,-1.4723823836651542,-1.4723823836651542,-2.9447647673303083
89,1,3522.8333333333335,382.0,257,True,-1.464913079353032,-1.464913079353032,-2.929826158706064
89,2,3796.8333333333335,282.0,254,True,-1.188937770086224,-1.188937770086224,-2.377875540172448
89,3,3534.0,345.0,254,True,-1.3546942444633983,-1.3546942444633983,-2.7093884889267965
90,0,3550.8333333333335,252.0,253,True,-1.07664803085402,-1.07664803085402,-2.15329606170804
90,1,3734.8333333333335,252.0,253,True,-1.093185126975891,-1.093185126975891,-2.186370253951782
90,2,3581.8333333333335,252.0,253,True,-1.0794341720484646,-1.0794341720484646,-2.158868344096929
90,3,3708.8333333333335,252.0,253,True,-1.0908483633934531,-1.0908483633934531,-2.1816967267869063
91,0,3764.8333333333335,252.0,253,True,-1.095881392647935,-1.095881392647935,-2.19176278529587
91,1,3747.8333333333335,252.0,253,True,-1.0943535087671101,-1.0943535087671101,-2.1887070175342203
91,2,3694.166666666667,337.0,255,True,-1.3450412111089827,-1.3450412111089827,-2.6900824222179653
91,3,3771.8333333333335,252.0,253,True,-1.0965105213047448,-1.0965105213047448,-2.1930210426094896
92,0,3800.8333333333335,282.0,254,True,-1.1892972721758297,-1.1892972721758297,-2.3785945443516594
92,1,3706.8333333333335,380.0,255,True,-1.475438151426805,-1.475438151426805,-2.95087630285361
92,2,3609.8333333333335,252.0,253,True,-1.0819506866757067,-1.0819506866757067,-2.1639013733514134
92,3,3635.666666666667,453.0,255,True,-1.6884808878380793,-1.6884808878380793,-3.3769617756761585
93,0,3510.8333333333335,252.0,253,True,-1.0730530099579605,-1.0730530099579605,-2.146106019915921
93,1,3511.8333333333335,317.0,255,True,-1.268533667043489,-1.268533667043489,-2.537067334086978
93,2,3696.8333333333335,252.0,253,True,-1.0897698571246348,-1.0897698571246348,-2.1795397142492696
93,3,3578.8333333333335,252.0,253,True,-1.0791645454812608,-1.0791645454812608,-2.1583290909625217
94,0,3644.8333333333335,252.0,253,True,-1.0850963299597591,-1.0850963299597591,-2.1701926599195183
94,1,3801.8333333333335,252.0,253,True,-1.0992067869767888,-1.0992067869767888,-2.1984135739535775
94,2,3783.8333333333335,345.0,254,True,-1.3771481458100363,-1.3771481458100363,-2.7542962916200726
94,3,3752.8333333333335,252.0,253,True,-1.0948028863791168,-1.0948028863791168,-2.1896057727582336
95,0,3652.8333333333335,252.0,253,True,-1.08581533413897,-1.08581533413897,-2.17163066827794
95,1,3706.0,345.0,254,True,-1.3701528343164522,-1.3701528343164522,-2.7403056686329044
95,2,3801.8333333333335,252.0,253,True,-1.09920678697679,-1.09920678697679,-2.19841357395358
95,3,3823.8333333333335,287.0,253,True,-1.2063944693113031,-1.2063944693113031,-2.4127889386226062
96,0,3733.8333333333335,252.0,253,True,-1.093095251453489,-1.093095251453489,-2.186190502906978
96,1,3760.8333333333335,317.0,255,True,-1.2909126721214539,-1.2909126721214539,-2.5818253442429078
96,2,3697.8333333333335,252.0,253,True,-1.0898597326470354,-1.0898597326470354,-2.179719465294071
96,3,3618.8333333333335,252.0,253,True,-1.082759566377319,-1.082759566377319,-2.165519132754638
97,0,3733.8333333333335,317.0,254,True,-1.288486033016615,-1.288486033016615,-2.57697206603323
97,1,3764.8333333333335,252.0,253,True,-1.095881392647934,-1.095881392647934,-2.191762785295868
97,2,3733.8333333333335,317.0,255,True,-1.2884860330166148,-1.2884860330166148,-2.5769720660332296
97,3,3713.8333333333335,252.0,253,True,-1.0912977410054605,-1.0912977410054605,-2.182595482010921
98,0,3615.8333333333335,317.0,254,True,-1.2778807213732408,-1.2778807213732408,-2.5557614427464816
98,1,3581.8333333333335,252.0,253,True,-1.0794341720484653,-1.0794341720484653,-2.1588683440969305
98,2,3650.8333333333335,317.0,255,True,-1.281026364657292,-1.281026364657292,-2.562052729314584
98,3,3615.8333333333335,252.0,253,True,-1.0824899398101158,-1.0824899398101158,-2.1649798796202315
99,0,3590.8333333333335,287.0,253,True,-1.1854534725917614,-1.1854534725917614,-2.3709069451835227
99,1,3752.8333333333335,287.0,253,True,-1.2000133072208,-1.2000133072208,-2.4000266144416
99,2,3564.8333333333335,317.0,255,True,-1.273297069730766,-1.273297069730766,-2.546594139461532
99,3,3658.8333333333335,252.0,253,True,-1.0863545872733786,-1.0863545872733786,-2.1727091745467573
100,0,3764.8333333333335,317.0,255,True,-1.2912721742110602,-1.2912721742110602,-2.5825443484221204
100,1,3514.8333333333335,287.0,253,True,-1.1786229328892488,-1.1786229328892488,-2.3572458657784976
100,2,3575.8333333333335,252.0,253,True,-1.0788949189140562,-1.0788949189140562,-2.1577898378281124
100,3,3603.8333333333335,252.0,253,True,-1.0814114335412972,-1.0814114335412972,-2.1628228670825944
101,0,3612.8333333333335,252.0,253,True,-1.0822203132429107,-1.0822203132429107,-2.1644406264858214
101,1,3545.8333333333335,252.0,253,True,-1.0761986532420122,-1.0761986532420122,-2.1523973064840245
101,2,3589.8333333333335,252.0,253,True,-1.0801531762276773,-1.0801531762276773,-2.1603063524553545
101,3,3658.8333333333335,252.0,253,True,-1.0863545872733789,-1.0863545872733789,-2.1727091745467577
102,0,3695.8333333333335,287.0,253,True,-1.1948904024439155,-1.1948904024439155,-2.389780804887831
102,1,3765.8333333333335,252.0,253,True,-1.0959712681703357,-1.0959712681703357,-2.1919425363406715
102,2,3708.8333333333335,252.0,253,True,-1.0908483633934525,-1.0908483633934525,-2.181696726786905
102,3,3705.8333333333335,252.0,253,True,-1.0905787368262487,-1.0905787368262487,-2.1811574736524975
103,0,3694.8333333333335,252.0,253,True,-1.0895901060798316,-1.0895901060798316,-2.1791802121596633
103,1,3627.8333333333335,252.0,253,True,-1.0835684460789328,-1.0835684460789328,-2.1671368921578655
103,2,3708.8333333333335,252.0,253,True,-1.0908483633934523,-1.0908483633934523,-2.1816967267869045
103,3,3644.8333333333335,252.0,253,True,-1.0850963299597582,-1.0850963299597582,-2.1701926599195165
104,0,3703.8333333333335,317.0,254,True,-1.2857897673445704,-1.2857897673445704,-2.571579534689141
104,1,3648.8333333333335,317.0,254,True,-1.2808466136124899,-1.2808466136124899,-2.5616932272249797
104,2,3742.8333333333335,252.0,253,True,-1.0939041311551025,-1.0939041311551025,-2.187808262310205
104,3,3595.8333333333335,252.0,253,True,-1.080692429362085,-1.080692429362085,-2.16138485872417
105,0,3671.8333333333335,252.0,253,True,-1.0875229690645978,-1.0875229690645978,-2.1750459381291956
105,1,3608.8333333333335,252.0,253,True,-1.0818608111533043,-1.0818608111533043,-2.1637216223066087
105,2,3716.8333333333335,252.0,253,True,-1.0915673675726634,-1.0915673675726634,-2.1831347351453267
105,3,3694.8333333333335,252.0,253,True,-1.089590106079831,-1.089590106079831,-2.179180212159662
106,0,3741.8333333333335,252.0,253,True,-1.0938142556327002,-1.0938142556327002,-2.1876285112654004
106,1,3663.8333333333335,252.0,253,True,-1.0868039648853867,-1.0868039648853867,-2.1736079297707733
106,2,4007.8333333333335,282.0,254,True,-1.2079015053129354,-1.2079015053129354,-2.4158030106258708
106,3,3643.8333333333335,287.0,253,True,-1.1902168752790399,-1.1902168752790399,-2.3804337505580797
107,0,3566.8333333333335,252.0,253,True,-1.0780860392124436,-1.0780860392124436,-2.1561720784248872
107,1,3619.8333333333335,252.0,253,True,-1.082849441899721,-1.082849441899721,-2.165698883799442
107,2,3773.8333333333335,252.0,253,True,-1.096690272349547,-1.096690272349547,-2.193380544699094
107,3,3836.8333333333335,252.0,253,True,-1.102352430260841,-1.102352430260841,-2.204704860521682
108,0,3490.8333333333335,252.0,253,True,-1.0712554995099306,-1.0712554995099306,-2.142510999019861
108,1,3800.8333333333335,282.0,254,True,-1.189297272175829,-1.189297272175829,-2.378594544351658
108,2,3617.8333333333335,252.0,253,True,-1.0826696908549183,-1.0826696908549183,-2.1653393817098365
108,3,3589.8333333333335,252.0,253,True,-1.0801531762276773,-1.0801531762276773,-2.1603063524553545
109,0,3806.8333333333335,282.0,254,True,-1.189836525310239,-1.189836525310239,-2.379673050620478
109,1,3749.8333333333335,252.0,253,True,-1.0945332598119122,-1.0945332598119122,-2.1890665196238244
109,2,3665.8333333333335,317.0,254,True,-1.2823744974933144,-1.2823744974933144,-2.564748994986629
109,3,3701.8333333333335,252.0,253,True,-1.0902192347366417,-1.0902192347366417,-2.1804384694732835
110,0,3569.8333333333335,252.0,253,True,-1.0783556657796471,-1.0783556657796471,-2.1567113315592943
110,1,3095.166666666667,217.0,252,True,-0.9304843303047314,-0.9304843303047314,-1.8609686606094629
110,2,3761.8333333333335,252.0,253,True,-1.0956117660807303,-1.0956117660807303,-2.1912235321614606
110,3,3718.8333333333335,252.0,253,True,-1.0917471186174676,-1.0917471186174676,-2.1834942372349353
111,0,3758.8333333333335,282.0,254,True,-1.1855225002349687,-1.1855225002349687,-2.3710450004699375
111,1,3632.8333333333335,252.0,253,True,-1.0840178236909408,-1.0840178236909408,-2.1680356473818816
111,2,3740.8333333333335,252.0,253,True,-1.093724380110299,-1.093724380110299,-2.187448760220598
111,3,3645.8333333333335,252.0,253,True,-1.0851862054821595,-1.0851862054821595,-2.170372410964319
112,0,3658.8333333333335,252.0,253,True,-1.0863545872733782,-1.0863545872733782,-2.1727091745467564
112,1,3623.8333333333335,317.0,255,True,-1.2785997255524535,-1.2785997255524535,-2.557199451104907
112,2,3842.8333333333335,252.0,253,True,-1.10289168339525,-1.10289168339525,-2.2057833667905
112,3,3504.166666666667,252.0,253,True,-1.0724538398086179,-1.0724538398086179,-2.1449076796172357
113,0,3572.0,345.0,253,True,-1.3581095143146549,-1.3581095143146549,-2.7162190286293098
113,1,3780.8333333333335,252.0,253,True,-1.097319401006358,-1.097319401006358,-2.194638802012716
113,2,3553.8333333333335,317.0,254,True,-1.272308438984349,-1.272308438984349,-2.544616877968698
113,3,3645.8333333333335,252.0,253,True,-1.0851862054821593,-1.0851862054821593,-2.1703724109643185
114,0,3706.8333333333335,252.0,253,True,-1.0906686123486493,-1.0906686123486493,-2.1813372246972986
114,1,3690.8333333333335,252.0,253,True,-1.0892306039902258,-1.0892306039902258,-2.1784612079804515
114,2,3767.8333333333335,317.0,254,True,-1.2915418007782644,-1.2915418007782644,-2.583083601556529
114,3,3685.8333333333335,252.0,253,True,-1.0887812263782188,-1.0887812263782188,-2.1775624527564377
115,0,3671.8333333333335,252.0,253,True,-1.0875229690645984,-1.0875229690645984,-2.175045938129197
115,1,3635.8333333333335,252.0,253,True,-1.0842874502581452,-1.0842874502581452,-2.1685749005162904
115,2,3764.8333333333335,252.0,253,True,-1.095881392647934,-1.095881392647934,-2.191762785295868
115,3,3733.8333333333335,252.0,253,True,-1.0930952514534893,-1.0930952514534893,-2.1861905029069786
116,0,3704.8333333333335,317.0,253,True,-1.2858796428669723,-1.2858796428669723,-2.5717592857339446
116,1,3564.8333333333335,287.0,253,True,-1.1831167090093235,-1.1831167090093235,-2.366233418018647
116,2,3687.8333333333335,317.0,254,True,-1.2843517589861475,-1.2843517589861475,-2.568703517972295
116,3,3813.8333333333335,347.0,255,True,-1.3858564355301748,-1.3858564355301748,-2.7717128710603496
117,0,3628.8333333333335,417.0,254,True,-1.5796503055692699,-1.5796503055692699,-3.1593006111385398
117,1,3707.8333333333335,382.0,255,True,-1.4815400509973025,-1.4815400509973025,-2.963080101994605
117,2,3765.8333333333335,317.0,254,True,-1.2913620497334635,-1.2913620497334635,-2.582724099466927
117,3,3655.8333333333335,382.0,254,True,-1.476866523832426,-1.476866523832426,-2.953733047664852
118,0,3935.166666666667,467.0,257,True,-1.7574827751339914,-1.7574827751339914,-3.514965550267983
118,1,3731.8333333333335,252.0,253,True,-1.0929155004086863,-1.0929155004086863,-2.1858310008173727
118,2,3675.8333333333335,252.0,253,True,-1.087882471154204,-1.087882471154204,-2.175764942308408
118,3,3728.8333333333335,252.0,253,True,-1.092645873841482,-1.092645873841482,-2.185291747682964
119,0,3602.8333333333335,352.0,254,True,-1.381922760423706,-1.381922760423706,-2.763845520847412
119,1,3702.8333333333335,252.0,253,True,-1.090309110259043,-1.090309110259043,-2.180618220518086
119,2,3855.8333333333335,317.0,255,True,-1.2994508467495944,-1.2994508467495944,-2.598901693499189
119,3,3740.8333333333335,317.0,254,True,-1.2891151616734249,-1.2891151616734249,-2.5782303233468498
120,0,3679.8333333333335,252.0,253,True,-1.0882419732438098,-1.0882419732438098,-2.1764839464876196
120,1,3835.8333333333335,252.0,253,True,-1.1022625547384393,-1.1022625547384393,-2.2045251094768785
120,2,3623.8333333333335,252.0,253,True,-1.083208943989328,-1.083208943989328,-2.166417887978656
120,3,3872.8333333333335,317.0,254,True,-1.3009787306304192,-1.3009787306304192,-2.6019574612608385
121,0,3854.8333333333335,287.0,253,True,-1.2091806105057508,-1.2091806105057508,-2.4183612210115015
121,1,3765.8333333333335,282.0,254,True,-1.1861516288917782,-1.1861516288917782,-2.3723032577835563
121,2,3767.8333333333335,252.0,253,True,-1.0961510192151391,-1.0961510192151391,-2.1923020384302783
121,3,3616.8333333333335,382.0,255,True,-1.4733613784587702,-1.4733613784587702,-2.9467227569175405
122,0,3768.8333333333335,252.0,253,True,-1.0962408947375408,-1.0962408947375408,-2.1924817894750817
122,1,3772.8333333333335,317.0,255,True,-1.2919911783902727,-1.2919911783902727,-2.5839823567805453
122,2,3684.8333333333335,252.0,253,True,-1.0886913508558165,-1.0886913508558165,-2.177382701711633
122,3,3741.8333333333335,317.0,255,True,-1.2892050371958268,-1.2892050371958268,-2.5784100743916536
123,0,3716.8333333333335,317.0,254,True,-1.2869581491357895,-1.2869581491357895,-2.573916298271579
123,1,3736.166666666667,337.0,255,True,-1.3488159830498458,-1.3488159830498458,-2.6976319660996917
123,2,3757.8333333333335,282.0,254,True,-1.1854326247125664,-1.1854326247125664,-2.3708652494251328
123,3,3882.166666666667,367.0,256,True,-1.452118170041904,-1.452118170041904,-2.904236340083808
124,0,3642.8333333333335,252.0,253,True,-1.0849165789149557,-1.0849165789149557,-2.1698331578299115
124,1,3660.8333333333335,252.0,253,True,-1.0865343383181818,-1.0865343383181818,-2.1730686766363636
124,2,3674.8333333333335,317.0,253,True,-1.2831833771949293,-1.2831833771949293,-2.5663667543898585
124,3,3505.8333333333335,252.0,253,True,-1.072603632345953,-1.072603632345953,-2.145207264691906
125,0,3684.8333333333335,252.0,253,True,-1.0886913508558171,-1.0886913508558171,-2.1773827017116343
125,1,3832.8333333333335,252.0,253,True,-1.1019929281712355,-1.1019929281712355,-2.203985856342471
125,2,4052.166666666667,467.0,259,True,-1.7679982112549633,-1.7679982112549633,-3.5359964225099265
125,3,3543.166666666667,317.0,254,True,-1.2713497667454008,-1.2713497667454008,-2.5426995334908016
126,0,3793.8333333333335,252.0,253,True,-1.0984877827975772,-1.0984877827975772,-2.1969755655951544
126,1,3689.8333333333335,287.0,253,True,-1.1943511493095085,-1.1943511493095085,-2.388702298619017
126,2,3598.8333333333335,317.0,254,True,-1.2763528374924158,-1.2763528374924158,-2.5527056749848316
126,3,3759.8333333333335,317.0,255,True,-1.290822796599053,-1.290822796599053,-2.581645593198106
127,0,3620.8333333333335,252.0,253,True,-1.0829393174221225,-1.0829393174221225,-2.165878634844245
127,1,3789.8333333333335,282.0,254,True,-1.1883086414294142,-1.1883086414294142,-2.3766172828588283
127,2,3744.8333333333335,317.0,255,True,-1.2894746637630308,-1.2894746637630308,-2.5789493275260615
127,3,3671.8333333333335,252.0,253,True,-1.0875229690645982,-1.0875229690645982,-2.1750459381291964
128,0,3948.166666666667,402.0,256,True,-1.5632603753620833,-1.5632603753620833,-3.1265207507241666
128,1,3901.8333333333335,252.0,253,True,-1.1081943392169362,-1.1081943392169362,-2.2163886784338724
128,2,3588.8333333333335,252.0,253,True,-1.0800633007052751,-1.0800633007052751,-2.1601266014105502
128,3,3602.8333333333335,252.0,253,True,-1.0813215580188966,-1.0813215580188966,-2.1626431160377932
129,0,3755.8333333333335,252.0,253,True,-1.0950725129463217,-1.0950725129463217,-2.1901450258926434
129,1,3740.8333333333335,252.0,253,True,-1.093724380110299,-1.093724380110299,-2.187448760220598
129,2,3803.8333333333335,252.0,253,True,-1.099386538021592,-1.099386538021592,-2.198773076043184
129,3,3679.8333333333335,252.0,253,True,-1.08824197324381,-1.08824197324381,-2.17648394648762
130,0,3635.8333333333335,287.0,253,True,-1.1894978710998272,-1.1894978710998272,-2.3789957421996544
130,1,3592.8333333333335,252.0,253,True,-1.0804228027948812,-1.0804228027948812,-2.1608456055897625
130,2,3585.8333333333335,287.0,253,True,-1.1850040949797547,-1.1850040949797547,-2.3700081899595093
130,3,3588.8333333333335,345.0,254,True,-1.3596224189417505,-1.3596224189417505,-2.719244837883501
131,0,3760.8333333333335,417.0,257,True,-1.5915138745262636,-1.5915138745262636,-3.183027749052527
131,1,3699.8333333333335,252.0,253,True,-1.09003948369184,-1.09003948369184,-2.18007896738368
131,2,3705.8333333333335,317.0,255,True,-1.2859695183893738,-1.2859695183893738,-2.5719390367787476
131,3,3764.8333333333335,252.0,253,True,-1.0958813926479352,-1.0958813926479352,-2.1917627852958703
132,0,3776.8333333333335,252.0,253,True,-1.0969598989167528,-1.0969598989167528,-2.1939197978335057
132,1,3626.8333333333335,252.0,253,True,-1.0834785705565324,-1.0834785705565324,-2.166957141113065
132,2,4095.8333333333335,282.0,254,True,-1.215810551284264,-1.215810551284264,-2.431621102568528
132,3,3757.8333333333335,317.0,254,True,-1.2906430455542495,-1.2906430455542495,-2.581286091108499
133,0,3748.8333333333335,252.0,253,True,-1.0944433842895118,-1.0944433842895118,-2.1888867685790236
133,1,3800.8333333333335,282.0,253,True,-1.18929727217583,-1.18929727217583,-2.37859454435166
133,2,3597.8333333333335,282.0,254,True,-1.1710525411283312,-1.1710525411283312,-2.3421050822566625
133,3,3796.8333333333335,252.0,253,True,-1.0987574093647823,-1.0987574093647823,-2.1975148187295646
134,0,3876.8333333333335,317.0,255,True,-1.301338232720026,-1.301338232720026,-2.602676465440052
134,1,3798.8333333333335,317.0,255,True,-1.2943279419727098,-1.2943279419727098,-2.5886558839454197
134,2,3838.8333333333335,252.0,253,True,-1.1025321813056441,-1.1025321813056441,-2.2050643626112882
134,3,3837.8333333333335,252.0,253,True,-1.1024423057832429,-1.1024423057832429,-2.2048846115664857
135,0,3663.8333333333335,252.0,253,True,-1.0868039648853858,-1.0868039648853858,-2.1736079297707716
135,1,3755.333333333333,302.0,254,True,-1.2453281763875255,-1.2453281763875255,-2.490656352775051
135,2,3581.8333333333335,252.0,253,True,-1.0794341720484648,-1.0794341720484648,-2.1588683440969296
135,3,3689.8333333333335,252.0,253,True,-1.089140728467824,-1.089140728467824,-2.178281456935648
136,0,3763.8333333333335,252.0,253,True,-1.0957915171255335,-1.0957915171255335,-2.191583034251067
136,1,3774.8333333333335,252.0,253,True,-1.096780147871949,-1.096780147871949,-2.193560295743898
136,2,3688.8333333333335,252.0,253,True,-1.0890508529454224,-1.0890508529454224,-2.1781017058908447
136,3,3633.8333333333335,317.0,255,True,-1.279498480776468,-1.279498480776468,-2.558996961552936
137,0,3872.8333333333335,282.0,254,True,-1.1957683097887364,-1.1957683097887364,-2.3915366195774728
137,1,3677.8333333333335,252.0,253,True,-1.0880622221990075,-1.0880622221990075,-2.176124444398015
137,2,3579.8333333333335,252.0,253,True,-1.0792544210036625,-1.0792544210036625,-2.158508842007325
137,3,4026.333333333333,410.0,256,True,-1.594333741555519,-1.594333741555519,-3.188667483111038
138,0,3670.8333333333335,252.0,253,True,-1.0874330935421967,-1.0874330935421967,-2.1748661870843935
138,1,3761.8333333333335,252.0,253,True,-1.095611766080731,-1.095611766080731,-2.191223532161462
138,2,3562.8333333333335,252.0,253,True,-1.0777265371228377,-1.0777265371228377,-2.1554530742456754
138,3,3668.8333333333335,252.0,253,True,-1.0872533424973942,-1.0872533424973942,-2.1745066849947885
139,0,3645.8333333333335,252.0,253,True,-1.0851862054821593,-1.0851862054821593,-2.1703724109643185
139,1,3662.8333333333335,252.0,253,True,-1.0867140893629854,-1.0867140893629854,-2.173428178725971
139,2,3678.8333333333335,252.0,253,True,-1.0881520977214079,-1.0881520977214079,-2.1763041954428157
139,3,3428.8333333333335,252.0,253,True,-1.0656832171210402,-1.0656832171210402,-2.1313664342420804
140,0,3534.8333333333335,252.0,253,True,-1.0752100224955958,-1.0752100224955958,-2.1504200449911917
140,1,3691.8333333333335,287.0,253,True,-1.1945309003543112,-1.1945309003543112,-2.3890618007086224
140,2,3677.8333333333335,252.0,253,True,-1.0880622221990066,-1.0880622221990066,-2.1761244443980132
140,3,3616.8333333333335,252.0,253,True,-1.082579815332518,-1.082579815332518,-2.165159630665036
141,0,3634.8333333333335,252.0,253,True,-1.084197574735743,-1.084197574735743,-2.168395149471486
141,1,3615.8333333333335,252.0,253,True,-1.082489939810115,-1.082489939810115,-2.16497987962023
141,2,3651.8333333333335,252.0,253,True,-1.0857254586165686,-1.0857254586165686,-2.171450917233137
141,3,3681.8333333333335,252.0,253,True,-1.0884217242886118,-1.0884217242886118,-2.1768434485772237
142,0,3704.8333333333335,252.0,253,True,-1.090488861303847,-1.090488861303847,-2.180977722607694
142,1,3617.8333333333335,252.0,253,True,-1.082669690854918,-1.082669690854918,-2.165339381709836
142,2,3570.166666666667,252.0,253,True,-1.0783856242871153,-1.0783856242871153,-2.1567712485742305
142,3,3569.8333333333335,252.0,253,True,-1.0783556657796474,-1.0783556657796474,-2.1567113315592947
143,0,3641.8333333333335,282.0,253,True,-1.1750070641139951,-1.1750070641139951,-2.3500141282279903
143,1,3561.166666666667,252.0,253,True,-1.0775767445855013,-1.0775767445855013,-2.1551534891710027
143,2,3663.8333333333335,252.0,253,True,-1.0868039648853858,-1.0868039648853858,-2.1736079297707716
143,3,3734.8333333333335,252.0,253,True,-1.0931851269758903,-1.0931851269758903,-2.1863702539517806
144,0,4095.0,468.0,256,True,-1.774853891488545,-1.774853891488545,-3.54970778297709
144,1,3575.8333333333335,252.0,253,True,-1.0788949189140564,-1.0788949189140564,-2.157789837828113
144,2,3913.0,345.0,254,True,-1.3887570674535583,-1.3887570674535583,-2.7775141349071166
144,3,3944.8333333333335,410.0,256,True,-1.5870088864798002,-1.5870088864798002,-3.1740177729596004
145,0,3901.5,483.0,257,True,-1.8025531582645786,-1.8025531582645786,-3.6051063165291573
145,1,4155.333333333333,410.0,256,True,-1.6059276839453105,-1.6059276839453105,-3.211855367890621
145,2,3957.8333333333335,410.0,256,True,-1.5881772682710193,-1.5881772682710193,-3.1763545365420387
145,3,3972.0,438.0,255,True,-1.6736188415117201,-1.6736188415117201,-3.3472376830234403
146,0,3634.8333333333335,287.0,253,True,-1.189407995577426,-1.189407995577426,-2.378815991154852
146,1,4072.8333333333335,410.0,256,True,-1.598512953347189,-1.598512953347189,-3.197025906694378
146,2,3517.8333333333335,252.0,253,True,-1.073682138614771,-1.073682138614771,-2.147364277229542
146,3,3537.8333333333335,287.0,253,True,-1.1806900699044829,-1.1806900699044829,-2.3613801398089658
147,0,3749.8333333333335,252.0,253,True,-1.094533259811913,-1.094533259811913,-2.189066519623826
147,1,3667.5,483.0,257,True,-1.781522286022633,-1.781522286022633,-3.563044572045266
147,2,3961.333333333333,410.0,255,True,-1.588491832599424,-1.588491832599424,-3.176983665198848
147,3,3651.8333333333335,252.0,253,True,-1.0857254586165679,-1.0857254586165679,-2.1714509172331358
148,0,3732.8333333333335,252.0,253,True,-1.0930053759310876,-1.0930053759310876,-2.186010751862175
148,1,3850.8333333333335,410.0,255,True,-1.578560587374062,-1.578560587374062,-3.157121174748124
148,2,3952.8333333333335,282.0,254,True,-1.2029583515808548,-1.2029583515808548,-2.4059167031617097
148,3,3575.8333333333335,252.0,253,True,-1.0788949189140566,-1.0788949189140566,-2.1577898378281133
149,0,3728.833333333333,380.0,255,True,-1.4774154129196355,-1.4774154129196355,-2.954830825839271
149,1,3116.166666666667,217.0,252,True,-0.9323717162751638,-0.9323717162751638,-1.8647434325503276
149,2,3448.166666666667,310.0,253,True,-1.2417695079489224,-1.2417695079489224,-2.4835390158978448
149,3,3791.8333333333335,282.0,253,True,-1.188488392474216,-1.188488392474216,-2.376976784948432
150,0,3898.0,345.0,254,True,-1.387408934617535,-1.387408934617535,-2.77481786923507
150,1,4006.0,375.0,255,True,-1.4872958517583381,-1.4872958517583381,-2.9745917035166762
150,2,3533.8333333333335,317.0,255,True,-1.2705109285363203,-1.2705109285363203,-2.5410218570726406
150,3,3611.8333333333335,252.0,253,True,-1.0821304377205097,-1.0821304377205097,-2.1642608754410193
151,0,3742.8333333333335,317.0,254,True,-1.289294912718228,-1.289294912718228,-2.578589825436456
151,1,3827.8333333333335,347.0,256,True,-1.3871146928437963,-1.3871146928437963,-2.7742293856875926
151,2,3651.8333333333335,252.0,253,True,-1.0857254586165688,-1.0857254586165688,-2.1714509172331375
151,3,3766.8333333333335,347.0,256,True,-1.3816322859773065,-1.3816322859773065,-2.763264571954613
152,0,3505.8333333333335,317.0,255,True,-1.267994413909078,-1.267994413909078,-2.535988827818156
152,1,3497.8333333333335,252.0,253,True,-1.0718846281667418,-1.0718846281667418,-2.1437692563334836
152,2,3553.333333333333,375.0,255,True,-1.4466121986179403,-1.4466121986179403,-2.8932243972358807
152,3,3605.8333333333335,252.0,253,True,-1.0815911845861008,-1.0815911845861008,-2.1631823691722016
153,0,3690.8333333333335,252.0,253,True,-1.0892306039902255,-1.0892306039902255,-2.178461207980451
153,1,3927.8333333333335,282.0,254,True,-1.2007114635208176,-1.2007114635208176,-2.401422927041635
153,2,3621.8333333333335,252.0,252,True,-1.0830291929445248,-1.0830291929445248,-2.1660583858890496
153,3,3752.8333333333335,252.0,253,True,-1.0948028863791175,-1.0948028863791175,-2.189605772758235
154,0,4055.8333333333335,475.0,257,True,-1.7923758510294896,-1.7923758510294896,-3.584751702058979
154,1,3632.8333333333335,252.0,253,True,-1.0840178236909408,-1.0840178236909408,-2.1680356473818816
154,2,3752.8333333333335,252.0,253,True,-1.0948028863791173,-1.0948028863791173,-2.1896057727582345
154,3,3653.8333333333335,252.0,253,True,-1.0859052096613724,-1.0859052096613724,-2.1718104193227448
155,0,3740.8333333333335,252.0,253,True,-1.0937243801102994,-1.0937243801102994,-2.1874487602205988
155,1,3653.8333333333335,317.0,255,True,-1.2812959912244972,-1.2812959912244972,-2.5625919824489944
155,2,3774.8333333333335,317.0,255,True,-1.2921709294350756,-1.2921709294350756,-2.584341858870151
155,3,3758.8333333333335,252.0,253,True,-1.0953421395135263,-1.0953421395135263,-2.1906842790270526
156,0,3687.8333333333335,317.0,255,True,-1.2843517589861462,-1.2843517589861462,-2.5687035179722923
156,1,3708.8333333333335,252.0,253,True,-1.0908483633934525,-1.0908483633934525,-2.181696726786905
156,2,3564.8333333333335,252.0,253,True,-1.077906288167641,-1.077906288167641,-2.155812576335282
156,3,3647.8333333333335,282.0,254,True,-1.175546317248404,-1.175546317248404,-2.351092634496808
157,0,3635.8333333333335,252.0,253,True,-1.084287450258145,-1.084287450258145,-2.16857490051629
157,1,3649.8333333333335,252.0,253,True,-1.0855457075717654,-1.0855457075717654,-2.1710914151435308
157,2,3796.8333333333335,252.0,253,True,-1.098757409364782,-1.098757409364782,-2.197514818729564
157,3,3558.8333333333335,252.0,253,True,-1.0773670350332314,-1.0773670350332314,-2.154734070066463
158,0,3569.8333333333335,252.0,253,True,-1.0783556657796478,-1.0783556657796478,-2.1567113315592956
158,1,3834.8333333333335,282.0,254,True,-1.19235303993748,-1.19235303993748,-2.38470607987496
158,2,4010.8333333333335,473.0,256,True,-1.782319428473327,-1.782319428473327,-3.564638856946654
158,3,3730.8333333333335,317.0,255,True,-1.2882164064494108,-1.2882164064494108,-2.5764328128988216
159,0,3690.8333333333335,282.0,254,True,-1.1794109647116682,-1.1794109647116682,-2.3588219294233363
159,1,3518.8333333333335,252.0,253,True,-1.0737720141371732,-1.0737720141371732,-2.1475440282743463
159,2,3668.8333333333335,317.0,255,True,-1.2826441240605184,-1.2826441240605184,-2.565288248121037
159,3,3284.8333333333335,252.0,253,True,-1.0527411418952282,-1.0527411418952282,-2.1054822837904563
160,0,3700.8333333333335,317.0,255,True,-1.2855201407773664,-1.2855201407773664,-2.571040281554733
160,1,3593.8333333333335,252.0,253,True,-1.080512678317283,-1.080512678317283,-2.161025356634566
160,2,3596.8333333333335,252.0,253,True,-1.080782304884487,-1.080782304884487,-2.161564609768974
160,3,3610.8333333333335,282.0,254,True,-1.1722209229195506,-1.1722209229195506,-2.344441845839101
161,0,3689.8333333333335,252.0,253,True,-1.089140728467825,-1.089140728467825,-2.17828145693565
161,1,3507.8333333333335,317.0,255,True,-1.2681741649538822,-1.2681741649538822,-2.5363483299077645
161,2,3573.8333333333335,252.0,253,True,-1.078715167869254,-1.078715167869254,-2.157430335738508
161,3,3740.8333333333335,282.0,254,True,-1.1839047408317407,-1.1839047408317407,-2.3678094816634814
162,0,3777.8333333333335,317.0,255,True,-1.2924405560022796,-1.2924405560022796,-2.584881112004559
162,1,3610.8333333333335,252.0,253,True,-1.082040562198109,-1.082040562198109,-2.164081124396218
162,2,3650.8333333333335,317.0,255,True,-1.2810263646572917,-1.2810263646572917,-2.5620527293145834
162,3,3558.166666666667,252.0,253,True,-1.0773071180182978,-1.0773071180182978,-2.1546142360365956
163,0,3602.8333333333335,252.0,253,True,-1.081321558018896,-1.081321558018896,-2.162643116037792
163,1,3590.8333333333335,252.0,253,True,-1.0802430517500783,-1.0802430517500783,-2.1604861035001566
163,2,3642.8333333333335,252.0,253,True,-1.0849165789149553,-1.0849165789149553,-2.1698331578299106
163,3,3510.8333333333335,252.0,253,True,-1.073053009957961,-1.073053009957961,-2.146106019915922
164,0,3544.166666666667,317.0,255,True,-1.2714396422678027,-1.2714396422678027,-2.5428792845356054
164,1,3703.8333333333335,282.0,254,True,-1.1805793465028873,-1.1805793465028873,-2.3611586930057746
164,2,3558.166666666667,252.0,253,True,-1.0773071180182974,-1.0773071180182974,-2.1546142360365947
164,3,3530.166666666667,317.0,254,True,-1.2701813849541812,-1.2701813849541812,-2.5403627699083624
165,0,3533.166666666667,252.0,253,True,-1.07506022995826,-1.07506022995826,-2.15012045991652
165,1,3664.8333333333335,317.0,255,True,-1.2822846219709125,-1.2822846219709125,-2.564569243941825
165,2,3632.8333333333335,252.0,253,True,-1.0840178236909397,-1.0840178236909397,-2.1680356473818794
165,3,3574.8333333333335,252.0,253,True,-1.0788050433916552,-1.0788050433916552,-2.1576100867833103
166,0,3551.333333333333,375.0,255,True,-1.446432447573137,-1.446432447573137,-2.892864895146274
166,1,3535.8333333333335,252.0,253,True,-1.0752998980179973,-1.0752998980179973,-2.1505997960359946
166,2,3950.333333333333,410.0,256,True,-1.5875032018530089,-1.5875032018530089,-3.1750064037060177
166,3,3798.8333333333335,282.0,254,True,-1.189117521131027,-1.189117521131027,-2.378235042262054
167,0,3568.8333333333335,252.0,253,True,-1.0782657902572454,-1.0782657902572454,-2.156531580514491
167,1,3632.8333333333335,252.0,253,True,-1.0840178236909401,-1.0840178236909401,-2.1680356473818803
167,2,3126.166666666667,252.0,253,True,-1.03848089234086,-1.03848089234086,-2.07696178468172
167,3,3590.8333333333335,317.0,255,True,-1.2756338333132038,-1.2756338333132038,-2.5512676666264076
168,0,3565.8333333333335,252.0,253,True,-1.0779961636900428,-1.0779961636900428,-2.1559923273800856
168,1,3591.8333333333335,252.0,253,True,-1.0803329272724798,-1.0803329272724798,-2.1606658545449595
168,2,3695.8333333333335,252.0,253,True,-1.0896799816022336,-1.0896799816022336,-2.179359963204467
168,3,3545.8333333333335,252.0,253,True,-1.076198653242012,-1.076198653242012,-2.152397306484024
169,0,3507.8333333333335,252.0,253,True,-1.0727833833907567,-1.0727833833907567,-2.1455667667815135
169,1,3595.8333333333335,252.0,253,True,-1.0806924293620859,-1.0806924293620859,-2.1613848587241717
169,2,3628.0,345.0,253,True,-1.3631425435691369,-1.3631425435691369,-2.7262850871382738
169,3,3668.8333333333335,252.0,253,True,-1.087253342497394,-1.087253342497394,-2.174506684994788
170,0,3504.166666666667,252.0,253,True,-1.0724538398086174,-1.0724538398086174,-2.144907679617235
170,1,3739.8333333333335,282.0,254,True,-1.1838148653093397,-1.1838148653093397,-2.3676297306186793
170,2,3504.166666666667,252.0,253,True,-1.0724538398086176,-1.0724538398086176,-2.1449076796172353
170,3,3608.8333333333335,252.0,253,True,-1.081860811153306,-1.081860811153306,-2.163721622306612
171,0,3666.8333333333335,252.0,253,True,-1.0870735914525897,-1.0870735914525897,-2.1741471829051795
171,1,3617.166666666667,282.0,253,True,-1.1727901345614258,-1.1727901345614258,-2.3455802691228516
171,2,3776.8333333333335,282.0,254,True,-1.1871402596381944,-1.1871402596381944,-2.3742805192763887
171,3,3650.8333333333335,252.0,253,True,-1.0856355830941664,-1.0856355830941664,-2.171271166188333
172,0,3931.333333333333,540.0,256,True,-1.9765771300536328,-1.9765771300536328,-3.9531542601072656
172,1,3578.8333333333335,252.0,253,True,-1.0791645454812602,-1.0791645454812602,-2.1583290909625203
172,2,3579.166666666667,252.0,253,True,-1.0791945039887274,-1.0791945039887274,-2.158389007977455
172,3,3669.8333333333335,252.0,253,True,-1.087343218019794,-1.087343218019794,-2.174686436039588
173,0,3600.8333333333335,252.0,253,True,-1.0811418069740937,-1.0811418069740937,-2.1622836139481874
173,1,3513.8333333333335,252.0,253,True,-1.0733226365251647,-1.0733226365251647,-2.1466452730503294
173,2,3490.8333333333335,252.0,253,True,-1.0712554995099315,-1.0712554995099315,-2.142510999019863
173,3,3654.8333333333335,252.0,253,True,-1.0859950851837723,-1.0859950851837723,-2.1719901703675446
174,0,3512.166666666667,252.0,253,True,-1.0731728439878288,-1.0731728439878288,-2.1463456879756575
174,1,3658.166666666667,317.0,255,True,-1.28168545182157,-1.28168545182157,-2.56337090364314
174,2,3581.8333333333335,252.0,253,True,-1.0794341720484655,-1.0794341720484655,-2.158868344096931
174,3,3553.8333333333335,252.0,253,True,-1.0769176574212247,-1.0769176574212247,-2.1538353148424494
175,0,3614.8333333333335,252.0,253,True,-1.0824000642877143,-1.0824000642877143,-2.1648001285754286
175,1,3525.8333333333335,252.0,253,True,-1.074401142793983,-1.074401142793983,-2.148802285587966
175,2,3480.8333333333335,317.0,255,True,-1.2657475258490416,-1.2657475258490416,-2.531495051698083
175,3,3693.8333333333335,252.0,253,True,-1.08950023055743,-1.08950023055743,-2.17900046111486
176,0,3655.8333333333335,252.0,253,True,-1.086084960706174,-1.086084960706174,-2.172169921412348
176,1,3664.8333333333335,252.0,253,True,-1.0868938404077875,-1.0868938404077875,-2.173787680815575
176,2,3698.8333333333335,252.0,253,True,-1.0899496081694382,-1.0899496081694382,-2.1798992163388764
176,3,3549.8333333333335,252.0,253,True,-1.0765581553316177,-1.0765581553316177,-2.1531163106632354
177,0,3694.8333333333335,252.0,253,True,-1.0895901060798323,-1.0895901060798323,-2.1791802121596646
177,1,3639.8333333333335,252.0,253,True,-1.0846469523477504,-1.0846469523477504,-2.169293904695501
177,2,3598.8333333333335,252.0,253,True,-1.0809620559292898,-1.0809620559292898,-2.1619241118585797
177,3,3680.8333333333335,252.0,253,True,-1.0883318487662104,-1.0883318487662104,-2.1766636975324207
178,0,3752.8333333333335,252.0,253,True,-1.0948028863791168,-1.0948028863791168,-2.1896057727582336
178,1,3600.8333333333335,252.0,253,True,-1.081141806974094,-1.081141806974094,-2.162283613948188
178,2,3623.8333333333335,252.0,253,True,-1.083208943989327,-1.083208943989327,-2.166417887978654
178,3,3620.8333333333335,252.0,253,True,-1.0829393174221222,-1.0829393174221222,-2.1658786348442445
179,0,3640.8333333333335,252.0,253,True,-1.0847368278701526,-1.0847368278701526,-2.169473655740305
179,1,3612.8333333333335,252.0,253,True,-1.0822203132429107,-1.0822203132429107,-2.1644406264858214
179,2,3665.8333333333335,252.0,253,True,-1.0869837159301885,-1.0869837159301885,-2.173967431860377
179,3,3573.8333333333335,252.0,253,True,-1.078715167869253,-1.078715167869253,-2.157430335738506
180,0,3184.166666666667,217.0,252,True,-0.9384832517984629,-0.9384832517984629,-1.8769665035969259
180,1,3553.8333333333335,252.0,253,True,-1.0769176574212234,-1.0769176574212234,-2.1538353148424467
180,2,3571.8333333333335,252.0,253,True,-1.0785354168244499,-1.0785354168244499,-2.1570708336488997
180,3,3610.8333333333335,252.0,253,True,-1.0820405621981073,-1.0820405621981073,-2.1640811243962146
181,0,3723.8333333333335,345.0,254,True,-1.371755614465947,-1.371755614465947,-2.743511228931894
181,1,3608.8333333333335,252.0,253,True,-1.0818608111533055,-1.0818608111533055,-2.163721622306611
181,2,3665.8333333333335,252.0,253,True,-1.0869837159301887,-1.0869837159301887,-2.1739674318603774
181,3,3638.8333333333335,252.0,253,True,-1.0845570768253487,-1.0845570768253487,-2.1691141536506975
182,0,3731.8333333333335,252.0,253,True,-1.092915500408686,-1.092915500408686,-2.185831000817372
182,1,3655.8333333333335,252.0,253,True,-1.0860849607061742,-1.0860849607061742,-2.1721699214123484
182,2,3795.8333333333335,317.0,254,True,-1.2940583154055059,-1.2940583154055059,-2.5881166308110117
182,3,3762.166666666667,402.0,257,True,-1.54654352819541,-1.54654352819541,-3.09308705639082
183,0,3700.8333333333335,252.0,253,True,-1.0901293592142405,-1.0901293592142405,-2.180258718428481
183,1,3681.8333333333335,252.0,253,True,-1.0884217242886118,-1.0884217242886118,-2.1768434485772237
183,2,3849.8333333333335,287.0,253,True,-1.2087312328937438,-1.2087312328937438,-2.4174624657874877
183,3,3782.8333333333335,252.0,253,True,-1.0974991520511614,-1.0974991520511614,-2.194998304102323
184,0,3788.166666666667,337.0,254,True,-1.3534895102147213,-1.3534895102147213,-2.7069790204294426
184,1,3789.8333333333335,252.0,253,True,-1.0981282807079724,-1.0981282807079724,-2.196256561415945
184,2,3675.8333333333335,252.0,253,True,-1.0878824711542034,-1.0878824711542034,-2.175764942308407
184,3,3857.8333333333335,252.0,253,True,-1.1042398162312728,-1.1042398162312728,-2.2084796324625455
185,0,4144.166666666667,495.0,258,True,-1.8604350959892488,-1.8604350959892488,-3.7208701919784977
185,1,3566.8333333333335,252.0,253,True,-1.078086039212443,-1.078086039212443,-2.156172078424886
185,2,3625.8333333333335,252.0,253,True,-1.0833886950341305,-1.0833886950341305,-2.166777390068261
185,3,3747.8333333333335,252.0,253,True,-1.09435350876711,-1.09435350876711,-2.18870701753422
186,0,3730.8333333333335,252.0,253,True,-1.0928256248862838,-1.0928256248862838,-2.1856512497725675
186,1,3676.8333333333335,252.0,253,True,-1.0879723466766045,-1.0879723466766045,-2.175944693353209
186,2,3656.8333333333335,252.0,253,True,-1.086174836228575,-1.086174836228575,-2.17234967245715
186,3,3976.166666666667,568.0,258,True,-2.064774885981313,-2.064774885981313,-4.129549771962626
187,0,3779.8333333333335,252.0,253,True,-1.0972295254839577,-1.0972295254839577,-2.1944590509679154
187,1,3632.8333333333335,252.0,253,True,-1.0840178236909406,-1.0840178236909406,-2.168035647381881
187,2,3028.0,217.0,252,True,-0.9244476910500995,-0.9244476910500995,-1.848895382100199
187,3,3829.8333333333335,252.0,253,True,-1.1017233016040304,-1.1017233016040304,-2.203446603208061
188,0,3823.8333333333335,317.0,254,True,-1.296574830032748,-1.296574830032748,-2.593149660065496
188,1,3695.8333333333335,317.0,254,True,-1.2850707631653588,-1.2850707631653588,-2.5701415263307177
188,2,3795.166666666667,337.0,255,True,-1.354118638871533,-1.354118638871533,-2.708237277743066
188,3,3691.8333333333335,252.0,253,True,-1.0893204795126277,-1.0893204795126277,-2.1786409590252553
189,0,3668.8333333333335,252.0,253,True,-1.0872533424973936,-1.0872533424973936,-2.174506684994787
189,1,3634.8333333333335,252.0,253,True,-1.0841975747357424,-1.0841975747357424,-2.168395149471485
189,2,3597.8333333333335,252.0,253,True,-1.0808721804068888,-1.0808721804068888,-2.1617443608137776
189,3,3905.333333333333,510.0,258,True,-1.8840600057497523,-1.8840600057497523,-3.7681200114995046
190,0,3481.166666666667,252.0,253,True,-1.070386702793384,-1.070386702793384,-2.140773405586768
190,1,3736.8333333333335,252.0,253,True,-1.0933648780206948,-1.0933648780206948,-2.1867297560413896
190,2,3715.8333333333335,317.0,255,True,-1.286868273613388,-1.286868273613388,-2.573736547226776
190,3,3688.8333333333335,252.0,253,True,-1.0890508529454233,-1.0890508529454233,-2.1781017058908465
191,0,3694.8333333333335,252.0,253,True,-1.0895901060798308,-1.0895901060798308,-2.1791802121596615
191,1,3602.8333333333335,252.0,253,True,-1.081321558018897,-1.081321558018897,-2.162643116037794
191,2,3629.8333333333335,252.0,253,True,-1.0837481971237362,-1.0837481971237362,-2.1674963942474723
191,3,3631.8333333333335,317.0,255,True,-1.2793187297316648,-1.2793187297316648,-2.5586374594633297
192,0,3783.8333333333335,252.0,253,True,-1.0975890275735634,-1.0975890275735634,-2.1951780551471267
192,1,3679.8333333333335,252.0,253,True,-1.0882419732438096,-1.0882419732438096,-2.176483946487619
192,2,3822.8333333333335,252.0,253,True,-1.1010941729472203,-1.1010941729472203,-2.2021883458944407
192,3,3746.8333333333335,252.0,253,True,-1.0942636332447089,-1.0942636332447089,-2.1885272664894178
193,0,3588.8333333333335,252.0,253,True,-1.0800633007052753,-1.0800633007052753,-2.1601266014105507
193,1,3705.8333333333335,252.0,253,True,-1.0905787368262485,-1.0905787368262485,-2.181157473652497
193,2,3655.8333333333335,252.0,253,True,-1.0860849607061747,-1.0860849607061747,-2.1721699214123493
193,3,3552.8333333333335,252.0,253,True,-1.0768277818988226,-1.0768277818988226,-2.153655563797645
194,0,3853.8333333333335,252.0,253,True,-1.1038803141416664,-1.1038803141416664,-2.207760628283333
194,1,3801.8333333333335,252.0,253,True,-1.0992067869767896,-1.0992067869767896,-2.1984135739535793
194,2,3705.8333333333335,252.0,253,True,-1.090578736826248,-1.090578736826248,-2.181157473652496
194,3,3820.8333333333335,317.0,255,True,-1.2963052034655425,-1.2963052034655425,-2.592610406931085
195,0,3593.8333333333335,252.0,253,True,-1.0805126783172831,-1.0805126783172831,-2.1610253566345663
195,1,3523.8333333333335,252.0,253,True,-1.0742213917491803,-1.0742213917491803,-2.1484427834983606
195,2,3480.8333333333335,252.0,253,True,-1.0703567442859159,-1.0703567442859159,-2.1407134885718317
195,3,3592.8333333333335,252.0,253,True,-1.080422802794881,-1.080422802794881,-2.160845605589762
196,0,3542.8333333333335,252.0,253,True,-1.0759290266748074,-1.0759290266748074,-2.1518580533496148
196,1,3615.8333333333335,252.0,253,True,-1.0824899398101158,-1.0824899398101158,-2.1649798796202315
196,2,3600.8333333333335,252.0,253,True,-1.081141806974093,-1.081141806974093,-2.162283613948186
196,3,3698.8333333333335,252.0,253,True,-1.0899496081694375,-1.0899496081694375,-2.179899216338875
197,0,3675.8333333333335,252.0,253,True,-1.0878824711542037,-1.0878824711542037,-2.1757649423084073
197,1,3690.8333333333335,252.0,253,True,-1.0892306039902258,-1.0892306039902258,-2.1784612079804515
197,2,3681.8333333333335,252.0,253,True,-1.0884217242886123,-1.0884217242886123,-2.1768434485772246
197,3,3641.8333333333335,252.0,253,True,-1.0848267033925538,-1.0848267033925538,-2.1696534067851077
198,0,3598.8333333333335,252.0,253,True,-1.0809620559292907,-1.0809620559292907,-2.1619241118585815
198,1,3525.8333333333335,252.0,253,True,-1.0744011427939824,-1.0744011427939824,-2.1488022855879647
198,2,3549.8333333333335,252.0,253,True,-1.076558155331618,-1.076558155331618,-2.153116310663236
198,3,3496.8333333333335,252.0,253,True,-1.0717947526443385,-1.0717947526443385,-2.143589505288677
199,0,3662.8333333333335,252.0,253,True,-1.0867140893629845,-1.0867140893629845,-2.173428178725969
199,1,3466.8333333333335,252.0,253,True,-1.0690984869722955,-1.0690984869722955,-2.138196973944591
199,2,3573.166666666667,252.0,253,True,-1.0786552508543197,-1.0786552508543197,-2.1573105017086394
199,3,3565.8333333333335,252.0,253,True,-1.0779961636900426,-1.0779961636900426,-2.155992327380085
200,0,3694.8333333333335,252.0,253,True,-1.0895901060798308,-1.0895901060798308,-2.1791802121596615
200,1,3634.8333333333335,317.0,254,True,-1.2795883562988677,-1.2795883562988677,-2.5591767125977354
200,2,3728.8333333333335,252.0,253,True,-1.0926458738414824,-1.0926458738414824,-2.1852917476829647
200,3,3677.8333333333335,252.0,253,True,-1.0880622221990068,-1.0880622221990068,-2.1761244443980137
201,0,3672.8333333333335,252.0,253,True,-1.0876128445869995,-1.0876128445869995,-2.175225689173999
201,1,3636.8333333333335,252.0,253,True,-1.0843773257805458,-1.0843773257805458,-2.1687546515610916
201,2,3629.8333333333335,252.0,253,True,-1.083748197123736,-1.083748197123736,-2.167496394247472
201,3,3769.8333333333335,317.0,255,True,-1.2917215518230676,-1.2917215518230676,-2.583443103646135
202,0,3716.8333333333335,252.0,253,True,-1.0915673675726643,-1.0915673675726643,-2.1831347351453285
202,1,3669.8333333333335,287.0,253,True,-1.1925536388614781,-1.1925536388614781,-2.3851072777229563
202,2,3703.8333333333335,252.0,253,True,-1.0903989857814447,-1.0903989857814447,-2.1807979715628893
202,3,3588.333333333333,302.0,254,True,-1.2303189641464793,-1.2303189641464793,-2.4606379282929587
203,0,3331.3333333333335,302.0,254,True,-1.2072209548893014,-1.2072209548893014,-2.4144419097786027
203,1,3648.8333333333335,252.0,253,True,-1.0854558320493628,-1.0854558320493628,-2.1709116640987256
203,2,3695.8333333333335,252.0,253,True,-1.089679981602234,-1.089679981602234,-2.179359963204468
203,3,3636.8333333333335,252.0,253,True,-1.0843773257805465,-1.0843773257805465,-2.168754651561093
204,0,3563.8333333333335,252.0,253,True,-1.077816412645238,-1.077816412645238,-2.155632825290476
204,1,3504.166666666667,302.0,254,True,-1.2227544410110214,-1.2227544410110214,-2.4455088820220428
204,2,3630.8333333333335,252.0,253,True,-1.0838380726461376,-1.0838380726461376,-2.1676761452922753
204,3,3552.8333333333335,252.0,253,True,-1.0768277818988226,-1.0768277818988226,-2.153655563797645
205,0,3652.8333333333335,252.0,253,True,-1.0858153341389694,-1.0858153341389694,-2.1716306682779387
205,1,3616.8333333333335,252.0,253,True,-1.0825798153325172,-1.0825798153325172,-2.1651596306650345
205,2,3551.8333333333335,252.0,253,True,-1.0767379063764204,-1.0767379063764204,-2.153475812752841
205,3,3576.8333333333335,252.0,253,True,-1.078984794436458,-1.078984794436458,-2.157969588872916
206,0,3584.8333333333335,252.0,253,True,-1.0797037986156703,-1.0797037986156703,-2.1594075972313407
206,1,3539.8333333333335,252.0,253,True,-1.0756594001076039,-1.0756594001076039,-2.1513188002152077
206,2,3573.8333333333335,252.0,253,True,-1.0787151678692535,-1.0787151678692535,-2.157430335738507
206,3,3865.8333333333335,282.0,254,True,-1.1951391811319252,-1.1951391811319252,-2.3902783622638504
207,0,3545.8333333333335,252.0,253,True,-1.0761986532420118,-1.0761986532420118,-2.1523973064840236
207,1,3821.8333333333335,282.0,254,True,-1.1911846581462602,-1.1911846581462602,-2.3823693162925204
207,2,3533.8333333333335,252.0,253,True,-1.0751201469731946,-1.0751201469731946,-2.150240293946389
207,3,3610.8333333333335,252.0,253,True,-1.0820405621981093,-1.0820405621981093,-2.1640811243962186
208,0,3512.166666666667,252.0,253,True,-1.0731728439878303,-1.0731728439878303,-2.1463456879756606
208,1,3577.8333333333335,282.0,253,True,-1.1692550306803022,-1.1692550306803022,-2.3385100613606045
208,2,3586.8333333333335,317.0,255,True,-1.2752743312235972,-1.2752743312235972,-2.5505486624471945
208,3,3618.8333333333335,252.0,253,True,-1.0827595663773195,-1.0827595663773195,-2.165519132754639
209,0,3554.8333333333335,252.0,253,True,-1.0770075329436255,-1.0770075329436255,-2.154015065887251
209,1,3504.166666666667,252.0,253,True,-1.0724538398086183,-1.0724538398086183,-2.1449076796172366
209,2,3547.8333333333335,252.0,253,True,-1.0763784042868156,-1.0763784042868156,-2.1527568085736313
209,3,3511.8333333333335,252.0,253,True,-1.0731428854803622,-1.0731428854803622,-2.1462857709607244
210,0,3591.8333333333335,252.0,253,True,-1.0803329272724804,-1.0803329272724804,-2.160665854544961
210,1,3533.8333333333335,252.0,253,True,-1.0751201469731946,-1.0751201469731946,-2.150240293946389
210,2,3558.166666666667,252.0,253,True,-1.0773071180182965,-1.0773071180182965,-2.154614236036593
210,3,3540.8333333333335,252.0,253,True,-1.0757492756300056,-1.0757492756300056,-2.151498551260011
211,0,3588.8333333333335,252.0,253,True,-1.0800633007052758,-1.0800633007052758,-2.1601266014105516
211,1,3595.8333333333335,252.0,253,True,-1.0806924293620854,-1.0806924293620854,-2.161384858724171
211,2,3992.166666666667,367.0,256,True,-1.4620044775060657,-1.4620044775060657,-2.9240089550121313
211,3,3518.8333333333335,252.0,253,True,-1.073772014137172,-1.073772014137172,-2.147544028274344
212,0,3520.8333333333335,252.0,253,True,-1.0739517651819752,-1.0739517651819752,-2.1479035303639504
212,1,3861.8333333333335,282.0,254,True,-1.1947796790423202,-1.1947796790423202,-2.3895593580846404
212,2,3608.8333333333335,317.0,254,True,-1.2772515927164303,-1.2772515927164303,-2.5545031854328606
212,3,3515.8333333333335,252.0,253,True,-1.0735023875699683,-1.0735023875699683,-2.1470047751399366
213,0,3511.8333333333335,252.0,253,True,-1.0731428854803624,-1.0731428854803624,-2.146285770960725
213,1,3484.8333333333335,252.0,253,True,-1.070716246375523,-1.070716246375523,-2.141432492751046
213,2,3578.8333333333335,252.0,253,True,-1.0791645454812608,-1.0791645454812608,-2.1583290909625217
213,3,3565.8333333333335,252.0,253,True,-1.0779961636900417,-1.0779961636900417,-2.1559923273800834
214,0,3627.8333333333335,252.0,253,True,-1.083568446078933,-1.083568446078933,-2.167136892157866
214,1,3504.166666666667,252.0,253,True,-1.072453839808619,-1.072453839808619,-2.144907679617238
214,2,3553.8333333333335,252.0,253,True,-1.0769176574212243,-1.0769176574212243,-2.1538353148424485
214,3,3547.8333333333335,252.0,253,True,-1.0763784042868154,-1.0763784042868154,-2.152756808573631
215,0,3579.8333333333335,252.0,253,True,-1.0792544210036632,-1.0792544210036632,-2.1585088420073264
215,1,3563.8333333333335,252.0,253,True,-1.077816412645239,-1.077816412645239,-2.155632825290478
215,2,3501.8333333333335,252.0,253,True,-1.0722441302563472,-1.0722441302563472,-2.1444882605126945
215,3,3658.166666666667,317.0,255,True,-1.2816854518215695,-1.2816854518215695,-2.563370903643139
216,0,3418.166666666667,217.0,252,True,-0.9595141240404077,-0.9595141240404077,-1.9190282480808154
216,1,3639.166666666667,252.0,253,True,-1.0845870353328158,-1.0845870353328158,-2.1691740706656315
216,2,3573.8333333333335,252.0,253,True,-1.0787151678692541,-1.0787151678692541,-2.1574303357385083
216,3,3531.8333333333335,252.0,253,True,-1.0749403959283923,-1.0749403959283923,-2.1498807918567846
217,0,3984.5,483.0,257,True,-1.8100128266239013,-1.8100128266239013,-3.6200256532478026
217,1,3505.8333333333335,252.0,253,True,-1.0726036323459536,-1.0726036323459536,-2.145207264691907
217,2,3504.166666666667,252.0,253,True,-1.072453839808618,-1.072453839808618,-2.144907679617236
217,3,3505.8333333333335,252.0,253,True,-1.0726036323459534,-1.0726036323459534,-2.1452072646919067
218,0,3942.5,483.0,256,True,-1.8062380546830397,-1.8062380546830397,-3.6124761093660793
218,1,4188.333333333333,410.0,256,True,-1.6088935761845593,-1.6088935761845593,-3.2177871523691186
218,2,3521.8333333333335,252.0,253,True,-1.0740416407043762,-1.0740416407043762,-2.1480832814087525
218,3,4189.333333333333,410.0,256,True,-1.608983451706961,-1.608983451706961,-3.217966903413922
219,0,4285.333333333333,410.0,256,True,-1.6176115018575028,-1.6176115018575028,-3.2352230037150056
219,1,3511.8333333333335,252.0,253,True,-1.073142885480363,-1.073142885480363,-2.146285770960726
219,2,3504.166666666667,252.0,253,True,-1.0724538398086172,-1.0724538398086172,-2.1449076796172344
219,3,3538.8333333333335,252.0,253,True,-1.0755695245852028,-1.0755695245852028,-2.1511390491704057
220,0,3530.8333333333335,252.0,253,True,-1.0748505204059904,-1.0748505204059904,-2.1497010408119808
220,1,4041.333333333333,410.0,256,True,-1.5956818743915415,-1.5956818743915415,-3.191363748783083
220,2,3532.8333333333335,317.0,254,True,-1.2704210530139177,-1.2704210530139177,-2.5408421060278354
220,3,3605.8333333333335,252.0,253,True,-1.081591184586101,-1.081591184586101,-2.163182369172202
221,0,3635.166666666667,317.0,254,True,-1.2796183148063367,-1.2796183148063367,-2.5592366296126734
221,1,3582.166666666667,252.0,253,True,-1.079464130555933,-1.079464130555933,-2.158928261111866
221,2,4061.333333333333,410.0,255,True,-1.5974793848395716,-1.5974793848395716,-3.1949587696791433
221,3,3543.166666666667,252.0,253,True,-1.075958985182275,-1.075958985182275,-2.15191797036455
222,0,3577.8333333333335,252.0,253,True,-1.0790746699588591,-1.0790746699588591,-2.1581493399177183
222,1,3543.166666666667,252.0,253,True,-1.0759589851822748,-1.0759589851822748,-2.1519179703645497
222,2,3503.8333333333335,252.0,253,True,-1.07242388130115,-1.07242388130115,-2.1448477626023
222,3,3651.166666666667,252.0,253,True,-1.0856655416016343,-1.0856655416016343,-2.1713310832032686
223,0,3518.8333333333335,252.0,253,True,-1.073772014137172,-1.073772014137172,-2.147544028274344
223,1,3543.166666666667,317.0,255,True,-1.2713497667453997,-1.2713497667453997,-2.5426995334907994
223,2,3512.166666666667,252.0,253,True,-1.0731728439878294,-1.0731728439878294,-2.146345687975659
223,3,3651.166666666667,252.0,253,True,-1.085665541601635,-1.085665541601635,-2.17133108320327
224,0,3543.166666666667,252.0,253,True,-1.0759589851822746,-1.0759589851822746,-2.1519179703645492
224,1,3566.8333333333335,252.0,253,True,-1.0780860392124423,-1.0780860392124423,-2.1561720784248846
224,2,3558.166666666667,252.0,253,True,-1.077307118018298,-1.077307118018298,-2.154614236036596
224,3,3573.166666666667,252.0,253,True,-1.0786552508543192,-1.0786552508543192,-2.1573105017086385
225,0,3504.166666666667,252.0,253,True,-1.0724538398086165,-1.0724538398086165,-2.144907679617233
225,1,3435.8333333333335,317.0,255,True,-1.2617031273409756,-1.2617031273409756,-2.523406254681951
225,2,3538.8333333333335,252.0,253,True,-1.0755695245852022,-1.0755695245852022,-2.1511390491704043
225,3,3515.8333333333335,252.0,253,True,-1.0735023875699676,-1.0735023875699676,-2.1470047751399353
226,0,3558.166666666667,252.0,253,True,-1.0773071180182965,-1.0773071180182965,-2.154614236036593
226,1,3516.166666666667,252.0,253,True,-1.0735323460774344,-1.0735323460774344,-2.147064692154869
226,2,3717.166666666667,252.0,253,True,-1.091597326080131,-1.091597326080131,-2.183194652160262
226,3,3520.8333333333335,252.0,253,True,-1.073951765181976,-1.073951765181976,-2.147903530363952
227,0,3598.8333333333335,252.0,253,True,-1.0809620559292907,-1.0809620559292907,-2.1619241118585815
227,1,3507.8333333333335,252.0,253,True,-1.0727833833907565,-1.0727833833907565,-2.145566766781513
227,2,3556.8333333333335,252.0,253,True,-1.0771872839884282,-1.0771872839884282,-2.1543745679768564
227,3,3663.166666666667,252.0,253,True,-1.0867440478704513,-1.0867440478704513,-2.1734880957409026
228,0,3593.166666666667,252.0,253,True,-1.0804527613023478,-1.0804527613023478,-2.1609055226046956
228,1,3558.166666666667,252.0,253,True,-1.0773071180182971,-1.0773071180182971,-2.1546142360365943
228,2,3597.166666666667,252.0,253,True,-1.080812263391954,-1.080812263391954,-2.161624526783908
228,3,3562.8333333333335,252.0,253,True,-1.0777265371228382,-1.0777265371228382,-2.1554530742456763
229,0,3572.8333333333335,317.0,255,True,-1.2740160739099777,-1.2740160739099777,-2.5480321478199555
229,1,3623.8333333333335,252.0,253,True,-1.083208943989327,-1.083208943989327,-2.166417887978654
229,2,3686.8333333333335,282.0,254,True,-1.1790514626220625,-1.1790514626220625,-2.358102925244125
229,3,3569.8333333333335,252.0,253,True,-1.0783556657796471,-1.0783556657796471,-2.1567113315592943
230,0,3698.8333333333335,380.0,255,True,-1.4747191472475933,-1.4747191472475933,-2.9494382944951867
230,1,3512.8333333333335,252.0,253,True,-1.0732327610027634,-1.0732327610027634,-2.146465522005527
230,2,3664.8333333333335,317.0,254,True,-1.2822846219709136,-1.2822846219709136,-2.5645692439418273
230,3,3524.166666666667,252.0,253,True,-1.0742513502566462,-1.0742513502566462,-2.1485027005132924
231,0,3582.166666666667,252.0,253,True,-1.0794641305559332,-1.0794641305559332,-2.1589282611118663
231,1,3529.8333333333335,252.0,253,True,-1.0747606448835896,-1.0747606448835896,-2.149521289767179
231,2,3570.166666666667,252.0,253,True,-1.0783856242871144,-1.0783856242871144,-2.1567712485742287
231,3,3627.8333333333335,252.0,253,True,-1.0835684460789325,-1.0835684460789325,-2.167136892157865
232,0,3605.8333333333335,252.0,253,True,-1.0815911845861006,-1.0815911845861006,-2.163182369172201
232,1,3512.8333333333335,252.0,253,True,-1.0732327610027637,-1.0732327610027637,-2.1464655220055273
232,2,3561.166666666667,252.0,253,True,-1.0775767445855022,-1.0775767445855022,-2.1551534891710045
232,3,3558.166666666667,252.0,253,True,-1.0773071180182978,-1.0773071180182978,-2.1546142360365956
233,0,3593.8333333333335,252.0,253,True,-1.0805126783172825,-1.0805126783172825,-2.161025356634565
233,1,3504.8333333333335,252.0,253,True,-1.0725137568235514,-1.0725137568235514,-2.145027513647103
233,2,3543.166666666667,252.0,253,True,-1.0759589851822744,-1.0759589851822744,-2.151917970364549
233,3,3829.333333333333,332.0,255,True,-1.3421593257666773,-1.3421593257666773,-2.6843186515333546
234,0,3512.8333333333335,252.0,253,True,-1.0732327610027637,-1.0732327610027637,-2.1464655220055273
234,1,3774.166666666667,360.0,254,True,-1.4213695294542132,-1.4213695294542132,-2.8427390589084265
234,2,3586.8333333333335,252.0,253,True,-1.0798835496604726,-1.0798835496604726,-2.1597670993209452
234,3,3583.0,345.0,254,True,-1.3590981450610717,-1.3590981450610717,-2.7181962901221435
235,0,3515.8333333333335,252.0,253,True,-1.0735023875699687,-1.0735023875699687,-2.1470047751399375
235,1,3545.8333333333335,252.0,253,True,-1.0761986532420122,-1.0761986532420122,-2.1523973064840245
235,2,3504.8333333333335,252.0,253,True,-1.0725137568235519,-1.0725137568235519,-2.1450275136471038
235,3,3585.8333333333335,252.0,253,True,-1.0797936741380716,-1.0797936741380716,-2.159587348276143
236,0,3489.8333333333335,252.0,253,True,-1.071165623987531,-1.071165623987531,-2.142331247975062
236,1,3760.8333333333335,282.0,254,True,-1.1857022512797704,-1.1857022512797704,-2.3714045025595407
236,2,3540.8333333333335,252.0,253,True,-1.0757492756300047,-1.0757492756300047,-2.1514985512600093
236,3,4310.333333333333,410.0,256,True,-1.61985838991754,-1.61985838991754,-3.23971677983508
237,0,3779.8333333333335,282.0,254,True,-1.1874098862053992,-1.1874098862053992,-2.3748197724107984
237,1,3570.8333333333335,252.0,253,True,-1.0784455413020497,-1.0784455413020497,-2.1568910826040995
237,2,3748.8333333333335,282.0,254,True,-1.184623745010953,-1.184623745010953,-2.369247490021906
237,3,3702.8333333333335,282.0,254,True,-1.1804894709804863,-1.1804894709804863,-2.3609789419609726
238,0,3504.166666666667,252.0,253,True,-1.072453839808618,-1.072453839808618,-2.144907679617236
238,1,3561.166666666667,252.0,253,True,-1.0775767445855018,-1.0775767445855018,-2.1551534891710036
238,2,3615.166666666667,252.0,253,True,-1.082430022795182,-1.082430022795182,-2.164860045590364
238,3,3383.166666666667,282.0,254,True,-1.1517592623194814,-1.1517592623194814,-2.303518524638963
239,0,3392.166666666667,302.0,254,True,-1.2126883825020562,-1.2126883825020562,-2.4253767650041125
239,1,3644.8333333333335,317.0,255,True,-1.2804871115228835,-1.2804871115228835,-2.560974223045767
239,2,3504.166666666667,252.0,253,True,-1.072453839808618,-1.072453839808618,-2.144907679617236
239,3,3551.8333333333335,252.0,253,True,-1.076737906376422,-1.076737906376422,-2.153475812752844
240,0,3638.166666666667,252.0,253,True,-1.0844971598104152,-1.0844971598104152,-2.1689943196208303
240,1,3796.8333333333335,282.0,254,True,-1.1889377700862247,-1.1889377700862247,-2.3778755401724494
240,2,3558.166666666667,252.0,253,True,-1.0773071180182976,-1.0773071180182976,-2.154614236036595
240,3,3559.8333333333335,317.0,254,True,-1.2728476921187588,-1.2728476921187588,-2.5456953842375176
241,0,3597.166666666667,252.0,253,True,-1.080812263391955,-1.080812263391955,-2.16162452678391
241,1,3871.8333333333335,282.0,254,True,-1.1956784342663345,-1.1956784342663345,-2.391356868532669
241,2,3643.166666666667,252.0,253,True,-1.084946537422423,-1.084946537422423,-2.169893074844846
241,3,3583.8333333333335,282.0,254,True,-1.1697942838147093,-1.1697942838147093,-2.3395885676294186
242,0,3478.166666666667,252.0,253,True,-1.0701170762261798,-1.0701170762261798,-2.1402341524523596
242,1,3758.0,345.0,254,True,-1.3748263614813296,-1.3748263614813296,-2.7496527229626593
242,2,3684.8333333333335,252.0,253,True,-1.0886913508558171,-1.0886913508558171,-2.1773827017116343
242,3,3852.8333333333335,282.0,254,True,-1.1939707993407058,-1.1939707993407058,-2.3879415986814116
243,0,3585.166666666667,252.0,253,True,-1.0797337571231376,-1.0797337571231376,-2.159467514246275
243,1,3717.8333333333335,317.0,254,True,-1.287048024658191,-1.287048024658191,-2.574096049316382
243,2,3581.8333333333335,252.0,253,True,-1.0794341720484657,-1.0794341720484657,-2.1588683440969314
243,3,3507.166666666667,252.0,253,True,-1.0727234663758223,-1.0727234663758223,-2.1454469327516446
244,0,3543.8333333333335,252.0,253,True,-1.0760189021972093,-1.0760189021972093,-2.1520378043944186
244,1,3798.8333333333335,282.0,254,True,-1.189117521131027,-1.189117521131027,-2.378235042262054
244,2,3764.8333333333335,282.0,254,True,-1.1860617533693771,-1.1860617533693771,-2.3721235067387543
244,3,3779.166666666667,282.0,254,True,-1.1873499691904636,-1.1873499691904636,-2.3746999383809273
245,0,3552.333333333333,332.0,255,True,-1.31726380606147,-1.31726380606147,-2.63452761212294
245,1,3800.8333333333335,282.0,254,True,-1.1892972721758304,-1.1892972721758304,-2.3785945443516607
245,2,3765.8333333333335,282.0,254,True,-1.186151628891778,-1.186151628891778,-2.372303257783556
245,3,3523.8333333333335,252.0,253,True,-1.0742213917491794,-1.0742213917491794,-2.148442783498359
246,0,3759.8333333333335,282.0,254,True,-1.1856123757573702,-1.1856123757573702,-2.3712247515147404
246,1,3264.166666666667,247.0,253,True,-1.0358536543120251,-1.0358536543120251,-2.0717073086240503
246,2,3612.166666666667,252.0,253,True,-1.0821603962279764,-1.0821603962279764,-2.164320792455953
246,3,3300.166666666667,247.0,253,True,-1.0390891731184775,-1.0390891731184775,-2.078178346236955
247,0,3808.8333333333335,282.0,254,True,-1.1900162763550421,-1.1900162763550421,-2.3800325527100843
247,1,3151.0,247.0,253,True,-1.0256827410269245,-1.0256827410269245,-2.051365482053849
247,2,3854.8333333333335,282.0,254,True,-1.1941505503855099,-1.1941505503855099,-2.3883011007710198
247,3,3828.5,395.0,255,True,-1.531463187013041,-1.531463187013041,-3.062926374026082
248,0,3640.8333333333335,252.0,253,True,-1.0847368278701535,-1.0847368278701535,-2.169473655740307
248,1,3575.8333333333335,252.0,253,True,-1.0788949189140566,-1.0788949189140566,-2.1577898378281133
248,2,3711.8333333333335,282.0,254,True,-1.1812983506820987,-1.1812983506820987,-2.3625967013641973
248,3,3762.8333333333335,282.0,254,True,-1.1858820023245737,-1.1858820023245737,-2.3717640046491475
249,0,3796.8333333333335,282.0,254,True,-1.1889377700862247,-1.1889377700862247,-2.3778755401724494
249,1,3743.8333333333335,282.0,254,True,-1.184174367398946,-1.184174367398946,-2.368348734797892
249,2,3550.8333333333335,252.0,253,True,-1.0766480308540198,-1.0766480308540198,-2.1532960617080397
249,3,3581.8333333333335,252.0,253,True,-1.0794341720484653,-1.0794341720484653,-2.1588683440969305
250,0,3040.166666666667,217.0,252,True,-0.9255411765726501,-0.9255411765726501,-1.8510823531453002
250,1,3576.8333333333335,252.0,253,True,-1.0789847944364588,-1.0789847944364588,-2.1579695888729176
250,2,3849.8333333333335,282.0,254,True,-1.1937011727735032,-1.1937011727735032,-2.3874023455470064
250,3,3828.8333333333335,282.0,254,True,-1.1918137868030712,-1.1918137868030712,-2.3836275736061423
251,0,3597.333333333333,395.0,255,True,-1.5106869620845658,-1.5106869620845658,-3.0213739241691315
251,1,4069.333333333333,440.0,257,True,-1.6883787497402256,-1.6883787497402256,-3.3767574994804512
251,2,3707.8333333333335,282.0,254,True,-1.180938848592493,-1.180938848592493,-2.361877697184986
251,3,4066.333333333333,440.0,257,True,-1.6881091231730216,-1.6881091231730216,-3.3762182463460433
252,0,4004.8333333333335,440.0,257,True,-1.6825817785453316,-1.6825817785453316,-3.3651635570906633
252,1,3897.0,345.0,254,True,-1.387319059095134,-1.387319059095134,-2.774638118190268
252,2,3546.8333333333335,252.0,253,True,-1.076288528764414,-1.076288528764414,-2.152577057528828
252,3,3989.8333333333335,282.0,254,True,-1.2062837459097084,-1.2062837459097084,-2.412567491819417
253,0,3861.8333333333335,282.0,254,True,-1.1947796790423195,-1.1947796790423195,-2.389559358084639
253,1,3841.8333333333335,252.0,253,True,-1.1028018078728488,-1.1028018078728488,-2.2056036157456975
253,2,3589.8333333333335,252.0,253,True,-1.0801531762276773,-1.0801531762276773,-2.1603063524553545
253,3,3832.8333333333335,282.0,254,True,-1.1921732888926766,-1.1921732888926766,-2.384346577785353
254,0,3627.8333333333335,252.0,253,True,-1.0835684460789337,-1.0835684460789337,-2.1671368921578673
254,1,3710.8333333333335,282.0,254,True,-1.1812084751596978,-1.1812084751596978,-2.3624169503193957
254,2,3521.8333333333335,252.0,253,True,-1.0740416407043771,-1.0740416407043771,-2.1480832814087543
254,3,3652.8333333333335,252.0,253,True,-1.0858153341389707,-1.0858153341389707,-2.1716306682779414
255,0,3587.8333333333335,252.0,253,True,-1.0799734251828739,-1.0799734251828739,-2.1599468503657477
255,1,3795.8333333333335,282.0,254,True,-1.1888478945638232,-1.1888478945638232,-2.3776957891276465
255,2,3665.8333333333335,252.0,253,True,-1.0869837159301898,-1.0869837159301898,-2.1739674318603797
255,3,3913.8333333333335,282.0,254,True,-1.1994532062071968,-1.1994532062071968,-2.3989064124143935
256,0,3961.0,438.0,255,True,-1.6726302107653042,-1.6726302107653042,-3.3452604215306083
256,1,3797.8333333333335,252.0,253,True,-1.098847284887184,-1.098847284887184,-2.197694569774368
256,2,3510.8333333333335,252.0,253,True,-1.073053009957961,-1.073053009957961,-2.146106019915922
256,3,3844.8333333333335,282.0,254,True,-1.193251795161495,-1.193251795161495,-2.38650359032299
257,0,3236.8333333333335,282.0,254,True,-1.1386074775413992,-1.1386074775413992,-2.2772149550827985
257,1,3614.8333333333335,282.0,254,True,-1.1725804250091558,-1.1725804250091558,-2.3451608500183116
257,2,3634.8333333333335,317.0,254,True,-1.279588356298869,-1.279588356298869,-2.559176712597738
257,3,3023.166666666667,282.0,254,True,-1.1194040742549511,-1.1194040742549511,-2.2388081485099023
258,0,3088.0,217.0,252,True,-0.9298402223941878,-0.9298402223941878,-1.8596804447883757
258,1,3051.166666666667,217.0,252,True,-0.9265298073190676,-0.9265298073190676,-1.8530596146381353
258,2,2879.0,247.0,253,True,-1.001236598933723,-1.001236598933723,-2.002473197867446
258,3,3085.166666666667,217.0,252,True,-0.9295855750807169,-0.9295855750807169,-1.8591711501614339
259,0,3177.166666666667,312.0,255,True,-1.2234252654262205,-1.2234252654262205,-2.446850530852441
259,1,3894.8333333333335,282.0,254,True,-1.1977455712815681,-1.1977455712815681,-2.3954911425631362
259,2,3733.8333333333335,282.0,254,True,-1.183275612174932,-1.183275612174932,-2.366551224349864
259,3,3684.166666666667,252.0,253,True,-1.088631433840883,-1.088631433840883,-2.177262867681766
260,0,3902.8333333333335,317.0,255,True,-1.303674996302463,-1.303674996302463,-2.607349992604926
260,1,3558.8333333333335,252.0,253,True,-1.0773670350332314,-1.0773670350332314,-2.154734070066463
260,2,3577.8333333333335,252.0,253,True,-1.0790746699588591,-1.0790746699588591,-2.1581493399177183
260,3,3552.8333333333335,252.0,253,True,-1.0768277818988228,-1.0768277818988228,-2.1536555637976456
261,0,3715.8333333333335,252.0,253,True,-1.0914774920502628,-1.0914774920502628,-2.1829549841005256
261,1,3537.8333333333335,252.0,253,True,-1.0754796490628007,-1.0754796490628007,-2.1509592981256014
261,2,3844.8333333333335,252.0,253,True,-1.1030714344400525,-1.1030714344400525,-2.206142868880105
261,3,3793.8333333333335,252.0,253,True,-1.0984877827975783,-1.0984877827975783,-2.1969755655951566
262,0,3678.8333333333335,252.0,253,True,-1.0881520977214088,-1.0881520977214088,-2.1763041954428175
262,1,3514.8333333333335,252.0,253,True,-1.0734125120475664,-1.0734125120475664,-2.1468250240951328
262,2,3559.8333333333335,252.0,253,True,-1.0774569105556333,-1.0774569105556333,-2.1549138211112666
262,3,3598.8333333333335,252.0,253,True,-1.0809620559292905,-1.0809620559292905,-2.161924111858581
263,0,3558.166666666667,252.0,253,True,-1.0773071180182971,-1.0773071180182971,-2.1546142360365943
263,1,3822.8333333333335,282.0,254,True,-1.1912745336686625,-1.1912745336686625,-2.382549067337325
263,2,3561.166666666667,252.0,253,True,-1.0775767445855016,-1.0775767445855016,-2.155153489171003
263,3,3557.8333333333335,252.0,253,True,-1.0772771595108295,-1.0772771595108295,-2.154554319021659
264,0,3589.8333333333335,252.0,253,True,-1.0801531762276773,-1.0801531762276773,-2.1603063524553545
264,1,3691.8333333333335,252.0,253,True,-1.0893204795126274,-1.0893204795126274,-2.178640959025255
264,2,3610.8333333333335,317.0,255,True,-1.2774313437612332,-1.2774313437612332,-2.5548626875224665
264,3,3536.8333333333335,252.0,253,True,-1.0753897735403999,-1.0753897735403999,-2.1507795470807998
265,0,3493.8333333333335,252.0,253,True,-1.0715251260771363,-1.0715251260771363,-2.1430502521542727
265,1,3519.333333333333,302.0,254,True,-1.2241175531007775,-1.2241175531007775,-2.448235106201555
265,2,3529.8333333333335,252.0,253,True,-1.0747606448835894,-1.0747606448835894,-2.1495212897671787
265,3,3577.8333333333335,317.0,255,True,-1.274465451521984,-1.274465451521984,-2.548930903043968
266,0,3592.8333333333335,252.0,253,True,-1.080422802794882,-1.080422802794882,-2.160845605589764
266,1,3648.8333333333335,252.0,253,True,-1.0854558320493637,-1.0854558320493637,-2.1709116640987274
266,2,3504.166666666667,252.0,253,True,-1.0724538398086183,-1.0724538398086183,-2.1449076796172366
266,3,3592.8333333333335,252.0,253,True,-1.0804228027948817,-1.0804228027948817,-2.1608456055897634
267,0,3602.8333333333335,252.0,253,True,-1.081321558018896,-1.081321558018896,-2.162643116037792
267,1,3572.8333333333335,252.0,253,True,-1.0786252923468516,-1.0786252923468516,-2.157250584693703
267,2,3498.8333333333335,252.0,253,True,-1.0719745036891428,-1.0719745036891428,-2.1439490073782856
267,3,3567.8333333333335,317.0,255,True,-1.2735666962979701,-1.2735666962979701,-2.5471333925959403
268,0,3536.8333333333335,252.0,253,True,-1.0753897735403992,-1.0753897735403992,-2.1507795470807984
268,1,3557.8333333333335,252.0,253,True,-1.07727715951083,-1.07727715951083,-2.15455431902166
268,2,3553.8333333333335,252.0,253,True,-1.076917657421224,-1.076917657421224,-2.153835314842448
268,3,3627.166666666667,252.0,253,True,-1.0835085290639994,-1.0835085290639994,-2.167017058127999
269,0,3504.166666666667,252.0,253,True,-1.072453839808618,-1.072453839808618,-2.144907679617236
269,1,3573.166666666667,252.0,253,True,-1.0786552508543195,-1.0786552508543195,-2.157310501708639
269,2,3504.166666666667,252.0,253,True,-1.0724538398086174,-1.0724538398086174,-2.144907679617235
269,3,3763.8333333333335,282.0,254,True,-1.1859718778469766,-1.1859718778469766,-2.371943755693953
270,0,3523.8333333333335,317.0,255,True,-1.2696121733123042,-1.2696121733123042,-2.5392243466246085
270,1,3504.166666666667,252.0,253,True,-1.072453839808618,-1.072453839808618,-2.144907679617236
270,2,3504.166666666667,252.0,253,True,-1.0724538398086179,-1.0724538398086179,-2.1449076796172357
270,3,3504.166666666667,252.0,253,True,-1.0724538398086183,-1.0724538398086183,-2.1449076796172366
271,0,3669.8333333333335,317.0,255,True,-1.282733999582921,-1.282733999582921,-2.565467999165842
271,1,3576.166666666667,252.0,253,True,-1.0789248774215239,-1.0789248774215239,-2.1578497548430478
271,2,3614.8333333333335,252.0,253,True,-1.0824000642877143,-1.0824000642877143,-2.1648001285754286
271,3,3581.8333333333335,252.0,253,True,-1.0794341720484655,-1.0794341720484655,-2.158868344096931
272,0,3539.8333333333335,252.0,253,True,-1.0756594001076043,-1.0756594001076043,-2.1513188002152086
272,1,3615.8333333333335,252.0,253,True,-1.0824899398101162,-1.0824899398101162,-2.1649798796202324
272,2,3627.166666666667,252.0,253,True,-1.0835085290639994,-1.0835085290639994,-2.167017058127999
272,3,3570.166666666667,252.0,253,True,-1.078385624287114,-1.078385624287114,-2.156771248574228
273,0,3608.8333333333335,252.0,253,True,-1.0818608111533055,-1.0818608111533055,-2.163721622306611
273,1,3511.8333333333335,252.0,253,True,-1.0731428854803613,-1.0731428854803613,-2.1462857709607226
273,2,3549.8333333333335,252.0,253,True,-1.0765581553316186,-1.0765581553316186,-2.153116310663237
273,3,3711.8333333333335,282.0,254,True,-1.181298350682099,-1.181298350682099,-2.362596701364198
274,0,3642.8333333333335,252.0,253,True,-1.0849165789149557,-1.0849165789149557,-2.1698331578299115
274,1,3575.8333333333335,252.0,253,True,-1.078894918914056,-1.078894918914056,-2.157789837828112
274,2,3681.166666666667,252.0,253,True,-1.088361807273679,-1.088361807273679,-2.176723614547358
274,3,3558.166666666667,317.0,254,True,-1.2726978995814229,-1.2726978995814229,-2.5453957991628458
275,0,3576.166666666667,252.0,253,True,-1.0789248774215234,-1.0789248774215234,-2.157849754843047
275,1,3543.166666666667,252.0,253,True,-1.0759589851822753,-1.0759589851822753,-2.1519179703645506
275,2,3524.8333333333335,252.0,253,True,-1.0743112672715815,-1.0743112672715815,-2.148622534543163
275,3,3558.166666666667,252.0,253,True,-1.077307118018298,-1.077307118018298,-2.154614236036596
276,0,3634.8333333333335,252.0,253,True,-1.0841975747357429,-1.0841975747357429,-2.1683951494714857
276,1,3630.166666666667,252.0,253,True,-1.0837781556312036,-1.0837781556312036,-2.167556311262407
276,2,3561.166666666667,252.0,253,True,-1.0775767445855016,-1.0775767445855016,-2.155153489171003
276,3,3684.166666666667,287.0,253,True,-1.1938418546825655,-1.1938418546825655,-2.387683709365131
277,0,3567.166666666667,252.0,253,True,-1.0781159977199108,-1.0781159977199108,-2.1562319954398217
277,1,3750.166666666667,252.0,253,True,-1.0945632183193812,-1.0945632183193812,-2.1891264366387624
277,2,3532.8333333333335,252.0,253,True,-1.0750302714507929,-1.0750302714507929,-2.1500605429015858
277,3,3481.166666666667,252.0,253,True,-1.070386702793383,-1.070386702793383,-2.140773405586766
278,0,3615.166666666667,252.0,253,True,-1.0824300227951809,-1.0824300227951809,-2.1648600455903617
278,1,3693.166666666667,317.0,255,True,-1.284831095105622,-1.284831095105622,-2.569662190211244
278,2,4067.333333333333,410.0,256,True,-1.598018637973981,-1.598018637973981,-3.196037275947962
278,3,3534.8333333333335,252.0,253,True,-1.075210022495596,-1.075210022495596,-2.150420044991192
279,0,3507.166666666667,252.0,253,True,-1.072723466375821,-1.072723466375821,-2.145446932751642
279,1,3630.166666666667,252.0,253,True,-1.0837781556312038,-1.0837781556312038,-2.1675563112624077
279,2,3527.8333333333335,252.0,253,True,-1.0745808938387849,-1.0745808938387849,-2.1491617876775697
279,3,3474.8333333333335,252.0,253,True,-1.0698174911515084,-1.0698174911515084,-2.1396349823030167
280,0,3673.8333333333335,282.0,254,True,-1.177883080830843,-1.177883080830843,-2.355766161661686
280,1,3504.166666666667,317.0,255,True,-1.267844621371742,-1.267844621371742,-2.535689242743484
280,2,3542.8333333333335,252.0,253,True,-1.075929026674807,-1.075929026674807,-2.151858053349614
280,3,3652.8333333333335,252.0,253,True,-1.0858153341389698,-1.0858153341389698,-2.1716306682779396
281,0,3707.8333333333335,282.0,254,True,-1.1809388485924925,-1.1809388485924925,-2.361877697184985
281,1,3545.8333333333335,252.0,253,True,-1.076198653242013,-1.076198653242013,-2.152397306484026
281,2,3489.166666666667,252.0,253,True,-1.0711057069725947,-1.0711057069725947,-2.1422114139451893
281,3,3608.8333333333335,287.0,253,True,-1.1870712319949874,-1.1870712319949874,-2.374142463989975
282,0,3600.8333333333335,252.0,253,True,-1.0811418069740932,-1.0811418069740932,-2.1622836139481865
282,1,3606.8333333333335,252.0,253,True,-1.081681060108502,-1.081681060108502,-2.163362120217004
282,2,3548.8333333333335,252.0,253,True,-1.076468279809218,-1.076468279809218,-2.152936559618436
282,3,3510.8333333333335,252.0,253,True,-1.0730530099579612,-1.0730530099579612,-2.1461060199159223
283,0,3545.8333333333335,252.0,253,True,-1.0761986532420125,-1.0761986532420125,-2.152397306484025
283,1,3633.8333333333335,252.0,253,True,-1.0841076992133418,-1.0841076992133418,-2.1682153984266836
283,2,3639.166666666667,252.0,253,True,-1.0845870353328169,-1.0845870353328169,-2.1691740706656337
283,3,3561.8333333333335,252.0,253,True,-1.0776366616004358,-1.0776366616004358,-2.1552733232008716
284,0,3498.8333333333335,252.0,253,True,-1.071974503689142,-1.071974503689142,-2.143949007378284
284,1,3519.166666666667,252.0,253,True,-1.0738019726446402,-1.0738019726446402,-2.1476039452892803
284,2,3553.8333333333335,252.0,253,True,-1.0769176574212245,-1.0769176574212245,-2.153835314842449
284,3,3551.8333333333335,282.0,254,True,-1.1669182670978628,-1.1669182670978628,-2.3338365341957257
285,0,3844.8333333333335,380.0,255,True,-1.4878409735182074,-1.4878409735182074,-2.975681947036415
285,1,4192.5,548.0,259,True,-2.024097716846534,-2.024097716846534,-4.048195433693068
285,2,4264.5,613.0,259,True,-2.2259595360225664,-2.2259595360225664,-4.451919072045133
285,3,3527.8333333333335,252.0,253,True,-1.0745808938387862,-1.0745808938387862,-2.1491617876775724
286,0,3504.166666666667,252.0,253,True,-1.072453839808617,-1.072453839808617,-2.144907679617234
286,1,3478.8333333333335,252.0,253,True,-1.0701769932411132,-1.0701769932411132,-2.1403539864822263
286,2,3512.8333333333335,252.0,253,True,-1.073232761002764,-1.073232761002764,-2.146465522005528
286,3,3613.8333333333335,252.0,253,True,-1.082310188765313,-1.082310188765313,-2.164620377530626
287,0,3492.8333333333335,252.0,253,True,-1.071435250554734,-1.071435250554734,-2.142870501109468
287,1,3519.166666666667,252.0,253,True,-1.0738019726446395,-1.0738019726446395,-2.147603945289279
287,2,3520.8333333333335,252.0,253,True,-1.073951765181975,-1.073951765181975,-2.14790353036395
287,3,3563.8333333333335,252.0,253,True,-1.0778164126452385,-1.0778164126452385,-2.155632825290477
288,0,3504.166666666667,252.0,253,True,-1.0724538398086183,-1.0724538398086183,-2.1449076796172366
288,1,3665.8333333333335,252.0,253,True,-1.0869837159301896,-1.0869837159301896,-2.173967431860379
288,2,3513.8333333333335,252.0,253,True,-1.0733226365251654,-1.0733226365251654,-2.1466452730503307
288,3,3573.166666666667,317.0,255,True,-1.2740460324174452,-1.2740460324174452,-2.5480920648348904
289,0,3656.8333333333335,252.0,253,True,-1.0861748362285768,-1.0861748362285768,-2.1723496724571536
289,1,3627.166666666667,252.0,253,True,-1.0835085290639992,-1.0835085290639992,-2.1670170581279984
289,2,3640.8333333333335,252.0,253,True,-1.084736827870153,-1.084736827870153,-2.169473655740306
289,3,3516.166666666667,252.0,253,True,-1.0735323460774355,-1.0735323460774355,-2.147064692154871
290,0,3642.166666666667,252.0,253,True,-1.084856661900021,-1.084856661900021,-2.169713323800042
290,1,3558.166666666667,252.0,253,True,-1.0773071180182967,-1.0773071180182967,-2.1546142360365934
290,2,3630.166666666667,252.0,253,True,-1.0837781556312034,-1.0837781556312034,-2.1675563112624068
290,3,3644.8333333333335,252.0,253,True,-1.085096329959758,-1.085096329959758,-2.170192659919516
291,0,3592.8333333333335,317.0,254,True,-1.2758135843580076,-1.2758135843580076,-2.5516271687160152
291,1,3620.166666666667,317.0,254,True,-1.2782701819703144,-1.2782701819703144,-2.556540363940629
291,2,3627.8333333333335,252.0,253,True,-1.0835684460789337,-1.0835684460789337,-2.1671368921578673
291,3,3733.166666666667,382.0,255,True,-1.483816897564808,-1.483816897564808,-2.967633795129616
292,0,3688.8333333333335,282.0,254,True,-1.179231213666866,-1.179231213666866,-2.358462427333732
292,1,3588.166666666667,252.0,253,True,-1.0800033836903415,-1.0800033836903415,-2.160006767380683
292,2,3738.8333333333335,282.0,254,True,-1.183724989786939,-1.183724989786939,-2.367449979573878
292,3,3690.8333333333335,282.0,254,True,-1.179410964711667,-1.179410964711667,-2.358821929423334
293,0,3548.166666666667,252.0,253,True,-1.076408362794283,-1.076408362794283,-2.152816725588566
293,1,3657.8333333333335,317.0,255,True,-1.2816554933141024,-1.2816554933141024,-2.563310986628205
293,2,3536.8333333333335,252.0,253,True,-1.075389773540399,-1.075389773540399,-2.150779547080798
293,3,3600.8333333333335,317.0,254,True,-1.2765325885372187,-1.2765325885372187,-2.5530651770744375
294,0,3532.166666666667,252.0,253,True,-1.0749703544358593,-1.0749703544358593,-2.1499407088717186
294,1,3561.8333333333335,252.0,253,True,-1.077636661600436,-1.077636661600436,-2.155273323200872
294,2,3571.8333333333335,252.0,253,True,-1.0785354168244505,-1.0785354168244505,-2.157070833648901
294,3,3558.166666666667,317.0,255,True,-1.2726978995814222,-1.2726978995814222,-2.5453957991628444
295,0,3602.166666666667,252.0,253,True,-1.0812616410039606,-1.0812616410039606,-2.162523282007921
295,1,3575.8333333333335,252.0,253,True,-1.0788949189140569,-1.0788949189140569,-2.1577898378281137
295,2,3577.8333333333335,252.0,253,True,-1.0790746699588603,-1.0790746699588603,-2.1581493399177205
295,3,3626.8333333333335,252.0,253,True,-1.0834785705565317,-1.0834785705565317,-2.1669571411130635
296,0,3639.8333333333335,317.0,254,True,-1.2800377339108764,-1.2800377339108764,-2.5600754678217528
296,1,3607.8333333333335,252.0,253,True,-1.0817709356309038,-1.0817709356309038,-2.1635418712618075
296,2,3623.8333333333335,252.0,253,True,-1.0832089439893275,-1.0832089439893275,-2.166417887978655
296,3,3672.8333333333335,252.0,253,True,-1.087612844586999,-1.087612844586999,-2.175225689173998
297,0,3776.1666666666665,367.0,256,True,-1.4425913646673476,-1.4425913646673476,-2.885182729334695
297,1,3573.166666666667,252.0,253,True,-1.0786552508543197,-1.0786552508543197,-2.1573105017086394
297,2,3579.166666666667,252.0,253,True,-1.0791945039887285,-1.0791945039887285,-2.158389007977457
297,3,3589.8333333333335,252.0,253,True,-1.0801531762276773,-1.0801531762276773,-2.1603063524553545
298,0,3512.8333333333335,252.0,253,True,-1.0732327610027639,-1.0732327610027639,-2.1464655220055278
298,1,3810.166666666667,252.0,253,True,-1.099955749663469,-1.099955749663469,-2.199911499326938
298,2,3573.166666666667,252.0,253,True,-1.0786552508543195,-1.0786552508543195,-2.157310501708639
298,3,3560.8333333333335,252.0,253,True,-1.0775467860780348,-1.0775467860780348,-2.1550935721560696
299,0,3561.166666666667,252.0,253,True,-1.077576744585502,-1.077576744585502,-2.155153489171004
299,1,3681.166666666667,252.0,253,True,-1.0883618072736783,-1.0883618072736783,-2.1767236145473565
299,2,3757.8333333333335,282.0,254,True,-1.185432624712566,-1.185432624712566,-2.370865249425132
299,3,3578.8333333333335,252.0,253,True,-1.0791645454812602,-1.0791645454812602,-2.1583290909625203
300,0,3760.8333333333335,282.0,254,True,-1.185702251279771,-1.185702251279771,-2.371404502559542
300,1,3587.8333333333335,252.0,253,True,-1.0799734251828732,-1.0799734251828732,-2.1599468503657464
300,2,3612.166666666667,252.0,253,True,-1.0821603962279767,-1.0821603962279767,-2.1643207924559533
300,3,3827.8333333333335,282.0,254,True,-1.19172391128067,-1.19172391128067,-2.38344782256134
301,0,3482.8333333333335,252.0,253,True,-1.0705364953307188,-1.0705364953307188,-2.1410729906614376
301,1,3579.8333333333335,252.0,253,True,-1.079254421003663,-1.079254421003663,-2.158508842007326
301,2,3608.8333333333335,252.0,253,True,-1.0818608111533052,-1.0818608111533052,-2.1637216223066105
301,3,3561.166666666667,287.0,253,True,-1.1827871654271849,-1.1827871654271849,-2.3655743308543697
302,0,3579.8333333333335,252.0,253,True,-1.0792544210036628,-1.0792544210036628,-2.1585088420073255
302,1,3586.8333333333335,252.0,253,True,-1.0798835496604717,-1.0798835496604717,-2.1597670993209435
302,2,3532.8333333333335,252.0,253,True,-1.075030271450793,-1.075030271450793,-2.150060542901586
302,3,3652.8333333333335,252.0,253,True,-1.0858153341389696,-1.0858153341389696,-2.171630668277939
303,0,3742.8333333333335,282.0,254,True,-1.1840844918765443,-1.1840844918765443,-2.3681689837530886
303,1,3888.8333333333335,282.0,254,True,-1.1972063181471588,-1.1972063181471588,-2.3944126362943177
303,2,3572.8333333333335,252.0,253,True,-1.078625292346853,-1.078625292346853,-2.157250584693706
303,3,3576.166666666667,252.0,253,True,-1.0789248774215234,-1.0789248774215234,-2.157849754843047
304,0,3759.8333333333335,282.0,254,True,-1.1856123757573696,-1.1856123757573696,-2.371224751514739
304,1,3504.166666666667,252.0,253,True,-1.0724538398086167,-1.0724538398086167,-2.1449076796172335
304,2,3760.8333333333335,282.0,254,True,-1.1857022512797724,-1.1857022512797724,-2.3714045025595447
304,3,3576.166666666667,317.0,254,True,-1.2743156589846494,-1.2743156589846494,-2.5486313179692988
305,0,3578.8333333333335,252.0,253,True,-1.0791645454812606,-1.0791645454812606,-2.1583290909625212
305,1,3664.8333333333335,252.0,253,True,-1.086893840407787,-1.086893840407787,-2.173787680815574
305,2,3771.8333333333335,282.0,254,True,-1.1866908820261877,-1.1866908820261877,-2.3733817640523753
305,3,3797.8333333333335,282.0,254,True,-1.1890276456086264,-1.1890276456086264,-2.378055291217253
306,0,3528.8333333333335,252.0,253,True,-1.0746707693611872,-1.0746707693611872,-2.1493415387223744
306,1,3561.166666666667,252.0,253,True,-1.077576744585501,-1.077576744585501,-2.155153489171002
306,2,3549.8333333333335,317.0,254,True,-1.2719489368947436,-1.2719489368947436,-2.5438978737894873
306,3,3565.8333333333335,252.0,253,True,-1.0779961636900417,-1.0779961636900417,-2.1559923273800834
307,0,3498.8333333333335,252.0,253,True,-1.0719745036891422,-1.0719745036891422,-2.1439490073782843
307,1,3608.8333333333335,252.0,253,True,-1.081860811153305,-1.081860811153305,-2.16372162230661
307,2,3818.8333333333335,282.0,254,True,-1.1909150315790569,-1.1909150315790569,-2.3818300631581137
307,3,3641.8333333333335,252.0,253,True,-1.084826703392554,-1.084826703392554,-2.169653406785108
308,0,3835.8333333333335,317.0,254,True,-1.297653336301564,-1.297653336301564,-2.595306672603128
308,1,3991.5,483.0,257,True,-1.8106419552807123,-1.8106419552807123,-3.6212839105614245
308,2,3777.8333333333335,282.0,254,True,-1.1872301351605963,-1.1872301351605963,-2.3744602703211926
308,3,3997.333333333333,410.0,256,True,-1.5917273514058776,-1.5917273514058776,-3.1834547028117552
309,0,3579.8333333333335,252.0,253,True,-1.0792544210036623,-1.0792544210036623,-2.1585088420073246
309,1,3716.8333333333335,282.0,254,True,-1.1817477282941053,-1.1817477282941053,-2.3634954565882107
309,2,3588.166666666667,252.0,253,True,-1.0800033836903409,-1.0800033836903409,-2.1600067673806818
309,3,3780.8333333333335,282.0,254,True,-1.1874997617278005,-1.1874997617278005,-2.374999523455601
310,0,3500.8333333333335,252.0,253,True,-1.0721542547339467,-1.0721542547339467,-2.1443085094678933
310,1,3516.8333333333335,252.0,253,True,-1.0735922630923695,-1.0735922630923695,-2.147184526184739
310,2,3798.8333333333335,282.0,254,True,-1.1891175211310265,-1.1891175211310265,-2.378235042262053
310,3,3760.8333333333335,282.0,254,True,-1.1857022512797715,-1.1857022512797715,-2.371404502559543
311,0,3765.8333333333335,282.0,254,True,-1.1861516288917786,-1.1861516288917786,-2.372303257783557
311,1,3730.8333333333335,282.0,254,True,-1.1830059856077264,-1.1830059856077264,-2.366011971215453
311,2,3688.8333333333335,282.0,254,True,-1.1792312136668643,-1.1792312136668643,-2.3584624273337287
311,3,3766.8333333333335,282.0,254,True,-1.1862415044141796,-1.1862415044141796,-2.3724830088283593
312,0,3813.8333333333335,282.0,254,True,-1.1904656539670497,-1.1904656539670497,-2.3809313079340995
312,1,3543.166666666667,252.0,253,True,-1.0759589851822746,-1.0759589851822746,-2.1519179703645492
312,2,3760.8333333333335,282.0,254,True,-1.1857022512797721,-1.1857022512797721,-2.3714045025595443
312,3,3802.8333333333335,282.0,254,True,-1.1894770232206324,-1.1894770232206324,-2.378954046441265
313,0,4010.8333333333335,410.0,256,True,-1.5929406709582972,-1.5929406709582972,-3.1858813419165943
313,1,3689.8333333333335,252.0,253,True,-1.0891407284678238,-1.0891407284678238,-2.1782814569356477
313,2,3837.8333333333335,282.0,254,True,-1.192622666504684,-1.192622666504684,-2.385245333009368
313,3,3782.8333333333335,282.0,254,True,-1.1876795127726039,-1.1876795127726039,-2.3753590255452077
314,0,3558.166666666667,317.0,255,True,-1.2726978995814229,-1.2726978995814229,-2.5453957991628458
314,1,3693.8333333333335,282.0,254,True,-1.1796805912788721,-1.1796805912788721,-2.3593611825577443
314,2,3889.8333333333335,282.0,254,True,-1.1972961936695619,-1.1972961936695619,-2.3945923873391237
314,3,3760.8333333333335,282.0,254,True,-1.1857022512797717,-1.1857022512797717,-2.3714045025595434
315,0,3836.8333333333335,282.0,254,True,-1.1925327909822834,-1.1925327909822834,-2.3850655819645667
315,1,3615.166666666667,252.0,253,True,-1.082430022795181,-1.082430022795181,-2.164860045590362
315,2,3727.8333333333335,282.0,254,True,-1.1827363590405224,-1.1827363590405224,-2.365472718081045
315,3,3904.8333333333335,282.0,254,True,-1.1986443265055828,-1.1986443265055828,-2.3972886530111657
316,0,3871.8333333333335,282.0,254,True,-1.1956784342663345,-1.1956784342663345,-2.391356868532669
316,1,3599.8333333333335,252.0,253,True,-1.0810519314516915,-1.0810519314516915,-2.162103862903383
316,2,3585.8333333333335,317.0,255,True,-1.2751844557011967,-1.2751844557011967,-2.5503689114023933
316,3,3909.8333333333335,282.0,254,True,-1.1990937041175909,-1.1990937041175909,-2.3981874082351817
317,0,3875.8333333333335,282.0,254,True,-1.1960379363559397,-1.1960379363559397,-2.3920758727118794
317,1,3859.8333333333335,282.0,254,True,-1.1945999279975164,-1.1945999279975164,-2.3891998559950327
317,2,3859.8333333333335,282.0,254,True,-1.1945999279975161,-1.1945999279975161,-2.3891998559950323
317,3,3871.8333333333335,282.0,254,True,-1.1956784342663342,-1.1956784342663342,-2.3913568685326685
318,0,3836.8333333333335,282.0,254,True,-1.192532790982283,-1.192532790982283,-2.385065581964566
318,1,3760.8333333333335,282.0,254,True,-1.1857022512797708,-1.1857022512797708,-2.3714045025595416
318,2,3879.8333333333335,282.0,254,True,-1.196397438445546,-1.196397438445546,-2.392794876891092
318,3,3640.8333333333335,252.0,253,True,-1.084736827870152,-1.084736827870152,-2.169473655740304
319,0,3795.8333333333335,282.0,254,True,-1.1888478945638228,-1.1888478945638228,-2.3776957891276456
319,1,3622.8333333333335,287.0,253,True,-1.1883294893086083,-1.1883294893086083,-2.3766589786172165
319,2,3911.8333333333335,317.0,254,True,-1.304483876004076,-1.304483876004076,-2.608967752008152
319,3,3869.8333333333335,282.0,254,True,-1.1954986832215324,-1.1954986832215324,-2.390997366443065
320,0,3756.8333333333335,282.0,254,True,-1.1853427491901647,-1.1853427491901647,-2.3706854983803294
320,1,3739.8333333333335,282.0,254,True,-1.1838148653093399,-1.1838148653093399,-2.3676297306186798
320,2,3642.8333333333335,252.0,253,True,-1.084916578914954,-1.084916578914954,-2.169833157829908
320,3,3816.8333333333335,282.0,254,True,-1.1907352805342537,-1.1907352805342537,-2.3814705610685074
321,0,3763.8333333333335,282.0,254,True,-1.1859718778469748,-1.1859718778469748,-2.3719437556939496
321,1,3818.8333333333335,282.0,254,True,-1.1909150315790562,-1.1909150315790562,-2.3818300631581124
321,2,3756.8333333333335,282.0,254,True,-1.1853427491901651,-1.1853427491901651,-2.3706854983803303
321,3,3704.8333333333335,282.0,254,True,-1.1806692220252881,-1.1806692220252881,-2.3613384440505762
322,0,3744.8333333333335,282.0,254,True,-1.1842642429213481,-1.1842642429213481,-2.3685284858426963
322,1,3606.8333333333335,252.0,253,True,-1.0816810601085027,-1.0816810601085027,-2.1633621202170055
322,2,3812.8333333333335,282.0,254,True,-1.1903757784446471,-1.1903757784446471,-2.3807515568892943
322,3,3831.8333333333335,483.0,257,True,-1.7962918302039441,-1.7962918302039441,-3.5925836604078882
323,0,3783.8333333333335,282.0,254,True,-1.187769388295005,-1.187769388295005,-2.37553877659001
323,1,3763.8333333333335,282.0,254,True,-1.1859718778469746,-1.1859718778469746,-2.371943755693949
323,2,3762.8333333333335,282.0,254,True,-1.1858820023245744,-1.1858820023245744,-2.371764004649149
323,3,3567.8333333333335,282.0,254,True,-1.1683562754562866,-1.1683562754562866,-2.3367125509125732
324,0,3761.8333333333335,282.0,254,True,-1.1857921268021734,-1.1857921268021734,-2.3715842536043468
324,1,4053.8333333333335,475.0,257,True,-1.7921960999846887,-1.7921960999846887,-3.5843921999693773
324,2,3682.8333333333335,282.0,254,True,-1.178691960532455,-1.178691960532455,-2.35738392106491
324,3,3791.8333333333335,282.0,254,True,-1.1884883924742167,-1.1884883924742167,-2.3769767849484333
325,0,3839.8333333333335,282.0,254,True,-1.1928024175494871,-1.1928024175494871,-2.3856048350989743
325,1,3853.8333333333335,375.0,255,True,-1.4736197930995811,-1.4736197930995811,-2.9472395861991623
325,2,3915.8333333333335,282.0,254,True,-1.199632957252,-1.199632957252,-2.399265914504
325,3,3968.8333333333335,410.0,255,True,-1.5891658990174364,-1.5891658990174364,-3.178331798034873
326,0,3793.8333333333335,282.0,254,True,-1.1886681435190203,-1.1886681435190203,-2.3773362870380406
326,1,3544.8333333333335,252.0,253,True,-1.0761087777196106,-1.0761087777196106,-2.152217555439221
326,2,3762.8333333333335,282.0,254,True,-1.1858820023245733,-1.1858820023245733,-2.3717640046491466
326,3,3507.166666666667,252.0,253,True,-1.0727234663758218,-1.0727234663758218,-2.1454469327516437
327,0,4143.333333333333,440.0,257,True,-1.6950295383979357,-1.6950295383979357,-3.3900590767958714
327,1,3624.8333333333335,252.0,253,True,-1.0832988195117286,-1.0832988195117286,-2.166597639023457
327,2,3896.8333333333335,282.0,254,True,-1.1979253223263715,-1.1979253223263715,-2.395850644652743
327,3,3693.8333333333335,282.0,254,True,-1.1796805912788721,-1.1796805912788721,-2.3593611825577443
328,0,3495.8333333333335,252.0,253,True,-1.0717048771219388,-1.0717048771219388,-2.1434097542438777
328,1,3600.8333333333335,252.0,253,True,-1.0811418069740937,-1.0811418069740937,-2.1622836139481874
328,2,3812.8333333333335,282.0,254,True,-1.1903757784446476,-1.1903757784446476,-2.380751556889295
328,3,3640.8333333333335,252.0,253,True,-1.0847368278701521,-1.0847368278701521,-2.1694736557403043
329,0,3571.8333333333335,252.0,253,True,-1.0785354168244514,-1.0785354168244514,-2.157070833648903
329,1,3617.8333333333335,317.0,255,True,-1.2780604724180444,-1.2780604724180444,-2.556120944836089
329,2,3652.8333333333335,282.0,254,True,-1.1759956948604116,-1.1759956948604116,-2.351991389720823
329,3,3579.166666666667,282.0,254,True,-1.1693748647101703,-1.1693748647101703,-2.3387497294203405
330,0,3666.8333333333335,252.0,253,True,-1.0870735914525904,-1.0870735914525904,-2.174147182905181
330,1,3642.8333333333335,252.0,253,True,-1.084916578914955,-1.084916578914955,-2.16983315782991
330,2,3557.8333333333335,317.0,254,True,-1.2726679410739565,-1.2726679410739565,-2.545335882147913
330,3,3727.8333333333335,282.0,254,True,-1.1827363590405229,-1.1827363590405229,-2.3654727180810458
331,0,3611.8333333333335,252.0,253,True,-1.0821304377205099,-1.0821304377205099,-2.1642608754410197
331,1,3648.166666666667,282.0,254,True,-1.1755762757558714,-1.1755762757558714,-2.351152551511743
331,2,3639.8333333333335,252.0,253,True,-1.0846469523477515,-1.0846469523477515,-2.169293904695503
331,3,3809.8333333333335,282.0,254,True,-1.1901061518774434,-1.1901061518774434,-2.380212303754887
332,0,3642.8333333333335,252.0,253,True,-1.084916578914956,-1.084916578914956,-2.169833157829912
332,1,3512.8333333333335,252.0,253,True,-1.0732327610027632,-1.0732327610027632,-2.1464655220055264
332,2,3633.8333333333335,252.0,253,True,-1.0841076992133423,-1.0841076992133423,-2.1682153984266845
332,3,3507.166666666667,252.0,253,True,-1.072723466375822,-1.072723466375822,-2.145446932751644
333,0,3636.166666666667,252.0,253,True,-1.0843174087656118,-1.0843174087656118,-2.1686348175312236
333,1,3623.8333333333335,252.0,253,True,-1.083208943989327,-1.083208943989327,-2.166417887978654
333,2,3576.8333333333335,252.0,253,True,-1.0789847944364581,-1.0789847944364581,-2.1579695888729162
333,3,3658.8333333333335,252.0,253,True,-1.0863545872733784,-1.0863545872733784,-2.172709174546757
334,0,3600.8333333333335,252.0,253,True,-1.0811418069740941,-1.0811418069740941,-2.1622836139481882
334,1,3599.8333333333335,252.0,253,True,-1.0810519314516922,-1.0810519314516922,-2.1621038629033844
334,2,3587.8333333333335,252.0,253,True,-1.0799734251828743,-1.0799734251828743,-2.1599468503657486
334,3,3596.8333333333335,252.0,253,True,-1.080782304884486,-1.080782304884486,-2.161564609768972
335,0,3576.166666666667,252.0,253,True,-1.078924877421524,-1.078924877421524,-2.157849754843048
335,1,3525.8333333333335,252.0,253,True,-1.0744011427939832,-1.0744011427939832,-2.1488022855879665
335,2,3632.8333333333335,252.0,253,True,-1.0840178236909397,-1.0840178236909397,-2.1680356473818794
335,3,3489.8333333333335,252.0,253,True,-1.0711656239875302,-1.0711656239875302,-2.1423312479750605
336,0,3685.8333333333335,252.0,253,True,-1.0887812263782184,-1.0887812263782184,-2.177562452756437
336,1,3474.8333333333335,317.0,255,True,-1.2652082727146328,-1.2652082727146328,-2.5304165454292655
336,2,3793.166666666667,402.0,255,True,-1.5493296693898564,-1.5493296693898564,-3.098659338779713
336,3,3739.8333333333335,548.0,258,True,-1.983414063706133,-1.983414063706133,-3.966828127412266
337,0,3668.8333333333335,317.0,254,True,-1.2826441240605193,-1.2826441240605193,-2.5652882481210386
337,1,3637.8333333333335,317.0,255,True,-1.2798579828660739,-1.2798579828660739,-2.5597159657321478
337,2,3728.1666666666665,402.0,256,True,-1.543487760433761,-1.543487760433761,-3.086975520867522
337,3,3612.8333333333335,252.0,253,True,-1.0822203132429113,-1.0822203132429113,-2.1644406264858227
338,0,3597.8333333333335,252.0,253,True,-1.0808721804068884,-1.0808721804068884,-2.1617443608137767
338,1,3605.8333333333335,252.0,253,True,-1.0815911845861004,-1.0815911845861004,-2.1631823691722007
338,2,3627.166666666667,317.0,254,True,-1.2788993106271247,-1.2788993106271247,-2.5577986212542494
338,3,3630.8333333333335,317.0,255,True,-1.2792288542092638,-1.2792288542092638,-2.5584577084185276
339,0,3542.8333333333335,317.0,255,True,-1.2713198082379322,-1.2713198082379322,-2.5426396164758645
339,1,3632.8333333333335,252.0,253,True,-1.0840178236909406,-1.0840178236909406,-2.168035647381881
339,2,3693.8333333333335,252.0,253,True,-1.0895002305574297,-1.0895002305574297,-2.1790004611148595
339,3,3490.8333333333335,252.0,253,True,-1.0712554995099315,-1.0712554995099315,-2.142510999019863
340,0,3590.8333333333335,252.0,253,True,-1.080243051750078,-1.080243051750078,-2.160486103500156
340,1,3631.8333333333335,252.0,253,True,-1.083927948168539,-1.083927948168539,-2.167855896337078
340,2,3540.8333333333335,252.0,253,True,-1.075749275630005,-1.075749275630005,-2.15149855126001
340,3,3645.8333333333335,252.0,253,True,-1.08518620548216,-1.08518620548216,-2.17037241096432
341,0,3613.8333333333335,252.0,253,True,-1.0823101887653133,-1.0823101887653133,-2.1646203775306265
341,1,3728.8333333333335,252.0,253,True,-1.0926458738414828,-1.0926458738414828,-2.1852917476829656
341,2,3629.8333333333335,252.0,253,True,-1.0837481971237357,-1.0837481971237357,-2.1674963942474714
341,3,3692.166666666667,252.0,253,True,-1.0893504380200933,-1.0893504380200933,-2.1787008760401867
342,0,3608.8333333333335,252.0,253,True,-1.0818608111533048,-1.0818608111533048,-2.1637216223066096
342,1,3638.8333333333335,252.0,253,True,-1.0845570768253487,-1.0845570768253487,-2.1691141536506975
342,2,3705.8333333333335,252.0,253,True,-1.0905787368262483,-1.0905787368262483,-2.1811574736524966
342,3,3608.8333333333335,252.0,253,True,-1.081860811153306,-1.081860811153306,-2.163721622306612
343,0,3591.8333333333335,252.0,253,True,-1.0803329272724804,-1.0803329272724804,-2.160665854544961
343,1,3693.8333333333335,252.0,253,True,-1.0895002305574313,-1.0895002305574313,-2.1790004611148626
343,2,3628.8333333333335,252.0,253,True,-1.083658321601334,-1.083658321601334,-2.167316643202668
343,3,3748.8333333333335,252.0,253,True,-1.0944433842895112,-1.0944433842895112,-2.1888867685790223
344,0,3621.8333333333335,252.0,253,True,-1.0830291929445244,-1.0830291929445244,-2.1660583858890488
344,1,3658.8333333333335,317.0,254,True,-1.2817453688365048,-1.2817453688365048,-2.5634907376730096
344,2,3622.333333333333,302.0,254,True,-1.23337473190813,-1.23337473190813,-2.46674946381626
344,3,4050.333333333333,440.0,257,True,-1.6866711148145996,-1.6866711148145996,-3.3733422296291993
345,0,3662.8333333333335,252.0,253,True,-1.0867140893629854,-1.0867140893629854,-2.173428178725971
345,1,3660.8333333333335,252.0,253,True,-1.0865343383181816,-1.0865343383181816,-2.173068676636363
345,2,3592.8333333333335,252.0,253,True,-1.080422802794881,-1.080422802794881,-2.160845605589762
345,3,3836.8333333333335,282.0,254,True,-1.192532790982283,-1.192532790982283,-2.385065581964566
346,0,3845.8333333333335,282.0,254,True,-1.193341670683896,-1.193341670683896,-2.386683341367792
346,1,3649.8333333333335,252.0,253,True,-1.0855457075717658,-1.0855457075717658,-2.1710914151435317
346,2,3667.8333333333335,282.0,253,True,-1.1773438276964339,-1.1773438276964339,-2.3546876553928677
346,3,3529.8333333333335,252.0,253,True,-1.0747606448835894,-1.0747606448835894,-2.1495212897671787
347,0,3900.333333333333,410.0,256,True,-1.5830094257329346,-1.5830094257329346,-3.166018851465869
347,1,3654.8333333333335,252.0,253,True,-1.0859950851837732,-1.0859950851837732,-2.1719901703675464
347,2,3620.8333333333335,252.0,253,True,-1.0829393174221227,-1.0829393174221227,-2.1658786348442454
347,3,3644.8333333333335,252.0,253,True,-1.0850963299597574,-1.0850963299597574,-2.1701926599195147
348,0,3798.8333333333335,282.0,254,True,-1.1891175211310268,-1.1891175211310268,-2.3782350422620535
348,1,3607.8333333333335,282.0,254,True,-1.171951296352345,-1.171951296352345,-2.34390259270469
348,2,3869.8333333333335,282.0,254,True,-1.1954986832215306,-1.1954986832215306,-2.3909973664430613
348,3,3652.8333333333335,252.0,253,True,-1.0858153341389698,-1.0858153341389698,-2.1716306682779396
349,0,3579.8333333333335,252.0,253,True,-1.0792544210036623,-1.0792544210036623,-2.1585088420073246
349,1,3621.8333333333335,252.0,253,True,-1.0830291929445246,-1.0830291929445246,-2.166058385889049
349,2,3925.5,483.0,257,True,-1.804710170802213,-1.804710170802213,-3.609420341604426
349,3,3685.8333333333335,252.0,253,True,-1.0887812263782184,-1.0887812263782184,-2.177562452756437
350,0,3579.166666666667,252.0,253,True,-1.079194503988729,-1.079194503988729,-2.158389007977458
350,1,3522.8333333333335,252.0,253,True,-1.0741315162267784,-1.0741315162267784,-2.1482630324535568
350,2,3569.8333333333335,252.0,253,True,-1.078355665779648,-1.078355665779648,-2.156711331559296
350,3,3557.8333333333335,252.0,253,True,-1.0772771595108297,-1.0772771595108297,-2.1545543190216594
351,0,3724.8333333333335,252.0,253,True,-1.092286371751876,-1.092286371751876,-2.184572743503752
351,1,3623.8333333333335,252.0,253,True,-1.0832089439893273,-1.0832089439893273,-2.1664178879786546
351,2,3734.8333333333335,252.0,253,True,-1.0931851269758914,-1.0931851269758914,-2.186370253951783
351,3,3627.8333333333335,252.0,253,True,-1.0835684460789328,-1.0835684460789328,-2.1671368921578655
352,0,3616.8333333333335,252.0,253,True,-1.0825798153325175,-1.0825798153325175,-2.165159630665035
352,1,3574.8333333333335,252.0,253,True,-1.0788050433916554,-1.0788050433916554,-2.157610086783311
352,2,3574.8333333333335,252.0,253,True,-1.0788050433916545,-1.0788050433916545,-2.157610086783309
352,3,3651.8333333333335,252.0,253,True,-1.0857254586165674,-1.0857254586165674,-2.171450917233135
353,0,3586.8333333333335,252.0,253,True,-1.0798835496604728,-1.0798835496604728,-2.1597670993209457
353,1,3662.8333333333335,252.0,253,True,-1.086714089362985,-1.086714089362985,-2.17342817872597
353,2,3592.8333333333335,252.0,253,True,-1.0804228027948815,-1.0804228027948815,-2.160845605589763
353,3,3587.8333333333335,252.0,253,True,-1.0799734251828743,-1.0799734251828743,-2.1599468503657486
354,0,3694.8333333333335,252.0,253,True,-1.0895901060798316,-1.0895901060798316,-2.1791802121596633
354,1,3849.8333333333335,282.0,254,True,-1.1937011727735016,-1.1937011727735016,-2.3874023455470033
354,2,3574.8333333333335,252.0,253,True,-1.0788050433916558,-1.0788050433916558,-2.1576100867833117
354,3,3572.8333333333335,252.0,253,True,-1.0786252923468516,-1.0786252923468516,-2.157250584693703
355,0,3655.8333333333335,252.0,253,True,-1.0860849607061736,-1.0860849607061736,-2.172169921412347
355,1,3620.8333333333335,252.0,253,True,-1.0829393174221225,-1.0829393174221225,-2.165878634844245
355,2,3581.8333333333335,252.0,253,True,-1.079434172048466,-1.079434172048466,-2.158868344096932
355,3,3612.8333333333335,252.0,253,True,-1.082220313242912,-1.082220313242912,-2.164440626485824
356,0,3641.8333333333335,252.0,253,True,-1.0848267033925545,-1.0848267033925545,-2.169653406785109
356,1,3729.8333333333335,317.0,254,True,-1.2881265309270091,-1.2881265309270091,-2.5762530618540183
356,2,3633.166666666667,252.0,253,True,-1.0840477821984082,-1.0840477821984082,-2.1680955643968165
356,3,3660.8333333333335,252.0,253,True,-1.0865343383181816,-1.0865343383181816,-2.173068676636363
357,0,3617.8333333333335,252.0,253,True,-1.082669690854918,-1.082669690854918,-2.165339381709836
357,1,3607.8333333333335,252.0,253,True,-1.0817709356309027,-1.0817709356309027,-2.1635418712618053
357,2,3712.8333333333335,252.0,253,True,-1.0912078654830584,-1.0912078654830584,-2.1824157309661167
357,3,3535.8333333333335,252.0,253,True,-1.075299898017997,-1.075299898017997,-2.150599796035994
358,0,3697.8333333333335,252.0,253,True,-1.0898597326470363,-1.0898597326470363,-2.1797194652940726
358,1,3999.333333333333,410.0,256,True,-1.59190710245068,-1.59190710245068,-3.18381420490136
358,2,3587.8333333333335,252.0,253,True,-1.0799734251828734,-1.0799734251828734,-2.159946850365747
358,3,3644.8333333333335,252.0,253,True,-1.0850963299597578,-1.0850963299597578,-2.1701926599195156
359,0,3526.8333333333335,252.0,253,True,-1.074491018316384,-1.074491018316384,-2.148982036632768
359,1,3570.8333333333335,252.0,253,True,-1.078445541302049,-1.078445541302049,-2.156891082604098
359,2,3507.166666666667,252.0,253,True,-1.0727234663758225,-1.0727234663758225,-2.145446932751645
359,3,3584.166666666667,252.0,253,True,-1.0796438816007357,-1.0796438816007357,-2.1592877632014713
360,0,3681.5,418.0,255,True,-1.5873897617731292,-1.5873897617731292,-3.1747795235462584
360,1,3901.333333333333,410.0,256,True,-1.5830993012553358,-1.5830993012553358,-3.1661986025106716
360,2,3636.8333333333335,282.0,253,True,-1.1745576865019882,-1.1745576865019882,-2.3491153730039764
360,3,3575.8333333333335,317.0,255,True,-1.2742857004771813,-1.2742857004771813,-2.5485714009543625
361,0,3603.8333333333335,252.0,253,True,-1.0814114335412977,-1.0814114335412977,-2.1628228670825953
361,1,4166.333333333333,410.0,256,True,-1.6069163146917291,-1.6069163146917291,-3.2138326293834583
361,2,3695.8333333333335,282.0,254,True,-1.179860342323675,-1.179860342323675,-2.35972068464735
361,3,3600.8333333333335,252.0,253,True,-1.0811418069740948,-1.0811418069740948,-2.1622836139481896
362,0,3622.8333333333335,252.0,253,True,-1.0831190684669258,-1.0831190684669258,-2.1662381369338517
362,1,3594.8333333333335,317.0,255,True,-1.2759933354028095,-1.2759933354028095,-2.551986670805619
362,2,3608.8333333333335,252.0,253,True,-1.0818608111533055,-1.0818608111533055,-2.163721622306611
362,3,3579.166666666667,252.0,253,True,-1.0791945039887283,-1.0791945039887283,-2.1583890079774566
363,0,3605.8333333333335,252.0,253,True,-1.0815911845861004,-1.0815911845861004,-2.1631823691722007
363,1,3684.166666666667,252.0,253,True,-1.0886314338408838,-1.0886314338408838,-2.1772628676817676
363,2,3584.166666666667,252.0,253,True,-1.079643881600735,-1.079643881600735,-2.15928776320147
363,3,3637.8333333333335,252.0,253,True,-1.084467201302948,-1.084467201302948,-2.168934402605896
364,0,3648.166666666667,252.0,253,True,-1.0853959150344301,-1.0853959150344301,-2.1707918300688602
364,1,3516.8333333333335,252.0,253,True,-1.0735922630923707,-1.0735922630923707,-2.1471845261847413
364,2,3576.166666666667,252.0,253,True,-1.0789248774215243,-1.0789248774215243,-2.1578497548430486
364,3,3600.8333333333335,252.0,253,True,-1.0811418069740941,-1.0811418069740941,-2.1622836139481882
365,0,3561.166666666667,252.0,253,True,-1.0775767445855022,-1.0775767445855022,-2.1551534891710045
365,1,3574.8333333333335,252.0,253,True,-1.0788050433916543,-1.0788050433916543,-2.1576100867833086
365,2,3618.166666666667,252.0,253,True,-1.0826996493623864,-1.0826996493623864,-2.1653992987247728
365,3,3656.8333333333335,252.0,253,True,-1.086174836228577,-1.086174836228577,-2.172349672457154
366,0,3615.166666666667,252.0,253,True,-1.0824300227951813,-1.0824300227951813,-2.1648600455903626
366,1,3697.8333333333335,282.0,254,True,-1.180040093368478,-1.180040093368478,-2.360080186736956
366,2,3570.8333333333335,252.0,253,True,-1.0784455413020493,-1.0784455413020493,-2.1568910826040986
366,3,3568.8333333333335,252.0,253,True,-1.0782657902572454,-1.0782657902572454,-2.156531580514491
367,0,3626.8333333333335,317.0,255,True,-1.2788693521196561,-1.2788693521196561,-2.5577387042393123
367,1,3651.8333333333335,252.0,253,True,-1.0857254586165692,-1.0857254586165692,-2.1714509172331384
367,2,3687.166666666667,252.0,253,True,-1.0889010604080875,-1.0889010604080875,-2.177802120816175
367,3,3770.8333333333335,252.0,253,True,-1.0964206457823442,-1.0964206457823442,-2.1928412915646884
368,0,3618.8333333333335,252.0,253,True,-1.0827595663773206,-1.0827595663773206,-2.1655191327546413
368,1,3768.166666666667,317.0,254,True,-1.2915717592857325,-1.2915717592857325,-2.583143518571465
368,2,3692.166666666667,317.0,255,True,-1.2847412195832204,-1.2847412195832204,-2.569482439166441
368,3,3576.166666666667,252.0,253,True,-1.0789248774215232,-1.0789248774215232,-2.1578497548430464
369,0,3597.8333333333335,317.0,254,True,-1.2762629619700145,-1.2762629619700145,-2.552525923940029
369,1,3576.166666666667,382.0,256,True,-1.4697064405477749,-1.4697064405477749,-2.9394128810955498
369,2,3582.8333333333335,317.0,255,True,-1.2749148291339916,-1.2749148291339916,-2.549829658267983
369,3,3633.8333333333335,317.0,255,True,-1.2794984807764676,-1.2794984807764676,-2.558996961552935
370,0,3616.8333333333335,317.0,255,True,-1.2779705968956423,-1.2779705968956423,-2.5559411937912846
370,1,3723.166666666667,402.0,257,True,-1.543038382821753,-1.543038382821753,-3.086076765643506
370,2,3768.166666666667,382.0,257,True,-1.4869625408488591,-1.4869625408488591,-2.9739250816977183
370,3,3745.1666666666665,532.0,260,True,-1.935797207440838,-1.935797207440838,-3.871594414881676
371,0,3706.8333333333335,252.0,253,True,-1.0906686123486498,-1.0906686123486498,-2.1813372246972995
371,1,3715.166666666667,252.0,253,True,-1.0914175750353288,-1.0914175750353288,-2.1828351500706575
371,2,3634.8333333333335,252.0,253,True,-1.0841975747357429,-1.0841975747357429,-2.1683951494714857
371,3,3584.166666666667,252.0,253,True,-1.079643881600735,-1.079643881600735,-2.15928776320147
372,0,3705.166666666667,317.0,254,True,-1.2859096013744398,-1.2859096013744398,-2.5718192027488795
372,1,3872.166666666667,252.0,253,True,-1.10552803205236,-1.10552803205236,-2.21105606410472
372,2,4243.333333333333,475.0,257,True,-1.8092275114797667,-1.8092275114797667,-3.6184550229595334
372,3,3764.166666666667,252.0,253,True,-1.0958214756330011,-1.0958214756330011,-2.1916429512660023
373,0,3713.166666666667,337.0,255,True,-1.3467488460346118,-1.3467488460346118,-2.6934976920692235
373,1,3677.8333333333335,252.0,253,True,-1.0880622221990068,-1.0880622221990068,-2.1761244443980137
373,2,3682.8333333333335,252.0,253,True,-1.0885115998110138,-1.0885115998110138,-2.1770231996220275
373,3,3820.166666666667,402.0,257,True,-1.551756308494695,-1.551756308494695,-3.10351261698939
374,0,3554.8333333333335,317.0,255,True,-1.2723983145067512,-1.2723983145067512,-2.5447966290135025
374,1,3600.8333333333335,317.0,254,True,-1.2765325885372194,-1.2765325885372194,-2.553065177074439
374,2,3719.166666666667,530.0,258,True,-1.9274484198103037,-1.9274484198103037,-3.8548968396206074
374,3,3590.8333333333335,252.0,253,True,-1.0802430517500787,-1.0802430517500787,-2.1604861035001575
375,0,3753.166666666667,252.0,253,True,-1.094832844886586,-1.094832844886586,-2.189665689773172
375,1,3633.166666666667,317.0,255,True,-1.279438563761534,-1.279438563761534,-2.558877127523068
375,2,3687.166666666667,252.0,253,True,-1.0889010604080873,-1.0889010604080873,-2.1778021208161746
375,3,3612.8333333333335,252.0,253,True,-1.0822203132429102,-1.0822203132429102,-2.1644406264858205
376,0,3630.166666666667,317.0,255,True,-1.2791689371943291,-1.2791689371943291,-2.5583378743886582
376,1,3630.166666666667,317.0,254,True,-1.2791689371943291,-1.2791689371943291,-2.5583378743886582
376,2,3577.8333333333335,252.0,253,True,-1.0790746699588596,-1.0790746699588596,-2.158149339917719
376,3,3717.166666666667,382.0,257,True,-1.4823788892063827,-1.4823788892063827,-2.9647577784127654
377,0,3702.166666666667,252.0,253,True,-1.0902491932441098,-1.0902491932441098,-2.1804983864882197
377,1,3666.166666666667,252.0,253,True,-1.0870136744376566,-1.0870136744376566,-2.1740273488753132
377,2,3584.166666666667,252.0,252,True,-1.0796438816007352,-1.0796438816007352,-2.1592877632014704
377,3,3543.166666666667,252.0,253,True,-1.0759589851822755,-1.0759589851822755,-2.151917970364551
378,0,3702.166666666667,252.0,253,True,-1.0902491932441092,-1.0902491932441092,-2.1804983864882184
378,1,3702.166666666667,317.0,254,True,-1.2856399748072338,-1.2856399748072338,-2.5712799496144676
378,2,3639.166666666667,252.0,253,True,-1.0845870353328155,-1.0845870353328155,-2.169174070665631
378,3,3576.166666666667,317.0,254,True,-1.2743156589846496,-1.2743156589846496,-2.548631317969299
379,0,3689.8333333333335,252.0,253,True,-1.0891407284678243,-1.0891407284678243,-2.1782814569356486
379,1,3899.166666666667,252.0,253,True,-1.1079546711572,-1.1079546711572,-2.2159093423144
379,2,3710.166666666667,252.0,253,True,-1.0909681974233216,-1.0909681974233216,-2.1819363948466433
379,3,3595.8333333333335,252.0,253,True,-1.0806924293620856,-1.0806924293620856,-2.1613848587241713
380,0,3687.166666666667,252.0,253,True,-1.088901060408088,-1.088901060408088,-2.177802120816176
380,1,3723.166666666667,252.0,253,True,-1.0921365792145408,-1.0921365792145408,-2.1842731584290815
380,2,3585.8333333333335,252.0,253,True,-1.079793674138071,-1.079793674138071,-2.159587348276142
380,3,3630.166666666667,317.0,255,True,-1.2791689371943291,-1.2791689371943291,-2.5583378743886582
381,0,3764.166666666667,252.0,253,True,-1.095821475633001,-1.095821475633001,-2.191642951266002
381,1,3612.166666666667,252.0,253,True,-1.0821603962279764,-1.0821603962279764,-2.164320792455953
381,2,3702.166666666667,252.0,252,True,-1.0902491932441098,-1.0902491932441098,-2.1804983864882197
381,3,3573.166666666667,252.0,253,True,-1.07865525085432,-1.07865525085432,-2.15731050170864
382,0,3540.8333333333335,252.0,253,True,-1.0757492756300058,-1.0757492756300058,-2.1514985512600115
382,1,3630.166666666667,252.0,253,True,-1.0837781556312043,-1.0837781556312043,-2.1675563112624086
382,2,3579.166666666667,252.0,253,True,-1.0791945039887278,-1.0791945039887278,-2.1583890079774557
382,3,3687.166666666667,252.0,253,True,-1.088901060408088,-1.088901060408088,-2.177802120816176
383,0,3630.166666666667,252.0,253,True,-1.083778155631203,-1.083778155631203,-2.167556311262406
383,1,3669.166666666667,252.0,253,True,-1.0872833010048601,-1.0872833010048601,-2.1745666020097203
383,2,3756.166666666667,252.0,253,True,-1.0951024714537896,-1.0951024714537896,-2.190204942907579
383,3,3659.166666666667,252.0,253,True,-1.0863845457808468,-1.0863845457808468,-2.1727690915616935
384,0,3600.8333333333335,252.0,253,True,-1.0811418069740937,-1.0811418069740937,-2.1622836139481874
384,1,3687.166666666667,252.0,253,True,-1.088901060408087,-1.088901060408087,-2.177802120816174
384,2,3615.166666666667,317.0,254,True,-1.277820804358307,-1.277820804358307,-2.555641608716614
384,3,3627.166666666667,287.0,253,True,-1.1887189499056812,-1.1887189499056812,-2.3774378998113623
385,0,3843.166666666667,252.0,253,True,-1.1029216419027177,-1.1029216419027177,-2.2058432838054354
385,1,3558.166666666667,317.0,254,True,-1.2726978995814224,-1.2726978995814224,-2.545395799162845
385,2,3653.166666666667,252.0,253,True,-1.0858452926464368,-1.0858452926464368,-2.1716905852928736
385,3,3600.8333333333335,252.0,253,True,-1.0811418069740935,-1.0811418069740935,-2.162283613948187
386,0,3614.8333333333335,252.0,253,True,-1.0824000642877136,-1.0824000642877136,-2.1648001285754273
386,1,3566.8333333333335,317.0,254,True,-1.273476820775568,-1.273476820775568,-2.546953641551136
386,2,3626.8333333333335,252.0,253,True,-1.0834785705565306,-1.0834785705565306,-2.1669571411130613
386,3,3580.8333333333335,252.0,252,True,-1.0793442965260642,-1.0793442965260642,-2.1586885930521285
387,0,3630.166666666667,317.0,254,True,-1.2791689371943287,-1.2791689371943287,-2.5583378743886573
387,1,3635.166666666667,252.0,253,True,-1.0842275332432112,-1.0842275332432112,-2.1684550664864224
387,2,3610.8333333333335,252.0,253,True,-1.0820405621981075,-1.0820405621981075,-2.164081124396215
387,3,3630.166666666667,252.0,253,True,-1.0837781556312027,-1.0837781556312027,-2.1675563112624054
388,0,3592.8333333333335,252.0,253,True,-1.080422802794882,-1.080422802794882,-2.160845605589764
388,1,3537.8333333333335,252.0,253,True,-1.0754796490628011,-1.0754796490628011,-2.1509592981256023
388,2,3651.166666666667,287.0,253,True,-1.1908759624433187,-1.1908759624433187,-2.3817519248866375
388,3,3504.166666666667,252.0,253,True,-1.0724538398086179,-1.0724538398086179,-2.1449076796172357
389,0,3550.8333333333335,317.0,255,True,-1.272038812417145,-1.272038812417145,-2.54407762483429
389,1,3558.8333333333335,317.0,255,True,-1.2727578165963571,-1.2727578165963571,-2.5455156331927142
389,2,3662.8333333333335,317.0,255,True,-1.28210487092611,-1.28210487092611,-2.56420974185222
389,3,3685.166666666667,337.0,255,True,-1.3442323314073699,-1.3442323314073699,-2.6884646628147397
390,0,3668.8333333333335,317.0,254,True,-1.2826441240605175,-1.2826441240605175,-2.565288248121035
390,1,3687.8333333333335,252.0,253,True,-1.088960977423021,-1.088960977423021,-2.177921954846042
390,2,3604.8333333333335,252.0,253,True,-1.0815013090636985,-1.0815013090636985,-2.163002618127397
390,3,3631.8333333333335,317.0,255,True,-1.2793187297316653,-1.2793187297316653,-2.5586374594633305
391,0,3807.8333333333335,583.0,259,True,-2.0947360200711156,-2.0947360200711156,-4.189472040142231
391,1,3714.8333333333335,252.0,253,True,-1.091387616527861,-1.091387616527861,-2.182775233055722
391,2,3639.8333333333335,382.0,256,True,-1.475428515474002,-1.475428515474002,-2.950857030948004
391,3,3658.8333333333335,252.0,253,True,-1.086354587273379,-1.086354587273379,-2.172709174546758
392,0,3818.166666666667,467.0,259,True,-1.7469673390130194,-1.7469673390130194,-3.4939346780260387
392,1,3633.8333333333335,317.0,255,True,-1.2794984807764678,-1.2794984807764678,-2.5589969615529355
392,2,3591.8333333333335,317.0,255,True,-1.275723708835605,-1.275723708835605,-2.55144741767121
392,3,3719.8333333333335,252.0,253,True,-1.0918369941398678,-1.0918369941398678,-2.1836739882797356
393,0,3653.166666666667,317.0,255,True,-1.2812360742095636,-1.2812360742095636,-2.5624721484191273
393,1,3584.8333333333335,317.0,254,True,-1.2750945801787952,-1.2750945801787952,-2.5501891603575904
393,2,3481.166666666667,317.0,255,True,-1.2657774843565086,-1.2657774843565086,-2.531554968713017
393,3,3704.166666666667,287.0,253,True,-1.1956393651305954,-1.1956393651305954,-2.391278730261191
394,0,4285.333333333333,475.0,257,True,-1.8130022834206287,-1.8130022834206287,-3.6260045668412575
394,1,3558.166666666667,382.0,256,True,-1.4680886811445488,-1.4680886811445488,-2.9361773622890976
394,2,3724.8333333333335,317.0,255,True,-1.2876771533150013,-1.2876771533150013,-2.5753543066300026
394,3,3543.166666666667,252.0,253,True,-1.075958985182276,-1.075958985182276,-2.151917970364552
395,0,3710.8333333333335,252.0,253,True,-1.0910281144382563,-1.0910281144382563,-2.1820562288765126
395,1,3578.8333333333335,317.0,254,True,-1.2745553270443866,-1.2745553270443866,-2.549110654088773
395,2,3643.8333333333335,317.0,254,True,-1.2803972360004823,-1.2803972360004823,-2.5607944720009646
395,3,3928.333333333333,475.0,258,True,-1.7809167219233022,-1.7809167219233022,-3.5618334438466044
396,0,3566.166666666667,317.0,255,True,-1.2734169037606344,-1.2734169037606344,-2.546833807521269
396,1,3659.8333333333335,382.0,257,True,-1.4772260259220322,-1.4772260259220322,-2.9544520518440645
396,2,3599.8333333333335,317.0,255,True,-1.2764427130148184,-1.2764427130148184,-2.5528854260296368
396,3,3710.8333333333335,317.0,255,True,-1.2864188960013803,-1.2864188960013803,-2.5728377920027605
397,0,3928.333333333333,540.0,259,True,-1.9763075034864273,-1.9763075034864273,-3.9526150069728545
397,1,3728.8333333333335,252.0,253,True,-1.0926458738414822,-1.0926458738414822,-2.1852917476829643
397,2,3630.8333333333335,382.0,256,True,-1.4746196357723893,-1.4746196357723893,-2.9492392715447786
397,3,4029.5,548.0,259,True,-2.0094480066950933,-2.0094480066950933,-4.0188960133901865
398,0,3746.8333333333335,252.0,253,True,-1.0942636332447075,-1.0942636332447075,-2.188527266489415
398,1,3776.8333333333335,252.0,253,True,-1.0969598989167515,-1.0969598989167515,-2.193919797833503
398,2,3774.8333333333335,583.0,258,True,-2.0917701278318703,-2.0917701278318703,-4.183540255663741
398,3,3638.166666666667,252.0,253,True,-1.0844971598104154,-1.0844971598104154,-2.168994319620831
399,0,3686.8333333333335,252.0,253,True,-1.0888711019006194,-1.0888711019006194,-2.177742203801239
399,1,3626.8333333333335,252.0,253,True,-1.0834785705565322,-1.0834785705565322,-2.1669571411130644
399,2,3630.166666666667,317.0,255,True,-1.279168937194328,-1.279168937194328,-2.558337874388656
399,3,3633.8333333333335,317.0,254,True,-1.2794984807764664,-1.2794984807764664,-2.558996961552933
400,0,3587.166666666667,252.0,253,True,-1.079913508167939,-1.079913508167939,-2.159827016335878
400,1,3782.8333333333335,282.0,254,True,-1.187679512772603,-1.187679512772603,-2.375359025545206
400,2,3584.166666666667,252.0,253,True,-1.0796438816007354,-1.0796438816007354,-2.159287763201471
400,3,3485.8333333333335,252.0,253,True,-1.0708061218979235,-1.0708061218979235,-2.141612243795847
401,0,3563.166666666667,252.0,253,True,-1.077756495630305,-1.077756495630305,-2.15551299126061
401,1,4117.333333333333,410.0,256,True,-1.602512414094055,-1.602512414094055,-3.20502482818811
401,2,3504.166666666667,252.0,253,True,-1.072453839808618,-1.072453839808618,-2.144907679617236
401,3,3326.166666666667,252.0,253,True,-1.0564559968211549,-1.0564559968211549,-2.1129119936423097
402,0,3422.166666666667,252.0,253,True,-1.065084046971697,-1.065084046971697,-2.130168093943394
402,1,4006.333333333333,410.0,255,True,-1.5925362311074902,-1.5925362311074902,-3.1850724622149804
402,2,3447.8333333333335,252.0,253,True,-1.0673908520466686,-1.0673908520466686,-2.1347817040933372
402,3,3438.166666666667,252.0,253,True,-1.0665220553301218,-1.0665220553301218,-2.1330441106602436
403,0,3613.8333333333335,252.0,253,True,-1.0823101887653128,-1.0823101887653128,-2.1646203775306256
403,1,3448.166666666667,252.0,253,True,-1.0674208105541358,-1.0674208105541358,-2.1348416211082717
403,2,3464.166666666667,252.0,253,True,-1.0688588189125592,-1.0688588189125592,-2.1377176378251184
403,3,3466.166666666667,252.0,253,True,-1.0690385699573621,-1.0690385699573621,-2.1380771399147243
404,0,3576.166666666667,252.0,253,True,-1.078924877421523,-1.078924877421523,-2.157849754843046
404,1,3548.166666666667,252.0,253,True,-1.0764083627942824,-1.0764083627942824,-2.152816725588565
404,2,3543.166666666667,252.0,253,True,-1.0759589851822757,-1.0759589851822757,-2.1519179703645515
404,3,3507.166666666667,252.0,253,True,-1.072723466375822,-1.072723466375822,-2.145446932751644
405,0,3543.166666666667,252.0,253,True,-1.0759589851822755,-1.0759589851822755,-2.151917970364551
405,1,3579.8333333333335,252.0,253,True,-1.0792544210036625,-1.0792544210036625,-2.158508842007325
405,2,3520.8333333333335,252.0,253,True,-1.0739517651819757,-1.0739517651819757,-2.1479035303639513
405,3,3601.8333333333335,252.0,253,True,-1.0812316824964945,-1.0812316824964945,-2.162463364992989
406,0,3615.8333333333335,252.0,253,True,-1.0824899398101153,-1.0824899398101153,-2.1649798796202306
406,1,3731.8333333333335,252.0,253,True,-1.0929155004086872,-1.0929155004086872,-2.1858310008173745
406,2,3531.8333333333335,252.0,253,True,-1.0749403959283914,-1.0749403959283914,-2.149880791856783
406,3,3435.166666666667,252.0,253,True,-1.0662524287629156,-1.0662524287629156,-2.132504857525831
407,0,3583.8333333333335,252.0,253,True,-1.0796139230932678,-1.0796139230932678,-2.1592278461865355
407,1,4010.333333333333,475.0,258,True,-1.7882865147602236,-1.7882865147602236,-3.576573029520447
407,2,3409.166666666667,317.0,255,True,-1.2593064467436035,-1.2593064467436035,-2.518612893487207
407,3,3489.166666666667,252.0,252,True,-1.0711057069725958,-1.0711057069725958,-2.1422114139451915
408,0,3667.8333333333335,252.0,253,True,-1.087163466974993,-1.087163466974993,-2.174326933949986
408,1,3562.8333333333335,252.0,253,True,-1.0777265371228368,-1.0777265371228368,-2.1554530742456737
408,2,3753.8333333333335,252.0,253,True,-1.0948927619015194,-1.0948927619015194,-2.189785523803039
408,3,3629.8333333333335,252.0,253,True,-1.0837481971237362,-1.0837481971237362,-2.1674963942474723
409,0,3561.166666666667,252.0,253,True,-1.0775767445855011,-1.0775767445855011,-2.1551534891710022
409,1,3547.8333333333335,252.0,253,True,-1.0763784042868154,-1.0763784042868154,-2.152756808573631
409,2,3517.8333333333335,252.0,253,True,-1.073682138614771,-1.073682138614771,-2.147364277229542
409,3,3573.8333333333335,252.0,253,True,-1.0787151678692535,-1.0787151678692535,-2.157430335738507
410,0,3622.8333333333335,252.0,253,True,-1.0831190684669254,-1.0831190684669254,-2.166238136933851
410,1,3507.8333333333335,252.0,253,True,-1.0727833833907565,-1.0727833833907565,-2.145566766781513
410,2,3558.166666666667,252.0,253,True,-1.077307118018297,-1.077307118018297,-2.154614236036594
410,3,3530.8333333333335,252.0,253,True,-1.0748505204059913,-1.0748505204059913,-2.1497010408119825
411,0,3623.8333333333335,252.0,253,True,-1.0832089439893273,-1.0832089439893273,-2.1664178879786546
411,1,3515.166666666667,252.0,253,True,-1.0734424705550338,-1.0734424705550338,-2.1468849411100677
411,2,3630.166666666667,252.0,253,True,-1.0837781556312034,-1.0837781556312034,-2.1675563112624068
411,3,3547.8333333333335,252.0,253,True,-1.076378404286816,-1.076378404286816,-2.152756808573632
412,0,3591.8333333333335,252.0,253,True,-1.08033292727248,-1.08033292727248,-2.16066585454496
412,1,3617.8333333333335,252.0,253,True,-1.0826696908549187,-1.0826696908549187,-2.1653393817098374
412,2,3669.166666666667,252.0,253,True,-1.0872833010048604,-1.0872833010048604,-2.1745666020097207
412,3,3669.166666666667,252.0,253,True,-1.0872833010048615,-1.0872833010048615,-2.174566602009723
413,0,3627.166666666667,252.0,253,True,-1.0835085290639987,-1.0835085290639987,-2.1670170581279975
413,1,3669.166666666667,252.0,253,True,-1.0872833010048601,-1.0872833010048601,-2.1745666020097203
413,2,3615.166666666667,252.0,253,True,-1.0824300227951813,-1.0824300227951813,-2.1648600455903626
413,3,3558.166666666667,252.0,253,True,-1.0773071180182971,-1.0773071180182971,-2.1546142360365943
414,0,3543.8333333333335,252.0,253,True,-1.0760189021972093,-1.0760189021972093,-2.1520378043944186
414,1,3505.8333333333335,317.0,255,True,-1.2679944139090773,-1.2679944139090773,-2.5359888278181546
414,2,3586.166666666667,252.0,253,True,-1.0798236326455386,-1.0798236326455386,-2.159647265291077
414,3,3651.166666666667,252.0,253,True,-1.085665541601634,-1.085665541601634,-2.171331083203268
415,0,3598.8333333333335,252.0,253,True,-1.0809620559292903,-1.0809620559292903,-2.1619241118585806
415,1,3623.8333333333335,252.0,253,True,-1.0832089439893275,-1.0832089439893275,-2.166417887978655
415,2,3578.8333333333335,252.0,253,True,-1.0791645454812613,-1.0791645454812613,-2.1583290909625226
415,3,3618.8333333333335,252.0,253,True,-1.0827595663773195,-1.0827595663773195,-2.165519132754639
416,0,3601.8333333333335,252.0,253,True,-1.0812316824964952,-1.0812316824964952,-2.1624633649929903
416,1,3587.8333333333335,252.0,253,True,-1.0799734251828748,-1.0799734251828748,-2.1599468503657495
416,2,3579.8333333333335,252.0,253,True,-1.0792544210036632,-1.0792544210036632,-2.1585088420073264
416,3,3543.166666666667,252.0,253,True,-1.0759589851822746,-1.0759589851822746,-2.1519179703645492
417,0,3504.166666666667,252.0,253,True,-1.0724538398086176,-1.0724538398086176,-2.1449076796172353
417,1,3583.8333333333335,252.0,253,True,-1.0796139230932675,-1.0796139230932675,-2.159227846186535
417,2,3544.8333333333335,252.0,253,True,-1.0761087777196106,-1.0761087777196106,-2.152217555439221
417,3,3606.8333333333335,287.0,253,True,-1.186891480950185,-1.186891480950185,-2.37378296190037
418,0,3619.8333333333335,317.0,254,True,-1.2782402234628467,-1.2782402234628467,-2.5564804469256934
418,1,3574.8333333333335,252.0,253,True,-1.0788050433916552,-1.0788050433916552,-2.1576100867833103
418,2,3587.8333333333335,252.0,253,True,-1.0799734251828745,-1.0799734251828745,-2.159946850365749
418,3,3567.8333333333335,252.0,253,True,-1.0781759147348449,-1.0781759147348449,-2.1563518294696897
419,0,3567.8333333333335,252.0,253,True,-1.0781759147348442,-1.0781759147348442,-2.1563518294696884
419,1,3501.8333333333335,252.0,253,True,-1.072244130256347,-1.072244130256347,-2.144488260512694
419,2,3584.8333333333335,252.0,253,True,-1.0797037986156681,-1.0797037986156681,-2.1594075972313362
419,3,3418.8333333333335,252.0,253,True,-1.0647844618970257,-1.0647844618970257,-2.1295689237940514
420,0,3483.8333333333335,252.0,253,True,-1.0706263708531212,-1.0706263708531212,-2.1412527417062424
420,1,3597.8333333333335,252.0,253,True,-1.0808721804068886,-1.0808721804068886,-2.161744360813777
420,2,3527.8333333333335,252.0,253,True,-1.0745808938387853,-1.0745808938387853,-2.1491617876775706
420,3,3581.8333333333335,252.0,253,True,-1.079434172048465,-1.079434172048465,-2.15886834409693
421,0,3497.8333333333335,252.0,253,True,-1.0718846281667416,-1.0718846281667416,-2.143769256333483
421,1,3558.166666666667,317.0,255,True,-1.272697899581422,-1.272697899581422,-2.545395799162844
421,2,3550.8333333333335,252.0,252,True,-1.0766480308540198,-1.0766480308540198,-2.1532960617080397
421,3,3569.8333333333335,252.0,253,True,-1.0783556657796476,-1.0783556657796476,-2.156711331559295
422,0,3586.8333333333335,252.0,253,True,-1.0798835496604728,-1.0798835496604728,-2.1597670993209457
422,1,3639.8333333333335,252.0,253,True,-1.084646952347751,-1.084646952347751,-2.169293904695502
422,2,3595.8333333333335,252.0,253,True,-1.0806924293620854,-1.0806924293620854,-2.161384858724171
422,3,3555.8333333333335,252.0,253,True,-1.0770974084660274,-1.0770974084660274,-2.154194816932055
423,0,4062.333333333333,410.0,256,True,-1.5975692603619729,-1.5975692603619729,-3.1951385207239458
423,1,3576.8333333333335,252.0,253,True,-1.078984794436457,-1.078984794436457,-2.157969588872914
423,2,3507.8333333333335,252.0,253,True,-1.0727833833907567,-1.0727833833907567,-2.1455667667815135
423,3,3624.8333333333335,252.0,253,True,-1.0832988195117284,-1.0832988195117284,-2.1665976390234567
424,0,3594.8333333333335,252.0,253,True,-1.0806025538396844,-1.0806025538396844,-2.161205107679369
424,1,3611.8333333333335,252.0,253,True,-1.0821304377205099,-1.0821304377205099,-2.1642608754410197
424,2,3590.8333333333335,252.0,253,True,-1.0802430517500785,-1.0802430517500785,-2.160486103500157
424,3,4089.333333333333,410.0,256,True,-1.5999958994668122,-1.5999958994668122,-3.1999917989336244
425,0,3593.8333333333335,317.0,254,True,-1.275903459880408,-1.275903459880408,-2.551806919760816
425,1,3627.8333333333335,252.0,253,True,-1.0835684460789334,-1.0835684460789334,-2.167136892157867
425,2,3547.8333333333335,317.0,255,True,-1.2717691858499403,-1.2717691858499403,-2.5435383716998805
425,3,3561.8333333333335,252.0,253,True,-1.077636661600436,-1.077636661600436,-2.155273323200872
426,0,3632.8333333333335,252.0,253,True,-1.0840178236909395,-1.0840178236909395,-2.168035647381879
426,1,3501.166666666667,302.0,254,True,-1.2224848144438172,-1.2224848144438172,-2.4449696288876344
426,2,3689.8333333333335,252.0,253,True,-1.0891407284678247,-1.0891407284678247,-2.1782814569356495
426,3,4212.333333333333,410.0,256,True,-1.6110505887221942,-1.6110505887221942,-3.2221011774443884
427,0,3534.8333333333335,252.0,253,True,-1.0752100224955956,-1.0752100224955956,-2.150420044991191
427,1,3602.8333333333335,252.0,253,True,-1.0813215580188968,-1.0813215580188968,-2.1626431160377937
427,2,3580.8333333333335,252.0,253,True,-1.0793442965260633,-1.0793442965260633,-2.1586885930521267
427,3,3559.8333333333335,252.0,253,True,-1.0774569105556335,-1.0774569105556335,-2.154913821111267
428,0,3470.8333333333335,252.0,253,True,-1.0694579890619023,-1.0694579890619023,-2.1389159781238045
428,1,3567.8333333333335,252.0,253,True,-1.0781759147348449,-1.0781759147348449,-2.1563518294696897
428,2,3580.8333333333335,252.0,253,True,-1.079344296526064,-1.079344296526064,-2.158688593052128
428,3,3554.8333333333335,252.0,253,True,-1.0770075329436246,-1.0770075329436246,-2.1540150658872492
429,0,3512.8333333333335,252.0,253,True,-1.0732327610027637,-1.0732327610027637,-2.1464655220055273
429,1,3586.8333333333335,252.0,253,True,-1.0798835496604726,-1.0798835496604726,-2.1597670993209452
429,2,3562.8333333333335,252.0,253,True,-1.077726537122837,-1.077726537122837,-2.155453074245674
429,3,3548.8333333333335,252.0,253,True,-1.0764682798092169,-1.0764682798092169,-2.1529365596184338
430,0,3647.8333333333335,252.0,253,True,-1.0853659565269622,-1.0853659565269622,-2.1707319130539244
430,1,3518.8333333333335,317.0,254,True,-1.2691627957002973,-1.2691627957002973,-2.5383255914005947
430,2,3504.166666666667,252.0,253,True,-1.0724538398086176,-1.0724538398086176,-2.1449076796172353
430,3,3567.8333333333335,252.0,253,True,-1.0781759147348444,-1.0781759147348444,-2.156351829469689
431,0,3558.8333333333335,317.0,255,True,-1.2727578165963576,-1.2727578165963576,-2.545515633192715
431,1,3627.8333333333335,252.0,253,True,-1.0835684460789337,-1.0835684460789337,-2.1671368921578673
431,2,3504.166666666667,317.0,255,True,-1.2678446213717425,-1.2678446213717425,-2.535689242743485
431,3,3594.8333333333335,252.0,252,True,-1.0806025538396842,-1.0806025538396842,-2.1612051076793684
432,0,3796.1666666666665,337.0,255,True,-1.354208514393935,-1.354208514393935,-2.70841702878787
432,1,3504.166666666667,252.0,253,True,-1.0724538398086176,-1.0724538398086176,-2.1449076796172353
432,2,3597.8333333333335,282.0,254,True,-1.1710525411283308,-1.1710525411283308,-2.3421050822566616
432,3,3504.8333333333335,252.0,253,True,-1.072513756823552,-1.072513756823552,-2.145027513647104
433,0,3523.8333333333335,252.0,253,True,-1.0742213917491794,-1.0742213917491794,-2.148442783498359
433,1,3504.166666666667,252.0,253,True,-1.072453839808618,-1.072453839808618,-2.144907679617236
433,2,3463.166666666667,302.0,254,True,-1.219069544592562,-1.219069544592562,-2.438139089185124
433,3,3531.3333333333335,332.0,255,True,-1.315376420091036,-1.315376420091036,-2.630752840182072
434,0,3595.8333333333335,252.0,253,True,-1.0806924293620868,-1.0806924293620868,-2.1613848587241735
434,1,3573.166666666667,317.0,254,True,-1.2740460324174443,-1.2740460324174443,-2.5480920648348886
434,2,3543.8333333333335,252.0,253,True,-1.0760189021972093,-1.0760189021972093,-2.1520378043944186
434,3,3531.8333333333335,317.0,254,True,-1.2703311774915171,-1.2703311774915171,-2.5406623549830343
435,0,3524.8333333333335,252.0,253,True,-1.0743112672715822,-1.0743112672715822,-2.1486225345431644
435,1,3578.8333333333335,252.0,253,True,-1.0791645454812608,-1.0791645454812608,-2.1583290909625217
435,2,3559.8333333333335,317.0,254,True,-1.2728476921187588,-1.2728476921187588,-2.5456953842375176
435,3,3572.8333333333335,252.0,253,True,-1.078625292346853,-1.078625292346853,-2.157250584693706
436,0,3619.8333333333335,252.0,253,True,-1.0828494418997219,-1.0828494418997219,-2.1656988837994438
436,1,3504.8333333333335,252.0,253,True,-1.0725137568235514,-1.0725137568235514,-2.145027513647103
436,2,3823.8333333333335,282.0,254,True,-1.1913644091910658,-1.1913644091910658,-2.3827288183821316
436,3,3728.8333333333335,252.0,253,True,-1.0926458738414828,-1.0926458738414828,-2.1852917476829656
437,0,3585.8333333333335,252.0,253,True,-1.0797936741380711,-1.0797936741380711,-2.1595873482761423
437,1,3544.8333333333335,252.0,253,True,-1.0761087777196103,-1.0761087777196103,-2.1522175554392207
437,2,3590.8333333333335,252.0,253,True,-1.0802430517500792,-1.0802430517500792,-2.1604861035001584
437,3,3501.8333333333335,252.0,253,True,-1.072244130256347,-1.072244130256347,-2.144488260512694
438,0,3567.8333333333335,252.0,253,True,-1.0781759147348449,-1.0781759147348449,-2.1563518294696897
438,1,3594.8333333333335,252.0,253,True,-1.0806025538396842,-1.0806025538396842,-2.1612051076793684
438,2,3586.8333333333335,252.0,253,True,-1.0798835496604726,-1.0798835496604726,-2.1597670993209452
438,3,3504.166666666667,317.0,255,True,-1.2678446213717431,-1.2678446213717431,-2.5356892427434863
439,0,3517.8333333333335,252.0,253,True,-1.0736821386147708,-1.0736821386147708,-2.1473642772295416
439,1,3564.8333333333335,252.0,253,True,-1.0779062881676402,-1.0779062881676402,-2.1558125763352805
439,2,3473.8333333333335,252.0,253,True,-1.0697276156291056,-1.0697276156291056,-2.139455231258211
439,3,3536.8333333333335,252.0,253,True,-1.075389773540398,-1.075389773540398,-2.150779547080796
440,0,3580.8333333333335,252.0,252,True,-1.0793442965260636,-1.0793442965260636,-2.158688593052127
440,1,3717.8333333333335,252.0,253,True,-1.0916572430950664,-1.0916572430950664,-2.183314486190133
440,2,3552.8333333333335,252.0,253,True,-1.0768277818988223,-1.0768277818988223,-2.1536555637976447
440,3,4141.333333333333,410.0,255,True,-1.6046694266316885,-1.6046694266316885,-3.209338853263377
441,0,3516.8333333333335,252.0,253,True,-1.07359226309237,-1.07359226309237,-2.14718452618474
441,1,3548.8333333333335,252.0,253,True,-1.0764682798092169,-1.0764682798092169,-2.1529365596184338
441,2,3531.8333333333335,252.0,253,True,-1.074940395928391,-1.074940395928391,-2.149880791856782
441,3,3589.8333333333335,252.0,253,True,-1.0801531762276773,-1.0801531762276773,-2.1603063524553545
442,0,3511.8333333333335,317.0,254,True,-1.2685336670434872,-1.2685336670434872,-2.5370673340869745
442,1,3534.8333333333335,317.0,254,True,-1.2706008040587204,-1.2706008040587204,-2.541201608117441
442,2,3513.8333333333335,252.0,253,True,-1.0733226365251654,-1.0733226365251654,-2.1466452730503307
442,3,3627.8333333333335,252.0,253,True,-1.0835684460789337,-1.0835684460789337,-2.1671368921578673
443,0,3553.8333333333335,252.0,253,True,-1.0769176574212236,-1.0769176574212236,-2.153835314842447
443,1,3595.8333333333335,252.0,253,True,-1.080692429362086,-1.080692429362086,-2.161384858724172
443,2,3534.8333333333335,252.0,253,True,-1.0752100224955958,-1.0752100224955958,-2.1504200449911917
443,3,3471.8333333333335,287.0,253,True,-1.174758285425987,-1.174758285425987,-2.349516570851974
444,0,3550.8333333333335,252.0,253,True,-1.07664803085402,-1.07664803085402,-2.15329606170804
444,1,3499.8333333333335,252.0,253,True,-1.0720643792115447,-1.0720643792115447,-2.1441287584230895
444,2,3584.8333333333335,252.0,253,True,-1.0797037986156697,-1.0797037986156697,-2.1594075972313393
444,3,3637.8333333333335,252.0,253,True,-1.0844672013029468,-1.0844672013029468,-2.1689344026058937
445,0,3638.8333333333335,252.0,253,True,-1.084557076825349,-1.084557076825349,-2.169114153650698
445,1,3643.8333333333335,252.0,253,True,-1.0850064544373565,-1.0850064544373565,-2.170012908874713
445,2,3596.8333333333335,252.0,253,True,-1.0807823048844873,-1.0807823048844873,-2.1615646097689747
445,3,3655.8333333333335,252.0,253,True,-1.0860849607061744,-1.0860849607061744,-2.172169921412349
446,0,3558.166666666667,252.0,253,True,-1.0773071180182976,-1.0773071180182976,-2.154614236036595
446,1,3506.8333333333335,252.0,253,True,-1.0726935078683546,-1.0726935078683546,-2.145387015736709
446,2,3576.166666666667,252.0,253,True,-1.0789248774215234,-1.0789248774215234,-2.157849754843047
446,3,3515.8333333333335,252.0,253,True,-1.0735023875699683,-1.0735023875699683,-2.1470047751399366
447,0,3625.8333333333335,252.0,253,True,-1.0833886950341305,-1.0833886950341305,-2.166777390068261
447,1,3635.8333333333335,317.0,255,True,-1.27967823182127,-1.27967823182127,-2.55935646364254
447,2,3555.8333333333335,252.0,253,True,-1.0770974084660268,-1.0770974084660268,-2.1541948169320535
447,3,3558.166666666667,252.0,253,True,-1.0773071180182958,-1.0773071180182958,-2.1546142360365916
448,0,3588.8333333333335,252.0,253,True,-1.080063300705276,-1.080063300705276,-2.160126601410552
448,1,3686.166666666667,337.0,255,True,-1.3443222069297724,-1.3443222069297724,-2.688644413859545
448,2,3577.8333333333335,317.0,255,True,-1.2744654515219849,-1.2744654515219849,-2.5489309030439697
448,3,3737.8333333333335,282.0,254,True,-1.1836351142645367,-1.1836351142645367,-2.3672702285290734
449,0,3593.8333333333335,252.0,253,True,-1.0805126783172827,-1.0805126783172827,-2.1610253566345654
449,1,3567.8333333333335,252.0,253,True,-1.0781759147348446,-1.0781759147348446,-2.1563518294696893
449,2,3623.8333333333335,252.0,253,True,-1.0832089439893273,-1.0832089439893273,-2.1664178879786546
449,3,3669.166666666667,252.0,253,True,-1.0872833010048601,-1.0872833010048601,-2.1745666020097203
450,0,3560.8333333333335,252.0,253,True,-1.0775467860780348,-1.0775467860780348,-2.1550935721560696
450,1,3687.166666666667,252.0,253,True,-1.088901060408088,-1.088901060408088,-2.177802120816176
450,2,3615.166666666667,287.0,253,True,-1.1876404436368628,-1.1876404436368628,-2.3752808872737257
450,3,3489.166666666667,332.0,254,True,-1.3115866688964417,-1.3115866688964417,-2.6231733377928834
451,0,3648.166666666667,317.0,255,True,-1.2807866965975552,-1.2807866965975552,-2.5615733931951103
451,1,3555.8333333333335,252.0,253,True,-1.0770974084660268,-1.0770974084660268,-2.1541948169320535
451,2,3548.8333333333335,252.0,253,True,-1.0764682798092162,-1.0764682798092162,-2.1529365596184324
451,3,3702.166666666667,317.0,254,True,-1.2856399748072354,-1.2856399748072354,-2.5712799496144707
452,0,3615.166666666667,317.0,255,True,-1.2778208043583066,-1.2778208043583066,-2.555641608716613
452,1,3561.166666666667,287.0,253,True,-1.1827871654271849,-1.1827871654271849,-2.3655743308543697
452,2,3543.166666666667,252.0,253,True,-1.0759589851822746,-1.0759589851822746,-2.1519179703645492
452,3,3584.8333333333335,287.0,253,True,-1.1849142194573539,-1.1849142194573539,-2.3698284389147077
453,0,3558.166666666667,252.0,253,True,-1.0773071180182965,-1.0773071180182965,-2.154614236036593
453,1,3633.166666666667,252.0,253,True,-1.084047782198408,-1.084047782198408,-2.168095564396816
453,2,3687.166666666667,252.0,253,True,-1.0889010604080873,-1.0889010604080873,-2.1778021208161746
453,3,3642.166666666667,252.0,253,True,-1.0848566619000215,-1.0848566619000215,-2.169713323800043
454,0,3609.8333333333335,252.0,253,True,-1.0819506866757065,-1.0819506866757065,-2.163901373351413
454,1,3573.166666666667,252.0,253,True,-1.0786552508543197,-1.0786552508543197,-2.1573105017086394
454,2,3522.8333333333335,252.0,253,True,-1.0741315162267777,-1.0741315162267777,-2.1482630324535554
454,3,3590.166666666667,252.0,253,True,-1.0801831347351434,-1.0801831347351434,-2.1603662694702868
455,0,3633.166666666667,252.0,253,True,-1.084047782198407,-1.084047782198407,-2.168095564396814
455,1,3687.166666666667,252.0,253,True,-1.088901060408088,-1.088901060408088,-2.177802120816176
455,2,3615.166666666667,252.0,253,True,-1.0824300227951813,-1.0824300227951813,-2.1648600455903626
455,3,3189.166666666667,217.0,252,True,-0.9389326294104696,-0.9389326294104696,-1.8778652588209392
456,0,3570.8333333333335,252.0,253,True,-1.0784455413020502,-1.0784455413020502,-2.1568910826041003
456,1,3561.166666666667,252.0,253,True,-1.0775767445855022,-1.0775767445855022,-2.1551534891710045
456,2,3574.8333333333335,252.0,253,True,-1.0788050433916552,-1.0788050433916552,-2.1576100867833103
456,3,3576.166666666667,317.0,255,True,-1.2743156589846487,-1.2743156589846487,-2.5486313179692974
457,0,3756.166666666667,252.0,253,True,-1.095102471453789,-1.095102471453789,-2.190204942907578
457,1,3630.166666666667,252.0,253,True,-1.0837781556312027,-1.0837781556312027,-2.1675563112624054
457,2,3637.8333333333335,252.0,253,True,-1.084467201302948,-1.084467201302948,-2.168934402605896
457,3,3557.8333333333335,317.0,255,True,-1.2726679410739552,-1.2726679410739552,-2.5453358821479104
458,0,3699.166666666667,252.0,253,True,-1.0899795666769054,-1.0899795666769054,-2.179959133353811
458,1,3605.8333333333335,252.0,253,True,-1.0815911845861004,-1.0815911845861004,-2.1631823691722007
458,2,3702.166666666667,252.0,253,True,-1.0902491932441094,-1.0902491932441094,-2.180498386488219
458,3,3654.8333333333335,252.0,253,True,-1.0859950851837727,-1.0859950851837727,-2.1719901703675455
459,0,4196.333333333333,410.0,256,True,-1.6096125803637704,-1.6096125803637704,-3.219225160727541
459,1,3630.166666666667,252.0,253,True,-1.0837781556312036,-1.0837781556312036,-2.167556311262407
459,2,3731.166666666667,317.0,254,True,-1.2882463649568776,-1.2882463649568776,-2.576492729913755
459,3,3535.166666666667,252.0,253,True,-1.0752399810030637,-1.0752399810030637,-2.1504799620061275
460,0,3573.166666666667,252.0,253,True,-1.078655250854319,-1.078655250854319,-2.157310501708638
460,1,3504.166666666667,252.0,253,True,-1.0724538398086176,-1.0724538398086176,-2.1449076796172353
460,2,3640.8333333333335,252.0,253,True,-1.0847368278701524,-1.0847368278701524,-2.1694736557403047
460,3,3756.166666666667,317.0,255,True,-1.290493253016914,-1.290493253016914,-2.580986506033828
461,0,3615.166666666667,317.0,255,True,-1.2778208043583068,-1.2778208043583068,-2.5556416087166136
461,1,3599.8333333333335,317.0,254,True,-1.2764427130148164,-1.2764427130148164,-2.5528854260296328
461,2,3553.8333333333335,287.0,253,True,-1.1821280782629073,-1.1821280782629073,-2.3642561565258147
461,3,3630.166666666667,252.0,253,True,-1.0837781556312036,-1.0837781556312036,-2.167556311262407
462,0,3627.8333333333335,252.0,253,True,-1.083568446078933,-1.083568446078933,-2.167136892157866
462,1,3856.8333333333335,282.0,254,True,-1.1943303014303133,-1.1943303014303133,-2.3886606028606265
462,2,3591.8333333333335,252.0,253,True,-1.0803329272724798,-1.0803329272724798,-2.1606658545449595
462,3,3638.8333333333335,252.0,253,True,-1.0845570768253487,-1.0845570768253487,-2.1691141536506975
463,0,3507.166666666667,252.0,253,True,-1.0727234663758225,-1.0727234663758225,-2.145446932751645
463,1,3620.166666666667,317.0,254,True,-1.2782701819703144,-1.2782701819703144,-2.556540363940629
463,2,3676.8333333333335,252.0,253,True,-1.0879723466766065,-1.0879723466766065,-2.175944693353213
463,3,3637.8333333333335,252.0,253,True,-1.0844672013029482,-1.0844672013029482,-2.1689344026058963
464,0,3541.8333333333335,317.0,255,True,-1.2712299327155319,-1.2712299327155319,-2.5424598654310637
464,1,3632.8333333333335,252.0,253,True,-1.0840178236909406,-1.0840178236909406,-2.168035647381881
464,2,3750.8333333333335,252.0,253,True,-1.094623135334315,-1.094623135334315,-2.18924627066863
464,3,3597.8333333333335,252.0,253,True,-1.0808721804068886,-1.0808721804068886,-2.161744360813777
465,0,3691.8333333333335,317.0,254,True,-1.2847112610757527,-1.2847112610757527,-2.5694225221515055
465,1,3756.166666666667,317.0,254,True,-1.290493253016915,-1.290493253016915,-2.58098650603383
465,2,3626.8333333333335,252.0,253,True,-1.0834785705565317,-1.0834785705565317,-2.1669571411130635
465,3,3581.8333333333335,252.0,253,True,-1.0794341720484655,-1.0794341720484655,-2.158868344096931
466,0,3565.8333333333335,252.0,253,True,-1.077996163690042,-1.077996163690042,-2.155992327380084
466,1,3604.8333333333335,317.0,255,True,-1.2768920906268237,-1.2768920906268237,-2.5537841812536475
466,2,3653.166666666667,252.0,253,True,-1.0858452926464366,-1.0858452926464366,-2.171690585292873
466,3,3637.8333333333335,252.0,253,True,-1.0844672013029477,-1.0844672013029477,-2.1689344026058954
467,0,3575.8333333333335,252.0,253,True,-1.0788949189140558,-1.0788949189140558,-2.1577898378281115
467,1,3465.8333333333335,252.0,253,True,-1.069008611449895,-1.069008611449895,-2.13801722289979
467,2,3576.166666666667,252.0,253,True,-1.0789248774215239,-1.0789248774215239,-2.1578497548430478
467,3,3715.8333333333335,317.0,254,True,-1.2868682736133874,-1.2868682736133874,-2.573736547226775
468,0,3366.8333333333335,252.0,253,True,-1.06011093473215,-1.06011093473215,-2.1202218694643
468,1,3646.166666666667,252.0,253,True,-1.0852161639896276,-1.0852161639896276,-2.1704323279792552
468,2,3524.8333333333335,252.0,253,True,-1.0743112672715813,-1.0743112672715813,-2.1486225345431627
468,3,3617.8333333333335,252.0,253,True,-1.082669690854918,-1.082669690854918,-2.165339381709836
469,0,3708.8333333333335,252.0,253,True,-1.0908483633934525,-1.0908483633934525,-2.181696726786905
469,1,3762.8333333333335,252.0,253,True,-1.0957016416031327,-1.0957016416031327,-2.1914032832062653
469,2,3705.8333333333335,252.0,253,True,-1.0905787368262485,-1.0905787368262485,-2.181157473652497
469,3,3647.3333333333335,302.0,254,True,-1.2356216199681647,-1.2356216199681647,-2.4712432399363293
470,0,3550.166666666667,252.0,253,True,-1.0765881138390856,-1.0765881138390856,-2.153176227678171
470,1,3621.3333333333335,345.0,253,True,-1.3625433734197996,-1.3625433734197996,-2.725086746839599
470,2,3622.8333333333335,282.0,253,True,-1.1732994291883676,-1.1732994291883676,-2.346598858376735
470,3,3548.8333333333335,252.0,253,True,-1.0764682798092162,-1.0764682798092162,-2.1529365596184324
471,0,3366.166666666667,252.0,253,True,-1.0600510177172149,-1.0600510177172149,-2.1201020354344298
471,1,3661.8333333333335,282.0,254,True,-1.1768045745620257,-1.1768045745620257,-2.3536091491240514
471,2,3694.8333333333335,252.0,253,True,-1.089590106079832,-1.089590106079832,-2.179180212159664
471,3,3584.166666666667,252.0,253,True,-1.0796438816007348,-1.0796438816007348,-2.1592877632014695
472,0,3569.8333333333335,252.0,253,True,-1.0783556657796476,-1.0783556657796476,-2.156711331559295
472,1,3490.8333333333335,252.0,253,True,-1.071255499509932,-1.071255499509932,-2.142510999019864
472,2,3640.166666666667,252.0,253,True,-1.0846769108552181,-1.0846769108552181,-2.1693538217104362
472,3,3540.8333333333335,252.0,253,True,-1.075749275630005,-1.075749275630005,-2.15149855126001
473,0,3516.333333333333,302.0,254,True,-1.223847926533573,-1.223847926533573,-2.447695853067146
473,1,3567.8333333333335,252.0,253,True,-1.0781759147348455,-1.0781759147348455,-2.156351829469691
473,2,3515.8333333333335,252.0,253,True,-1.0735023875699687,-1.0735023875699687,-2.1470047751399375
473,3,3535.8333333333335,252.0,253,True,-1.075299898017998,-1.075299898017998,-2.150599796035996
474,0,3630.166666666667,252.0,253,True,-1.0837781556312036,-1.0837781556312036,-2.167556311262407
474,1,3599.166666666667,317.0,255,True,-1.2763827959998837,-1.2763827959998837,-2.5527655919997674
474,2,3597.8333333333335,252.0,253,True,-1.0808721804068893,-1.0808721804068893,-2.1617443608137785
474,3,3595.8333333333335,252.0,253,True,-1.0806924293620868,-1.0806924293620868,-2.1613848587241735
475,0,3684.8333333333335,252.0,253,True,-1.0886913508558176,-1.0886913508558176,-2.177382701711635
475,1,3606.8333333333335,252.0,253,True,-1.081681060108503,-1.081681060108503,-2.163362120217006
475,2,3573.166666666667,252.0,253,True,-1.0786552508543192,-1.0786552508543192,-2.1573105017086385
475,3,3739.8333333333335,282.0,254,True,-1.1838148653093394,-1.1838148653093394,-2.367629730618679
476,0,3507.166666666667,302.0,254,True,-1.2230240675782242,-1.2230240675782242,-2.4460481351564485
476,1,3579.166666666667,317.0,255,True,-1.2745852855518525,-1.2745852855518525,-2.549170571103705
476,2,3512.8333333333335,252.0,253,True,-1.073232761002764,-1.073232761002764,-2.146465522005528
476,3,3551.8333333333335,252.0,253,True,-1.0767379063764215,-1.0767379063764215,-2.153475812752843
477,0,3538.8333333333335,252.0,253,True,-1.075569524585202,-1.075569524585202,-2.151139049170404
477,1,3504.166666666667,252.0,253,True,-1.0724538398086179,-1.0724538398086179,-2.1449076796172357
477,2,3576.166666666667,252.0,253,True,-1.0789248774215237,-1.0789248774215237,-2.1578497548430473
477,3,3618.8333333333335,252.0,253,True,-1.08275956637732,-1.08275956637732,-2.16551913275464
478,0,3554.8333333333335,252.0,253,True,-1.0770075329436253,-1.0770075329436253,-2.1540150658872506
478,1,3692.8333333333335,282.0,254,True,-1.1795907157564713,-1.1795907157564713,-2.3591814315129427
478,2,3615.166666666667,252.0,253,True,-1.082430022795181,-1.082430022795181,-2.164860045590362
478,3,3627.166666666667,317.0,255,True,-1.2788993106271245,-1.2788993106271245,-2.557798621254249
479,0,3753.166666666667,317.0,254,True,-1.2902236264497098,-1.2902236264497098,-2.5804472528994196
479,1,3642.166666666667,317.0,255,True,-1.2802474434631466,-1.2802474434631466,-2.560494886926293
479,2,3623.8333333333335,252.0,253,True,-1.083208943989327,-1.083208943989327,-2.166417887978654
479,3,3542.8333333333335,317.0,255,True,-1.2713198082379331,-1.2713198082379331,-2.5426396164758662
480,0,3598.8333333333335,317.0,254,True,-1.2763528374924156,-1.2763528374924156,-2.552705674984831
480,1,3553.166666666667,367.0,256,True,-1.42254912317182,-1.42254912317182,-2.84509824634364
480,2,3714.166666666667,317.0,254,True,-1.2867184810760521,-1.2867184810760521,-2.5734369621521043
480,3,3653.166666666667,317.0,255,True,-1.2812360742095625,-1.2812360742095625,-2.562472148419125
481,0,3684.166666666667,317.0,255,True,-1.2840222154040086,-1.2840222154040086,-2.5680444308080173
481,1,3699.166666666667,317.0,255,True,-1.2853703482400305,-1.2853703482400305,-2.570740696480061
481,2,3576.166666666667,252.0,253,True,-1.0789248774215237,-1.0789248774215237,-2.1578497548430473
481,3,3648.166666666667,252.0,253,True,-1.08539591503443,-1.08539591503443,-2.17079183006886
482,0,3668.166666666667,252.0,253,True,-1.0871934254824585,-1.0871934254824585,-2.174386850964917
482,1,3582.8333333333335,252.0,253,True,-1.0795240475708663,-1.0795240475708663,-2.1590480951417326
482,2,3663.166666666667,252.0,253,True,-1.0867440478704522,-1.0867440478704522,-2.1734880957409044
482,3,3576.166666666667,252.0,253,True,-1.0789248774215243,-1.0789248774215243,-2.1578497548430486
483,0,3560.8333333333335,317.0,255,True,-1.2729375676411598,-1.2729375676411598,-2.5458751352823197
483,1,3796.8333333333335,317.0,255,True,-1.2941481909279064,-1.2941481909279064,-2.588296381855813
483,2,3633.166666666667,252.0,253,True,-1.0840477821984078,-1.0840477821984078,-2.1680955643968156
483,3,3576.166666666667,252.0,253,True,-1.078924877421523,-1.078924877421523,-2.157849754843046
484,0,3710.166666666667,252.0,253,True,-1.090968197423321,-1.090968197423321,-2.181936394846642
484,1,3615.166666666667,252.0,253,True,-1.0824300227951806,-1.0824300227951806,-2.1648600455903613
484,2,3663.166666666667,317.0,255,True,-1.282134829433578,-1.282134829433578,-2.564269658867156
484,3,3732.166666666667,252.0,253,True,-1.0929454589161534,-1.0929454589161534,-2.1858909178323067
485,0,3660.166666666667,317.0,255,True,-1.2818652028663724,-1.2818652028663724,-2.563730405732745
485,1,3638.166666666667,317.0,255,True,-1.2798879413735402,-1.2798879413735402,-2.5597758827470805
485,2,3876.166666666667,317.0,255,True,-1.3012783157050924,-1.3012783157050924,-2.602556631410185
485,3,3645.166666666667,252.0,253,True,-1.085126288467225,-1.085126288467225,-2.17025257693445
486,0,3518.8333333333335,317.0,255,True,-1.269162795700297,-1.269162795700297,-2.538325591400594
486,1,3570.166666666667,252.0,253,True,-1.0783856242871155,-1.0783856242871155,-2.156771248574231
486,2,3796.8333333333335,282.0,254,True,-1.1889377700862247,-1.1889377700862247,-2.3778755401724494
486,3,3527.8333333333335,252.0,253,True,-1.0745808938387855,-1.0745808938387855,-2.149161787677571
487,0,3639.166666666667,252.0,253,True,-1.0845870353328166,-1.0845870353328166,-2.1691740706656333
487,1,3726.166666666667,317.0,255,True,-1.2877969873448698,-1.2877969873448698,-2.5755939746897396
487,2,3707.166666666667,252.0,253,True,-1.0906985708561168,-1.0906985708561168,-2.1813971417122335
487,3,4071.5,483.0,256,True,-1.8178319970728307,-1.8178319970728307,-3.6356639941456614
488,0,3825.166666666667,252.0,253,True,-1.1013038824994903,-1.1013038824994903,-2.2026077649989806
488,1,3579.166666666667,252.0,253,True,-1.0791945039887285,-1.0791945039887285,-2.158389007977457
488,2,3648.166666666667,252.0,253,True,-1.0853959150344297,-1.0853959150344297,-2.1707918300688593
488,3,3791.166666666667,317.0,255,True,-1.2936388963009648,-1.2936388963009648,-2.5872777926019297
489,0,3783.166666666667,252.0,253,True,-1.0975291105586293,-1.0975291105586293,-2.1950582211172587
489,1,3571.8333333333335,252.0,253,True,-1.078535416824451,-1.078535416824451,-2.157070833648902
489,2,3645.166666666667,252.0,253,True,-1.0851262884672255,-1.0851262884672255,-2.170252576934451
489,3,3598.8333333333335,252.0,253,True,-1.08096205592929,-1.08096205592929,-2.16192411185858
490,0,3696.166666666667,252.0,253,True,-1.0897099401097008,-1.0897099401097008,-2.1794198802194016
490,1,4117.333333333333,410.0,256,True,-1.602512414094056,-1.602512414094056,-3.205024828188112
490,2,3598.8333333333335,317.0,255,True,-1.2763528374924165,-1.2763528374924165,-2.552705674984833
490,3,3699.166666666667,317.0,254,True,-1.2853703482400294,-1.2853703482400294,-2.5707406964800588
491,0,3687.8333333333335,317.0,255,True,-1.284351758986147,-1.284351758986147,-2.568703517972294
491,1,3630.166666666667,252.0,253,True,-1.0837781556312036,-1.0837781556312036,-2.167556311262407
491,2,3612.166666666667,317.0,254,True,-1.277551177791102,-1.277551177791102,-2.555102355582204
491,3,3693.8333333333335,252.0,253,True,-1.0895002305574313,-1.0895002305574313,-2.1790004611148626
492,0,3561.166666666667,252.0,252,True,-1.0775767445855018,-1.0775767445855018,-2.1551534891710036
492,1,3755.333333333333,302.0,254,True,-1.2453281763875255,-1.2453281763875255,-2.490656352775051
492,2,3719.166666666667,252.0,253,True,-1.0917770771249347,-1.0917770771249347,-2.1835541542498693
492,3,3657.166666666667,252.0,253,True,-1.0862047947360423,-1.0862047947360423,-2.1724095894720845
493,0,3597.8333333333335,317.0,255,True,-1.276262961970014,-1.276262961970014,-2.552525923940028
493,1,3657.166666666667,252.0,253,True,-1.086204794736043,-1.086204794736043,-2.172409589472086
493,2,3655.166666666667,252.0,253,True,-1.0860250436912406,-1.0860250436912406,-2.1720500873824813
493,3,3573.166666666667,287.0,253,True,-1.1838656716960017,-1.1838656716960017,-2.3677313433920033
494,0,3699.166666666667,252.0,253,True,-1.0899795666769054,-1.0899795666769054,-2.179959133353811
494,1,3587.3333333333335,337.0,254,True,-1.3354395094657594,-1.3354395094657594,-2.670879018931519
494,2,3576.166666666667,252.0,253,True,-1.0789248774215239,-1.0789248774215239,-2.1578497548430478
494,3,3630.166666666667,317.0,255,True,-1.2791689371943293,-1.2791689371943293,-2.5583378743886587
495,0,3658.166666666667,317.0,255,True,-1.2816854518215695,-1.2816854518215695,-2.563370903643139
495,1,3645.166666666667,317.0,255,True,-1.2805170700303512,-1.2805170700303512,-2.5610341400607024
495,2,3633.166666666667,252.0,253,True,-1.0840477821984078,-1.0840477821984078,-2.1680955643968156
495,3,3643.8333333333335,252.0,253,True,-1.0850064544373565,-1.0850064544373565,-2.170012908874713
496,0,3630.166666666667,252.0,253,True,-1.083778155631203,-1.083778155631203,-2.167556311262406
496,1,3579.8333333333335,252.0,253,True,-1.079254421003662,-1.079254421003662,-2.158508842007324
496,2,3555.166666666667,252.0,253,True,-1.0770374914510938,-1.0770374914510938,-2.1540749829021877
496,3,3576.8333333333335,252.0,253,True,-1.0789847944364586,-1.0789847944364586,-2.157969588872917
497,0,3669.166666666667,252.0,253,True,-1.0872833010048606,-1.0872833010048606,-2.174566602009721
497,1,3656.166666666667,252.0,253,True,-1.0861149192136423,-1.0861149192136423,-2.1722298384272847
497,2,3726.166666666667,317.0,255,True,-1.2877969873448707,-1.2877969873448707,-2.5755939746897414
497,3,3630.166666666667,252.0,253,True,-1.0837781556312038,-1.0837781556312038,-2.1675563112624077
498,0,3645.166666666667,252.0,253,True,-1.085126288467226,-1.085126288467226,-2.170252576934452
498,1,3705.166666666667,252.0,253,True,-1.0905188198113147,-1.0905188198113147,-2.1810376396226294
498,2,3566.166666666667,252.0,253,True,-1.0780261221975087,-1.0780261221975087,-2.1560522443950174
498,3,3771.166666666667,252.0,253,True,-1.0964506042898112,-1.0964506042898112,-2.1929012085796225
499,0,3741.166666666667,317.0,255,True,-1.2891451201808923,-1.2891451201808923,-2.5782902403617847
499,1,3705.166666666667,252.0,253,True,-1.090518819811314,-1.090518819811314,-2.181037639622628
499,2,3758.166666666667,252.0,253,True,-1.0952822224985919,-1.0952822224985919,-2.1905644449971837
499,3,3619.8333333333335,252.0,253,True,-1.0828494418997212,-1.0828494418997212,-2.1656988837994424
500,0,3615.166666666667,317.0,255,True,-1.2778208043583066,-1.2778208043583066,-2.555641608716613
500,1,3586.8333333333335,252.0,253,True,-1.079883549660472,-1.079883549660472,-2.159767099320944
500,2,3612.8333333333335,252.0,253,True,-1.0822203132429122,-1.0822203132429122,-2.1644406264858245
500,3,3608.8333333333335,252.0,253,True,-1.0818608111533057,-1.0818608111533057,-2.1637216223066114
