global_episode,worker_id,makespan,cost,steps,done,upper_reward_sum,lower_reward_sum,total_reward_sum
1,0,1450.3333333333333,5174.0,216,True,-5.02115492387809,-5.02115492387809,-10.04230984775618
1,1,1588.1666666666665,6392.0,226,True,-6.058965422962806,-6.058965422962806,-12.117930845925612
1,2,1562.3333333333333,6066.0,226,True,-5.789026327916138,-5.789026327916138,-11.578052655832275
1,3,1524.6666666666667,5485.0,212,True,-5.313870002347237,-5.313870002347237,-10.627740004694473
2,0,1474.3333333333333,4815.0,205,True,-4.761042017211823,-4.761042017211823,-9.522084034423646
2,1,1561.6666666666667,6190.0,229,True,-5.884270040566466,-5.884270040566466,-11.768540081132931
2,2,1348.0,5027.0,207,True,-4.835198354878012,-4.835198354878012,-9.670396709756025
2,3,1306.6666666666665,4808.0,209,True,-4.6368735720044185,-4.6368735720044185,-9.273747144008837
3,0,1475.5,5561.0,218,True,-5.3377078589390425,-5.3377078589390425,-10.675415717878085
3,1,1326.5,4735.0,207,True,-4.594573429418158,-4.594573429418158,-9.189146858836317
3,2,1457.8333333333333,5561.0,220,True,-5.325193839695788,-5.325193839695788,-10.650387679391576
3,3,1273.3333333333333,4419.0,203,True,-4.312992048982582,-4.312992048982582,-8.625984097965164
4,0,1180.6666666666667,4097.0,199,True,-3.9987997939861235,-3.9987997939861235,-7.997599587972247
4,1,1159.0,3413.0,180,True,-3.4554709375611043,-3.4554709375611043,-6.910941875122209
4,2,1358.8333333333333,4522.0,204,True,-4.4530611620947695,-4.4530611620947695,-8.906122324189539
4,3,1095.5,2642.0,172,True,-2.8153542896201755,-2.8153542896201755,-5.630708579240351
5,0,979.3333333333334,2507.0,169,True,-2.6288618403221142,-2.6288618403221142,-5.2577236806442285
5,1,1219.5,3589.0,190,True,-3.6341804329148246,-3.6341804329148246,-7.268360865829649
5,2,1124.6666666666665,2965.0,180,True,-3.0853388121523557,-3.0853388121523557,-6.1706776243047115
5,3,1206.8333333333333,3446.0,185,True,-3.5148260253745542,-3.5148260253745542,-7.0296520507491085
6,0,1040.0,2474.0,167,True,-2.646361719747908,-2.646361719747908,-5.292723439495816
6,1,1191.5,3603.0,186,True,-3.625153531345679,-3.625153531345679,-7.250307062691358
6,2,1139.5,2997.0,177,True,-3.1205467537334313,-3.1205467537334313,-6.2410935074668625
6,3,1144.0,2898.0,177,True,-3.047315915651686,-3.047315915651686,-6.094631831303372
7,0,933.5,2149.0,167,True,-2.3200550433496447,-2.3200550433496447,-4.6401100866992895
7,1,1131.8333333333333,2824.0,176,True,-2.981576967544932,-2.981576967544932,-5.963153935089864
7,2,1043.1666666666665,2645.0,170,True,-2.780600167252427,-2.780600167252427,-5.561200334504854
7,3,955.3333333333334,2055.0,167,True,-2.2629616246418003,-2.2629616246418003,-4.525923249283601
8,0,1007.6666666666666,2163.0,167,True,-2.3833969511778235,-2.3833969511778235,-4.766793902355647
8,1,963.6666666666666,2119.0,165,True,-2.3182662392837896,-2.3182662392837896,-4.636532478567579
8,2,818.1666666666667,1626.0,156,True,-1.8346546147593177,-1.8346546147593177,-3.6693092295186354
8,3,920.8333333333333,1759.0,161,True,-2.0100406589664574,-2.0100406589664574,-4.020081317932915
9,0,933.5,1639.0,159,True,-1.9263846458197345,-1.9263846458197345,-3.852769291639469
9,1,947.8333333333333,1730.0,157,True,-2.006780678719895,-2.006780678719895,-4.01356135743979
9,2,976.9999999999999,1795.0,159,True,-2.077614294266356,-2.077614294266356,-4.155228588532712
9,3,920.5,1371.0,156,True,-1.7103062821769959,-1.7103062821769959,-3.4206125643539917
10,0,981.6666666666666,1892.0,163,True,-2.1557944500598487,-2.1557944500598487,-4.311588900119697
10,1,906.1666666666666,1984.0,162,True,-2.173329778416162,-2.173329778416162,-4.346659556832324
10,2,978.8333333333333,1888.0,161,True,-2.1506998737484966,-2.1506998737484966,-4.301399747496993
10,3,973.5,1737.0,160,True,-2.0303647428399936,-2.0303647428399936,-4.060729485679987
11,0,874.8333333333333,1609.0,159,True,-1.861671575181658,-1.861671575181658,-3.723343150363316
11,1,999.0,1716.0,160,True,-2.032217473447646,-2.032217473447646,-4.064434946895292
11,2,889.8333333333333,1561.0,158,True,-1.8352453543276666,-1.8352453543276666,-3.670490708655333
11,3,957.0,1674.0,158,True,-1.9700472484578848,-1.9700472484578848,-3.9400944969157696
12,0,910.8333333333333,1547.0,157,True,-1.8393138709136307,-1.8393138709136307,-3.6786277418272615
12,1,893.0,1594.0,158,True,-1.8629612236770334,-1.8629612236770334,-3.725922447354067
12,2,946.9999999999999,1993.0,162,True,-2.20920081548032,-2.20920081548032,-4.41840163096064
12,3,944.6666666666666,1635.0,158,True,-1.931206839474735,-1.931206839474735,-3.86241367894947
13,0,968.6666666666666,1609.0,159,True,-1.9281375453132903,-1.9281375453132903,-3.8562750906265806
13,1,976.6666666666667,1638.0,159,True,-1.956189450475737,-1.956189450475737,-3.912378900951474
13,2,938.1666666666666,1611.0,158,True,-1.908076959081386,-1.908076959081386,-3.816153918162772
13,3,910.6666666666666,1444.0,156,True,-1.7596898318820797,-1.7596898318820797,-3.5193796637641594
14,0,956.8333333333333,1954.0,163,True,-2.186061958943896,-2.186061958943896,-4.372123917887792
14,1,966.1666666666666,1804.0,160,True,-2.0768877278832547,-2.0768877278832547,-4.153775455766509
14,2,982.0,2280.0,167,True,-2.45552882684931,-2.45552882684931,-4.91105765369862
14,3,893.1666666666666,1389.0,154,True,-1.7048392187101278,-1.7048392187101278,-3.4096784374202556
15,0,1049.5,2073.0,165,True,-2.343557957668646,-2.343557957668646,-4.687115915337292
15,1,965.8333333333334,1286.0,153,True,-1.6768059948606795,-1.6768059948606795,-3.353611989721359
15,2,1135.6666666666665,2364.0,170,True,-2.6292170130899737,-2.6292170130899737,-5.258434026179947
15,3,1059.6666666666665,1886.0,162,True,-2.2064136091451503,-2.2064136091451503,-4.412827218290301
16,0,950.8333333333334,1432.0,156,True,-1.7788786842596347,-1.7788786842596347,-3.5577573685192694
16,1,899.0,1633.0,159,True,-1.8973154748182621,-1.8973154748182621,-3.7946309496365243
16,2,1048.6666666666665,2210.0,167,True,-2.448718349156975,-2.448718349156975,-4.89743669831395
16,3,1021.3333333333334,1720.0,159,True,-2.051124693640705,-2.051124693640705,-4.10224938728141
17,0,997.0,1690.0,159,True,-2.010731320777258,-2.010731320777258,-4.021462641554516
17,1,891.4999999999999,1365.0,153,True,-1.685132985090877,-1.685132985090877,-3.370265970181754
17,2,906.8333333333334,1701.0,160,True,-1.9553535300653295,-1.9553535300653295,-3.910707060130659
17,3,934.1666666666666,1593.0,157,True,-1.8913493469092717,-1.8913493469092717,-3.7826986938185434
18,0,968.6666666666666,1512.0,157,True,-1.8532629795085815,-1.8532629795085815,-3.706525959017163
18,1,920.5,1723.0,157,True,-1.9820160467466594,-1.9820160467466594,-3.964032093493319
18,2,945.8333333333333,1172.0,153,True,-1.5746422682339927,-1.5746422682339927,-3.1492845364679853
18,3,921.8333333333334,1841.0,161,True,-2.0740450243792274,-2.0740450243792274,-4.148090048758455
19,0,950.8333333333334,1573.0,158,True,-1.8877169706355497,-1.8877169706355497,-3.7754339412710993
19,1,1004.8333333333333,2082.0,166,True,-2.3188658638668573,-2.3188658638668573,-4.637731727733715
19,2,1031.0,2244.0,168,True,-2.4624490230823803,-2.4624490230823803,-4.924898046164761
19,3,890.6666666666666,1435.0,154,True,-1.7385758929821395,-1.7385758929821395,-3.477151785964279
20,0,828.5,1270.0,153,True,-1.567176759918085,-1.567176759918085,-3.13435351983617
20,1,938.6666666666666,1886.0,161,True,-2.120704383007377,-2.120704383007377,-4.241408766014754
20,2,910.8333333333334,1869.0,162,True,-2.0878665532756537,-2.0878665532756537,-4.1757331065513075
20,3,863.6666666666667,1421.0,154,True,-1.7086440553977484,-1.7086440553977484,-3.417288110795497
21,0,906.9999999999999,1787.0,160,True,-2.0218552225125497,-2.0218552225125497,-4.043710445025099
21,1,894.6666666666667,1831.0,161,True,-2.0470827409705405,-2.0470827409705405,-4.094165481941081
21,2,966.6666666666666,1569.0,157,True,-1.8958447542793369,-1.8958447542793369,-3.7916895085586737
21,3,891.5,1793.0,161,True,-2.0155073579199008,-2.0155073579199008,-4.0310147158398015
22,0,967.5,1804.0,161,True,-2.077832182165765,-2.077832182165765,-4.15566436433153
22,1,953.4999999999999,1607.0,158,True,-1.9158505723692303,-1.9158505723692303,-3.8317011447384606
22,2,862.1666666666666,1444.0,156,True,-1.7253353073557829,-1.7253353073557829,-3.4506706147115658
22,3,887.1666666666666,1562.0,158,True,-1.834128348502901,-1.834128348502901,-3.668256697005802
23,0,833.9999999999999,1230.0,153,True,-1.5401965242232494,-1.5401965242232494,-3.0803930484464987
23,1,813.4999999999999,1234.0,152,True,-1.528763150590679,-1.528763150590679,-3.057526301181358
23,2,812.5,1126.0,152,True,-1.4446893139312862,-1.4446893139312862,-2.8893786278625724
23,3,886.8333333333333,1403.0,155,True,-1.7111596992317715,-1.7111596992317715,-3.422319398463543
24,0,1001.8333333333334,1804.0,161,True,-2.1021518799403953,-2.1021518799403953,-4.204303759880791
24,1,843.6666666666667,1082.0,150,True,-1.432802212213747,-1.432802212213747,-2.865604424427494
24,2,905.8333333333334,1645.0,159,True,-1.911418635899182,-1.911418635899182,-3.822837271798364
24,3,807.6666666666667,1532.0,156,True,-1.754658179700607,-1.754658179700607,-3.509316359401214
25,0,800.5,955.0,149,True,-1.3041938568051386,-1.3041938568051386,-2.608387713610277
25,1,948.8333333333333,1661.0,160,True,-1.9542277303542017,-1.9542277303542017,-3.9084554607084034
25,2,780.6666666666667,805.0,146,True,-1.1743596883145955,-1.1743596883145955,-2.348719376629191
25,3,854.3333333333334,1384.0,155,True,-1.6734724740307532,-1.6734724740307532,-3.3469449480615063
26,0,926.3333333333333,1645.0,159,True,-1.925939620492772,-1.925939620492772,-3.851879240985544
26,1,844.5,1197.0,152,True,-1.5221613112696089,-1.5221613112696089,-3.0443226225392177
26,2,886.3333333333333,1497.0,155,True,-1.7833643864597755,-1.7833643864597755,-3.566728772919551
26,3,806.5,933.0,147,True,-1.2914620407908286,-1.2914620407908286,-2.582924081581657
27,0,963.0,1694.0,159,True,-1.989735347534275,-1.989735347534275,-3.97947069506855
27,1,778.8333333333333,1013.0,149,True,-1.3336168336491274,-1.3336168336491274,-2.667233667298255
27,2,911.0,1662.0,160,True,-1.9282007428282375,-1.9282007428282375,-3.856401485656475
27,3,820.8333333333333,1342.0,155,True,-1.617323145091994,-1.617323145091994,-3.234646290183988
28,0,885.5,1431.0,154,True,-1.7318285216763945,-1.7318285216763945,-3.463657043352789
28,1,982.6666666666666,1845.0,163,True,-2.12022336197976,-2.12022336197976,-4.24044672395952
28,2,904.8333333333333,1626.0,157,True,-1.8960441431224604,-1.8960441431224604,-3.792088286244921
28,3,909.6666666666667,1571.0,158,True,-1.8570131391825488,-1.8570131391825488,-3.7140262783650977
29,0,810.6666666666667,1131.0,151,True,-1.4472502029941088,-1.4472502029941088,-2.8945004059882176
29,1,835.8333333333333,1246.0,152,True,-1.5538455927057764,-1.5538455927057764,-3.1076911854115528
29,2,863.5,1425.0,156,True,-1.711613609573453,-1.711613609573453,-3.423227219146906
29,3,955.8333333333334,1833.0,162,True,-2.0919533866611917,-2.0919533866611917,-4.183906773322383
30,0,915.3333333333334,1778.0,163,True,-2.0208109371159435,-2.0208109371159435,-4.041621874231887
30,1,921.8333333333334,1752.0,161,True,-2.0053456804965566,-2.0053456804965566,-4.010691360993113
30,2,971.6666666666666,1787.0,162,True,-2.0676612552142797,-2.0676612552142797,-4.135322510428559
30,3,840.6666666666667,1443.0,156,True,-1.7093340793100564,-1.7093340793100564,-3.418668158620113
31,0,829.8333333333334,1557.0,159,True,-1.7896573006537027,-1.7896573006537027,-3.5793146013074053
31,1,762.6666666666667,1128.0,151,True,-1.410934140602989,-1.410934140602989,-2.821868281205978
31,2,919.0,1551.0,158,True,-1.8481862643550233,-1.8481862643550233,-3.6963725287100466
31,3,811.8333333333334,1132.0,153,True,-1.4488485032315594,-1.4488485032315594,-2.897697006463119
32,0,815.5,1430.0,155,True,-1.6814727691043707,-1.6814727691043707,-3.3629455382087414
32,1,912.6666666666667,1682.0,161,True,-1.9448193654864694,-1.9448193654864694,-3.8896387309729388
32,2,802.5,1043.0,149,True,-1.3735379793713194,-1.3735379793713194,-2.7470759587426388
32,3,831.8333333333334,1494.0,156,True,-1.74244410944142,-1.74244410944142,-3.48488821888284
33,0,747.8333333333334,989.0,150,True,-1.293132605814659,-1.293132605814659,-2.586265211629318
33,1,753.9999999999999,1073.0,150,True,-1.3623405370526647,-1.3623405370526647,-2.7246810741053293
33,2,917.5,1740.0,161,True,-1.993013371195343,-1.993013371195343,-3.986026742390686
33,3,758.6666666666667,1214.0,152,True,-1.4744844134173656,-1.4744844134173656,-2.948968826834731
34,0,904.5,1781.0,161,True,-2.0154529542913155,-2.0154529542913155,-4.030905908582631
34,1,885.4999999999999,1510.0,157,True,-1.7928088381565186,-1.7928088381565186,-3.585617676313037
34,2,916.8333333333333,1683.0,160,True,-1.9485426878595684,-1.9485426878595684,-3.897085375719137
34,3,774.5,964.0,146,True,-1.2927241229584883,-1.2927241229584883,-2.5854482459169765
35,0,825.6666666666666,1277.0,154,True,-1.5705731137495358,-1.5705731137495358,-3.1411462274990716
35,1,903.0,1674.0,159,True,-1.9317968500162352,-1.9317968500162352,-3.8635937000324705
35,2,903.8333333333334,1627.0,159,True,-1.896107705150833,-1.896107705150833,-3.792215410301666
35,3,940.6666666666666,1670.0,159,True,-1.9553900725361215,-1.9553900725361215,-3.910780145072243
36,0,811.8333333333333,1287.0,154,True,-1.5684934279710434,-1.5684934279710434,-3.136986855942087
36,1,702.8333333333334,1131.0,151,True,-1.3708674628961217,-1.3708674628961217,-2.7417349257922434
36,2,853.6666666666667,1583.0,158,True,-1.8266088922001897,-1.8266088922001897,-3.6532177844003795
36,3,762.5,1433.0,154,True,-1.6462464195953663,-1.6462464195953663,-3.2924928391907327
37,0,709.3333333333333,681.0,144,True,-1.0281154444087297,-1.0281154444087297,-2.0562308888174594
37,1,788.5,922.0,148,True,-1.2702209778341438,-1.2702209778341438,-2.5404419556682876
37,2,848.8333333333333,1311.0,155,True,-1.6132277000768047,-1.6132277000768047,-3.2264554001536094
37,3,807.5,1268.0,153,True,-1.5507577994880453,-1.5507577994880453,-3.1015155989760905
38,0,908.3333333333334,1711.0,159,True,-1.9641350685357006,-1.9641350685357006,-3.9282701370714013
38,1,866.6666666666667,1208.0,153,True,-1.5463537938591383,-1.5463537938591383,-3.0927075877182766
38,2,887.0,1470.0,157,True,-1.762995239614153,-1.762995239614153,-3.525990479228306
38,3,854.5,1318.0,154,True,-1.6226449499592561,-1.6226449499592561,-3.2452898999185122
39,0,833.8333333333334,1398.0,154,True,-1.6697581278007305,-1.6697581278007305,-3.339516255601461
39,1,887.8333333333333,1424.0,156,True,-1.7280779974890037,-1.7280779974890037,-3.4561559949780074
39,2,913.5,1639.0,158,True,-1.9122178315820857,-1.9122178315820857,-3.8244356631641714
39,3,787.5,926.0,148,True,-1.2726002480832805,-1.2726002480832805,-2.545200496166561
40,0,955.5,1840.0,161,True,-2.097120592272346,-2.097120592272346,-4.194241184544692
40,1,992.8333333333333,1925.0,163,True,-2.189177045104276,-2.189177045104276,-4.378354090208552
40,2,847.5,1174.0,154,True,-1.5065325703793977,-1.5065325703793977,-3.0130651407587954
40,3,924.8333333333333,1522.0,158,True,-1.8299330723736162,-1.8299330723736162,-3.6598661447472325
41,0,767.6666666666667,1029.0,148,True,-1.3380574728771828,-1.3380574728771828,-2.6761149457543656
41,1,880.8333333333334,1758.0,161,True,-1.9809351277509055,-1.9809351277509055,-3.961870255501811
41,2,977.8333333333333,1909.0,163,True,-2.166201490581965,-2.166201490581965,-4.33240298116393
41,3,885.9999999999999,1580.0,159,True,-1.8471962003302909,-1.8471962003302909,-3.6943924006605817
42,0,876.8333333333334,1285.0,154,True,-1.61299176876289,-1.61299176876289,-3.22598353752578
42,1,889.8333333333334,1539.0,158,True,-1.8182634940420623,-1.8182634940420623,-3.6365269880841247
42,2,878.4999999999999,1673.0,160,True,-1.9136705998348618,-1.9136705998348618,-3.8273411996697235
42,3,884.6666666666667,1531.0,158,True,-1.8084285117752985,-1.8084285117752985,-3.616857023550597
43,0,801.8333333333333,1406.0,155,True,-1.6532664469425307,-1.6532664469425307,-3.3065328938850613
43,1,802.6666666666667,1421.0,155,True,-1.6654352719729202,-1.6654352719729202,-3.3308705439458404
43,2,869.8333333333334,1512.0,157,True,-1.783255305817536,-1.783255305817536,-3.566510611635072
43,3,781.8333333333333,857.0,147,True,-1.2153250283050374,-1.2153250283050374,-2.430650056610075
44,0,863.5,1573.0,158,True,-1.8258552151311518,-1.8258552151311518,-3.6517104302623036
44,1,804.6666666666667,959.0,150,True,-1.3102328873990015,-1.3102328873990015,-2.620465774798003
44,2,747.3333333333334,844.0,148,True,-1.1808525381217823,-1.1808525381217823,-2.3617050762435645
44,3,767.5,983.0,149,True,-1.3024318900401513,-1.3024318900401513,-2.6048637800803025
45,0,894.6666666666667,1565.0,158,True,-1.8417566120627835,-1.8417566120627835,-3.683513224125567
45,1,777.6666666666666,1335.0,153,True,-1.581343118513954,-1.581343118513954,-3.162686237027908
45,2,927.1666666666666,1881.0,161,True,-2.1086989511194565,-2.1086989511194565,-4.217397902238913
45,3,970.8333333333334,1801.0,161,True,-2.077877609651277,-2.077877609651277,-4.155755219302554
46,0,854.3333333333334,1658.0,158,True,-1.8849738248605477,-1.8849738248605477,-3.7699476497210953
46,1,772.6666666666667,1002.0,148,True,-1.3207578024497175,-1.3207578024497175,-2.641515604899435
46,2,862.5,1284.0,153,True,-1.602066982485655,-1.602066982485655,-3.20413396497131
46,3,877.8333333333334,1274.0,155,True,-1.6052091793319705,-1.6052091793319705,-3.210418358663941
47,0,694.8333333333333,884.0,148,True,-1.1745407603581446,-1.1745407603581446,-2.349081520716289
47,1,818.5,992.0,150,True,-1.3455043910084474,-1.3455043910084474,-2.691008782016895
47,2,683.8333333333333,943.0,148,True,-1.2122912742024672,-1.2122912742024672,-2.4245825484049344
47,3,866.4999999999999,1473.0,157,True,-1.750789963241327,-1.750789963241327,-3.501579926482654
48,0,847.1666666666667,1737.0,158,True,-1.940877699572182,-1.940877699572182,-3.881755399144364
48,1,893.8333333333334,1548.0,157,True,-1.828043981551884,-1.828043981551884,-3.656087963103768
48,2,840.5,1327.0,152,True,-1.619675304655194,-1.619675304655194,-3.239350609310388
48,3,705.5,925.0,147,True,-1.2137444069686676,-1.2137444069686676,-2.427488813937335
49,0,956.0,1793.0,161,True,-2.061195333836316,-2.061195333836316,-4.122390667672632
49,1,867.3333333333333,1324.0,153,True,-1.636366738869941,-1.636366738869941,-3.272733477739882
49,2,700.3333333333334,928.0,148,True,-1.2124003548447062,-1.2124003548447062,-2.4248007096894124
49,3,816.6666666666667,1147.0,152,True,-1.4638506911094793,-1.4638506911094793,-2.9277013822189586
50,0,772.8333333333334,1076.0,150,True,-1.3779966620138806,-1.3779966620138806,-2.755993324027761
50,1,913.1666666666666,1746.0,159,True,-1.9945753112187132,-1.9945753112187132,-3.9891506224374265
50,2,734.6666666666667,1046.0,150,True,-1.3278045759693933,-1.3278045759693933,-2.6556091519387865
50,3,759.1666666666666,1115.0,152,True,-1.3984202124880887,-1.3984202124880887,-2.7968404249761774
51,0,714.8333333333334,1099.0,152,True,-1.3546666637505598,-1.3546666637505598,-2.7093333275011195
51,1,845.5,1210.0,152,True,-1.5329043876048032,-1.5329043876048032,-3.0658087752096064
51,2,776.6666666666666,1026.0,150,True,-1.3421168310633604,-1.3421168310633604,-2.684233662126721
51,3,797.5,1291.0,154,True,-1.56142815539508,-1.56142815539508,-3.12285631079016
52,0,789.3333333333334,880.0,148,True,-1.2383913466700143,-1.2383913466700143,-2.4767826933400285
52,1,806.3333333333334,1286.0,154,True,-1.5638256513154345,-1.5638256513154345,-3.127651302630869
52,2,749.5,846.0,148,True,-1.1839310818113702,-1.1839310818113702,-2.3678621636227404
52,3,674.8333333333334,747.0,145,True,-1.0546232707055985,-1.0546232707055985,-2.109246541411197
53,0,766.5,916.0,148,True,-1.2500060657312024,-1.2500060657312024,-2.500012131462405
53,1,761.5,990.0,149,True,-1.3035851649506405,-1.3035851649506405,-2.607170329901281
53,2,790.9999999999999,1366.0,154,True,-1.6147166462869489,-1.6147166462869489,-3.2294332925738978
53,3,866.0,1305.0,154,True,-1.6207561325225917,-1.6207561325225917,-3.2415122650451833
54,0,767.8333333333334,1072.0,150,True,-1.37136734749345,-1.37136734749345,-2.7427346949869
54,1,705.8333333333334,1007.0,149,True,-1.277276545240183,-1.277276545240183,-2.554553090480366
54,2,693.5,1014.0,149,True,-1.2739436623087492,-1.2739436623087492,-2.5478873246174985
54,3,727.6666666666667,1104.0,151,True,-1.367616549920991,-1.367616549920991,-2.735233099841982
55,0,716.5,706.0,145,True,-1.0524894546835888,-1.0524894546835888,-2.1049789093671776
55,1,754.8333333333334,1006.0,149,True,-1.3112133373821662,-1.3112133373821662,-2.6224266747643323
55,2,781.6666666666667,935.0,148,True,-1.275415385259592,-1.275415385259592,-2.550830770519184
55,3,761.5,798.0,147,True,-1.1553798388217325,-1.1553798388217325,-2.310759677643465
56,0,794.8333333333334,1235.0,153,True,-1.5163126933757953,-1.5163126933757953,-3.0326253867515907
56,1,879.6666666666666,1610.0,158,True,-1.8658671246960108,-1.8658671246960108,-3.7317342493920216
56,2,763.8333333333333,847.0,147,True,-1.1948558680886063,-1.1948558680886063,-2.3897117361772127
56,3,755.5,918.0,147,True,-1.2437581233810053,-1.2437581233810053,-2.4875162467620107
57,0,748.8333333333334,886.0,148,True,-1.2143349642803047,-1.2143349642803047,-2.4286699285606095
57,1,782.3333333333333,1173.0,151,True,-1.4596004645814729,-1.4596004645814729,-2.9192009291629457
57,2,805.5,861.0,147,True,-1.2351767027806067,-1.2351767027806067,-2.4703534055612133
57,3,705.5,1073.0,150,True,-1.3279860125263676,-1.3279860125263676,-2.655972025052735
58,0,692.5,1018.0,149,True,-1.2763229325578855,-1.2763229325578855,-2.552645865115771
58,1,812.5,1294.0,153,True,-1.5743689742940798,-1.5743689742940798,-3.1487379485881597
58,2,783.5,1158.0,152,True,-1.448848320974847,-1.448848320974847,-2.897696641949694
58,3,796.6666666666667,1160.0,151,True,-1.4597186124951425,-1.4597186124951425,-2.919437224990285
59,0,856.8333333333334,1570.0,157,True,-1.8188172354978387,-1.8188172354978387,-3.6376344709956774
59,1,737.8333333333334,671.0,144,True,-1.0405841272948315,-1.0405841272948315,-2.081168254589663
59,2,812.5,1110.0,150,True,-1.4323388700872106,-1.4323388700872106,-2.8646777401744212
59,3,721.1666666666666,1042.0,150,True,-1.3151543653979623,-1.3151543653979623,-2.6303087307959245
60,0,806.5,1185.0,152,True,-1.485981531335021,-1.485981531335021,-2.971963062670042
60,1,736.5,874.0,148,True,-1.196335929284031,-1.196335929284031,-2.392671858568062
60,2,755.5,1039.0,150,True,-1.3371583549518276,-1.3371583549518276,-2.674316709903655
60,3,848.8333333333334,1438.0,157,True,-1.7112593480891554,-1.7112593480891554,-3.4225186961783107
61,0,696.8333333333334,901.0,148,True,-1.1890797883662394,-1.1890797883662394,-2.378159576732479
61,1,715.5,693.0,145,True,-1.0417463783483947,-1.0417463783483947,-2.0834927566967893
61,2,806.8333333333334,1335.0,154,True,-1.6020030559438576,-1.6020030559438576,-3.2040061118877152
61,3,788.5,982.0,149,True,-1.3165351422494276,-1.3165351422494276,-2.633070284498855
62,0,745.5,816.0,147,True,-1.1579406367561993,-1.1579406367561993,-2.3158812735123986
62,1,751.5,1118.0,151,True,-1.3953053085844214,-1.3953053085844214,-2.7906106171688427
62,2,815.5,1278.0,154,True,-1.5641435525856522,-1.5641435525856522,-3.1282871051713044
62,3,760.5,880.0,148,True,-1.2179675228107374,-1.2179675228107374,-2.435935045621475
63,0,641.1666666666666,816.0,146,True,-1.0840370891498003,-1.0840370891498003,-2.1680741782996007
63,1,763.8333333333334,1136.0,152,True,-1.4179357600222224,-1.4179357600222224,-2.835871520044445
63,2,726.5,746.0,146,True,-1.090448971412602,-1.090448971412602,-2.180897942825204
63,3,717.5,942.0,149,True,-1.2353668420955872,-1.2353668420955872,-2.4707336841911745
64,0,751.5,765.0,146,True,-1.1228236412745025,-1.1228236412745025,-2.245647282549005
64,1,689.5,675.0,145,True,-1.0094352705148668,-1.0094352705148668,-2.0188705410297336
64,2,796.5,1168.0,152,True,-1.4657757776318663,-1.4657757776318663,-2.9315515552637326
64,3,741.3333333333334,1006.0,150,True,-1.3016507377717537,-1.3016507377717537,-2.6033014755435073
65,0,788.0,1467.0,157,True,-1.6905538009170291,-1.6905538009170291,-3.3811076018340582
65,1,764.5,1031.0,149,True,-1.3373581994367312,-1.3373581994367312,-2.6747163988734624
65,2,780.5,787.0,146,True,-1.1603473822046964,-1.1603473822046964,-2.3206947644093927
65,3,839.5,1024.0,150,True,-1.3850804336461295,-1.3850804336461295,-2.770160867292259
66,0,675.5,682.0,145,True,-1.004921819730296,-1.004921819730296,-2.009843639460592
66,1,690.8333333333334,838.0,147,True,-1.1361998714588977,-1.1361998714588977,-2.2723997429177953
66,2,750.6666666666667,1184.0,152,True,-1.4456606055146646,-1.4456606055146646,-2.891321211029329
66,3,858.8333333333334,1467.0,157,True,-1.7407279346753672,-1.7407279346753672,-3.4814558693507345
67,0,712.6666666666667,813.0,147,True,-1.1323677418286289,-1.1323677418286289,-2.2647354836572577
67,1,731.5,815.0,147,True,-1.1472519640495904,-1.1472519640495904,-2.294503928099181
67,2,759.5,1145.0,152,True,-1.421813408266358,-1.421813408266358,-2.843626816532716
67,3,712.6666666666667,832.0,147,True,-1.147033893893468,-1.147033893893468,-2.294067787786936
68,0,794.5,1239.0,153,True,-1.5191641907661868,-1.5191641907661868,-3.0383283815323736
68,1,793.6666666666667,1245.0,153,True,-1.5232053232811473,-1.5232053232811473,-3.0464106465622947
68,2,797.6666666666667,1188.0,152,True,-1.482040229934157,-1.482040229934157,-2.964080459868314
68,3,715.5,772.0,146,True,-1.1027266948285186,-1.1027266948285186,-2.205453389657037
69,0,746.1666666666666,1094.0,151,True,-1.3730018256882681,-1.3730018256882681,-2.7460036513765362
69,1,780.3333333333333,1144.0,153,True,-1.4357986036903208,-1.4357986036903208,-2.8715972073806415
69,2,762.5,992.0,149,True,-1.3058373111430317,-1.3058373111430317,-2.6116746222860634
69,3,743.5,959.0,149,True,-1.26690604718886,-1.26690604718886,-2.53381209437772
70,0,725.5,885.0,148,True,-1.197035111596127,-1.197035111596127,-2.394070223192254
70,1,739.5,765.0,146,True,-1.1143235527319137,-1.1143235527319137,-2.2286471054638275
70,2,691.5,792.0,147,True,-1.101164572548435,-1.101164572548435,-2.20232914509687
70,3,708.6666666666667,1150.0,152,True,-1.3896656024469427,-1.3896656024469427,-2.7793312048938854
71,0,676.5,739.0,146,True,-1.0496286166366982,-1.0496286166366982,-2.0992572332733963
71,1,722.5,949.0,149,True,-1.2443118648367821,-1.2443118648367821,-2.4886237296735643
71,2,707.6666666666667,893.0,148,True,-1.190578257489595,-1.190578257489595,-2.38115651497919
71,3,695.5,865.0,147,True,-1.1603468354345599,-1.1603468354345599,-2.3206936708691197
72,0,733.5,875.0,148,True,-1.194982809888639,-1.194982809888639,-2.389965619777278
72,1,818.6666666666666,1338.0,154,True,-1.6127007959218969,-1.6127007959218969,-3.2254015918437937
72,2,707.6666666666666,884.0,147,True,-1.1836311328273021,-1.1836311328273021,-2.3672622656546043
72,3,717.5,746.0,146,True,-1.0840739050056605,-1.0840739050056605,-2.168147810011321
73,0,800.3333333333333,1202.0,152,True,-1.494735776862743,-1.494735776862743,-2.989471553725486
73,1,720.8333333333334,892.0,148,True,-1.1991328407891257,-1.1991328407891257,-2.3982656815782515
73,2,735.3333333333334,1085.0,151,True,-1.3583810099805829,-1.3583810099805829,-2.7167620199611657
73,3,745.5,979.0,149,True,-1.2837607834177196,-1.2837607834177196,-2.567521566835439
74,0,764.5,1076.0,151,True,-1.372093822748194,-1.372093822748194,-2.744187645496388
74,1,791.6666666666667,1260.0,153,True,-1.5333671829612026,-1.5333671829612026,-3.066734365922405
74,2,796.6666666666667,1271.0,154,True,-1.5453998166634169,-1.5453998166634169,-3.0907996333268337
74,3,705.5,842.0,147,True,-1.1496764795275252,-1.1496764795275252,-2.2993529590550503
75,0,728.5,948.0,149,True,-1.247790006367822,-1.247790006367822,-2.495580012735644
75,1,767.5,1133.0,150,True,-1.4182173010783603,-1.4182173010783603,-2.8364346021567206
75,2,743.5,794.0,145,True,-1.1395420950468302,-1.1395420950468302,-2.2790841900936605
75,3,798.5,1144.0,151,True,-1.4486667932895176,-1.4486667932895176,-2.8973335865790353
76,0,816.5,1191.0,153,True,-1.4976963548953728,-1.4976963548953728,-2.9953927097907456
76,1,781.8333333333334,1187.0,152,True,-1.470052932589097,-1.470052932589097,-2.940105865178194
76,2,720.5,892.0,147,True,-1.1988967272184983,-1.1988967272184983,-2.3977934544369965
76,3,730.5,1145.0,152,True,-1.401271527621768,-1.401271527621768,-2.802543055243536
77,0,814.0,1359.0,155,True,-1.6256051634784616,-1.6256051634784616,-3.2512103269569232
77,1,828.6666666666666,1367.0,154,True,-1.642169382508108,-1.642169382508108,-3.284338765016216
77,2,728.8333333333333,979.0,148,True,-1.2719551048863456,-1.2719551048863456,-2.543910209772691
77,3,712.5,842.0,147,True,-1.154634864510702,-1.154634864510702,-2.309269729021404
78,0,755.6666666666667,1211.0,152,True,-1.4700436830609545,-1.4700436830609545,-2.940087366121909
78,1,743.6666666666667,1063.0,151,True,-1.3473019889606654,-1.3473019889606654,-2.694603977921331
78,2,699.5,835.0,147,True,-1.1400231160744476,-1.1400231160744476,-2.2800462321488952
78,3,759.5,835.0,147,True,-1.1825235587873923,-1.1825235587873923,-2.3650471175747847
79,0,698.8333333333333,618.0,144,True,-0.9720479942979164,-0.9720479942979164,-1.9440959885958329
79,1,696.8333333333334,905.0,148,True,-1.1921673993272588,-1.1921673993272588,-2.3843347986545176
79,2,723.5,907.0,148,True,-1.2126002904579658,-1.2126002904579658,-2.4252005809159316
79,3,707.5,821.0,147,True,-1.1348832034059406,-1.1348832034059406,-2.2697664068118812
80,0,728.5,828.0,147,True,-1.1551616775372548,-1.1551616775372548,-2.3103233550745097
80,1,730.8333333333334,1175.0,153,True,-1.4246647234000374,-1.4246647234000374,-2.8493294468000747
80,2,797.6666666666667,1243.0,153,True,-1.524494880648167,-1.524494880648167,-3.048989761296334
80,3,723.5,802.0,147,True,-1.1315505027312196,-1.1315505027312196,-2.263101005462439
81,0,674.5,923.0,147,True,-1.1902420394198032,-1.1902420394198032,-2.3804840788396064
81,1,772.5,1349.0,154,True,-1.5884899965327939,-1.5884899965327939,-3.1769799930655878
81,2,794.5,1424.0,155,True,-1.661966197713312,-1.661966197713312,-3.323932395426624
81,3,852.0,1570.0,158,True,-1.815393588723741,-1.815393588723741,-3.630787177447482
82,0,772.8333333333334,1102.0,151,True,-1.3980661332605038,-1.3980661332605038,-2.7961322665210075
82,1,843.5,1492.0,157,True,-1.7491642789328714,-1.7491642789328714,-3.498328557865743
82,2,974.5,1976.0,164,True,-2.215557838472756,-2.215557838472756,-4.431115676945512
82,3,797.6666666666666,1453.0,155,True,-1.6865944561016601,-1.6865944561016601,-3.3731889122033203
83,0,741.8333333333334,1191.0,152,True,-1.4448069150748197,-1.4448069150748197,-2.8896138301496395
83,1,697.6666666666666,1005.0,149,True,-1.2699479572793002,-1.2699479572793002,-2.5398959145586004
83,2,753.6666666666666,1079.0,151,True,-1.3667358399235654,-1.3667358399235654,-2.733471679847131
83,3,867.3333333333334,1198.0,153,True,-1.5391069935978456,-1.5391069935978456,-3.0782139871956913
84,0,845.5,1440.0,156,True,-1.7104420178633908,-1.7104420178633908,-3.4208840357267816
84,1,852.6666666666666,1409.0,156,True,-1.6915894746839846,-1.6915894746839846,-3.383178949367969
84,2,807.5,1449.0,157,True,-1.6904721954741513,-1.6904721954741513,-3.3809443909483026
84,3,840.6666666666666,1405.0,154,True,-1.6800017751803769,-1.6800017751803769,-3.3600035503607537
85,0,845.5,1388.0,155,True,-1.6703030753701447,-1.6703030753701447,-3.3406061507402893
85,1,684.6666666666667,765.0,146,True,-1.0754828703636943,-1.0754828703636943,-2.1509657407273886
85,2,696.8333333333334,897.0,148,True,-1.185992177405221,-1.185992177405221,-2.371984354810442
85,3,729.6666666666667,866.0,148,True,-1.1853203791641302,-1.1853203791641302,-2.3706407583282605
86,0,677.8333333333334,689.0,145,True,-1.0119779339064716,-1.0119779339064716,-2.0239558678129432
86,1,714.5,980.0,149,True,-1.2625741240896193,-1.2625741240896193,-2.5251482481792387
86,2,781.6666666666667,1068.0,151,True,-1.3780784497134708,-1.3780784497134708,-2.7561568994269416
86,3,774.5,1220.0,153,True,-1.490331224463699,-1.490331224463699,-2.980662448927398
87,0,666.5,737.0,145,True,-1.0410014040373645,-1.0410014040373645,-2.082002808074729
87,1,757.8333333333334,835.0,146,True,-1.1813429909342552,-1.1813429909342552,-2.3626859818685104
87,2,691.6666666666667,736.0,145,True,-1.058056075879484,-1.058056075879484,-2.116112151758968
87,3,750.1666666666666,1105.0,151,True,-1.3843261186785998,-1.3843261186785998,-2.7686522373571996
88,0,692.8333333333334,875.0,147,True,-1.1661769542720872,-1.1661769542720872,-2.3323539085441745
88,1,653.6666666666667,586.0,144,True,-0.915353717789743,-0.915353717789743,-1.830707435579486
88,2,732.8333333333334,859.0,148,True,-1.182160138903308,-1.182160138903308,-2.364320277806616
88,3,755.6666666666667,776.0,146,True,-1.1342659910501478,-1.1342659910501478,-2.2685319821002956
89,0,772.6666666666666,979.0,150,True,-1.3030040394238582,-1.3030040394238582,-2.6060080788477165
89,1,671.5,632.0,144,True,-0.9634933198700301,-0.9634933198700301,-1.9269866397400601
89,2,758.5,910.0,149,True,-1.239707923594615,-1.239707923594615,-2.47941584718923
89,3,775.5,1187.0,152,True,-1.4655667747471748,-1.4655667747471748,-2.9311335494943496
90,0,691.8333333333334,833.0,147,True,-1.1330486984695063,-1.1330486984695063,-2.2660973969390126
90,1,715.8333333333334,698.0,145,True,-1.045842005620296,-1.045842005620296,-2.091684011240592
90,2,718.5,779.0,146,True,-1.110255036145949,-1.110255036145949,-2.220510072291898
90,3,724.5,775.0,145,True,-1.1114174694562242,-1.1114174694562242,-2.2228349389124484
91,0,728.5,746.0,146,True,-1.0918656528363668,-1.0918656528363668,-2.1837313056727337
91,1,746.6666666666667,794.0,147,True,-1.1417851739677911,-1.1417851739677911,-2.2835703479355822
91,2,745.3333333333333,1006.0,149,True,-1.3044841006192833,-1.3044841006192833,-2.6089682012385667
91,3,748.5,1051.0,150,True,-1.3414628028517075,-1.3414628028517075,-2.682925605703415
92,0,671.5,739.0,146,True,-1.046086913077286,-1.046086913077286,-2.092173826154572
92,1,694.5,789.0,146,True,-1.1009738864633178,-1.1009738864633178,-2.2019477729266357
92,2,763.8333333333334,890.0,148,True,-1.2280476859195595,-1.2280476859195595,-2.456095371839119
92,3,832.6666666666667,1684.0,160,True,-1.8896959140163867,-1.8896959140163867,-3.7793918280327734
93,0,880.8333333333334,1606.0,159,True,-1.863605911232187,-1.863605911232187,-3.727211822464374
93,1,744.8333333333334,1223.0,153,True,-1.4716328248986181,-1.4716328248986181,-2.9432656497972363
93,2,725.5,897.0,147,True,-1.2062979444791833,-1.2062979444791833,-2.4125958889583665
93,3,889.1666666666666,1491.0,153,True,-1.7807399353685809,-1.7807399353685809,-3.5614798707371618
94,0,845.8333333333334,1227.0,152,True,-1.5462628477597609,-1.5462628477597609,-3.0925256955195217
94,1,805.8333333333334,1308.0,154,True,-1.5804533412450972,-1.5804533412450972,-3.1609066824901944
94,2,783.3333333333334,1545.0,156,True,-1.747456624668113,-1.747456624668113,-3.494913249336226
94,3,800.6666666666667,1500.0,156,True,-1.7249989070292788,-1.7249989070292788,-3.4499978140585577
95,0,925.8333333333334,1920.0,163,True,-2.137858703706881,-2.137858703706881,-4.275717407413762
95,1,932.8333333333334,1916.0,160,True,-2.1397294777290385,-2.1397294777290385,-4.279458955458077
95,2,776.5,1095.0,150,True,-1.3952600633556222,-1.3952600633556222,-2.7905201267112445
95,3,803.3333333333333,1172.0,152,True,-1.4737037167907483,-1.4737037167907483,-2.9474074335814966
96,0,782.6666666666667,1287.0,154,True,-1.5478334905411388,-1.5478334905411388,-3.0956669810822777
96,1,828.8333333333334,1531.0,158,True,-1.7688794886951975,-1.7688794886951975,-3.537758977390395
96,2,777.5,1339.0,154,True,-1.5843126726896593,-1.5843126726896593,-3.1686253453793185
96,3,945.8333333333334,2113.0,164,True,-2.3010027468136913,-2.3010027468136913,-4.602005493627383
97,0,960.6666666666667,2034.0,164,True,-2.25052948422649,-2.25052948422649,-4.50105896845298
97,1,983.1666666666667,2335.0,169,True,-2.4988098750605174,-2.4988098750605174,-4.997619750121035
97,2,971.8333333333333,1889.0,161,True,-2.146513391505575,-2.146513391505575,-4.29302678301115
97,3,970.3333333333334,2383.0,170,True,-2.5267708341235866,-2.5267708341235866,-5.053541668247173
98,0,778.5,1513.0,158,True,-1.7193320902058638,-1.7193320902058638,-3.4386641804117275
98,1,902.1666666666666,1775.0,161,True,-2.0091687428553944,-2.0091687428553944,-4.018337485710789
98,2,817.1666666666666,1484.0,157,True,-1.7243360849312632,-1.7243360849312632,-3.4486721698625264
98,3,896.3333333333334,1588.0,158,True,-1.8606909429417795,-1.8606909429417795,-3.721381885883559
99,0,926.5,1651.0,160,True,-1.9306890937196144,-1.9306890937196144,-3.861378187439229
99,1,757.5,1154.0,150,True,-1.427343851504886,-1.427343851504886,-2.854687703009772
99,2,957.6666666666666,1498.0,154,True,-1.8346645933143089,-1.8346645933143089,-3.6693291866286177
99,3,941.1666666666666,1767.0,157,True,-2.030618808696771,-2.030618808696771,-4.061237617393542
100,0,1016.3333333333334,2130.0,168,True,-2.3640631135857313,-2.3640631135857313,-4.728126227171463
100,1,941.9999999999999,1704.0,157,True,-1.982579219987292,-1.982579219987292,-3.965158439974584
100,2,801.1666666666667,1299.0,154,True,-1.5702006265940196,-1.5702006265940196,-3.140401253188039
100,3,1086.1666666666665,2104.0,162,True,-2.3934594353855645,-2.3934594353855645,-4.786918870771129
101,0,927.8333333333333,1250.0,152,True,-1.6221005491599771,-1.6221005491599771,-3.2442010983199543
101,1,761.1666666666666,1279.0,154,True,-1.5264289433136289,-1.5264289433136289,-3.0528578866272578
101,2,764.5,1096.0,152,True,-1.3875318775532888,-1.3875318775532888,-2.7750637551065775
101,3,702.5,887.0,148,True,-1.1822870807033405,-1.1822870807033405,-2.364574161406681
102,0,780.8333333333334,999.0,150,True,-1.324226876709326,-1.324226876709326,-2.648453753418652
102,1,707.5,834.0,146,True,-1.1449179390292519,-1.1449179390292519,-2.2898358780585037
102,2,806.6666666666667,1299.0,153,True,-1.5740965005093732,-1.5740965005093732,-3.1481930010187464
102,3,755.8333333333334,1174.0,151,True,-1.4416013384568427,-1.4416013384568427,-2.8832026769136854
103,0,731.8333333333334,1134.0,151,True,-1.3937250517614759,-1.3937250517614759,-2.7874501035229517
103,1,842.3333333333334,1565.0,154,True,-1.8046867814742698,-1.8046867814742698,-3.6093735629485395
103,2,761.8333333333334,1064.0,149,True,-1.360942081300117,-1.360942081300117,-2.721884162600234
103,3,816.6666666666667,1552.0,156,True,-1.7764713009126436,-1.7764713009126436,-3.552942601825287
104,0,785.8333333333333,916.0,148,True,-1.2637006528275958,-1.2637006528275958,-2.5274013056551916
104,1,823.6666666666667,1425.0,155,True,-1.6833980378834703,-1.6833980378834703,-3.3667960757669406
104,2,666.6666666666667,921.0,147,True,-1.1831495650295485,-1.1831495650295485,-2.366299130059097
104,3,831.8333333333333,1408.0,154,True,-1.6760604737795126,-1.6760604737795126,-3.3521209475590252
105,0,834.0,1472.0,155,True,-1.7269969873648947,-1.7269969873648947,-3.4539939747297894
105,1,800.5,1049.0,150,True,-1.3767527143890828,-1.3767527143890828,-2.7535054287781655
105,2,786.6666666666667,1112.0,149,True,-1.4155838738440911,-1.4155838738440911,-2.8311677476881822
105,3,699.6666666666667,910.0,147,True,-1.1980338783788655,-1.1980338783788655,-2.396067756757731
106,0,784.8333333333334,1044.0,150,True,-1.3617958628683189,-1.3617958628683189,-2.7235917257366378
106,1,774.8333333333333,1297.0,152,True,-1.5500038490339398,-1.5500038490339398,-3.1000076980678797
106,2,833.8333333333334,1632.0,157,True,-1.8503833690203377,-1.8503833690203377,-3.7007667380406755
106,3,813.8333333333334,1441.0,155,True,-1.6887831313940351,-1.6887831313940351,-3.3775662627880703
107,0,777.5,1288.0,153,True,-1.544945632936667,-1.544945632936667,-3.089891265873334
107,1,877.6666666666666,1659.0,157,True,-1.902273677544726,-1.902273677544726,-3.804547355089452
107,2,806.5,988.0,149,True,-1.3339166915048395,-1.3339166915048395,-2.667833383009679
107,3,816.5,1516.0,156,True,-1.7485647454781588,-1.7485647454781588,-3.4971294909563175
108,0,803.5,1204.0,153,True,-1.498522661264213,-1.498522661264213,-2.997045322528426
108,1,816.5,1416.0,154,True,-1.6713744714526872,-1.6713744714526872,-3.3427489429053745
108,2,731.6666666666666,933.0,147,True,-1.2384545441849617,-1.2384545441849617,-2.4769090883699234
108,3,748.6666666666667,849.0,147,True,-1.185656506105566,-1.185656506105566,-2.371313012211132
109,0,700.8333333333333,836.0,146,True,-1.1417394730972124,-1.1417394730972124,-2.2834789461944247
109,1,764.8333333333334,1346.0,154,True,-1.580743676187598,-1.580743676187598,-3.161487352375196
109,2,830.8333333333334,1393.0,155,True,-1.6637735919638097,-1.6637735919638097,-3.3275471839276194
109,3,803.5,1476.0,156,True,-1.7084802066134992,-1.7084802066134992,-3.4169604132269984
110,0,699.5,900.0,148,True,-1.190196794191005,-1.190196794191005,-2.38039358838201
110,1,725.5,689.0,145,True,-1.0457421745062,-1.0457421745062,-2.0914843490124
110,2,811.8333333333333,849.0,147,True,-1.2304000277394718,-1.2304000277394718,-2.4608000554789435
110,3,678.5,867.0,148,True,-1.1498488488130678,-1.1498488488130678,-2.2996976976261356
111,0,675.8333333333334,1012.0,148,True,-1.259885837584984,-1.259885837584984,-2.519771675169968
111,1,732.8333333333334,912.0,147,True,-1.2230709841368086,-1.2230709841368086,-2.446141968273617
111,2,798.6666666666667,1421.0,155,True,-1.662601909125391,-1.662601909125391,-3.325203818250782
111,3,683.6666666666666,855.0,147,True,-1.144245776274737,-1.144245776274737,-2.288491552549474
112,0,699.6666666666667,717.0,145,True,-1.0490566495097036,-1.0490566495097036,-2.098113299019407
112,1,745.6666666666666,1089.0,151,True,-1.3687881416310532,-1.3687881416310532,-2.7375762832621064
112,2,738.5,942.0,147,True,-1.250241997045118,-1.250241997045118,-2.500483994090236
112,3,777.3333333333334,1246.0,152,True,-1.5124076610606552,-1.5124076610606552,-3.0248153221213103
113,0,849.6666666666666,1271.0,154,True,-1.5829418743931851,-1.5829418743931851,-3.1658837487863702
113,1,765.3333333333333,1112.0,152,True,-1.4004726053239325,-1.4004726053239325,-2.800945210647865
113,2,720.8333333333334,699.0,145,True,-1.0501556119199627,-1.0501556119199627,-2.1003112238399253
113,3,726.8333333333334,931.0,148,True,-1.233487091930354,-1.233487091930354,-2.466974183860708
114,0,755.6666666666667,1261.0,153,True,-1.5086388200736909,-1.5086388200736909,-3.0172776401473818
114,1,837.6666666666666,1329.0,152,True,-1.6192121447853698,-1.6192121447853698,-3.2384242895707396
114,2,736.5,846.0,148,True,-1.1747226525568983,-1.1747226525568983,-2.3494453051137967
114,3,708.5,918.0,148,True,-1.2104661099225318,-1.2104661099225318,-2.4209322198450636
115,0,720.8333333333334,670.0,145,True,-1.0277704324525758,-1.0277704324525758,-2.0555408649051516
115,1,736.5,918.0,148,True,-1.2302996498552399,-1.2302996498552399,-2.4605992997104797
115,2,734.6666666666667,950.0,149,True,-1.2537019129049398,-1.2537019129049398,-2.5074038258098796
115,3,729.8333333333334,861.0,147,True,-1.1815789222481703,-1.1815789222481703,-2.3631578444963406
116,0,704.6666666666667,790.0,147,True,-1.108947253107711,-1.108947253107711,-2.217894506215422
116,1,693.3333333333333,999.0,150,True,-1.2622470644196149,-1.2622470644196149,-2.5244941288392297
116,2,682.6666666666667,765.0,146,True,-1.0740661889399294,-1.0740661889399294,-2.148132377879859
116,3,711.5,973.0,148,True,-1.2550457827721893,-1.2550457827721893,-2.5100915655443785
117,0,726.5,771.0,147,True,-1.1097465399189703,-1.1097465399189703,-2.2194930798379406
117,1,852.5,1411.0,156,True,-1.6930152233791806,-1.6930152233791806,-3.3860304467583613
117,2,772.8333333333334,936.0,149,True,-1.2699302783782191,-1.2699302783782191,-2.5398605567564383
117,3,703.5,762.0,145,True,-1.0865075788833822,-1.0865075788833822,-2.1730151577667645
118,0,864.8333333333334,1344.0,155,True,-1.6500339418953303,-1.6500339418953303,-3.3000678837906605
118,1,725.5,923.0,149,True,-1.2263674157258062,-1.2263674157258062,-2.4527348314516124
118,2,752.8333333333334,673.0,145,True,-1.052753043453577,-1.052753043453577,-2.105506086907154
118,3,725.5,942.0,149,True,-1.2410335677906463,-1.2410335677906463,-2.4820671355812927
119,0,676.5,735.0,146,True,-1.0465410056756792,-1.0465410056756792,-2.0930820113513584
119,1,689.5,846.0,148,True,-1.1414306390984255,-1.1414306390984255,-2.282861278196851
119,2,719.5,834.0,147,True,-1.1534180275718413,-1.1534180275718413,-2.3068360551436826
119,3,854.6666666666667,1347.0,154,True,-1.6451481862119568,-1.6451481862119568,-3.2902963724239136
120,0,768.5,1078.0,150,True,-1.3764709910762327,-1.3764709910762327,-2.7529419821524654
120,1,701.6666666666667,738.0,146,True,-1.0666832884788173,-1.0666832884788173,-2.1333665769576347
120,2,716.8333333333334,853.0,148,True,-1.1661952710716612,-1.1661952710716612,-2.3323905421433224
120,3,734.8333333333334,1119.0,151,True,-1.3842715327933022,-1.3842715327933022,-2.7685430655866043
121,0,697.5,898.0,148,True,-1.1872363072867307,-1.1872363072867307,-2.3744726145734614
121,1,697.5,778.0,147,True,-1.0946079784561633,-1.0946079784561633,-2.1892159569123266
121,2,689.8333333333334,853.0,147,True,-1.147070071850836,-1.147070071850836,-2.294140143701672
121,3,668.3333333333333,706.0,146,True,-1.018371043727919,-1.018371043727919,-2.036742087455838
122,0,826.6666666666667,1303.0,154,True,-1.591350925708041,-1.591350925708041,-3.182701851416082
122,1,710.6666666666667,893.0,148,True,-1.1927032796252421,-1.1927032796252421,-2.3854065592504843
122,2,679.5,850.0,147,True,-1.13743484294062,-1.13743484294062,-2.27486968588124
122,3,685.6666666666667,867.0,148,True,-1.1549252905815592,-1.1549252905815592,-2.3098505811631185
123,0,817.8333333333334,1550.0,158,True,-1.7757538929293304,-1.7757538929293304,-3.551507785858661
123,1,738.5,1094.0,150,True,-1.3675712135638365,-1.3675712135638365,-2.735142427127673
123,2,686.5,848.0,148,True,-1.1408494224432875,-1.1408494224432875,-2.281698844886575
123,3,729.8333333333334,1120.0,152,True,-1.3815017319741456,-1.3815017319741456,-2.763003463948291
124,0,685.6666666666667,957.0,148,True,-1.2243965372044843,-1.2243965372044843,-2.4487930744089685
124,1,699.8333333333334,863.0,147,True,-1.1618725063722075,-1.1618725063722075,-2.323745012744415
124,2,868.8333333333334,1460.0,156,True,-1.7424080226124081,-1.7424080226124081,-3.4848160452248162
124,3,668.8333333333334,720.0,146,True,-1.0295318524474266,-1.0295318524474266,-2.0590637048948532
125,0,741.8333333333334,1059.0,150,True,-1.3429157533611955,-1.3429157533611955,-2.685831506722391
125,1,696.6666666666667,713.0,145,True,-1.0438440164130371,-1.0438440164130371,-2.0876880328260743
125,2,817.5,1254.0,153,True,-1.547034568243303,-1.547034568243303,-3.094069136486606
125,3,698.3333333333334,778.0,146,True,-1.0951982623827319,-1.0951982623827319,-2.1903965247654638
126,0,713.8333333333333,875.0,148,True,-1.181052109221618,-1.181052109221618,-2.362104218443236
126,1,794.9999999999999,1321.0,155,True,-1.5828143858230157,-1.5828143858230157,-3.1656287716460314
126,2,725.8333333333334,750.0,146,True,-1.093064355232366,-1.093064355232366,-2.186128710464732
126,3,639.5,706.0,146,True,-0.9979472198686429,-0.9979472198686429,-1.9958944397372858
127,0,723.5,954.0,149,True,-1.2488797192499381,-1.2488797192499381,-2.4977594384998763
127,1,768.9999999999999,1159.0,152,True,-1.439349283392807,-1.439349283392807,-2.878698566785614
127,2,679.8333333333334,689.0,144,True,-1.0133946153302362,-1.0133946153302362,-2.0267892306604725
127,3,758.5,1136.0,152,True,-1.414157942892183,-1.414157942892183,-2.828315885784366
128,0,630.5,692.0,145,True,-0.9807655150981349,-0.9807655150981349,-1.9615310301962698
128,1,717.1666666666666,727.0,146,True,-1.0691716393701929,-1.0691716393701929,-2.1383432787403858
128,2,693.8333333333334,940.0,148,True,-1.217058973100527,-1.217058973100527,-2.434117946201054
128,3,695.8333333333334,782.0,146,True,-1.0965150215640447,-1.0965150215640447,-2.1930300431280894
129,0,698.6666666666667,731.0,146,True,-1.0591549471613875,-1.0591549471613875,-2.118309894322775
129,1,811.5,1386.0,154,True,-1.6446756856856335,-1.6446756856856335,-3.289351371371267
129,2,776.6666666666667,1259.0,153,True,-1.5219701695427117,-1.5219701695427117,-3.0439403390854234
129,3,723.6666666666667,989.0,148,True,-1.2760143719441672,-1.2760143719441672,-2.5520287438883344
130,0,692.5,983.0,149,True,-1.2493063366489703,-1.2493063366489703,-2.4986126732979406
130,1,653.8333333333334,819.0,146,True,-1.0953251130544084,-1.0953251130544084,-2.1906502261088168
130,2,714.8333333333334,935.0,148,True,-1.2280746143487844,-1.2280746143487844,-2.456149228697569
130,3,743.6666666666667,964.0,149,True,-1.2708836176754474,-1.2708836176754474,-2.541767235350895
131,0,685.0,643.0,145,True,-0.9815468496232446,-0.9815468496232446,-1.9630936992464891
131,1,788.6666666666667,1072.0,150,True,-1.386124445657667,-1.386124445657667,-2.772248891315334
131,2,707.8333333333334,789.0,147,True,-1.1104184292884172,-1.1104184292884172,-2.2208368585768343
131,3,678.5,763.0,147,True,-1.0695709638265765,-1.0695709638265765,-2.139141927653153
132,0,709.8333333333334,745.0,145,True,-1.0778713901409738,-1.0778713901409738,-2.1557427802819475
132,1,663.5,684.0,145,True,-0.9979655366682167,-0.9979655366682167,-1.9959310733364335
132,2,703.5,1048.0,150,True,-1.3072717625962342,-1.3072717625962342,-2.6145435251924685
132,3,717.8333333333334,780.0,146,True,-1.1105547117449486,-1.1105547117449486,-2.221109423489897
133,0,698.5,729.0,145,True,-1.057493084895564,-1.057493084895564,-2.114986169791128
133,1,762.6666666666667,1298.0,154,True,-1.5421576064462925,-1.5421576064462925,-3.084315212892585
133,2,684.8333333333334,713.0,146,True,-1.035461984655762,-1.035461984655762,-2.070923969311524
133,3,683.6666666666667,732.0,146,True,-1.0493017392234054,-1.0493017392234054,-2.098603478446811
134,0,702.6666666666666,783.0,147,True,-1.1021272525021628,-1.1021272525021628,-2.2042545050043256
134,1,754.8333333333334,804.0,147,True,-1.1552889838507114,-1.1552889838507114,-2.310577967701423
134,2,707.1666666666667,728.0,145,True,-1.0628601349916236,-1.0628601349916236,-2.125720269983247
134,3,685.5,965.0,149,True,-1.2304537023412083,-1.2304537023412083,-2.4609074046824166
135,0,720.5,776.0,147,True,-1.1093560093489494,-1.1093560093489494,-2.218712018697899
135,1,800.3333333333333,1384.0,155,True,-1.6352220755891034,-1.6352220755891034,-3.2704441511782067
135,2,689.5,670.0,145,True,-1.0055757568135932,-1.0055757568135932,-2.0111515136271865
135,3,687.3333333333333,901.0,148,True,-1.1823505516033566,-1.1823505516033566,-2.364701103206713
136,0,682.8333333333334,735.0,146,True,-1.0510271635176012,-1.0510271635176012,-2.1020543270352023
136,1,666.8333333333334,652.0,144,True,-0.9756257846863403,-0.9756257846863403,-1.9512515693726806
136,2,705.8333333333334,727.0,146,True,-1.0611437779688588,-1.0611437779688588,-2.1222875559377177
136,3,695.8333333333334,620.0,144,True,-0.9714667776427787,-0.9714667776427787,-1.9429335552855573
137,0,655.8333333333334,652.0,143,True,-0.9678340368556335,-0.9678340368556335,-1.935668073711267
137,1,686.8333333333334,747.0,146,True,-1.0631233592481875,-1.0631233592481875,-2.126246718496375
137,2,729.8333333333334,724.0,146,True,-1.0758282468332727,-1.0758282468332727,-2.1516564936665454
137,3,699.5,730.0,146,True,-1.058973328347701,-1.058973328347701,-2.117946656695402
138,0,653.6666666666667,681.0,145,True,-0.9886844781139421,-0.9886844781139421,-1.9773689562278842
138,1,743.9999999999999,1039.0,149,True,-1.3290124367651794,-1.3290124367651794,-2.658024873530359
138,2,781.0,1470.0,156,True,-1.6879111241546165,-1.6879111241546165,-3.375822248309233
138,3,713.8333333333334,1051.0,149,True,-1.31690699150645,-1.31690699150645,-2.6338139830129
139,0,688.6666666666667,879.0,148,True,-1.1663131456002627,-1.1663131456002627,-2.3326262912005253
139,1,673.8333333333334,957.0,148,True,-1.2160145054472091,-1.2160145054472091,-2.4320290108944183
139,2,703.6666666666667,823.0,147,True,-1.133711702824234,-1.133711702824234,-2.267423405648468
139,3,698.6666666666667,920.0,148,True,-1.2050445650695312,-1.2050445650695312,-2.4100891301390623
140,0,734.6666666666667,935.0,147,True,-1.2421233718011189,-1.2421233718011189,-2.4842467436022377
140,1,720.8333333333334,898.0,148,True,-1.2037642572306537,-1.2037642572306537,-2.4075285144613074
140,2,735.5,890.0,148,True,-1.2079780324162246,-1.2079780324162246,-2.415956064832449
140,3,639.5,698.0,144,True,-0.9917719979466048,-0.9917719979466048,-1.9835439958932095
141,0,671.3333333333333,853.0,148,True,-1.1339657686810116,-1.1339657686810116,-2.2679315373620232
141,1,676.1666666666666,695.0,145,True,-1.0154287824948622,-1.0154287824948622,-2.0308575649897245
141,2,707.6666666666667,1002.0,149,True,-1.27471565617736,-1.27471565617736,-2.54943131235472
141,3,720.8333333333334,670.0,145,True,-1.0277704324525756,-1.0277704324525756,-2.055540864905151
142,0,722.8333333333334,928.0,148,True,-1.2283380208620598,-1.2283380208620598,-2.4566760417241196
142,1,692.5,986.0,149,True,-1.2516220448697344,-1.2516220448697344,-2.5032440897394688
142,2,735.6666666666667,1077.0,150,True,-1.3524419016291724,-1.3524419016291724,-2.704883803258345
142,3,718.8333333333334,865.0,147,True,-1.1768747853784824,-1.1768747853784824,-2.353749570756965
143,0,824.5,1515.0,158,True,-1.7534595684329646,-1.7534595684329646,-3.506919136865929
143,1,718.8333333333334,914.0,149,True,-1.2146980196509642,-1.2146980196509642,-2.4293960393019285
143,2,728.5,922.0,149,True,-1.2277205351211993,-1.2277205351211993,-2.4554410702423985
143,3,869.6666666666667,1647.0,158,True,-1.8873441189666111,-1.8873441189666111,-3.7746882379332223
144,0,699.5,866.0,148,True,-1.163952101022344,-1.163952101022344,-2.327904202044688
144,1,702.8333333333334,716.0,146,True,-1.0505278256904096,-1.0505278256904096,-2.101055651380819
144,2,717.5,859.0,148,True,-1.1712989146544444,-1.1712989146544444,-2.3425978293088887
144,3,744.3333333333333,1360.0,155,True,-1.5770293299575748,-1.5770293299575748,-3.1540586599151497
145,0,729.8333333333334,905.0,148,True,-1.2155426428193787,-1.2155426428193787,-2.4310852856387575
145,1,751.5,1193.0,152,True,-1.4531980141035257,-1.4531980141035257,-2.9063960282070513
145,2,704.8333333333334,790.0,147,True,-1.1090653098930243,-1.1090653098930243,-2.2181306197860486
145,3,763.5,1276.0,154,True,-1.5257660300872569,-1.5257660300872569,-3.0515320601745137
146,0,689.8333333333334,727.0,146,True,-1.0498103265787404,-1.0498103265787404,-2.099620653157481
146,1,695.8333333333334,1100.0,151,True,-1.341980092965048,-1.341980092965048,-2.683960185930096
146,2,726.3333333333333,1039.0,149,True,-1.316498417521923,-1.316498417521923,-2.632996835043846
146,3,708.8333333333334,776.0,146,True,-1.1010920343769879,-1.1010920343769879,-2.2021840687539758
147,0,721.3333333333333,918.0,147,True,-1.2195564823916893,-1.2195564823916893,-2.4391129647833787
147,1,728.5,1070.0,151,True,-1.3419621406788995,-1.3419621406788995,-2.683924281357799
147,2,720.0,846.0,148,True,-1.163035030810839,-1.163035030810839,-2.326070061621678
147,3,717.3333333333333,912.0,147,True,-1.2120917031026313,-1.2120917031026313,-2.4241834062052625
148,0,751.6666666666667,1022.0,148,True,-1.3213207023052809,-1.3213207023052809,-2.6426414046105617
148,1,793.0,1312.0,153,True,-1.5744505797369592,-1.5744505797369592,-3.1489011594739185
148,2,669.1666666666666,670.0,144,True,-0.9911728290053174,-0.9911728290053174,-1.982345658010635
148,3,743.8333333333334,783.0,147,True,-1.1312872784746555,-1.1312872784746555,-2.262574556949311
149,0,836.8333333333334,1302.0,154,True,-1.5977804868719239,-1.5977804868719239,-3.1955609737438477
149,1,722.6666666666666,755.0,145,True,-1.0946807900126785,-1.0946807900126785,-2.189361580025357
149,2,802.9999999999999,1545.0,156,True,-1.761387325335134,-1.761387325335134,-3.522774650670268
149,3,713.8333333333334,730.0,145,True,-1.0691262118846823,-1.0691262118846823,-2.1382524237693645
150,0,780.6666666666666,1117.0,150,True,-1.41519334327407,-1.41519334327407,-2.83038668654814
150,1,773.3333333333334,1328.0,153,True,-1.572870322914014,-1.572870322914014,-3.145740645828028
150,2,830.8333333333334,1493.0,156,True,-1.7409638659892825,-1.7409638659892825,-3.481927731978565
150,3,714.6666666666667,898.0,147,True,-1.1993961561740454,-1.1993961561740454,-2.3987923123480908
151,0,609.8333333333334,576.0,142,True,-0.876585755849683,-0.876585755849683,-1.753171511699366
151,1,693.8333333333334,693.0,145,True,-1.0263989962576088,-1.0263989962576088,-2.0527979925152176
151,2,717.5,782.0,147,True,-1.1118624036548306,-1.1118624036548306,-2.223724807309661
151,3,679.5,823.0,147,True,-1.1165934689537422,-1.1165934689537422,-2.2331869379074845
152,0,737.5,794.0,146,True,-1.1352920507755357,-1.1352920507755357,-2.2705841015510715
152,1,694.8333333333333,620.0,143,True,-0.9707584369308966,-0.9707584369308966,-1.9415168738617932
152,2,728.5,794.0,147,True,-1.128916984368594,-1.128916984368594,-2.257833968737188
152,3,696.5,713.0,146,True,-1.0437259596277235,-1.0437259596277235,-2.087451919255447
153,0,657.8333333333334,652.0,144,True,-0.9692507182793985,-0.9692507182793985,-1.938501436558797
153,1,636.6666666666667,588.0,143,True,-0.9048557311682514,-0.9048557311682514,-1.8097114623365027
153,2,852.8333333333334,1397.0,155,True,-1.6824446985862422,-1.6824446985862422,-3.3648893971724845
153,3,701.5,881.0,148,True,-1.1769473235499301,-1.1769473235499301,-2.3538946470998603
154,0,694.6666666666667,751.0,145,True,-1.071759639118952,-1.071759639118952,-2.143519278237904
154,1,692.8333333333334,858.0,148,True,-1.153054607687757,-1.153054607687757,-2.306109215375514
154,2,664.8333333333334,602.0,143,True,-0.9356139662498388,-0.9356139662498388,-1.8712279324996777
154,3,791.3333333333333,922.0,146,True,-1.272227943184477,-1.272227943184477,-2.544455886368954
155,0,682.6666666666667,726.0,144,True,-1.043961982069995,-1.043961982069995,-2.08792396413999
155,1,724.5,618.0,144,True,-0.990228739236232,-0.990228739236232,-1.980457478472464
155,2,720.6666666666667,679.0,143,True,-1.0345995003295545,-1.0345995003295545,-2.069199000659109
155,3,739.8333333333334,739.0,146,True,-1.0944901950559176,-1.0944901950559176,-2.188980390111835
156,0,713.8333333333334,897.0,148,True,-1.1980339695072222,-1.1980339695072222,-2.3960679390144444
156,1,648.8333333333334,706.0,145,True,-1.0045583998462118,-1.0045583998462118,-2.0091167996924235
156,2,702.3333333333333,589.0,143,True,-0.9521420073221176,-0.9521420073221176,-1.9042840146442352
156,3,705.5,666.0,145,True,-1.013821597242693,-1.013821597242693,-2.027643194485386
157,0,790.6666666666667,1273.0,154,True,-1.542693577872632,-1.542693577872632,-3.085387155745264
157,1,704.6666666666667,776.0,146,True,-1.0981406147441448,-1.0981406147441448,-2.1962812294882896
157,2,736.8333333333334,946.0,148,True,-1.252149040152999,-1.252149040152999,-2.504298080305998
157,3,678.5,582.0,143,True,-0.9298565678404707,-0.9298565678404707,-1.8597131356809413
158,0,684.8333333333334,766.0,145,True,-1.0763728298892625,-1.0763728298892625,-2.152745659778525
158,1,851.3333333333333,1401.0,156,True,-1.6844697984794363,-1.6844697984794363,-3.3689395969588727
158,2,629.5,608.0,144,True,-0.9152173442048551,-0.9152173442048551,-1.8304346884097102
158,3,729.8333333333334,822.0,146,True,-1.1514747153782363,-1.1514747153782363,-2.3029494307564726
159,0,689.5,784.0,146,True,-1.0935726692026324,-1.0935726692026324,-2.187145338405265
159,1,675.8333333333334,608.0,144,True,-0.9480371305220737,-0.9480371305220737,-1.8960742610441474
159,2,655.8333333333334,643.0,145,True,-0.9608869121933411,-0.9608869121933411,-1.9217738243866822
159,3,652.5,772.0,146,True,-1.0581012299799264,-1.0581012299799264,-2.116202459959853
160,0,714.8333333333334,618.0,144,True,-0.9833814456880352,-0.9833814456880352,-1.9667628913760704
160,1,730.6666666666667,880.0,147,True,-1.196835358239579,-1.196835358239579,-2.393670716479158
160,2,711.8333333333334,670.0,145,True,-1.0213953660456339,-1.0213953660456339,-2.0427907320912677
160,3,629.5,618.0,144,True,-0.9229363716074025,-0.9229363716074025,-1.845872743214805
161,0,700.5,835.0,147,True,-1.1407314567863303,-1.1407314567863303,-2.2814629135726605
161,1,720.8333333333334,720.0,146,True,-1.066365569465312,-1.066365569465312,-2.132731138930624
161,2,756.6666666666667,1181.0,151,True,-1.4475949415651947,-1.4475949415651947,-2.8951898831303895
161,3,669.8333333333334,748.0,145,True,-1.0518534698864412,-1.0518534698864412,-2.1037069397728825
162,0,713.6666666666666,794.0,146,True,-1.1184099304756714,-1.1184099304756714,-2.2368198609513428
162,1,676.8333333333334,582.0,143,True,-0.9286759999873334,-0.9286759999873334,-1.8573519999746668
162,2,750.0000000000001,797.0,147,True,-1.1464620178948297,-1.1464620178948297,-2.2929240357896594
162,3,730.8333333333334,727.0,146,True,-1.0788522957659195,-1.0788522957659195,-2.157704591531839
163,0,711.8333333333334,790.0,147,True,-1.1140236948762012,-1.1140236948762012,-2.2280473897524025
163,1,686.6666666666667,618.0,144,True,-0.9634298489700142,-0.9634298489700142,-1.9268596979400283
163,2,768.6666666666667,1246.0,153,True,-1.5062687082243416,-1.5062687082243416,-3.012537416448683
163,3,696.5,691.0,145,True,-1.0267440993421195,-1.0267440993421195,-2.053488198684239
164,0,675.8333333333334,754.0,146,True,-1.0607349305992642,-1.0607349305992642,-2.1214698611985283
164,1,663.5,687.0,145,True,-1.000281244888981,-1.000281244888981,-2.000562489777962
164,2,730.1666666666666,823.0,147,True,-1.1524827316891186,-1.1524827316891186,-2.3049654633782373
164,3,754.6666666666667,1248.0,153,True,-1.4978957437384968,-1.4978957437384968,-2.9957914874769935
165,0,640.6666666666667,673.0,143,True,-0.9733008269374328,-0.9733008269374328,-1.9466016538748656
165,1,684.8333333333334,670.0,145,True,-1.0022701668248086,-1.0022701668248086,-2.0045403336496173
165,2,738.8333333333334,766.0,146,True,-1.1146232283309134,-1.1146232283309134,-2.229246456661827
165,3,746.0,1168.0,151,True,-1.4300045716818046,-1.4300045716818046,-2.8600091433636092
166,0,767.5,783.0,147,True,-1.1480513419892064,-1.1480513419892064,-2.296102683978413
166,1,671.8333333333334,677.0,145,True,-0.9984650567521202,-0.9984650567521202,-1.9969301135042403
166,2,681.5,691.0,145,True,-1.016118988663883,-1.016118988663883,-2.032237977327766
166,3,641.5,678.0,144,True,-0.9777506245652751,-0.9777506245652751,-1.9555012491305501
167,0,716.8333333333334,739.0,146,True,-1.078198358682622,-1.078198358682622,-2.156396717365244
167,1,689.8333333333334,670.0,145,True,-1.0058118703842207,-1.0058118703842207,-2.0116237407684414
167,2,740.1666666666666,1162.0,151,True,-1.421241167754295,-1.421241167754295,-2.84248233550859
167,3,671.8333333333334,683.0,145,True,-1.003096473193649,-1.003096473193649,-2.006192946387298
168,0,665.8333333333334,706.0,145,True,-1.0166001919482128,-1.0166001919482128,-2.0332003838964257
168,1,716.1666666666666,705.0,146,True,-1.0514814383727067,-1.0514814383727067,-2.1029628767454134
168,2,767.6666666666667,1321.0,155,True,-1.5634530730315643,-1.5634530730315643,-3.1269061460631287
168,3,669.5,713.0,146,True,-1.024600760406898,-1.024600760406898,-2.049201520813796
169,0,716.5,924.0,148,True,-1.220764252059119,-1.220764252059119,-2.441528504118238
169,1,862.6666666666666,1352.0,155,True,-1.654674425608289,-1.654674425608289,-3.309348851216578
169,2,718.5,771.0,147,True,-1.104079814223911,-1.104079814223911,-2.208159628447822
169,3,689.5,1005.0,148,True,-1.264163174798927,-1.264163174798927,-2.528326349597854
170,0,699.5,745.0,146,True,-1.0705518694515221,-1.0705518694515221,-2.1411037389030443
170,1,654.3333333333333,607.0,144,True,-0.9320359024763469,-0.9320359024763469,-1.8640718049526939
170,2,718.0000000000001,776.0,147,True,-1.1075851575692435,-1.1075851575692435,-2.215170315138487
170,3,649.8333333333334,652.0,143,True,-0.963583992584339,-0.963583992584339,-1.927167985168678
171,0,711.8333333333334,730.0,146,True,-1.0677095304609179,-1.0677095304609179,-2.1354190609218358
171,1,689.8333333333334,735.0,146,True,-1.055985548500778,-1.055985548500778,-2.111971097001556
171,2,798.6666666666667,1202.0,153,True,-1.4935552090096054,-1.4935552090096054,-2.9871104180192107
171,3,686.0,806.0,147,True,-1.1080753369966483,-1.1080753369966483,-2.2161506739932966
172,0,707.6666666666667,670.0,145,True,-1.0184439464127906,-1.0184439464127906,-2.036887892825581
172,1,789.8333333333334,1236.0,153,True,-1.5135428925566383,-1.5135428925566383,-3.0270857851132766
172,2,648.8333333333334,677.0,145,True,-0.9821732203788249,-0.9821732203788249,-1.9643464407576499
172,3,731.6666666666666,783.0,147,True,-1.1226691331467529,-1.1226691331467529,-2.2453382662935057
173,0,623.5,550.0,143,True,-0.8661969409987866,-0.8661969409987866,-1.7323938819975733
173,1,710.8333333333334,854.0,147,True,-1.1627171295406216,-1.1627171295406216,-2.325434259081243
173,2,675.1666666666666,773.0,146,True,-1.0749288555228491,-1.0749288555228491,-2.1498577110456982
173,3,757.8333333333334,1038.0,150,True,-1.3380392472059648,-1.3380392472059648,-2.6760784944119296
174,0,729.6666666666667,803.0,146,True,-1.1366905065280826,-1.1366905065280826,-2.273381013056165
174,1,675.8333333333334,643.0,145,True,-0.975053726430989,-0.975053726430989,-1.950107452861978
174,2,702.1666666666666,1145.0,152,True,-1.381201874118433,-1.381201874118433,-2.762403748236866
174,3,678.5,713.0,146,True,-1.0309758268138398,-1.0309758268138398,-2.0619516536276796
175,0,714.5,1098.0,151,True,-1.3536586474396772,-1.3536586474396772,-2.7073172948793545
175,1,732.8333333333334,783.0,146,True,-1.1234955306439487,-1.1234955306439487,-2.2469910612878974
175,2,753.6666666666667,1173.0,152,True,-1.43929469750751,-1.43929469750751,-2.87858939501502
175,3,696.6666666666667,1112.0,150,True,-1.3518332097746737,-1.3518332097746737,-2.7036664195493474
176,0,689.8333333333334,832.0,148,True,-1.1308601143054866,-1.1308601143054866,-2.261720228610973
176,1,729.6666666666667,812.0,146,True,-1.1436376311903753,-1.1436376311903753,-2.2872752623807506
176,2,745.6666666666667,1041.0,150,True,-1.3317368100988263,-1.3317368100988263,-2.6634736201976525
176,3,641.5,614.0,144,True,-0.9283488491889723,-0.9283488491889723,-1.8566976983779446
177,0,738.5,970.0,149,True,-1.2718552737722502,-1.2718552737722502,-2.5437105475445003
177,1,709.3333333333333,810.0,147,True,-1.1276908979015898,-1.1276908979015898,-2.2553817958031797
177,2,734.5,920.0,148,True,-1.2304267739119832,-1.2304267739119832,-2.4608535478239664
177,3,735.6666666666667,1160.0,151,True,-1.4165098290703149,-1.4165098290703149,-2.8330196581406297
178,0,705.6666666666667,1002.0,147,True,-1.2732989747535957,-1.2732989747535957,-2.5465979495071913
178,1,709.1666666666666,754.0,146,True,-1.0843462876620116,-1.0843462876620116,-2.168692575324023
178,2,729.6666666666667,844.0,146,True,-1.1683385188785265,-1.1683385188785265,-2.336677037757053
178,3,673.8333333333334,677.0,145,True,-0.9998817381758852,-0.9998817381758852,-1.9997634763517704
179,0,727.8333333333334,1105.0,151,True,-1.3685065094465596,-1.3685065094465596,-2.737013018893119
179,1,678.5,677.0,145,True,-1.0031873281646702,-1.0031873281646702,-2.0063746563293403
179,2,719.6666666666667,1005.0,149,True,-1.2855314529407134,-1.2855314529407134,-2.5710629058814267
179,3,711.5,859.0,148,True,-1.1670488703831503,-1.1670488703831503,-2.3340977407663006
180,0,707.5,713.0,146,True,-1.0515177074584299,-1.0515177074584299,-2.1030354149168597
180,1,678.5,608.0,144,True,-0.9499260390870934,-0.9499260390870934,-1.8998520781741868
180,2,806.6666666666667,1185.0,152,True,-1.4860995881203343,-1.4860995881203343,-2.9721991762406685
180,3,683.6666666666667,670.0,145,True,-1.0014437693276124,-1.0014437693276124,-2.0028875386552247
181,0,687.1666666666666,754.0,146,True,-1.068762792000598,-1.068762792000598,-2.137525584001196
181,1,778.9999999999999,1321.0,155,True,-1.571480934432897,-1.571480934432897,-3.142961868865794
181,2,757.1666666666666,1321.0,155,True,-1.5560154955567977,-1.5560154955567977,-3.1120309911135955
181,3,643.8333333333334,670.0,145,True,-0.9732281976376298,-0.9732281976376298,-1.9464563952752596
182,0,670.5,845.0,148,True,-1.127200262832405,-1.127200262832405,-2.25440052566481
182,1,752.6666666666667,1049.0,151,True,-1.3428704170040413,-1.3428704170040413,-2.6857408340080826
182,2,650.5,642.0,144,True,-0.9563371923230465,-0.9563371923230465,-1.912674384646093
182,3,727.8333333333334,763.0,147,True,-1.1045157722794423,-1.1045157722794423,-2.2090315445588846
183,0,706.5,898.0,148,True,-1.1936113736936722,-1.1936113736936722,-2.3872227473873444
183,1,754.6666666666667,1127.0,152,True,-1.4044955121676748,-1.4044955121676748,-2.8089910243353495
183,2,661.8333333333334,677.0,144,True,-0.9913816496332961,-0.9913816496332961,-1.9827632992665922
183,3,695.8333333333334,701.0,146,True,-1.033990899603412,-1.033990899603412,-2.067981799206824
184,0,698.5,881.0,148,True,-1.1748223014142825,-1.1748223014142825,-2.349644602828565
184,1,743.6666666666667,1109.0,151,True,-1.3828095150123827,-1.3828095150123827,-2.7656190300247654
184,2,694.6666666666667,844.0,147,True,-1.1435465939626421,-1.1435465939626421,-2.2870931879252843
184,3,639.5,677.0,144,True,-0.9755620404012554,-0.9755620404012554,-1.9511240808025108
185,0,753.6666666666667,1178.0,152,True,-1.4431542112087836,-1.4431542112087836,-2.8863084224175672
185,1,649.5,643.0,145,True,-0.9564007543514192,-0.9564007543514192,-1.9128015087028385
185,2,668.6666666666667,914.0,147,True,-1.1791629272715305,-1.1791629272715305,-2.358325854543061
185,3,727.8333333333334,706.0,146,True,-1.0605173160849228,-1.0605173160849228,-2.1210346321698457
186,0,641.6666666666667,763.0,146,True,-1.043480414272241,-1.043480414272241,-2.086960828544482
186,1,686.8333333333334,756.0,147,True,-1.0700704839104802,-1.0700704839104802,-2.1401409678209604
186,2,661.8333333333334,670.0,145,True,-0.9859783304515131,-0.9859783304515131,-1.9719566609030261
186,3,736.8333333333334,892.0,148,True,-1.210466292179244,-1.210466292179244,-2.420932584358488
187,0,675.8333333333334,636.0,145,True,-0.9696504072492065,-0.9696504072492065,-1.939300814498413
187,1,675.8333333333334,677.0,145,True,-1.00129841959965,-1.00129841959965,-2.0025968391993
187,2,686.8333333333334,713.0,146,True,-1.0368786660795268,-1.0368786660795268,-2.0737573321590537
187,3,661.8333333333334,853.0,148,True,-1.1272365319181286,-1.1272365319181286,-2.254473063836257
188,0,738.5,861.0,148,True,-1.1877178750844848,-1.1877178750844848,-2.3754357501689696
188,1,693.8333333333334,868.0,148,True,-1.1614819758021868,-1.1614819758021868,-2.3229639516043736
188,2,641.8333333333334,706.0,146,True,-0.9996000148630352,-0.9996000148630352,-1.9992000297260704
188,3,806.5,1321.0,155,True,-1.5909603040096636,-1.5909603040096636,-3.181920608019327
189,0,660.5,713.0,146,True,-1.0182256939999565,-1.0182256939999565,-2.036451387999913
189,1,733.1666666666666,801.0,147,True,-1.1376258935391614,-1.1376258935391614,-2.275251787078323
189,2,735.6666666666667,1113.0,150,True,-1.3802304002783425,-1.3802304002783425,-2.760460800556685
189,3,732.5,942.0,149,True,-1.2459919527738232,-1.2459919527738232,-2.4919839055476465
190,0,684.8333333333334,809.0,147,True,-1.109564647720216,-1.109564647720216,-2.219129295440432
190,1,650.5,766.0,146,True,-1.052053132114633,-1.052053132114633,-2.104106264229266
190,2,699.6666666666667,773.0,146,True,-1.0922832029639682,-1.0922832029639682,-2.1845664059279364
190,3,731.8333333333334,834.0,148,True,-1.1621542296850575,-1.1621542296850575,-2.324308459370115
191,0,637.8333333333334,874.0,148,True,-1.1264463123782997,-1.1264463123782997,-2.2528926247565995
191,1,790.6666666666667,1185.0,152,True,-1.4747661367302154,-1.4747661367302154,-2.949532273460431
191,2,727.5,1088.0,151,True,-1.3551480492916013,-1.3551480492916013,-2.7102960985832025
191,3,698.6666666666667,744.0,146,True,-1.069189682784699,-1.069189682784699,-2.138379365569398
192,0,711.5,1037.0,150,True,-1.3044475581484918,-1.3044475581484918,-2.6088951162969836
192,1,684.8333333333334,742.0,146,True,-1.0578471641231488,-1.0578471641231488,-2.1156943282462977
192,2,720.8333333333334,1127.0,151,True,-1.380529984748986,-1.380529984748986,-2.761059969497972
192,3,701.5,812.0,147,True,-1.1236860344723536,-1.1236860344723536,-2.247372068944707
193,0,668.8333333333334,742.0,146,True,-1.0465137127330302,-1.0465137127330302,-2.0930274254660604
193,1,711.8333333333334,817.0,147,True,-1.1348650688630788,-1.1348650688630788,-2.2697301377261576
193,2,719.3333333333333,1135.0,152,True,-1.3856426956032002,-1.3856426956032002,-2.7712853912064004
193,3,693.6666666666667,875.0,148,True,-1.166767238198656,-1.166767238198656,-2.333534476397312
194,0,816.5,1472.0,157,True,-1.7146010249069519,-1.7146010249069519,-3.4292020498139038
194,1,738.1666666666666,1048.0,150,True,-1.3318275739414915,-1.3318275739414915,-2.663655147882983
194,2,791.6666666666667,1248.0,153,True,-1.524104350078146,-1.524104350078146,-3.048208700156292
194,3,678.5,713.0,146,True,-1.03097582681384,-1.03097582681384,-2.06195165362768
195,0,678.3333333333333,705.0,146,True,-1.0246825481064883,-1.0246825481064883,-2.0493650962129766
195,1,686.5,735.0,146,True,-1.0536244127945031,-1.0536244127945031,-2.1072488255890063
195,2,693.8333333333334,636.0,145,True,-0.9824005400630896,-0.9824005400630896,-1.9648010801261793
195,3,709.8333333333334,677.0,145,True,-1.025382003803652,-1.025382003803652,-2.050764007607304
196,0,678.3333333333333,921.0,148,True,-1.1914135400015098,-1.1914135400015098,-2.3828270800030196
196,1,727.8333333333334,1153.0,152,True,-1.4055578409787863,-1.4055578409787863,-2.8111156819575727
196,2,684.8333333333334,797.0,147,True,-1.1003018148371593,-1.1003018148371593,-2.2006036296743186
196,3,691.8333333333334,670.0,145,True,-1.0072285518079855,-1.0072285518079855,-2.014457103615971
197,0,696.6666666666667,742.0,146,True,-1.0662291958804242,-1.0662291958804242,-2.1324583917608484
197,1,711.5,828.0,147,True,-1.1431198854352536,-1.1431198854352536,-2.286239770870507
197,2,694.1666666666666,680.0,145,True,-1.0166003742049252,-1.0166003742049252,-2.0332007484098504
197,3,685.1666666666666,814.0,147,True,-1.1136602749921172,-1.1136602749921172,-2.2273205499842343
198,0,678.5,680.0,145,True,-1.005503036385434,-1.005503036385434,-2.011006072770868
198,1,683.5,705.0,145,True,-1.028342308451214,-1.028342308451214,-2.056684616902428
198,2,700.8333333333334,630.0,144,True,-0.9827275086047383,-0.9827275086047383,-1.9654550172094767
198,3,805.8333333333334,1248.0,153,True,-1.5341391768298134,-1.5341391768298134,-3.0682783536596268
199,0,783.6666666666667,1334.0,154,True,-1.5848212600449938,-1.5848212600449938,-3.1696425200899876
199,1,692.6666666666667,713.0,146,True,-1.0410106535655077,-1.0410106535655077,-2.0820213071310154
199,2,653.6666666666667,613.0,143,True,-0.9361950917766207,-0.9361950917766207,-1.8723901835532415
199,3,687.6666666666667,782.0,146,True,-1.0907302390836717,-1.0907302390836717,-2.1814604781673435
200,0,640.3333333333333,713.0,146,True,-1.0039408229769946,-1.0039408229769946,-2.007881645953989
200,1,702.8333333333334,817.0,147,True,-1.128490002456137,-1.128490002456137,-2.256980004912274
200,2,698.8333333333333,817.0,147,True,-1.1256566396086076,-1.1256566396086076,-2.2513132792172152
200,3,679.5,677.0,145,True,-1.0038956688765521,-1.0038956688765521,-2.0077913377531043
201,0,721.5,974.0,147,True,-1.2629010926312683,-1.2629010926312683,-2.5258021852625365
201,1,718.8333333333334,1036.0,150,True,-1.3088701539620413,-1.3088701539620413,-2.6177403079240826
201,2,736.6666666666667,764.0,146,True,-1.111544684641325,-1.111544684641325,-2.22308936928265
201,3,684.3333333333333,714.0,145,True,-1.0358797170400755,-1.0358797170400755,-2.071759434080151
202,0,803.5,1194.0,153,True,-1.4908036338616664,-1.4908036338616664,-2.9816072677233327
202,1,711.8333333333334,727.0,146,True,-1.0653938222401533,-1.0653938222401533,-2.1307876444803067
202,2,680.5,801.0,146,True,-1.100319949380021,-1.100319949380021,-2.200639898760042
202,3,706.4999999999999,737.0,146,True,-1.069335032512661,-1.069335032512661,-2.138670065025322
203,0,693.1666666666666,705.0,146,True,-1.035189601999411,-1.035189601999411,-2.070379203998822
203,1,648.8333333333334,783.0,147,True,-1.063994910845826,-1.063994910845826,-2.127989821691652
203,2,726.8333333333334,1164.0,152,True,-1.4133404304097057,-1.4133404304097057,-2.8266808608194114
203,3,723.3333333333333,1014.0,150,True,-1.295075826879908,-1.295075826879908,-2.590151653759816
204,0,750.8333333333334,1063.0,150,True,-1.3523784307291564,-1.3523784307291564,-2.704756861458313
204,1,677.8333333333334,839.0,147,True,-1.1277633449446807,-1.1277633449446807,-2.2555266898893613
204,2,831.6666666666667,1591.0,158,True,-1.8172006184608145,-1.8172006184608145,-3.634401236921629
204,3,662.8333333333334,677.0,144,True,-0.9920899903451786,-0.9920899903451786,-1.9841799806903573
205,0,699.5,783.0,147,True,-1.099884173581202,-1.099884173581202,-2.199768347162404
205,1,639.5,713.0,146,True,-1.0033505390504256,-1.0033505390504256,-2.006701078100851
205,2,659.8333333333334,754.0,146,True,-1.0494014792091455,-1.0494014792091455,-2.098802958418291
205,3,693.8333333333334,677.0,145,True,-1.0140485524135336,-1.0140485524135336,-2.0280971048270673
206,0,697.1666666666666,677.0,145,True,-1.0164096881198081,-1.0164096881198081,-2.0328193762396163
206,1,750.3333333333333,885.0,147,True,-1.2146255726078736,-1.2146255726078736,-2.4292511452157473
206,2,730.6666666666667,778.0,147,True,-1.1181012787335962,-1.1181012787335962,-2.2362025574671924
206,3,697.6666666666667,764.0,146,True,-1.0839193968779106,-1.0839193968779106,-2.1678387937558212
207,0,765.8333333333334,1093.0,151,True,-1.3861606236150343,-1.3861606236150343,-2.7723212472300687
207,1,738.8333333333334,727.0,146,True,-1.0845190214609786,-1.0845190214609786,-2.169038042921957
207,2,742.6666666666667,1038.0,149,True,-1.3272960797424154,-1.3272960797424154,-2.6545921594848307
207,3,684.6666666666667,650.0,145,True,-0.9867140552344004,-0.9867140552344004,-1.9734281104688007
208,0,709.3333333333333,856.0,148,True,-1.1631984239533075,-1.1631984239533075,-2.326396847906615
208,1,738.5,1105.0,150,True,-1.3760621437066383,-1.3760621437066383,-2.7521242874132765
208,2,736.1666666666666,990.0,149,True,-1.2856405335829524,-1.2856405335829524,-2.5712810671659048
208,3,675.8333333333334,853.0,148,True,-1.1371533018844824,-1.1371533018844824,-2.2743066037689648
209,0,775.4999999999999,1079.0,149,True,-1.3822012787996647,-1.3822012787996647,-2.7644025575993294
209,1,681.5,659.0,143,True,-0.9914181009757318,-0.9914181009757318,-1.9828362019514636
209,2,784.8333333333333,1573.0,158,True,-1.7701324124630693,-1.7701324124630693,-3.5402648249261386
209,3,752.6666666666666,738.0,143,True,-1.1028086647848208,-1.1028086647848208,-2.2056173295696415
210,0,719.5,884.0,149,True,-1.1920131645845773,-1.1920131645845773,-2.3840263291691546
210,1,678.5,677.0,145,True,-1.00318732816467,-1.00318732816467,-2.00637465632934
210,2,717.8333333333334,911.0,148,True,-1.2116739707183177,-1.2116739707183177,-2.4233479414366355
210,3,843.3333333333333,1394.0,155,True,-1.6733997536025944,-1.6733997536025944,-3.346799507205189
211,0,646.8333333333334,705.0,146,True,-1.0023698156821925,-1.0023698156821925,-2.004739631364385
211,1,784.8333333333334,1335.0,154,True,-1.5864195602824445,-1.5864195602824445,-3.172839120564889
211,2,680.3333333333333,872.0,147,True,-1.1550069871527926,-1.1550069871527926,-2.310013974305585
211,3,738.5,1092.0,150,True,-1.3660274080833268,-1.3660274080833268,-2.7320548161666536
212,0,789.3333333333333,1267.0,151,True,-1.5371177071485933,-1.5371177071485933,-3.0742354142971866
212,1,844.5,1349.0,154,True,-1.639490527788328,-1.639490527788328,-3.278981055576656
212,2,754.5,1059.0,149,True,-1.3518880690450394,-1.3518880690450394,-2.703776138090079
212,3,724.3333333333333,875.0,147,True,-1.188489686696383,-1.188489686696383,-2.376979373392766
213,0,777.5,1043.0,151,True,-1.3558294615742594,-1.3558294615742594,-2.711658923148519
213,1,730.5,1101.0,150,True,-1.36730780705056,-1.36730780705056,-2.73461561410112
213,2,764.8333333333334,1359.0,153,True,-1.5907784118109092,-1.5907784118109092,-3.1815568236218184
213,3,701.6666666666667,643.0,143,True,-0.9933525281546185,-0.9933525281546185,-1.986705056309237
214,0,638.6666666666667,623.0,144,True,-0.933289008500932,-0.933289008500932,-1.866578017001864
214,1,720.1666666666666,1072.0,150,True,-1.3376031068937215,-1.3376031068937215,-2.675206213787443
214,2,651.3333333333333,625.0,144,True,-0.9438051296652852,-0.9438051296652852,-1.8876102593305704
214,3,714.5,787.0,146,True,-1.1135968952204571,-1.1135968952204571,-2.2271937904409143
215,0,830.5,1396.0,155,True,-1.665853186613946,-1.665853186613946,-3.331706373227892
215,1,663.8333333333334,616.0,143,True,-0.9457122639015227,-0.9457122639015227,-1.8914245278030455
215,2,825.8333333333333,1118.0,152,True,-1.4479586348343472,-1.4479586348343472,-2.8959172696686943
215,3,900.3333333333333,1606.0,157,True,-1.8774185551138942,-1.8774185551138942,-3.7548371102277884
216,0,888.6666666666666,1637.0,157,True,-1.893083565089829,-1.893083565089829,-3.786167130179658
216,1,807.6666666666667,1263.0,154,True,-1.547016342572086,-1.547016342572086,-3.094032685144172
216,2,715.6666666666667,853.0,148,True,-1.1653688735744652,-1.1653688735744652,-2.3307377471489303
216,3,697.3333333333334,850.0,147,True,-1.1500669189691899,-1.1500669189691899,-2.3001338379383798
217,0,722.8333333333333,1055.0,150,True,-1.3263696688744104,-1.3263696688744104,-2.652739337748821
217,1,667.3333333333333,747.0,146,True,-1.0493107153664802,-1.0493107153664802,-2.0986214307329605
217,2,702.8333333333334,687.0,145,True,-1.0281426462230228,-1.0281426462230228,-2.0562852924460455
217,3,708.6666666666666,719.0,145,True,-1.0569755213971548,-1.0569755213971548,-2.1139510427943096
218,0,714.5,775.0,147,True,-1.1043340623374,-1.1043340623374,-2.2086681246748
218,1,728.5,840.0,148,True,-1.164424510420311,-1.164424510420311,-2.328849020840622
218,2,673.5,632.0,144,True,-0.9649100012937949,-0.9649100012937949,-1.9298200025875898
218,3,797.8333333333333,1010.0,148,True,-1.344759598954129,-1.344759598954129,-2.689519197908258
219,0,829.5,1176.0,153,True,-1.4953262430460237,-1.4953262430460237,-2.9906524860920474
219,1,784.6666666666667,1161.0,151,True,-1.451990426692808,-1.451990426692808,-2.903980853385616
219,2,800.8333333333333,1145.0,151,True,-1.4510914910241643,-1.4510914910241643,-2.9021829820483287
219,3,882.6666666666666,1673.0,158,True,-1.9166220194677055,-1.9166220194677055,-3.833244038935411
220,0,678.3333333333333,645.0,144,True,-0.9783683836912048,-0.9783683836912048,-1.9567367673824096
220,1,782.8333333333333,1179.0,152,True,-1.464586051378942,-1.464586051378942,-2.929172102757884
220,2,732.5,720.0,146,True,-1.0746295444372738,-1.0746295444372738,-2.1492590888745475
220,3,662.5,550.0,143,True,-0.8938222287622006,-0.8938222287622006,-1.7876444575244013
221,0,758.5,780.0,147,True,-1.1393605673615,-1.1393605673615,-2.278721134723
221,1,750.8333333333334,1297.0,154,True,-1.5330036719487627,-1.5330036719487627,-3.0660073438975255
221,2,910.6666666666667,1779.0,160,True,-2.018277249867414,-2.018277249867414,-4.036554499734828
221,3,819.3333333333333,1456.0,154,True,-1.7042575464132095,-1.7042575464132095,-3.408515092826419
222,0,844.3333333333333,1217.0,151,True,-1.53748130928939,-1.53748130928939,-3.07496261857878
222,1,790.6666666666667,1243.0,154,True,-1.5195364956649902,-1.5195364956649902,-3.0390729913299803
222,2,722.5,959.0,148,True,-1.2520308922393295,-1.2520308922393295,-2.504061784478659
222,3,767.6666666666666,827.0,146,True,-1.1821331193457278,-1.1821331193457278,-2.3642662386914557
223,0,698.3333333333333,1022.0,149,True,-1.2835425310048856,-1.2835425310048856,-2.567085062009771
223,1,903.6666666666666,1488.0,156,True,-1.7886951674701117,-1.7886951674701117,-3.5773903349402234
223,2,716.8333333333334,799.0,147,True,-1.1245125230979056,-1.1245125230979056,-2.2490250461958112
223,3,860.6666666666666,816.0,146,True,-1.2395178754079907,-1.2395178754079907,-2.4790357508159815
224,0,721.8333333333334,994.0,149,True,-1.2785752610069898,-1.2785752610069898,-2.5571505220139796
224,1,691.8333333333334,754.0,146,True,-1.0720683819893826,-1.0720683819893826,-2.144136763978765
224,2,696.6666666666667,695.0,145,True,-1.029949767088452,-1.029949767088452,-2.059899534176904
224,3,729.0000000000001,814.0,146,True,-1.1447092095296292,-1.1447092095296292,-2.2894184190592584
225,0,875.3333333333333,1582.0,158,True,-1.8411843715507206,-1.8411843715507206,-3.682368743101441
225,1,758.5,1030.0,150,True,-1.3323362524251823,-1.3323362524251823,-2.6646725048503646
225,2,679.6666666666667,672.0,145,True,-1.0001542119605924,-1.0001542119605924,-2.000308423921185
225,3,802.3333333333333,1072.0,150,True,-1.395805102053393,-1.395805102053393,-2.791610204106786
226,0,826.8333333333333,1287.0,154,True,-1.5791185386492788,-1.5791185386492788,-3.1582370772985575
226,1,760.6666666666667,1080.0,150,True,-1.3724661276469972,-1.3724661276469972,-2.7449322552939943
226,2,804.5,1388.0,155,True,-1.6412611061829652,-1.6412611061829652,-3.2825222123659303
226,3,717.5,860.0,147,True,-1.1720708173946992,-1.1720708173946992,-2.3441416347893984
227,0,719.5,957.0,149,True,-1.2483620646231732,-1.2483620646231732,-2.4967241292463465
227,1,800.5,972.0,148,True,-1.3173162033894694,-1.3173162033894694,-2.634632406778939
227,2,681.8333333333334,801.0,147,True,-1.1012644036625308,-1.1012644036625308,-2.2025288073250615
227,3,782.6666666666667,1431.0,155,True,-1.6589874851378195,-1.6589874851378195,-3.317974970275639
228,0,833.6666666666666,976.0,150,True,-1.3438971146279213,-1.3438971146279213,-2.6877942292558425
228,1,698.3333333333333,928.0,148,True,-1.210983673420941,-1.210983673420941,-2.421967346841882
228,2,723.8333333333333,1099.0,151,True,-1.3610417301575015,-1.3610417301575015,-2.722083460315003
228,3,684.8333333333334,684.0,145,True,-1.0130768051883752,-1.0130768051883752,-2.0261536103767503
229,0,729.8333333333334,1083.0,151,True,-1.3529413305847202,-1.3529413305847202,-2.7058826611694404
229,1,658.5,817.0,147,True,-1.0970868975626835,-1.0970868975626835,-2.194173795125367
229,2,848.8333333333334,1340.0,154,True,-1.6356128795441927,-1.6356128795441927,-3.2712257590883853
229,3,702.8333333333334,762.0,146,True,-1.0860353517421273,-1.0860353517421273,-2.1720707034842546
230,0,840.8333333333333,1379.0,156,True,-1.6600503607190678,-1.6600503607190678,-3.3201007214381355
230,1,733.3333333333333,1028.0,151,True,-1.312965872362298,-1.312965872362298,-2.625931744724596
230,2,696.5,747.0,145,True,-1.0699706527963844,-1.0699706527963844,-2.1399413055927687
230,3,691.5,795.0,147,True,-1.1034802807691992,-1.1034802807691992,-2.2069605615383985
231,0,725.5,811.0,147,True,-1.139914308817277,-1.139914308817277,-2.279828617634554
231,1,802.3333333333334,1033.0,150,True,-1.3657008951834588,-1.3657008951834588,-2.7314017903669177
231,2,703.5,742.0,145,True,-1.0710695240782877,-1.0710695240782877,-2.1421390481565754
231,3,671.8333333333334,996.0,149,True,-1.2447020308933787,-1.2447020308933787,-2.4894040617867574
232,0,741.3333333333333,945.0,149,True,-1.2545646706162155,-1.2545646706162155,-2.509129341232431
232,1,805.8333333333334,1221.0,154,True,-1.513297802842936,-1.513297802842936,-3.026595605685872
232,2,698.8333333333334,1078.0,151,True,-1.3271232548150915,-1.3271232548150915,-2.654246509630183
232,3,740.5,957.0,150,True,-1.2632372195727037,-1.2632372195727037,-2.5264744391454075
233,0,795.3333333333333,1339.0,154,True,-1.5969447487182287,-1.5969447487182287,-3.1938894974364573
233,1,695.8333333333333,1071.0,151,True,-1.319594913497661,-1.319594913497661,-2.639189826995322
233,2,757.6666666666666,943.0,149,True,-1.2645904300964521,-1.2645904300964521,-2.5291808601929042
233,3,664.1666666666666,911.0,148,True,-1.1736596858472947,-1.1736596858472947,-2.3473193716945895
234,0,857.5,1547.0,158,True,-1.8015356996132352,-1.8015356996132352,-3.6030713992264705
234,1,929.3333333333333,1778.0,161,True,-2.0307277070822973,-2.0307277070822973,-4.061455414164595
234,2,639.5,697.0,144,True,-0.99100009520635,-0.99100009520635,-1.9820001904127
234,3,821.6666666666667,1328.0,154,True,-1.6071067906549967,-1.6071067906549967,-3.2142135813099935
235,0,740.5,1073.0,149,True,-1.3527779374422517,-1.3527779374422517,-2.7055558748845034
235,1,778.6666666666666,785.0,144,True,-1.157504952085736,-1.157504952085736,-2.315009904171472
235,2,727.6666666666667,804.0,146,True,-1.1360457278445724,-1.1360457278445724,-2.2720914556891447
235,3,687.3333333333334,766.0,146,True,-1.0781436816689687,-1.0781436816689687,-2.1562873633379374
236,0,678.5,720.0,145,True,-1.036379145995623,-1.036379145995623,-2.072758291991246
236,1,852.6666666666667,1268.0,154,True,-1.5827511883080676,-1.5827511883080676,-3.165502376616135
236,2,649.5,616.0,144,True,-0.9355593803645411,-0.9355593803645411,-1.8711187607290822
236,3,698.5,689.0,145,True,-1.026616975285375,-1.026616975285375,-2.05323395057075
237,0,696.6666666666667,794.0,146,True,-1.1063681383736703,-1.1063681383736703,-2.2127362767473406
237,1,887.8333333333334,1426.0,157,True,-1.7296218029695132,-1.7296218029695132,-3.4592436059390264
237,2,732.8333333333334,836.0,147,True,-1.1644063758774494,-1.1644063758774494,-2.328812751754899
237,3,727.6666666666667,729.0,145,True,-1.078153022325468,-1.078153022325468,-2.156306044650936
238,0,690.6666666666667,734.0,145,True,-1.0558039296870922,-1.0558039296870922,-2.1116078593741845
238,1,717.5,769.0,147,True,-1.1018276680315189,-1.1018276680315189,-2.2036553360630378
238,2,689.8333333333334,792.0,146,True,-1.0999840046952976,-1.0999840046952976,-2.199968009390595
238,3,777.4999999999999,1616.0,159,True,-1.7981297317402187,-1.7981297317402187,-3.5962594634804375
239,0,658.1666666666666,627.0,143,True,-0.9501892633436576,-0.9501892633436576,-1.9003785266873152
239,1,691.8333333333334,677.0,144,True,-1.0126318709897688,-1.0126318709897688,-2.0252637419795376
239,2,738.1666666666666,1086.0,150,True,-1.3611598780711711,-1.3611598780711711,-2.7223197561423422
239,3,693.6666666666667,721.0,145,True,-1.047894216199428,-1.047894216199428,-2.095788432398856
240,0,804.8333333333334,1369.0,153,True,-1.626831067688753,-1.626831067688753,-3.253662135377506
240,1,686.8333333333334,720.0,146,True,-1.04228198526131,-1.04228198526131,-2.08456397052262
240,2,763.0000000000001,864.0,147,True,-1.2073879307463675,-1.2073879307463675,-2.414775861492735
240,3,738.5,903.0,149,True,-1.2201377901751835,-1.2201377901751835,-2.440275580350367
241,0,678.5,715.0,144,True,-1.0325196322943493,-1.0325196322943493,-2.0650392645886986
241,1,671.8333333333334,702.0,145,True,-1.0177626252584886,-1.0177626252584886,-2.035525250516977
241,2,721.8333333333334,1169.0,151,True,-1.413658240551567,-1.413658240551567,-2.827316481103134
241,3,857.5,1555.0,157,True,-1.8077109215352727,-1.8077109215352727,-3.6154218430705454
242,0,695.6666666666667,984.0,149,True,-1.2523213183101858,-1.2523213183101858,-2.5046426366203716
242,1,707.8333333333333,1241.0,153,True,-1.4593184678835536,-1.4593184678835536,-2.918636935767107
242,2,854.5,1543.0,157,True,-1.7963230665165693,-1.7963230665165693,-3.5926461330331385
242,3,678.5,748.0,147,True,-1.057992422722756,-1.057992422722756,-2.115984845445512
243,0,685.8333333333334,614.0,143,True,-0.9597519540824264,-0.9597519540824264,-1.9195039081648528
243,1,763.5,1361.0,154,True,-1.5913777630089088,-1.5913777630089088,-3.1827555260178175
243,2,734.6666666666667,944.0,148,True,-1.2490704964634114,-1.2490704964634114,-2.498140992926823
243,3,847.8333333333334,1212.0,153,True,-1.5361009880797054,-1.5361009880797054,-3.072201976159411
244,0,786.8333333333333,895.0,149,True,-1.2481990359941288,-1.2481990359941288,-2.4963980719882577
244,1,684.8333333333334,720.0,146,True,-1.0408653038375448,-1.0408653038375448,-2.0817306076750897
244,2,675.8333333333334,706.0,146,True,-1.0236835990670372,-1.0236835990670372,-2.0473671981340744
244,3,744.6666666666667,912.0,149,True,-1.2314530158940842,-1.2314530158940842,-2.4629060317881684
245,0,725.5,938.0,149,True,-1.2379459568296274,-1.2379459568296274,-2.4758919136592548
245,1,713.6666666666667,805.0,147,True,-1.1269008606184734,-1.1269008606184734,-2.2538017212369468
245,2,684.8333333333334,769.0,146,True,-1.0786885381100269,-1.0786885381100269,-2.1573770762200537
245,3,728.5,874.0,148,True,-1.190669203588972,-1.190669203588972,-2.381338407177944
246,0,711.8333333333334,763.0,147,True,-1.0931823208893239,-1.0931823208893239,-2.1863646417786478
246,1,834.8333333333333,1664.0,160,True,-1.87579259742037,-1.87579259742037,-3.75158519484074
246,2,752.6666666666667,849.0,147,True,-1.1884898689530956,-1.1884898689530956,-2.376979737906191
246,3,684.6666666666667,551.0,143,True,-0.9102956839491824,-0.9102956839491824,-1.8205913678983647
247,0,641.8333333333334,656.0,145,True,-0.9610048778502985,-0.9610048778502985,-1.922009755700597
247,1,689.8333333333334,832.0,146,True,-1.1308601143054866,-1.1308601143054866,-2.261720228610973
247,2,642.3333333333333,677.0,145,True,-0.9775690057515887,-0.9775690057515887,-1.9551380115031773
247,3,666.8333333333334,688.0,145,True,-1.0034142833355102,-1.0034142833355102,-2.0068285666710204
248,0,683.8333333333334,677.0,145,True,-1.0069651452947095,-1.0069651452947095,-2.013930290589419
248,1,680.5,810.0,146,True,-1.1072670740423136,-1.1072670740423136,-2.2145341480846272
248,2,723.0000000000001,761.0,147,True,-1.0995483200248346,-1.0995483200248346,-2.199096640049669
248,3,747.0,840.0,148,True,-1.1775288135901354,-1.1775288135901354,-2.355057627180271
249,0,689.5,806.0,148,True,-1.1105545294882364,-1.1105545294882364,-2.221109058976473
249,1,685.8333333333333,900.0,148,True,-1.1805161377952782,-1.1805161377952782,-2.3610322755905564
249,2,741.8333333333334,849.0,148,True,-1.1808161779077027,-1.1808161779077027,-2.3616323558154053
249,3,720.1666666666666,802.0,147,True,-1.1291893670249449,-1.1291893670249449,-2.2583787340498898
250,0,793.0,1541.0,156,True,-1.751216307255291,-1.751216307255291,-3.502432614510582
250,1,688.3333333333333,599.0,142,True,-0.9499442647583115,-0.9499442647583115,-1.899888529516623
250,2,657.5,747.0,145,True,-1.0423453650329702,-1.0423453650329702,-2.0846907300659403
250,3,694.5,920.0,148,True,-1.2020931454366877,-1.2020931454366877,-2.4041862908733753
251,0,900.9999999999999,1575.0,157,True,-1.8539617973072526,-1.8539617973072526,-3.7079235946145053
251,1,669.8333333333334,625.0,144,True,-0.9569094328351098,-0.9569094328351098,-1.9138188656702195
251,2,700.8333333333334,1043.0,149,True,-1.3015233403299407,-1.3015233403299407,-2.6030466806598813
251,3,677.8333333333334,670.0,145,True,-0.9973117818416318,-0.9973117818416318,-1.9946235636832637
252,0,717.1666666666666,1130.0,150,True,-1.380248443692848,-1.380248443692848,-2.760496887385696
252,1,636.6666666666667,632.0,144,True,-0.9388194517394594,-0.9388194517394594,-1.8776389034789187
252,2,687.3333333333333,786.0,146,True,-1.0935817364740632,-1.0935817364740632,-2.1871634729481264
252,3,767.5,1239.0,152,True,-1.5000389915453616,-1.5000389915453616,-3.000077983090723
253,0,656.3333333333333,780.0,147,True,-1.0669917579641799,-1.0669917579641799,-2.1339835159283598
253,1,773.9999999999999,1017.0,150,True,-1.333280797836048,-1.333280797836048,-2.666561595672096
253,2,742.8333333333334,1088.0,150,True,-1.3660092735404648,-1.3660092735404648,-2.7320185470809295
253,3,639.5,713.0,145,True,-1.0033505390504258,-1.0033505390504258,-2.0067010781008516
254,0,662.5,738.0,146,True,-1.0389399439300895,-1.0389399439300895,-2.077879887860179
254,1,693.5,896.0,148,True,-1.1828591389586913,-1.1828591389586913,-2.3657182779173827
254,2,682.8333333333333,1000.0,150,True,-1.255581389685104,-1.255581389685104,-2.511162779370208
254,3,679.5,899.0,147,True,-1.1752580772131018,-1.1752580772131018,-2.3505161544262037
255,0,656.6666666666667,613.0,144,True,-0.938320113912268,-0.938320113912268,-1.876640227824536
255,1,697.1666666666666,827.0,147,True,-1.1321950991580174,-1.1321950991580174,-2.264390198316035
255,2,681.5,685.0,144,True,-1.0114875722223549,-1.0114875722223549,-2.0229751444447097
255,3,699.5,766.0,146,True,-1.086761826996871,-1.086761826996871,-2.173523653993742
256,0,700.1666666666666,584.0,144,True,-0.9467477554117655,-0.9467477554117655,-1.893495510823531
256,1,722.5,693.0,146,True,-1.046704763331572,-1.046704763331572,-2.093409526663144
256,2,739.6666666666667,1185.0,151,True,-1.4386407604242128,-1.4386407604242128,-2.8772815208484257
256,3,756.6666666666666,925.0,149,True,-1.2499878400599842,-1.2499878400599842,-2.4999756801199684
257,0,693.6666666666667,958.0,148,True,-1.2308351656397984,-1.2308351656397984,-2.461670331279597
257,1,695.3333333333333,886.0,147,True,-1.1764387361945954,-1.1764387361945954,-2.3528774723891908
257,2,670.5,906.0,148,True,-1.174286329987943,-1.174286329987943,-2.348572659975886
257,3,652.8333333333334,706.0,145,True,-1.0073917626937416,-1.0073917626937416,-2.0147835253874833
258,0,738.5,1012.0,150,True,-1.3042751888629487,-1.3042751888629487,-2.6085503777258974
258,1,679.0,907.0,147,True,-1.1810791287791984,-1.1810791287791984,-2.362158257558397
258,2,764.5,1314.0,155,True,-1.5558066749288189,-1.5558066749288189,-3.1116133498576377
258,3,703.6666666666667,1050.0,148,True,-1.3089336248620573,-1.3089336248620573,-2.6178672497241147
259,0,737.5,1168.0,150,True,-1.4239836756308035,-1.4239836756308035,-2.847967351261607
259,1,726.0,1015.0,150,True,-1.2977366381851823,-1.2977366381851823,-2.5954732763703645
259,2,614.5,793.0,146,True,-1.0473942404737435,-1.0473942404737435,-2.094788480947487
259,3,822.6666666666666,1331.0,154,True,-1.6101308395876435,-1.6101308395876435,-3.220261679175287
260,0,650.8333333333334,742.0,146,True,-1.033763579919147,-1.033763579919147,-2.067527159838294
260,1,667.3333333333333,858.0,146,True,-1.1349919195347549,-1.1349919195347549,-2.2699838390695097
260,2,719.6666666666667,1210.0,152,True,-1.4437715146929322,-1.4437715146929322,-2.8875430293858644
260,3,715.6666666666667,1019.0,150,True,-1.2935047284567498,-1.2935047284567498,-2.5870094569134996
261,0,825.5,1506.0,156,True,-1.7472207844825542,-1.7472207844825542,-3.4944415689651085
261,1,673.6666666666667,793.0,146,True,-1.0893043992601201,-1.0893043992601201,-2.1786087985202403
261,2,707.5,735.0,146,True,-1.068499567744034,-1.068499567744034,-2.136999135488068
261,3,665.5,865.0,147,True,-1.1390966140780874,-1.1390966140780874,-2.2781932281561748
262,0,654.6666666666667,721.0,145,True,-1.0202689284360138,-1.0202689284360138,-2.0405378568720276
262,1,670.8333333333334,670.0,145,True,-0.9923533968584549,-0.9923533968584549,-1.9847067937169098
262,2,704.5,809.0,147,True,-1.1234953483872372,-1.1234953483872372,-2.2469906967744744
262,3,668.8333333333334,670.0,145,True,-0.9909367154346901,-0.9909367154346901,-1.9818734308693802
263,0,763.6666666666667,1005.0,149,True,-1.3166984442635394,-1.3166984442635394,-2.633396888527079
263,1,651.5,707.0,144,True,-1.0072192111514862,-1.0072192111514862,-2.0144384223029723
263,2,654.5,639.0,144,True,-0.9568548469498123,-0.9568548469498123,-1.9137096938996245
263,3,803.8333333333333,1447.0,155,True,-1.6863311407167405,-1.6863311407167405,-3.372662281433481
264,0,675.8333333333334,705.0,146,True,-1.0229116963267826,-1.0229116963267826,-2.045823392653565
264,1,704.3333333333333,973.0,149,True,-1.2499693410036985,-1.2499693410036985,-2.499938682007397
264,2,681.5,665.0,145,True,-0.9960495174172603,-0.9960495174172603,-1.9920990348345207
264,3,659.8333333333334,704.0,145,True,-1.010806342196409,-1.010806342196409,-2.021612684392818
265,0,682.8333333333334,669.0,145,True,-1.0000815826607887,-1.0000815826607887,-2.0001631653215775
265,1,630.5,563.0,143,True,-0.8811900616052749,-0.8811900616052749,-1.7623801232105498
265,2,671.1666666666666,890.0,147,True,-1.1624081132851225,-1.1624081132851225,-2.324816226570245
265,3,662.6666666666667,844.0,147,True,-1.1208796911824046,-1.1208796911824046,-2.241759382364809
266,0,633.6666666666667,647.0,145,True,-0.9482729707076331,-0.9482729707076331,-1.8965459414152661
266,1,681.8333333333334,869.0,147,True,-1.1537537899998522,-1.1537537899998522,-2.3075075799997045
266,2,798.6666666666667,1374.0,155,True,-1.6263224803334186,-1.6263224803334186,-3.2526449606668373
266,3,789.6666666666667,1248.0,153,True,-1.5226876686543813,-1.5226876686543813,-3.0453753373087626
267,0,659.5,757.0,146,True,-1.051481073859282,-1.051481073859282,-2.102962147718564
267,1,679.6666666666666,581.0,143,True,-0.9299110625974119,-0.9299110625974119,-1.8598221251948237
267,2,701.5,909.0,148,True,-1.1985606002770621,-1.1985606002770621,-2.3971212005541243
267,3,678.5,816.0,147,True,-1.1104818090600772,-1.1104818090600772,-2.2209636181201544
268,0,722.5,835.0,147,True,-1.156314952447743,-1.156314952447743,-2.312629904895486
268,1,673.8333333333334,817.0,146,True,-1.1079481218115472,-1.1079481218115472,-2.2158962436230945
268,2,656.0,724.0,145,True,-1.0235290909392876,-1.0235290909392876,-2.047058181878575
268,3,709.5,1002.0,149,True,-1.2760142808158113,-1.2760142808158113,-2.5520285616316225
269,0,673.5,776.0,145,True,-1.0760639958904759,-1.0760639958904759,-2.1521279917809517
269,1,635.8333333333334,852.0,147,True,-1.108047770668931,-1.108047770668931,-2.216095541337862
269,2,704.5,812.0,146,True,-1.125811056608001,-1.125811056608001,-2.251622113216002
269,3,742.5,1061.0,150,True,-1.3449317859829597,-1.3449317859829597,-2.6898635719659194
270,0,709.8333333333334,990.0,149,True,-1.2669875615033819,-1.2669875615033819,-2.5339751230067638
270,1,711.5,1006.0,149,True,-1.2805185732005953,-1.2805185732005953,-2.5610371464011905
270,2,623.8333333333333,786.0,146,True,-1.04860210126953,-1.04860210126953,-2.09720420253906
270,3,717.5,1097.0,151,True,-1.3550117668350696,-1.3550117668350696,-2.7100235336701393
271,0,655.8333333333333,913.0,148,True,-1.1693006520621176,-1.1693006520621176,-2.3386013041242353
271,1,641.8333333333334,751.0,146,True,-1.0343356381744973,-1.0343356381744973,-2.0686712763489945
271,2,775.5,1387.0,155,True,-1.6199473227981205,-1.6199473227981205,-3.239894645596241
271,3,661.8333333333334,799.0,146,True,-1.085553783944373,-1.085553783944373,-2.171107567888746
272,0,772.5,1059.0,150,True,-1.364638201858923,-1.364638201858923,-2.729276403717846
272,1,758.6666666666667,989.0,149,True,-1.3008062968600522,-1.3008062968600522,-2.6016125937201044
272,2,847.0,1563.0,158,True,-1.8064485659825453,-1.8064485659825453,-3.6128971319650907
272,3,740.8333333333334,706.0,146,True,-1.069725745339394,-1.069725745339394,-2.139451490678788
273,0,616.8333333333334,556.0,143,True,-0.8661060860277654,-0.8661060860277654,-1.7322121720555308
273,1,705.8333333333334,858.0,147,True,-1.1622630369422284,-1.1622630369422284,-2.324526073884457
273,2,807.8333333333334,1154.0,151,True,-1.462997000669634,-1.462997000669634,-2.925994001339268
273,3,752.6666666666667,1175.0,152,True,-1.4401301622761362,-1.4401301622761362,-2.8802603245522724
274,0,703.1666666666666,898.0,147,True,-1.1912502379873975,-1.1912502379873975,-2.382500475974795
274,1,646.8333333333334,696.0,145,True,-0.9954226910199002,-0.9954226910199002,-1.9908453820398004
274,2,693.5,918.0,148,True,-1.1998409992442953,-1.1998409992442953,-2.3996819984885907
274,3,671.6666666666667,842.0,147,True,-1.1257109521088369,-1.1257109521088369,-2.2514219042176737
275,0,669.5,646.0,144,True,-0.9728832768098314,-0.9728832768098314,-1.9457665536196629
275,1,668.8333333333334,766.0,145,True,-1.0650393784991437,-1.0650393784991437,-2.1300787569982873
275,2,701.3333333333333,880.0,146,True,-1.1760573640243617,-1.1760573640243617,-2.3521147280487233
275,3,808.8333333333334,1154.0,151,True,-1.4637053413815164,-1.4637053413815164,-2.927410682763033
276,0,673.8333333333334,860.0,147,True,-1.1411399396425006,-1.1411399396425006,-2.282279879285001
276,1,820.6666666666667,1316.0,154,True,-1.5971356170600575,-1.5971356170600575,-3.194271234120115
276,2,818.6666666666666,1264.0,153,True,-1.5555799931430472,-1.5555799931430472,-3.1111599862860944
276,3,762.6666666666667,1362.0,155,True,-1.5915593818225953,-1.5915593818225953,-3.1831187636451905
277,0,701.5,892.0,148,True,-1.185438253692732,-1.185438253692732,-2.370876507385464
277,1,778.8333333333334,959.0,148,True,-1.291934085675372,-1.291934085675372,-2.583868171350744
277,2,682.6666666666667,824.0,147,True,-1.1196084506149582,-1.1196084506149582,-2.2392169012299163
277,3,717.6666666666667,835.0,147,True,-1.152891305673645,-1.152891305673645,-2.30578261134729
278,0,702.8333333333334,809.0,147,True,-1.1223147805340994,-1.1223147805340994,-2.2446295610681988
278,1,662.5,650.0,145,True,-0.9710125027876735,-0.9710125027876735,-1.942025005575347
278,2,752.6666666666667,1172.0,152,True,-1.4378144540553726,-1.4378144540553726,-2.875628908110745
278,3,732.1666666666666,1110.0,150,True,-1.3754354995659899,-1.3754354995659899,-2.7508709991319797
279,0,712.5,1008.0,150,True,-1.2827707193929867,-1.2827707193929867,-2.5655414387859734
279,1,717.5,778.0,147,True,-1.1087747926938114,-1.1087747926938114,-2.217549585387623
279,2,699.5,771.0,147,True,-1.0906213406981449,-1.0906213406981449,-2.1812426813962897
279,3,688.8333333333334,1023.0,150,True,-1.2775851969822571,-1.2775851969822571,-2.5551703939645143
280,0,750.8333333333334,1357.0,154,True,-1.579317836364046,-1.579317836364046,-3.158635672728092
280,1,742.1666666666666,1213.0,151,True,-1.4620248889310514,-1.4620248889310514,-2.924049777862103
280,2,651.5,711.0,144,True,-1.010306822112505,-1.010306822112505,-2.02061364422501
280,3,869.9999999999999,1782.0,160,True,-1.991787102471627,-1.991787102471627,-3.983574204943254
281,0,716.6666666666667,843.0,146,True,-1.1583581868838002,-1.1583581868838002,-2.3167163737676004
281,1,720.8333333333334,707.0,145,True,-1.0563308338420003,-1.0563308338420003,-2.1126616676840007
281,2,735.5,1050.0,149,True,-1.3314824708569808,-1.3314824708569808,-2.6629649417139616
281,3,799.3333333333334,1413.0,155,True,-1.6568989143446082,-1.6568989143446082,-3.3137978286892165
282,0,707.6666666666666,1047.0,150,True,-1.309451279488823,-1.309451279488823,-2.618902558977646
282,1,625.8333333333334,867.0,147,True,-1.1125429046539275,-1.1125429046539275,-2.225085809307855
282,2,733.3333333333334,1003.0,148,True,-1.2936683038559307,-1.2936683038559307,-2.5873366077118614
282,3,695.3333333333334,1107.0,151,True,-1.3470292417908902,-1.3470292417908902,-2.6940584835817805
283,0,637.6666666666667,718.0,144,True,-1.0059114281132486,-1.0059114281132486,-2.0118228562264973
283,1,649.5,556.0,143,True,-0.8892452159492577,-0.8892452159492577,-1.7784904318985153
283,2,745.3333333333333,740.0,145,True,-1.0991579717115254,-1.0991579717115254,-2.198315943423051
283,3,837.8333333333334,1468.0,156,True,-1.726624682466091,-1.726624682466091,-3.453249364932182
284,0,704.0000000000001,825.0,147,True,-1.1354916218753714,-1.1354916218753714,-2.270983243750743
284,1,747.5,1172.0,152,True,-1.4341546937106466,-1.4341546937106466,-2.8683093874212933
284,2,841.3333333333333,1337.0,154,True,-1.6279846159843099,-1.6279846159843099,-3.2559692319686198
284,3,699.3333333333333,897.0,147,True,-1.187763029184927,-1.187763029184927,-2.375526058369854
285,0,738.5,1231.0,152,True,-1.4733218889787338,-1.4733218889787338,-2.9466437779574677
285,1,732.8333333333334,1213.0,153,True,-1.455413708953481,-1.455413708953481,-2.910827417906962
285,2,870.3333333333334,1539.0,157,True,-1.8044508501603556,-1.8044508501603556,-3.608901700320711
285,3,759.8333333333334,1093.0,151,True,-1.38191057934374,-1.38191057934374,-2.76382115868748
286,0,651.5,623.0,144,True,-0.9423793809700892,-0.9423793809700892,-1.8847587619401784
286,1,759.5,970.0,149,True,-1.286730428721781,-1.286730428721781,-2.573460857443562
286,2,747.1666666666666,1117.0,152,True,-1.3914639294260094,-1.3914639294260094,-2.7829278588520188
286,3,722.1666666666666,1083.0,150,True,-1.3475107184602884,-1.3475107184602884,-2.6950214369205767
287,0,674.5,1078.0,149,True,-1.309886964159286,-1.309886964159286,-2.619773928318572
287,1,703.6666666666666,989.0,149,True,-1.2618475577065187,-1.2618475577065187,-2.5236951154130374
287,2,764.6666666666666,1109.0,149,True,-1.3976846699619137,-1.3976846699619137,-2.7953693399238273
287,3,657.8333333333334,843.0,147,True,-1.1166841416680513,-1.1166841416680513,-2.2333682833361026
288,0,743.8333333333333,1180.0,150,True,-1.437732666355783,-1.437732666355783,-2.875465332711566
288,1,755.5,1213.0,153,True,-1.47146943175615,-1.47146943175615,-2.9429388635123
288,2,737.0,831.0,145,True,-1.1634982818090194,-1.1634982818090194,-2.3269965636180387
288,3,794.5,1410.0,156,True,-1.6511595593497455,-1.6511595593497455,-3.302319118699491
289,0,750.5,1097.0,149,True,-1.3783870103271891,-1.3783870103271891,-2.7567740206543783
289,1,618.8333333333334,680.0,145,True,-0.9632387072431168,-0.9632387072431168,-1.9264774144862336
289,2,702.3333333333333,1048.0,149,True,-1.306445365099038,-1.306445365099038,-2.612890730198076
289,3,791.3333333333333,1213.0,153,True,-1.496851640598603,-1.496851640598603,-2.993703281197206
290,0,699.8333333333334,924.0,149,True,-1.2089585735277457,-1.2089585735277457,-2.4179171470554914
290,1,693.8333333333334,713.0,145,True,-1.0418370510627037,-1.0418370510627037,-2.0836741021254075
290,2,689.5,982.0,149,True,-1.2464094117730682,-1.2464094117730682,-2.4928188235461364
290,3,644.5,682.0,145,True,-0.9829632576619411,-0.9829632576619411,-1.9659265153238823
291,0,661.8333333333334,556.0,143,True,-0.8979814180624741,-0.8979814180624741,-1.7959628361249482
291,1,659.8333333333334,644.0,144,True,-0.9644921777811252,-0.9644921777811252,-1.9289843555622503
291,2,850.4999999999999,1455.0,156,True,-1.7255622625266231,-1.7255622625266231,-3.4511245250532463
291,3,698.8333333333334,839.0,147,True,-1.1426384998942118,-1.1426384998942118,-2.2852769997884237
292,0,641.8333333333334,704.0,144,True,-0.9980562093825256,-0.9980562093825256,-1.9961124187650512
292,1,673.5,746.0,145,True,-1.0529069136828337,-1.0529069136828337,-2.1058138273656675
292,2,669.1666666666666,818.0,147,True,-1.1054144345630172,-1.1054144345630172,-2.2108288691260345
292,3,722.5,1087.0,149,True,-1.3508344429919348,-1.3508344429919348,-2.7016688859838696
293,0,738.6666666666667,1239.0,153,True,-1.4796151676860858,-1.4796151676860858,-2.9592303353721716
293,1,651.5,556.0,143,True,-0.8906618973730226,-0.8906618973730226,-1.7813237947460452
293,2,632.8333333333334,718.0,145,True,-1.0024877813391495,-1.0024877813391495,-2.004975562678299
293,3,653.8333333333334,602.0,143,True,-0.9278222184191323,-0.9278222184191323,-1.8556444368382645
294,0,693.5,915.0,148,True,-1.1975252910235314,-1.1975252910235314,-2.395050582047063
294,1,639.5,828.0,147,True,-1.0921193541797198,-1.0921193541797198,-2.1842387083594397
294,2,716.3333333333333,1008.0,148,True,-1.2854860254552027,-1.2854860254552027,-2.5709720509104055
294,3,743.5,1180.0,152,True,-1.437496552785155,-1.437496552785155,-2.87499310557031
295,0,706.3333333333333,1012.0,149,True,-1.2814902292973975,-1.2814902292973975,-2.562980458594795
295,1,667.3333333333334,921.0,149,True,-1.183621792170803,-1.183621792170803,-2.367243584341606
295,2,640.3333333333333,787.0,147,True,-1.0610616257558445,-1.0610616257558445,-2.122123251511689
295,3,637.8333333333334,556.0,143,True,-0.8809812409772961,-0.8809812409772961,-1.7619624819545923
296,0,652.8333333333334,706.0,145,True,-1.0073917626937414,-1.0073917626937414,-2.014783525387483
296,1,623.5,729.0,145,True,-1.0043675315043827,-1.0043675315043827,-2.0087350630087655
296,2,812.4999999999999,1494.0,156,True,-1.7287495223450258,-1.7287495223450258,-3.4574990446900515
296,3,650.8333333333334,556.0,143,True,-0.8901896702317675,-0.8901896702317675,-1.780379340463535
297,0,696.5,719.0,146,True,-1.048357376069252,-1.048357376069252,-2.096714752138504
297,1,704.6666666666667,1094.0,150,True,-1.343605686145148,-1.343605686145148,-2.687211372290296
297,2,838.5,1427.0,155,True,-1.6954488972569017,-1.6954488972569017,-3.3908977945138035
297,3,623.8333333333334,661.0,145,True,-0.9521142587376886,-0.9521142587376886,-1.9042285174753772
298,0,662.5,621.0,144,True,-0.9486273233202865,-0.9486273233202865,-1.897254646640573
298,1,721.3333333333334,911.0,148,True,-1.2141531632099063,-1.2141531632099063,-2.4283063264198126
298,2,696.5,878.0,148,True,-1.1710899117697537,-1.1710899117697537,-2.3421798235395075
298,3,697.1666666666666,943.0,149,True,-1.2217358170275658,-1.2217358170275658,-2.4434716340551317
299,0,654.6666666666667,675.0,143,True,-0.984761402384296,-0.984761402384296,-1.969522804768592
299,1,733.0,1281.0,153,True,-1.5080211520761166,-1.5080211520761166,-3.0160423041522333
299,2,722.1666666666666,1253.0,153,True,-1.4787341843035915,-1.4787341843035915,-2.957468368607183
299,3,623.8333333333333,621.0,144,True,-0.9212381491274996,-0.9212381491274996,-1.8424762982549991
300,0,616.8333333333334,556.0,143,True,-0.8661060860277654,-0.8661060860277654,-1.7322121720555308
300,1,710.6666666666666,789.0,147,True,-1.1124253946387503,-1.1124253946387503,-2.2248507892775007
300,2,672.3333333333334,904.0,147,True,-1.1740411491458846,-1.1740411491458846,-2.3480822982917693
300,3,599.5,556.0,143,True,-0.853828180355137,-0.853828180355137,-1.707656360710274
301,0,630.5,584.0,144,True,-0.8974000191506244,-0.8974000191506244,-1.7948000383012488
301,1,669.5,906.0,148,True,-1.1735779892760607,-1.1735779892760607,-2.3471559785521214
301,2,633.5,556.0,143,True,-0.877911764559139,-0.877911764559139,-1.755823529118278
301,3,643.6666666666667,618.0,144,True,-0.9329711983590699,-0.9329711983590699,-1.8659423967181399
302,0,819.6666666666666,1436.0,155,True,-1.6890556051787422,-1.6890556051787422,-3.3781112103574844
302,1,689.5,1013.0,150,True,-1.270338396720965,-1.270338396720965,-2.54067679344193
302,2,652.8333333333334,584.0,144,True,-0.9132196283826647,-0.9132196283826647,-1.8264392567653294
302,3,605.5,556.0,143,True,-0.8580782246264315,-0.8580782246264315,-1.716156449252863
303,0,712.3333333333333,1213.0,153,True,-1.4408927243598924,-1.4408927243598924,-2.8817854487197847
303,1,625.8333333333334,765.0,146,True,-1.033808825147945,-1.033808825147945,-2.06761765029589
303,2,607.8333333333334,556.0,143,True,-0.8597310196208235,-0.8597310196208235,-1.719462039241647
303,3,741.1666666666666,1047.0,151,True,-1.3331806933368835,-1.3331806933368835,-2.666361386673767
304,0,600.8333333333334,641.0,144,True,-0.9203843675592988,-0.9203843675592988,-1.8407687351185975
304,1,740.1666666666666,1111.0,151,True,-1.3818741280013034,-1.3818741280013034,-2.7637482560026068
304,2,616.8333333333334,641.0,143,True,-0.9317178189494173,-0.9317178189494173,-1.8634356378988346
304,3,666.8333333333334,641.0,144,True,-0.967134854543538,-0.967134854543538,-1.934269709087076
305,0,629.3333333333333,621.0,144,True,-0.925134023042853,-0.925134023042853,-1.850268046085706
305,1,675.1666666666666,1071.0,148,True,-1.304955872118758,-1.304955872118758,-2.609911744237516
305,2,634.8333333333334,641.0,144,True,-0.9444679517633008,-0.9444679517633008,-1.8889359035266016
305,3,857.4999999999999,1443.0,154,True,-1.7212578146267439,-1.7212578146267439,-3.4425156292534878
306,0,734.6666666666666,1109.0,149,True,-1.3764344486054412,-1.3764344486054412,-2.7528688972108823
306,1,591.5,664.0,143,True,-0.9315269506075878,-0.9315269506075878,-1.8630539012151757
306,2,734.0,926.0,148,True,-1.2347040199975712,-1.2347040199975712,-2.4694080399951424
306,3,600.8333333333334,556.0,143,True,-0.8547726346376469,-0.8547726346376469,-1.7095452692752937
307,0,802.1666666666667,1359.0,152,True,-1.6172231317211856,-1.6172231317211856,-3.234446263442371
307,1,785.6666666666666,1370.0,154,True,-1.6140264401179292,-1.6140264401179292,-3.2280528802358583
307,2,796.3333333333333,1287.0,154,True,-1.5575141469368654,-1.5575141469368654,-3.115028293873731
307,3,741.1666666666666,1240.0,152,True,-1.4821579222060464,-1.4821579222060464,-2.9643158444120927
308,0,791.0,1605.0,156,True,-1.799201401207829,-1.799201401207829,-3.598402802415658
308,1,694.6666666666667,1037.0,149,True,-1.2925238228318046,-1.2925238228318046,-2.585047645663609
308,2,761.1666666666666,1158.0,153,True,-1.433028711742807,-1.433028711742807,-2.866057423485614
308,3,671.1666666666666,796.0,146,True,-1.089849255701178,-1.089849255701178,-2.179698511402356
309,0,764.0,1359.0,154,True,-1.5901881278843406,-1.5901881278843406,-3.180376255768681
309,1,699.3333333333333,1022.0,149,True,-1.2842508717167678,-1.2842508717167678,-2.5685017434335355
309,2,627.5,620.0,143,True,-0.923063495664147,-0.923063495664147,-1.846126991328294
309,3,670.1666666666666,921.0,148,True,-1.1856287575211364,-1.1856287575211364,-2.371257515042273
310,0,698.5,803.0,147,True,-1.1146138876744136,-1.1146138876744136,-2.229227775348827
310,1,652.8333333333334,829.0,146,True,-1.1023357997450731,-1.1023357997450731,-2.2046715994901462
310,2,726.3333333333334,1095.0,151,True,-1.3597249709761887,-1.3597249709761887,-2.7194499419523774
310,3,661.1666666666666,781.0,145,True,-1.0711873074785332,-1.0711873074785332,-2.1423746149570664
311,0,788.6666666666667,1119.0,151,True,-1.422403874449639,-1.422403874449639,-2.844807748899278
311,1,774.9999999999999,1004.0,149,True,-1.3239544029246184,-1.3239544029246184,-2.647908805849237
311,2,791.6666666666667,1267.0,153,True,-1.538770502142986,-1.538770502142986,-3.077541004285972
311,3,770.6666666666667,1484.0,156,True,-1.6913982418287312,-1.6913982418287312,-3.3827964836574624
312,0,773.8333333333334,1056.0,149,True,-1.3632669479206687,-1.3632669479206687,-2.7265338958413374
312,1,762.0,906.0,147,True,-1.239099505125184,-1.239099505125184,-2.478199010250368
312,2,721.6666666666667,739.0,145,True,-1.0816220054567207,-1.0816220054567207,-2.1632440109134414
312,3,727.1666666666666,1206.0,151,True,-1.4459964590710317,-1.4459964590710317,-2.8919929181420634
313,0,678.5,920.0,148,True,-1.1907596940465692,-1.1907596940465692,-2.3815193880931385
313,1,668.8333333333334,822.0,146,True,-1.1082659319534085,-1.1082659319534085,-2.216531863906817
313,2,756.5,1370.0,154,True,-1.5933665026880246,-1.5933665026880246,-3.186733005376049
313,3,810.6666666666666,1605.0,158,True,-1.8131321018748494,-1.8131321018748494,-3.626264203749699
314,0,675.8333333333334,652.0,144,True,-0.9820008510932817,-0.9820008510932817,-1.9640017021865634
314,1,684.8333333333334,816.0,147,True,-1.1149679669019992,-1.1149679669019992,-2.2299359338039983
314,2,744.8333333333334,1244.0,152,True,-1.4878427824439675,-1.4878427824439675,-2.975685564887935
314,3,668.8333333333334,782.0,147,True,-1.0773898223432197,-1.0773898223432197,-2.1547796446864393
315,0,628.8333333333334,689.0,145,True,-0.9772692390242332,-0.9772692390242332,-1.9545384780484665
315,1,602.5,556.0,143,True,-0.8559532024907841,-0.8559532024907841,-1.7119064049815682
315,2,647.5,692.0,144,True,-0.9928073072001358,-0.9928073072001358,-1.9856146144002715
315,3,686.3333333333334,978.0,148,True,-1.2410787218910881,-1.2410787218910881,-2.4821574437821763
316,0,616.8333333333334,584.0,144,True,-0.8877193627548978,-0.8877193627548978,-1.7754387255097956
316,1,668.8333333333334,716.0,145,True,-1.0264442414864077,-1.0264442414864077,-2.0528884829728153
316,2,630.8333333333334,691.0,145,True,-0.9802297259285077,-0.9802297259285077,-1.9604594518570153
316,3,743.1666666666666,1224.0,152,True,-1.4712241597857354,-1.4712241597857354,-2.942448319571471
317,0,633.5,676.0,145,True,-0.970540093389706,-0.970540093389706,-1.941080186779412
317,1,649.5,718.0,145,True,-1.0142934598705236,-1.0142934598705236,-2.028586919741047
317,2,684.8333333333334,883.0,147,True,-1.1666854504990658,-1.1666854504990658,-2.3333709009981316
317,3,654.5,563.0,143,True,-0.898190238690453,-0.898190238690453,-1.796380477380906
318,0,633.5,772.0,146,True,-1.0446427564541603,-1.0446427564541603,-2.0892855129083205
318,1,759.5,1058.0,150,True,-1.3546578698641962,-1.3546578698641962,-2.7093157397283925
318,2,678.1666666666666,822.0,146,True,-1.1148771119309777,-1.1148771119309777,-2.2297542238619554
318,3,678.8333333333334,714.0,145,True,-1.0319838431247221,-1.0319838431247221,-2.0639676862494443
319,0,588.5,545.0,142,True,-0.8375455023816282,-0.8375455023816282,-1.6750910047632563
319,1,706.0,895.0,147,True,-1.1909414951169666,-1.1909414951169666,-2.381882990233933
319,2,678.5,868.0,148,True,-1.150620751553323,-1.150620751553323,-2.301241503106646
319,3,612.5,787.0,146,True,-1.0413461426084503,-1.0413461426084503,-2.0826922852169005
320,0,816.3333333333334,1477.0,156,True,-1.7183424818229114,-1.7183424818229114,-3.4366849636458228
320,1,661.1666666666666,847.0,147,True,-1.122132888335345,-1.122132888335345,-2.24426577667069
320,2,647.5,591.0,144,True,-0.9148451304344082,-0.9148451304344082,-1.8296902608688164
320,3,819.6666666666666,1458.0,155,True,-1.706037465464346,-1.706037465464346,-3.412074930928692
321,0,620.5,641.0,143,True,-0.9343150682263197,-0.9343150682263197,-1.8686301364526394
321,1,632.8333333333334,641.0,144,True,-0.9430512703395361,-0.9430512703395361,-1.8861025406790721
321,2,670.0,883.0,147,True,-1.1561783966061434,-1.1561783966061434,-2.312356793212287
321,3,602.5,556.0,143,True,-0.855953202490784,-0.855953202490784,-1.711906404981568
322,0,673.3333333333334,720.0,145,True,-1.0327193856508972,-1.0327193856508972,-2.0654387713017943
322,1,620.5,641.0,144,True,-0.9343150682263194,-0.9343150682263194,-1.8686301364526388
322,2,657.1666666666666,840.0,146,True,-1.1138962063060325,-1.1138962063060325,-2.227792412612065
322,3,630.5,556.0,143,True,-0.8757867424234917,-0.8757867424234917,-1.7515734848469835
323,0,617.8333333333334,556.0,143,True,-0.8668144267396479,-0.8668144267396479,-1.7336288534792959
323,1,639.8333333333334,691.0,145,True,-0.9866047923354494,-0.9866047923354494,-1.9732095846708988
323,2,659.8333333333334,591.0,144,True,-0.923581332547625,-0.923581332547625,-1.84716266509525
323,3,635.8333333333334,556.0,143,True,-0.8795645595535314,-0.8795645595535314,-1.7591291191070628
324,0,628.1666666666666,703.0,145,True,-0.9876036502465444,-0.9876036502465444,-1.9752073004930888
324,1,624.5,641.0,144,True,-0.9371484310738493,-0.9371484310738493,-1.8742968621476985
324,2,623.8333333333334,556.0,143,True,-0.8710644710109423,-0.8710644710109423,-1.7421289420218846
324,3,594.5,621.0,144,True,-0.9004601549122822,-0.9004601549122822,-1.8009203098245643
325,0,630.5,707.0,145,True,-0.9923440562019559,-0.9923440562019559,-1.9846881124039117
325,1,666.8333333333334,676.0,145,True,-0.9941514504524538,-0.9941514504524538,-1.9883029009049076
325,2,612.5,641.0,144,True,-0.92864834253126,-0.92864834253126,-1.85729668506252
325,3,605.6666666666667,492.0,142,True,-0.8087945060354426,-0.8087945060354426,-1.6175890120708851
326,0,630.5,621.0,144,True,-0.925960420540049,-0.925960420540049,-1.851920841080098
326,1,634.8333333333334,584.0,144,True,-0.9004694955687814,-0.9004694955687814,-1.8009389911375628
326,2,615.5,641.0,144,True,-0.9307733646669072,-0.9307733646669072,-1.8615467293338144
326,3,616.8333333333334,641.0,144,True,-0.9317178189494172,-0.9317178189494172,-1.8634356378988344
327,0,588.5,556.0,143,True,-0.8460364325244305,-0.8460364325244305,-1.692072865048861
327,1,625.8333333333334,556.0,143,True,-0.8724811524347071,-0.8724811524347071,-1.7449623048694143
327,2,619.5,556.0,143,True,-0.8679949945927852,-0.8679949945927852,-1.7359899891855703
327,3,622.8333333333334,556.0,143,True,-0.87035613029906,-0.87035613029906,-1.74071226059812
328,0,736.6666666666667,1234.0,153,True,-1.4743389725610472,-1.4743389725610472,-2.9486779451220944
328,1,639.5,633.0,144,True,-0.9415983198300477,-0.9415983198300477,-1.8831966396600954
328,2,678.3333333333333,939.0,147,True,-1.2053077893260944,-1.2053077893260944,-2.410615578652189
328,3,768.3333333333333,1213.0,153,True,-1.4805598042253079,-1.4805598042253079,-2.9611196084506157
329,0,693.5,783.0,146,True,-1.0956341293099074,-1.0956341293099074,-2.191268258619815
329,1,580.8333333333333,506.0,142,True,-0.8020106833872619,-0.8020106833872619,-1.6040213667745238
329,2,694.8333333333334,971.0,149,True,-1.2416962987603057,-1.2416962987603057,-2.4833925975206115
329,3,630.5,641.0,144,True,-0.9413984753451439,-0.9413984753451439,-1.8827969506902877
330,0,616.8333333333334,556.0,143,True,-0.8661060860277655,-0.8661060860277655,-1.732212172055531
330,1,610.8333333333334,556.0,143,True,-0.861856041756471,-0.861856041756471,-1.723712083512942
330,2,623.8333333333334,556.0,142,True,-0.8710644710109424,-0.8710644710109424,-1.7421289420218848
330,3,627.5,702.0,145,True,-0.9863595203650344,-0.9863595203650344,-1.9727190407300688
331,0,614.8333333333334,641.0,144,True,-0.9303011375256525,-0.9303011375256525,-1.860602275051305
331,1,609.8333333333334,641.0,144,True,-0.9267594339662406,-0.9267594339662406,-1.8535188679324812
331,2,671.0,898.0,148,True,-1.1684652784218466,-1.1684652784218466,-2.336930556843693
331,3,666.8333333333334,591.0,144,True,-0.9285397175308018,-0.9285397175308018,-1.8570794350616036
332,0,687.0,928.0,148,True,-1.2029558120196069,-1.2029558120196069,-2.4059116240392138
332,1,585.8333333333334,641.0,144,True,-0.9097592568810626,-0.9097592568810626,-1.8195185137621253
332,2,623.5,784.0,146,True,-1.046822182218393,-1.046822182218393,-2.093644364436786
332,3,591.8333333333334,556.0,143,True,-0.8483975682307047,-0.8483975682307047,-1.6967951364614093
333,0,699.8333333333334,969.0,149,True,-1.2436941968392086,-1.2436941968392086,-2.487388393678417
333,1,605.5,621.0,144,True,-0.9082519027429888,-0.9082519027429888,-1.8165038054859777
333,2,605.6666666666667,574.0,142,True,-0.8720905307363304,-0.8720905307363304,-1.7441810614726607
333,3,627.8333333333334,569.0,143,True,-0.8839325694817836,-0.8839325694817836,-1.7678651389635671
334,0,718.6666666666666,798.0,146,True,-1.1250392449961022,-1.1250392449961022,-2.2500784899922044
334,1,738.5,1082.0,150,True,-1.3583083806807796,-1.3583083806807796,-2.7166167613615593
334,2,708.3333333333334,1008.0,150,True,-1.2798192997601434,-1.2798192997601434,-2.559638599520287
334,3,693.5,1098.0,151,True,-1.3387834924901465,-1.3387834924901465,-2.677566984980293
335,0,615.8333333333334,642.0,144,True,-0.9317813809777897,-0.9317813809777897,-1.8635627619555795
335,1,663.3333333333333,635.0,145,True,-0.9600242456104212,-0.9600242456104212,-1.9200484912208424
335,2,681.3333333333333,1026.0,150,True,-1.2745883498639032,-1.2745883498639032,-2.5491766997278065
335,3,594.5,556.0,143,True,-0.8502864767957249,-0.8502864767957249,-1.7005729535914498
336,0,591.8333333333333,641.0,144,True,-0.9140093011523569,-0.9140093011523569,-1.8280186023047138
336,1,751.6666666666667,1165.0,152,True,-1.431702794161707,-1.431702794161707,-2.863405588323414
336,2,620.5,771.0,146,True,-1.034662424459434,-1.034662424459434,-2.069324848918868
336,3,657.5,633.0,144,True,-0.954348452643931,-0.954348452643931,-1.908696905287862
337,0,668.8333333333334,695.0,144,True,-1.0102342839410583,-1.0102342839410583,-2.0204685678821166
337,1,721.5,1024.0,148,True,-1.301496229644004,-1.301496229644004,-2.602992459288008
337,2,724.8333333333334,973.0,149,True,-1.264490325597288,-1.264490325597288,-2.528980651194576
337,3,813.5,1445.0,155,True,-1.6916346287844262,-1.6916346287844262,-3.3832692575688523
338,0,737.5,1132.0,151,True,-1.3961951769816336,-1.3961951769816336,-2.7923903539632673
338,1,652.5,632.0,144,True,-0.9500348463442643,-0.9500348463442643,-1.9000696926885285
338,2,613.8333333333333,633.0,144,True,-0.923417574891732,-0.923417574891732,-1.846835149783464
338,3,819.6666666666666,1455.0,156,True,-1.7037217572435814,-1.7037217572435814,-3.407443514487163
339,0,746.6666666666667,1117.0,152,True,-1.3911097590700674,-1.3911097590700674,-2.782219518140135
339,1,739.6666666666667,1219.0,152,True,-1.4648854535928733,-1.4648854535928733,-2.9297709071857465
339,2,612.8333333333333,556.0,143,True,-0.8632727231802355,-0.8632727231802355,-1.726545446360471
339,3,687.5,965.0,148,True,-1.2318703837649734,-1.2318703837649734,-2.4637407675299468
340,0,591.5,669.0,145,True,-0.9353864643088621,-0.9353864643088621,-1.8707729286177242
340,1,612.5,711.0,143,True,-0.9826815343490911,-0.9826815343490911,-1.9653630686981822
340,2,707.8333333333334,1316.0,154,True,-1.5172111734026585,-1.5172111734026585,-3.034422346805317
340,3,728.6666666666667,904.0,148,True,-1.2139443425819278,-1.2139443425819278,-2.4278886851638557
341,0,602.5,706.0,145,True,-0.9717386135289935,-0.9717386135289935,-1.943477227057987
341,1,713.5,907.0,147,True,-1.2055168833391416,-1.2055168833391416,-2.4110337666782833
341,2,607.3333333333333,666.0,145,True,-0.9442861506929028,-0.9442861506929028,-1.8885723013858056
341,3,752.1666666666666,1343.0,154,True,-1.5694556522829897,-1.5694556522829897,-3.1389113045659793
342,0,599.6666666666667,556.0,143,True,-0.8539462371404506,-0.8539462371404506,-1.7078924742809012
342,1,612.5,556.0,143,True,-0.8630366096096084,-0.8630366096096084,-1.7260732192192167
342,2,724.1666666666666,1265.0,152,True,-1.4894136986104134,-1.4894136986104134,-2.978827397220827
342,3,802.3333333333334,1448.0,156,True,-1.68604053238917,-1.68604053238917,-3.37208106477834
343,0,635.5,641.0,144,True,-0.9449401789045558,-0.9449401789045558,-1.8898803578091117
343,1,578.5,556.0,142,True,-0.8389530254056062,-0.8389530254056062,-1.6779060508112125
343,2,726.5,1162.0,150,True,-1.4115605113585687,-1.4115605113585687,-2.8231210227171375
343,3,758.6666666666666,1373.0,151,True,-1.5972169491178674,-1.5972169491178674,-3.1944338982357348
344,0,727.0,1082.0,150,True,-1.350162462494132,-1.350162462494132,-2.700324924988264
344,1,842.5,1529.0,156,True,-1.7770163396104144,-1.7770163396104144,-3.5540326792208288
344,2,665.5,584.0,144,True,-0.9221919440665088,-0.9221919440665088,-1.8443838881330177
344,3,711.5,977.0,148,True,-1.258133393733208,-1.258133393733208,-2.516266787466416
345,0,629.5,633.0,144,True,-0.9345149127112232,-0.9345149127112232,-1.8690298254224464
345,1,598.8333333333333,556.0,143,True,-0.8533559532138822,-0.8533559532138822,-1.7067119064277645
345,2,686.1666666666666,847.0,146,True,-1.1398414061324054,-1.1398414061324054,-2.2796828122648107
345,3,734.5,1114.0,150,True,-1.380175905521401,-1.380175905521401,-2.760351811042802
346,0,632.8333333333334,556.0,143,True,-0.8774395374178839,-0.8774395374178839,-1.7548790748357679
346,1,620.5,648.0,144,True,-0.9397183874081027,-0.9397183874081027,-1.8794367748162053
346,2,633.5,641.0,144,True,-0.9435234974807908,-0.9435234974807908,-1.8870469949615816
346,3,629.5,741.0,146,True,-1.017880408658734,-1.017880408658734,-2.035760817317468
347,0,659.8333333333334,633.0,144,True,-0.9560012476383233,-0.9560012476383233,-1.9120024952766466
347,1,644.8333333333333,691.0,145,True,-0.9901464958948611,-0.9901464958948611,-1.9802929917897223
347,2,605.6666666666667,574.0,143,True,-0.8720905307363304,-0.8720905307363304,-1.7441810614726607
347,3,607.6666666666667,647.0,143,True,-0.9298561121986902,-0.9298561121986902,-1.8597122243973805
348,0,690.5,860.0,147,True,-1.1529456181738742,-1.1529456181738742,-2.3058912363477484
348,1,606.3333333333333,556.0,143,True,-0.8586685085529999,-0.8586685085529999,-1.7173370171059998
348,2,659.8333333333334,591.0,144,True,-0.9235813325476249,-0.9235813325476249,-1.8471626650952497
348,3,626.1666666666666,632.0,144,True,-0.9313818742646938,-0.9313818742646938,-1.8627637485293875
349,0,714.3333333333334,958.0,149,True,-1.2454742070187017,-1.2454742070187017,-2.4909484140374034
349,1,708.8333333333334,1086.0,151,True,-1.3403818838559536,-1.3403818838559536,-2.680763767711907
349,2,641.6666666666667,739.0,146,True,-1.0249547485061272,-1.0249547485061272,-2.0499094970122544
349,3,655.8333333333334,633.0,144,True,-0.9531678847907938,-0.9531678847907938,-1.9063357695815877
350,0,657.5,805.0,146,True,-1.0871157239677443,-1.0871157239677443,-2.1742314479354885
350,1,666.8333333333334,691.0,144,True,-1.0057299915562745,-1.0057299915562745,-2.011459983112549
350,2,729.6666666666667,1053.0,151,True,-1.3296661915917638,-1.3296661915917638,-2.6593323831835276
350,3,612.5,676.0,145,True,-0.9556649384401755,-0.9556649384401755,-1.911329876880351
351,0,693.5,876.0,147,True,-1.1674210841535972,-1.1674210841535972,-2.3348421683071945
351,1,657.5,789.0,147,True,-1.0747652801236685,-1.0747652801236685,-2.149530560247337
351,2,654.5,791.0,146,True,-1.074184063468531,-1.074184063468531,-2.148368126937062
351,3,684.8333333333334,781.0,146,True,-1.0879513709930835,-1.0879513709930835,-2.175902741986167
352,0,660.1666666666666,666.0,144,True,-0.9817101516373568,-0.9817101516373568,-1.9634203032747135
352,1,659.8333333333334,619.0,144,True,-0.9451946092747571,-0.9451946092747571,-1.8903892185495141
352,2,620.5,556.0,143,True,-0.8687033353046679,-0.8687033353046679,-1.7374066706093358
352,3,615.5,746.0,146,True,-1.011823152393654,-1.011823152393654,-2.023646304787308
353,0,612.5,556.0,143,True,-0.8630366096096084,-0.8630366096096084,-1.7260732192192167
353,1,655.8333333333334,839.0,148,True,-1.1121798492832675,-1.1121798492832675,-2.224359698566535
353,2,657.5,761.0,146,True,-1.0531520033965363,-1.0531520033965363,-2.1063040067930725
353,3,642.1666666666666,658.0,144,True,-0.9627847969014355,-0.9627847969014355,-1.925569593802871
354,0,609.8333333333333,641.0,143,True,-0.9267594339662402,-0.9267594339662402,-1.8535188679324803
354,1,608.6666666666667,633.0,143,True,-0.9197578145470066,-0.9197578145470066,-1.8395156290940131
354,2,627.8333333333334,698.0,145,True,-0.9835080229746433,-0.9835080229746433,-1.9670160459492867
354,3,663.5,869.0,146,True,-1.1407675436153415,-1.1407675436153415,-2.281535087230683
355,0,652.8333333333334,640.0,144,True,-0.9564461818369296,-0.9564461818369296,-1.9128923636738593
355,1,652.8333333333333,718.0,144,True,-1.016654595576798,-1.016654595576798,-2.033309191153596
355,2,756.5,1225.0,152,True,-1.4814406053510891,-1.4814406053510891,-2.9628812107021782
355,3,665.5,633.0,143,True,-0.9600151783389904,-0.9600151783389904,-1.9200303566779808
356,0,616.8333333333334,696.0,145,True,-0.9741724696634273,-0.9741724696634273,-1.9483449393268546
356,1,684.8333333333334,796.0,147,True,-1.0995299120969044,-1.0995299120969044,-2.199059824193809
356,2,630.5,718.0,145,True,-1.0008349863447574,-1.0008349863447574,-2.001669972689515
356,3,639.5,696.0,145,True,-0.9902281924660953,-0.9902281924660953,-1.9804563849321906
357,0,619.8333333333334,781.0,145,True,-1.0419092247207262,-1.0419092247207262,-2.0838184494414524
357,1,646.8333333333334,781.0,146,True,-1.0610344239415517,-1.0610344239415517,-2.1220688478831033
357,2,668.8333333333334,696.0,145,True,-1.011006186681313,-1.011006186681313,-2.022012373362626
357,3,689.8333333333334,781.0,146,True,-1.0914930745524953,-1.0914930745524953,-2.1829861491049907
358,0,631.5,633.0,144,True,-0.9359315941349882,-0.9359315941349882,-1.8718631882699763
358,1,643.8333333333334,633.0,144,True,-0.9446677962482047,-0.9446677962482047,-1.8893355924964095
358,2,666.8333333333334,718.0,145,True,-1.0265713655431519,-1.0265713655431519,-2.0531427310863037
358,3,665.3333333333333,946.0,147,True,-1.2015026792534063,-1.2015026792534063,-2.4030053585068125
359,0,612.5,718.0,145,True,-0.9880848535308744,-0.9880848535308744,-1.9761697070617488
359,1,681.6666666666667,1042.0,149,True,-1.2871749072786065,-1.2871749072786065,-2.574349814557213
359,2,634.8333333333334,872.0,148,True,-1.1227774847621426,-1.1227774847621426,-2.245554969524285
359,3,634.5,633.0,144,True,-0.9380566162706357,-0.9380566162706357,-1.8761132325412715
360,0,753.6666666666667,1196.0,152,True,-1.4570484605333682,-1.4570484605333682,-2.9140969210667365
360,1,639.5,633.0,144,True,-0.9415983198300474,-0.9415983198300474,-1.8831966396600948
360,2,640.1666666666666,688.0,145,True,-0.9845251976853123,-0.9845251976853123,-1.9690503953706247
360,3,651.5,733.0,145,True,-1.0272886823981093,-1.0272886823981093,-2.0545773647962187
361,0,658.1666666666666,879.0,147,True,-1.144708753887849,-1.144708753887849,-2.289417507775698
361,1,659.8333333333334,668.0,145,True,-0.983017843547239,-0.983017843547239,-1.966035687094478
361,2,609.8333333333334,641.0,144,True,-0.9267594339662404,-0.9267594339662404,-1.8535188679324808
361,3,785.1666666666666,1375.0,154,True,-1.617531783463261,-1.617531783463261,-3.235063566926522
362,0,675.8333333333334,683.0,145,True,-1.0059298360411784,-1.0059298360411784,-2.0118596720823567
362,1,639.5,633.0,144,True,-0.9415983198300476,-0.9415983198300476,-1.8831966396600952
362,2,642.0,814.0,147,True,-1.083083567595859,-1.083083567595859,-2.166167135191718
362,3,630.8333333333334,556.0,143,True,-0.8760228559941193,-0.8760228559941193,-1.7520457119882387
363,0,624.3333333333333,584.0,144,True,-0.893031918094016,-0.893031918094016,-1.786063836188032
363,1,646.8333333333334,718.0,145,True,-1.0124045513055038,-1.0124045513055038,-2.0248091026110075
363,2,639.5,696.0,145,True,-0.9902281924660953,-0.9902281924660953,-1.9804563849321906
363,3,683.1666666666666,802.0,146,True,-1.1029807606852955,-1.1029807606852955,-2.205961521370591
364,0,698.5,1051.0,150,True,-1.3060457672575865,-1.3060457672575865,-2.612091534515173
364,1,648.8333333333334,831.0,147,True,-1.101046242378053,-1.101046242378053,-2.202092484756106
364,2,761.5,1417.0,156,True,-1.633187635039409,-1.633187635039409,-3.266375270078818
364,3,763.5,1226.0,152,True,-1.4871708930745204,-1.4871708930745204,-2.974341786149041
365,0,594.8333333333334,641.0,144,True,-0.9161343232880041,-0.9161343232880041,-1.8322686465760083
365,1,656.5,648.0,144,True,-0.9652186530358695,-0.9652186530358695,-1.930437306071739
365,2,608.6666666666667,544.0,143,True,-0.8510584706643356,-0.8510584706643356,-1.7021169413286712
365,3,613.1666666666666,621.0,144,True,-0.9136825148674207,-0.9136825148674207,-1.8273650297348414
366,0,728.8333333333334,1279.0,153,True,-1.5035259269627645,-1.5035259269627645,-3.007051853925529
366,1,626.5,613.0,144,True,-0.9169518357704818,-0.9169518357704818,-1.8339036715409636
366,2,660.8333333333334,641.0,144,True,-0.9628848102722437,-0.9628848102722437,-1.9257696205444874
366,3,608.5,706.0,145,True,-0.9759886578002878,-0.9759886578002878,-1.9519773156005755
367,0,629.8333333333333,648.0,144,True,-0.9463295673856715,-0.9463295673856715,-1.892659134771343
367,1,618.8333333333333,768.0,146,True,-1.0311661483855323,-1.0311661483855323,-2.0623322967710647
367,2,625.3333333333333,718.0,145,True,-0.9971752260000318,-0.9971752260000318,-1.9943504520000637
367,3,645.8333333333334,725.0,145,True,-1.0170995297754046,-1.0170995297754046,-2.0341990595508093
368,0,623.5,641.0,144,True,-0.9364400903619668,-0.9364400903619668,-1.8728801807239337
368,1,671.8333333333334,768.0,146,True,-1.0687082061153004,-1.0687082061153004,-2.1374164122306007
368,2,668.8333333333334,724.0,146,True,-1.0326194634084451,-1.0326194634084451,-2.0652389268168903
368,3,641.1666666666666,711.0,146,True,-1.0029873014230537,-1.0029873014230537,-2.0059746028461074
369,0,650.5,563.0,143,True,-0.8953568758429234,-0.8953568758429234,-1.790713751685847
369,1,657.5,812.0,147,True,-1.0925190431495273,-1.0925190431495273,-2.1850380862990546
369,2,638.5,722.0,144,True,-1.009589323000836,-1.009589323000836,-2.019178646001672
369,3,769.8333333333334,1398.0,156,True,-1.6244243222402561,-1.6244243222402561,-3.2488486444805122
370,0,697.1666666666666,1004.0,149,True,-1.268821884183104,-1.268821884183104,-2.537643768366208
370,1,680.3333333333333,774.0,146,True,-1.0793605186078292,-1.0793605186078292,-2.1587210372156584
370,2,753.0000000000001,1068.0,151,True,-1.3577726826395085,-1.3577726826395085,-2.715545365279017
370,3,620.8333333333333,788.0,145,True,-1.0480208846143921,-1.0480208846143921,-2.0960417692287843
371,0,673.0,787.0,147,True,-1.0842007556773363,-1.0842007556773363,-2.1684015113546726
371,1,673.5,640.0,144,True,-0.9710852232158328,-0.9710852232158328,-1.9421704464316656
371,2,673.5,775.0,146,True,-1.0752920931502212,-1.0752920931502212,-2.1505841863004425
371,3,651.5,941.0,148,True,-1.187844452371093,-1.187844452371093,-2.375688904742186
372,0,688.8333333333334,775.0,146,True,-1.0861533173990845,-1.0861533173990845,-2.172306634798169
372,1,660.5,773.0,146,True,-1.0645398584152403,-1.0645398584152403,-2.1290797168304807
372,2,732.1666666666666,992.0,149,True,-1.284350976215932,-1.284350976215932,-2.568701952431864
372,3,725.6666666666667,971.0,148,True,-1.263536804043347,-1.263536804043347,-2.527073608086694
373,0,693.5,884.0,147,True,-1.1735963060756345,-1.1735963060756345,-2.347192612151269
373,1,659.8333333333334,633.0,144,True,-0.9560012476383234,-0.9560012476383234,-1.9120024952766468
373,2,670.6666666666667,836.0,147,True,-1.120371194955426,-1.120371194955426,-2.240742389910852
373,3,678.5,781.0,146,True,-1.0834652131511617,-1.0834652131511617,-2.1669304263023235
374,0,673.5,668.0,145,True,-0.9926984999429654,-0.9926984999429654,-1.9853969998859309
374,1,771.5,1167.0,150,True,-1.4472953570945515,-1.4472953570945515,-2.894590714189103
374,2,700.1666666666666,912.0,148,True,-1.1999318542153168,-1.1999318542153168,-2.3998637084306336
374,3,719.5,809.0,147,True,-1.1341204590654732,-1.1341204590654732,-2.2682409181309464
375,0,669.5,851.0,147,True,-1.1311233385620507,-1.1311233385620507,-2.2622466771241014
375,1,708.5,794.0,147,True,-1.1147501701309455,-1.1147501701309455,-2.229500340261891
375,2,704.1666666666666,842.0,148,True,-1.1487320252450155,-1.1487320252450155,-2.297464050490031
375,3,708.3333333333334,1008.0,149,True,-1.2798192997601439,-1.2798192997601439,-2.5596385995202877
376,0,712.5,792.0,146,True,-1.1160397274979657,-1.1160397274979657,-2.2320794549959313
376,1,627.8333333333334,718.0,145,True,-0.9989460777797381,-0.9989460777797381,-1.9978921555594762
376,2,699.5,969.0,149,True,-1.2434580832685809,-1.2434580832685809,-2.4869161665371617
376,3,671.0,716.0,145,True,-1.0279789796954864,-1.0279789796954864,-2.0559579593909727
377,0,644.5,725.0,145,True,-1.0161550754928945,-1.0161550754928945,-2.032310150985789
377,1,690.5,891.0,147,True,-1.1768746031217705,-1.1768746031217705,-2.353749206243541
377,2,591.8333333333334,746.0,146,True,-0.9950590888791035,-0.9950590888791035,-1.990118177758207
377,3,594.5,556.0,142,True,-0.850286476795725,-0.850286476795725,-1.70057295359145
378,0,659.8333333333334,753.0,146,True,-1.0486295764688909,-1.0486295764688909,-2.0972591529377818
378,1,619.5,633.0,144,True,-0.9274315055923994,-0.9274315055923994,-1.8548630111847988
378,2,627.6666666666667,749.0,145,True,-1.0227570059423208,-1.0227570059423208,-2.0455140118846415
378,3,654.6666666666667,743.0,145,True,-1.037250788721618,-1.037250788721618,-2.074501577443236
379,0,602.5,641.0,144,True,-0.9215649354124361,-0.9215649354124361,-1.8431298708248722
379,1,660.8333333333334,932.0,149,True,-1.1875085076863696,-1.1875085076863696,-2.3750170153727392
379,2,788.0,1180.0,151,True,-1.4690177144639223,-1.4690177144639223,-2.9380354289278445
379,3,616.3333333333333,661.0,145,True,-0.9468017033985707,-0.9468017033985707,-1.8936034067971415
380,0,639.5,633.0,144,True,-0.9415983198300478,-0.9415983198300478,-1.8831966396600957
380,1,602.5,669.0,145,True,-0.9431782121395685,-0.9431782121395685,-1.886356424279137
380,2,618.5,718.0,145,True,-0.992334897802169,-0.992334897802169,-1.984669795604338
380,3,699.5,809.0,147,True,-1.1199536448278247,-1.1199536448278247,-2.2399072896556493
381,0,762.6666666666667,1281.0,153,True,-1.5290352598619619,-1.5290352598619619,-3.0580705197239237
381,1,700.1666666666666,798.0,147,True,-1.1119349418262776,-1.1119349418262776,-2.2238698836525552
381,2,573.8333333333334,641.0,144,True,-0.9012591683384737,-0.9012591683384737,-1.8025183366769475
381,3,620.5,669.0,145,True,-0.9559283449534518,-0.9559283449534518,-1.9118566899069036
382,0,813.6666666666666,1443.0,155,True,-1.690208880089231,-1.690208880089231,-3.380417760178462
382,1,753.6666666666667,1352.0,155,True,-1.5774652880131066,-1.5774652880131066,-3.154930576026213
382,2,672.5,730.0,146,True,-1.0398481291268757,-1.0398481291268757,-2.0796962582537515
382,3,616.8333333333334,584.0,144,True,-0.8877193627548977,-0.8877193627548977,-1.7754387255097954
383,0,578.8333333333333,641.0,144,True,-0.9048008718978855,-0.9048008718978855,-1.809601743795771
383,1,602.5,641.0,144,True,-0.9215649354124362,-0.9215649354124362,-1.8431298708248725
383,2,612.5,641.0,144,True,-0.9286483425312604,-0.9286483425312604,-1.8572966850625208
383,3,705.8333333333334,1233.0,153,True,-1.4517265645377513,-1.4517265645377513,-2.9034531290755026
384,0,579.5,641.0,144,True,-0.9052730990391407,-0.9052730990391407,-1.8105461980782813
384,1,652.6666666666667,858.0,146,True,-1.1246029224271468,-1.1246029224271468,-2.2492058448542935
384,2,636.5,718.0,145,True,-1.0050850306160521,-1.0050850306160521,-2.0101700612321043
384,3,590.3333333333333,669.0,145,True,-0.9345600668116659,-0.9345600668116659,-1.8691201336233318
385,0,616.8333333333334,657.0,144,True,-0.9440682627934929,-0.9440682627934929,-1.8881365255869857
385,1,677.1666666666666,1139.0,151,True,-1.358861939879844,-1.358861939879844,-2.717723879759688
385,2,650.8333333333334,718.0,145,True,-1.0152379141530337,-1.0152379141530337,-2.0304758283060673
385,3,728.0,1346.0,155,True,-1.5546531266332624,-1.5546531266332624,-3.1093062532665248
386,0,695.3333333333333,1233.0,152,True,-1.444288987062986,-1.444288987062986,-2.888577974125972
386,1,648.5,713.0,145,True,-1.0097256054573676,-1.0097256054573676,-2.019451210914735
386,2,634.8333333333334,597.0,143,True,-0.9105042311920927,-0.9105042311920927,-1.8210084623841853
386,3,624.5,844.0,147,True,-1.093844687345559,-1.093844687345559,-2.187689374691118
387,0,625.8333333333334,732.0,146,True,-1.0083360347195391,-1.0083360347195391,-2.0166720694390783
387,1,600.8333333333334,641.0,144,True,-0.9203843675592986,-0.9203843675592986,-1.8407687351185973
387,2,659.8333333333334,676.0,145,True,-0.9891930654692767,-0.9891930654692767,-1.9783861309385533
387,3,609.8333333333334,710.0,145,True,-0.9800207230438166,-0.9800207230438166,-1.9600414460876332
388,0,620.5,641.0,144,True,-0.9343150682263194,-0.9343150682263194,-1.8686301364526388
388,1,592.3333333333333,556.0,143,True,-0.8487517385866463,-0.8487517385866463,-1.6975034771732926
388,2,601.5,641.0,144,True,-0.9208565947005537,-0.9208565947005537,-1.8417131894011074
388,3,630.5,641.0,144,True,-0.9413984753451436,-0.9413984753451436,-1.8827969506902873
389,0,638.5,746.0,146,True,-1.0281149887669496,-1.0281149887669496,-2.0562299775338992
389,1,642.8333333333333,858.0,147,True,-1.1176375720936358,-1.1176375720936358,-2.2352751441872716
389,2,594.5,556.0,143,True,-0.8502864767957248,-0.8502864767957248,-1.7005729535914496
389,3,625.8333333333334,641.0,144,True,-0.9380928853563592,-0.9380928853563592,-1.8761857707127183
390,0,597.8333333333334,714.0,144,True,-0.9746082454622469,-0.9746082454622469,-1.9492164909244938
390,1,602.5,641.0,144,True,-0.9215649354124359,-0.9215649354124359,-1.8431298708248718
390,2,675.5,978.0,149,True,-1.2334050308456956,-1.2334050308456956,-2.4668100616913913
390,3,581.5,577.0,142,True,-0.8572880050866025,-0.8572880050866025,-1.714576010173205
391,0,633.5,798.0,145,True,-1.0647122277007832,-1.0647122277007832,-2.1294244554015664
391,1,714.5,826.0,147,True,-1.1437011020903913,-1.1437011020903913,-2.2874022041807827
391,2,641.8333333333334,652.0,144,True,-0.9579172668892798,-0.9579172668892798,-1.9158345337785596
391,3,777.8333333333333,1519.0,158,True,-1.723491279506137,-1.723491279506137,-3.446982559012274
392,0,624.5,641.0,144,True,-0.9371484310738492,-0.9371484310738492,-1.8742968621476983
392,1,596.5,641.0,144,True,-0.9173148911411418,-0.9173148911411418,-1.8346297822822837
392,2,652.5,811.0,146,True,-1.0882054368498608,-1.0882054368498608,-2.1764108736997216
392,3,662.8333333333334,803.0,147,True,-1.089349735617274,-1.089349735617274,-2.178699471234548
393,0,599.5,556.0,143,True,-0.8538281803551369,-0.8538281803551369,-1.7076563607102737
393,1,645.8333333333334,647.0,145,True,-0.9568911160355357,-0.9568911160355357,-1.9137822320710713
393,2,648.5,563.0,143,True,-0.8939401944191582,-0.8939401944191582,-1.7878803888383163
393,3,607.3333333333333,658.0,145,True,-0.9381109287708647,-0.9381109287708647,-1.8762218575417293
394,0,591.5,641.0,144,True,-0.9137731875817297,-0.9137731875817297,-1.8275463751634593
394,1,611.8333333333334,676.0,145,True,-0.9551927112989208,-0.9551927112989208,-1.9103854225978416
394,2,758.0,1177.0,151,True,-1.4454517848866857,-1.4454517848866857,-2.8909035697733714
394,3,692.0,897.0,148,True,-1.1825685306311222,-1.1825685306311222,-2.3651370612622444
395,0,612.5,641.0,144,True,-0.9286483425312602,-0.9286483425312602,-1.8572966850625203
395,1,647.8333333333334,780.0,145,True,-1.0609708619131792,-1.0609708619131792,-2.1219417238263585
395,2,647.8333333333334,746.0,146,True,-1.0347261687445186,-1.0347261687445186,-2.0694523374890372
395,3,658.1666666666666,616.0,144,True,-0.9416983332008557,-0.9416983332008557,-1.8833966664017114
396,0,636.5,701.0,145,True,-0.9919626840317217,-0.9919626840317217,-1.9839253680634434
396,1,588.5,641.0,144,True,-0.9116481654460821,-0.9116481654460821,-1.8232963308921641
396,2,673.5,875.0,147,True,-1.1524823671756939,-1.1524823671756939,-2.3049647343513877
396,3,654.5,757.0,146,True,-1.0479393702998698,-1.0479393702998698,-2.0958787405997397
397,0,575.8333333333334,584.0,144,True,-0.858677393567719,-0.858677393567719,-1.717354787135438
397,1,612.5,548.0,143,True,-0.8568613876875705,-0.8568613876875705,-1.713722775375141
397,2,638.5,648.0,144,True,-0.9524685202219861,-0.9524685202219861,-1.9049370404439723
397,3,689.6666666666666,1103.0,150,True,-1.3399277001292043,-1.3399277001292043,-2.6798554002584085
398,0,631.5,641.0,144,True,-0.9421068160570262,-0.9421068160570262,-1.8842136321140524
398,1,648.8333333333333,773.0,146,True,-1.0562758834432784,-1.0562758834432784,-2.1125517668865568
398,2,630.5,584.0,144,True,-0.8974000191506241,-0.8974000191506241,-1.7948000383012481
398,3,707.0,1289.0,154,True,-1.4957795154892115,-1.4957795154892115,-2.991559030978423
399,0,607.8333333333333,648.0,144,True,-0.9307460717242586,-0.9307460717242586,-1.8614921434485172
399,1,612.5,556.0,143,True,-0.8630366096096084,-0.8630366096096084,-1.7260732192192167
399,2,609.5,641.0,143,True,-0.9265233203956129,-0.9265233203956129,-1.8530466407912258
399,3,609.5,584.0,144,True,-0.8825248642010933,-0.8825248642010933,-1.7650497284021867
400,0,699.5,812.0,146,True,-1.1222693530485885,-1.1222693530485885,-2.244538706097177
400,1,680.5,790.0,146,True,-1.091829019237219,-1.091829019237219,-2.183658038474438
400,2,774.0000000000001,1055.0,151,True,-1.3626131019657277,-1.3626131019657277,-2.7252262039314554
400,3,683.5,1037.0,149,True,-1.284614018215784,-1.284614018215784,-2.569228036431568
401,0,688.5,821.0,146,True,-1.1214247298801752,-1.1214247298801752,-2.2428494597603503
401,1,656.1666666666666,735.0,145,True,-1.0321380778674032,-1.0321380778674032,-2.0642761557348064
401,2,685.0,813.0,146,True,-1.1127703154665485,-1.1127703154665485,-2.225540630933097
401,3,662.5,669.0,145,True,-0.9856786548525133,-0.9856786548525133,-1.9713573097050265
402,0,666.8333333333334,841.0,147,True,-1.1215154025944836,-1.1215154025944836,-2.243030805188967
402,1,642.0,797.0,146,True,-1.069961221011529,-1.069961221011529,-2.139922442023058
402,2,659.5,719.0,146,True,-1.0221487697296023,-1.0221487697296023,-2.0442975394592047
402,3,728.5,774.0,147,True,-1.113478929563499,-1.113478929563499,-2.226957859126998
403,0,575.8333333333334,669.0,145,True,-0.9242891264893709,-0.9242891264893709,-1.8485782529787418
403,1,621.8333333333334,659.0,144,True,-0.9491537718334144,-0.9491537718334144,-1.8983075436668289
403,2,679.5,810.0,146,True,-1.106558733330431,-1.106558733330431,-2.213117466660862
403,3,701.8333333333333,850.0,147,True,-1.1532544521726602,-1.1532544521726602,-2.3065089043453204
404,0,652.8333333333334,806.0,146,True,-1.0845820367192143,-1.0845820367192143,-2.1691640734384285
404,1,689.8333333333333,858.0,147,True,-1.15092958555211,-1.15092958555211,-2.30185917110422
404,2,625.8333333333334,651.0,144,True,-0.9458119127589062,-0.9458119127589062,-1.8916238255178124
404,3,607.8333333333334,591.0,144,True,-0.8867476155297394,-0.8867476155297394,-1.7734952310594787
405,0,655.3333333333333,849.0,146,True,-1.1195447063298736,-1.1195447063298736,-2.239089412659747
405,1,656.8333333333334,740.0,144,True,-1.036469818709932,-1.036469818709932,-2.072939637419864
405,2,651.5,651.0,144,True,-0.9639926576972216,-0.9639926576972216,-1.9279853153944433
405,3,636.5,643.0,144,True,-0.9471923250969478,-0.9471923250969478,-1.8943846501938957
406,0,637.5,817.0,146,True,-1.0822117426131528,-1.0822117426131528,-2.1644234852263056
406,1,602.3333333333333,651.0,144,True,-0.9291659060296699,-0.9291659060296699,-1.8583318120593397
406,2,660.5,751.0,146,True,-1.0475579981296361,-1.0475579981296361,-2.0951159962592723
406,3,638.3333333333333,783.0,145,True,-1.0565573333710607,-1.0565573333710607,-2.1131146667421215
407,0,633.3333333333333,618.0,144,True,-0.9256516776696184,-0.9256516776696184,-1.8513033553392368
407,1,637.5,668.0,145,True,-0.9671982343151984,-0.9671982343151984,-1.9343964686303967
407,2,662.5,629.0,144,True,-0.9548025452423241,-0.9548025452423241,-1.9096050904846482
407,3,629.3333333333333,817.0,147,True,-1.0764269601327794,-1.0764269601327794,-2.1528539202655588
408,0,618.5,709.0,145,True,-0.9853877731398764,-0.9853877731398764,-1.9707755462797527
408,1,726.6666666666667,810.0,146,True,-1.1399688035742184,-1.1399688035742184,-2.2799376071484367
408,2,693.5,846.0,147,True,-1.1442640019459553,-1.1442640019459553,-2.2885280038919107
408,3,573.8333333333334,626.0,144,True,-0.8896806272346525,-0.8896806272346525,-1.779361254469305
409,0,729.5,974.0,149,True,-1.2685678183263271,-1.2685678183263271,-2.5371356366526543
409,1,676.8333333333334,788.0,145,True,-1.0876879644798074,-1.0876879644798074,-2.175375928959615
409,2,607.5,551.0,142,True,-0.8556353923489226,-0.8556353923489226,-1.7112707846978452
409,3,618.5,629.0,144,True,-0.9236355539194979,-0.9236355539194979,-1.8472711078389958
410,0,759.8333333333334,1023.0,146,True,-1.3278773875259084,-1.3278773875259084,-2.655754775051817
410,1,605.3333333333333,719.0,146,True,-0.9837803145026385,-0.9837803145026385,-1.967560629005277
410,2,829.8333333333333,1559.0,157,True,-1.791201106134212,-1.791201106134212,-3.582402212268424
410,3,639.5,732.0,146,True,-1.0180166911152657,-1.0180166911152657,-2.0360333822305314
411,0,670.5,747.0,145,True,-1.0515537942874413,-1.0515537942874413,-2.1031075885748827
411,1,602.5,591.0,143,True,-0.8829697983996995,-0.8829697983996995,-1.765939596799399
411,2,654.8333333333334,825.0,146,True,-1.100664870207819,-1.100664870207819,-2.201329740415638
411,3,617.5,730.0,146,True,-1.0008893899733433,-1.0008893899733433,-2.0017787799466866
412,0,653.6666666666667,785.0,146,True,-1.0689623631004337,-1.0689623631004337,-2.1379247262008674
412,1,633.6666666666667,821.0,146,True,-1.0825840475119557,-1.0825840475119557,-2.1651680950239114
412,2,628.3333333333333,714.0,145,True,-0.9962126371746602,-0.9962126371746602,-1.9924252743493205
412,3,691.8333333333334,835.0,146,True,-1.1345925039500158,-1.1345925039500158,-2.2691850079000315
413,0,641.5,650.0,145,True,-0.9561373478381429,-0.9561373478381429,-1.9122746956762857
413,1,657.5,629.0,143,True,-0.951260841682912,-0.951260841682912,-1.902521683365824
413,2,612.8333333333334,571.0,143,True,-0.8748512642840565,-0.8748512642840565,-1.749702528568113
413,3,636.5,797.0,146,True,-1.0660653470961756,-1.0660653470961756,-2.1321306941923512
414,0,598.6666666666667,654.0,144,True,-0.9288843649735316,-0.9288843649735316,-1.857768729947063
414,1,627.8333333333334,676.0,145,True,-0.9665261626890393,-0.9665261626890393,-1.9330523253780787
414,2,714.8333333333333,858.0,146,True,-1.16863810334917,-1.16863810334917,-2.33727620669834
414,3,625.8333333333333,651.0,144,True,-0.9458119127589062,-0.9458119127589062,-1.8916238255178124
415,0,677.5,883.0,145,True,-1.1614909519452614,-1.1614909519452614,-2.322981903890523
415,1,636.5,651.0,144,True,-0.9533675470189853,-0.9533675470189853,-1.9067350940379706
415,2,638.5,895.0,148,True,-1.143128497064904,-1.143128497064904,-2.286256994129808
415,3,652.8333333333334,927.0,148,True,-1.1779822682900367,-1.1779822682900367,-2.3559645365800734
416,0,652.8333333333334,854.0,147,True,-1.1216333682514417,-1.1216333682514417,-2.2432667365028833
416,1,612.5,724.0,145,True,-0.9927162699724027,-0.9927162699724027,-1.9854325399448054
416,2,612.5,604.0,144,True,-0.9000879411418351,-0.9000879411418351,-1.8001758822836702
416,3,652.8333333333334,886.0,147,True,-1.1463342559395928,-1.1463342559395928,-2.2926685118791856
417,0,641.5,651.0,144,True,-0.9569092505783978,-0.9569092505783978,-1.9138185011567956
417,1,626.5,651.0,144,True,-0.9462841399001612,-0.9462841399001612,-1.8925682798003225
417,2,593.8333333333334,601.0,143,True,-0.8845498729659325,-0.8845498729659325,-1.769099745931865
417,3,781.5,1427.0,155,True,-1.6550734766796042,-1.6550734766796042,-3.3101469533592085
418,0,613.8333333333334,676.0,145,True,-0.9566093927226854,-0.9566093927226854,-1.9132187854453708
418,1,593.8333333333334,584.0,144,True,-0.8714275263816026,-0.8714275263816026,-1.7428550527632052
418,2,607.8333333333334,651.0,144,True,-0.9330617799450226,-0.9330617799450226,-1.8661235598900452
418,3,627.8333333333334,874.0,148,True,-1.1193629052594756,-1.1193629052594756,-2.238725810518951
419,0,659.8333333333334,723.0,144,True,-1.0254724942612488,-1.0254724942612488,-2.0509449885224975
419,1,672.5,870.0,147,True,-1.1479145127625379,-1.1479145127625379,-2.2958290255250757
419,2,633.5,641.0,144,True,-0.9435234974807909,-0.9435234974807909,-1.8870469949615818
419,3,664.8333333333334,580.0,143,True,-0.9186321059642344,-0.9186321059642344,-1.8372642119284688
420,0,602.5,669.0,145,True,-0.9431782121395687,-0.9431782121395687,-1.8863564242791373
420,1,807.6666666666667,1268.0,153,True,-1.5508758562733589,-1.5508758562733589,-3.1017517125467178
420,2,615.5,714.0,145,True,-0.9871222647055025,-0.9871222647055025,-1.974244529411005
420,3,693.5,915.0,147,True,-1.1975252910235314,-1.1975252910235314,-2.395050582047063
421,0,738.3333333333334,927.0,148,True,-1.238545399155983,-1.238545399155983,-2.477090798311966
421,1,616.5,641.0,144,True,-0.9314817053787899,-0.9314817053787899,-1.8629634107575799
421,2,692.5,1119.0,150,True,-1.3542851093236132,-1.3542851093236132,-2.7085702186472265
421,3,716.6666666666666,1305.0,155,True,-1.514977252881484,-1.514977252881484,-3.029954505762968
422,0,755.5,853.0,146,True,-1.1935844452644477,-1.1935844452644477,-2.3871688905288955
422,1,719.8333333333333,849.0,145,True,-1.1652326822462893,-1.1652326822462893,-2.3304653644925786
422,2,644.5,584.0,144,True,-0.9073167891169782,-0.9073167891169782,-1.8146335782339564
422,3,690.3333333333333,806.0,146,True,-1.1111448134148045,-1.1111448134148045,-2.222289626829609
423,0,727.0,1120.0,152,True,-1.3794947666238113,-1.3794947666238113,-2.7589895332476226
423,1,751.5,1282.0,154,True,-1.5218973579861963,-1.5218973579861963,-3.0437947159723926
423,2,740.5,927.0,144,True,-1.2400801373650614,-1.2400801373650614,-2.480160274730123
423,3,629.5,828.0,147,True,-1.0850359470608955,-1.0850359470608955,-2.170071894121791
424,0,731.8333333333333,870.0,146,True,-1.1899427283342277,-1.1899427283342277,-2.3798854566684553
424,1,694.8333333333334,1069.0,150,True,-1.3173427673052693,-1.3173427673052693,-2.6346855346105387
424,2,621.8333333333334,781.0,146,True,-1.0433259061444915,-1.0433259061444915,-2.086651812288983
424,3,633.3333333333333,726.0,146,True,-1.0090171736171292,-1.0090171736171292,-2.0180343472342583
425,0,626.5,746.0,146,True,-1.0196149002243604,-1.0196149002243604,-2.039229800448721
425,1,602.5,714.0,145,True,-0.9779138354510309,-0.9779138354510309,-1.9558276709020619
425,2,620.5,641.0,144,True,-0.9343150682263196,-0.9343150682263196,-1.8686301364526392
425,3,600.3333333333333,669.0,145,True,-0.9416434739304899,-0.9416434739304899,-1.8832869478609797
426,0,680.5,883.0,148,True,-1.1636159740809087,-1.1636159740809087,-2.3272319481618173
426,1,615.5,641.0,144,True,-0.9307733646669073,-0.9307733646669073,-1.8615467293338146
426,2,642.0,691.0,145,True,-0.9881395305445277,-0.9881395305445277,-1.9762790610890555
426,3,655.1666666666666,751.0,146,True,-1.0437801809995966,-1.0437801809995966,-2.087560361999193
427,0,673.6666666666667,946.0,148,True,-1.207405518519093,-1.207405518519093,-2.414811037038186
427,1,680.5,680.0,145,True,-1.0069197178091989,-1.0069197178091989,-2.0138394356183977
427,2,683.3333333333333,753.0,146,True,-1.065275583198127,-1.065275583198127,-2.130551166396254
427,3,633.5,641.0,144,True,-0.9435234974807911,-0.9435234974807911,-1.8870469949615822
428,0,669.3333333333333,786.0,147,True,-1.080831603660179,-1.080831603660179,-2.161663207320358
428,1,684.8333333333334,747.0,146,True,-1.0617066778244229,-1.0617066778244229,-2.1234133556488457
428,2,762.6666666666667,1265.0,152,True,-1.516684816017886,-1.516684816017886,-3.033369632035772
428,3,761.5,1236.0,152,True,-1.493473239053303,-1.493473239053303,-2.986946478106606
429,0,717.1666666666666,1045.0,149,True,-1.3146367107711965,-1.3146367107711965,-2.629273421542393
429,1,584.5,714.0,145,True,-0.9651637026371476,-0.9651637026371476,-1.9303274052742951
429,2,701.5,1040.0,150,True,-1.2996798592504315,-1.2996798592504315,-2.599359718500863
429,3,791.0,1248.0,154,True,-1.5236321229368914,-1.5236321229368914,-3.047264245873783
430,0,825.1666666666666,1394.0,156,True,-1.6605315640033975,-1.6605315640033975,-3.321063128006795
430,1,662.5,634.0,145,True,-0.9586620589435978,-0.9586620589435978,-1.9173241178871956
430,2,730.5,844.0,147,True,-1.168928802805095,-1.168928802805095,-2.33785760561019
430,3,812.6666666666666,1299.0,153,True,-1.5783465447806675,-1.5783465447806675,-3.156693089561335
431,0,691.8333333333334,741.0,146,True,-1.0620336463660716,-1.0620336463660716,-2.124067292732143
431,1,679.1666666666666,796.0,147,True,-1.0955159813962376,-1.0955159813962376,-2.1910319627924753
431,2,703.5,888.0,148,True,-1.1837673241554776,-1.1837673241554776,-2.367534648310955
431,3,633.5,641.0,145,True,-0.943523497480791,-0.943523497480791,-1.887046994961582
432,0,889.6666666666667,1338.0,155,True,-1.6629929864655486,-1.6629929864655486,-3.325985972931097
432,1,784.6666666666667,1205.0,152,True,-1.4859541472640159,-1.4859541472640159,-2.9719082945280317
432,2,789.1666666666667,1523.0,155,True,-1.7346067518684904,-1.7346067518684904,-3.469213503736981
432,3,712.6666666666667,916.0,148,True,-1.2118737240748656,-1.2118737240748656,-2.423747448149731
433,0,760.3333333333334,1347.0,154,True,-1.578328045724382,-1.578328045724382,-3.156656091448764
433,1,827.6666666666667,1163.0,151,True,-1.4839928827842614,-1.4839928827842614,-2.967985765568523
433,2,739.3333333333333,942.0,148,True,-1.2508322809716863,-1.2508322809716863,-2.5016645619433726
433,3,620.5,556.0,143,True,-0.8687033353046676,-0.8687033353046676,-1.7374066706093352
434,0,744.6666666666667,1013.0,149,True,-1.309415192659812,-1.309415192659812,-2.618830385319624
434,1,698.8333333333334,847.0,147,True,-1.1488137218162493,-1.1488137218162493,-2.2976274436324986
434,2,773.6666666666667,1153.0,150,True,-1.4380234569400634,-1.4380234569400634,-2.876046913880127
434,3,652.8333333333334,706.0,144,True,-1.0073917626937416,-1.0073917626937416,-2.0147835253874833
435,0,654.5,643.0,145,True,-0.959942457910831,-0.959942457910831,-1.919884915821662
435,1,716.3333333333333,988.0,149,True,-1.2700479706501087,-1.2700479706501087,-2.5400959413002173
435,2,771.5,1207.0,152,True,-1.4781714667047405,-1.4781714667047405,-2.956342933409481
435,3,679.5,776.0,146,True,-1.08031404016177,-1.08031404016177,-2.16062808032354
436,0,652.8333333333334,977.0,149,True,-1.2165774053027727,-1.2165774053027727,-2.4331548106055454
436,1,805.8333333333334,1533.0,157,True,-1.754131457802411,-1.754131457802411,-3.508262915604822
436,2,700.1666666666666,985.0,148,True,-1.2562807542539118,-1.2562807542539118,-2.5125615085078237
436,3,662.5,954.0,147,True,-1.2056709358251108,-1.2056709358251108,-2.4113418716502215
437,0,621.8333333333334,691.0,145,True,-0.973854659521566,-0.973854659521566,-1.947709319043132
437,1,797.5,1302.0,154,True,-1.5699190855378817,-1.5699190855378817,-3.1398381710757635
437,2,670.1666666666666,899.0,147,True,-1.1686468972355322,-1.1686468972355322,-2.3372937944710643
437,3,652.8333333333334,781.0,146,True,-1.065284468212846,-1.065284468212846,-2.130568936425692
438,0,652.5,764.0,145,True,-1.0519260080578883,-1.0519260080578883,-2.1038520161157765
438,1,630.8333333333334,726.0,146,True,-1.007246321837423,-1.007246321837423,-2.014492643674846
438,2,609.8333333333334,591.0,144,True,-0.888164296953504,-0.888164296953504,-1.776328593907008
438,3,699.6666666666667,847.0,146,True,-1.1494040057428179,-1.1494040057428179,-2.2988080114856357
439,0,652.8333333333334,845.0,147,True,-1.1146862435891487,-1.1146862435891487,-2.2293724871782974
439,1,658.6666666666667,732.0,146,True,-1.0315932214263455,-1.0315932214263455,-2.063186442852691
439,2,720.8333333333334,1233.0,153,True,-1.4623516752159873,-1.4623516752159873,-2.9247033504319746
439,3,720.1666666666666,1328.0,153,True,-1.535210208398931,-1.535210208398931,-3.070420416797862
440,0,738.6666666666667,1251.0,152,True,-1.4888780005691427,-1.4888780005691427,-2.9777560011382853
440,1,612.5,714.0,145,True,-0.9849972425698553,-0.9849972425698553,-1.9699944851397106
440,2,599.1666666666666,787.0,143,True,-1.0319015997833516,-1.0319015997833516,-2.063803199566703
440,3,683.6666666666667,931.0,147,True,-1.2029103845340967,-1.2029103845340967,-2.4058207690681934
441,0,681.0,896.0,148,True,-1.174004880060161,-1.174004880060161,-2.348009760120322
441,1,714.0,933.0,148,True,-1.2259405249417057,-1.2259405249417057,-2.4518810498834114
441,2,601.3333333333333,764.0,146,True,-1.0156825749665717,-1.0156825749665717,-2.0313651499331433
441,3,612.5,714.0,144,True,-0.9849972425698552,-0.9849972425698552,-1.9699944851397104
442,0,669.8333333333334,962.0,148,True,-1.2170406563009535,-1.2170406563009535,-2.434081312601907
442,1,715.1666666666666,1017.0,149,True,-1.2916067526202992,-1.2916067526202992,-2.5832135052405985
442,2,717.1666666666666,890.0,147,True,-1.1949917860317134,-1.1949917860317134,-2.389983572063427
442,3,630.8333333333334,721.0,145,True,-1.0033868081361494,-1.0033868081361494,-2.006773616272299
443,0,599.5,714.0,145,True,-0.9757888133153837,-0.9757888133153837,-1.9515776266307674
443,1,629.5,696.0,145,True,-0.9831447853472715,-0.9831447853472715,-1.966289570694543
443,2,587.8333333333334,669.0,145,True,-0.9327892150319599,-0.9327892150319599,-1.8655784300639198
443,3,726.3333333333334,1280.0,153,True,-1.5025269779233128,-1.5025269779233128,-3.0050539558466256
444,0,843.0,1520.0,157,True,-1.7704233853040625,-1.7704233853040625,-3.540846770608125
444,1,602.5,641.0,144,True,-0.9215649354124359,-0.9215649354124359,-1.8431298708248718
444,2,699.6666666666667,867.0,147,True,-1.1648420605479128,-1.1648420605479128,-2.3296841210958257
444,3,687.0,772.0,146,True,-1.0825389845398696,-1.0825389845398696,-2.1650779690797393
445,0,602.5,714.0,145,True,-0.9779138354510312,-0.9779138354510312,-1.9558276709020623
445,1,640.5,733.0,144,True,-1.0194969345674028,-1.0194969345674028,-2.0389938691348055
445,2,615.5,641.0,144,True,-0.9307733646669073,-0.9307733646669073,-1.8615467293338146
445,3,594.5,641.0,144,True,-0.9158982097173769,-0.9158982097173769,-1.8317964194347538
446,0,670.5,833.0,146,True,-1.1179374299493479,-1.1179374299493479,-2.2358748598986957
446,1,662.5,815.0,146,True,-1.0983764549297035,-1.0983764549297035,-2.196752909859407
446,2,620.5,833.0,146,True,-1.082520394355227,-1.082520394355227,-2.165040788710454
446,3,634.5,833.0,146,True,-1.0924371643215811,-1.0924371643215811,-2.1848743286431622
447,0,670.1666666666666,824.0,146,True,-1.1107541917164279,-1.1107541917164279,-2.2215083834328557
447,1,720.0,1137.0,151,True,-1.3876587282249644,-1.3876587282249644,-2.7753174564499288
447,2,638.1666666666666,607.0,143,True,-0.9205843943009145,-0.9205843943009145,-1.841168788601829
447,3,763.6666666666667,1281.0,153,True,-1.5297436005738443,-1.5297436005738443,-3.0594872011476886
448,0,686.1666666666666,856.0,146,True,-1.1467885307946977,-1.1467885307946977,-2.2935770615893953
448,1,669.5,801.0,146,True,-1.0925282015493145,-1.0925282015493145,-2.185056403098629
448,2,839.5,1420.0,155,True,-1.6907539187870013,-1.6907539187870013,-3.3815078375740026
448,3,807.5,1448.0,156,True,-1.689700292733896,-1.689700292733896,-3.379400585467792
449,0,739.8333333333334,1192.0,152,True,-1.444162136391309,-1.444162136391309,-2.888324272782618
449,1,673.5,940.0,148,True,-1.202656045292251,-1.202656045292251,-2.405312090584502
449,2,687.0,867.0,147,True,-1.155869744864069,-1.155869744864069,-2.311739489728138
449,3,585.3333333333333,714.0,145,True,-0.9657539865637162,-0.9657539865637162,-1.9315079731274325
450,0,667.1666666666666,949.0,148,True,-1.2051170121126213,-1.2051170121126213,-2.4102340242252427
450,1,680.0,810.0,146,True,-1.1069129036863723,-1.1069129036863723,-2.2138258073727446
450,2,719.5,920.0,147,True,-1.2198016632337478,-1.2198016632337478,-2.4396033264674957
450,3,662.5,658.0,145,True,-0.977187724709711,-0.977187724709711,-1.954375449419422
451,0,705.3333333333333,1108.0,151,True,-1.3548845516499688,-1.3548845516499688,-2.7097691032999376
451,1,685.1666666666666,815.0,146,True,-1.1144321777323716,-1.1144321777323716,-2.228864355464743
451,2,701.5,1143.0,150,True,-1.3791858414966685,-1.3791858414966685,-2.758371682993337
451,3,631.3333333333333,583.0,144,True,-0.897218400336938,-0.897218400336938,-1.794436800673876
452,0,704.8333333333334,1069.0,151,True,-1.3244261744240935,-1.3244261744240935,-2.648852348848187
452,1,669.0,970.0,148,True,-1.2226255942964221,-1.2226255942964221,-2.4452511885928443
452,2,823.5,1409.0,154,True,-1.6709295372540807,-1.6709295372540807,-3.3418590745081613
452,3,640.1666666666666,710.0,145,True,-1.0015070579709164,-1.0015070579709164,-2.003014115941833
453,0,699.6666666666667,949.0,148,True,-1.2281380852488006,-1.2281380852488006,-2.4562761704976013
453,1,744.6666666666667,1247.0,153,True,-1.490040433879418,-1.490040433879418,-2.980080867758836
453,2,659.5,653.0,143,True,-0.9712031888727903,-0.9712031888727903,-1.9424063777455807
453,3,652.8333333333334,803.0,146,True,-1.0822663284984504,-1.0822663284984504,-2.164532656996901
454,0,754.6666666666667,1281.0,153,True,-1.5233685341669028,-1.5233685341669028,-3.0467370683338055
454,1,800.6666666666666,1455.0,156,True,-1.6902632837178166,-1.6902632837178166,-3.3805265674356333
454,2,681.1666666666666,845.0,147,True,-1.1347558970924836,-1.1347558970924836,-2.269511794184967
454,3,770.5,1268.0,154,True,-1.5245491931483959,-1.5245491931483959,-3.0490983862967918
455,0,669.8333333333334,795.0,146,True,-1.0881328986784136,-1.0881328986784136,-2.176265797356827
455,1,630.5,591.0,144,True,-0.9028033383324074,-0.9028033383324074,-1.805606676664815
455,2,653.6666666666667,576.0,143,True,-0.9076346903871959,-0.9076346903871959,-1.8152693807743918
455,3,662.6666666666667,779.0,146,True,-1.070706013065847,-1.070706013065847,-2.141412026131694
456,0,714.8333333333334,1238.0,152,True,-1.4619611446459668,-1.4619611446459668,-2.9239222892919337
456,1,639.3333333333333,710.0,145,True,-1.0009167740443479,-1.0009167740443479,-2.0018335480886957
456,2,639.1666666666666,824.0,146,True,-1.0887956296480732,-1.0887956296480732,-2.1775912592961464
456,3,687.0,1190.0,152,True,-1.4051943299663452,-1.4051943299663452,-2.8103886599326904
457,0,727.3333333333333,1204.0,153,True,-1.4445707103758354,-1.4445707103758354,-2.889141420751671
457,1,688.1666666666666,815.0,146,True,-1.1165571998680188,-1.1165571998680188,-2.2331143997360376
457,2,824.0,1712.0,159,True,-1.9051702379072044,-1.9051702379072044,-3.810340475814409
457,3,626.1666666666666,548.0,143,True,-0.8665420440832966,-0.8665420440832966,-1.7330840881665932
458,0,640.1666666666666,792.0,146,True,-1.0648030826718042,-1.0648030826718042,-2.1296061653436085
458,1,768.1666666666666,1302.0,154,True,-1.5491410913226642,-1.5491410913226642,-3.0982821826453284
458,2,699.6666666666666,870.0,148,True,-1.167157768768676,-1.167157768768676,-2.334315537537352
458,3,616.5,648.0,144,True,-0.9368850245605731,-0.9368850245605731,-1.8737700491211462
459,0,653.1666666666666,555.0,143,True,-0.8910705624859052,-0.8910705624859052,-1.7821411249718104
459,1,605.5,676.0,145,True,-0.9507065534569985,-0.9507065534569985,-1.901413106913997
459,2,743.5,1325.0,153,True,-1.5494224501220906,-1.5494224501220906,-3.098844900244181
459,3,641.1666666666666,548.0,143,True,-0.877167154761533,-0.877167154761533,-1.754334309523066
460,0,646.3333333333333,639.0,144,True,-0.9510700644694391,-0.9510700644694391,-1.9021401289388782
460,1,696.6666666666667,920.0,148,True,-1.2036278836457655,-1.2036278836457655,-2.407255767291531
460,2,860.6666666666666,1498.0,157,True,-1.7659555442617147,-1.7659555442617147,-3.5319110885234295
460,3,623.5,669.0,144,True,-0.9580533670890992,-0.9580533670890992,-1.9161067341781983
461,0,716.0,991.0,148,True,-1.2721275653002446,-1.2721275653002446,-2.5442551306004892
461,1,659.5,641.0,144,True,-0.9619403559897338,-0.9619403559897338,-1.9238807119794676
461,2,640.5,808.0,146,True,-1.0773896400865073,-1.0773896400865073,-2.1547792801730146
461,3,825.3333333333334,1455.0,156,True,-1.7077356879442493,-1.7077356879442493,-3.4154713758884987
462,0,639.5,732.0,146,True,-1.0180166911152657,-1.0180166911152657,-2.0360333822305314
462,1,644.8333333333334,905.0,148,True,-1.155333682309373,-1.155333682309373,-2.310667364618746
462,2,652.3333333333333,611.0,143,True,-0.9337068320136012,-0.9337068320136012,-1.8674136640272023
462,3,784.3333333333333,1268.0,154,True,-1.5343479063294365,-1.5343479063294365,-3.068695812658873
463,0,732.5,1069.0,150,True,-1.3440236007861732,-1.3440236007861732,-2.6880472015723464
463,1,680.6666666666666,785.0,146,True,-1.088087562321259,-1.088087562321259,-2.176175124642518
463,2,636.8333333333334,789.0,145,True,-1.0601262387447654,-1.0601262387447654,-2.120252477489531
463,3,623.5,484.0,141,True,-0.8152513601419744,-0.8152513601419744,-1.6305027202839488
464,0,652.3333333333333,656.0,145,True,-0.968442455325064,-0.968442455325064,-1.936884910650128
464,1,672.3333333333333,902.0,148,True,-1.1724973436653752,-1.1724973436653752,-2.3449946873307503
464,2,694.0,1045.0,148,True,-1.298226817612587,-1.298226817612587,-2.596453635225174
464,3,607.8333333333334,669.0,145,True,-0.946956029269608,-0.946956029269608,-1.893912058539216
465,0,757.8333333333334,1469.0,157,True,-1.6707293282557523,-1.6707293282557523,-3.3414586565115045
465,1,608.6666666666667,512.0,143,True,-0.8263575829761844,-0.8263575829761844,-1.652715165952369
465,2,714.6666666666667,1247.0,153,True,-1.4687902125229453,-1.4687902125229453,-2.9375804250458906
465,3,623.5,591.0,144,True,-0.8978449533492302,-0.8978449533492302,-1.7956899066984604
466,0,770.3333333333334,1498.0,156,True,-1.7019687666216696,-1.7019687666216696,-3.4039375332433393
466,1,640.8333333333333,641.0,143,True,-0.9487179960345953,-0.9487179960345953,-1.8974359920691906
466,2,644.8333333333334,693.0,145,True,-0.9916903013753707,-0.9916903013753707,-1.9833806027507415
466,3,666.3333333333333,764.0,146,True,-1.0617247212389285,-1.0617247212389285,-2.123449442477857
467,0,719.1666666666666,1281.0,154,True,-1.498222438895077,-1.498222438895077,-2.996444877790154
467,1,602.5,584.0,144,True,-0.8775664792179166,-0.8775664792179166,-1.7551329584358333
467,2,721.1666666666666,1199.0,153,True,-1.436343095617954,-1.436343095617954,-2.872686191235908
467,3,713.6666666666667,1247.0,153,True,-1.4680818718110629,-1.4680818718110629,-2.9361637436221257
468,0,839.6666666666666,1359.0,154,True,-1.643785908416777,-1.643785908416777,-3.287571816833554
468,1,702.1666666666666,918.0,147,True,-1.2059799520806094,-1.2059799520806094,-2.4119599041612187
468,2,847.5,1505.0,157,True,-1.7620323774037137,-1.7620323774037137,-3.5240647548074273
468,3,666.8333333333334,1005.0,149,True,-1.248107451996259,-1.248107451996259,-2.496214903992518
469,0,620.5,584.0,144,True,-0.8903166120317999,-0.8903166120317999,-1.7806332240635998
469,1,673.6666666666667,873.0,148,True,-1.1510566184804978,-1.1510566184804978,-2.3021132369609956
469,2,654.1666666666666,727.0,145,True,-1.0245461745216005,-1.0245461745216005,-2.049092349043201
469,3,759.5,1017.0,149,True,-1.3230098575137528,-1.3230098575137528,-2.6460197150275055
470,0,636.5,681.0,144,True,-0.9765246292266268,-0.9765246292266268,-1.9530492584532535
470,1,626.5,548.0,142,True,-0.8667781576539244,-0.8667781576539244,-1.7335563153078488
470,2,630.5,584.0,144,True,-0.8974000191506241,-0.8974000191506241,-1.7948000383012481
470,3,662.1666666666666,860.0,147,True,-1.1328759646705386,-1.1328759646705386,-2.2657519293410773
471,0,626.5,592.0,143,True,-0.9007418782251321,-0.9007418782251321,-1.8014837564502642
471,1,583.1666666666666,641.0,143,True,-0.9078703483160425,-0.9078703483160425,-1.815740696632085
471,2,617.5,787.0,145,True,-1.0448878461678628,-1.0448878461678628,-2.0897756923357256
471,3,601.3333333333333,669.0,145,True,-0.9423518146423723,-0.9423518146423723,-1.8847036292847446
472,0,619.8333333333334,669.0,145,True,-0.955456117812197,-0.955456117812197,-1.910912235624394
472,1,730.0,1255.0,154,True,-1.4858266586938464,-1.4858266586938464,-2.971653317387693
472,2,620.5,584.0,144,True,-0.8903166120318001,-0.8903166120318001,-1.7806332240636003
472,3,598.5,669.0,145,True,-0.9403448492920389,-0.9403448492920389,-1.8806896985840778
473,0,596.1666666666666,569.0,143,True,-0.8615017802721738,-0.8615017802721738,-1.7230035605443477
473,1,665.5,584.0,144,True,-0.922191944066509,-0.922191944066509,-1.844383888133018
473,2,700.6666666666667,661.0,144,True,-1.006538436767321,-1.006538436767321,-2.013076873534642
473,3,693.5,1068.0,151,True,-1.3156264102825042,-1.3156264102825042,-2.6312528205650083
474,0,662.5,669.0,145,True,-0.9856786548525132,-0.9856786548525132,-1.9713573097050263
474,1,649.5,982.0,149,True,-1.2180757832977718,-1.2180757832977718,-2.4361515665955435
474,2,702.1666666666666,839.0,147,True,-1.1449996356004861,-1.1449996356004861,-2.2899992712009722
474,3,617.5,669.0,145,True,-0.9538033228178044,-0.9538033228178044,-1.9076066456356089
475,0,639.5,704.0,145,True,-0.9964034143881331,-0.9964034143881331,-1.9928068287762661
475,1,649.5,950.0,149,True,-1.1933748956096204,-1.1933748956096204,-2.386749791219241
475,2,615.5,656.0,144,True,-0.9423519057707284,-0.9423519057707284,-1.8847038115414567
475,3,623.1666666666666,621.0,144,True,-0.9207659219862443,-0.9207659219862443,-1.8415318439724886
476,0,662.5,730.0,145,True,-1.032764722008052,-1.032764722008052,-2.065529444016104
476,1,712.1666666666666,734.0,147,True,-1.0710332549925634,-1.0710332549925634,-2.142066509985127
476,2,622.8333333333334,730.0,145,True,-1.0046672071033829,-1.0046672071033829,-2.0093344142067657
476,3,630.5,584.0,144,True,-0.8974000191506238,-0.8974000191506238,-1.7948000383012477
477,0,628.3333333333333,809.0,147,True,-1.0695433974988593,-1.0695433974988593,-2.1390867949977186
477,1,623.5,669.0,145,True,-0.958053367089099,-0.958053367089099,-1.916106734178198
477,2,672.5,788.0,146,True,-1.0846184880616503,-1.0846184880616503,-2.1692369761233006
477,3,609.5,689.0,145,True,-0.9635746519278401,-0.9635746519278401,-1.9271493038556802
478,0,678.5,834.0,147,True,-1.1243760583846618,-1.1243760583846618,-2.2487521167693236
478,1,639.5,711.0,145,True,-1.0018067335699166,-1.0018067335699166,-2.003613467139833
478,2,644.8333333333334,840.0,148,True,-1.1051600041928158,-1.1051600041928158,-2.2103200083856316
478,3,644.5,584.0,144,True,-0.9073167891169779,-0.9073167891169779,-1.8146335782339558
479,0,696.5,724.0,146,True,-1.0522168897705253,-1.0522168897705253,-2.1044337795410506
479,1,602.8333333333334,680.0,145,True,-0.9519052558529978,-0.9519052558529978,-1.9038105117059956
479,2,584.5,714.0,145,True,-0.9651637026371478,-0.9651637026371478,-1.9303274052742956
479,3,652.8333333333334,691.0,145,True,-0.9958132215899207,-0.9958132215899207,-1.9916264431798414
480,0,612.3333333333333,669.0,145,True,-0.9501435624730787,-0.9501435624730787,-1.9002871249461575
480,1,633.3333333333333,751.0,145,True,-1.0283147421234968,-1.0283147421234968,-2.0566294842469937
480,2,633.5,656.0,144,True,-0.9551020385846117,-0.9551020385846117,-1.9102040771692235
480,3,644.5,584.0,144,True,-0.9073167891169782,-0.9073167891169782,-1.8146335782339564
481,0,753.6666666666667,1171.0,151,True,-1.4377508920270003,-1.4377508920270003,-2.8755017840540007
481,1,694.8333333333334,928.0,146,True,-1.2085044809293526,-1.2085044809293526,-2.417008961858705
481,2,700.1666666666666,942.0,148,True,-1.2230889364229585,-1.2230889364229585,-2.446177872845917
481,3,612.5,676.0,145,True,-0.9556649384401757,-0.9556649384401757,-1.9113298768803515
482,0,800.1666666666666,1391.0,155,True,-1.6405073379855726,-1.6405073379855726,-3.281014675971145
482,1,701.0,1057.0,150,True,-1.3124480354788208,-1.3124480354788208,-2.6248960709576417
482,2,690.5,739.0,146,True,-1.0595453866030518,-1.0595453866030518,-2.1190907732061035
482,3,630.5,584.0,144,True,-0.8974000191506242,-0.8974000191506242,-1.7948000383012483
483,0,638.5,669.0,145,True,-0.9686784777673355,-0.9686784777673355,-1.937356955534671
483,1,637.5,718.0,145,True,-1.0057933713279348,-1.0057933713279348,-2.0115867426558696
483,2,626.5,803.0,146,True,-1.06361335641888,-1.06361335641888,-2.12722671283776
483,3,620.5,669.0,145,True,-0.9559283449534519,-0.9559283449534519,-1.9118566899069038
484,0,669.5,584.0,144,True,-0.9250253069140384,-0.9250253069140384,-1.8500506138280768
484,1,651.6666666666667,589.0,143,True,-0.9162527445867423,-0.9162527445867423,-1.8325054891734847
484,2,637.6666666666667,855.0,148,True,-1.111662103528146,-1.111662103528146,-2.223324207056292
484,3,644.8333333333333,684.0,145,True,-0.9847431767130784,-0.9847431767130784,-1.9694863534261569
485,0,695.1666666666666,904.0,146,True,-1.1902149287338668,-1.1902149287338668,-2.3804298574677336
485,1,668.1666666666666,991.0,149,True,-1.2382452679152027,-1.2382452679152027,-2.4764905358304055
485,2,667.6666666666667,878.0,147,True,-1.1506660879104773,-1.1506660879104773,-2.3013321758209546
485,3,762.6666666666667,1092.0,150,True,-1.3831456419538186,-1.3831456419538186,-2.7662912839076372
486,0,602.5,869.0,147,True,-1.0975587601905141,-1.0975587601905141,-2.1951175203810283
486,1,712.1666666666666,1164.0,152,True,-1.4029514333020972,-1.4029514333020972,-2.8059028666041943
486,2,683.0,1060.0,151,True,-1.3020136108857008,-1.3020136108857008,-2.6040272217714016
486,3,652.8333333333334,780.0,145,True,-1.0645125654725913,-1.0645125654725913,-2.1290251309451826
487,0,678.5,809.0,147,True,-1.105078489878294,-1.105078489878294,-2.210156979756588
487,1,611.8333333333334,718.0,145,True,-0.9876126263896194,-0.9876126263896194,-1.9752252527792389
487,2,652.8333333333334,859.0,148,True,-1.125492881952715,-1.125492881952715,-2.25098576390543
487,3,714.6666666666667,1137.0,151,True,-1.3838809110949255,-1.3838809110949255,-2.767761822189851
488,0,623.5,641.0,144,True,-0.936440090361967,-0.936440090361967,-1.872880180723934
488,1,617.5,803.0,146,True,-1.0572382900119381,-1.0572382900119381,-2.1144765800238763
488,2,641.5,785.0,146,True,-1.0603442177725309,-1.0603442177725309,-2.1206884355450617
488,3,634.6666666666667,800.0,146,True,-1.067082430678489,-1.067082430678489,-2.134164861356978
489,0,652.8333333333334,681.0,143,True,-0.9880941941873733,-0.9880941941873733,-1.9761883883747466
489,1,693.5,894.0,146,True,-1.181315333478182,-1.181315333478182,-2.362630666956364
489,2,657.3333333333334,711.0,146,True,-1.0144388095984862,-1.0144388095984862,-2.0288776191969724
489,3,697.6666666666667,953.0,148,True,-1.2298090147860545,-1.2298090147860545,-2.459618029572109
490,0,673.3333333333333,856.0,148,True,-1.13769815832554,-1.13769815832554,-2.27539631665108
490,1,612.5,669.0,145,True,-0.9502616192583924,-0.9502616192583924,-1.9005232385167847
490,2,700.0,900.0,147,True,-1.190550964546946,-1.190550964546946,-2.381101929093892
490,3,644.5,809.0,147,True,-1.0809949056742918,-1.0809949056742918,-2.1619898113485836
491,0,885.5,1559.0,157,True,-1.8306320724289997,-1.8306320724289997,-3.6612641448579994
491,1,704.8333333333334,1000.0,147,True,-1.2711648853465172,-1.2711648853465172,-2.5423297706930343
491,2,724.3333333333333,1107.0,150,True,-1.3675711224354805,-1.3675711224354805,-2.735142244870961
491,3,662.5,791.0,146,True,-1.0798507891635902,-1.0798507891635902,-2.1597015783271805
492,0,730.0,1017.0,149,True,-1.3021138065132212,-1.3021138065132212,-2.6042276130264423
492,1,639.5,597.0,144,True,-0.9138098211808773,-0.9138098211808773,-1.8276196423617546
492,2,657.5,698.0,145,True,-1.0045221307604884,-1.0045221307604884,-2.0090442615209767
492,3,711.5,907.0,148,True,-1.2041002019153773,-1.2041002019153773,-2.4082004038307545
493,0,731.8333333333334,1395.0,155,True,-1.59519166696796,-1.59519166696796,-3.19038333393592
493,1,660.8333333333334,651.0,144,True,-0.9706038376747912,-0.9706038376747912,-1.9412076753495824
493,2,644.6666666666666,774.0,146,True,-1.0540963665506902,-1.0540963665506902,-2.1081927331013803
493,3,790.8333333333333,1352.0,155,True,-1.6037919511380694,-1.6037919511380694,-3.2075839022761388
494,0,648.5,619.0,144,True,-0.9371667478734232,-0.9371667478734232,-1.8743334957468465
494,1,682.8333333333334,1122.0,148,True,-1.3497535239961806,-1.3497535239961806,-2.6995070479923613
494,2,612.5,649.0,144,True,-0.9348235644532982,-0.9348235644532982,-1.8696471289065963
494,3,639.5,754.0,146,True,-1.0349985514008697,-1.0349985514008697,-2.0699971028017394
495,0,609.8333333333334,650.0,143,True,-0.933706558628533,-0.933706558628533,-1.867413117257066
495,1,598.8333333333334,650.0,143,True,-0.9259148107978264,-0.9259148107978264,-1.851829621595653
495,2,644.5,641.0,144,True,-0.9513152453114975,-0.9513152453114975,-1.902630490622995
495,3,674.3333333333334,1127.0,150,True,-1.3475921416464538,-1.3475921416464538,-2.6951842832929076
496,0,657.5,661.0,145,True,-0.9759617293710634,-0.9759617293710634,-1.9519234587421268
496,1,648.5,669.0,145,True,-0.9757618848861594,-0.9757618848861594,-1.951523769772319
496,2,662.3333333333333,762.0,145,True,-1.0573475529108893,-1.0573475529108893,-2.1146951058217787
496,3,602.5,641.0,144,True,-0.9215649354124359,-0.9215649354124359,-1.8431298708248718
497,0,633.5,651.0,144,True,-0.9512425248833379,-0.9512425248833379,-1.9024850497666759
497,1,639.8333333333334,754.0,146,True,-1.035234664971497,-1.035234664971497,-2.070469329942994
497,2,678.8333333333334,815.0,147,True,-1.10994601989045,-1.10994601989045,-2.2198920397809
497,3,682.8333333333334,826.0,146,True,-1.1212703128807815,-1.1212703128807815,-2.242540625761563
498,0,654.5,732.0,146,True,-1.0286418017935022,-1.0286418017935022,-2.0572836035870044
498,1,644.5,677.0,145,True,-0.9791037439606678,-0.9791037439606678,-1.9582074879213356
498,2,621.8333333333334,651.0,144,True,-0.9429785499113768,-0.9429785499113768,-1.8859570998227535
498,3,636.5,619.0,144,True,-0.9286666593308339,-0.9286666593308339,-1.8573333186616678
499,0,672.5,701.0,145,True,-1.0174629496594891,-1.0174629496594891,-2.0349258993189783
499,1,699.6666666666667,905.0,147,True,-1.1941743646775926,-1.1941743646775926,-2.3883487293551853
499,2,662.5,616.0,144,True,-0.9447678096190129,-0.9447678096190129,-1.8895356192380257
499,3,683.6666666666667,828.0,147,True,-1.1234044022878598,-1.1234044022878598,-2.2468088045757195
500,0,602.5,669.0,145,True,-0.9431782121395683,-0.9431782121395683,-1.8863564242791366
500,1,719.5,995.0,148,True,-1.2776943687528521,-1.2776943687528521,-2.5553887375057043
500,2,801.9999999999999,1186.0,150,True,-1.4835659008718045,-1.4835659008718045,-2.967131801743609
500,3,678.5,728.0,145,True,-1.0425543679176608,-1.0425543679176608,-2.0851087358353215
