global_episode,worker_id,makespan,cost,steps,done,upper_reward_sum,lower_reward_sum,total_reward_sum
1,0,2311.3333333333335,3476.0,119,True,-3476.0,-3476.0,-6952.0
1,1,2402.9999999999995,3661.0,121,True,-3661.0,-3661.0,-7322.0
1,2,1895.6666666666663,2474.0,102,True,-2474.0,-2474.0,-4948.0
1,3,2184.0,3283.0,115,True,-3283.0,-3283.0,-6566.0
2,0,1460.4999999999998,1471.0,85,True,-1471.0,-1471.0,-2942.0
2,1,1976.4999999999998,2538.0,102,True,-2538.0,-2538.0,-5076.0
2,2,2072.9999999999995,2979.0,110,True,-2979.0,-2979.0,-5958.0
2,3,2225.0,3295.0,115,True,-3295.0,-3295.0,-6590.0
3,0,1977.8333333333333,2572.0,101,True,-2572.0,-2572.0,-5144.0
3,1,1559.8333333333335,1706.0,89,True,-1706.0,-1706.0,-3412.0
3,2,1868.8333333333333,2415.0,102,True,-2415.0,-2415.0,-4830.0
3,3,2198.333333333333,3251.0,115,True,-3251.0,-3251.0,-6502.0
4,0,2252.3333333333335,3312.0,117,True,-3312.0,-3312.0,-6624.0
4,1,1923.6666666666667,2445.0,102,True,-2445.0,-2445.0,-4890.0
4,2,2268.333333333333,3371.0,116,True,-3371.0,-3371.0,-6742.0
4,3,1827.3333333333333,2290.0,98,True,-2290.0,-2290.0,-4580.0
5,0,2112.333333333333,2780.0,108,True,-2780.0,-2780.0,-5560.0
5,1,2023.1666666666663,2807.0,109,True,-2807.0,-2807.0,-5614.0
5,2,1763.833333333333,2111.0,97,True,-2111.0,-2111.0,-4222.0
5,3,2048.9999999999995,2761.0,106,True,-2761.0,-2761.0,-5522.0
6,0,1657.0,1770.0,89,True,-1770.0,-1770.0,-3540.0
6,1,1637.1666666666667,1770.0,91,True,-1770.0,-1770.0,-3540.0
6,2,2009.3333333333335,2723.0,104,True,-2723.0,-2723.0,-5446.0
6,3,2430.1666666666665,3739.0,124,True,-3739.0,-3739.0,-7478.0
7,0,2600.666666666667,4181.0,128,True,-4181.0,-4181.0,-8362.0
7,1,2228.8333333333335,3134.0,112,True,-3134.0,-3134.0,-6268.0
7,2,2251.166666666667,3226.0,115,True,-3226.0,-3226.0,-6452.0
7,3,2028.1666666666667,2763.0,108,True,-2763.0,-2763.0,-5526.0
8,0,2049.166666666666,2883.0,109,True,-2883.0,-2883.0,-5766.0
8,1,1843.6666666666663,2305.0,100,True,-2305.0,-2305.0,-4610.0
8,2,2153.9999999999995,3141.0,113,True,-3141.0,-3141.0,-6282.0
8,3,2306.333333333333,3491.0,117,True,-3491.0,-3491.0,-6982.0
9,0,2115.6666666666665,3106.0,113,True,-3106.0,-3106.0,-6212.0
9,1,1748.8333333333333,2135.0,98,True,-2135.0,-2135.0,-4270.0
9,2,3068.000000000001,5551.0,151,True,-5551.0,-5551.0,-11102.0
9,3,2204.5,3315.0,116,True,-3315.0,-3315.0,-6630.0
10,0,1906.9999999999995,2535.0,104,True,-2535.0,-2535.0,-5070.0
10,1,2267.833333333334,3349.0,118,True,-3349.0,-3349.0,-6698.0
10,2,2039.9999999999998,2783.0,106,True,-2783.0,-2783.0,-5566.0
10,3,2315.5,3470.0,117,True,-3470.0,-3470.0,-6940.0
11,0,1742.6666666666667,2043.0,94,True,-2043.0,-2043.0,-4086.0
11,1,2057.0,2886.0,109,True,-2886.0,-2886.0,-5772.0
11,2,2158.333333333333,3155.0,113,True,-3155.0,-3155.0,-6310.0
11,3,1896.0,2462.0,101,True,-2462.0,-2462.0,-4924.0
12,0,1825.9999999999998,2307.0,99,True,-2307.0,-2307.0,-4614.0
12,1,2405.8333333333335,3775.0,122,True,-3775.0,-3775.0,-7550.0
12,2,2116.833333333333,3067.0,112,True,-3067.0,-3067.0,-6134.0
12,3,2253.5,3330.0,114,True,-3330.0,-3330.0,-6660.0
13,0,2154.8333333333335,3238.0,115,True,-3238.0,-3238.0,-6476.0
13,1,1977.1666666666667,2501.0,102,True,-2501.0,-2501.0,-5002.0
13,2,2377.0,3734.0,122,True,-3734.0,-3734.0,-7468.0
13,3,2040.166666666667,2783.0,107,True,-2783.0,-2783.0,-5566.0
14,0,2215.0,3231.0,113,True,-3231.0,-3231.0,-6462.0
14,1,1990.0000000000002,2743.0,107,True,-2743.0,-2743.0,-5486.0
14,2,2272.166666666666,3328.0,115,True,-3328.0,-3328.0,-6656.0
14,3,2219.666666666666,3227.0,114,True,-3227.0,-3227.0,-6454.0
15,0,2468.0,3821.0,125,True,-3821.0,-3821.0,-7642.0
15,1,2516.1666666666665,4041.0,128,True,-4041.0,-4041.0,-8082.0
15,2,2224.0,3194.0,114,True,-3194.0,-3194.0,-6388.0
15,3,1829.0,2283.0,100,True,-2283.0,-2283.0,-4566.0
16,0,1652.6666666666667,1839.0,93,True,-1839.0,-1839.0,-3678.0
16,1,2388.5,3649.0,119,True,-3649.0,-3649.0,-7298.0
16,2,1966.833333333333,2425.0,100,True,-2425.0,-2425.0,-4850.0
16,3,1850.833333333333,2282.0,98,True,-2282.0,-2282.0,-4564.0
17,0,1855.3333333333333,2302.0,98,True,-2302.0,-2302.0,-4604.0
17,1,2042.4999999999998,2692.0,106,True,-2692.0,-2692.0,-5384.0
17,2,2049.166666666666,2839.0,107,True,-2839.0,-2839.0,-5678.0
17,3,2146.833333333333,3003.0,111,True,-3003.0,-3003.0,-6006.0
18,0,1912.3333333333333,2500.0,102,True,-2500.0,-2500.0,-5000.0
18,1,2081.0,2910.0,107,True,-2910.0,-2910.0,-5820.0
18,2,2037.833333333333,2839.0,109,True,-2839.0,-2839.0,-5678.0
18,3,2238.666666666667,3263.0,115,True,-3263.0,-3263.0,-6526.0
19,0,1676.0,1846.0,92,True,-1846.0,-1846.0,-3692.0
19,1,1625.3333333333333,1723.0,87,True,-1723.0,-1723.0,-3446.0
19,2,2087.833333333333,2919.0,110,True,-2919.0,-2919.0,-5838.0
19,3,2117.666666666667,2923.0,108,True,-2923.0,-2923.0,-5846.0
20,0,2089.999999999999,2888.0,110,True,-2888.0,-2888.0,-5776.0
20,1,2166.9999999999995,2957.0,110,True,-2957.0,-2957.0,-5914.0
20,2,1854.833333333333,2331.0,99,True,-2331.0,-2331.0,-4662.0
20,3,2391.8333333333335,3796.0,123,True,-3796.0,-3796.0,-7592.0
21,0,1867.833333333333,2315.0,100,True,-2315.0,-2315.0,-4630.0
21,1,2390.0,3602.0,122,True,-3602.0,-3602.0,-7204.0
21,2,2005.6666666666665,2675.0,104,True,-2675.0,-2675.0,-5350.0
21,3,2176.1666666666665,3183.0,113,True,-3183.0,-3183.0,-6366.0
22,0,1875.0,2357.0,100,True,-2357.0,-2357.0,-4714.0
22,1,2057.833333333333,2793.0,107,True,-2793.0,-2793.0,-5586.0
22,2,2138.0,2991.0,110,True,-2991.0,-2991.0,-5982.0
22,3,2197.3333333333326,3307.0,115,True,-3307.0,-3307.0,-6614.0
23,0,2293.3333333333335,3471.0,118,True,-3471.0,-3471.0,-6942.0
23,1,2294.666666666667,3245.0,115,True,-3245.0,-3245.0,-6490.0
23,2,1711.6666666666665,1974.0,95,True,-1974.0,-1974.0,-3948.0
23,3,2506.333333333333,4007.0,127,True,-4007.0,-4007.0,-8014.0
24,0,2374.1666666666665,3595.0,120,True,-3595.0,-3595.0,-7190.0
24,1,1710.833333333333,2047.0,95,True,-2047.0,-2047.0,-4094.0
24,2,2390.333333333333,3485.0,119,True,-3485.0,-3485.0,-6970.0
24,3,2565.8333333333326,4127.0,129,True,-4127.0,-4127.0,-8254.0
25,0,1836.6666666666665,2351.0,99,True,-2351.0,-2351.0,-4702.0
25,1,1731.3333333333333,1925.0,93,True,-1925.0,-1925.0,-3850.0
25,2,1977.9999999999995,2513.0,103,True,-2513.0,-2513.0,-5026.0
25,3,1626.4999999999998,1667.0,89,True,-1667.0,-1667.0,-3334.0
26,0,2202.833333333334,3126.0,111,True,-3126.0,-3126.0,-6252.0
26,1,2351.1666666666665,3594.0,121,True,-3594.0,-3594.0,-7188.0
26,2,2200.0,2967.0,109,True,-2967.0,-2967.0,-5934.0
26,3,1914.166666666667,2366.0,100,True,-2366.0,-2366.0,-4732.0
27,0,2266.5,3358.0,116,True,-3358.0,-3358.0,-6716.0
27,1,2140.1666666666665,2967.0,110,True,-2967.0,-2967.0,-5934.0
27,2,1975.6666666666665,2691.0,106,True,-2691.0,-2691.0,-5382.0
27,3,2119.333333333333,3075.0,111,True,-3075.0,-3075.0,-6150.0
28,0,1567.4999999999998,1714.0,88,True,-1714.0,-1714.0,-3428.0
28,1,1630.1666666666665,1648.0,88,True,-1648.0,-1648.0,-3296.0
28,2,1788.5,2331.0,100,True,-2331.0,-2331.0,-4662.0
28,3,1948.3333333333333,2484.0,101,True,-2484.0,-2484.0,-4968.0
29,0,1544.333333333333,1597.0,87,True,-1597.0,-1597.0,-3194.0
29,1,1252.5000000000002,1051.0,80,True,-1051.0,-1051.0,-2102.0
29,2,1658.833333333333,1971.0,92,True,-1971.0,-1971.0,-3942.0
29,3,1583.3333333333333,1774.0,91,True,-1774.0,-1774.0,-3548.0
30,0,1360.5,1210.0,81,True,-1210.0,-1210.0,-2420.0
30,1,1392.3333333333333,1299.0,82,True,-1299.0,-1299.0,-2598.0
30,2,1621.833333333333,1650.0,88,True,-1650.0,-1650.0,-3300.0
30,3,1272.4999999999998,1071.0,78,True,-1071.0,-1071.0,-2142.0
31,0,1106.5,659.0,72,True,-659.0,-659.0,-1318.0
31,1,1214.1666666666667,874.0,77,True,-874.0,-874.0,-1748.0
31,2,1023.3333333333335,443.0,69,True,-443.0,-443.0,-886.0
31,3,1312.5,1306.0,84,True,-1306.0,-1306.0,-2612.0
32,0,1184.3333333333333,887.0,76,True,-887.0,-887.0,-1774.0
32,1,1244.5000000000002,886.0,77,True,-886.0,-886.0,-1772.0
32,2,1001.1666666666667,382.0,69,True,-382.0,-382.0,-764.0
32,3,1260.1666666666667,816.0,76,True,-816.0,-816.0,-1632.0
33,0,1330.3333333333333,1134.0,80,True,-1134.0,-1134.0,-2268.0
33,1,1575.3333333333335,1584.0,87,True,-1584.0,-1584.0,-3168.0
33,2,1419.1666666666665,1260.0,82,True,-1260.0,-1260.0,-2520.0
33,3,1736.6666666666665,2140.0,97,True,-2140.0,-2140.0,-4280.0
34,0,1186.3333333333333,844.0,75,True,-844.0,-844.0,-1688.0
34,1,1131.5,646.0,73,True,-646.0,-646.0,-1292.0
34,2,1539.8333333333333,1731.0,90,True,-1731.0,-1731.0,-3462.0
34,3,1440.5,1512.0,87,True,-1512.0,-1512.0,-3024.0
35,0,1317.0,1211.0,82,True,-1211.0,-1211.0,-2422.0
35,1,1266.0,963.0,78,True,-963.0,-963.0,-1926.0
35,2,1181.1666666666667,667.0,73,True,-667.0,-667.0,-1334.0
35,3,1152.5,703.0,74,True,-703.0,-703.0,-1406.0
36,0,1461.5,1514.0,86,True,-1514.0,-1514.0,-3028.0
36,1,1191.3333333333335,768.0,73,True,-768.0,-768.0,-1536.0
36,2,1195.3333333333335,718.0,72,True,-718.0,-718.0,-1436.0
36,3,1297.5,1190.0,81,True,-1190.0,-1190.0,-2380.0
37,0,1075.5,463.0,70,True,-463.0,-463.0,-926.0
37,1,1079.1666666666667,522.0,70,True,-522.0,-522.0,-1044.0
37,2,1258.5,962.0,77,True,-962.0,-962.0,-1924.0
37,3,1214.0,788.0,73,True,-788.0,-788.0,-1576.0
38,0,1224.3333333333333,710.0,73,True,-710.0,-710.0,-1420.0
38,1,1205.3333333333335,766.0,74,True,-766.0,-766.0,-1532.0
38,2,1035.0,462.0,69,True,-462.0,-462.0,-924.0
38,3,999.0,386.0,69,True,-386.0,-386.0,-772.0
39,0,1003.0,386.0,69,True,-386.0,-386.0,-772.0
39,1,1012.3333333333334,443.0,70,True,-443.0,-443.0,-886.0
39,2,998.8333333333334,441.0,70,True,-441.0,-441.0,-882.0
39,3,1011.3333333333334,323.0,68,True,-323.0,-323.0,-646.0
40,0,1073.1666666666667,506.0,71,True,-506.0,-506.0,-1012.0
40,1,1071.3333333333335,382.0,68,True,-382.0,-382.0,-764.0
40,2,1147.5,735.0,73,True,-735.0,-735.0,-1470.0
40,3,1303.5,1058.0,80,True,-1058.0,-1058.0,-2116.0
41,0,1043.0,386.0,69,True,-386.0,-386.0,-772.0
41,1,1041.3333333333335,382.0,68,True,-382.0,-382.0,-764.0
41,2,1038.0,386.0,69,True,-386.0,-386.0,-772.0
41,3,1117.5,461.0,70,True,-461.0,-461.0,-922.0
42,0,1160.3333333333335,646.0,71,True,-646.0,-646.0,-1292.0
42,1,1061.3333333333335,563.0,72,True,-563.0,-563.0,-1126.0
42,2,1043.1666666666665,578.0,71,True,-578.0,-578.0,-1156.0
42,3,995.3333333333334,399.0,67,True,-399.0,-399.0,-798.0
43,0,1138.1666666666667,723.0,74,True,-723.0,-723.0,-1446.0
43,1,1129.3333333333335,703.0,73,True,-703.0,-703.0,-1406.0
43,2,1104.1666666666667,526.0,71,True,-526.0,-526.0,-1052.0
43,3,1095.0,506.0,71,True,-506.0,-506.0,-1012.0
44,0,996.0,321.0,68,True,-321.0,-321.0,-642.0
44,1,1301.0,1039.0,78,True,-1039.0,-1039.0,-2078.0
44,2,1147.3333333333335,746.0,74,True,-746.0,-746.0,-1492.0
44,3,1084.8333333333335,615.0,70,True,-615.0,-615.0,-1230.0
45,0,1083.8333333333335,724.0,73,True,-724.0,-724.0,-1448.0
45,1,1105.5,683.0,74,True,-683.0,-683.0,-1366.0
45,2,1096.0,502.0,70,True,-502.0,-502.0,-1004.0
45,3,1074.8333333333333,581.0,70,True,-581.0,-581.0,-1162.0
46,0,1018.1666666666667,321.0,66,True,-321.0,-321.0,-642.0
46,1,959.1666666666667,203.0,66,True,-203.0,-203.0,-406.0
46,2,1003.3333333333335,443.0,70,True,-443.0,-443.0,-886.0
46,3,1051.5000000000002,502.0,70,True,-502.0,-502.0,-1004.0
47,0,1035.0,441.0,70,True,-441.0,-441.0,-882.0
47,1,1016.1666666666667,386.0,68,True,-386.0,-386.0,-772.0
47,2,1055.0,321.0,67,True,-321.0,-321.0,-642.0
47,3,981.0,203.0,66,True,-203.0,-203.0,-406.0
48,0,1053.0,386.0,69,True,-386.0,-386.0,-772.0
48,1,955.1666666666667,203.0,66,True,-203.0,-203.0,-406.0
48,2,1042.0,386.0,69,True,-386.0,-386.0,-772.0
48,3,1032.1666666666667,262.0,66,True,-262.0,-262.0,-524.0
49,0,985.0,321.0,68,True,-321.0,-321.0,-642.0
49,1,971.1666666666667,279.0,66,True,-279.0,-279.0,-558.0
49,2,993.3333333333334,323.0,67,True,-323.0,-323.0,-646.0
49,3,1065.5,526.0,71,True,-526.0,-526.0,-1052.0
50,0,1058.0,450.0,70,True,-450.0,-450.0,-900.0
50,1,959.1666666666667,203.0,66,True,-203.0,-203.0,-406.0
50,2,1060.3333333333335,323.0,68,True,-323.0,-323.0,-646.0
50,3,944.1666666666667,203.0,66,True,-203.0,-203.0,-406.0
51,0,1095.3333333333333,583.0,72,True,-583.0,-583.0,-1166.0
51,1,1231.5,943.0,77,True,-943.0,-943.0,-1886.0
51,2,982.3333333333334,323.0,68,True,-323.0,-323.0,-646.0
51,3,1085.8333333333335,680.0,72,True,-680.0,-680.0,-1360.0
52,0,981.0,203.0,66,True,-203.0,-203.0,-406.0
52,1,1032.0,458.0,68,True,-458.0,-458.0,-916.0
52,2,952.1666666666667,203.0,66,True,-203.0,-203.0,-406.0
52,3,946.1666666666667,203.0,66,True,-203.0,-203.0,-406.0
53,0,1003.0,399.0,69,True,-399.0,-399.0,-798.0
53,1,1051.0,443.0,70,True,-443.0,-443.0,-886.0
53,2,1010.0,399.0,69,True,-399.0,-399.0,-798.0
53,3,1065.1666666666667,419.0,69,True,-419.0,-419.0,-838.0
54,0,963.0,262.0,67,True,-262.0,-262.0,-524.0
54,1,1044.1666666666665,279.0,67,True,-279.0,-279.0,-558.0
54,2,1051.0,386.0,69,True,-386.0,-386.0,-772.0
54,3,974.0,277.0,67,True,-277.0,-277.0,-554.0
55,0,965.0,279.0,67,True,-279.0,-279.0,-558.0
55,1,1017.0,399.0,68,True,-399.0,-399.0,-798.0
55,2,954.1666666666667,203.0,66,True,-203.0,-203.0,-406.0
55,3,974.1666666666667,203.0,66,True,-203.0,-203.0,-406.0
56,0,1008.0,323.0,68,True,-323.0,-323.0,-646.0
56,1,1010.0,386.0,69,True,-386.0,-386.0,-772.0
56,2,1179.0,723.0,73,True,-723.0,-723.0,-1446.0
56,3,1045.1666666666667,467.0,70,True,-467.0,-467.0,-934.0
57,0,1198.1666666666667,766.0,74,True,-766.0,-766.0,-1532.0
57,1,1125.5,659.0,73,True,-659.0,-659.0,-1318.0
57,2,947.8333333333334,277.0,67,True,-277.0,-277.0,-554.0
57,3,991.1666666666667,323.0,68,True,-323.0,-323.0,-646.0
58,0,1109.1666666666665,602.0,71,True,-602.0,-602.0,-1204.0
58,1,1008.8333333333334,441.0,70,True,-441.0,-441.0,-882.0
58,2,985.0,321.0,68,True,-321.0,-321.0,-642.0
58,3,1007.1666666666667,279.0,66,True,-279.0,-279.0,-558.0
59,0,1053.0,462.0,70,True,-462.0,-462.0,-924.0
59,1,1025.1666666666667,506.0,71,True,-506.0,-506.0,-1012.0
59,2,988.1666666666667,203.0,66,True,-203.0,-203.0,-406.0
59,3,1056.3333333333335,519.0,70,True,-519.0,-519.0,-1038.0
60,0,967.0,262.0,67,True,-262.0,-262.0,-524.0
60,1,979.0,443.0,69,True,-443.0,-443.0,-886.0
60,2,968.1666666666667,203.0,66,True,-203.0,-203.0,-406.0
60,3,1050.3333333333335,443.0,70,True,-443.0,-443.0,-886.0
61,0,1024.0,279.0,67,True,-279.0,-279.0,-558.0
61,1,971.0,323.0,68,True,-323.0,-323.0,-646.0
61,2,943.1666666666667,203.0,66,True,-203.0,-203.0,-406.0
61,3,971.1666666666667,203.0,66,True,-203.0,-203.0,-406.0
62,0,1011.0000000000001,386.0,68,True,-386.0,-386.0,-772.0
62,1,984.1666666666666,279.0,66,True,-279.0,-279.0,-558.0
62,2,997.1666666666667,327.0,68,True,-327.0,-327.0,-654.0
62,3,1017.0,323.0,68,True,-323.0,-323.0,-646.0
63,0,992.0,327.0,68,True,-327.0,-327.0,-654.0
63,1,1024.0,203.0,66,True,-203.0,-203.0,-406.0
63,2,967.1666666666667,203.0,66,True,-203.0,-203.0,-406.0
63,3,1021.0,279.0,66,True,-279.0,-279.0,-558.0
64,0,1032.0,386.0,69,True,-386.0,-386.0,-772.0
64,1,1017.1666666666667,203.0,66,True,-203.0,-203.0,-406.0
64,2,965.0,203.0,66,True,-203.0,-203.0,-406.0
64,3,941.1666666666667,203.0,66,True,-203.0,-203.0,-406.0
65,0,994.0,323.0,68,True,-323.0,-323.0,-646.0
65,1,981.0,203.0,66,True,-203.0,-203.0,-406.0
65,2,1007.1666666666667,203.0,66,True,-203.0,-203.0,-406.0
65,3,948.1666666666667,203.0,66,True,-203.0,-203.0,-406.0
66,0,927.1666666666667,203.0,66,True,-203.0,-203.0,-406.0
66,1,966.1666666666667,262.0,67,True,-262.0,-262.0,-524.0
66,2,955.1666666666667,203.0,66,True,-203.0,-203.0,-406.0
66,3,965.0,203.0,66,True,-203.0,-203.0,-406.0
67,0,972.0,203.0,66,True,-203.0,-203.0,-406.0
67,1,958.0,203.0,66,True,-203.0,-203.0,-406.0
67,2,965.0,203.0,66,True,-203.0,-203.0,-406.0
67,3,994.1666666666667,267.0,67,True,-267.0,-267.0,-534.0
68,0,1002.1666666666666,495.0,70,True,-495.0,-495.0,-990.0
68,1,1007.0000000000001,386.0,69,True,-386.0,-386.0,-772.0
68,2,1135.5,635.0,72,True,-635.0,-635.0,-1270.0
68,3,938.0,279.0,67,True,-279.0,-279.0,-558.0
69,0,1024.0,537.0,70,True,-537.0,-537.0,-1074.0
69,1,1043.1666666666665,495.0,70,True,-495.0,-495.0,-990.0
69,2,1062.5,495.0,70,True,-495.0,-495.0,-990.0
69,3,1087.1666666666665,635.0,72,True,-635.0,-635.0,-1270.0
70,0,979.8333333333333,373.0,68,True,-373.0,-373.0,-746.0
70,1,925.1666666666667,203.0,66,True,-203.0,-203.0,-406.0
70,2,998.0,399.0,68,True,-399.0,-399.0,-798.0
70,3,955.0,338.0,68,True,-338.0,-338.0,-676.0
71,0,998.0,399.0,69,True,-399.0,-399.0,-798.0
71,1,972.0,203.0,66,True,-203.0,-203.0,-406.0
71,2,951.0,203.0,66,True,-203.0,-203.0,-406.0
71,3,931.0,203.0,66,True,-203.0,-203.0,-406.0
72,0,965.0,203.0,66,True,-203.0,-203.0,-406.0
72,1,1003.1666666666666,279.0,67,True,-279.0,-279.0,-558.0
72,2,968.1666666666667,203.0,66,True,-203.0,-203.0,-406.0
72,3,965.0,203.0,66,True,-203.0,-203.0,-406.0
73,0,958.0,203.0,66,True,-203.0,-203.0,-406.0
73,1,965.0,203.0,66,True,-203.0,-203.0,-406.0
73,2,984.1666666666667,279.0,66,True,-279.0,-279.0,-558.0
73,3,947.1666666666667,203.0,66,True,-203.0,-203.0,-406.0
74,0,958.0,203.0,66,True,-203.0,-203.0,-406.0
74,1,1017.0000000000001,326.0,68,True,-326.0,-326.0,-652.0
74,2,965.0,203.0,66,True,-203.0,-203.0,-406.0
74,3,959.1666666666667,203.0,66,True,-203.0,-203.0,-406.0
75,0,965.0,203.0,66,True,-203.0,-203.0,-406.0
75,1,958.0,203.0,66,True,-203.0,-203.0,-406.0
75,2,958.0,203.0,66,True,-203.0,-203.0,-406.0
75,3,965.0,203.0,66,True,-203.0,-203.0,-406.0
76,0,972.0,203.0,66,True,-203.0,-203.0,-406.0
76,1,965.0,203.0,66,True,-203.0,-203.0,-406.0
76,2,972.0,203.0,66,True,-203.0,-203.0,-406.0
76,3,965.0,203.0,66,True,-203.0,-203.0,-406.0
77,0,988.1666666666667,279.0,67,True,-279.0,-279.0,-558.0
77,1,969.5,373.0,68,True,-373.0,-373.0,-746.0
77,2,926.0,157.0,65,True,-157.0,-157.0,-314.0
77,3,965.0,203.0,66,True,-203.0,-203.0,-406.0
78,0,972.0,203.0,66,True,-203.0,-203.0,-406.0
78,1,964.1666666666667,203.0,66,True,-203.0,-203.0,-406.0
78,2,965.0,203.0,66,True,-203.0,-203.0,-406.0
78,3,985.1666666666666,279.0,66,True,-279.0,-279.0,-558.0
79,0,1001.0,279.0,66,True,-279.0,-279.0,-558.0
79,1,969.1666666666667,203.0,66,True,-203.0,-203.0,-406.0
79,2,959.1666666666667,203.0,66,True,-203.0,-203.0,-406.0
79,3,972.0,203.0,66,True,-203.0,-203.0,-406.0
80,0,972.0,203.0,66,True,-203.0,-203.0,-406.0
80,1,972.0,203.0,66,True,-203.0,-203.0,-406.0
80,2,972.0,203.0,66,True,-203.0,-203.0,-406.0
80,3,965.0,203.0,66,True,-203.0,-203.0,-406.0
81,0,987.1666666666667,203.0,66,True,-203.0,-203.0,-406.0
81,1,958.1666666666667,203.0,66,True,-203.0,-203.0,-406.0
81,2,1003.0,443.0,70,True,-443.0,-443.0,-886.0
81,3,1039.0,519.0,71,True,-519.0,-519.0,-1038.0
82,0,965.0,203.0,66,True,-203.0,-203.0,-406.0
82,1,962.1666666666667,203.0,66,True,-203.0,-203.0,-406.0
82,2,972.0,203.0,66,True,-203.0,-203.0,-406.0
82,3,970.1666666666667,203.0,66,True,-203.0,-203.0,-406.0
83,0,965.1666666666667,203.0,66,True,-203.0,-203.0,-406.0
83,1,965.0,203.0,66,True,-203.0,-203.0,-406.0
83,2,972.0,203.0,66,True,-203.0,-203.0,-406.0
83,3,965.0,203.0,66,True,-203.0,-203.0,-406.0
84,0,978.1666666666667,203.0,66,True,-203.0,-203.0,-406.0
84,1,958.1666666666667,203.0,66,True,-203.0,-203.0,-406.0
84,2,971.1666666666666,279.0,66,True,-279.0,-279.0,-558.0
84,3,976.1666666666667,203.0,66,True,-203.0,-203.0,-406.0
85,0,1014.1666666666667,323.0,68,True,-323.0,-323.0,-646.0
85,1,972.0,203.0,66,True,-203.0,-203.0,-406.0
85,2,1044.1666666666667,343.0,68,True,-343.0,-343.0,-686.0
85,3,961.1666666666667,203.0,66,True,-203.0,-203.0,-406.0
86,0,978.1666666666667,203.0,66,True,-203.0,-203.0,-406.0
86,1,966.1666666666667,203.0,66,True,-203.0,-203.0,-406.0
86,2,1009.3333333333334,323.0,68,True,-323.0,-323.0,-646.0
86,3,1015.1666666666667,323.0,68,True,-323.0,-323.0,-646.0
87,0,958.0,203.0,66,True,-203.0,-203.0,-406.0
87,1,978.1666666666667,203.0,66,True,-203.0,-203.0,-406.0
87,2,982.1666666666667,203.0,66,True,-203.0,-203.0,-406.0
87,3,968.1666666666667,203.0,66,True,-203.0,-203.0,-406.0
88,0,958.0,203.0,66,True,-203.0,-203.0,-406.0
88,1,964.1666666666667,203.0,66,True,-203.0,-203.0,-406.0
88,2,958.0,203.0,66,True,-203.0,-203.0,-406.0
88,3,965.0,203.0,66,True,-203.0,-203.0,-406.0
89,0,972.0,203.0,66,True,-203.0,-203.0,-406.0
89,1,965.0,203.0,66,True,-203.0,-203.0,-406.0
89,2,973.1666666666667,203.0,66,True,-203.0,-203.0,-406.0
89,3,1001.1666666666667,267.0,67,True,-267.0,-267.0,-534.0
90,0,972.0,203.0,66,True,-203.0,-203.0,-406.0
90,1,972.0,203.0,66,True,-203.0,-203.0,-406.0
90,2,969.1666666666667,203.0,66,True,-203.0,-203.0,-406.0
90,3,972.0,203.0,66,True,-203.0,-203.0,-406.0
91,0,965.1666666666667,203.0,66,True,-203.0,-203.0,-406.0
91,1,965.1666666666667,203.0,66,True,-203.0,-203.0,-406.0
91,2,962.1666666666667,203.0,66,True,-203.0,-203.0,-406.0
91,3,971.1666666666667,203.0,66,True,-203.0,-203.0,-406.0
92,0,972.0,203.0,66,True,-203.0,-203.0,-406.0
92,1,975.1666666666667,203.0,66,True,-203.0,-203.0,-406.0
92,2,972.0,203.0,66,True,-203.0,-203.0,-406.0
92,3,965.0,203.0,66,True,-203.0,-203.0,-406.0
93,0,972.0,203.0,66,True,-203.0,-203.0,-406.0
93,1,990.1666666666666,279.0,66,True,-279.0,-279.0,-558.0
93,2,965.0,203.0,66,True,-203.0,-203.0,-406.0
93,3,978.1666666666667,203.0,66,True,-203.0,-203.0,-406.0
94,0,965.0,203.0,66,True,-203.0,-203.0,-406.0
94,1,965.0,203.0,66,True,-203.0,-203.0,-406.0
94,2,957.1666666666667,203.0,66,True,-203.0,-203.0,-406.0
94,3,968.1666666666667,203.0,66,True,-203.0,-203.0,-406.0
95,0,961.1666666666667,203.0,66,True,-203.0,-203.0,-406.0
95,1,972.0,203.0,66,True,-203.0,-203.0,-406.0
95,2,965.0,203.0,66,True,-203.0,-203.0,-406.0
95,3,1002.5,267.0,67,True,-267.0,-267.0,-534.0
96,0,959.1666666666667,203.0,66,True,-203.0,-203.0,-406.0
96,1,965.0,203.0,66,True,-203.0,-203.0,-406.0
96,2,979.1666666666667,279.0,67,True,-279.0,-279.0,-558.0
96,3,974.1666666666667,203.0,66,True,-203.0,-203.0,-406.0
97,0,1146.3333333333333,583.0,72,True,-583.0,-583.0,-1166.0
97,1,1025.1666666666667,402.0,69,True,-402.0,-402.0,-804.0
97,2,1046.5,402.0,69,True,-402.0,-402.0,-804.0
97,3,1058.5,402.0,69,True,-402.0,-402.0,-804.0
98,0,977.1666666666667,203.0,66,True,-203.0,-203.0,-406.0
98,1,938.0,203.0,66,True,-203.0,-203.0,-406.0
98,2,964.1666666666667,203.0,66,True,-203.0,-203.0,-406.0
98,3,992.1666666666666,279.0,66,True,-279.0,-279.0,-558.0
99,0,965.0,203.0,66,True,-203.0,-203.0,-406.0
99,1,946.1666666666667,203.0,66,True,-203.0,-203.0,-406.0
99,2,957.1666666666667,203.0,66,True,-203.0,-203.0,-406.0
99,3,972.0,203.0,66,True,-203.0,-203.0,-406.0
100,0,988.0,203.0,66,True,-203.0,-203.0,-406.0
100,1,1038.1666666666667,402.0,69,True,-402.0,-402.0,-804.0
100,2,1014.1666666666667,203.0,66,True,-203.0,-203.0,-406.0
100,3,945.1666666666667,203.0,66,True,-203.0,-203.0,-406.0
101,0,943.1666666666667,203.0,66,True,-203.0,-203.0,-406.0
101,1,959.1666666666667,203.0,66,True,-203.0,-203.0,-406.0
101,2,972.0,203.0,66,True,-203.0,-203.0,-406.0
101,3,939.1666666666667,203.0,66,True,-203.0,-203.0,-406.0
102,0,953.1666666666667,203.0,66,True,-203.0,-203.0,-406.0
102,1,972.0,203.0,66,True,-203.0,-203.0,-406.0
102,2,969.1666666666667,203.0,66,True,-203.0,-203.0,-406.0
102,3,972.1666666666667,203.0,66,True,-203.0,-203.0,-406.0
103,0,965.0,203.0,66,True,-203.0,-203.0,-406.0
103,1,935.1666666666667,203.0,66,True,-203.0,-203.0,-406.0
103,2,965.0,203.0,66,True,-203.0,-203.0,-406.0
103,3,963.1666666666667,203.0,66,True,-203.0,-203.0,-406.0
104,0,972.0,203.0,66,True,-203.0,-203.0,-406.0
104,1,972.0,203.0,66,True,-203.0,-203.0,-406.0
104,2,1030.5,267.0,67,True,-267.0,-267.0,-534.0
104,3,972.0,203.0,66,True,-203.0,-203.0,-406.0
105,0,1017.1666666666667,203.0,66,True,-203.0,-203.0,-406.0
105,1,1089.5,343.0,68,True,-343.0,-343.0,-686.0
105,2,958.0,203.0,66,True,-203.0,-203.0,-406.0
105,3,981.0,203.0,66,True,-203.0,-203.0,-406.0
106,0,994.1666666666667,203.0,66,True,-203.0,-203.0,-406.0
106,1,969.1666666666667,203.0,66,True,-203.0,-203.0,-406.0
106,2,965.0,203.0,66,True,-203.0,-203.0,-406.0
106,3,999.0,327.0,68,True,-327.0,-327.0,-654.0
107,0,967.1666666666667,203.0,66,True,-203.0,-203.0,-406.0
107,1,972.0,203.0,66,True,-203.0,-203.0,-406.0
107,2,974.1666666666667,203.0,66,True,-203.0,-203.0,-406.0
107,3,953.1666666666667,203.0,66,True,-203.0,-203.0,-406.0
108,0,1017.0,203.0,66,True,-203.0,-203.0,-406.0
108,1,980.1666666666667,203.0,66,True,-203.0,-203.0,-406.0
108,2,1020.3333333333334,399.0,68,True,-399.0,-399.0,-798.0
108,3,954.1666666666667,203.0,66,True,-203.0,-203.0,-406.0
109,0,1031.0,203.0,66,True,-203.0,-203.0,-406.0
109,1,1023.1666666666667,203.0,66,True,-203.0,-203.0,-406.0
109,2,906.8333333333334,222.0,66,True,-222.0,-222.0,-444.0
109,3,1066.1666666666667,386.0,69,True,-386.0,-386.0,-772.0
110,0,1014.0,279.0,67,True,-279.0,-279.0,-558.0
110,1,982.1666666666667,203.0,66,True,-203.0,-203.0,-406.0
110,2,1039.1666666666667,386.0,69,True,-386.0,-386.0,-772.0
110,3,1035.1666666666667,343.0,68,True,-343.0,-343.0,-686.0
111,0,992.0,344.0,67,True,-344.0,-344.0,-688.0
111,1,1024.0,203.0,66,True,-203.0,-203.0,-406.0
111,2,999.0,386.0,69,True,-386.0,-386.0,-772.0
111,3,961.1666666666667,203.0,66,True,-203.0,-203.0,-406.0
112,0,976.0,203.0,66,True,-203.0,-203.0,-406.0
112,1,974.0,203.0,66,True,-203.0,-203.0,-406.0
112,2,1068.0,386.0,69,True,-386.0,-386.0,-772.0
112,3,975.1666666666667,203.0,66,True,-203.0,-203.0,-406.0
113,0,956.1666666666667,203.0,66,True,-203.0,-203.0,-406.0
113,1,945.0,203.0,66,True,-203.0,-203.0,-406.0
113,2,965.0,203.0,66,True,-203.0,-203.0,-406.0
113,3,946.1666666666667,203.0,66,True,-203.0,-203.0,-406.0
114,0,1024.0,203.0,66,True,-203.0,-203.0,-406.0
114,1,1050.1666666666667,462.0,70,True,-462.0,-462.0,-924.0
114,2,948.0,279.0,67,True,-279.0,-279.0,-558.0
114,3,1024.0,203.0,66,True,-203.0,-203.0,-406.0
115,0,1056.1666666666667,203.0,66,True,-203.0,-203.0,-406.0
115,1,1031.0,203.0,66,True,-203.0,-203.0,-406.0
115,2,974.0,203.0,66,True,-203.0,-203.0,-406.0
115,3,946.1666666666667,203.0,66,True,-203.0,-203.0,-406.0
116,0,1036.8333333333335,386.0,69,True,-386.0,-386.0,-772.0
116,1,1069.1666666666667,386.0,69,True,-386.0,-386.0,-772.0
116,2,999.0,386.0,69,True,-386.0,-386.0,-772.0
116,3,981.1666666666667,203.0,66,True,-203.0,-203.0,-406.0
117,0,981.0,203.0,66,True,-203.0,-203.0,-406.0
117,1,1042.0,386.0,69,True,-386.0,-386.0,-772.0
117,2,981.0,203.0,66,True,-203.0,-203.0,-406.0
117,3,945.0,203.0,66,True,-203.0,-203.0,-406.0
118,0,1020.1666666666667,327.0,68,True,-327.0,-327.0,-654.0
118,1,1017.0,203.0,66,True,-203.0,-203.0,-406.0
118,2,1031.1666666666667,386.0,69,True,-386.0,-386.0,-772.0
118,3,951.1666666666667,203.0,66,True,-203.0,-203.0,-406.0
119,0,1069.1666666666667,386.0,69,True,-386.0,-386.0,-772.0
119,1,1064.5,450.0,70,True,-450.0,-450.0,-900.0
119,2,1056.1666666666667,386.0,69,True,-386.0,-386.0,-772.0
119,3,1024.0,203.0,66,True,-203.0,-203.0,-406.0
120,0,1035.1666666666667,386.0,69,True,-386.0,-386.0,-772.0
120,1,1035.1666666666667,386.0,69,True,-386.0,-386.0,-772.0
120,2,1005.0,386.0,69,True,-386.0,-386.0,-772.0
120,3,1056.1666666666667,279.0,66,True,-279.0,-279.0,-558.0
121,0,1057.0,386.0,69,True,-386.0,-386.0,-772.0
121,1,1059.1666666666667,386.0,69,True,-386.0,-386.0,-772.0
121,2,1042.0,386.0,69,True,-386.0,-386.0,-772.0
121,3,1039.1666666666667,386.0,69,True,-386.0,-386.0,-772.0
122,0,1038.1666666666667,386.0,69,True,-386.0,-386.0,-772.0
122,1,1035.0,386.0,69,True,-386.0,-386.0,-772.0
122,2,1049.0,386.0,69,True,-386.0,-386.0,-772.0
122,3,1012.1666666666667,203.0,66,True,-203.0,-203.0,-406.0
123,0,1033.0,386.0,69,True,-386.0,-386.0,-772.0
123,1,1071.0,386.0,69,True,-386.0,-386.0,-772.0
123,2,1082.0,462.0,69,True,-462.0,-462.0,-924.0
123,3,1032.1666666666667,386.0,69,True,-386.0,-386.0,-772.0
124,0,1053.0,386.0,69,True,-386.0,-386.0,-772.0
124,1,1049.0,386.0,69,True,-386.0,-386.0,-772.0
124,2,1035.0,386.0,69,True,-386.0,-386.0,-772.0
124,3,1035.0,386.0,69,True,-386.0,-386.0,-772.0
125,0,1038.1666666666667,386.0,69,True,-386.0,-386.0,-772.0
125,1,1024.0,203.0,66,True,-203.0,-203.0,-406.0
125,2,1038.1666666666667,386.0,69,True,-386.0,-386.0,-772.0
125,3,1048.0,386.0,69,True,-386.0,-386.0,-772.0
126,0,1047.1666666666667,386.0,69,True,-386.0,-386.0,-772.0
126,1,1047.0,386.0,69,True,-386.0,-386.0,-772.0
126,2,1056.1666666666667,386.0,69,True,-386.0,-386.0,-772.0
126,3,1040.0,386.0,69,True,-386.0,-386.0,-772.0
127,0,1043.1666666666667,386.0,69,True,-386.0,-386.0,-772.0
127,1,1072.8333333333335,386.0,69,True,-386.0,-386.0,-772.0
127,2,1031.0,386.0,69,True,-386.0,-386.0,-772.0
127,3,1061.0,386.0,69,True,-386.0,-386.0,-772.0
128,0,985.0,386.0,69,True,-386.0,-386.0,-772.0
128,1,999.0,386.0,69,True,-386.0,-386.0,-772.0
128,2,999.1666666666667,203.0,66,True,-203.0,-203.0,-406.0
128,3,1032.1666666666667,203.0,66,True,-203.0,-203.0,-406.0
129,0,1039.1666666666667,386.0,69,True,-386.0,-386.0,-772.0
129,1,1062.1666666666667,386.0,69,True,-386.0,-386.0,-772.0
129,2,972.0,203.0,66,True,-203.0,-203.0,-406.0
129,3,1041.0,386.0,69,True,-386.0,-386.0,-772.0
130,0,1020.1666666666667,203.0,66,True,-203.0,-203.0,-406.0
130,1,1021.1666666666667,386.0,69,True,-386.0,-386.0,-772.0
130,2,1058.1666666666667,386.0,69,True,-386.0,-386.0,-772.0
130,3,1005.0,262.0,67,True,-262.0,-262.0,-524.0
131,0,1027.1666666666667,386.0,69,True,-386.0,-386.0,-772.0
131,1,1019.0,203.0,66,True,-203.0,-203.0,-406.0
131,2,1089.0,462.0,69,True,-462.0,-462.0,-924.0
131,3,1024.0,203.0,66,True,-203.0,-203.0,-406.0
132,0,965.0,203.0,66,True,-203.0,-203.0,-406.0
132,1,1026.0,321.0,68,True,-321.0,-321.0,-642.0
132,2,992.0,386.0,69,True,-386.0,-386.0,-772.0
132,3,1073.5,450.0,70,True,-450.0,-450.0,-900.0
133,0,990.1666666666667,203.0,66,True,-203.0,-203.0,-406.0
133,1,1099.0,450.0,70,True,-450.0,-450.0,-900.0
133,2,1055.1666666666667,386.0,69,True,-386.0,-386.0,-772.0
133,3,1017.8333333333333,438.0,69,True,-438.0,-438.0,-876.0
134,0,960.1666666666667,203.0,66,True,-203.0,-203.0,-406.0
134,1,1053.0,386.0,69,True,-386.0,-386.0,-772.0
134,2,938.1666666666667,203.0,66,True,-203.0,-203.0,-406.0
134,3,1043.1666666666667,386.0,69,True,-386.0,-386.0,-772.0
135,0,1038.1666666666667,203.0,66,True,-203.0,-203.0,-406.0
135,1,991.1666666666667,203.0,66,True,-203.0,-203.0,-406.0
135,2,949.0,203.0,66,True,-203.0,-203.0,-406.0
135,3,974.0,203.0,66,True,-203.0,-203.0,-406.0
136,0,1036.0,386.0,69,True,-386.0,-386.0,-772.0
136,1,993.1666666666667,386.0,69,True,-386.0,-386.0,-772.0
136,2,1019.0,203.0,66,True,-203.0,-203.0,-406.0
136,3,943.1666666666667,203.0,66,True,-203.0,-203.0,-406.0
137,0,1032.3333333333335,443.0,70,True,-443.0,-443.0,-886.0
137,1,949.0000000000001,321.0,68,True,-321.0,-321.0,-642.0
137,2,1008.0,323.0,68,True,-323.0,-323.0,-646.0
137,3,976.0,279.0,66,True,-279.0,-279.0,-558.0
138,0,958.0,203.0,66,True,-203.0,-203.0,-406.0
138,1,954.1666666666667,203.0,66,True,-203.0,-203.0,-406.0
138,2,1005.1666666666667,203.0,66,True,-203.0,-203.0,-406.0
138,3,961.1666666666667,203.0,66,True,-203.0,-203.0,-406.0
139,0,965.0,203.0,66,True,-203.0,-203.0,-406.0
139,1,963.1666666666667,203.0,66,True,-203.0,-203.0,-406.0
139,2,976.1666666666666,279.0,66,True,-279.0,-279.0,-558.0
139,3,1083.1666666666667,462.0,69,True,-462.0,-462.0,-924.0
140,0,976.0,279.0,66,True,-279.0,-279.0,-558.0
140,1,965.0,203.0,66,True,-203.0,-203.0,-406.0
140,2,938.1666666666667,203.0,66,True,-203.0,-203.0,-406.0
140,3,1072.5,563.0,71,True,-563.0,-563.0,-1126.0
141,0,972.0,203.0,66,True,-203.0,-203.0,-406.0
141,1,1042.0,386.0,69,True,-386.0,-386.0,-772.0
141,2,956.1666666666667,203.0,66,True,-203.0,-203.0,-406.0
141,3,938.1666666666667,203.0,66,True,-203.0,-203.0,-406.0
142,0,948.1666666666667,203.0,66,True,-203.0,-203.0,-406.0
142,1,1142.5,450.0,70,True,-450.0,-450.0,-900.0
142,2,1017.1666666666667,203.0,66,True,-203.0,-203.0,-406.0
142,3,999.1666666666667,203.0,66,True,-203.0,-203.0,-406.0
143,0,1042.0,462.0,69,True,-462.0,-462.0,-924.0
143,1,922.0,203.0,66,True,-203.0,-203.0,-406.0
143,2,972.0,203.0,66,True,-203.0,-203.0,-406.0
143,3,988.0,203.0,66,True,-203.0,-203.0,-406.0
144,0,974.1666666666666,279.0,66,True,-279.0,-279.0,-558.0
144,1,972.0,203.0,66,True,-203.0,-203.0,-406.0
144,2,945.1666666666666,279.0,66,True,-279.0,-279.0,-558.0
144,3,1049.0,386.0,69,True,-386.0,-386.0,-772.0
145,0,971.1666666666667,203.0,66,True,-203.0,-203.0,-406.0
145,1,943.1666666666667,203.0,66,True,-203.0,-203.0,-406.0
145,2,965.0,203.0,66,True,-203.0,-203.0,-406.0
145,3,995.0,462.0,69,True,-462.0,-462.0,-924.0
146,0,952.1666666666667,203.0,66,True,-203.0,-203.0,-406.0
146,1,1008.1666666666667,203.0,66,True,-203.0,-203.0,-406.0
146,2,958.0,203.0,66,True,-203.0,-203.0,-406.0
146,3,997.1666666666667,203.0,66,True,-203.0,-203.0,-406.0
147,0,948.1666666666667,203.0,66,True,-203.0,-203.0,-406.0
147,1,941.1666666666667,203.0,66,True,-203.0,-203.0,-406.0
147,2,1023.1666666666667,203.0,66,True,-203.0,-203.0,-406.0
147,3,1024.0,203.0,66,True,-203.0,-203.0,-406.0
148,0,961.1666666666666,279.0,67,True,-279.0,-279.0,-558.0
148,1,989.0,279.0,67,True,-279.0,-279.0,-558.0
148,2,992.8333333333333,438.0,69,True,-438.0,-438.0,-876.0
148,3,1013.8333333333333,438.0,69,True,-438.0,-438.0,-876.0
149,0,949.1666666666667,203.0,66,True,-203.0,-203.0,-406.0
149,1,997.1666666666667,203.0,66,True,-203.0,-203.0,-406.0
149,2,971.1666666666667,203.0,66,True,-203.0,-203.0,-406.0
149,3,971.1666666666667,203.0,66,True,-203.0,-203.0,-406.0
150,0,998.1666666666667,203.0,66,True,-203.0,-203.0,-406.0
150,1,974.0,203.0,66,True,-203.0,-203.0,-406.0
150,2,972.0,203.0,66,True,-203.0,-203.0,-406.0
150,3,954.1666666666667,203.0,66,True,-203.0,-203.0,-406.0
151,0,974.0,203.0,66,True,-203.0,-203.0,-406.0
151,1,967.0,203.0,66,True,-203.0,-203.0,-406.0
151,2,952.1666666666667,203.0,66,True,-203.0,-203.0,-406.0
151,3,940.1666666666667,203.0,66,True,-203.0,-203.0,-406.0
152,0,974.0,203.0,66,True,-203.0,-203.0,-406.0
152,1,1015.0,323.0,68,True,-323.0,-323.0,-646.0
152,2,1018.1666666666667,279.0,67,True,-279.0,-279.0,-558.0
152,3,1048.1666666666667,386.0,69,True,-386.0,-386.0,-772.0
153,0,965.0,203.0,66,True,-203.0,-203.0,-406.0
153,1,1042.0,386.0,69,True,-386.0,-386.0,-772.0
153,2,995.1666666666667,203.0,66,True,-203.0,-203.0,-406.0
153,3,1031.0,203.0,66,True,-203.0,-203.0,-406.0
154,0,982.1666666666667,279.0,66,True,-279.0,-279.0,-558.0
154,1,992.1666666666667,203.0,66,True,-203.0,-203.0,-406.0
154,2,1021.1666666666667,203.0,66,True,-203.0,-203.0,-406.0
154,3,1060.0,386.0,69,True,-386.0,-386.0,-772.0
155,0,1017.0,203.0,66,True,-203.0,-203.0,-406.0
155,1,1010.0,386.0,69,True,-386.0,-386.0,-772.0
155,2,996.1666666666667,203.0,66,True,-203.0,-203.0,-406.0
155,3,1046.1666666666667,386.0,69,True,-386.0,-386.0,-772.0
156,0,943.1666666666667,203.0,66,True,-203.0,-203.0,-406.0
156,1,965.0,203.0,66,True,-203.0,-203.0,-406.0
156,2,1004.1666666666667,386.0,69,True,-386.0,-386.0,-772.0
156,3,1029.1666666666667,386.0,69,True,-386.0,-386.0,-772.0
157,0,948.1666666666667,203.0,66,True,-203.0,-203.0,-406.0
157,1,1017.0,386.0,69,True,-386.0,-386.0,-772.0
157,2,1017.0,386.0,69,True,-386.0,-386.0,-772.0
157,3,992.0,386.0,69,True,-386.0,-386.0,-772.0
158,0,1035.0,386.0,69,True,-386.0,-386.0,-772.0
158,1,1024.0,203.0,66,True,-203.0,-203.0,-406.0
158,2,1017.0,386.0,69,True,-386.0,-386.0,-772.0
158,3,941.1666666666667,203.0,66,True,-203.0,-203.0,-406.0
159,0,1035.0,386.0,69,True,-386.0,-386.0,-772.0
159,1,1044.0,386.0,69,True,-386.0,-386.0,-772.0
159,2,1016.0,386.0,69,True,-386.0,-386.0,-772.0
159,3,1020.0000000000001,386.0,69,True,-386.0,-386.0,-772.0
160,0,1021.0,386.0,69,True,-386.0,-386.0,-772.0
160,1,1004.1666666666667,203.0,66,True,-203.0,-203.0,-406.0
160,2,1017.0,386.0,69,True,-386.0,-386.0,-772.0
160,3,1017.0,386.0,69,True,-386.0,-386.0,-772.0
161,0,1012.0000000000001,386.0,69,True,-386.0,-386.0,-772.0
161,1,1049.1666666666667,203.0,66,True,-203.0,-203.0,-406.0
161,2,996.1666666666667,203.0,66,True,-203.0,-203.0,-406.0
161,3,1049.0,386.0,69,True,-386.0,-386.0,-772.0
162,0,1038.1666666666667,386.0,69,True,-386.0,-386.0,-772.0
162,1,1029.1666666666667,386.0,69,True,-386.0,-386.0,-772.0
162,2,1036.0,386.0,69,True,-386.0,-386.0,-772.0
162,3,1028.0,386.0,69,True,-386.0,-386.0,-772.0
163,0,1053.1666666666667,386.0,69,True,-386.0,-386.0,-772.0
163,1,1018.1666666666667,386.0,69,True,-386.0,-386.0,-772.0
163,2,1051.0,386.0,69,True,-386.0,-386.0,-772.0
163,3,1039.0,386.0,69,True,-386.0,-386.0,-772.0
164,0,1048.1666666666667,386.0,69,True,-386.0,-386.0,-772.0
164,1,1010.0000000000001,386.0,69,True,-386.0,-386.0,-772.0
164,2,1019.0,386.0,69,True,-386.0,-386.0,-772.0
164,3,1025.0,386.0,69,True,-386.0,-386.0,-772.0
165,0,1072.8333333333335,386.0,69,True,-386.0,-386.0,-772.0
165,1,1021.0000000000001,386.0,69,True,-386.0,-386.0,-772.0
165,2,1050.1666666666667,386.0,69,True,-386.0,-386.0,-772.0
165,3,1018.0000000000001,386.0,69,True,-386.0,-386.0,-772.0
166,0,1031.0,386.0,69,True,-386.0,-386.0,-772.0
166,1,1044.1666666666667,386.0,69,True,-386.0,-386.0,-772.0
166,2,1016.0000000000001,386.0,69,True,-386.0,-386.0,-772.0
166,3,1042.0,386.0,69,True,-386.0,-386.0,-772.0
167,0,1054.0,386.0,69,True,-386.0,-386.0,-772.0
167,1,1012.0,386.0,69,True,-386.0,-386.0,-772.0
167,2,1030.0,386.0,69,True,-386.0,-386.0,-772.0
167,3,1061.1666666666667,386.0,69,True,-386.0,-386.0,-772.0
168,0,1044.0,386.0,69,True,-386.0,-386.0,-772.0
168,1,1041.1666666666667,386.0,69,True,-386.0,-386.0,-772.0
168,2,1023.0,386.0,69,True,-386.0,-386.0,-772.0
168,3,1045.8333333333335,386.0,69,True,-386.0,-386.0,-772.0
169,0,1029.0,386.0,69,True,-386.0,-386.0,-772.0
169,1,1024.0,386.0,69,True,-386.0,-386.0,-772.0
169,2,1012.0,386.0,69,True,-386.0,-386.0,-772.0
169,3,1009.0000000000001,386.0,69,True,-386.0,-386.0,-772.0
170,0,1045.8333333333335,386.0,69,True,-386.0,-386.0,-772.0
170,1,1046.1666666666667,386.0,69,True,-386.0,-386.0,-772.0
170,2,1020.1666666666667,386.0,69,True,-386.0,-386.0,-772.0
170,3,1045.8333333333335,386.0,69,True,-386.0,-386.0,-772.0
171,0,1017.0000000000001,386.0,69,True,-386.0,-386.0,-772.0
171,1,1042.0,386.0,69,True,-386.0,-386.0,-772.0
171,2,1039.1666666666667,386.0,69,True,-386.0,-386.0,-772.0
171,3,1052.1666666666667,386.0,69,True,-386.0,-386.0,-772.0
172,0,1032.1666666666667,386.0,69,True,-386.0,-386.0,-772.0
172,1,1023.0,386.0,69,True,-386.0,-386.0,-772.0
172,2,1036.0,386.0,69,True,-386.0,-386.0,-772.0
172,3,1031.1666666666667,386.0,69,True,-386.0,-386.0,-772.0
173,0,1064.0,386.0,69,True,-386.0,-386.0,-772.0
173,1,1041.0,386.0,69,True,-386.0,-386.0,-772.0
173,2,1019.1666666666667,203.0,66,True,-203.0,-203.0,-406.0
173,3,1034.0,386.0,69,True,-386.0,-386.0,-772.0
174,0,1050.0,386.0,69,True,-386.0,-386.0,-772.0
174,1,1030.0,386.0,69,True,-386.0,-386.0,-772.0
174,2,1041.1666666666667,386.0,69,True,-386.0,-386.0,-772.0
174,3,1065.0,386.0,69,True,-386.0,-386.0,-772.0
175,0,1056.0,386.0,69,True,-386.0,-386.0,-772.0
175,1,1057.1666666666667,386.0,69,True,-386.0,-386.0,-772.0
175,2,1052.0,386.0,69,True,-386.0,-386.0,-772.0
175,3,1044.1666666666667,386.0,69,True,-386.0,-386.0,-772.0
176,0,1018.0000000000001,386.0,69,True,-386.0,-386.0,-772.0
176,1,1030.0,386.0,69,True,-386.0,-386.0,-772.0
176,2,1045.8333333333335,386.0,69,True,-386.0,-386.0,-772.0
176,3,1010.0000000000001,386.0,69,True,-386.0,-386.0,-772.0
177,0,1074.8333333333335,386.0,69,True,-386.0,-386.0,-772.0
177,1,1047.0,386.0,69,True,-386.0,-386.0,-772.0
177,2,1046.0,386.0,69,True,-386.0,-386.0,-772.0
177,3,1045.8333333333335,386.0,69,True,-386.0,-386.0,-772.0
178,0,1033.8333333333335,386.0,69,True,-386.0,-386.0,-772.0
178,1,1046.0,386.0,69,True,-386.0,-386.0,-772.0
178,2,1034.0,386.0,69,True,-386.0,-386.0,-772.0
178,3,1040.1666666666667,386.0,69,True,-386.0,-386.0,-772.0
179,0,1025.1666666666667,386.0,69,True,-386.0,-386.0,-772.0
179,1,1104.0,526.0,71,True,-526.0,-526.0,-1052.0
179,2,1028.1666666666667,386.0,69,True,-386.0,-386.0,-772.0
179,3,1046.1666666666667,386.0,69,True,-386.0,-386.0,-772.0
180,0,1057.0,386.0,69,True,-386.0,-386.0,-772.0
180,1,1039.1666666666667,386.0,69,True,-386.0,-386.0,-772.0
180,2,1017.0000000000001,386.0,69,True,-386.0,-386.0,-772.0
180,3,1039.1666666666667,386.0,69,True,-386.0,-386.0,-772.0
181,0,1036.8333333333335,386.0,69,True,-386.0,-386.0,-772.0
181,1,1056.0,386.0,69,True,-386.0,-386.0,-772.0
181,2,1036.1666666666667,386.0,69,True,-386.0,-386.0,-772.0
181,3,1063.1666666666667,386.0,69,True,-386.0,-386.0,-772.0
182,0,1062.0,386.0,69,True,-386.0,-386.0,-772.0
182,1,1053.0,386.0,69,True,-386.0,-386.0,-772.0
182,2,1039.0,386.0,69,True,-386.0,-386.0,-772.0
182,3,1022.8333333333334,386.0,69,True,-386.0,-386.0,-772.0
183,0,1045.1666666666667,386.0,69,True,-386.0,-386.0,-772.0
183,1,1021.0000000000001,386.0,69,True,-386.0,-386.0,-772.0
183,2,951.1666666666667,203.0,66,True,-203.0,-203.0,-406.0
183,3,1051.1666666666667,386.0,69,True,-386.0,-386.0,-772.0
184,0,1042.0,386.0,69,True,-386.0,-386.0,-772.0
184,1,1043.0,386.0,69,True,-386.0,-386.0,-772.0
184,2,1050.8333333333335,386.0,69,True,-386.0,-386.0,-772.0
184,3,1030.0,386.0,69,True,-386.0,-386.0,-772.0
185,0,1027.0,386.0,69,True,-386.0,-386.0,-772.0
185,1,1044.0,386.0,69,True,-386.0,-386.0,-772.0
185,2,1022.1666666666667,386.0,69,True,-386.0,-386.0,-772.0
185,3,1019.0000000000001,386.0,69,True,-386.0,-386.0,-772.0
186,0,1028.0,386.0,69,True,-386.0,-386.0,-772.0
186,1,1030.1666666666667,386.0,69,True,-386.0,-386.0,-772.0
186,2,1032.0,386.0,69,True,-386.0,-386.0,-772.0
186,3,1007.0000000000001,386.0,69,True,-386.0,-386.0,-772.0
187,0,1034.0,386.0,69,True,-386.0,-386.0,-772.0
187,1,1070.1666666666667,386.0,69,True,-386.0,-386.0,-772.0
187,2,1055.1666666666667,386.0,69,True,-386.0,-386.0,-772.0
187,3,1030.0,386.0,69,True,-386.0,-386.0,-772.0
188,0,1052.1666666666667,386.0,69,True,-386.0,-386.0,-772.0
188,1,1044.1666666666667,386.0,69,True,-386.0,-386.0,-772.0
188,2,1050.8333333333335,386.0,69,True,-386.0,-386.0,-772.0
188,3,1055.0,386.0,69,True,-386.0,-386.0,-772.0
189,0,1052.0,386.0,69,True,-386.0,-386.0,-772.0
189,1,1039.1666666666667,386.0,69,True,-386.0,-386.0,-772.0
189,2,1043.0,386.0,69,True,-386.0,-386.0,-772.0
189,3,1073.5,450.0,70,True,-450.0,-450.0,-900.0
190,0,1045.8333333333335,386.0,69,True,-386.0,-386.0,-772.0
190,1,1059.0,386.0,69,True,-386.0,-386.0,-772.0
190,2,1042.1666666666667,386.0,69,True,-386.0,-386.0,-772.0
190,3,1045.0,386.0,69,True,-386.0,-386.0,-772.0
191,0,1023.0000000000001,386.0,69,True,-386.0,-386.0,-772.0
191,1,1045.8333333333335,386.0,69,True,-386.0,-386.0,-772.0
191,2,1049.1666666666667,386.0,69,True,-386.0,-386.0,-772.0
191,3,1045.8333333333335,386.0,69,True,-386.0,-386.0,-772.0
192,0,1045.0,386.0,69,True,-386.0,-386.0,-772.0
192,1,1051.1666666666667,386.0,69,True,-386.0,-386.0,-772.0
192,2,1038.8333333333335,386.0,69,True,-386.0,-386.0,-772.0
192,3,1043.8333333333335,386.0,69,True,-386.0,-386.0,-772.0
193,0,1057.8333333333335,386.0,69,True,-386.0,-386.0,-772.0
193,1,1019.0,386.0,69,True,-386.0,-386.0,-772.0
193,2,1011.1666666666667,386.0,69,True,-386.0,-386.0,-772.0
193,3,1012.0,386.0,69,True,-386.0,-386.0,-772.0
194,0,1037.1666666666667,386.0,69,True,-386.0,-386.0,-772.0
194,1,1018.0000000000001,386.0,69,True,-386.0,-386.0,-772.0
194,2,1044.0,386.0,69,True,-386.0,-386.0,-772.0
194,3,1054.0,386.0,69,True,-386.0,-386.0,-772.0
195,0,1165.0,450.0,70,True,-450.0,-450.0,-900.0
195,1,1022.0000000000001,386.0,69,True,-386.0,-386.0,-772.0
195,2,1040.0,386.0,69,True,-386.0,-386.0,-772.0
195,3,1133.1666666666667,450.0,70,True,-450.0,-450.0,-900.0
196,0,1043.8333333333335,386.0,69,True,-386.0,-386.0,-772.0
196,1,1072.1666666666665,462.0,69,True,-462.0,-462.0,-924.0
196,2,1027.1666666666667,203.0,66,True,-203.0,-203.0,-406.0
196,3,1030.0,386.0,69,True,-386.0,-386.0,-772.0
197,0,1076.1666666666667,386.0,69,True,-386.0,-386.0,-772.0
197,1,1023.1666666666667,386.0,69,True,-386.0,-386.0,-772.0
197,2,1008.0000000000001,386.0,69,True,-386.0,-386.0,-772.0
197,3,1111.0,450.0,70,True,-450.0,-450.0,-900.0
198,0,1060.0,386.0,69,True,-386.0,-386.0,-772.0
198,1,1060.0,386.0,69,True,-386.0,-386.0,-772.0
198,2,1060.1666666666667,386.0,69,True,-386.0,-386.0,-772.0
198,3,1052.0,386.0,69,True,-386.0,-386.0,-772.0
199,0,1060.0,386.0,69,True,-386.0,-386.0,-772.0
199,1,1044.0,386.0,69,True,-386.0,-386.0,-772.0
199,2,1067.0,386.0,69,True,-386.0,-386.0,-772.0
199,3,1044.0,386.0,69,True,-386.0,-386.0,-772.0
200,0,1012.0,386.0,69,True,-386.0,-386.0,-772.0
200,1,1072.8333333333335,386.0,69,True,-386.0,-386.0,-772.0
200,2,1042.1666666666667,386.0,69,True,-386.0,-386.0,-772.0
200,3,1044.0,386.0,69,True,-386.0,-386.0,-772.0
201,0,1042.0,386.0,69,True,-386.0,-386.0,-772.0
201,1,1046.1666666666667,386.0,69,True,-386.0,-386.0,-772.0
201,2,1030.0,386.0,69,True,-386.0,-386.0,-772.0
201,3,1093.8333333333335,386.0,69,True,-386.0,-386.0,-772.0
202,0,1006.0000000000001,386.0,69,True,-386.0,-386.0,-772.0
202,1,1039.0,386.0,69,True,-386.0,-386.0,-772.0
202,2,1045.0,386.0,69,True,-386.0,-386.0,-772.0
202,3,1046.1666666666667,386.0,69,True,-386.0,-386.0,-772.0
203,0,1030.0,386.0,69,True,-386.0,-386.0,-772.0
203,1,1005.0,386.0,69,True,-386.0,-386.0,-772.0
203,2,1044.1666666666667,386.0,69,True,-386.0,-386.0,-772.0
203,3,1067.0,386.0,69,True,-386.0,-386.0,-772.0
204,0,1079.8333333333335,386.0,69,True,-386.0,-386.0,-772.0
204,1,1045.0,386.0,69,True,-386.0,-386.0,-772.0
204,2,1030.0,386.0,69,True,-386.0,-386.0,-772.0
204,3,1027.0,386.0,69,True,-386.0,-386.0,-772.0
205,0,1049.0,386.0,69,True,-386.0,-386.0,-772.0
205,1,1027.1666666666667,203.0,66,True,-203.0,-203.0,-406.0
205,2,1005.0,386.0,69,True,-386.0,-386.0,-772.0
205,3,1008.0000000000001,386.0,69,True,-386.0,-386.0,-772.0
206,0,1049.0,386.0,69,True,-386.0,-386.0,-772.0
206,1,1018.0000000000001,386.0,69,True,-386.0,-386.0,-772.0
206,2,1050.0,386.0,69,True,-386.0,-386.0,-772.0
206,3,1058.0,386.0,69,True,-386.0,-386.0,-772.0
207,0,1052.0,386.0,69,True,-386.0,-386.0,-772.0
207,1,1030.0,386.0,69,True,-386.0,-386.0,-772.0
207,2,1017.0000000000001,386.0,69,True,-386.0,-386.0,-772.0
207,3,1043.0,386.0,69,True,-386.0,-386.0,-772.0
208,0,1018.0000000000001,386.0,69,True,-386.0,-386.0,-772.0
208,1,1037.0,386.0,69,True,-386.0,-386.0,-772.0
208,2,1020.1666666666667,386.0,69,True,-386.0,-386.0,-772.0
208,3,1030.0,386.0,69,True,-386.0,-386.0,-772.0
209,0,1045.8333333333335,386.0,69,True,-386.0,-386.0,-772.0
209,1,1012.0,386.0,69,True,-386.0,-386.0,-772.0
209,2,1013.1666666666667,386.0,69,True,-386.0,-386.0,-772.0
209,3,1033.1666666666667,386.0,69,True,-386.0,-386.0,-772.0
210,0,1012.0000000000001,386.0,69,True,-386.0,-386.0,-772.0
210,1,1005.0,386.0,69,True,-386.0,-386.0,-772.0
210,2,1044.0,386.0,69,True,-386.0,-386.0,-772.0
210,3,1023.0,386.0,69,True,-386.0,-386.0,-772.0
211,0,1056.1666666666667,386.0,69,True,-386.0,-386.0,-772.0
211,1,1020.0000000000001,386.0,69,True,-386.0,-386.0,-772.0
211,2,989.0000000000001,386.0,69,True,-386.0,-386.0,-772.0
211,3,1020.0000000000001,386.0,69,True,-386.0,-386.0,-772.0
212,0,1043.1666666666667,386.0,69,True,-386.0,-386.0,-772.0
212,1,1045.8333333333335,386.0,69,True,-386.0,-386.0,-772.0
212,2,1011.0000000000001,386.0,69,True,-386.0,-386.0,-772.0
212,3,1035.1666666666667,386.0,69,True,-386.0,-386.0,-772.0
213,0,1038.8333333333335,386.0,69,True,-386.0,-386.0,-772.0
213,1,1044.1666666666667,386.0,69,True,-386.0,-386.0,-772.0
213,2,1053.0,386.0,69,True,-386.0,-386.0,-772.0
213,3,1054.1666666666667,386.0,69,True,-386.0,-386.0,-772.0
214,0,1022.0,386.0,69,True,-386.0,-386.0,-772.0
214,1,1038.8333333333335,386.0,69,True,-386.0,-386.0,-772.0
214,2,1022.0000000000001,386.0,69,True,-386.0,-386.0,-772.0
214,3,1047.1666666666667,386.0,69,True,-386.0,-386.0,-772.0
215,0,1081.8333333333335,386.0,69,True,-386.0,-386.0,-772.0
215,1,1033.8333333333335,386.0,69,True,-386.0,-386.0,-772.0
215,2,1024.0,386.0,69,True,-386.0,-386.0,-772.0
215,3,1004.0000000000001,386.0,69,True,-386.0,-386.0,-772.0
216,0,1059.0,386.0,69,True,-386.0,-386.0,-772.0
216,1,1036.0,386.0,69,True,-386.0,-386.0,-772.0
216,2,1074.8333333333335,386.0,69,True,-386.0,-386.0,-772.0
216,3,1150.0,450.0,70,True,-450.0,-450.0,-900.0
217,0,1052.0,386.0,69,True,-386.0,-386.0,-772.0
217,1,1037.0,386.0,69,True,-386.0,-386.0,-772.0
217,2,1046.1666666666667,386.0,69,True,-386.0,-386.0,-772.0
217,3,1028.0,386.0,69,True,-386.0,-386.0,-772.0
218,0,1040.1666666666667,386.0,69,True,-386.0,-386.0,-772.0
218,1,1018.0000000000001,386.0,69,True,-386.0,-386.0,-772.0
218,2,1020.0000000000001,386.0,69,True,-386.0,-386.0,-772.0
218,3,1036.0,386.0,69,True,-386.0,-386.0,-772.0
219,0,1036.0,386.0,69,True,-386.0,-386.0,-772.0
219,1,1010.0000000000001,386.0,69,True,-386.0,-386.0,-772.0
219,2,1016.0,386.0,69,True,-386.0,-386.0,-772.0
219,3,994.0000000000001,386.0,69,True,-386.0,-386.0,-772.0
220,0,1022.0,386.0,69,True,-386.0,-386.0,-772.0
220,1,1022.0,386.0,69,True,-386.0,-386.0,-772.0
220,2,1015.0,386.0,69,True,-386.0,-386.0,-772.0
220,3,1069.8333333333335,386.0,69,True,-386.0,-386.0,-772.0
221,0,998.0,386.0,69,True,-386.0,-386.0,-772.0
221,1,1034.0,386.0,69,True,-386.0,-386.0,-772.0
221,2,1031.0,386.0,69,True,-386.0,-386.0,-772.0
221,3,1022.0,386.0,69,True,-386.0,-386.0,-772.0
222,0,1026.0,386.0,69,True,-386.0,-386.0,-772.0
222,1,1074.8333333333335,386.0,69,True,-386.0,-386.0,-772.0
222,2,1041.1666666666667,386.0,69,True,-386.0,-386.0,-772.0
222,3,1022.0,386.0,69,True,-386.0,-386.0,-772.0
223,0,1045.8333333333335,386.0,69,True,-386.0,-386.0,-772.0
223,1,1038.0,386.0,69,True,-386.0,-386.0,-772.0
223,2,1015.0000000000001,386.0,69,True,-386.0,-386.0,-772.0
223,3,1015.0,386.0,69,True,-386.0,-386.0,-772.0
224,0,1074.8333333333335,386.0,69,True,-386.0,-386.0,-772.0
224,1,1022.0,386.0,69,True,-386.0,-386.0,-772.0
224,2,1026.0,386.0,69,True,-386.0,-386.0,-772.0
224,3,1009.0000000000001,386.0,69,True,-386.0,-386.0,-772.0
225,0,1074.8333333333335,386.0,69,True,-386.0,-386.0,-772.0
225,1,1100.3333333333335,450.0,70,True,-450.0,-450.0,-900.0
225,2,1074.8333333333335,462.0,69,True,-462.0,-462.0,-924.0
225,3,1022.1666666666667,386.0,69,True,-386.0,-386.0,-772.0
226,0,1030.0,386.0,69,True,-386.0,-386.0,-772.0
226,1,1007.0000000000001,386.0,69,True,-386.0,-386.0,-772.0
226,2,1051.0,386.0,69,True,-386.0,-386.0,-772.0
226,3,1057.1666666666667,386.0,69,True,-386.0,-386.0,-772.0
227,0,1036.0,386.0,69,True,-386.0,-386.0,-772.0
227,1,1038.8333333333335,386.0,69,True,-386.0,-386.0,-772.0
227,2,1036.0,386.0,69,True,-386.0,-386.0,-772.0
227,3,1039.0,386.0,69,True,-386.0,-386.0,-772.0
228,0,1039.0,386.0,69,True,-386.0,-386.0,-772.0
228,1,1030.0,386.0,69,True,-386.0,-386.0,-772.0
228,2,1038.8333333333335,386.0,69,True,-386.0,-386.0,-772.0
228,3,1038.8333333333335,386.0,69,True,-386.0,-386.0,-772.0
229,0,1074.8333333333335,386.0,69,True,-386.0,-386.0,-772.0
229,1,1026.0,386.0,69,True,-386.0,-386.0,-772.0
229,2,1038.0,386.0,69,True,-386.0,-386.0,-772.0
229,3,1038.8333333333335,386.0,69,True,-386.0,-386.0,-772.0
230,0,1022.0,386.0,69,True,-386.0,-386.0,-772.0
230,1,1022.0000000000001,386.0,69,True,-386.0,-386.0,-772.0
230,2,1020.0000000000001,386.0,69,True,-386.0,-386.0,-772.0
230,3,1062.8333333333335,386.0,69,True,-386.0,-386.0,-772.0
231,0,1062.8333333333335,386.0,69,True,-386.0,-386.0,-772.0
231,1,1025.0,386.0,69,True,-386.0,-386.0,-772.0
231,2,1022.0,386.0,69,True,-386.0,-386.0,-772.0
231,3,1028.0,386.0,69,True,-386.0,-386.0,-772.0
232,0,1069.8333333333335,386.0,69,True,-386.0,-386.0,-772.0
232,1,1022.0,386.0,69,True,-386.0,-386.0,-772.0
232,2,1022.0,386.0,69,True,-386.0,-386.0,-772.0
232,3,1015.0,386.0,69,True,-386.0,-386.0,-772.0
233,0,1022.0,386.0,69,True,-386.0,-386.0,-772.0
233,1,1030.1666666666667,386.0,69,True,-386.0,-386.0,-772.0
233,2,1022.0000000000001,386.0,69,True,-386.0,-386.0,-772.0
233,3,1028.0,386.0,69,True,-386.0,-386.0,-772.0
234,0,1052.0,386.0,69,True,-386.0,-386.0,-772.0
234,1,1033.0,386.0,69,True,-386.0,-386.0,-772.0
234,2,1060.8333333333335,386.0,69,True,-386.0,-386.0,-772.0
234,3,1022.0,386.0,69,True,-386.0,-386.0,-772.0
235,0,1026.0,386.0,69,True,-386.0,-386.0,-772.0
235,1,1062.8333333333335,386.0,69,True,-386.0,-386.0,-772.0
235,2,1074.8333333333335,386.0,69,True,-386.0,-386.0,-772.0
235,3,1067.8333333333335,386.0,69,True,-386.0,-386.0,-772.0
236,0,1062.8333333333335,386.0,69,True,-386.0,-386.0,-772.0
236,1,1015.0,386.0,69,True,-386.0,-386.0,-772.0
236,2,1000.0000000000001,386.0,69,True,-386.0,-386.0,-772.0
236,3,1033.1666666666667,386.0,69,True,-386.0,-386.0,-772.0
237,0,1019.8333333333334,386.0,69,True,-386.0,-386.0,-772.0
237,1,1028.1666666666667,386.0,69,True,-386.0,-386.0,-772.0
237,2,1022.0,386.0,69,True,-386.0,-386.0,-772.0
237,3,1015.0,386.0,69,True,-386.0,-386.0,-772.0
238,0,1062.8333333333335,386.0,69,True,-386.0,-386.0,-772.0
238,1,1013.0000000000001,386.0,69,True,-386.0,-386.0,-772.0
238,2,1025.0,386.0,69,True,-386.0,-386.0,-772.0
238,3,1030.0,386.0,69,True,-386.0,-386.0,-772.0
239,0,1015.0000000000001,386.0,69,True,-386.0,-386.0,-772.0
239,1,1060.8333333333335,386.0,69,True,-386.0,-386.0,-772.0
239,2,1042.1666666666667,386.0,69,True,-386.0,-386.0,-772.0
239,3,1030.0,386.0,69,True,-386.0,-386.0,-772.0
240,0,1022.0,386.0,69,True,-386.0,-386.0,-772.0
240,1,1067.8333333333335,386.0,69,True,-386.0,-386.0,-772.0
240,2,1043.0,386.0,69,True,-386.0,-386.0,-772.0
240,3,1069.8333333333335,386.0,69,True,-386.0,-386.0,-772.0
241,0,1020.0000000000001,386.0,69,True,-386.0,-386.0,-772.0
241,1,1060.8333333333335,386.0,69,True,-386.0,-386.0,-772.0
241,2,1015.0,386.0,69,True,-386.0,-386.0,-772.0
241,3,1067.8333333333335,386.0,69,True,-386.0,-386.0,-772.0
242,0,1030.0,386.0,69,True,-386.0,-386.0,-772.0
242,1,1029.0,386.0,69,True,-386.0,-386.0,-772.0
242,2,1033.8333333333335,386.0,69,True,-386.0,-386.0,-772.0
242,3,1057.1666666666667,386.0,69,True,-386.0,-386.0,-772.0
243,0,1015.0000000000001,386.0,69,True,-386.0,-386.0,-772.0
243,1,1028.0,386.0,69,True,-386.0,-386.0,-772.0
243,2,1038.0,386.0,69,True,-386.0,-386.0,-772.0
243,3,1022.0,386.0,69,True,-386.0,-386.0,-772.0
244,0,1037.0,386.0,69,True,-386.0,-386.0,-772.0
244,1,1015.0,386.0,69,True,-386.0,-386.0,-772.0
244,2,1027.0,386.0,69,True,-386.0,-386.0,-772.0
244,3,1031.0,386.0,69,True,-386.0,-386.0,-772.0
245,0,1044.0,386.0,69,True,-386.0,-386.0,-772.0
245,1,1069.8333333333335,386.0,69,True,-386.0,-386.0,-772.0
245,2,1013.0000000000001,386.0,69,True,-386.0,-386.0,-772.0
245,3,1069.8333333333335,386.0,69,True,-386.0,-386.0,-772.0
246,0,1022.0,386.0,69,True,-386.0,-386.0,-772.0
246,1,1033.8333333333335,386.0,69,True,-386.0,-386.0,-772.0
246,2,1022.0,386.0,69,True,-386.0,-386.0,-772.0
246,3,1012.0000000000001,386.0,69,True,-386.0,-386.0,-772.0
247,0,1045.8333333333335,386.0,69,True,-386.0,-386.0,-772.0
247,1,993.0,386.0,69,True,-386.0,-386.0,-772.0
247,2,1022.0,386.0,69,True,-386.0,-386.0,-772.0
247,3,1029.0,386.0,69,True,-386.0,-386.0,-772.0
248,0,1027.0,386.0,69,True,-386.0,-386.0,-772.0
248,1,1029.0,386.0,69,True,-386.0,-386.0,-772.0
248,2,1045.8333333333335,386.0,69,True,-386.0,-386.0,-772.0
248,3,1034.0,386.0,69,True,-386.0,-386.0,-772.0
249,0,1015.0000000000001,386.0,69,True,-386.0,-386.0,-772.0
249,1,1029.0,386.0,69,True,-386.0,-386.0,-772.0
249,2,1033.8333333333335,386.0,69,True,-386.0,-386.0,-772.0
249,3,1013.0000000000001,386.0,69,True,-386.0,-386.0,-772.0
250,0,1062.8333333333335,386.0,69,True,-386.0,-386.0,-772.0
250,1,1045.8333333333335,386.0,69,True,-386.0,-386.0,-772.0
250,2,1033.8333333333335,386.0,69,True,-386.0,-386.0,-772.0
250,3,1026.8333333333335,386.0,69,True,-386.0,-386.0,-772.0
251,0,1015.0,386.0,69,True,-386.0,-386.0,-772.0
251,1,1023.0000000000001,386.0,69,True,-386.0,-386.0,-772.0
251,2,1029.0,386.0,69,True,-386.0,-386.0,-772.0
251,3,1029.0,386.0,69,True,-386.0,-386.0,-772.0
252,0,1022.0,386.0,69,True,-386.0,-386.0,-772.0
252,1,1022.0,386.0,69,True,-386.0,-386.0,-772.0
252,2,1062.8333333333335,386.0,69,True,-386.0,-386.0,-772.0
252,3,1029.0,386.0,69,True,-386.0,-386.0,-772.0
253,0,1030.0,386.0,69,True,-386.0,-386.0,-772.0
253,1,1074.8333333333335,386.0,69,True,-386.0,-386.0,-772.0
253,2,1022.0,386.0,69,True,-386.0,-386.0,-772.0
253,3,1074.8333333333335,386.0,69,True,-386.0,-386.0,-772.0
254,0,1012.0000000000001,386.0,69,True,-386.0,-386.0,-772.0
254,1,1062.8333333333335,386.0,69,True,-386.0,-386.0,-772.0
254,2,1033.8333333333335,386.0,69,True,-386.0,-386.0,-772.0
254,3,1029.0,386.0,69,True,-386.0,-386.0,-772.0
255,0,1033.8333333333335,386.0,69,True,-386.0,-386.0,-772.0
255,1,1009.0000000000001,386.0,69,True,-386.0,-386.0,-772.0
255,2,1015.0,386.0,69,True,-386.0,-386.0,-772.0
255,3,1017.0000000000001,386.0,69,True,-386.0,-386.0,-772.0
256,0,1015.0,386.0,69,True,-386.0,-386.0,-772.0
256,1,1030.0,386.0,69,True,-386.0,-386.0,-772.0
256,2,1029.0,386.0,69,True,-386.0,-386.0,-772.0
256,3,1062.8333333333335,386.0,69,True,-386.0,-386.0,-772.0
257,0,1022.0,386.0,69,True,-386.0,-386.0,-772.0
257,1,1038.0,386.0,69,True,-386.0,-386.0,-772.0
257,2,1019.0000000000001,386.0,69,True,-386.0,-386.0,-772.0
257,3,1031.0,386.0,69,True,-386.0,-386.0,-772.0
258,0,1039.0,386.0,69,True,-386.0,-386.0,-772.0
258,1,1029.0,386.0,69,True,-386.0,-386.0,-772.0
258,2,1020.0000000000001,386.0,69,True,-386.0,-386.0,-772.0
258,3,1033.0,386.0,69,True,-386.0,-386.0,-772.0
259,0,1067.8333333333335,386.0,69,True,-386.0,-386.0,-772.0
259,1,1035.0,386.0,69,True,-386.0,-386.0,-772.0
259,2,1033.8333333333335,386.0,69,True,-386.0,-386.0,-772.0
259,3,1033.0,386.0,69,True,-386.0,-386.0,-772.0
260,0,1067.8333333333335,386.0,69,True,-386.0,-386.0,-772.0
260,1,1021.0000000000001,386.0,69,True,-386.0,-386.0,-772.0
260,2,1020.0000000000001,386.0,69,True,-386.0,-386.0,-772.0
260,3,1033.8333333333335,386.0,69,True,-386.0,-386.0,-772.0
261,0,1022.0,386.0,69,True,-386.0,-386.0,-772.0
261,1,1020.0,386.0,69,True,-386.0,-386.0,-772.0
261,2,983.1666666666667,386.0,69,True,-386.0,-386.0,-772.0
261,3,1038.0,386.0,69,True,-386.0,-386.0,-772.0
262,0,1029.1666666666667,386.0,69,True,-386.0,-386.0,-772.0
262,1,1029.0,386.0,69,True,-386.0,-386.0,-772.0
262,2,1022.0,386.0,69,True,-386.0,-386.0,-772.0
262,3,1029.0,386.0,69,True,-386.0,-386.0,-772.0
263,0,1018.0000000000001,386.0,69,True,-386.0,-386.0,-772.0
263,1,1045.0,386.0,69,True,-386.0,-386.0,-772.0
263,2,1038.0,386.0,69,True,-386.0,-386.0,-772.0
263,3,1052.0,386.0,69,True,-386.0,-386.0,-772.0
264,0,1022.0,386.0,69,True,-386.0,-386.0,-772.0
264,1,1062.8333333333335,386.0,69,True,-386.0,-386.0,-772.0
264,2,1067.8333333333335,386.0,69,True,-386.0,-386.0,-772.0
264,3,1015.0,386.0,69,True,-386.0,-386.0,-772.0
265,0,1039.1666666666667,386.0,69,True,-386.0,-386.0,-772.0
265,1,1038.0,386.0,69,True,-386.0,-386.0,-772.0
265,2,1029.0,386.0,69,True,-386.0,-386.0,-772.0
265,3,1015.0,386.0,69,True,-386.0,-386.0,-772.0
266,0,1023.1666666666667,386.0,69,True,-386.0,-386.0,-772.0
266,1,1029.0,386.0,69,True,-386.0,-386.0,-772.0
266,2,1044.1666666666667,386.0,69,True,-386.0,-386.0,-772.0
266,3,1023.0,386.0,69,True,-386.0,-386.0,-772.0
267,0,1045.8333333333335,386.0,69,True,-386.0,-386.0,-772.0
267,1,1010.0000000000001,386.0,69,True,-386.0,-386.0,-772.0
267,2,1067.8333333333335,386.0,69,True,-386.0,-386.0,-772.0
267,3,1040.0,386.0,69,True,-386.0,-386.0,-772.0
268,0,1052.0,386.0,69,True,-386.0,-386.0,-772.0
268,1,1045.8333333333335,386.0,69,True,-386.0,-386.0,-772.0
268,2,1044.0,386.0,69,True,-386.0,-386.0,-772.0
268,3,1030.1666666666667,386.0,69,True,-386.0,-386.0,-772.0
269,0,1038.8333333333335,386.0,69,True,-386.0,-386.0,-772.0
269,1,1041.0,386.0,69,True,-386.0,-386.0,-772.0
269,2,1010.0000000000001,386.0,69,True,-386.0,-386.0,-772.0
269,3,1030.1666666666667,386.0,69,True,-386.0,-386.0,-772.0
270,0,1117.0,450.0,70,True,-450.0,-450.0,-900.0
270,1,1022.0000000000001,386.0,69,True,-386.0,-386.0,-772.0
270,2,1076.0,450.0,70,True,-450.0,-450.0,-900.0
270,3,1006.0000000000001,386.0,69,True,-386.0,-386.0,-772.0
271,0,1041.1666666666667,386.0,69,True,-386.0,-386.0,-772.0
271,1,1007.0000000000001,386.0,69,True,-386.0,-386.0,-772.0
271,2,1025.0,386.0,69,True,-386.0,-386.0,-772.0
271,3,1022.0000000000001,386.0,69,True,-386.0,-386.0,-772.0
272,0,1060.8333333333335,386.0,69,True,-386.0,-386.0,-772.0
272,1,1019.8333333333334,386.0,69,True,-386.0,-386.0,-772.0
272,2,1012.0000000000001,386.0,69,True,-386.0,-386.0,-772.0
272,3,1062.8333333333335,386.0,69,True,-386.0,-386.0,-772.0
273,0,1062.8333333333335,386.0,69,True,-386.0,-386.0,-772.0
273,1,1019.8333333333334,386.0,69,True,-386.0,-386.0,-772.0
273,2,1045.0,386.0,69,True,-386.0,-386.0,-772.0
273,3,1025.0,386.0,69,True,-386.0,-386.0,-772.0
274,0,1015.0000000000001,386.0,69,True,-386.0,-386.0,-772.0
274,1,1062.8333333333335,386.0,69,True,-386.0,-386.0,-772.0
274,2,1015.0,386.0,69,True,-386.0,-386.0,-772.0
274,3,1033.8333333333335,386.0,69,True,-386.0,-386.0,-772.0
275,0,1015.0,386.0,69,True,-386.0,-386.0,-772.0
275,1,1062.8333333333335,386.0,69,True,-386.0,-386.0,-772.0
275,2,1037.0,386.0,69,True,-386.0,-386.0,-772.0
275,3,1005.0000000000001,386.0,69,True,-386.0,-386.0,-772.0
276,0,1034.0,386.0,69,True,-386.0,-386.0,-772.0
276,1,1062.8333333333335,386.0,69,True,-386.0,-386.0,-772.0
276,2,1074.8333333333335,386.0,69,True,-386.0,-386.0,-772.0
276,3,1034.0,386.0,69,True,-386.0,-386.0,-772.0
277,0,1128.3333333333333,526.0,71,True,-526.0,-526.0,-1052.0
277,1,1005.0000000000001,386.0,69,True,-386.0,-386.0,-772.0
277,2,1024.0,386.0,69,True,-386.0,-386.0,-772.0
277,3,1019.0000000000001,386.0,69,True,-386.0,-386.0,-772.0
278,0,1015.0,386.0,69,True,-386.0,-386.0,-772.0
278,1,1038.8333333333335,386.0,69,True,-386.0,-386.0,-772.0
278,2,1062.8333333333335,386.0,69,True,-386.0,-386.0,-772.0
278,3,1015.0,386.0,69,True,-386.0,-386.0,-772.0
279,0,996.0000000000001,386.0,69,True,-386.0,-386.0,-772.0
279,1,1062.8333333333335,386.0,69,True,-386.0,-386.0,-772.0
279,2,1026.8333333333335,386.0,69,True,-386.0,-386.0,-772.0
279,3,1026.8333333333335,386.0,69,True,-386.0,-386.0,-772.0
280,0,1069.8333333333335,386.0,69,True,-386.0,-386.0,-772.0
280,1,1019.1666666666667,386.0,69,True,-386.0,-386.0,-772.0
280,2,1019.8333333333334,386.0,69,True,-386.0,-386.0,-772.0
280,3,1033.1666666666667,386.0,69,True,-386.0,-386.0,-772.0
281,0,1015.0,386.0,69,True,-386.0,-386.0,-772.0
281,1,1015.0,386.0,69,True,-386.0,-386.0,-772.0
281,2,1015.0,386.0,69,True,-386.0,-386.0,-772.0
281,3,1086.1666666666667,626.0,73,True,-626.0,-626.0,-1252.0
282,0,1026.8333333333335,386.0,69,True,-386.0,-386.0,-772.0
282,1,1060.8333333333335,386.0,69,True,-386.0,-386.0,-772.0
282,2,1022.0,386.0,69,True,-386.0,-386.0,-772.0
282,3,1021.1666666666667,386.0,69,True,-386.0,-386.0,-772.0
283,0,1022.0,386.0,69,True,-386.0,-386.0,-772.0
283,1,1022.0,386.0,69,True,-386.0,-386.0,-772.0
283,2,1022.0,386.0,69,True,-386.0,-386.0,-772.0
283,3,1062.8333333333335,386.0,69,True,-386.0,-386.0,-772.0
284,0,1062.8333333333335,386.0,69,True,-386.0,-386.0,-772.0
284,1,1026.8333333333335,386.0,69,True,-386.0,-386.0,-772.0
284,2,1024.0,386.0,69,True,-386.0,-386.0,-772.0
284,3,1069.8333333333335,386.0,69,True,-386.0,-386.0,-772.0
285,0,1021.0000000000001,386.0,69,True,-386.0,-386.0,-772.0
285,1,1062.8333333333335,386.0,69,True,-386.0,-386.0,-772.0
285,2,1022.0,386.0,69,True,-386.0,-386.0,-772.0
285,3,1062.8333333333335,386.0,69,True,-386.0,-386.0,-772.0
286,0,1022.0,386.0,69,True,-386.0,-386.0,-772.0
286,1,1074.8333333333335,386.0,69,True,-386.0,-386.0,-772.0
286,2,1022.0,386.0,69,True,-386.0,-386.0,-772.0
286,3,1062.8333333333335,386.0,69,True,-386.0,-386.0,-772.0
287,0,1018.0000000000001,386.0,69,True,-386.0,-386.0,-772.0
287,1,1042.0,386.0,69,True,-386.0,-386.0,-772.0
287,2,1024.8333333333335,386.0,69,True,-386.0,-386.0,-772.0
287,3,1022.0,386.0,69,True,-386.0,-386.0,-772.0
288,0,1019.0000000000001,386.0,69,True,-386.0,-386.0,-772.0
288,1,1135.0,450.0,70,True,-450.0,-450.0,-900.0
288,2,996.0000000000001,386.0,69,True,-386.0,-386.0,-772.0
288,3,1026.8333333333335,386.0,69,True,-386.0,-386.0,-772.0
289,0,1069.8333333333335,386.0,69,True,-386.0,-386.0,-772.0
289,1,1119.3333333333335,443.0,70,True,-443.0,-443.0,-886.0
289,2,1026.1666666666667,386.0,69,True,-386.0,-386.0,-772.0
289,3,1033.0,386.0,69,True,-386.0,-386.0,-772.0
290,0,1017.0000000000001,386.0,69,True,-386.0,-386.0,-772.0
290,1,1022.0000000000001,386.0,69,True,-386.0,-386.0,-772.0
290,2,1015.0,386.0,69,True,-386.0,-386.0,-772.0
290,3,1069.8333333333335,386.0,69,True,-386.0,-386.0,-772.0
291,0,1022.0,386.0,69,True,-386.0,-386.0,-772.0
291,1,1062.8333333333335,386.0,69,True,-386.0,-386.0,-772.0
291,2,1015.0,386.0,69,True,-386.0,-386.0,-772.0
291,3,1031.1666666666667,386.0,69,True,-386.0,-386.0,-772.0
292,0,1018.0000000000001,386.0,69,True,-386.0,-386.0,-772.0
292,1,1052.0,386.0,69,True,-386.0,-386.0,-772.0
292,2,1022.0,386.0,69,True,-386.0,-386.0,-772.0
292,3,1015.0,386.0,69,True,-386.0,-386.0,-772.0
293,0,1002.0000000000001,386.0,69,True,-386.0,-386.0,-772.0
293,1,1025.0,386.0,69,True,-386.0,-386.0,-772.0
293,2,1029.0,386.0,69,True,-386.0,-386.0,-772.0
293,3,1025.0,386.0,69,True,-386.0,-386.0,-772.0
294,0,1003.0000000000001,386.0,69,True,-386.0,-386.0,-772.0
294,1,1062.8333333333335,386.0,69,True,-386.0,-386.0,-772.0
294,2,1022.0,386.0,69,True,-386.0,-386.0,-772.0
294,3,1016.0000000000001,386.0,69,True,-386.0,-386.0,-772.0
295,0,1062.8333333333335,386.0,69,True,-386.0,-386.0,-772.0
295,1,1036.0,386.0,69,True,-386.0,-386.0,-772.0
295,2,1005.0000000000001,386.0,69,True,-386.0,-386.0,-772.0
295,3,1010.0000000000001,386.0,69,True,-386.0,-386.0,-772.0
296,0,1022.0,386.0,69,True,-386.0,-386.0,-772.0
296,1,1022.0,386.0,69,True,-386.0,-386.0,-772.0
296,2,1015.0,386.0,69,True,-386.0,-386.0,-772.0
296,3,1019.8333333333334,386.0,69,True,-386.0,-386.0,-772.0
297,0,1067.8333333333335,386.0,69,True,-386.0,-386.0,-772.0
297,1,1069.8333333333335,386.0,69,True,-386.0,-386.0,-772.0
297,2,1015.0,386.0,69,True,-386.0,-386.0,-772.0
297,3,1062.8333333333335,386.0,69,True,-386.0,-386.0,-772.0
298,0,1062.8333333333335,462.0,69,True,-462.0,-462.0,-924.0
298,1,1067.8333333333335,386.0,69,True,-386.0,-386.0,-772.0
298,2,1013.1666666666667,386.0,69,True,-386.0,-386.0,-772.0
298,3,1015.0,386.0,69,True,-386.0,-386.0,-772.0
299,0,1006.0000000000001,386.0,69,True,-386.0,-386.0,-772.0
299,1,1062.8333333333335,386.0,69,True,-386.0,-386.0,-772.0
299,2,1015.0,386.0,69,True,-386.0,-386.0,-772.0
299,3,1026.0,386.0,69,True,-386.0,-386.0,-772.0
300,0,1017.0000000000001,386.0,69,True,-386.0,-386.0,-772.0
300,1,1060.8333333333335,386.0,69,True,-386.0,-386.0,-772.0
300,2,1020.0000000000001,386.0,69,True,-386.0,-386.0,-772.0
300,3,1062.8333333333335,386.0,69,True,-386.0,-386.0,-772.0
301,0,1060.8333333333335,386.0,69,True,-386.0,-386.0,-772.0
301,1,1040.0,386.0,69,True,-386.0,-386.0,-772.0
301,2,1035.0,386.0,69,True,-386.0,-386.0,-772.0
301,3,1017.0000000000001,386.0,69,True,-386.0,-386.0,-772.0
302,0,1015.0000000000001,386.0,69,True,-386.0,-386.0,-772.0
302,1,1015.0,386.0,69,True,-386.0,-386.0,-772.0
302,2,1025.0,386.0,69,True,-386.0,-386.0,-772.0
302,3,1062.8333333333335,386.0,69,True,-386.0,-386.0,-772.0
303,0,1018.0000000000001,386.0,69,True,-386.0,-386.0,-772.0
303,1,1015.0,386.0,69,True,-386.0,-386.0,-772.0
303,2,1062.8333333333335,386.0,69,True,-386.0,-386.0,-772.0
303,3,1015.0000000000001,386.0,69,True,-386.0,-386.0,-772.0
304,0,998.1666666666667,386.0,69,True,-386.0,-386.0,-772.0
304,1,1062.8333333333335,386.0,69,True,-386.0,-386.0,-772.0
304,2,1062.8333333333335,386.0,69,True,-386.0,-386.0,-772.0
304,3,1015.0,386.0,69,True,-386.0,-386.0,-772.0
305,0,1039.1666666666667,386.0,69,True,-386.0,-386.0,-772.0
305,1,1041.0,386.0,69,True,-386.0,-386.0,-772.0
305,2,1000.0000000000001,386.0,69,True,-386.0,-386.0,-772.0
305,3,1015.0,386.0,69,True,-386.0,-386.0,-772.0
306,0,1060.8333333333335,386.0,69,True,-386.0,-386.0,-772.0
306,1,1017.0000000000001,386.0,69,True,-386.0,-386.0,-772.0
306,2,1015.0,386.0,69,True,-386.0,-386.0,-772.0
306,3,1060.8333333333335,386.0,69,True,-386.0,-386.0,-772.0
307,0,1062.8333333333335,386.0,69,True,-386.0,-386.0,-772.0
307,1,1062.8333333333335,386.0,69,True,-386.0,-386.0,-772.0
307,2,1022.0,386.0,69,True,-386.0,-386.0,-772.0
307,3,1062.8333333333335,386.0,69,True,-386.0,-386.0,-772.0
308,0,1015.0,386.0,69,True,-386.0,-386.0,-772.0
308,1,1015.0,386.0,69,True,-386.0,-386.0,-772.0
308,2,1001.0000000000001,386.0,69,True,-386.0,-386.0,-772.0
308,3,1022.0000000000001,386.0,69,True,-386.0,-386.0,-772.0
309,0,1052.0,386.0,69,True,-386.0,-386.0,-772.0
309,1,1017.0000000000001,386.0,69,True,-386.0,-386.0,-772.0
309,2,1035.1666666666667,386.0,69,True,-386.0,-386.0,-772.0
309,3,1045.0,386.0,69,True,-386.0,-386.0,-772.0
310,0,1045.0,386.0,69,True,-386.0,-386.0,-772.0
310,1,1030.0,386.0,69,True,-386.0,-386.0,-772.0
310,2,1012.0000000000001,386.0,69,True,-386.0,-386.0,-772.0
310,3,1015.0,386.0,69,True,-386.0,-386.0,-772.0
311,0,1033.1666666666667,386.0,69,True,-386.0,-386.0,-772.0
311,1,1045.0,386.0,69,True,-386.0,-386.0,-772.0
311,2,1025.0,386.0,69,True,-386.0,-386.0,-772.0
311,3,1060.8333333333335,386.0,69,True,-386.0,-386.0,-772.0
312,0,1076.0,386.0,69,True,-386.0,-386.0,-772.0
312,1,1045.0,386.0,69,True,-386.0,-386.0,-772.0
312,2,1053.1666666666667,386.0,69,True,-386.0,-386.0,-772.0
312,3,1025.1666666666667,386.0,69,True,-386.0,-386.0,-772.0
313,0,1027.0,386.0,69,True,-386.0,-386.0,-772.0
313,1,1015.0000000000001,386.0,69,True,-386.0,-386.0,-772.0
313,2,1055.0,386.0,69,True,-386.0,-386.0,-772.0
313,3,1036.1666666666667,386.0,69,True,-386.0,-386.0,-772.0
314,0,1022.0,386.0,69,True,-386.0,-386.0,-772.0
314,1,1037.0,386.0,69,True,-386.0,-386.0,-772.0
314,2,1018.0000000000001,386.0,69,True,-386.0,-386.0,-772.0
314,3,1031.1666666666667,386.0,69,True,-386.0,-386.0,-772.0
315,0,1038.0,386.0,69,True,-386.0,-386.0,-772.0
315,1,1030.0,386.0,69,True,-386.0,-386.0,-772.0
315,2,1060.1666666666667,386.0,69,True,-386.0,-386.0,-772.0
315,3,1015.0,386.0,69,True,-386.0,-386.0,-772.0
316,0,1052.0,386.0,69,True,-386.0,-386.0,-772.0
316,1,1035.0,386.0,69,True,-386.0,-386.0,-772.0
316,2,1052.0,386.0,69,True,-386.0,-386.0,-772.0
316,3,1052.1666666666667,386.0,69,True,-386.0,-386.0,-772.0
317,0,1063.1666666666667,386.0,69,True,-386.0,-386.0,-772.0
317,1,1016.1666666666667,386.0,69,True,-386.0,-386.0,-772.0
317,2,1025.1666666666667,386.0,69,True,-386.0,-386.0,-772.0
317,3,1060.8333333333335,386.0,69,True,-386.0,-386.0,-772.0
318,0,1062.8333333333335,386.0,69,True,-386.0,-386.0,-772.0
318,1,1045.0,386.0,69,True,-386.0,-386.0,-772.0
318,2,1111.3333333333335,626.0,73,True,-626.0,-626.0,-1252.0
318,3,1022.0000000000001,386.0,69,True,-386.0,-386.0,-772.0
319,0,1051.8333333333335,386.0,69,True,-386.0,-386.0,-772.0
319,1,1074.8333333333335,386.0,69,True,-386.0,-386.0,-772.0
319,2,1072.8333333333335,386.0,69,True,-386.0,-386.0,-772.0
319,3,1043.1666666666667,386.0,69,True,-386.0,-386.0,-772.0
320,0,1030.0,386.0,69,True,-386.0,-386.0,-772.0
320,1,1031.1666666666667,386.0,69,True,-386.0,-386.0,-772.0
320,2,1030.1666666666667,462.0,69,True,-462.0,-462.0,-924.0
320,3,1041.1666666666667,386.0,69,True,-386.0,-386.0,-772.0
321,0,1028.1666666666667,386.0,69,True,-386.0,-386.0,-772.0
321,1,1041.0,386.0,69,True,-386.0,-386.0,-772.0
321,2,1020.0000000000001,386.0,69,True,-386.0,-386.0,-772.0
321,3,1045.0,386.0,69,True,-386.0,-386.0,-772.0
322,0,1067.8333333333335,386.0,69,True,-386.0,-386.0,-772.0
322,1,1008.0000000000001,386.0,69,True,-386.0,-386.0,-772.0
322,2,1000.0000000000001,386.0,69,True,-386.0,-386.0,-772.0
322,3,1030.0,386.0,69,True,-386.0,-386.0,-772.0
323,0,1046.1666666666667,386.0,69,True,-386.0,-386.0,-772.0
323,1,1040.1666666666667,386.0,69,True,-386.0,-386.0,-772.0
323,2,1034.0,386.0,69,True,-386.0,-386.0,-772.0
323,3,1049.0,386.0,69,True,-386.0,-386.0,-772.0
324,0,1040.0,386.0,69,True,-386.0,-386.0,-772.0
324,1,1067.8333333333335,386.0,69,True,-386.0,-386.0,-772.0
324,2,1060.8333333333335,386.0,69,True,-386.0,-386.0,-772.0
324,3,1019.1666666666667,386.0,69,True,-386.0,-386.0,-772.0
325,0,1052.0,386.0,69,True,-386.0,-386.0,-772.0
325,1,1038.0,386.0,69,True,-386.0,-386.0,-772.0
325,2,1041.0,386.0,69,True,-386.0,-386.0,-772.0
325,3,1042.1666666666667,386.0,69,True,-386.0,-386.0,-772.0
326,0,1072.8333333333335,386.0,69,True,-386.0,-386.0,-772.0
326,1,1067.8333333333335,386.0,69,True,-386.0,-386.0,-772.0
326,2,1019.8333333333334,386.0,69,True,-386.0,-386.0,-772.0
326,3,1003.0000000000001,386.0,69,True,-386.0,-386.0,-772.0
327,0,1060.0,386.0,69,True,-386.0,-386.0,-772.0
327,1,1049.1666666666667,386.0,69,True,-386.0,-386.0,-772.0
327,2,1060.8333333333335,386.0,69,True,-386.0,-386.0,-772.0
327,3,1067.8333333333335,386.0,69,True,-386.0,-386.0,-772.0
328,0,1039.0,386.0,69,True,-386.0,-386.0,-772.0
328,1,1038.1666666666667,386.0,69,True,-386.0,-386.0,-772.0
328,2,1012.0000000000001,386.0,69,True,-386.0,-386.0,-772.0
328,3,1033.0,386.0,69,True,-386.0,-386.0,-772.0
329,0,1023.0000000000001,386.0,69,True,-386.0,-386.0,-772.0
329,1,1060.8333333333335,386.0,69,True,-386.0,-386.0,-772.0
329,2,1038.0,386.0,69,True,-386.0,-386.0,-772.0
329,3,1022.0000000000001,386.0,69,True,-386.0,-386.0,-772.0
330,0,1064.1666666666665,462.0,70,True,-462.0,-462.0,-924.0
330,1,1062.8333333333335,386.0,69,True,-386.0,-386.0,-772.0
330,2,1021.1666666666667,386.0,69,True,-386.0,-386.0,-772.0
330,3,1072.8333333333335,386.0,69,True,-386.0,-386.0,-772.0
331,0,1040.0,386.0,69,True,-386.0,-386.0,-772.0
331,1,1017.0000000000001,386.0,69,True,-386.0,-386.0,-772.0
331,2,1015.0,386.0,69,True,-386.0,-386.0,-772.0
331,3,1036.0,386.0,69,True,-386.0,-386.0,-772.0
332,0,1022.0,386.0,69,True,-386.0,-386.0,-772.0
332,1,1067.8333333333335,386.0,69,True,-386.0,-386.0,-772.0
332,2,1028.0,386.0,69,True,-386.0,-386.0,-772.0
332,3,1022.0,386.0,69,True,-386.0,-386.0,-772.0
333,0,1011.0000000000001,386.0,69,True,-386.0,-386.0,-772.0
333,1,1030.0,386.0,69,True,-386.0,-386.0,-772.0
333,2,1015.0,386.0,69,True,-386.0,-386.0,-772.0
333,3,1010.0000000000001,386.0,69,True,-386.0,-386.0,-772.0
334,0,1041.1666666666667,386.0,69,True,-386.0,-386.0,-772.0
334,1,1029.0,386.0,69,True,-386.0,-386.0,-772.0
334,2,1016.0,386.0,69,True,-386.0,-386.0,-772.0
334,3,1074.8333333333335,386.0,69,True,-386.0,-386.0,-772.0
335,0,1035.0,386.0,69,True,-386.0,-386.0,-772.0
335,1,1025.0,386.0,69,True,-386.0,-386.0,-772.0
335,2,1013.0000000000001,386.0,69,True,-386.0,-386.0,-772.0
335,3,1045.8333333333335,386.0,69,True,-386.0,-386.0,-772.0
336,0,1007.1666666666667,386.0,69,True,-386.0,-386.0,-772.0
336,1,1045.0,386.0,69,True,-386.0,-386.0,-772.0
336,2,1023.0000000000001,386.0,69,True,-386.0,-386.0,-772.0
336,3,1041.0,386.0,69,True,-386.0,-386.0,-772.0
337,0,1044.0,386.0,69,True,-386.0,-386.0,-772.0
337,1,1032.0,386.0,69,True,-386.0,-386.0,-772.0
337,2,1020.0000000000001,386.0,69,True,-386.0,-386.0,-772.0
337,3,1045.0,386.0,69,True,-386.0,-386.0,-772.0
338,0,1027.0,386.0,69,True,-386.0,-386.0,-772.0
338,1,1052.0,386.0,69,True,-386.0,-386.0,-772.0
338,2,1051.0,462.0,69,True,-462.0,-462.0,-924.0
338,3,1038.8333333333335,386.0,69,True,-386.0,-386.0,-772.0
339,0,1027.1666666666667,386.0,69,True,-386.0,-386.0,-772.0
339,1,1022.0,386.0,69,True,-386.0,-386.0,-772.0
339,2,1056.0,386.0,69,True,-386.0,-386.0,-772.0
339,3,1059.0,386.0,69,True,-386.0,-386.0,-772.0
340,0,1022.1666666666667,386.0,69,True,-386.0,-386.0,-772.0
340,1,1048.0,386.0,69,True,-386.0,-386.0,-772.0
340,2,1033.0,386.0,69,True,-386.0,-386.0,-772.0
340,3,1046.0,386.0,69,True,-386.0,-386.0,-772.0
341,0,1022.0,386.0,69,True,-386.0,-386.0,-772.0
341,1,1052.0,462.0,69,True,-462.0,-462.0,-924.0
341,2,1074.8333333333335,386.0,69,True,-386.0,-386.0,-772.0
341,3,1032.1666666666667,386.0,69,True,-386.0,-386.0,-772.0
342,0,1015.0,386.0,69,True,-386.0,-386.0,-772.0
342,1,1028.0,386.0,69,True,-386.0,-386.0,-772.0
342,2,1035.0,386.0,69,True,-386.0,-386.0,-772.0
342,3,1022.0,386.0,69,True,-386.0,-386.0,-772.0
343,0,1015.0000000000001,386.0,69,True,-386.0,-386.0,-772.0
343,1,1015.0,386.0,69,True,-386.0,-386.0,-772.0
343,2,1015.0000000000001,386.0,69,True,-386.0,-386.0,-772.0
343,3,1022.0,386.0,69,True,-386.0,-386.0,-772.0
344,0,1029.0,386.0,69,True,-386.0,-386.0,-772.0
344,1,1027.0,386.0,69,True,-386.0,-386.0,-772.0
344,2,1029.0,386.0,69,True,-386.0,-386.0,-772.0
344,3,1069.8333333333335,386.0,69,True,-386.0,-386.0,-772.0
345,0,1015.0,386.0,69,True,-386.0,-386.0,-772.0
345,1,1029.0,386.0,69,True,-386.0,-386.0,-772.0
345,2,1060.8333333333335,386.0,69,True,-386.0,-386.0,-772.0
345,3,1015.0,386.0,69,True,-386.0,-386.0,-772.0
346,0,1022.0,386.0,69,True,-386.0,-386.0,-772.0
346,1,1074.8333333333335,386.0,69,True,-386.0,-386.0,-772.0
346,2,1022.0,386.0,69,True,-386.0,-386.0,-772.0
346,3,1022.0,386.0,69,True,-386.0,-386.0,-772.0
347,0,1015.0,386.0,69,True,-386.0,-386.0,-772.0
347,1,1026.8333333333335,386.0,69,True,-386.0,-386.0,-772.0
347,2,1074.8333333333335,386.0,69,True,-386.0,-386.0,-772.0
347,3,1033.0,386.0,69,True,-386.0,-386.0,-772.0
348,0,1030.0,386.0,69,True,-386.0,-386.0,-772.0
348,1,1018.0000000000001,386.0,69,True,-386.0,-386.0,-772.0
348,2,1045.8333333333335,386.0,69,True,-386.0,-386.0,-772.0
348,3,1052.0,386.0,69,True,-386.0,-386.0,-772.0
349,0,1045.8333333333335,386.0,69,True,-386.0,-386.0,-772.0
349,1,1039.0,386.0,69,True,-386.0,-386.0,-772.0
349,2,1056.0,386.0,69,True,-386.0,-386.0,-772.0
349,3,1047.1666666666667,386.0,69,True,-386.0,-386.0,-772.0
350,0,1034.1666666666667,386.0,69,True,-386.0,-386.0,-772.0
350,1,1042.0,386.0,69,True,-386.0,-386.0,-772.0
350,2,1108.0,450.0,70,True,-450.0,-450.0,-900.0
350,3,1079.8333333333335,386.0,69,True,-386.0,-386.0,-772.0
351,0,1061.0,386.0,69,True,-386.0,-386.0,-772.0
351,1,1067.0,386.0,69,True,-386.0,-386.0,-772.0
351,2,1043.0,386.0,69,True,-386.0,-386.0,-772.0
351,3,1029.1666666666667,386.0,69,True,-386.0,-386.0,-772.0
352,0,1052.1666666666667,386.0,69,True,-386.0,-386.0,-772.0
352,1,1065.0,386.0,69,True,-386.0,-386.0,-772.0
352,2,1035.0,386.0,69,True,-386.0,-386.0,-772.0
352,3,1058.0,386.0,69,True,-386.0,-386.0,-772.0
353,0,1019.0000000000001,386.0,69,True,-386.0,-386.0,-772.0
353,1,1042.0,386.0,69,True,-386.0,-386.0,-772.0
353,2,984.8333333333334,462.0,70,True,-462.0,-462.0,-924.0
353,3,1061.0,386.0,69,True,-386.0,-386.0,-772.0
354,0,1067.8333333333335,386.0,69,True,-386.0,-386.0,-772.0
354,1,1029.0,386.0,69,True,-386.0,-386.0,-772.0
354,2,1052.0,386.0,69,True,-386.0,-386.0,-772.0
354,3,1013.1666666666667,386.0,69,True,-386.0,-386.0,-772.0
355,0,1029.0,386.0,69,True,-386.0,-386.0,-772.0
355,1,1035.0,386.0,69,True,-386.0,-386.0,-772.0
355,2,1052.0,386.0,69,True,-386.0,-386.0,-772.0
355,3,1047.1666666666667,386.0,69,True,-386.0,-386.0,-772.0
356,0,1067.8333333333335,386.0,69,True,-386.0,-386.0,-772.0
356,1,1045.8333333333335,386.0,69,True,-386.0,-386.0,-772.0
356,2,1054.0,386.0,69,True,-386.0,-386.0,-772.0
356,3,1030.0,386.0,69,True,-386.0,-386.0,-772.0
357,0,1049.0,386.0,69,True,-386.0,-386.0,-772.0
357,1,1032.0,386.0,69,True,-386.0,-386.0,-772.0
357,2,1028.0,386.0,69,True,-386.0,-386.0,-772.0
357,3,1036.1666666666667,386.0,69,True,-386.0,-386.0,-772.0
358,0,1067.8333333333335,386.0,69,True,-386.0,-386.0,-772.0
358,1,1030.0,386.0,69,True,-386.0,-386.0,-772.0
358,2,1074.8333333333335,386.0,69,True,-386.0,-386.0,-772.0
358,3,1019.0000000000001,386.0,69,True,-386.0,-386.0,-772.0
359,0,1022.0,386.0,69,True,-386.0,-386.0,-772.0
359,1,1074.8333333333335,386.0,69,True,-386.0,-386.0,-772.0
359,2,1037.0,386.0,69,True,-386.0,-386.0,-772.0
359,3,1022.0,386.0,69,True,-386.0,-386.0,-772.0
360,0,1036.1666666666667,386.0,69,True,-386.0,-386.0,-772.0
360,1,1050.0,386.0,69,True,-386.0,-386.0,-772.0
360,2,1059.1666666666665,462.0,69,True,-462.0,-462.0,-924.0
360,3,1033.0,386.0,69,True,-386.0,-386.0,-772.0
361,0,1041.1666666666667,386.0,69,True,-386.0,-386.0,-772.0
361,1,1051.1666666666665,462.0,70,True,-462.0,-462.0,-924.0
361,2,1104.0,635.0,72,True,-635.0,-635.0,-1270.0
361,3,1021.0000000000001,386.0,69,True,-386.0,-386.0,-772.0
362,0,1058.8333333333335,386.0,69,True,-386.0,-386.0,-772.0
362,1,1031.1666666666667,386.0,69,True,-386.0,-386.0,-772.0
362,2,1038.1666666666665,279.0,66,True,-279.0,-279.0,-558.0
362,3,951.8333333333333,222.0,66,True,-222.0,-222.0,-444.0
363,0,1031.1666666666667,386.0,69,True,-386.0,-386.0,-772.0
363,1,1052.1666666666667,386.0,69,True,-386.0,-386.0,-772.0
363,2,1039.0,386.0,69,True,-386.0,-386.0,-772.0
363,3,1038.0,386.0,69,True,-386.0,-386.0,-772.0
364,0,1044.0,386.0,69,True,-386.0,-386.0,-772.0
364,1,1030.0,386.0,69,True,-386.0,-386.0,-772.0
364,2,1042.1666666666667,386.0,69,True,-386.0,-386.0,-772.0
364,3,1025.0,386.0,69,True,-386.0,-386.0,-772.0
365,0,1033.0,386.0,69,True,-386.0,-386.0,-772.0
365,1,988.8333333333334,386.0,69,True,-386.0,-386.0,-772.0
365,2,1026.0,386.0,69,True,-386.0,-386.0,-772.0
365,3,1034.0,386.0,69,True,-386.0,-386.0,-772.0
366,0,1010.1666666666667,419.0,69,True,-419.0,-419.0,-838.0
366,1,1094.1666666666665,436.0,70,True,-436.0,-436.0,-872.0
366,2,1021.5,419.0,69,True,-419.0,-419.0,-838.0
366,3,1030.0,386.0,69,True,-386.0,-386.0,-772.0
367,0,1039.0,386.0,69,True,-386.0,-386.0,-772.0
367,1,1048.0,386.0,69,True,-386.0,-386.0,-772.0
367,2,1030.0,386.0,69,True,-386.0,-386.0,-772.0
367,3,1064.0,462.0,69,True,-462.0,-462.0,-924.0
368,0,1065.8333333333335,386.0,69,True,-386.0,-386.0,-772.0
368,1,1069.0,386.0,69,True,-386.0,-386.0,-772.0
368,2,1064.0,386.0,69,True,-386.0,-386.0,-772.0
368,3,1028.1666666666667,203.0,66,True,-203.0,-203.0,-406.0
369,0,1050.1666666666667,386.0,69,True,-386.0,-386.0,-772.0
369,1,1064.0,386.0,69,True,-386.0,-386.0,-772.0
369,2,1162.3333333333333,450.0,70,True,-450.0,-450.0,-900.0
369,3,1029.1666666666667,386.0,69,True,-386.0,-386.0,-772.0
370,0,1058.0,386.0,69,True,-386.0,-386.0,-772.0
370,1,1044.1666666666667,386.0,69,True,-386.0,-386.0,-772.0
370,2,1064.0,386.0,69,True,-386.0,-386.0,-772.0
370,3,1053.0,386.0,69,True,-386.0,-386.0,-772.0
371,0,1029.1666666666667,386.0,69,True,-386.0,-386.0,-772.0
371,1,1062.0,494.0,71,True,-494.0,-494.0,-988.0
371,2,1039.0,386.0,69,True,-386.0,-386.0,-772.0
371,3,1045.0,386.0,69,True,-386.0,-386.0,-772.0
372,0,1025.1666666666667,386.0,69,True,-386.0,-386.0,-772.0
372,1,1015.1666666666667,203.0,66,True,-203.0,-203.0,-406.0
372,2,949.0,203.0,66,True,-203.0,-203.0,-406.0
372,3,965.0,203.0,66,True,-203.0,-203.0,-406.0
373,0,953.1666666666667,262.0,67,True,-262.0,-262.0,-524.0
373,1,950.1666666666667,203.0,66,True,-203.0,-203.0,-406.0
373,2,1118.1666666666667,450.0,70,True,-450.0,-450.0,-900.0
373,3,1038.0,386.0,69,True,-386.0,-386.0,-772.0
374,0,970.1666666666667,327.0,68,True,-327.0,-327.0,-654.0
374,1,972.0,203.0,66,True,-203.0,-203.0,-406.0
374,2,958.0,203.0,66,True,-203.0,-203.0,-406.0
374,3,1015.1666666666667,386.0,69,True,-386.0,-386.0,-772.0
375,0,958.0,203.0,66,True,-203.0,-203.0,-406.0
375,1,958.0,203.0,66,True,-203.0,-203.0,-406.0
375,2,971.1666666666667,203.0,66,True,-203.0,-203.0,-406.0
375,3,992.1666666666667,203.0,66,True,-203.0,-203.0,-406.0
376,0,976.1666666666667,203.0,66,True,-203.0,-203.0,-406.0
376,1,950.0,279.0,66,True,-279.0,-279.0,-558.0
376,2,964.1666666666667,203.0,66,True,-203.0,-203.0,-406.0
376,3,943.1666666666667,203.0,66,True,-203.0,-203.0,-406.0
377,0,1096.0,450.0,70,True,-450.0,-450.0,-900.0
377,1,1158.3333333333333,450.0,70,True,-450.0,-450.0,-900.0
377,2,1089.5,450.0,70,True,-450.0,-450.0,-900.0
377,3,1111.0,450.0,70,True,-450.0,-450.0,-900.0
378,0,1116.0,450.0,70,True,-450.0,-450.0,-900.0
378,1,1072.1666666666667,450.0,70,True,-450.0,-450.0,-900.0
378,2,957.1666666666667,203.0,66,True,-203.0,-203.0,-406.0
378,3,947.1666666666667,203.0,66,True,-203.0,-203.0,-406.0
379,0,1072.0,450.0,70,True,-450.0,-450.0,-900.0
379,1,1024.0,203.0,66,True,-203.0,-203.0,-406.0
379,2,1094.0,450.0,70,True,-450.0,-450.0,-900.0
379,3,974.1666666666667,203.0,66,True,-203.0,-203.0,-406.0
380,0,965.0,203.0,66,True,-203.0,-203.0,-406.0
380,1,985.0,386.0,69,True,-386.0,-386.0,-772.0
380,2,952.1666666666667,203.0,66,True,-203.0,-203.0,-406.0
380,3,944.1666666666667,203.0,66,True,-203.0,-203.0,-406.0
381,0,999.1666666666667,386.0,69,True,-386.0,-386.0,-772.0
381,1,924.1666666666667,203.0,66,True,-203.0,-203.0,-406.0
381,2,1094.0,450.0,70,True,-450.0,-450.0,-900.0
381,3,924.1666666666667,203.0,66,True,-203.0,-203.0,-406.0
382,0,960.0,203.0,66,True,-203.0,-203.0,-406.0
382,1,1051.0,386.0,69,True,-386.0,-386.0,-772.0
382,2,1028.0,386.0,69,True,-386.0,-386.0,-772.0
382,3,1086.0,450.0,70,True,-450.0,-450.0,-900.0
383,0,1054.1666666666667,386.0,69,True,-386.0,-386.0,-772.0
383,1,1064.0,386.0,69,True,-386.0,-386.0,-772.0
383,2,1021.0,386.0,69,True,-386.0,-386.0,-772.0
383,3,998.0,262.0,67,True,-262.0,-262.0,-524.0
384,0,1068.1666666666667,386.0,69,True,-386.0,-386.0,-772.0
384,1,958.1666666666667,203.0,66,True,-203.0,-203.0,-406.0
384,2,965.0,203.0,66,True,-203.0,-203.0,-406.0
384,3,963.1666666666667,203.0,66,True,-203.0,-203.0,-406.0
385,0,1015.1666666666667,386.0,69,True,-386.0,-386.0,-772.0
385,1,1067.1666666666667,386.0,69,True,-386.0,-386.0,-772.0
385,2,1046.0,386.0,69,True,-386.0,-386.0,-772.0
385,3,1033.1666666666667,203.0,66,True,-203.0,-203.0,-406.0
386,0,1068.1666666666667,386.0,69,True,-386.0,-386.0,-772.0
386,1,1065.8333333333335,386.0,69,True,-386.0,-386.0,-772.0
386,2,1028.0,386.0,69,True,-386.0,-386.0,-772.0
386,3,1051.0,386.0,69,True,-386.0,-386.0,-772.0
387,0,1023.1666666666667,386.0,69,True,-386.0,-386.0,-772.0
387,1,914.0,279.0,67,True,-279.0,-279.0,-558.0
387,2,1055.1666666666667,386.0,69,True,-386.0,-386.0,-772.0
387,3,1028.0,386.0,69,True,-386.0,-386.0,-772.0
388,0,1067.8333333333335,386.0,69,True,-386.0,-386.0,-772.0
388,1,1022.5,478.0,70,True,-478.0,-478.0,-956.0
388,2,1086.1666666666665,635.0,72,True,-635.0,-635.0,-1270.0
388,3,1094.1666666666665,635.0,72,True,-635.0,-635.0,-1270.0
389,0,1058.0,386.0,69,True,-386.0,-386.0,-772.0
389,1,1038.0,386.0,69,True,-386.0,-386.0,-772.0
389,2,1033.0,386.0,69,True,-386.0,-386.0,-772.0
389,3,1054.1666666666667,386.0,69,True,-386.0,-386.0,-772.0
390,0,1064.0,386.0,69,True,-386.0,-386.0,-772.0
390,1,1024.1666666666665,279.0,66,True,-279.0,-279.0,-558.0
390,2,1014.1666666666667,419.0,69,True,-419.0,-419.0,-838.0
390,3,1020.1666666666666,279.0,66,True,-279.0,-279.0,-558.0
391,0,976.5,434.0,69,True,-434.0,-434.0,-868.0
391,1,1136.1666666666665,635.0,72,True,-635.0,-635.0,-1270.0
391,2,1094.1666666666665,635.0,72,True,-635.0,-635.0,-1270.0
391,3,1098.1666666666665,635.0,72,True,-635.0,-635.0,-1270.0
392,0,1064.1666666666665,462.0,69,True,-462.0,-462.0,-924.0
392,1,966.5,358.0,68,True,-358.0,-358.0,-716.0
392,2,1040.1666666666665,495.0,70,True,-495.0,-495.0,-990.0
392,3,914.0,157.0,65,True,-157.0,-157.0,-314.0
393,0,1024.0,386.0,69,True,-386.0,-386.0,-772.0
393,1,1079.8333333333335,462.0,69,True,-462.0,-462.0,-924.0
393,2,1062.1666666666667,386.0,69,True,-386.0,-386.0,-772.0
393,3,1162.0,799.0,75,True,-799.0,-799.0,-1598.0
394,0,1040.0,386.0,69,True,-386.0,-386.0,-772.0
394,1,1063.1666666666665,462.0,69,True,-462.0,-462.0,-924.0
394,2,1062.1666666666667,386.0,69,True,-386.0,-386.0,-772.0
394,3,1046.1666666666667,386.0,69,True,-386.0,-386.0,-772.0
395,0,1031.0,386.0,69,True,-386.0,-386.0,-772.0
395,1,1048.1666666666667,462.0,70,True,-462.0,-462.0,-924.0
395,2,1057.1666666666665,462.0,69,True,-462.0,-462.0,-924.0
395,3,1122.5,450.0,70,True,-450.0,-450.0,-900.0
396,0,1057.1666666666667,386.0,69,True,-386.0,-386.0,-772.0
396,1,1040.0,386.0,69,True,-386.0,-386.0,-772.0
396,2,1030.0,386.0,69,True,-386.0,-386.0,-772.0
396,3,1041.0,386.0,69,True,-386.0,-386.0,-772.0
397,0,1067.8333333333335,386.0,69,True,-386.0,-386.0,-772.0
397,1,1112.3333333333335,450.0,70,True,-450.0,-450.0,-900.0
397,2,1014.0000000000001,386.0,69,True,-386.0,-386.0,-772.0
397,3,1027.0,386.0,69,True,-386.0,-386.0,-772.0
398,0,1061.0,386.0,69,True,-386.0,-386.0,-772.0
398,1,1056.0,386.0,69,True,-386.0,-386.0,-772.0
398,2,1051.0,386.0,69,True,-386.0,-386.0,-772.0
398,3,1068.0,386.0,69,True,-386.0,-386.0,-772.0
399,0,981.1666666666667,203.0,66,True,-203.0,-203.0,-406.0
399,1,1065.8333333333335,386.0,69,True,-386.0,-386.0,-772.0
399,2,1026.1666666666667,386.0,69,True,-386.0,-386.0,-772.0
399,3,1020.0000000000001,386.0,69,True,-386.0,-386.0,-772.0
400,0,1053.1666666666667,386.0,69,True,-386.0,-386.0,-772.0
400,1,1017.0,203.0,66,True,-203.0,-203.0,-406.0
400,2,1057.1666666666667,386.0,69,True,-386.0,-386.0,-772.0
400,3,1061.1666666666667,386.0,69,True,-386.0,-386.0,-772.0
401,0,1046.0,386.0,69,True,-386.0,-386.0,-772.0
401,1,1039.1666666666667,386.0,69,True,-386.0,-386.0,-772.0
401,2,1022.1666666666667,203.0,66,True,-203.0,-203.0,-406.0
401,3,1048.1666666666667,386.0,69,True,-386.0,-386.0,-772.0
402,0,1063.0,386.0,69,True,-386.0,-386.0,-772.0
402,1,963.1666666666667,203.0,66,True,-203.0,-203.0,-406.0
402,2,990.5,419.0,69,True,-419.0,-419.0,-838.0
402,3,1014.1666666666667,386.0,69,True,-386.0,-386.0,-772.0
403,0,1068.1666666666667,386.0,69,True,-386.0,-386.0,-772.0
403,1,995.1666666666667,419.0,69,True,-419.0,-419.0,-838.0
403,2,1010.5,419.0,69,True,-419.0,-419.0,-838.0
403,3,1018.0000000000001,386.0,69,True,-386.0,-386.0,-772.0
404,0,1019.0,203.0,66,True,-203.0,-203.0,-406.0
404,1,1047.1666666666667,386.0,69,True,-386.0,-386.0,-772.0
404,2,1028.0,386.0,69,True,-386.0,-386.0,-772.0
404,3,1013.1666666666667,419.0,69,True,-419.0,-419.0,-838.0
405,0,1028.0,386.0,69,True,-386.0,-386.0,-772.0
405,1,1056.1666666666667,386.0,69,True,-386.0,-386.0,-772.0
405,2,1065.8333333333335,386.0,69,True,-386.0,-386.0,-772.0
405,3,1036.0,386.0,69,True,-386.0,-386.0,-772.0
406,0,1018.0000000000001,386.0,69,True,-386.0,-386.0,-772.0
406,1,1059.0,386.0,69,True,-386.0,-386.0,-772.0
406,2,1046.1666666666667,386.0,69,True,-386.0,-386.0,-772.0
406,3,1042.0,436.0,70,True,-436.0,-436.0,-872.0
407,0,1035.1666666666667,386.0,69,True,-386.0,-386.0,-772.0
407,1,994.1666666666667,203.0,66,True,-203.0,-203.0,-406.0
407,2,1039.1666666666667,386.0,69,True,-386.0,-386.0,-772.0
407,3,1054.1666666666667,386.0,69,True,-386.0,-386.0,-772.0
408,0,1035.0,386.0,69,True,-386.0,-386.0,-772.0
408,1,1069.0,386.0,69,True,-386.0,-386.0,-772.0
408,2,1072.1666666666667,386.0,69,True,-386.0,-386.0,-772.0
408,3,1020.1666666666667,386.0,69,True,-386.0,-386.0,-772.0
409,0,1054.1666666666667,386.0,69,True,-386.0,-386.0,-772.0
409,1,1028.0,386.0,69,True,-386.0,-386.0,-772.0
409,2,1036.0,386.0,69,True,-386.0,-386.0,-772.0
409,3,1073.0,450.0,70,True,-450.0,-450.0,-900.0
410,0,1072.8333333333335,386.0,69,True,-386.0,-386.0,-772.0
410,1,1025.0,386.0,69,True,-386.0,-386.0,-772.0
410,2,1036.1666666666667,386.0,69,True,-386.0,-386.0,-772.0
410,3,1014.1666666666667,203.0,66,True,-203.0,-203.0,-406.0
411,0,1059.1666666666667,386.0,69,True,-386.0,-386.0,-772.0
411,1,1035.0,386.0,69,True,-386.0,-386.0,-772.0
411,2,1045.1666666666667,386.0,69,True,-386.0,-386.0,-772.0
411,3,1041.0,386.0,69,True,-386.0,-386.0,-772.0
412,0,1031.1666666666667,386.0,69,True,-386.0,-386.0,-772.0
412,1,1049.1666666666667,386.0,69,True,-386.0,-386.0,-772.0
412,2,1063.1666666666667,386.0,69,True,-386.0,-386.0,-772.0
412,3,1079.0,462.0,70,True,-462.0,-462.0,-924.0
413,0,1065.8333333333335,386.0,69,True,-386.0,-386.0,-772.0
413,1,1106.5,450.0,70,True,-450.0,-450.0,-900.0
413,2,1065.0,386.0,69,True,-386.0,-386.0,-772.0
413,3,1028.1666666666667,386.0,69,True,-386.0,-386.0,-772.0
414,0,1025.1666666666667,386.0,69,True,-386.0,-386.0,-772.0
414,1,1060.0,386.0,69,True,-386.0,-386.0,-772.0
414,2,1060.0,386.0,69,True,-386.0,-386.0,-772.0
414,3,1037.1666666666667,386.0,69,True,-386.0,-386.0,-772.0
415,0,1061.0,386.0,69,True,-386.0,-386.0,-772.0
415,1,1037.1666666666667,386.0,69,True,-386.0,-386.0,-772.0
415,2,981.1666666666667,279.0,67,True,-279.0,-279.0,-558.0
415,3,1035.0,386.0,69,True,-386.0,-386.0,-772.0
416,0,1035.1666666666667,203.0,66,True,-203.0,-203.0,-406.0
416,1,1066.1666666666667,386.0,69,True,-386.0,-386.0,-772.0
416,2,1050.1666666666667,386.0,69,True,-386.0,-386.0,-772.0
416,3,1054.1666666666667,203.0,66,True,-203.0,-203.0,-406.0
417,0,948.1666666666667,203.0,66,True,-203.0,-203.0,-406.0
417,1,1061.1666666666667,386.0,69,True,-386.0,-386.0,-772.0
417,2,1028.1666666666667,386.0,69,True,-386.0,-386.0,-772.0
417,3,1043.1666666666667,203.0,66,True,-203.0,-203.0,-406.0
418,0,1046.0,386.0,69,True,-386.0,-386.0,-772.0
418,1,1065.8333333333335,386.0,69,True,-386.0,-386.0,-772.0
418,2,948.1666666666667,203.0,66,True,-203.0,-203.0,-406.0
418,3,1039.1666666666667,203.0,66,True,-203.0,-203.0,-406.0
419,0,1043.1666666666667,203.0,66,True,-203.0,-203.0,-406.0
419,1,947.1666666666667,203.0,66,True,-203.0,-203.0,-406.0
419,2,960.1666666666667,203.0,66,True,-203.0,-203.0,-406.0
419,3,1025.1666666666667,203.0,66,True,-203.0,-203.0,-406.0
420,0,972.0,203.0,66,True,-203.0,-203.0,-406.0
420,1,968.1666666666667,203.0,66,True,-203.0,-203.0,-406.0
420,2,1049.0,386.0,69,True,-386.0,-386.0,-772.0
420,3,963.1666666666667,203.0,66,True,-203.0,-203.0,-406.0
421,0,988.0,203.0,66,True,-203.0,-203.0,-406.0
421,1,967.1666666666667,203.0,66,True,-203.0,-203.0,-406.0
421,2,1035.0,386.0,69,True,-386.0,-386.0,-772.0
421,3,997.1666666666667,203.0,66,True,-203.0,-203.0,-406.0
422,0,1160.3333333333333,450.0,70,True,-450.0,-450.0,-900.0
422,1,1072.8333333333335,386.0,69,True,-386.0,-386.0,-772.0
422,2,1049.1666666666667,386.0,69,True,-386.0,-386.0,-772.0
422,3,1036.1666666666665,279.0,67,True,-279.0,-279.0,-558.0
423,0,988.0,203.0,66,True,-203.0,-203.0,-406.0
423,1,1030.1666666666667,203.0,66,True,-203.0,-203.0,-406.0
423,2,1031.0,203.0,66,True,-203.0,-203.0,-406.0
423,3,1030.1666666666665,419.0,69,True,-419.0,-419.0,-838.0
424,0,1048.1666666666667,386.0,69,True,-386.0,-386.0,-772.0
424,1,1074.1666666666667,386.0,69,True,-386.0,-386.0,-772.0
424,2,1042.1666666666667,386.0,69,True,-386.0,-386.0,-772.0
424,3,1063.1666666666667,386.0,69,True,-386.0,-386.0,-772.0
425,0,965.0,203.0,66,True,-203.0,-203.0,-406.0
425,1,1042.0,386.0,69,True,-386.0,-386.0,-772.0
425,2,1042.1666666666667,386.0,69,True,-386.0,-386.0,-772.0
425,3,972.0,203.0,66,True,-203.0,-203.0,-406.0
426,0,1033.1666666666667,386.0,69,True,-386.0,-386.0,-772.0
426,1,1050.1666666666667,386.0,69,True,-386.0,-386.0,-772.0
426,2,1064.1666666666667,386.0,69,True,-386.0,-386.0,-772.0
426,3,1064.1666666666667,386.0,69,True,-386.0,-386.0,-772.0
427,0,1039.1666666666667,203.0,66,True,-203.0,-203.0,-406.0
427,1,1046.1666666666667,386.0,69,True,-386.0,-386.0,-772.0
427,2,1031.0,203.0,66,True,-203.0,-203.0,-406.0
427,3,1052.0,386.0,69,True,-386.0,-386.0,-772.0
428,0,947.1666666666667,203.0,66,True,-203.0,-203.0,-406.0
428,1,1045.1666666666667,386.0,69,True,-386.0,-386.0,-772.0
428,2,1024.0,203.0,66,True,-203.0,-203.0,-406.0
428,3,1055.1666666666667,386.0,69,True,-386.0,-386.0,-772.0
429,0,989.1666666666667,203.0,66,True,-203.0,-203.0,-406.0
429,1,1071.1666666666667,386.0,69,True,-386.0,-386.0,-772.0
429,2,988.0,203.0,66,True,-203.0,-203.0,-406.0
429,3,958.1666666666667,203.0,66,True,-203.0,-203.0,-406.0
430,0,1024.0,203.0,66,True,-203.0,-203.0,-406.0
430,1,1049.0,386.0,69,True,-386.0,-386.0,-772.0
430,2,1064.1666666666667,386.0,69,True,-386.0,-386.0,-772.0
430,3,1046.1666666666667,203.0,66,True,-203.0,-203.0,-406.0
431,0,1061.1666666666667,386.0,69,True,-386.0,-386.0,-772.0
431,1,1044.1666666666667,203.0,66,True,-203.0,-203.0,-406.0
431,2,1053.1666666666667,203.0,66,True,-203.0,-203.0,-406.0
431,3,1025.1666666666667,203.0,66,True,-203.0,-203.0,-406.0
432,0,1031.0,203.0,66,True,-203.0,-203.0,-406.0
432,1,1054.1666666666667,386.0,69,True,-386.0,-386.0,-772.0
432,2,1049.0,386.0,69,True,-386.0,-386.0,-772.0
432,3,1062.1666666666667,386.0,69,True,-386.0,-386.0,-772.0
433,0,1056.1666666666667,386.0,69,True,-386.0,-386.0,-772.0
433,1,1056.1666666666667,386.0,69,True,-386.0,-386.0,-772.0
433,2,1040.1666666666667,203.0,66,True,-203.0,-203.0,-406.0
433,3,1076.0,386.0,69,True,-386.0,-386.0,-772.0
434,0,1049.0,386.0,69,True,-386.0,-386.0,-772.0
434,1,1066.0,386.0,69,True,-386.0,-386.0,-772.0
434,2,1061.0,386.0,69,True,-386.0,-386.0,-772.0
434,3,1057.1666666666667,386.0,69,True,-386.0,-386.0,-772.0
435,0,1049.0,386.0,69,True,-386.0,-386.0,-772.0
435,1,1072.1666666666667,386.0,69,True,-386.0,-386.0,-772.0
435,2,1049.0,386.0,69,True,-386.0,-386.0,-772.0
435,3,1066.0,386.0,69,True,-386.0,-386.0,-772.0
436,0,1067.0,386.0,69,True,-386.0,-386.0,-772.0
436,1,1060.0,386.0,69,True,-386.0,-386.0,-772.0
436,2,1075.1666666666667,386.0,69,True,-386.0,-386.0,-772.0
436,3,1049.0,386.0,69,True,-386.0,-386.0,-772.0
437,0,1058.1666666666667,386.0,69,True,-386.0,-386.0,-772.0
437,1,1024.0,203.0,66,True,-203.0,-203.0,-406.0
437,2,1048.1666666666667,386.0,69,True,-386.0,-386.0,-772.0
437,3,1031.1666666666667,203.0,66,True,-203.0,-203.0,-406.0
438,0,950.5,297.0,67,True,-297.0,-297.0,-594.0
438,1,1016.1666666666667,203.0,66,True,-203.0,-203.0,-406.0
438,2,1030.1666666666667,203.0,66,True,-203.0,-203.0,-406.0
438,3,1025.1666666666667,203.0,66,True,-203.0,-203.0,-406.0
439,0,1053.1666666666667,203.0,66,True,-203.0,-203.0,-406.0
439,1,1069.1666666666665,462.0,70,True,-462.0,-462.0,-924.0
439,2,1036.1666666666665,279.0,67,True,-279.0,-279.0,-558.0
439,3,1067.8333333333335,602.0,72,True,-602.0,-602.0,-1204.0
440,0,1031.0,203.0,66,True,-203.0,-203.0,-406.0
440,1,1133.0,635.0,72,True,-635.0,-635.0,-1270.0
440,2,938.0,203.0,66,True,-203.0,-203.0,-406.0
440,3,1082.1666666666665,279.0,67,True,-279.0,-279.0,-558.0
441,0,1027.1666666666667,203.0,66,True,-203.0,-203.0,-406.0
441,1,987.1666666666667,203.0,66,True,-203.0,-203.0,-406.0
441,2,1023.1666666666667,203.0,66,True,-203.0,-203.0,-406.0
441,3,945.0,203.0,66,True,-203.0,-203.0,-406.0
442,0,966.1666666666666,279.0,66,True,-279.0,-279.0,-558.0
442,1,988.0,203.0,66,True,-203.0,-203.0,-406.0
442,2,1023.1666666666667,203.0,66,True,-203.0,-203.0,-406.0
442,3,1039.1666666666667,203.0,66,True,-203.0,-203.0,-406.0
443,0,931.1666666666667,203.0,66,True,-203.0,-203.0,-406.0
443,1,951.1666666666667,203.0,66,True,-203.0,-203.0,-406.0
443,2,1007.1666666666667,203.0,66,True,-203.0,-203.0,-406.0
443,3,939.1666666666667,203.0,66,True,-203.0,-203.0,-406.0
444,0,979.1666666666667,203.0,66,True,-203.0,-203.0,-406.0
444,1,1012.1666666666667,203.0,66,True,-203.0,-203.0,-406.0
444,2,965.0,203.0,66,True,-203.0,-203.0,-406.0
444,3,1024.0,203.0,66,True,-203.0,-203.0,-406.0
445,0,972.0,203.0,66,True,-203.0,-203.0,-406.0
445,1,1090.0,559.0,71,True,-559.0,-559.0,-1118.0
445,2,975.1666666666667,279.0,66,True,-279.0,-279.0,-558.0
445,3,1005.1666666666667,203.0,66,True,-203.0,-203.0,-406.0
446,0,1084.1666666666665,495.0,70,True,-495.0,-495.0,-990.0
446,1,992.8333333333333,373.0,68,True,-373.0,-373.0,-746.0
446,2,987.8333333333334,373.0,68,True,-373.0,-373.0,-746.0
446,3,1043.1666666666667,419.0,69,True,-419.0,-419.0,-838.0
447,0,1131.1666666666665,495.0,70,True,-495.0,-495.0,-990.0
447,1,1111.1666666666665,495.0,70,True,-495.0,-495.0,-990.0
447,2,1119.1666666666665,495.0,70,True,-495.0,-495.0,-990.0
447,3,1112.1666666666665,495.0,70,True,-495.0,-495.0,-990.0
448,0,958.1666666666667,203.0,66,True,-203.0,-203.0,-406.0
448,1,972.0,203.0,66,True,-203.0,-203.0,-406.0
448,2,972.0,203.0,66,True,-203.0,-203.0,-406.0
448,3,1031.0,203.0,66,True,-203.0,-203.0,-406.0
449,0,1112.1666666666667,526.0,71,True,-526.0,-526.0,-1052.0
449,1,1079.1666666666667,450.0,70,True,-450.0,-450.0,-900.0
449,2,1112.0,526.0,71,True,-526.0,-526.0,-1052.0
449,3,1009.1666666666666,279.0,66,True,-279.0,-279.0,-558.0
450,0,965.0,203.0,66,True,-203.0,-203.0,-406.0
450,1,991.1666666666667,267.0,67,True,-267.0,-267.0,-534.0
450,2,1067.0,279.0,67,True,-279.0,-279.0,-558.0
450,3,988.0,203.0,66,True,-203.0,-203.0,-406.0
451,0,969.1666666666667,203.0,66,True,-203.0,-203.0,-406.0
451,1,981.1666666666666,279.0,66,True,-279.0,-279.0,-558.0
451,2,965.0,203.0,66,True,-203.0,-203.0,-406.0
451,3,1112.5,450.0,70,True,-450.0,-450.0,-900.0
452,0,956.1666666666667,203.0,66,True,-203.0,-203.0,-406.0
452,1,1031.0,203.0,66,True,-203.0,-203.0,-406.0
452,2,963.1666666666667,203.0,66,True,-203.0,-203.0,-406.0
452,3,958.1666666666667,203.0,66,True,-203.0,-203.0,-406.0
453,0,948.1666666666667,203.0,66,True,-203.0,-203.0,-406.0
453,1,937.1666666666667,203.0,66,True,-203.0,-203.0,-406.0
453,2,965.0,203.0,66,True,-203.0,-203.0,-406.0
453,3,972.0,203.0,66,True,-203.0,-203.0,-406.0
454,0,968.1666666666667,279.0,66,True,-279.0,-279.0,-558.0
454,1,980.1666666666667,203.0,66,True,-203.0,-203.0,-406.0
454,2,945.0,203.0,66,True,-203.0,-203.0,-406.0
454,3,945.1666666666667,203.0,66,True,-203.0,-203.0,-406.0
455,0,945.1666666666667,203.0,66,True,-203.0,-203.0,-406.0
455,1,972.0,203.0,66,True,-203.0,-203.0,-406.0
455,2,965.0,203.0,66,True,-203.0,-203.0,-406.0
455,3,944.1666666666667,203.0,66,True,-203.0,-203.0,-406.0
456,0,965.0,203.0,66,True,-203.0,-203.0,-406.0
456,1,924.1666666666667,203.0,66,True,-203.0,-203.0,-406.0
456,2,965.0,203.0,66,True,-203.0,-203.0,-406.0
456,3,961.1666666666667,203.0,66,True,-203.0,-203.0,-406.0
457,0,1099.0,450.0,70,True,-450.0,-450.0,-900.0
457,1,1087.0,450.0,70,True,-450.0,-450.0,-900.0
457,2,1071.1666666666667,391.0,69,True,-391.0,-391.0,-782.0
457,3,1085.5,450.0,70,True,-450.0,-450.0,-900.0
458,0,1096.0,450.0,70,True,-450.0,-450.0,-900.0
458,1,1098.0,450.0,70,True,-450.0,-450.0,-900.0
458,2,1104.1666666666667,450.0,70,True,-450.0,-450.0,-900.0
458,3,1104.0,450.0,70,True,-450.0,-450.0,-900.0
459,0,1086.5,450.0,70,True,-450.0,-450.0,-900.0
459,1,1086.0,450.0,70,True,-450.0,-450.0,-900.0
459,2,1096.1666666666667,450.0,70,True,-450.0,-450.0,-900.0
459,3,1098.5,450.0,70,True,-450.0,-450.0,-900.0
460,0,1146.3333333333333,450.0,70,True,-450.0,-450.0,-900.0
460,1,1106.0,450.0,70,True,-450.0,-450.0,-900.0
460,2,1093.0,450.0,70,True,-450.0,-450.0,-900.0
460,3,1088.0,450.0,70,True,-450.0,-450.0,-900.0
461,0,1108.1666666666667,450.0,70,True,-450.0,-450.0,-900.0
461,1,1074.8333333333335,450.0,70,True,-450.0,-450.0,-900.0
461,2,1116.5,450.0,70,True,-450.0,-450.0,-900.0
461,3,1108.0,450.0,70,True,-450.0,-450.0,-900.0
462,0,1102.0,450.0,70,True,-450.0,-450.0,-900.0
462,1,1103.5,450.0,70,True,-450.0,-450.0,-900.0
462,2,1093.1666666666667,450.0,70,True,-450.0,-450.0,-900.0
462,3,1114.0,450.0,70,True,-450.0,-450.0,-900.0
463,0,1109.0,450.0,70,True,-450.0,-450.0,-900.0
463,1,1083.0,450.0,70,True,-450.0,-450.0,-900.0
463,2,1114.0,450.0,70,True,-450.0,-450.0,-900.0
463,3,1119.0,450.0,70,True,-450.0,-450.0,-900.0
464,0,1094.0,450.0,70,True,-450.0,-450.0,-900.0
464,1,1102.0,450.0,70,True,-450.0,-450.0,-900.0
464,2,1092.1666666666667,450.0,70,True,-450.0,-450.0,-900.0
464,3,1086.0,450.0,70,True,-450.0,-450.0,-900.0
465,0,1089.0,450.0,70,True,-450.0,-450.0,-900.0
465,1,1106.0,450.0,70,True,-450.0,-450.0,-900.0
465,2,1049.5,450.0,70,True,-450.0,-450.0,-900.0
465,3,1112.5,514.0,71,True,-514.0,-514.0,-1028.0
466,0,1134.1666666666667,514.0,71,True,-514.0,-514.0,-1028.0
466,1,1124.0,450.0,70,True,-450.0,-450.0,-900.0
466,2,1114.0,450.0,70,True,-450.0,-450.0,-900.0
466,3,1111.0,450.0,70,True,-450.0,-450.0,-900.0
467,0,1085.0,450.0,70,True,-450.0,-450.0,-900.0
467,1,1085.5,450.0,70,True,-450.0,-450.0,-900.0
467,2,981.0,203.0,66,True,-203.0,-203.0,-406.0
467,3,1107.0,450.0,70,True,-450.0,-450.0,-900.0
468,0,972.0,203.0,66,True,-203.0,-203.0,-406.0
468,1,1024.0,203.0,66,True,-203.0,-203.0,-406.0
468,2,1095.0,450.0,70,True,-450.0,-450.0,-900.0
468,3,1121.1666666666667,450.0,70,True,-450.0,-450.0,-900.0
469,0,967.0,279.0,66,True,-279.0,-279.0,-558.0
469,1,902.0,157.0,65,True,-157.0,-157.0,-314.0
469,2,1088.0,450.0,70,True,-450.0,-450.0,-900.0
469,3,965.0,203.0,66,True,-203.0,-203.0,-406.0
470,0,1089.5,450.0,70,True,-450.0,-450.0,-900.0
470,1,972.0,203.0,66,True,-203.0,-203.0,-406.0
470,2,965.0,203.0,66,True,-203.0,-203.0,-406.0
470,3,1113.0,450.0,70,True,-450.0,-450.0,-900.0
471,0,956.1666666666667,203.0,66,True,-203.0,-203.0,-406.0
471,1,1041.1666666666667,203.0,66,True,-203.0,-203.0,-406.0
471,2,1087.5,450.0,70,True,-450.0,-450.0,-900.0
471,3,1029.1666666666667,203.0,66,True,-203.0,-203.0,-406.0
472,0,976.1666666666667,203.0,66,True,-203.0,-203.0,-406.0
472,1,930.8333333333333,222.0,66,True,-222.0,-222.0,-444.0
472,2,965.1666666666667,203.0,66,True,-203.0,-203.0,-406.0
472,3,947.1666666666667,203.0,66,True,-203.0,-203.0,-406.0
473,0,972.0,203.0,66,True,-203.0,-203.0,-406.0
473,1,1087.8333333333335,602.0,72,True,-602.0,-602.0,-1204.0
473,2,971.1666666666667,203.0,66,True,-203.0,-203.0,-406.0
473,3,932.8333333333334,297.0,67,True,-297.0,-297.0,-594.0
474,0,967.1666666666666,279.0,66,True,-279.0,-279.0,-558.0
474,1,945.0,203.0,66,True,-203.0,-203.0,-406.0
474,2,972.0,203.0,66,True,-203.0,-203.0,-406.0
474,3,1109.0,450.0,70,True,-450.0,-450.0,-900.0
475,0,965.0,203.0,66,True,-203.0,-203.0,-406.0
475,1,919.8333333333334,222.0,66,True,-222.0,-222.0,-444.0
475,2,1012.1666666666667,203.0,66,True,-203.0,-203.0,-406.0
475,3,972.0,203.0,66,True,-203.0,-203.0,-406.0
476,0,963.1666666666667,203.0,66,True,-203.0,-203.0,-406.0
476,1,958.0,203.0,66,True,-203.0,-203.0,-406.0
476,2,1249.1666666666667,1102.0,80,True,-1102.0,-1102.0,-2204.0
476,3,1001.8333333333334,386.0,69,True,-386.0,-386.0,-772.0
477,0,972.0,203.0,66,True,-203.0,-203.0,-406.0
477,1,972.0,203.0,66,True,-203.0,-203.0,-406.0
477,2,972.0,203.0,66,True,-203.0,-203.0,-406.0
477,3,968.1666666666667,203.0,66,True,-203.0,-203.0,-406.0
478,0,972.0,203.0,66,True,-203.0,-203.0,-406.0
478,1,971.1666666666667,203.0,66,True,-203.0,-203.0,-406.0
478,2,961.1666666666667,203.0,66,True,-203.0,-203.0,-406.0
478,3,948.1666666666667,203.0,66,True,-203.0,-203.0,-406.0
479,0,1055.5,450.0,70,True,-450.0,-450.0,-900.0
479,1,999.1666666666667,203.0,66,True,-203.0,-203.0,-406.0
479,2,972.0,203.0,66,True,-203.0,-203.0,-406.0
479,3,965.0,203.0,66,True,-203.0,-203.0,-406.0
480,0,1109.0,450.0,70,True,-450.0,-450.0,-900.0
480,1,1140.0,450.0,70,True,-450.0,-450.0,-900.0
480,2,959.1666666666667,203.0,66,True,-203.0,-203.0,-406.0
480,3,972.0,203.0,66,True,-203.0,-203.0,-406.0
481,0,965.0,203.0,66,True,-203.0,-203.0,-406.0
481,1,972.0,203.0,66,True,-203.0,-203.0,-406.0
481,2,972.0,203.0,66,True,-203.0,-203.0,-406.0
481,3,968.1666666666667,203.0,66,True,-203.0,-203.0,-406.0
482,0,972.0,203.0,66,True,-203.0,-203.0,-406.0
482,1,965.1666666666667,203.0,66,True,-203.0,-203.0,-406.0
482,2,964.1666666666667,203.0,66,True,-203.0,-203.0,-406.0
482,3,980.1666666666667,203.0,66,True,-203.0,-203.0,-406.0
483,0,964.1666666666667,203.0,66,True,-203.0,-203.0,-406.0
483,1,974.1666666666667,203.0,66,True,-203.0,-203.0,-406.0
483,2,972.0,203.0,66,True,-203.0,-203.0,-406.0
483,3,967.1666666666667,203.0,66,True,-203.0,-203.0,-406.0
484,0,972.0,203.0,66,True,-203.0,-203.0,-406.0
484,1,972.0,203.0,66,True,-203.0,-203.0,-406.0
484,2,972.0,203.0,66,True,-203.0,-203.0,-406.0
484,3,990.0000000000001,386.0,69,True,-386.0,-386.0,-772.0
485,0,1013.8333333333334,482.0,70,True,-482.0,-482.0,-964.0
485,1,972.0,203.0,66,True,-203.0,-203.0,-406.0
485,2,971.1666666666667,203.0,66,True,-203.0,-203.0,-406.0
485,3,947.8333333333334,266.0,67,True,-266.0,-266.0,-532.0
486,0,972.0,203.0,66,True,-203.0,-203.0,-406.0
486,1,972.0,203.0,66,True,-203.0,-203.0,-406.0
486,2,972.0,203.0,66,True,-203.0,-203.0,-406.0
486,3,972.0,203.0,66,True,-203.0,-203.0,-406.0
487,0,972.0,203.0,66,True,-203.0,-203.0,-406.0
487,1,972.0,203.0,66,True,-203.0,-203.0,-406.0
487,2,968.1666666666667,203.0,66,True,-203.0,-203.0,-406.0
487,3,972.0,203.0,66,True,-203.0,-203.0,-406.0
488,0,972.0,203.0,66,True,-203.0,-203.0,-406.0
488,1,972.0,203.0,66,True,-203.0,-203.0,-406.0
488,2,972.0,203.0,66,True,-203.0,-203.0,-406.0
488,3,972.0,203.0,66,True,-203.0,-203.0,-406.0
489,0,969.1666666666667,203.0,66,True,-203.0,-203.0,-406.0
489,1,972.0,203.0,66,True,-203.0,-203.0,-406.0
489,2,971.1666666666667,203.0,66,True,-203.0,-203.0,-406.0
489,3,972.0,203.0,66,True,-203.0,-203.0,-406.0
490,0,930.8333333333334,266.0,67,True,-266.0,-266.0,-532.0
490,1,972.0,203.0,66,True,-203.0,-203.0,-406.0
490,2,966.1666666666667,203.0,66,True,-203.0,-203.0,-406.0
490,3,972.0,203.0,66,True,-203.0,-203.0,-406.0
491,0,961.1666666666667,203.0,66,True,-203.0,-203.0,-406.0
491,1,972.0,203.0,66,True,-203.0,-203.0,-406.0
491,2,972.0,203.0,66,True,-203.0,-203.0,-406.0
491,3,974.1666666666667,203.0,66,True,-203.0,-203.0,-406.0
492,0,972.0,203.0,66,True,-203.0,-203.0,-406.0
492,1,965.1666666666667,203.0,66,True,-203.0,-203.0,-406.0
492,2,972.0,203.0,66,True,-203.0,-203.0,-406.0
492,3,972.0,203.0,66,True,-203.0,-203.0,-406.0
493,0,972.0,203.0,66,True,-203.0,-203.0,-406.0
493,1,994.1666666666667,419.0,69,True,-419.0,-419.0,-838.0
493,2,972.0,203.0,66,True,-203.0,-203.0,-406.0
493,3,974.5,419.0,69,True,-419.0,-419.0,-838.0
494,0,997.8333333333333,438.0,69,True,-438.0,-438.0,-876.0
494,1,1007.8333333333333,438.0,69,True,-438.0,-438.0,-876.0
494,2,976.5,373.0,68,True,-373.0,-373.0,-746.0
494,3,1023.8333333333333,438.0,69,True,-438.0,-438.0,-876.0
495,0,987.5,419.0,69,True,-419.0,-419.0,-838.0
495,1,1018.8333333333333,373.0,68,True,-373.0,-373.0,-746.0
495,2,979.8333333333334,373.0,68,True,-373.0,-373.0,-746.0
495,3,990.8333333333333,438.0,69,True,-438.0,-438.0,-876.0
496,0,992.8333333333333,373.0,68,True,-373.0,-373.0,-746.0
496,1,976.5,434.0,69,True,-434.0,-434.0,-868.0
496,2,993.8333333333334,373.0,68,True,-373.0,-373.0,-746.0
496,3,1009.0000000000001,482.0,70,True,-482.0,-482.0,-964.0
497,0,972.0,203.0,66,True,-203.0,-203.0,-406.0
497,1,972.0,203.0,66,True,-203.0,-203.0,-406.0
497,2,972.0,203.0,66,True,-203.0,-203.0,-406.0
497,3,972.0,203.0,66,True,-203.0,-203.0,-406.0
498,0,1060.1666666666667,450.0,70,True,-450.0,-450.0,-900.0
498,1,960.1666666666667,203.0,66,True,-203.0,-203.0,-406.0
498,2,973.1666666666667,203.0,66,True,-203.0,-203.0,-406.0
498,3,999.1666666666667,267.0,67,True,-267.0,-267.0,-534.0
499,0,1057.5,450.0,70,True,-450.0,-450.0,-900.0
499,1,972.0,203.0,66,True,-203.0,-203.0,-406.0
499,2,1111.0,450.0,70,True,-450.0,-450.0,-900.0
499,3,1072.1666666666667,450.0,70,True,-450.0,-450.0,-900.0
500,0,1075.0,450.0,70,True,-450.0,-450.0,-900.0
500,1,1087.5,450.0,70,True,-450.0,-450.0,-900.0
500,2,972.0,203.0,66,True,-203.0,-203.0,-406.0
500,3,972.0,203.0,66,True,-203.0,-203.0,-406.0
