global_episode,worker_id,makespan,cost,steps,done,upper_reward_sum,lower_reward_sum,total_reward_sum
1,0,2242.8333333333335,1230.0,76,True,-2242.8333333333335,-2242.8333333333335,-4485.666666666667
1,1,2525.3333333333335,1425.0,76,True,-2525.3333333333335,-2525.3333333333335,-5050.666666666667
1,2,1486.0,759.0,67,True,-1486.0,-1486.0,-2972.0
1,3,2043.3333333333333,950.0,70,True,-2043.3333333333333,-2043.3333333333333,-4086.6666666666665
2,0,2247.6666666666665,1148.0,75,True,-2247.6666666666665,-2247.6666666666665,-4495.333333333333
2,1,1724.9999999999998,897.0,72,True,-1724.9999999999998,-1724.9999999999998,-3449.9999999999995
2,2,1722.6666666666667,806.0,70,True,-1722.6666666666667,-1722.6666666666667,-3445.3333333333335
2,3,1923.8333333333333,991.0,70,True,-1923.8333333333333,-1923.8333333333333,-3847.6666666666665
3,0,2073.5,1177.0,75,True,-2073.5,-2073.5,-4147.0
3,1,1921.1666666666667,943.0,73,True,-1921.1666666666667,-1921.1666666666667,-3842.3333333333335
3,2,2077.833333333333,1044.0,73,True,-2077.833333333333,-2077.833333333333,-4155.666666666666
3,3,2277.8333333333335,1272.0,76,True,-2277.8333333333335,-2277.8333333333335,-4555.666666666667
4,0,2291.3333333333335,1178.0,73,True,-2291.3333333333335,-2291.3333333333335,-4582.666666666667
4,1,2218.3333333333335,1148.0,71,True,-2218.3333333333335,-2218.3333333333335,-4436.666666666667
4,2,2061.833333333333,1050.0,71,True,-2061.833333333333,-2061.833333333333,-4123.666666666666
4,3,2174.5,1194.0,76,True,-2174.5,-2174.5,-4349.0
5,0,1986.8333333333335,1054.0,74,True,-1986.8333333333335,-1986.8333333333335,-3973.666666666667
5,1,1799.8333333333335,1078.0,73,True,-1799.8333333333335,-1799.8333333333335,-3599.666666666667
5,2,2107.166666666667,1136.0,74,True,-2107.166666666667,-2107.166666666667,-4214.333333333334
5,3,1914.5,1075.0,73,True,-1914.5,-1914.5,-3829.0
6,0,1833.6666666666667,1037.0,75,True,-1833.6666666666667,-1833.6666666666667,-3667.3333333333335
6,1,2316.0,1317.0,76,True,-2316.0,-2316.0,-4632.0
6,2,2225.333333333333,1094.0,72,True,-2225.333333333333,-2225.333333333333,-4450.666666666666
6,3,1857.0,991.0,70,True,-1857.0,-1857.0,-3714.0
7,0,2053.0,1213.0,75,True,-2053.0,-2053.0,-4106.0
7,1,2355.5,1500.0,78,True,-2355.5,-2355.5,-4711.0
7,2,2408.666666666667,1185.0,73,True,-2408.666666666667,-2408.666666666667,-4817.333333333334
7,3,2198.5,1054.0,71,True,-2198.5,-2198.5,-4397.0
8,0,2045.6666666666665,950.0,72,True,-2045.6666666666665,-2045.6666666666665,-4091.333333333333
8,1,2353.5,1413.0,77,True,-2353.5,-2353.5,-4707.0
8,2,1729.3333333333333,845.0,71,True,-1729.3333333333333,-1729.3333333333333,-3458.6666666666665
8,3,1995.6666666666667,992.0,72,True,-1995.6666666666667,-1995.6666666666667,-3991.3333333333335
9,0,2007.3333333333333,1005.0,73,True,-2007.3333333333333,-2007.3333333333333,-4014.6666666666665
9,1,2184.166666666667,1086.0,72,True,-2184.166666666667,-2184.166666666667,-4368.333333333334
9,2,2126.166666666667,1048.0,72,True,-2126.166666666667,-2126.166666666667,-4252.333333333334
9,3,1915.8333333333333,907.0,72,True,-1915.8333333333333,-1915.8333333333333,-3831.6666666666665
10,0,1650.8333333333335,705.0,66,True,-1650.8333333333335,-1650.8333333333335,-3301.666666666667
10,1,1729.1666666666665,891.0,72,True,-1729.1666666666665,-1729.1666666666665,-3458.333333333333
10,2,1930.1666666666667,949.0,71,True,-1930.1666666666667,-1930.1666666666667,-3860.3333333333335
10,3,1978.5000000000002,1177.0,73,True,-1978.5000000000002,-1978.5000000000002,-3957.0000000000005
11,0,1966.8333333333333,1076.0,74,True,-1966.8333333333333,-1966.8333333333333,-3933.6666666666665
11,1,1605.1666666666665,714.0,68,True,-1605.1666666666665,-1605.1666666666665,-3210.333333333333
11,2,2137.333333333333,1138.0,72,True,-2137.333333333333,-2137.333333333333,-4274.666666666666
11,3,2158.5,1235.0,75,True,-2158.5,-2158.5,-4317.0
12,0,1699.1666666666665,799.0,69,True,-1699.1666666666665,-1699.1666666666665,-3398.333333333333
12,1,2016.5,948.0,71,True,-2016.5,-2016.5,-4033.0
12,2,1885.3333333333333,1092.0,74,True,-1885.3333333333333,-1885.3333333333333,-3770.6666666666665
12,3,1803.3333333333333,858.0,71,True,-1803.3333333333333,-1803.3333333333333,-3606.6666666666665
13,0,1997.6666666666665,1099.0,76,True,-1997.6666666666665,-1997.6666666666665,-3995.333333333333
13,1,2151.0,963.0,72,True,-2151.0,-2151.0,-4302.0
13,2,2189.1666666666665,1233.0,76,True,-2189.1666666666665,-2189.1666666666665,-4378.333333333333
13,3,1805.5,761.0,71,True,-1805.5,-1805.5,-3611.0
14,0,2162.1666666666665,1089.0,74,True,-2162.1666666666665,-2162.1666666666665,-4324.333333333333
14,1,2009.5,1100.0,76,True,-2009.5,-2009.5,-4019.0
14,2,1828.3333333333335,1030.0,73,True,-1828.3333333333335,-1828.3333333333335,-3656.666666666667
14,3,2030.1666666666667,842.0,71,True,-2030.1666666666667,-2030.1666666666667,-4060.3333333333335
15,0,1817.3333333333335,842.0,69,True,-1817.3333333333335,-1817.3333333333335,-3634.666666666667
15,1,1998.5,1139.0,77,True,-1998.5,-1998.5,-3997.0
15,2,2094.5,998.0,73,True,-2094.5,-2094.5,-4189.0
15,3,1973.0,810.0,69,True,-1973.0,-1973.0,-3946.0
16,0,1826.8333333333333,984.0,72,True,-1826.8333333333333,-1826.8333333333333,-3653.6666666666665
16,1,1925.8333333333333,1127.0,73,True,-1925.8333333333333,-1925.8333333333333,-3851.6666666666665
16,2,1820.6666666666665,848.0,71,True,-1820.6666666666665,-1820.6666666666665,-3641.333333333333
16,3,1837.3333333333335,845.0,71,True,-1837.3333333333335,-1837.3333333333335,-3674.666666666667
17,0,2250.666666666667,1417.0,76,True,-2250.666666666667,-2250.666666666667,-4501.333333333334
17,1,1810.8333333333335,997.0,72,True,-1810.8333333333335,-1810.8333333333335,-3621.666666666667
17,2,2132.0,1041.0,73,True,-2132.0,-2132.0,-4264.0
17,3,2137.166666666667,1229.0,74,True,-2137.166666666667,-2137.166666666667,-4274.333333333334
18,0,1598.6666666666665,841.0,69,True,-1598.6666666666665,-1598.6666666666665,-3197.333333333333
18,1,1859.0,1071.0,73,True,-1859.0,-1859.0,-3718.0
18,2,1775.3333333333333,1036.0,72,True,-1775.3333333333333,-1775.3333333333333,-3550.6666666666665
18,3,1813.6666666666667,939.0,72,True,-1813.6666666666667,-1813.6666666666667,-3627.3333333333335
19,0,2050.5,956.0,73,True,-2050.5,-2050.5,-4101.0
19,1,1998.1666666666665,1001.0,71,True,-1998.1666666666665,-1998.1666666666665,-3996.333333333333
19,2,1898.8333333333335,901.0,70,True,-1898.8333333333335,-1898.8333333333335,-3797.666666666667
19,3,1767.6666666666667,959.0,74,True,-1767.6666666666667,-1767.6666666666667,-3535.3333333333335
20,0,1831.1666666666667,891.0,72,True,-1831.1666666666667,-1831.1666666666667,-3662.3333333333335
20,1,1886.8333333333333,1086.0,74,True,-1886.8333333333333,-1886.8333333333333,-3773.6666666666665
20,2,1537.0,843.0,68,True,-1537.0,-1537.0,-3074.0
20,3,1292.6666666666665,466.0,64,True,-1292.6666666666665,-1292.6666666666665,-2585.333333333333
21,0,2007.1666666666665,1037.0,72,True,-2007.1666666666665,-2007.1666666666665,-4014.333333333333
21,1,1707.4999999999998,993.0,72,True,-1707.4999999999998,-1707.4999999999998,-3414.9999999999995
21,2,1797.1666666666667,851.0,71,True,-1797.1666666666667,-1797.1666666666667,-3594.3333333333335
21,3,1881.1666666666667,852.0,70,True,-1881.1666666666667,-1881.1666666666667,-3762.3333333333335
22,0,1608.1666666666665,840.0,70,True,-1608.1666666666665,-1608.1666666666665,-3216.333333333333
22,1,1712.5,760.0,70,True,-1712.5,-1712.5,-3425.0
22,2,1303.5,333.0,62,True,-1303.5,-1303.5,-2607.0
22,3,2001.3333333333333,1089.0,74,True,-2001.3333333333333,-2001.3333333333333,-4002.6666666666665
23,0,1933.8333333333335,990.0,69,True,-1933.8333333333335,-1933.8333333333335,-3867.666666666667
23,1,1821.5,777.0,68,True,-1821.5,-1821.5,-3643.0
23,2,1461.6666666666665,701.0,68,True,-1461.6666666666665,-1461.6666666666665,-2923.333333333333
23,3,1742.6666666666665,805.0,69,True,-1742.6666666666665,-1742.6666666666665,-3485.333333333333
24,0,1268.5,560.0,64,True,-1268.5,-1268.5,-2537.0
24,1,1569.5,762.0,67,True,-1569.5,-1569.5,-3139.0
24,2,1813.3333333333333,857.0,68,True,-1813.3333333333333,-1813.3333333333333,-3626.6666666666665
24,3,1344.0,414.0,62,True,-1344.0,-1344.0,-2688.0
25,0,1339.8333333333335,609.0,65,True,-1339.8333333333335,-1339.8333333333335,-2679.666666666667
25,1,1550.1666666666665,760.0,69,True,-1550.1666666666665,-1550.1666666666665,-3100.333333333333
25,2,1453.0,616.0,67,True,-1453.0,-1453.0,-2906.0
25,3,1336.5,375.0,61,True,-1336.5,-1336.5,-2673.0
26,0,1430.3333333333335,389.0,63,True,-1430.3333333333335,-1430.3333333333335,-2860.666666666667
26,1,1234.5,515.0,65,True,-1234.5,-1234.5,-2469.0
26,2,1160.0,287.0,60,True,-1160.0,-1160.0,-2320.0
26,3,1587.0,853.0,70,True,-1587.0,-1587.0,-3174.0
27,0,1286.8333333333335,288.0,62,True,-1286.8333333333335,-1286.8333333333335,-2573.666666666667
27,1,1134.0,287.0,60,True,-1134.0,-1134.0,-2268.0
27,2,1160.0,375.0,62,True,-1160.0,-1160.0,-2320.0
27,3,1510.5,564.0,65,True,-1510.5,-1510.5,-3021.0
28,0,1268.0,466.0,64,True,-1268.0,-1268.0,-2536.0
28,1,1172.3333333333335,323.0,62,True,-1172.3333333333335,-1172.3333333333335,-2344.666666666667
28,2,1165.3333333333335,235.0,60,True,-1165.3333333333335,-1165.3333333333335,-2330.666666666667
28,3,1258.0,329.0,62,True,-1258.0,-1258.0,-2516.0
29,0,1195.5,414.0,64,True,-1195.5,-1195.5,-2391.0
29,1,1277.0,333.0,62,True,-1277.0,-1277.0,-2554.0
29,2,1214.3333333333335,365.0,63,True,-1214.3333333333335,-1214.3333333333335,-2428.666666666667
29,3,1117.0,193.0,60,True,-1117.0,-1117.0,-2234.0
30,0,1060.3333333333335,144.0,58,True,-1060.3333333333335,-1060.3333333333335,-2120.666666666667
30,1,1079.3333333333335,144.0,59,True,-1079.3333333333335,-1079.3333333333335,-2158.666666666667
30,2,1152.3333333333335,144.0,58,True,-1152.3333333333335,-1152.3333333333335,-2304.666666666667
30,3,1008.0,102.0,58,True,-1008.0,-1008.0,-2016.0
31,0,1022.0,151.0,59,True,-1022.0,-1022.0,-2044.0
31,1,1057.0,151.0,59,True,-1057.0,-1057.0,-2114.0
31,2,1088.3333333333335,144.0,59,True,-1088.3333333333335,-1088.3333333333335,-2176.666666666667
31,3,1153.3333333333335,190.0,60,True,-1153.3333333333335,-1153.3333333333335,-2306.666666666667
32,0,978.3333333333334,102.0,58,True,-978.3333333333334,-978.3333333333334,-1956.6666666666667
32,1,1188.8333333333335,200.0,60,True,-1188.8333333333335,-1188.8333333333335,-2377.666666666667
32,2,1132.0,151.0,59,True,-1132.0,-1132.0,-2264.0
32,3,1135.0,193.0,60,True,-1135.0,-1135.0,-2270.0
33,0,1051.0,151.0,59,True,-1051.0,-1051.0,-2102.0
33,1,1061.0,151.0,59,True,-1061.0,-1061.0,-2122.0
33,2,1001.3333333333334,102.0,58,True,-1001.3333333333334,-1001.3333333333334,-2002.6666666666667
33,3,1041.0,151.0,59,True,-1041.0,-1041.0,-2082.0
34,0,1071.5,239.0,61,True,-1071.5,-1071.5,-2143.0
34,1,1085.3333333333335,102.0,58,True,-1085.3333333333335,-1085.3333333333335,-2170.666666666667
34,2,1074.0,151.0,59,True,-1074.0,-1074.0,-2148.0
34,3,1080.3333333333335,102.0,58,True,-1080.3333333333335,-1080.3333333333335,-2160.666666666667
35,0,1090.0,102.0,58,True,-1090.0,-1090.0,-2180.0
35,1,1103.0,151.0,59,True,-1103.0,-1103.0,-2206.0
35,2,1264.3333333333333,340.0,62,True,-1264.3333333333333,-1264.3333333333333,-2528.6666666666665
35,3,1004.3333333333334,102.0,58,True,-1004.3333333333334,-1004.3333333333334,-2008.6666666666667
36,0,1017.0,151.0,59,True,-1017.0,-1017.0,-2034.0
36,1,1154.0,151.0,59,True,-1154.0,-1154.0,-2308.0
36,2,1046.3333333333335,102.0,58,True,-1046.3333333333335,-1046.3333333333335,-2092.666666666667
36,3,1057.0,151.0,59,True,-1057.0,-1057.0,-2114.0
37,0,1060.3333333333335,102.0,58,True,-1060.3333333333335,-1060.3333333333335,-2120.666666666667
37,1,987.3333333333334,102.0,58,True,-987.3333333333334,-987.3333333333334,-1974.6666666666667
37,2,1010.0,151.0,59,True,-1010.0,-1010.0,-2020.0
37,3,1008.0,151.0,59,True,-1008.0,-1008.0,-2016.0
38,0,1017.0,102.0,58,True,-1017.0,-1017.0,-2034.0
38,1,1105.3333333333335,102.0,58,True,-1105.3333333333335,-1105.3333333333335,-2210.666666666667
38,2,1156.3333333333335,102.0,58,True,-1156.3333333333335,-1156.3333333333335,-2312.666666666667
38,3,1126.0,151.0,59,True,-1126.0,-1126.0,-2252.0
39,0,1043.3333333333335,102.0,58,True,-1043.3333333333335,-1043.3333333333335,-2086.666666666667
39,1,1004.3333333333334,102.0,58,True,-1004.3333333333334,-1004.3333333333334,-2008.6666666666667
39,2,1117.0,151.0,59,True,-1117.0,-1117.0,-2234.0
39,3,1060.0,151.0,59,True,-1060.0,-1060.0,-2120.0
40,0,962.3333333333334,102.0,58,True,-962.3333333333334,-962.3333333333334,-1924.6666666666667
40,1,1080.3333333333335,102.0,58,True,-1080.3333333333335,-1080.3333333333335,-2160.666666666667
40,2,1078.0,151.0,59,True,-1078.0,-1078.0,-2156.0
40,3,1017.0,102.0,58,True,-1017.0,-1017.0,-2034.0
41,0,1029.3333333333335,102.0,58,True,-1029.3333333333335,-1029.3333333333335,-2058.666666666667
41,1,1080.3333333333335,102.0,58,True,-1080.3333333333335,-1080.3333333333335,-2160.666666666667
41,2,979.3333333333334,102.0,58,True,-979.3333333333334,-979.3333333333334,-1958.6666666666667
41,3,1127.3333333333335,102.0,58,True,-1127.3333333333335,-1127.3333333333335,-2254.666666666667
42,0,1012.3333333333334,102.0,58,True,-1012.3333333333334,-1012.3333333333334,-2024.6666666666667
42,1,1077.3333333333335,102.0,58,True,-1077.3333333333335,-1077.3333333333335,-2154.666666666667
42,2,1071.3333333333335,102.0,58,True,-1071.3333333333335,-1071.3333333333335,-2142.666666666667
42,3,1012.3333333333334,102.0,58,True,-1012.3333333333334,-1012.3333333333334,-2024.6666666666667
43,0,1136.0,193.0,59,True,-1136.0,-1136.0,-2272.0
43,1,1088.8333333333333,200.0,60,True,-1088.8333333333333,-1088.8333333333333,-2177.6666666666665
43,2,1088.3333333333335,144.0,58,True,-1088.3333333333335,-1088.3333333333335,-2176.666666666667
43,3,1128.3333333333335,190.0,60,True,-1128.3333333333335,-1128.3333333333335,-2256.666666666667
44,0,1079.3333333333335,102.0,58,True,-1079.3333333333335,-1079.3333333333335,-2158.666666666667
44,1,1174.8333333333333,148.0,58,True,-1174.8333333333333,-1174.8333333333333,-2349.6666666666665
44,2,1287.3333333333333,298.0,61,True,-1287.3333333333333,-1287.3333333333333,-2574.6666666666665
44,3,1130.3333333333335,323.0,62,True,-1130.3333333333335,-1130.3333333333335,-2260.666666666667
45,0,1247.8333333333335,333.0,62,True,-1247.8333333333335,-1247.8333333333335,-2495.666666666667
45,1,1034.0,235.0,60,True,-1034.0,-1034.0,-2068.0
45,2,1344.0,483.0,64,True,-1344.0,-1344.0,-2688.0
45,3,1196.0,193.0,58,True,-1196.0,-1196.0,-2392.0
46,0,1096.5,239.0,61,True,-1096.5,-1096.5,-2193.0
46,1,1130.3333333333335,190.0,60,True,-1130.3333333333335,-1130.3333333333335,-2260.666666666667
46,2,1327.5,343.0,61,True,-1327.5,-1327.5,-2655.0
46,3,1037.3333333333335,102.0,58,True,-1037.3333333333335,-1037.3333333333335,-2074.666666666667
47,0,1080.3333333333335,102.0,58,True,-1080.3333333333335,-1080.3333333333335,-2160.666666666667
47,1,1283.8333333333335,200.0,60,True,-1283.8333333333335,-1283.8333333333335,-2567.666666666667
47,2,1088.3333333333335,144.0,59,True,-1088.3333333333335,-1088.3333333333335,-2176.666666666667
47,3,1063.3333333333335,102.0,58,True,-1063.3333333333335,-1063.3333333333335,-2126.666666666667
48,0,1138.0,151.0,59,True,-1138.0,-1138.0,-2276.0
48,1,1043.3333333333335,102.0,58,True,-1043.3333333333335,-1043.3333333333335,-2086.666666666667
48,2,996.3333333333334,102.0,58,True,-996.3333333333334,-996.3333333333334,-1992.6666666666667
48,3,1051.0,151.0,59,True,-1051.0,-1051.0,-2102.0
49,0,979.3333333333334,102.0,58,True,-979.3333333333334,-979.3333333333334,-1958.6666666666667
49,1,1063.3333333333335,102.0,58,True,-1063.3333333333335,-1063.3333333333335,-2126.666666666667
49,2,1029.3333333333335,102.0,58,True,-1029.3333333333335,-1029.3333333333335,-2058.666666666667
49,3,1079.3333333333335,102.0,58,True,-1079.3333333333335,-1079.3333333333335,-2158.666666666667
50,0,1001.0,102.0,58,True,-1001.0,-1001.0,-2002.0
50,1,1088.3333333333335,102.0,58,True,-1088.3333333333335,-1088.3333333333335,-2176.666666666667
50,2,1012.3333333333334,102.0,58,True,-1012.3333333333334,-1012.3333333333334,-2024.6666666666667
50,3,1029.3333333333335,102.0,58,True,-1029.3333333333335,-1029.3333333333335,-2058.666666666667
51,0,1021.3333333333334,102.0,58,True,-1021.3333333333334,-1021.3333333333334,-2042.6666666666667
51,1,1080.3333333333335,102.0,58,True,-1080.3333333333335,-1080.3333333333335,-2160.666666666667
51,2,1055.3333333333335,102.0,58,True,-1055.3333333333335,-1055.3333333333335,-2110.666666666667
51,3,1227.0,245.0,60,True,-1227.0,-1227.0,-2454.0
52,0,1063.3333333333335,102.0,58,True,-1063.3333333333335,-1063.3333333333335,-2126.666666666667
52,1,1054.3333333333335,102.0,58,True,-1054.3333333333335,-1054.3333333333335,-2108.666666666667
52,2,1119.3333333333335,102.0,58,True,-1119.3333333333335,-1119.3333333333335,-2238.666666666667
52,3,1086.5,239.0,61,True,-1086.5,-1086.5,-2173.0
53,0,1053.0,193.0,59,True,-1053.0,-1053.0,-2106.0
53,1,952.0,102.0,58,True,-952.0,-952.0,-1904.0
53,2,1046.3333333333335,102.0,58,True,-1046.3333333333335,-1046.3333333333335,-2092.666666666667
53,3,1102.3333333333335,102.0,58,True,-1102.3333333333335,-1102.3333333333335,-2204.666666666667
54,0,1029.3333333333335,102.0,58,True,-1029.3333333333335,-1029.3333333333335,-2058.666666666667
54,1,1073.0,151.0,59,True,-1073.0,-1073.0,-2146.0
54,2,1079.3333333333335,102.0,58,True,-1079.3333333333335,-1079.3333333333335,-2158.666666666667
54,3,1049.0,151.0,59,True,-1049.0,-1049.0,-2098.0
55,0,1110.3333333333335,102.0,58,True,-1110.3333333333335,-1110.3333333333335,-2220.666666666667
55,1,975.0,102.0,58,True,-975.0,-975.0,-1950.0
55,2,995.3333333333334,102.0,58,True,-995.3333333333334,-995.3333333333334,-1990.6666666666667
55,3,1138.8333333333335,200.0,60,True,-1138.8333333333335,-1138.8333333333335,-2277.666666666667
56,0,1077.3333333333335,102.0,58,True,-1077.3333333333335,-1077.3333333333335,-2154.666666666667
56,1,995.3333333333334,102.0,58,True,-995.3333333333334,-995.3333333333334,-1990.6666666666667
56,2,970.3333333333334,102.0,58,True,-970.3333333333334,-970.3333333333334,-1940.6666666666667
56,3,1037.3333333333335,102.0,58,True,-1037.3333333333335,-1037.3333333333335,-2074.666666666667
57,0,1161.3333333333335,102.0,58,True,-1161.3333333333335,-1161.3333333333335,-2322.666666666667
57,1,1118.0,193.0,59,True,-1118.0,-1118.0,-2236.0
57,2,1144.3333333333335,102.0,58,True,-1144.3333333333335,-1144.3333333333335,-2288.666666666667
57,3,1066.0,151.0,59,True,-1066.0,-1066.0,-2132.0
58,0,1212.3333333333335,102.0,58,True,-1212.3333333333335,-1212.3333333333335,-2424.666666666667
58,1,1095.0,151.0,59,True,-1095.0,-1095.0,-2190.0
58,2,994.0,151.0,59,True,-994.0,-994.0,-1988.0
58,3,1012.3333333333334,102.0,58,True,-1012.3333333333334,-1012.3333333333334,-2024.6666666666667
59,0,1001.0,151.0,59,True,-1001.0,-1001.0,-2002.0
59,1,1067.0,151.0,59,True,-1067.0,-1067.0,-2134.0
59,2,1029.3333333333335,102.0,58,True,-1029.3333333333335,-1029.3333333333335,-2058.666666666667
59,3,1012.3333333333334,102.0,58,True,-1012.3333333333334,-1012.3333333333334,-2024.6666666666667
60,0,1010.0,102.0,58,True,-1010.0,-1010.0,-2020.0
60,1,1026.3333333333335,102.0,58,True,-1026.3333333333335,-1026.3333333333335,-2052.666666666667
60,2,987.3333333333334,102.0,58,True,-987.3333333333334,-987.3333333333334,-1974.6666666666667
60,3,1099.0,151.0,59,True,-1099.0,-1099.0,-2198.0
61,0,1050.0,151.0,59,True,-1050.0,-1050.0,-2100.0
61,1,1112.0,193.0,59,True,-1112.0,-1112.0,-2224.0
61,2,1038.3333333333335,102.0,58,True,-1038.3333333333335,-1038.3333333333335,-2076.666666666667
61,3,1069.0,151.0,59,True,-1069.0,-1069.0,-2138.0
62,0,1111.3333333333335,102.0,58,True,-1111.3333333333335,-1111.3333333333335,-2222.666666666667
62,1,1070.0,151.0,59,True,-1070.0,-1070.0,-2140.0
62,2,1015.0,151.0,59,True,-1015.0,-1015.0,-2030.0
62,3,1161.3333333333335,102.0,58,True,-1161.3333333333335,-1161.3333333333335,-2322.666666666667
63,0,1083.0,151.0,59,True,-1083.0,-1083.0,-2166.0
63,1,1080.0,151.0,59,True,-1080.0,-1080.0,-2160.0
63,2,1038.0,151.0,59,True,-1038.0,-1038.0,-2076.0
63,3,1074.0,151.0,59,True,-1074.0,-1074.0,-2148.0
64,0,1083.0,151.0,59,True,-1083.0,-1083.0,-2166.0
64,1,1050.0,102.0,58,True,-1050.0,-1050.0,-2100.0
64,2,1116.0,151.0,59,True,-1116.0,-1116.0,-2232.0
64,3,1001.0,102.0,58,True,-1001.0,-1001.0,-2002.0
65,0,1050.0,151.0,59,True,-1050.0,-1050.0,-2100.0
65,1,1063.0,151.0,59,True,-1063.0,-1063.0,-2126.0
65,2,1012.3333333333334,102.0,58,True,-1012.3333333333334,-1012.3333333333334,-2024.6666666666667
65,3,1057.0,102.0,58,True,-1057.0,-1057.0,-2114.0
66,0,1119.0,151.0,59,True,-1119.0,-1119.0,-2238.0
66,1,1066.0,151.0,59,True,-1066.0,-1066.0,-2132.0
66,2,1104.0,151.0,59,True,-1104.0,-1104.0,-2208.0
66,3,1088.0,151.0,59,True,-1088.0,-1088.0,-2176.0
67,0,1088.3333333333335,102.0,58,True,-1088.3333333333335,-1088.3333333333335,-2176.666666666667
67,1,1049.0,151.0,59,True,-1049.0,-1049.0,-2098.0
67,2,1050.0,151.0,59,True,-1050.0,-1050.0,-2100.0
67,3,1064.0,151.0,59,True,-1064.0,-1064.0,-2128.0
68,0,1020.0,151.0,59,True,-1020.0,-1020.0,-2040.0
68,1,1062.0,151.0,59,True,-1062.0,-1062.0,-2124.0
68,2,1062.0,151.0,59,True,-1062.0,-1062.0,-2124.0
68,3,1034.0,102.0,58,True,-1034.0,-1034.0,-2068.0
69,0,1020.3333333333334,102.0,58,True,-1020.3333333333334,-1020.3333333333334,-2040.6666666666667
69,1,1066.0,144.0,58,True,-1066.0,-1066.0,-2132.0
69,2,1146.0,151.0,59,True,-1146.0,-1146.0,-2292.0
69,3,1050.0,102.0,58,True,-1050.0,-1050.0,-2100.0
70,0,1095.0,151.0,59,True,-1095.0,-1095.0,-2190.0
70,1,1104.0,151.0,59,True,-1104.0,-1104.0,-2208.0
70,2,1105.0,151.0,59,True,-1105.0,-1105.0,-2210.0
70,3,1054.0,151.0,59,True,-1054.0,-1054.0,-2108.0
71,0,1051.0,151.0,59,True,-1051.0,-1051.0,-2102.0
71,1,979.3333333333334,102.0,58,True,-979.3333333333334,-979.3333333333334,-1958.6666666666667
71,2,1104.0,151.0,59,True,-1104.0,-1104.0,-2208.0
71,3,1122.0,151.0,59,True,-1122.0,-1122.0,-2244.0
72,0,1060.0,102.0,58,True,-1060.0,-1060.0,-2120.0
72,1,1063.0,151.0,59,True,-1063.0,-1063.0,-2126.0
72,2,1037.3333333333335,102.0,58,True,-1037.3333333333335,-1037.3333333333335,-2074.666666666667
72,3,1102.3333333333335,102.0,58,True,-1102.3333333333335,-1102.3333333333335,-2204.666666666667
73,0,1011.0,102.0,58,True,-1011.0,-1011.0,-2022.0
73,1,1020.3333333333334,102.0,58,True,-1020.3333333333334,-1020.3333333333334,-2040.6666666666667
73,2,1055.3333333333335,102.0,58,True,-1055.3333333333335,-1055.3333333333335,-2110.666666666667
73,3,1071.3333333333335,102.0,58,True,-1071.3333333333335,-1071.3333333333335,-2142.666666666667
74,0,1075.0,151.0,59,True,-1075.0,-1075.0,-2150.0
74,1,1013.0,102.0,58,True,-1013.0,-1013.0,-2026.0
74,2,1090.0,102.0,58,True,-1090.0,-1090.0,-2180.0
74,3,1029.3333333333335,102.0,58,True,-1029.3333333333335,-1029.3333333333335,-2058.666666666667
75,0,1111.3333333333335,102.0,58,True,-1111.3333333333335,-1111.3333333333335,-2222.666666666667
75,1,1130.3333333333335,102.0,58,True,-1130.3333333333335,-1130.3333333333335,-2260.666666666667
75,2,1029.3333333333335,102.0,58,True,-1029.3333333333335,-1029.3333333333335,-2058.666666666667
75,3,1092.0,151.0,59,True,-1092.0,-1092.0,-2184.0
76,0,994.0,102.0,58,True,-994.0,-994.0,-1988.0
76,1,1053.0,151.0,59,True,-1053.0,-1053.0,-2106.0
76,2,1071.0,151.0,59,True,-1071.0,-1071.0,-2142.0
76,3,1164.3333333333335,102.0,58,True,-1164.3333333333335,-1164.3333333333335,-2328.666666666667
77,0,1130.0,151.0,59,True,-1130.0,-1130.0,-2260.0
77,1,1121.0,151.0,59,True,-1121.0,-1121.0,-2242.0
77,2,1049.0,151.0,59,True,-1049.0,-1049.0,-2098.0
77,3,1030.0,151.0,59,True,-1030.0,-1030.0,-2060.0
78,0,1041.0,151.0,59,True,-1041.0,-1041.0,-2082.0
78,1,1109.0,151.0,59,True,-1109.0,-1109.0,-2218.0
78,2,1086.0,151.0,59,True,-1086.0,-1086.0,-2172.0
78,3,1064.0,151.0,59,True,-1064.0,-1064.0,-2128.0
79,0,1063.3333333333335,102.0,58,True,-1063.3333333333335,-1063.3333333333335,-2126.666666666667
79,1,995.3333333333334,102.0,58,True,-995.3333333333334,-995.3333333333334,-1990.6666666666667
79,2,1029.3333333333335,102.0,58,True,-1029.3333333333335,-1029.3333333333335,-2058.666666666667
79,3,1012.3333333333334,102.0,58,True,-1012.3333333333334,-1012.3333333333334,-2024.6666666666667
80,0,1113.3333333333335,235.0,60,True,-1113.3333333333335,-1113.3333333333335,-2226.666666666667
80,1,982.0,102.0,58,True,-982.0,-982.0,-1964.0
80,2,1087.0,151.0,59,True,-1087.0,-1087.0,-2174.0
80,3,1038.3333333333335,102.0,58,True,-1038.3333333333335,-1038.3333333333335,-2076.666666666667
81,0,1043.3333333333335,102.0,58,True,-1043.3333333333335,-1043.3333333333335,-2086.666666666667
81,1,1043.3333333333335,102.0,58,True,-1043.3333333333335,-1043.3333333333335,-2086.666666666667
81,2,994.0,102.0,58,True,-994.0,-994.0,-1988.0
81,3,975.0,102.0,58,True,-975.0,-975.0,-1950.0
82,0,1086.0,151.0,59,True,-1086.0,-1086.0,-2172.0
82,1,1051.0,102.0,58,True,-1051.0,-1051.0,-2102.0
82,2,1025.0,102.0,58,True,-1025.0,-1025.0,-2050.0
82,3,1105.3333333333335,102.0,58,True,-1105.3333333333335,-1105.3333333333335,-2210.666666666667
83,0,1096.0,151.0,59,True,-1096.0,-1096.0,-2192.0
83,1,1125.0,151.0,59,True,-1125.0,-1125.0,-2250.0
83,2,1137.0,151.0,59,True,-1137.0,-1137.0,-2274.0
83,3,1095.0,151.0,59,True,-1095.0,-1095.0,-2190.0
84,0,1089.0,151.0,59,True,-1089.0,-1089.0,-2178.0
84,1,1104.0,193.0,59,True,-1104.0,-1104.0,-2208.0
84,2,1091.0,151.0,59,True,-1091.0,-1091.0,-2182.0
84,3,1045.0,242.0,60,True,-1045.0,-1045.0,-2090.0
85,0,1136.0,151.0,59,True,-1136.0,-1136.0,-2272.0
85,1,1092.0,151.0,59,True,-1092.0,-1092.0,-2184.0
85,2,1109.0,151.0,59,True,-1109.0,-1109.0,-2218.0
85,3,1106.0,151.0,59,True,-1106.0,-1106.0,-2212.0
86,0,1113.0,151.0,59,True,-1113.0,-1113.0,-2226.0
86,1,1033.0,151.0,59,True,-1033.0,-1033.0,-2066.0
86,2,1116.0,151.0,59,True,-1116.0,-1116.0,-2232.0
86,3,979.3333333333334,102.0,58,True,-979.3333333333334,-979.3333333333334,-1958.6666666666667
87,0,1069.0,151.0,59,True,-1069.0,-1069.0,-2138.0
87,1,1060.0,151.0,59,True,-1060.0,-1060.0,-2120.0
87,2,1104.0,151.0,59,True,-1104.0,-1104.0,-2208.0
87,3,1134.0,151.0,59,True,-1134.0,-1134.0,-2268.0
88,0,1038.3333333333335,102.0,58,True,-1038.3333333333335,-1038.3333333333335,-2076.666666666667
88,1,1125.0,151.0,59,True,-1125.0,-1125.0,-2250.0
88,2,1053.0,151.0,59,True,-1053.0,-1053.0,-2106.0
88,3,1071.3333333333335,102.0,58,True,-1071.3333333333335,-1071.3333333333335,-2142.666666666667
89,0,1059.0,151.0,59,True,-1059.0,-1059.0,-2118.0
89,1,1059.0,151.0,59,True,-1059.0,-1059.0,-2118.0
89,2,1155.0,151.0,59,True,-1155.0,-1155.0,-2310.0
89,3,1069.0,151.0,59,True,-1069.0,-1069.0,-2138.0
90,0,1103.0,151.0,59,True,-1103.0,-1103.0,-2206.0
90,1,1067.0,151.0,59,True,-1067.0,-1067.0,-2134.0
90,2,1046.3333333333335,102.0,58,True,-1046.3333333333335,-1046.3333333333335,-2092.666666666667
90,3,1146.0,151.0,59,True,-1146.0,-1146.0,-2292.0
91,0,1024.0,102.0,58,True,-1024.0,-1024.0,-2048.0
91,1,1108.0,151.0,59,True,-1108.0,-1108.0,-2216.0
91,2,1046.3333333333335,102.0,58,True,-1046.3333333333335,-1046.3333333333335,-2092.666666666667
91,3,1020.3333333333334,102.0,58,True,-1020.3333333333334,-1020.3333333333334,-2040.6666666666667
92,0,1122.3333333333335,102.0,58,True,-1122.3333333333335,-1122.3333333333335,-2244.666666666667
92,1,1071.0,151.0,59,True,-1071.0,-1071.0,-2142.0
92,2,1097.0,151.0,59,True,-1097.0,-1097.0,-2194.0
92,3,1050.0,102.0,58,True,-1050.0,-1050.0,-2100.0
93,0,1044.0,151.0,59,True,-1044.0,-1044.0,-2088.0
93,1,1108.0,151.0,59,True,-1108.0,-1108.0,-2216.0
93,2,1122.3333333333335,102.0,58,True,-1122.3333333333335,-1122.3333333333335,-2244.666666666667
93,3,1071.0,151.0,59,True,-1071.0,-1071.0,-2142.0
94,0,1091.0,151.0,59,True,-1091.0,-1091.0,-2182.0
94,1,1130.3333333333335,102.0,58,True,-1130.3333333333335,-1130.3333333333335,-2260.666666666667
94,2,1011.0,102.0,58,True,-1011.0,-1011.0,-2022.0
94,3,1092.0,151.0,59,True,-1092.0,-1092.0,-2184.0
95,0,1095.0,151.0,59,True,-1095.0,-1095.0,-2190.0
95,1,1091.0,151.0,59,True,-1091.0,-1091.0,-2182.0
95,2,1125.0,151.0,59,True,-1125.0,-1125.0,-2250.0
95,3,1060.0,102.0,58,True,-1060.0,-1060.0,-2120.0
96,0,1027.0,151.0,59,True,-1027.0,-1027.0,-2054.0
96,1,1117.0,151.0,59,True,-1117.0,-1117.0,-2234.0
96,2,1113.0,151.0,59,True,-1113.0,-1113.0,-2226.0
96,3,1028.3333333333335,102.0,58,True,-1028.3333333333335,-1028.3333333333335,-2056.666666666667
97,0,1138.0,239.0,61,True,-1138.0,-1138.0,-2276.0
97,1,1091.0,151.0,59,True,-1091.0,-1091.0,-2182.0
97,2,1126.0,151.0,59,True,-1126.0,-1126.0,-2252.0
97,3,1106.0,151.0,59,True,-1106.0,-1106.0,-2212.0
98,0,1064.0,151.0,59,True,-1064.0,-1064.0,-2128.0
98,1,1088.0,151.0,59,True,-1088.0,-1088.0,-2176.0
98,2,1090.0,102.0,58,True,-1090.0,-1090.0,-2180.0
98,3,1104.0,151.0,59,True,-1104.0,-1104.0,-2208.0
99,0,1073.0,151.0,59,True,-1073.0,-1073.0,-2146.0
99,1,1073.0,151.0,59,True,-1073.0,-1073.0,-2146.0
99,2,1091.0,151.0,59,True,-1091.0,-1091.0,-2182.0
99,3,1109.0,151.0,59,True,-1109.0,-1109.0,-2218.0
100,0,1100.0,151.0,59,True,-1100.0,-1100.0,-2200.0
100,1,1076.0,151.0,59,True,-1076.0,-1076.0,-2152.0
100,2,1145.6666666666667,242.0,60,True,-1145.6666666666667,-1145.6666666666667,-2291.3333333333335
100,3,1146.0,151.0,59,True,-1146.0,-1146.0,-2292.0
101,0,1073.0,151.0,59,True,-1073.0,-1073.0,-2146.0
101,1,1103.0,151.0,59,True,-1103.0,-1103.0,-2206.0
101,2,1078.0,151.0,59,True,-1078.0,-1078.0,-2156.0
101,3,1012.3333333333334,102.0,58,True,-1012.3333333333334,-1012.3333333333334,-2024.6666666666667
102,0,1037.3333333333335,102.0,58,True,-1037.3333333333335,-1037.3333333333335,-2074.666666666667
102,1,1083.0,151.0,59,True,-1083.0,-1083.0,-2166.0
102,2,1108.0,151.0,59,True,-1108.0,-1108.0,-2216.0
102,3,1050.0,151.0,59,True,-1050.0,-1050.0,-2100.0
103,0,1091.0,151.0,59,True,-1091.0,-1091.0,-2182.0
103,1,1156.0,151.0,59,True,-1156.0,-1156.0,-2312.0
103,2,1020.3333333333334,102.0,58,True,-1020.3333333333334,-1020.3333333333334,-2040.6666666666667
103,3,1103.0,151.0,59,True,-1103.0,-1103.0,-2206.0
104,0,1059.0,151.0,59,True,-1059.0,-1059.0,-2118.0
104,1,1066.0,151.0,59,True,-1066.0,-1066.0,-2132.0
104,2,1053.0,151.0,59,True,-1053.0,-1053.0,-2106.0
104,3,1142.0,151.0,59,True,-1142.0,-1142.0,-2284.0
105,0,991.0,102.0,58,True,-991.0,-991.0,-1982.0
105,1,1046.0,102.0,58,True,-1046.0,-1046.0,-2092.0
105,2,1151.0,151.0,59,True,-1151.0,-1151.0,-2302.0
105,3,1110.0,151.0,59,True,-1110.0,-1110.0,-2220.0
106,0,985.0,102.0,58,True,-985.0,-985.0,-1970.0
106,1,1034.0,102.0,58,True,-1034.0,-1034.0,-2068.0
106,2,1034.0,102.0,58,True,-1034.0,-1034.0,-2068.0
106,3,1096.3333333333335,102.0,58,True,-1096.3333333333335,-1096.3333333333335,-2192.666666666667
107,0,1078.0,151.0,59,True,-1078.0,-1078.0,-2156.0
107,1,1024.0,102.0,58,True,-1024.0,-1024.0,-2048.0
107,2,1033.0,144.0,59,True,-1033.0,-1033.0,-2066.0
107,3,1116.0,151.0,59,True,-1116.0,-1116.0,-2232.0
108,0,1029.3333333333335,102.0,58,True,-1029.3333333333335,-1029.3333333333335,-2058.666666666667
108,1,1030.0,151.0,59,True,-1030.0,-1030.0,-2060.0
108,2,1114.0,151.0,59,True,-1114.0,-1114.0,-2228.0
108,3,1091.0,151.0,59,True,-1091.0,-1091.0,-2182.0
109,0,1083.0,151.0,59,True,-1083.0,-1083.0,-2166.0
109,1,1018.0,102.0,58,True,-1018.0,-1018.0,-2036.0
109,2,1024.0,151.0,59,True,-1024.0,-1024.0,-2048.0
109,3,1071.3333333333335,102.0,58,True,-1071.3333333333335,-1071.3333333333335,-2142.666666666667
110,0,1066.0,151.0,59,True,-1066.0,-1066.0,-2132.0
110,1,1028.3333333333335,102.0,58,True,-1028.3333333333335,-1028.3333333333335,-2056.666666666667
110,2,1105.3333333333335,102.0,58,True,-1105.3333333333335,-1105.3333333333335,-2210.666666666667
110,3,1063.3333333333335,102.0,58,True,-1063.3333333333335,-1063.3333333333335,-2126.666666666667
111,0,975.0,102.0,58,True,-975.0,-975.0,-1950.0
111,1,1113.3333333333335,102.0,58,True,-1113.3333333333335,-1113.3333333333335,-2226.666666666667
111,2,1090.0,151.0,59,True,-1090.0,-1090.0,-2180.0
111,3,1071.3333333333335,102.0,58,True,-1071.3333333333335,-1071.3333333333335,-2142.666666666667
112,0,1087.0,151.0,59,True,-1087.0,-1087.0,-2174.0
112,1,1071.3333333333335,102.0,58,True,-1071.3333333333335,-1071.3333333333335,-2142.666666666667
112,2,1092.0,151.0,59,True,-1092.0,-1092.0,-2184.0
112,3,1001.0,102.0,58,True,-1001.0,-1001.0,-2002.0
113,0,1008.0,151.0,59,True,-1008.0,-1008.0,-2016.0
113,1,1041.0,193.0,59,True,-1041.0,-1041.0,-2082.0
113,2,991.0,151.0,59,True,-991.0,-991.0,-1982.0
113,3,1069.0,151.0,59,True,-1069.0,-1069.0,-2138.0
114,0,1083.0,102.0,58,True,-1083.0,-1083.0,-2166.0
114,1,1096.0,151.0,59,True,-1096.0,-1096.0,-2192.0
114,2,1060.0,151.0,59,True,-1060.0,-1060.0,-2120.0
114,3,1034.0,102.0,58,True,-1034.0,-1034.0,-2068.0
115,0,1020.3333333333334,102.0,58,True,-1020.3333333333334,-1020.3333333333334,-2040.6666666666667
115,1,1051.0,151.0,59,True,-1051.0,-1051.0,-2102.0
115,2,1043.0,102.0,58,True,-1043.0,-1043.0,-2086.0
115,3,949.0,102.0,58,True,-949.0,-949.0,-1898.0
116,0,1102.0,151.0,59,True,-1102.0,-1102.0,-2204.0
116,1,1088.3333333333335,102.0,58,True,-1088.3333333333335,-1088.3333333333335,-2176.666666666667
116,2,1155.3333333333335,102.0,58,True,-1155.3333333333335,-1155.3333333333335,-2310.666666666667
116,3,1093.0,151.0,59,True,-1093.0,-1093.0,-2186.0
117,0,1112.0,193.0,59,True,-1112.0,-1112.0,-2224.0
117,1,1074.0,151.0,59,True,-1074.0,-1074.0,-2148.0
117,2,1059.0,151.0,59,True,-1059.0,-1059.0,-2118.0
117,3,1031.0,102.0,58,True,-1031.0,-1031.0,-2062.0
118,0,1037.3333333333335,102.0,58,True,-1037.3333333333335,-1037.3333333333335,-2074.666666666667
118,1,1080.0,151.0,59,True,-1080.0,-1080.0,-2160.0
118,2,1096.3333333333335,102.0,58,True,-1096.3333333333335,-1096.3333333333335,-2192.666666666667
118,3,1113.3333333333335,102.0,58,True,-1113.3333333333335,-1113.3333333333335,-2226.666666666667
119,0,1103.0,151.0,59,True,-1103.0,-1103.0,-2206.0
119,1,1043.0,151.0,59,True,-1043.0,-1043.0,-2086.0
119,2,978.0,102.0,58,True,-978.0,-978.0,-1956.0
119,3,1070.0,151.0,59,True,-1070.0,-1070.0,-2140.0
120,0,1090.0,151.0,59,True,-1090.0,-1090.0,-2180.0
120,1,1080.3333333333335,190.0,60,True,-1080.3333333333335,-1080.3333333333335,-2160.666666666667
120,2,1063.3333333333335,102.0,58,True,-1063.3333333333335,-1063.3333333333335,-2126.666666666667
120,3,1111.3333333333335,102.0,58,True,-1111.3333333333335,-1111.3333333333335,-2222.666666666667
121,0,985.0,151.0,59,True,-985.0,-985.0,-1970.0
121,1,1063.3333333333335,102.0,58,True,-1063.3333333333335,-1063.3333333333335,-2126.666666666667
121,2,1012.3333333333334,102.0,58,True,-1012.3333333333334,-1012.3333333333334,-2024.6666666666667
121,3,1028.3333333333335,102.0,58,True,-1028.3333333333335,-1028.3333333333335,-2056.666666666667
122,0,1070.0,151.0,59,True,-1070.0,-1070.0,-2140.0
122,1,1071.3333333333335,102.0,58,True,-1071.3333333333335,-1071.3333333333335,-2142.666666666667
122,2,1053.0,151.0,59,True,-1053.0,-1053.0,-2106.0
122,3,1057.0,151.0,59,True,-1057.0,-1057.0,-2114.0
123,0,1064.0,102.0,58,True,-1064.0,-1064.0,-2128.0
123,1,1071.3333333333335,102.0,58,True,-1071.3333333333335,-1071.3333333333335,-2142.666666666667
123,2,1142.0,151.0,59,True,-1142.0,-1142.0,-2284.0
123,3,1029.3333333333335,102.0,58,True,-1029.3333333333335,-1029.3333333333335,-2058.666666666667
124,0,1046.3333333333335,102.0,58,True,-1046.3333333333335,-1046.3333333333335,-2092.666666666667
124,1,1020.3333333333334,102.0,58,True,-1020.3333333333334,-1020.3333333333334,-2040.6666666666667
124,2,1110.3333333333335,102.0,58,True,-1110.3333333333335,-1110.3333333333335,-2220.666666666667
124,3,1057.0,102.0,58,True,-1057.0,-1057.0,-2114.0
125,0,1050.0,102.0,58,True,-1050.0,-1050.0,-2100.0
125,1,1130.0,294.0,61,True,-1130.0,-1130.0,-2260.0
125,2,1120.0,151.0,59,True,-1120.0,-1120.0,-2240.0
125,3,1050.0,151.0,59,True,-1050.0,-1050.0,-2100.0
126,0,1090.0,151.0,59,True,-1090.0,-1090.0,-2180.0
126,1,1012.3333333333334,102.0,58,True,-1012.3333333333334,-1012.3333333333334,-2024.6666666666667
126,2,1050.0,151.0,59,True,-1050.0,-1050.0,-2100.0
126,3,1102.0,102.0,58,True,-1102.0,-1102.0,-2204.0
127,0,1112.0,151.0,59,True,-1112.0,-1112.0,-2224.0
127,1,1028.3333333333335,102.0,58,True,-1028.3333333333335,-1028.3333333333335,-2056.666666666667
127,2,1016.0,151.0,59,True,-1016.0,-1016.0,-2032.0
127,3,1024.0,151.0,59,True,-1024.0,-1024.0,-2048.0
128,0,1071.3333333333335,102.0,58,True,-1071.3333333333335,-1071.3333333333335,-2142.666666666667
128,1,1109.0,151.0,59,True,-1109.0,-1109.0,-2218.0
128,2,1066.0,151.0,59,True,-1066.0,-1066.0,-2132.0
128,3,1135.0,102.0,58,True,-1135.0,-1135.0,-2270.0
129,0,1071.0,151.0,59,True,-1071.0,-1071.0,-2142.0
129,1,1071.3333333333335,102.0,58,True,-1071.3333333333335,-1071.3333333333335,-2142.666666666667
129,2,1130.3333333333335,102.0,58,True,-1130.3333333333335,-1130.3333333333335,-2260.666666666667
129,3,1056.0,151.0,59,True,-1056.0,-1056.0,-2112.0
130,0,1051.0,151.0,59,True,-1051.0,-1051.0,-2102.0
130,1,1021.0,151.0,59,True,-1021.0,-1021.0,-2042.0
130,2,1053.0,151.0,59,True,-1053.0,-1053.0,-2106.0
130,3,1161.0,151.0,59,True,-1161.0,-1161.0,-2322.0
131,0,1108.0,151.0,59,True,-1108.0,-1108.0,-2216.0
131,1,1062.3333333333335,102.0,58,True,-1062.3333333333335,-1062.3333333333335,-2124.666666666667
131,2,991.0,151.0,59,True,-991.0,-991.0,-1982.0
131,3,1054.0,151.0,59,True,-1054.0,-1054.0,-2108.0
132,0,1062.0,151.0,59,True,-1062.0,-1062.0,-2124.0
132,1,994.0,151.0,59,True,-994.0,-994.0,-1988.0
132,2,1113.3333333333335,102.0,58,True,-1113.3333333333335,-1113.3333333333335,-2226.666666666667
132,3,998.0,151.0,59,True,-998.0,-998.0,-1996.0
133,0,1007.0,151.0,59,True,-1007.0,-1007.0,-2014.0
133,1,1071.3333333333335,102.0,58,True,-1071.3333333333335,-1071.3333333333335,-2142.666666666667
133,2,1060.0,151.0,59,True,-1060.0,-1060.0,-2120.0
133,3,1064.0,151.0,59,True,-1064.0,-1064.0,-2128.0
134,0,1031.0,151.0,59,True,-1031.0,-1031.0,-2062.0
134,1,1014.0,151.0,59,True,-1014.0,-1014.0,-2028.0
134,2,1070.3333333333335,102.0,58,True,-1070.3333333333335,-1070.3333333333335,-2140.666666666667
134,3,1037.0,151.0,59,True,-1037.0,-1037.0,-2074.0
135,0,1007.0,151.0,59,True,-1007.0,-1007.0,-2014.0
135,1,1008.0,151.0,59,True,-1008.0,-1008.0,-2016.0
135,2,1008.0,151.0,59,True,-1008.0,-1008.0,-2016.0
135,3,1008.0,151.0,59,True,-1008.0,-1008.0,-2016.0
136,0,970.3333333333334,102.0,58,True,-970.3333333333334,-970.3333333333334,-1940.6666666666667
136,1,991.0,151.0,59,True,-991.0,-991.0,-1982.0
136,2,1058.0,151.0,59,True,-1058.0,-1058.0,-2116.0
136,3,1092.0,102.0,58,True,-1092.0,-1092.0,-2184.0
137,0,1008.0,151.0,59,True,-1008.0,-1008.0,-2016.0
137,1,965.0,151.0,59,True,-965.0,-965.0,-1930.0
137,2,991.0,151.0,59,True,-991.0,-991.0,-1982.0
137,3,1021.0,151.0,59,True,-1021.0,-1021.0,-2042.0
138,0,1015.0,102.0,58,True,-1015.0,-1015.0,-2030.0
138,1,1021.3333333333334,102.0,58,True,-1021.3333333333334,-1021.3333333333334,-2042.6666666666667
138,2,1017.0,102.0,58,True,-1017.0,-1017.0,-2034.0
138,3,1011.0,151.0,59,True,-1011.0,-1011.0,-2022.0
139,0,991.0,151.0,59,True,-991.0,-991.0,-1982.0
139,1,1021.0,151.0,59,True,-1021.0,-1021.0,-2042.0
139,2,1031.0,151.0,59,True,-1031.0,-1031.0,-2062.0
139,3,965.0,151.0,59,True,-965.0,-965.0,-1930.0
140,0,999.0,151.0,59,True,-999.0,-999.0,-1998.0
140,1,920.3333333333334,102.0,58,True,-920.3333333333334,-920.3333333333334,-1840.6666666666667
140,2,1007.0,151.0,59,True,-1007.0,-1007.0,-2014.0
140,3,999.0,151.0,59,True,-999.0,-999.0,-1998.0
141,0,955.0,151.0,59,True,-955.0,-955.0,-1910.0
141,1,916.0,151.0,59,True,-916.0,-916.0,-1832.0
141,2,1021.0,151.0,59,True,-1021.0,-1021.0,-2042.0
141,3,1031.0,151.0,59,True,-1031.0,-1031.0,-2062.0
142,0,982.0,151.0,59,True,-982.0,-982.0,-1964.0
142,1,972.0,151.0,59,True,-972.0,-972.0,-1944.0
142,2,939.0,151.0,59,True,-939.0,-939.0,-1878.0
142,3,916.0,102.0,58,True,-916.0,-916.0,-1832.0
143,0,945.0,102.0,58,True,-945.0,-945.0,-1890.0
143,1,948.0,151.0,59,True,-948.0,-948.0,-1896.0
143,2,982.0,151.0,59,True,-982.0,-982.0,-1964.0
143,3,939.0,151.0,59,True,-939.0,-939.0,-1878.0
144,0,972.0,151.0,59,True,-972.0,-972.0,-1944.0
144,1,955.0,151.0,59,True,-955.0,-955.0,-1910.0
144,2,985.0,151.0,59,True,-985.0,-985.0,-1970.0
144,3,982.0,151.0,59,True,-982.0,-982.0,-1964.0
145,0,965.0,151.0,59,True,-965.0,-965.0,-1930.0
145,1,942.0,151.0,59,True,-942.0,-942.0,-1884.0
145,2,965.0,151.0,59,True,-965.0,-965.0,-1930.0
145,3,972.0,151.0,59,True,-972.0,-972.0,-1944.0
146,0,948.0,151.0,59,True,-948.0,-948.0,-1896.0
146,1,981.0,193.0,60,True,-981.0,-981.0,-1962.0
146,2,948.0,151.0,59,True,-948.0,-948.0,-1896.0
146,3,965.0,151.0,59,True,-965.0,-965.0,-1930.0
147,0,965.0,151.0,59,True,-965.0,-965.0,-1930.0
147,1,948.0,151.0,59,True,-948.0,-948.0,-1896.0
147,2,972.0,151.0,59,True,-972.0,-972.0,-1944.0
147,3,965.0,151.0,59,True,-965.0,-965.0,-1930.0
148,0,948.0,151.0,59,True,-948.0,-948.0,-1896.0
148,1,943.3333333333334,102.0,58,True,-943.3333333333334,-943.3333333333334,-1886.6666666666667
148,2,965.0,151.0,59,True,-965.0,-965.0,-1930.0
148,3,966.0,193.0,59,True,-966.0,-966.0,-1932.0
149,0,948.0,151.0,59,True,-948.0,-948.0,-1896.0
149,1,909.0,102.0,58,True,-909.0,-909.0,-1818.0
149,2,965.0,151.0,59,True,-965.0,-965.0,-1930.0
149,3,957.0,151.0,59,True,-957.0,-957.0,-1914.0
150,0,928.3333333333334,102.0,58,True,-928.3333333333334,-928.3333333333334,-1856.6666666666667
150,1,959.0,151.0,59,True,-959.0,-959.0,-1918.0
150,2,965.0,151.0,59,True,-965.0,-965.0,-1930.0
150,3,948.0,151.0,59,True,-948.0,-948.0,-1896.0
151,0,916.0,151.0,59,True,-916.0,-916.0,-1832.0
151,1,942.0,151.0,59,True,-942.0,-942.0,-1884.0
151,2,966.0,151.0,59,True,-966.0,-966.0,-1932.0
151,3,916.0,151.0,59,True,-916.0,-916.0,-1832.0
152,0,965.0,151.0,59,True,-965.0,-965.0,-1930.0
152,1,965.0,151.0,59,True,-965.0,-965.0,-1930.0
152,2,982.0,151.0,59,True,-982.0,-982.0,-1964.0
152,3,965.0,151.0,59,True,-965.0,-965.0,-1930.0
153,0,965.0,151.0,59,True,-965.0,-965.0,-1930.0
153,1,948.0,151.0,59,True,-948.0,-948.0,-1896.0
153,2,942.0,151.0,59,True,-942.0,-942.0,-1884.0
153,3,965.0,151.0,59,True,-965.0,-965.0,-1930.0
154,0,965.0,151.0,59,True,-965.0,-965.0,-1930.0
154,1,916.0,151.0,59,True,-916.0,-916.0,-1832.0
154,2,933.0,151.0,59,True,-933.0,-933.0,-1866.0
154,3,942.0,151.0,59,True,-942.0,-942.0,-1884.0
155,0,965.0,151.0,59,True,-965.0,-965.0,-1930.0
155,1,916.0,151.0,59,True,-916.0,-916.0,-1832.0
155,2,965.0,151.0,59,True,-965.0,-965.0,-1930.0
155,3,965.0,151.0,59,True,-965.0,-965.0,-1930.0
156,0,948.0,151.0,59,True,-948.0,-948.0,-1896.0
156,1,965.0,151.0,59,True,-965.0,-965.0,-1930.0
156,2,952.0,151.0,59,True,-952.0,-952.0,-1904.0
156,3,926.0,151.0,59,True,-926.0,-926.0,-1852.0
157,0,965.0,151.0,59,True,-965.0,-965.0,-1930.0
157,1,933.0,151.0,59,True,-933.0,-933.0,-1866.0
157,2,942.0,151.0,59,True,-942.0,-942.0,-1884.0
157,3,948.0,151.0,59,True,-948.0,-948.0,-1896.0
158,0,988.5,239.0,61,True,-988.5,-988.5,-1977.0
158,1,971.3333333333334,193.0,58,True,-971.3333333333334,-971.3333333333334,-1942.6666666666667
158,2,888.3333333333334,102.0,58,True,-888.3333333333334,-888.3333333333334,-1776.6666666666667
158,3,965.0,151.0,59,True,-965.0,-965.0,-1930.0
159,0,982.0,151.0,59,True,-982.0,-982.0,-1964.0
159,1,982.0,151.0,59,True,-982.0,-982.0,-1964.0
159,2,982.0,151.0,59,True,-982.0,-982.0,-1964.0
159,3,911.3333333333334,102.0,58,True,-911.3333333333334,-911.3333333333334,-1822.6666666666667
160,0,942.0,151.0,59,True,-942.0,-942.0,-1884.0
160,1,982.0,151.0,59,True,-982.0,-982.0,-1964.0
160,2,948.0,151.0,59,True,-948.0,-948.0,-1896.0
160,3,916.0,102.0,58,True,-916.0,-916.0,-1832.0
161,0,975.0,151.0,59,True,-975.0,-975.0,-1950.0
161,1,948.0,151.0,59,True,-948.0,-948.0,-1896.0
161,2,965.0,151.0,59,True,-965.0,-965.0,-1930.0
161,3,965.0,151.0,59,True,-965.0,-965.0,-1930.0
162,0,948.0,151.0,59,True,-948.0,-948.0,-1896.0
162,1,968.0,151.0,59,True,-968.0,-968.0,-1936.0
162,2,965.0,151.0,59,True,-965.0,-965.0,-1930.0
162,3,900.0,102.0,58,True,-900.0,-900.0,-1800.0
163,0,939.0,151.0,59,True,-939.0,-939.0,-1878.0
163,1,939.0,151.0,59,True,-939.0,-939.0,-1878.0
163,2,916.0,151.0,59,True,-916.0,-916.0,-1832.0
163,3,933.0,151.0,59,True,-933.0,-933.0,-1866.0
164,0,948.0,151.0,59,True,-948.0,-948.0,-1896.0
164,1,965.0,151.0,59,True,-965.0,-965.0,-1930.0
164,2,948.0,151.0,59,True,-948.0,-948.0,-1896.0
164,3,916.0,102.0,58,True,-916.0,-916.0,-1832.0
165,0,966.0,151.0,59,True,-966.0,-966.0,-1932.0
165,1,948.0,151.0,59,True,-948.0,-948.0,-1896.0
165,2,933.0,151.0,59,True,-933.0,-933.0,-1866.0
165,3,948.0,151.0,59,True,-948.0,-948.0,-1896.0
166,0,948.0,151.0,59,True,-948.0,-948.0,-1896.0
166,1,965.0,151.0,59,True,-965.0,-965.0,-1930.0
166,2,965.0,151.0,59,True,-965.0,-965.0,-1930.0
166,3,965.0,151.0,59,True,-965.0,-965.0,-1930.0
167,0,948.0,151.0,59,True,-948.0,-948.0,-1896.0
167,1,965.0,151.0,59,True,-965.0,-965.0,-1930.0
167,2,965.0,151.0,59,True,-965.0,-965.0,-1930.0
167,3,958.0,151.0,59,True,-958.0,-958.0,-1916.0
168,0,965.0,151.0,59,True,-965.0,-965.0,-1930.0
168,1,982.0,151.0,59,True,-982.0,-982.0,-1964.0
168,2,965.0,151.0,59,True,-965.0,-965.0,-1930.0
168,3,948.0,151.0,59,True,-948.0,-948.0,-1896.0
169,0,965.0,151.0,59,True,-965.0,-965.0,-1930.0
169,1,939.0,151.0,59,True,-939.0,-939.0,-1878.0
169,2,948.0,151.0,59,True,-948.0,-948.0,-1896.0
169,3,1040.3333333333335,294.0,61,True,-1040.3333333333335,-1040.3333333333335,-2080.666666666667
170,0,1000.3333333333334,239.0,61,True,-1000.3333333333334,-1000.3333333333334,-2000.6666666666667
170,1,965.0,151.0,59,True,-965.0,-965.0,-1930.0
170,2,948.0,151.0,59,True,-948.0,-948.0,-1896.0
170,3,916.0,151.0,59,True,-916.0,-916.0,-1832.0
171,0,948.0,151.0,59,True,-948.0,-948.0,-1896.0
171,1,965.0,151.0,59,True,-965.0,-965.0,-1930.0
171,2,916.0,151.0,59,True,-916.0,-916.0,-1832.0
171,3,958.0,151.0,59,True,-958.0,-958.0,-1916.0
172,0,965.0,151.0,59,True,-965.0,-965.0,-1930.0
172,1,948.0,151.0,59,True,-948.0,-948.0,-1896.0
172,2,965.0,151.0,59,True,-965.0,-965.0,-1930.0
172,3,965.0,151.0,59,True,-965.0,-965.0,-1930.0
173,0,942.0,151.0,59,True,-942.0,-942.0,-1884.0
173,1,948.0,151.0,59,True,-948.0,-948.0,-1896.0
173,2,965.0,151.0,59,True,-965.0,-965.0,-1930.0
173,3,965.0,151.0,59,True,-965.0,-965.0,-1930.0
174,0,965.0,151.0,59,True,-965.0,-965.0,-1930.0
174,1,965.0,151.0,59,True,-965.0,-965.0,-1930.0
174,2,926.0,151.0,59,True,-926.0,-926.0,-1852.0
174,3,965.0,151.0,59,True,-965.0,-965.0,-1930.0
175,0,965.0,151.0,59,True,-965.0,-965.0,-1930.0
175,1,948.0,151.0,59,True,-948.0,-948.0,-1896.0
175,2,965.0,151.0,59,True,-965.0,-965.0,-1930.0
175,3,948.0,151.0,59,True,-948.0,-948.0,-1896.0
176,0,966.0,151.0,59,True,-966.0,-966.0,-1932.0
176,1,1015.0,151.0,59,True,-1015.0,-1015.0,-2030.0
176,2,965.0,151.0,59,True,-965.0,-965.0,-1930.0
176,3,966.0,151.0,59,True,-966.0,-966.0,-1932.0
177,0,975.0,151.0,59,True,-975.0,-975.0,-1950.0
177,1,999.0,239.0,61,True,-999.0,-999.0,-1998.0
177,2,948.0,151.0,59,True,-948.0,-948.0,-1896.0
177,3,965.0,151.0,59,True,-965.0,-965.0,-1930.0
178,0,965.0,151.0,59,True,-965.0,-965.0,-1930.0
178,1,965.0,151.0,59,True,-965.0,-965.0,-1930.0
178,2,948.0,151.0,59,True,-948.0,-948.0,-1896.0
178,3,948.0,151.0,59,True,-948.0,-948.0,-1896.0
179,0,965.0,151.0,59,True,-965.0,-965.0,-1930.0
179,1,990.0,193.0,60,True,-990.0,-990.0,-1980.0
179,2,965.0,151.0,59,True,-965.0,-965.0,-1930.0
179,3,948.0,151.0,59,True,-948.0,-948.0,-1896.0
180,0,948.0,151.0,59,True,-948.0,-948.0,-1896.0
180,1,1015.0,151.0,59,True,-1015.0,-1015.0,-2030.0
180,2,965.0,151.0,59,True,-965.0,-965.0,-1930.0
180,3,1008.0,151.0,59,True,-1008.0,-1008.0,-2016.0
181,0,965.0,151.0,59,True,-965.0,-965.0,-1930.0
181,1,966.0,151.0,59,True,-966.0,-966.0,-1932.0
181,2,1015.0,151.0,59,True,-1015.0,-1015.0,-2030.0
181,3,948.0,151.0,59,True,-948.0,-948.0,-1896.0
182,0,948.0,151.0,59,True,-948.0,-948.0,-1896.0
182,1,965.0,151.0,59,True,-965.0,-965.0,-1930.0
182,2,965.0,151.0,59,True,-965.0,-965.0,-1930.0
182,3,1008.0,151.0,59,True,-1008.0,-1008.0,-2016.0
183,0,965.0,151.0,59,True,-965.0,-965.0,-1930.0
183,1,965.0,151.0,59,True,-965.0,-965.0,-1930.0
183,2,965.0,151.0,59,True,-965.0,-965.0,-1930.0
183,3,975.0,151.0,59,True,-975.0,-975.0,-1950.0
184,0,948.0,151.0,59,True,-948.0,-948.0,-1896.0
184,1,948.0,151.0,59,True,-948.0,-948.0,-1896.0
184,2,965.0,151.0,59,True,-965.0,-965.0,-1930.0
184,3,948.0,151.0,59,True,-948.0,-948.0,-1896.0
185,0,948.0,151.0,59,True,-948.0,-948.0,-1896.0
185,1,965.0,151.0,59,True,-965.0,-965.0,-1930.0
185,2,948.0,151.0,59,True,-948.0,-948.0,-1896.0
185,3,916.0,151.0,59,True,-916.0,-916.0,-1832.0
186,0,948.0,151.0,59,True,-948.0,-948.0,-1896.0
186,1,965.0,151.0,59,True,-965.0,-965.0,-1930.0
186,2,965.0,151.0,59,True,-965.0,-965.0,-1930.0
186,3,982.0,151.0,59,True,-982.0,-982.0,-1964.0
187,0,948.0,151.0,59,True,-948.0,-948.0,-1896.0
187,1,965.0,151.0,59,True,-965.0,-965.0,-1930.0
187,2,948.0,151.0,59,True,-948.0,-948.0,-1896.0
187,3,948.0,151.0,59,True,-948.0,-948.0,-1896.0
188,0,948.0,151.0,59,True,-948.0,-948.0,-1896.0
188,1,948.0,151.0,59,True,-948.0,-948.0,-1896.0
188,2,916.0,151.0,59,True,-916.0,-916.0,-1832.0
188,3,916.0,151.0,59,True,-916.0,-916.0,-1832.0
189,0,957.0,193.0,60,True,-957.0,-957.0,-1914.0
189,1,948.0,151.0,59,True,-948.0,-948.0,-1896.0
189,2,948.0,151.0,59,True,-948.0,-948.0,-1896.0
189,3,965.0,151.0,59,True,-965.0,-965.0,-1930.0
190,0,982.0,151.0,59,True,-982.0,-982.0,-1964.0
190,1,900.0,102.0,58,True,-900.0,-900.0,-1800.0
190,2,919.3333333333334,102.0,58,True,-919.3333333333334,-919.3333333333334,-1838.6666666666667
190,3,982.0,151.0,59,True,-982.0,-982.0,-1964.0
191,0,982.0,151.0,59,True,-982.0,-982.0,-1964.0
191,1,987.3333333333334,102.0,58,True,-987.3333333333334,-987.3333333333334,-1974.6666666666667
191,2,975.0,102.0,58,True,-975.0,-975.0,-1950.0
191,3,935.0,151.0,59,True,-935.0,-935.0,-1870.0
192,0,939.0,151.0,59,True,-939.0,-939.0,-1878.0
192,1,975.0,151.0,59,True,-975.0,-975.0,-1950.0
192,2,948.0,151.0,59,True,-948.0,-948.0,-1896.0
192,3,948.0,151.0,59,True,-948.0,-948.0,-1896.0
193,0,965.0,151.0,59,True,-965.0,-965.0,-1930.0
193,1,975.0,151.0,59,True,-975.0,-975.0,-1950.0
193,2,982.0,151.0,59,True,-982.0,-982.0,-1964.0
193,3,939.0,151.0,59,True,-939.0,-939.0,-1878.0
194,0,948.0,151.0,59,True,-948.0,-948.0,-1896.0
194,1,948.0,151.0,59,True,-948.0,-948.0,-1896.0
194,2,948.0,151.0,59,True,-948.0,-948.0,-1896.0
194,3,939.0,151.0,59,True,-939.0,-939.0,-1878.0
195,0,965.0,151.0,59,True,-965.0,-965.0,-1930.0
195,1,965.0,151.0,59,True,-965.0,-965.0,-1930.0
195,2,948.0,151.0,59,True,-948.0,-948.0,-1896.0
195,3,916.0,151.0,59,True,-916.0,-916.0,-1832.0
196,0,948.0,151.0,59,True,-948.0,-948.0,-1896.0
196,1,916.0,151.0,59,True,-916.0,-916.0,-1832.0
196,2,975.0,242.0,60,True,-975.0,-975.0,-1950.0
196,3,948.0,151.0,59,True,-948.0,-948.0,-1896.0
197,0,942.0,151.0,59,True,-942.0,-942.0,-1884.0
197,1,965.0,151.0,59,True,-965.0,-965.0,-1930.0
197,2,948.0,151.0,59,True,-948.0,-948.0,-1896.0
197,3,948.0,151.0,59,True,-948.0,-948.0,-1896.0
198,0,965.0,151.0,59,True,-965.0,-965.0,-1930.0
198,1,948.0,151.0,59,True,-948.0,-948.0,-1896.0
198,2,965.0,151.0,59,True,-965.0,-965.0,-1930.0
198,3,948.0,151.0,59,True,-948.0,-948.0,-1896.0
199,0,965.0,151.0,59,True,-965.0,-965.0,-1930.0
199,1,948.0,151.0,59,True,-948.0,-948.0,-1896.0
199,2,948.0,151.0,59,True,-948.0,-948.0,-1896.0
199,3,948.0,151.0,59,True,-948.0,-948.0,-1896.0
200,0,948.0,151.0,59,True,-948.0,-948.0,-1896.0
200,1,965.0,151.0,59,True,-965.0,-965.0,-1930.0
200,2,916.0,151.0,59,True,-916.0,-916.0,-1832.0
200,3,948.0,151.0,59,True,-948.0,-948.0,-1896.0
201,0,948.0,151.0,59,True,-948.0,-948.0,-1896.0
201,1,975.0,151.0,59,True,-975.0,-975.0,-1950.0
201,2,948.0,151.0,59,True,-948.0,-948.0,-1896.0
201,3,948.0,151.0,59,True,-948.0,-948.0,-1896.0
202,0,948.0,151.0,59,True,-948.0,-948.0,-1896.0
202,1,948.0,151.0,59,True,-948.0,-948.0,-1896.0
202,2,948.0,151.0,59,True,-948.0,-948.0,-1896.0
202,3,916.0,151.0,59,True,-916.0,-916.0,-1832.0
203,0,916.0,151.0,59,True,-916.0,-916.0,-1832.0
203,1,948.0,151.0,59,True,-948.0,-948.0,-1896.0
203,2,965.0,151.0,59,True,-965.0,-965.0,-1930.0
203,3,916.0,151.0,59,True,-916.0,-916.0,-1832.0
204,0,965.0,151.0,59,True,-965.0,-965.0,-1930.0
204,1,965.0,151.0,59,True,-965.0,-965.0,-1930.0
204,2,948.0,151.0,59,True,-948.0,-948.0,-1896.0
204,3,948.0,151.0,59,True,-948.0,-948.0,-1896.0
205,0,948.0,151.0,59,True,-948.0,-948.0,-1896.0
205,1,965.0,151.0,59,True,-965.0,-965.0,-1930.0
205,2,965.0,151.0,59,True,-965.0,-965.0,-1930.0
205,3,957.3333333333334,151.0,59,True,-957.3333333333334,-957.3333333333334,-1914.6666666666667
206,0,965.0,151.0,59,True,-965.0,-965.0,-1930.0
206,1,975.0,151.0,59,True,-975.0,-975.0,-1950.0
206,2,965.0,151.0,59,True,-965.0,-965.0,-1930.0
206,3,948.0,151.0,59,True,-948.0,-948.0,-1896.0
207,0,965.0,151.0,59,True,-965.0,-965.0,-1930.0
207,1,916.0,151.0,59,True,-916.0,-916.0,-1832.0
207,2,948.0,151.0,59,True,-948.0,-948.0,-1896.0
207,3,965.0,151.0,59,True,-965.0,-965.0,-1930.0
208,0,966.0,151.0,59,True,-966.0,-966.0,-1932.0
208,1,948.0,151.0,59,True,-948.0,-948.0,-1896.0
208,2,948.0,151.0,59,True,-948.0,-948.0,-1896.0
208,3,948.0,151.0,59,True,-948.0,-948.0,-1896.0
209,0,948.0,151.0,59,True,-948.0,-948.0,-1896.0
209,1,948.0,151.0,59,True,-948.0,-948.0,-1896.0
209,2,948.0,151.0,59,True,-948.0,-948.0,-1896.0
209,3,965.0,151.0,59,True,-965.0,-965.0,-1930.0
210,0,948.0,151.0,59,True,-948.0,-948.0,-1896.0
210,1,948.0,151.0,59,True,-948.0,-948.0,-1896.0
210,2,939.0,151.0,59,True,-939.0,-939.0,-1878.0
210,3,948.0,151.0,59,True,-948.0,-948.0,-1896.0
211,0,965.0,151.0,59,True,-965.0,-965.0,-1930.0
211,1,948.0,151.0,59,True,-948.0,-948.0,-1896.0
211,2,948.0,151.0,59,True,-948.0,-948.0,-1896.0
211,3,948.0,151.0,59,True,-948.0,-948.0,-1896.0
212,0,948.0,151.0,59,True,-948.0,-948.0,-1896.0
212,1,948.0,151.0,59,True,-948.0,-948.0,-1896.0
212,2,965.0,151.0,59,True,-965.0,-965.0,-1930.0
212,3,948.0,151.0,59,True,-948.0,-948.0,-1896.0
213,0,948.0,151.0,59,True,-948.0,-948.0,-1896.0
213,1,948.0,151.0,59,True,-948.0,-948.0,-1896.0
213,2,948.0,151.0,59,True,-948.0,-948.0,-1896.0
213,3,965.0,151.0,59,True,-965.0,-965.0,-1930.0
214,0,990.0,193.0,60,True,-990.0,-990.0,-1980.0
214,1,948.0,151.0,59,True,-948.0,-948.0,-1896.0
214,2,948.0,151.0,59,True,-948.0,-948.0,-1896.0
214,3,957.0,193.0,60,True,-957.0,-957.0,-1914.0
215,0,948.0,151.0,59,True,-948.0,-948.0,-1896.0
215,1,966.0,193.0,60,True,-966.0,-966.0,-1932.0
215,2,948.0,151.0,59,True,-948.0,-948.0,-1896.0
215,3,948.0,151.0,59,True,-948.0,-948.0,-1896.0
216,0,948.0,151.0,59,True,-948.0,-948.0,-1896.0
216,1,1041.0,294.0,61,True,-1041.0,-1041.0,-2082.0
216,2,957.0,151.0,59,True,-957.0,-957.0,-1914.0
216,3,948.0,151.0,59,True,-948.0,-948.0,-1896.0
217,0,957.0,151.0,59,True,-957.0,-957.0,-1914.0
217,1,948.0,151.0,59,True,-948.0,-948.0,-1896.0
217,2,948.0,151.0,59,True,-948.0,-948.0,-1896.0
217,3,948.0,151.0,59,True,-948.0,-948.0,-1896.0
218,0,916.0,151.0,59,True,-916.0,-916.0,-1832.0
218,1,948.0,151.0,59,True,-948.0,-948.0,-1896.0
218,2,975.0,242.0,60,True,-975.0,-975.0,-1950.0
218,3,965.0,151.0,59,True,-965.0,-965.0,-1930.0
219,0,948.0,151.0,59,True,-948.0,-948.0,-1896.0
219,1,948.0,151.0,59,True,-948.0,-948.0,-1896.0
219,2,948.0,151.0,59,True,-948.0,-948.0,-1896.0
219,3,965.0,151.0,59,True,-965.0,-965.0,-1930.0
220,0,948.0,151.0,59,True,-948.0,-948.0,-1896.0
220,1,916.0,151.0,59,True,-916.0,-916.0,-1832.0
220,2,948.0,151.0,59,True,-948.0,-948.0,-1896.0
220,3,957.3333333333334,151.0,59,True,-957.3333333333334,-957.3333333333334,-1914.6666666666667
221,0,958.0,193.0,60,True,-958.0,-958.0,-1916.0
221,1,948.0,151.0,59,True,-948.0,-948.0,-1896.0
221,2,965.0,151.0,59,True,-965.0,-965.0,-1930.0
221,3,948.0,151.0,59,True,-948.0,-948.0,-1896.0
222,0,948.0,151.0,59,True,-948.0,-948.0,-1896.0
222,1,948.0,151.0,59,True,-948.0,-948.0,-1896.0
222,2,933.0,151.0,59,True,-933.0,-933.0,-1866.0
222,3,948.0,151.0,59,True,-948.0,-948.0,-1896.0
223,0,948.0,151.0,59,True,-948.0,-948.0,-1896.0
223,1,965.0,151.0,59,True,-965.0,-965.0,-1930.0
223,2,948.0,151.0,59,True,-948.0,-948.0,-1896.0
223,3,965.0,151.0,59,True,-965.0,-965.0,-1930.0
224,0,942.0,151.0,59,True,-942.0,-942.0,-1884.0
224,1,916.0,151.0,59,True,-916.0,-916.0,-1832.0
224,2,948.0,151.0,59,True,-948.0,-948.0,-1896.0
224,3,965.0,151.0,59,True,-965.0,-965.0,-1930.0
225,0,965.0,151.0,59,True,-965.0,-965.0,-1930.0
225,1,965.0,151.0,59,True,-965.0,-965.0,-1930.0
225,2,916.0,151.0,59,True,-916.0,-916.0,-1832.0
225,3,948.0,151.0,59,True,-948.0,-948.0,-1896.0
226,0,916.0,151.0,59,True,-916.0,-916.0,-1832.0
226,1,957.0,151.0,59,True,-957.0,-957.0,-1914.0
226,2,965.0,151.0,59,True,-965.0,-965.0,-1930.0
226,3,926.0,151.0,59,True,-926.0,-926.0,-1852.0
227,0,948.0,151.0,59,True,-948.0,-948.0,-1896.0
227,1,916.0,151.0,59,True,-916.0,-916.0,-1832.0
227,2,916.0,151.0,59,True,-916.0,-916.0,-1832.0
227,3,916.0,151.0,59,True,-916.0,-916.0,-1832.0
228,0,916.0,151.0,59,True,-916.0,-916.0,-1832.0
228,1,975.0,151.0,59,True,-975.0,-975.0,-1950.0
228,2,965.0,151.0,59,True,-965.0,-965.0,-1930.0
228,3,948.0,151.0,59,True,-948.0,-948.0,-1896.0
229,0,909.0,151.0,59,True,-909.0,-909.0,-1818.0
229,1,916.0,151.0,59,True,-916.0,-916.0,-1832.0
229,2,965.0,151.0,59,True,-965.0,-965.0,-1930.0
229,3,975.0,151.0,59,True,-975.0,-975.0,-1950.0
230,0,958.0,193.0,60,True,-958.0,-958.0,-1916.0
230,1,965.0,151.0,59,True,-965.0,-965.0,-1930.0
230,2,965.0,151.0,59,True,-965.0,-965.0,-1930.0
230,3,948.0,151.0,59,True,-948.0,-948.0,-1896.0
231,0,916.0,151.0,59,True,-916.0,-916.0,-1832.0
231,1,916.0,151.0,59,True,-916.0,-916.0,-1832.0
231,2,1040.3333333333335,294.0,61,True,-1040.3333333333335,-1040.3333333333335,-2080.666666666667
231,3,965.0,151.0,59,True,-965.0,-965.0,-1930.0
232,0,948.0,193.0,60,True,-948.0,-948.0,-1896.0
232,1,968.0,151.0,59,True,-968.0,-968.0,-1936.0
232,2,909.0,151.0,59,True,-909.0,-909.0,-1818.0
232,3,975.0,193.0,60,True,-975.0,-975.0,-1950.0
233,0,916.0,151.0,59,True,-916.0,-916.0,-1832.0
233,1,948.0,151.0,59,True,-948.0,-948.0,-1896.0
233,2,942.0,151.0,59,True,-942.0,-942.0,-1884.0
233,3,916.0,151.0,59,True,-916.0,-916.0,-1832.0
234,0,948.0,151.0,59,True,-948.0,-948.0,-1896.0
234,1,965.0,151.0,59,True,-965.0,-965.0,-1930.0
234,2,916.0,151.0,59,True,-916.0,-916.0,-1832.0
234,3,916.0,151.0,59,True,-916.0,-916.0,-1832.0
235,0,916.0,151.0,59,True,-916.0,-916.0,-1832.0
235,1,975.0,151.0,59,True,-975.0,-975.0,-1950.0
235,2,948.0,151.0,59,True,-948.0,-948.0,-1896.0
235,3,975.0,151.0,59,True,-975.0,-975.0,-1950.0
236,0,1007.0,193.0,59,True,-1007.0,-1007.0,-2014.0
236,1,916.0,151.0,59,True,-916.0,-916.0,-1832.0
236,2,975.0,151.0,59,True,-975.0,-975.0,-1950.0
236,3,916.0,151.0,59,True,-916.0,-916.0,-1832.0
237,0,975.0,151.0,59,True,-975.0,-975.0,-1950.0
237,1,948.0,151.0,59,True,-948.0,-948.0,-1896.0
237,2,948.0,151.0,59,True,-948.0,-948.0,-1896.0
237,3,916.0,151.0,59,True,-916.0,-916.0,-1832.0
238,0,948.0,151.0,59,True,-948.0,-948.0,-1896.0
238,1,991.0,151.0,59,True,-991.0,-991.0,-1982.0
238,2,948.0,151.0,59,True,-948.0,-948.0,-1896.0
238,3,916.0,151.0,59,True,-916.0,-916.0,-1832.0
239,0,916.0,151.0,59,True,-916.0,-916.0,-1832.0
239,1,916.0,151.0,59,True,-916.0,-916.0,-1832.0
239,2,916.0,151.0,59,True,-916.0,-916.0,-1832.0
239,3,916.0,151.0,59,True,-916.0,-916.0,-1832.0
240,0,916.0,151.0,59,True,-916.0,-916.0,-1832.0
240,1,916.0,151.0,59,True,-916.0,-916.0,-1832.0
240,2,948.0,151.0,59,True,-948.0,-948.0,-1896.0
240,3,968.0,151.0,59,True,-968.0,-968.0,-1936.0
241,0,916.0,151.0,59,True,-916.0,-916.0,-1832.0
241,1,916.0,151.0,59,True,-916.0,-916.0,-1832.0
241,2,999.0,193.0,60,True,-999.0,-999.0,-1998.0
241,3,916.0,151.0,59,True,-916.0,-916.0,-1832.0
242,0,916.0,151.0,59,True,-916.0,-916.0,-1832.0
242,1,916.0,151.0,59,True,-916.0,-916.0,-1832.0
242,2,916.0,151.0,59,True,-916.0,-916.0,-1832.0
242,3,909.0,151.0,59,True,-909.0,-909.0,-1818.0
243,0,916.0,151.0,59,True,-916.0,-916.0,-1832.0
243,1,916.0,151.0,59,True,-916.0,-916.0,-1832.0
243,2,916.0,151.0,59,True,-916.0,-916.0,-1832.0
243,3,916.0,151.0,59,True,-916.0,-916.0,-1832.0
244,0,998.0,294.0,61,True,-998.0,-998.0,-1996.0
244,1,916.0,151.0,59,True,-916.0,-916.0,-1832.0
244,2,916.0,151.0,59,True,-916.0,-916.0,-1832.0
244,3,916.0,151.0,59,True,-916.0,-916.0,-1832.0
245,0,916.0,151.0,59,True,-916.0,-916.0,-1832.0
245,1,916.0,151.0,59,True,-916.0,-916.0,-1832.0
245,2,916.0,151.0,59,True,-916.0,-916.0,-1832.0
245,3,916.0,151.0,59,True,-916.0,-916.0,-1832.0
246,0,916.0,151.0,59,True,-916.0,-916.0,-1832.0
246,1,999.0,193.0,60,True,-999.0,-999.0,-1998.0
246,2,916.0,151.0,59,True,-916.0,-916.0,-1832.0
246,3,948.0,151.0,59,True,-948.0,-948.0,-1896.0
247,0,951.0,151.0,59,True,-951.0,-951.0,-1902.0
247,1,916.0,151.0,59,True,-916.0,-916.0,-1832.0
247,2,916.0,151.0,59,True,-916.0,-916.0,-1832.0
247,3,948.0,151.0,59,True,-948.0,-948.0,-1896.0
248,0,916.0,151.0,59,True,-916.0,-916.0,-1832.0
248,1,916.0,151.0,59,True,-916.0,-916.0,-1832.0
248,2,948.0,151.0,59,True,-948.0,-948.0,-1896.0
248,3,916.0,151.0,59,True,-916.0,-916.0,-1832.0
249,0,948.0,151.0,59,True,-948.0,-948.0,-1896.0
249,1,948.0,151.0,59,True,-948.0,-948.0,-1896.0
249,2,916.0,151.0,59,True,-916.0,-916.0,-1832.0
249,3,948.0,151.0,59,True,-948.0,-948.0,-1896.0
250,0,916.0,151.0,59,True,-916.0,-916.0,-1832.0
250,1,916.0,151.0,59,True,-916.0,-916.0,-1832.0
250,2,916.0,151.0,59,True,-916.0,-916.0,-1832.0
250,3,916.0,151.0,59,True,-916.0,-916.0,-1832.0
251,0,916.0,151.0,59,True,-916.0,-916.0,-1832.0
251,1,975.0,151.0,59,True,-975.0,-975.0,-1950.0
251,2,991.0,245.0,60,True,-991.0,-991.0,-1982.0
251,3,965.0,151.0,59,True,-965.0,-965.0,-1930.0
252,0,975.0,151.0,59,True,-975.0,-975.0,-1950.0
252,1,916.0,151.0,59,True,-916.0,-916.0,-1832.0
252,2,1025.0,245.0,60,True,-1025.0,-1025.0,-2050.0
252,3,916.0,151.0,59,True,-916.0,-916.0,-1832.0
253,0,909.0,151.0,59,True,-909.0,-909.0,-1818.0
253,1,916.0,151.0,59,True,-916.0,-916.0,-1832.0
253,2,968.0,151.0,59,True,-968.0,-968.0,-1936.0
253,3,909.0,151.0,59,True,-909.0,-909.0,-1818.0
254,0,916.0,151.0,59,True,-916.0,-916.0,-1832.0
254,1,916.0,151.0,59,True,-916.0,-916.0,-1832.0
254,2,965.0,151.0,59,True,-965.0,-965.0,-1930.0
254,3,982.0,151.0,59,True,-982.0,-982.0,-1964.0
255,0,916.0,151.0,59,True,-916.0,-916.0,-1832.0
255,1,916.0,151.0,59,True,-916.0,-916.0,-1832.0
255,2,975.0,151.0,59,True,-975.0,-975.0,-1950.0
255,3,916.0,151.0,59,True,-916.0,-916.0,-1832.0
256,0,916.0,151.0,59,True,-916.0,-916.0,-1832.0
256,1,948.0,151.0,59,True,-948.0,-948.0,-1896.0
256,2,916.0,151.0,59,True,-916.0,-916.0,-1832.0
256,3,916.0,151.0,59,True,-916.0,-916.0,-1832.0
257,0,916.0,151.0,59,True,-916.0,-916.0,-1832.0
257,1,916.0,151.0,59,True,-916.0,-916.0,-1832.0
257,2,916.0,151.0,59,True,-916.0,-916.0,-1832.0
257,3,909.0,151.0,59,True,-909.0,-909.0,-1818.0
258,0,1021.0,193.0,60,True,-1021.0,-1021.0,-2042.0
258,1,909.0,151.0,59,True,-909.0,-909.0,-1818.0
258,2,916.0,151.0,59,True,-916.0,-916.0,-1832.0
258,3,948.0,151.0,59,True,-948.0,-948.0,-1896.0
259,0,916.0,151.0,59,True,-916.0,-916.0,-1832.0
259,1,916.0,151.0,59,True,-916.0,-916.0,-1832.0
259,2,982.0,151.0,59,True,-982.0,-982.0,-1964.0
259,3,916.0,151.0,59,True,-916.0,-916.0,-1832.0
260,0,916.0,151.0,59,True,-916.0,-916.0,-1832.0
260,1,909.0,151.0,59,True,-909.0,-909.0,-1818.0
260,2,916.0,151.0,59,True,-916.0,-916.0,-1832.0
260,3,948.0,151.0,59,True,-948.0,-948.0,-1896.0
261,0,975.0,151.0,59,True,-975.0,-975.0,-1950.0
261,1,916.0,151.0,59,True,-916.0,-916.0,-1832.0
261,2,916.0,151.0,59,True,-916.0,-916.0,-1832.0
261,3,948.0,151.0,59,True,-948.0,-948.0,-1896.0
262,0,916.0,151.0,59,True,-916.0,-916.0,-1832.0
262,1,916.0,151.0,59,True,-916.0,-916.0,-1832.0
262,2,916.0,151.0,59,True,-916.0,-916.0,-1832.0
262,3,916.0,151.0,59,True,-916.0,-916.0,-1832.0
263,0,916.0,151.0,59,True,-916.0,-916.0,-1832.0
263,1,948.0,151.0,59,True,-948.0,-948.0,-1896.0
263,2,909.0,151.0,59,True,-909.0,-909.0,-1818.0
263,3,909.0,151.0,59,True,-909.0,-909.0,-1818.0
264,0,942.0,151.0,59,True,-942.0,-942.0,-1884.0
264,1,909.0,151.0,59,True,-909.0,-909.0,-1818.0
264,2,975.0,151.0,59,True,-975.0,-975.0,-1950.0
264,3,975.0,151.0,59,True,-975.0,-975.0,-1950.0
265,0,909.0,151.0,59,True,-909.0,-909.0,-1818.0
265,1,909.0,151.0,59,True,-909.0,-909.0,-1818.0
265,2,909.0,151.0,59,True,-909.0,-909.0,-1818.0
265,3,916.0,151.0,59,True,-916.0,-916.0,-1832.0
266,0,942.0,151.0,59,True,-942.0,-942.0,-1884.0
266,1,975.0,151.0,59,True,-975.0,-975.0,-1950.0
266,2,909.0,102.0,58,True,-909.0,-909.0,-1818.0
266,3,888.3333333333334,102.0,58,True,-888.3333333333334,-888.3333333333334,-1776.6666666666667
267,0,909.0,151.0,59,True,-909.0,-909.0,-1818.0
267,1,975.0,151.0,59,True,-975.0,-975.0,-1950.0
267,2,909.0,151.0,59,True,-909.0,-909.0,-1818.0
267,3,909.0,151.0,59,True,-909.0,-909.0,-1818.0
268,0,909.0,102.0,58,True,-909.0,-909.0,-1818.0
268,1,909.0,102.0,58,True,-909.0,-909.0,-1818.0
268,2,909.0,151.0,59,True,-909.0,-909.0,-1818.0
268,3,909.0,151.0,59,True,-909.0,-909.0,-1818.0
269,0,888.3333333333334,102.0,58,True,-888.3333333333334,-888.3333333333334,-1776.6666666666667
269,1,916.0,151.0,59,True,-916.0,-916.0,-1832.0
269,2,909.0,151.0,59,True,-909.0,-909.0,-1818.0
269,3,942.0,151.0,59,True,-942.0,-942.0,-1884.0
270,0,909.0,151.0,59,True,-909.0,-909.0,-1818.0
270,1,909.0,151.0,59,True,-909.0,-909.0,-1818.0
270,2,909.0,151.0,59,True,-909.0,-909.0,-1818.0
270,3,909.0,151.0,59,True,-909.0,-909.0,-1818.0
271,0,916.0,151.0,59,True,-916.0,-916.0,-1832.0
271,1,909.0,151.0,59,True,-909.0,-909.0,-1818.0
271,2,909.0,151.0,59,True,-909.0,-909.0,-1818.0
271,3,909.0,151.0,59,True,-909.0,-909.0,-1818.0
272,0,909.0,151.0,59,True,-909.0,-909.0,-1818.0
272,1,909.0,151.0,59,True,-909.0,-909.0,-1818.0
272,2,909.0,151.0,59,True,-909.0,-909.0,-1818.0
272,3,909.0,151.0,59,True,-909.0,-909.0,-1818.0
273,0,909.0,102.0,58,True,-909.0,-909.0,-1818.0
273,1,916.0,151.0,59,True,-916.0,-916.0,-1832.0
273,2,1035.0,193.0,59,True,-1035.0,-1035.0,-2070.0
273,3,888.3333333333334,102.0,58,True,-888.3333333333334,-888.3333333333334,-1776.6666666666667
274,0,909.0,102.0,58,True,-909.0,-909.0,-1818.0
274,1,902.0,102.0,58,True,-902.0,-902.0,-1804.0
274,2,909.0,151.0,59,True,-909.0,-909.0,-1818.0
274,3,909.0,151.0,59,True,-909.0,-909.0,-1818.0
275,0,909.0,151.0,59,True,-909.0,-909.0,-1818.0
275,1,948.0,193.0,60,True,-948.0,-948.0,-1896.0
275,2,952.0,151.0,59,True,-952.0,-952.0,-1904.0
275,3,916.0,151.0,59,True,-916.0,-916.0,-1832.0
276,0,916.0,151.0,59,True,-916.0,-916.0,-1832.0
276,1,909.0,151.0,59,True,-909.0,-909.0,-1818.0
276,2,909.0,151.0,59,True,-909.0,-909.0,-1818.0
276,3,909.0,151.0,59,True,-909.0,-909.0,-1818.0
277,0,909.0,151.0,59,True,-909.0,-909.0,-1818.0
277,1,909.0,151.0,59,True,-909.0,-909.0,-1818.0
277,2,909.0,151.0,59,True,-909.0,-909.0,-1818.0
277,3,909.0,151.0,59,True,-909.0,-909.0,-1818.0
278,0,909.0,102.0,58,True,-909.0,-909.0,-1818.0
278,1,937.3333333333334,102.0,58,True,-937.3333333333334,-937.3333333333334,-1874.6666666666667
278,2,902.0,102.0,58,True,-902.0,-902.0,-1804.0
278,3,902.0,102.0,58,True,-902.0,-902.0,-1804.0
279,0,916.0,151.0,59,True,-916.0,-916.0,-1832.0
279,1,968.0,151.0,59,True,-968.0,-968.0,-1936.0
279,2,909.0,151.0,59,True,-909.0,-909.0,-1818.0
279,3,909.0,151.0,59,True,-909.0,-909.0,-1818.0
280,0,916.0,151.0,59,True,-916.0,-916.0,-1832.0
280,1,942.0,151.0,59,True,-942.0,-942.0,-1884.0
280,2,902.0,102.0,58,True,-902.0,-902.0,-1804.0
280,3,909.0,151.0,59,True,-909.0,-909.0,-1818.0
281,0,909.0,151.0,59,True,-909.0,-909.0,-1818.0
281,1,916.0,151.0,59,True,-916.0,-916.0,-1832.0
281,2,909.0,151.0,59,True,-909.0,-909.0,-1818.0
281,3,916.0,151.0,59,True,-916.0,-916.0,-1832.0
282,0,916.0,151.0,59,True,-916.0,-916.0,-1832.0
282,1,952.0,151.0,59,True,-952.0,-952.0,-1904.0
282,2,916.0,151.0,59,True,-916.0,-916.0,-1832.0
282,3,916.0,151.0,59,True,-916.0,-916.0,-1832.0
283,0,909.0,151.0,59,True,-909.0,-909.0,-1818.0
283,1,909.0,151.0,59,True,-909.0,-909.0,-1818.0
283,2,909.0,151.0,59,True,-909.0,-909.0,-1818.0
283,3,916.0,151.0,59,True,-916.0,-916.0,-1832.0
284,0,888.3333333333334,102.0,58,True,-888.3333333333334,-888.3333333333334,-1776.6666666666667
284,1,909.0,151.0,59,True,-909.0,-909.0,-1818.0
284,2,948.0,151.0,59,True,-948.0,-948.0,-1896.0
284,3,909.0,102.0,58,True,-909.0,-909.0,-1818.0
285,0,975.0,151.0,59,True,-975.0,-975.0,-1950.0
285,1,942.0,151.0,59,True,-942.0,-942.0,-1884.0
285,2,909.0,102.0,58,True,-909.0,-909.0,-1818.0
285,3,909.0,151.0,59,True,-909.0,-909.0,-1818.0
286,0,909.0,102.0,58,True,-909.0,-909.0,-1818.0
286,1,909.0,151.0,59,True,-909.0,-909.0,-1818.0
286,2,909.0,102.0,58,True,-909.0,-909.0,-1818.0
286,3,909.0,102.0,58,True,-909.0,-909.0,-1818.0
287,0,888.3333333333334,102.0,58,True,-888.3333333333334,-888.3333333333334,-1776.6666666666667
287,1,888.3333333333334,102.0,58,True,-888.3333333333334,-888.3333333333334,-1776.6666666666667
287,2,937.3333333333334,102.0,58,True,-937.3333333333334,-937.3333333333334,-1874.6666666666667
287,3,888.3333333333334,102.0,58,True,-888.3333333333334,-888.3333333333334,-1776.6666666666667
288,0,937.3333333333334,102.0,58,True,-937.3333333333334,-937.3333333333334,-1874.6666666666667
288,1,909.0,102.0,58,True,-909.0,-909.0,-1818.0
288,2,902.0,102.0,58,True,-902.0,-902.0,-1804.0
288,3,937.3333333333334,102.0,58,True,-937.3333333333334,-937.3333333333334,-1874.6666666666667
289,0,902.0,102.0,58,True,-902.0,-902.0,-1804.0
289,1,902.0,102.0,58,True,-902.0,-902.0,-1804.0
289,2,909.0,102.0,58,True,-909.0,-909.0,-1818.0
289,3,937.3333333333334,102.0,58,True,-937.3333333333334,-937.3333333333334,-1874.6666666666667
290,0,888.3333333333334,102.0,58,True,-888.3333333333334,-888.3333333333334,-1776.6666666666667
290,1,909.0,151.0,59,True,-909.0,-909.0,-1818.0
290,2,909.0,151.0,59,True,-909.0,-909.0,-1818.0
290,3,942.0,151.0,59,True,-942.0,-942.0,-1884.0
291,0,916.0,151.0,59,True,-916.0,-916.0,-1832.0
291,1,909.0,151.0,59,True,-909.0,-909.0,-1818.0
291,2,909.0,102.0,58,True,-909.0,-909.0,-1818.0
291,3,909.0,151.0,59,True,-909.0,-909.0,-1818.0
292,0,909.0,151.0,59,True,-909.0,-909.0,-1818.0
292,1,909.0,151.0,59,True,-909.0,-909.0,-1818.0
292,2,902.0,102.0,58,True,-902.0,-902.0,-1804.0
292,3,909.0,151.0,59,True,-909.0,-909.0,-1818.0
293,0,909.0,151.0,59,True,-909.0,-909.0,-1818.0
293,1,909.0,151.0,59,True,-909.0,-909.0,-1818.0
293,2,902.0,102.0,58,True,-902.0,-902.0,-1804.0
293,3,902.0,102.0,58,True,-902.0,-902.0,-1804.0
294,0,968.0,151.0,59,True,-968.0,-968.0,-1936.0
294,1,909.0,151.0,59,True,-909.0,-909.0,-1818.0
294,2,909.0,151.0,59,True,-909.0,-909.0,-1818.0
294,3,909.0,151.0,59,True,-909.0,-909.0,-1818.0
295,0,902.0,102.0,58,True,-902.0,-902.0,-1804.0
295,1,909.0,151.0,59,True,-909.0,-909.0,-1818.0
295,2,913.8333333333333,148.0,59,True,-913.8333333333333,-913.8333333333333,-1827.6666666666665
295,3,909.0,151.0,59,True,-909.0,-909.0,-1818.0
296,0,968.0,151.0,59,True,-968.0,-968.0,-1936.0
296,1,909.0,151.0,59,True,-909.0,-909.0,-1818.0
296,2,909.0,151.0,59,True,-909.0,-909.0,-1818.0
296,3,909.0,151.0,59,True,-909.0,-909.0,-1818.0
297,0,909.0,151.0,59,True,-909.0,-909.0,-1818.0
297,1,909.0,151.0,59,True,-909.0,-909.0,-1818.0
297,2,909.0,151.0,59,True,-909.0,-909.0,-1818.0
297,3,909.0,151.0,59,True,-909.0,-909.0,-1818.0
298,0,909.0,151.0,59,True,-909.0,-909.0,-1818.0
298,1,909.0,151.0,59,True,-909.0,-909.0,-1818.0
298,2,888.3333333333334,102.0,58,True,-888.3333333333334,-888.3333333333334,-1776.6666666666667
298,3,909.0,151.0,59,True,-909.0,-909.0,-1818.0
299,0,909.0,151.0,59,True,-909.0,-909.0,-1818.0
299,1,909.0,102.0,58,True,-909.0,-909.0,-1818.0
299,2,909.0,151.0,59,True,-909.0,-909.0,-1818.0
299,3,909.0,151.0,59,True,-909.0,-909.0,-1818.0
300,0,909.0,151.0,59,True,-909.0,-909.0,-1818.0
300,1,909.0,151.0,59,True,-909.0,-909.0,-1818.0
300,2,909.0,151.0,59,True,-909.0,-909.0,-1818.0
300,3,888.3333333333334,102.0,58,True,-888.3333333333334,-888.3333333333334,-1776.6666666666667
301,0,926.0,151.0,59,True,-926.0,-926.0,-1852.0
301,1,909.0,151.0,59,True,-909.0,-909.0,-1818.0
301,2,902.0,102.0,58,True,-902.0,-902.0,-1804.0
301,3,948.0,151.0,59,True,-948.0,-948.0,-1896.0
302,0,902.0,102.0,58,True,-902.0,-902.0,-1804.0
302,1,1086.0,193.0,59,True,-1086.0,-1086.0,-2172.0
302,2,1371.0,285.0,61,True,-1371.0,-1371.0,-2742.0
302,3,909.0,102.0,58,True,-909.0,-909.0,-1818.0
303,0,902.0,102.0,58,True,-902.0,-902.0,-1804.0
303,1,902.0,102.0,58,True,-902.0,-902.0,-1804.0
303,2,1339.8333333333335,148.0,59,True,-1339.8333333333335,-1339.8333333333335,-2679.666666666667
303,3,902.0,102.0,58,True,-902.0,-902.0,-1804.0
304,0,1320.8333333333335,148.0,59,True,-1320.8333333333335,-1320.8333333333335,-2641.666666666667
304,1,1339.8333333333335,148.0,59,True,-1339.8333333333335,-1339.8333333333335,-2679.666666666667
304,2,1535.0,285.0,60,True,-1535.0,-1535.0,-3070.0
304,3,1316.8333333333335,148.0,59,True,-1316.8333333333335,-1316.8333333333335,-2633.666666666667
305,0,902.0,102.0,58,True,-902.0,-902.0,-1804.0
305,1,1361.0,193.0,59,True,-1361.0,-1361.0,-2722.0
305,2,902.0,102.0,58,True,-902.0,-902.0,-1804.0
305,3,902.0,102.0,58,True,-902.0,-902.0,-1804.0
306,0,1392.0,193.0,59,True,-1392.0,-1392.0,-2784.0
306,1,902.0,102.0,58,True,-902.0,-902.0,-1804.0
306,2,1339.8333333333335,148.0,59,True,-1339.8333333333335,-1339.8333333333335,-2679.666666666667
306,3,1339.8333333333335,148.0,59,True,-1339.8333333333335,-1339.8333333333335,-2679.666666666667
307,0,1310.0,193.0,59,True,-1310.0,-1310.0,-2620.0
307,1,1264.5,291.0,61,True,-1264.5,-1264.5,-2529.0
307,2,1361.5,239.0,59,True,-1361.5,-1361.5,-2723.0
307,3,902.0,102.0,58,True,-902.0,-902.0,-1804.0
308,0,902.0,102.0,58,True,-902.0,-902.0,-1804.0
308,1,902.0,102.0,58,True,-902.0,-902.0,-1804.0
308,2,902.0,102.0,58,True,-902.0,-902.0,-1804.0
308,3,902.0,102.0,58,True,-902.0,-902.0,-1804.0
309,0,902.0,102.0,58,True,-902.0,-902.0,-1804.0
309,1,902.0,102.0,58,True,-902.0,-902.0,-1804.0
309,2,902.0,102.0,58,True,-902.0,-902.0,-1804.0
309,3,1107.8333333333333,148.0,59,True,-1107.8333333333333,-1107.8333333333333,-2215.6666666666665
310,0,902.0,102.0,58,True,-902.0,-902.0,-1804.0
310,1,902.0,102.0,58,True,-902.0,-902.0,-1804.0
310,2,996.3333333333334,102.0,58,True,-996.3333333333334,-996.3333333333334,-1992.6666666666667
310,3,902.0,102.0,58,True,-902.0,-902.0,-1804.0
311,0,902.0,102.0,58,True,-902.0,-902.0,-1804.0
311,1,1047.8333333333333,148.0,59,True,-1047.8333333333333,-1047.8333333333333,-2095.6666666666665
311,2,902.0,102.0,58,True,-902.0,-902.0,-1804.0
311,3,902.0,102.0,58,True,-902.0,-902.0,-1804.0
312,0,902.0,102.0,58,True,-902.0,-902.0,-1804.0
312,1,902.0,102.0,58,True,-902.0,-902.0,-1804.0
312,2,937.3333333333334,102.0,58,True,-937.3333333333334,-937.3333333333334,-1874.6666666666667
312,3,902.0,102.0,58,True,-902.0,-902.0,-1804.0
313,0,902.0,102.0,58,True,-902.0,-902.0,-1804.0
313,1,902.0,102.0,58,True,-902.0,-902.0,-1804.0
313,2,909.0,151.0,59,True,-909.0,-909.0,-1818.0
313,3,952.0,151.0,59,True,-952.0,-952.0,-1904.0
314,0,902.0,102.0,58,True,-902.0,-902.0,-1804.0
314,1,902.0,102.0,58,True,-902.0,-902.0,-1804.0
314,2,902.0,102.0,58,True,-902.0,-902.0,-1804.0
314,3,968.0,151.0,59,True,-968.0,-968.0,-1936.0
315,0,902.0,102.0,58,True,-902.0,-902.0,-1804.0
315,1,902.0,102.0,58,True,-902.0,-902.0,-1804.0
315,2,902.0,102.0,58,True,-902.0,-902.0,-1804.0
315,3,902.0,102.0,58,True,-902.0,-902.0,-1804.0
316,0,902.0,102.0,58,True,-902.0,-902.0,-1804.0
316,1,902.0,102.0,58,True,-902.0,-902.0,-1804.0
316,2,909.0,151.0,59,True,-909.0,-909.0,-1818.0
316,3,909.0,151.0,59,True,-909.0,-909.0,-1818.0
317,0,902.0,102.0,58,True,-902.0,-902.0,-1804.0
317,1,902.0,102.0,58,True,-902.0,-902.0,-1804.0
317,2,902.0,102.0,58,True,-902.0,-902.0,-1804.0
317,3,902.0,102.0,58,True,-902.0,-902.0,-1804.0
318,0,1328.8333333333335,148.0,58,True,-1328.8333333333335,-1328.8333333333335,-2657.666666666667
318,1,902.0,102.0,58,True,-902.0,-902.0,-1804.0
318,2,902.0,102.0,58,True,-902.0,-902.0,-1804.0
318,3,902.0,102.0,58,True,-902.0,-902.0,-1804.0
319,0,902.0,102.0,58,True,-902.0,-902.0,-1804.0
319,1,902.0,102.0,58,True,-902.0,-902.0,-1804.0
319,2,902.0,102.0,58,True,-902.0,-902.0,-1804.0
319,3,1073.8333333333335,200.0,60,True,-1073.8333333333335,-1073.8333333333335,-2147.666666666667
320,0,902.0,102.0,58,True,-902.0,-902.0,-1804.0
320,1,902.0,102.0,58,True,-902.0,-902.0,-1804.0
320,2,902.0,102.0,58,True,-902.0,-902.0,-1804.0
320,3,902.0,102.0,58,True,-902.0,-902.0,-1804.0
321,0,937.3333333333334,102.0,58,True,-937.3333333333334,-937.3333333333334,-1874.6666666666667
321,1,902.0,102.0,58,True,-902.0,-902.0,-1804.0
321,2,1031.8333333333333,148.0,58,True,-1031.8333333333333,-1031.8333333333333,-2063.6666666666665
321,3,902.0,102.0,58,True,-902.0,-902.0,-1804.0
322,0,1048.0,245.0,60,True,-1048.0,-1048.0,-2096.0
322,1,902.0,102.0,58,True,-902.0,-902.0,-1804.0
322,2,902.0,102.0,58,True,-902.0,-902.0,-1804.0
322,3,902.0,102.0,58,True,-902.0,-902.0,-1804.0
323,0,902.0,102.0,58,True,-902.0,-902.0,-1804.0
323,1,902.0,102.0,58,True,-902.0,-902.0,-1804.0
323,2,902.0,102.0,58,True,-902.0,-902.0,-1804.0
323,3,902.0,102.0,58,True,-902.0,-902.0,-1804.0
324,0,902.0,102.0,58,True,-902.0,-902.0,-1804.0
324,1,902.0,102.0,58,True,-902.0,-902.0,-1804.0
324,2,902.0,102.0,58,True,-902.0,-902.0,-1804.0
324,3,902.0,102.0,58,True,-902.0,-902.0,-1804.0
325,0,902.0,102.0,58,True,-902.0,-902.0,-1804.0
325,1,984.0,151.0,59,True,-984.0,-984.0,-1968.0
325,2,902.0,102.0,58,True,-902.0,-902.0,-1804.0
325,3,902.0,102.0,58,True,-902.0,-902.0,-1804.0
326,0,952.0,151.0,59,True,-952.0,-952.0,-1904.0
326,1,902.0,102.0,58,True,-902.0,-902.0,-1804.0
326,2,937.3333333333334,102.0,58,True,-937.3333333333334,-937.3333333333334,-1874.6666666666667
326,3,902.0,102.0,58,True,-902.0,-902.0,-1804.0
327,0,902.0,102.0,58,True,-902.0,-902.0,-1804.0
327,1,902.0,102.0,58,True,-902.0,-902.0,-1804.0
327,2,902.0,102.0,58,True,-902.0,-902.0,-1804.0
327,3,902.0,102.0,58,True,-902.0,-902.0,-1804.0
328,0,902.0,102.0,58,True,-902.0,-902.0,-1804.0
328,1,902.0,102.0,58,True,-902.0,-902.0,-1804.0
328,2,902.0,102.0,58,True,-902.0,-902.0,-1804.0
328,3,902.0,102.0,58,True,-902.0,-902.0,-1804.0
329,0,902.0,102.0,58,True,-902.0,-902.0,-1804.0
329,1,902.0,102.0,58,True,-902.0,-902.0,-1804.0
329,2,902.0,102.0,58,True,-902.0,-902.0,-1804.0
329,3,902.0,102.0,58,True,-902.0,-902.0,-1804.0
330,0,902.0,102.0,58,True,-902.0,-902.0,-1804.0
330,1,902.0,102.0,58,True,-902.0,-902.0,-1804.0
330,2,902.0,102.0,58,True,-902.0,-902.0,-1804.0
330,3,902.0,102.0,58,True,-902.0,-902.0,-1804.0
331,0,902.0,102.0,58,True,-902.0,-902.0,-1804.0
331,1,902.0,102.0,58,True,-902.0,-902.0,-1804.0
331,2,902.0,102.0,58,True,-902.0,-902.0,-1804.0
331,3,902.0,102.0,58,True,-902.0,-902.0,-1804.0
332,0,952.0,151.0,59,True,-952.0,-952.0,-1904.0
332,1,902.0,102.0,58,True,-902.0,-902.0,-1804.0
332,2,902.0,102.0,58,True,-902.0,-902.0,-1804.0
332,3,902.0,102.0,58,True,-902.0,-902.0,-1804.0
333,0,902.0,102.0,58,True,-902.0,-902.0,-1804.0
333,1,902.0,102.0,58,True,-902.0,-902.0,-1804.0
333,2,902.0,102.0,58,True,-902.0,-902.0,-1804.0
333,3,937.3333333333334,102.0,58,True,-937.3333333333334,-937.3333333333334,-1874.6666666666667
334,0,902.0,102.0,58,True,-902.0,-902.0,-1804.0
334,1,902.0,102.0,58,True,-902.0,-902.0,-1804.0
334,2,902.0,102.0,58,True,-902.0,-902.0,-1804.0
334,3,902.0,102.0,58,True,-902.0,-902.0,-1804.0
335,0,902.0,102.0,58,True,-902.0,-902.0,-1804.0
335,1,902.0,102.0,58,True,-902.0,-902.0,-1804.0
335,2,902.0,102.0,58,True,-902.0,-902.0,-1804.0
335,3,902.0,102.0,58,True,-902.0,-902.0,-1804.0
336,0,902.0,102.0,58,True,-902.0,-902.0,-1804.0
336,1,902.0,102.0,58,True,-902.0,-902.0,-1804.0
336,2,964.8333333333333,148.0,59,True,-964.8333333333333,-964.8333333333333,-1929.6666666666665
336,3,902.0,102.0,58,True,-902.0,-902.0,-1804.0
337,0,902.0,102.0,58,True,-902.0,-902.0,-1804.0
337,1,902.0,102.0,58,True,-902.0,-902.0,-1804.0
337,2,902.0,102.0,58,True,-902.0,-902.0,-1804.0
337,3,902.0,102.0,58,True,-902.0,-902.0,-1804.0
338,0,902.0,102.0,58,True,-902.0,-902.0,-1804.0
338,1,902.0,102.0,58,True,-902.0,-902.0,-1804.0
338,2,902.0,102.0,58,True,-902.0,-902.0,-1804.0
338,3,902.0,102.0,58,True,-902.0,-902.0,-1804.0
339,0,902.0,102.0,58,True,-902.0,-902.0,-1804.0
339,1,902.0,102.0,58,True,-902.0,-902.0,-1804.0
339,2,902.0,102.0,58,True,-902.0,-902.0,-1804.0
339,3,902.0,102.0,58,True,-902.0,-902.0,-1804.0
340,0,902.0,102.0,58,True,-902.0,-902.0,-1804.0
340,1,902.0,102.0,58,True,-902.0,-902.0,-1804.0
340,2,902.0,102.0,58,True,-902.0,-902.0,-1804.0
340,3,902.0,102.0,58,True,-902.0,-902.0,-1804.0
341,0,993.0,193.0,60,True,-993.0,-993.0,-1986.0
341,1,902.0,102.0,58,True,-902.0,-902.0,-1804.0
341,2,902.0,102.0,58,True,-902.0,-902.0,-1804.0
341,3,902.0,102.0,58,True,-902.0,-902.0,-1804.0
342,0,937.3333333333334,102.0,58,True,-937.3333333333334,-937.3333333333334,-1874.6666666666667
342,1,902.0,102.0,58,True,-902.0,-902.0,-1804.0
342,2,902.0,102.0,58,True,-902.0,-902.0,-1804.0
342,3,902.0,102.0,58,True,-902.0,-902.0,-1804.0
343,0,909.0,151.0,59,True,-909.0,-909.0,-1818.0
343,1,902.0,102.0,58,True,-902.0,-902.0,-1804.0
343,2,902.0,102.0,58,True,-902.0,-902.0,-1804.0
343,3,902.0,102.0,58,True,-902.0,-902.0,-1804.0
344,0,902.0,102.0,58,True,-902.0,-902.0,-1804.0
344,1,902.0,102.0,58,True,-902.0,-902.0,-1804.0
344,2,909.0,151.0,59,True,-909.0,-909.0,-1818.0
344,3,909.0,151.0,59,True,-909.0,-909.0,-1818.0
345,0,909.0,151.0,59,True,-909.0,-909.0,-1818.0
345,1,942.0,151.0,59,True,-942.0,-942.0,-1884.0
345,2,909.0,151.0,59,True,-909.0,-909.0,-1818.0
345,3,942.0,151.0,59,True,-942.0,-942.0,-1884.0
346,0,942.0,151.0,59,True,-942.0,-942.0,-1884.0
346,1,942.0,151.0,59,True,-942.0,-942.0,-1884.0
346,2,942.0,151.0,59,True,-942.0,-942.0,-1884.0
346,3,966.0,193.0,60,True,-966.0,-966.0,-1932.0
347,0,909.0,151.0,59,True,-909.0,-909.0,-1818.0
347,1,909.0,151.0,59,True,-909.0,-909.0,-1818.0
347,2,909.0,151.0,59,True,-909.0,-909.0,-1818.0
347,3,942.0,151.0,59,True,-942.0,-942.0,-1884.0
348,0,909.0,151.0,59,True,-909.0,-909.0,-1818.0
348,1,909.0,151.0,59,True,-909.0,-909.0,-1818.0
348,2,888.3333333333334,102.0,58,True,-888.3333333333334,-888.3333333333334,-1776.6666666666667
348,3,957.0,151.0,59,True,-957.0,-957.0,-1914.0
349,0,909.0,151.0,59,True,-909.0,-909.0,-1818.0
349,1,909.0,151.0,59,True,-909.0,-909.0,-1818.0
349,2,909.0,151.0,59,True,-909.0,-909.0,-1818.0
349,3,902.0,102.0,58,True,-902.0,-902.0,-1804.0
350,0,902.0,102.0,58,True,-902.0,-902.0,-1804.0
350,1,909.0,151.0,59,True,-909.0,-909.0,-1818.0
350,2,909.0,151.0,59,True,-909.0,-909.0,-1818.0
350,3,902.0,102.0,58,True,-902.0,-902.0,-1804.0
351,0,909.0,151.0,59,True,-909.0,-909.0,-1818.0
351,1,902.0,102.0,58,True,-902.0,-902.0,-1804.0
351,2,909.0,151.0,59,True,-909.0,-909.0,-1818.0
351,3,942.0,151.0,59,True,-942.0,-942.0,-1884.0
352,0,902.0,102.0,58,True,-902.0,-902.0,-1804.0
352,1,942.0,151.0,59,True,-942.0,-942.0,-1884.0
352,2,902.0,102.0,58,True,-902.0,-902.0,-1804.0
352,3,984.0,193.0,60,True,-984.0,-984.0,-1968.0
353,0,902.0,102.0,58,True,-902.0,-902.0,-1804.0
353,1,1003.0,284.0,61,True,-1003.0,-1003.0,-2006.0
353,2,909.0,151.0,59,True,-909.0,-909.0,-1818.0
353,3,909.0,151.0,59,True,-909.0,-909.0,-1818.0
354,0,902.0,102.0,58,True,-902.0,-902.0,-1804.0
354,1,937.3333333333334,102.0,58,True,-937.3333333333334,-937.3333333333334,-1874.6666666666667
354,2,902.0,102.0,58,True,-902.0,-902.0,-1804.0
354,3,902.0,102.0,58,True,-902.0,-902.0,-1804.0
355,0,909.0,151.0,59,True,-909.0,-909.0,-1818.0
355,1,909.0,151.0,59,True,-909.0,-909.0,-1818.0
355,2,942.0,151.0,59,True,-942.0,-942.0,-1884.0
355,3,909.0,151.0,59,True,-909.0,-909.0,-1818.0
356,0,1129.8333333333333,148.0,58,True,-1129.8333333333333,-1129.8333333333333,-2259.6666666666665
356,1,1144.0,193.0,59,True,-1144.0,-1144.0,-2288.0
356,2,909.0,151.0,59,True,-909.0,-909.0,-1818.0
356,3,1229.8333333333333,148.0,59,True,-1229.8333333333333,-1229.8333333333333,-2459.6666666666665
357,0,909.0,151.0,59,True,-909.0,-909.0,-1818.0
357,1,942.0,151.0,59,True,-942.0,-942.0,-1884.0
357,2,942.0,151.0,59,True,-942.0,-942.0,-1884.0
357,3,1181.0,193.0,59,True,-1181.0,-1181.0,-2362.0
358,0,909.0,151.0,59,True,-909.0,-909.0,-1818.0
358,1,909.0,151.0,59,True,-909.0,-909.0,-1818.0
358,2,909.0,151.0,59,True,-909.0,-909.0,-1818.0
358,3,942.0,151.0,59,True,-942.0,-942.0,-1884.0
359,0,909.0,151.0,59,True,-909.0,-909.0,-1818.0
359,1,909.0,151.0,59,True,-909.0,-909.0,-1818.0
359,2,909.0,151.0,59,True,-909.0,-909.0,-1818.0
359,3,909.0,151.0,59,True,-909.0,-909.0,-1818.0
360,0,909.0,151.0,59,True,-909.0,-909.0,-1818.0
360,1,909.0,151.0,59,True,-909.0,-909.0,-1818.0
360,2,909.0,151.0,59,True,-909.0,-909.0,-1818.0
360,3,909.0,151.0,59,True,-909.0,-909.0,-1818.0
361,0,909.0,151.0,59,True,-909.0,-909.0,-1818.0
361,1,909.0,151.0,59,True,-909.0,-909.0,-1818.0
361,2,909.0,151.0,59,True,-909.0,-909.0,-1818.0
361,3,909.0,151.0,59,True,-909.0,-909.0,-1818.0
362,0,909.0,151.0,59,True,-909.0,-909.0,-1818.0
362,1,909.0,151.0,59,True,-909.0,-909.0,-1818.0
362,2,909.0,151.0,59,True,-909.0,-909.0,-1818.0
362,3,909.0,151.0,59,True,-909.0,-909.0,-1818.0
363,0,909.0,151.0,59,True,-909.0,-909.0,-1818.0
363,1,909.0,151.0,59,True,-909.0,-909.0,-1818.0
363,2,909.0,151.0,59,True,-909.0,-909.0,-1818.0
363,3,909.0,151.0,59,True,-909.0,-909.0,-1818.0
364,0,902.0,102.0,58,True,-902.0,-902.0,-1804.0
364,1,902.0,102.0,58,True,-902.0,-902.0,-1804.0
364,2,902.0,102.0,58,True,-902.0,-902.0,-1804.0
364,3,909.0,151.0,59,True,-909.0,-909.0,-1818.0
365,0,902.0,102.0,58,True,-902.0,-902.0,-1804.0
365,1,909.0,151.0,59,True,-909.0,-909.0,-1818.0
365,2,902.0,102.0,58,True,-902.0,-902.0,-1804.0
365,3,909.0,151.0,59,True,-909.0,-909.0,-1818.0
366,0,902.0,102.0,58,True,-902.0,-902.0,-1804.0
366,1,902.0,102.0,58,True,-902.0,-902.0,-1804.0
366,2,909.0,151.0,59,True,-909.0,-909.0,-1818.0
366,3,902.0,102.0,58,True,-902.0,-902.0,-1804.0
367,0,902.0,102.0,58,True,-902.0,-902.0,-1804.0
367,1,909.0,151.0,59,True,-909.0,-909.0,-1818.0
367,2,902.0,102.0,58,True,-902.0,-902.0,-1804.0
367,3,909.0,151.0,59,True,-909.0,-909.0,-1818.0
368,0,909.0,151.0,59,True,-909.0,-909.0,-1818.0
368,1,909.0,151.0,59,True,-909.0,-909.0,-1818.0
368,2,909.0,151.0,59,True,-909.0,-909.0,-1818.0
368,3,909.0,151.0,59,True,-909.0,-909.0,-1818.0
369,0,909.0,151.0,59,True,-909.0,-909.0,-1818.0
369,1,909.0,151.0,59,True,-909.0,-909.0,-1818.0
369,2,909.0,151.0,59,True,-909.0,-909.0,-1818.0
369,3,909.0,151.0,59,True,-909.0,-909.0,-1818.0
370,0,909.0,151.0,59,True,-909.0,-909.0,-1818.0
370,1,909.0,151.0,59,True,-909.0,-909.0,-1818.0
370,2,909.0,151.0,59,True,-909.0,-909.0,-1818.0
370,3,909.0,151.0,59,True,-909.0,-909.0,-1818.0
371,0,1199.8333333333335,148.0,59,True,-1199.8333333333335,-1199.8333333333335,-2399.666666666667
371,1,909.0,151.0,59,True,-909.0,-909.0,-1818.0
371,2,909.0,151.0,59,True,-909.0,-909.0,-1818.0
371,3,909.0,151.0,59,True,-909.0,-909.0,-1818.0
372,0,909.0,151.0,59,True,-909.0,-909.0,-1818.0
372,1,909.0,151.0,59,True,-909.0,-909.0,-1818.0
372,2,909.0,151.0,59,True,-909.0,-909.0,-1818.0
372,3,909.0,151.0,59,True,-909.0,-909.0,-1818.0
373,0,909.0,151.0,59,True,-909.0,-909.0,-1818.0
373,1,909.0,151.0,59,True,-909.0,-909.0,-1818.0
373,2,909.0,151.0,59,True,-909.0,-909.0,-1818.0
373,3,909.0,151.0,59,True,-909.0,-909.0,-1818.0
374,0,909.0,151.0,59,True,-909.0,-909.0,-1818.0
374,1,909.0,151.0,59,True,-909.0,-909.0,-1818.0
374,2,909.0,151.0,59,True,-909.0,-909.0,-1818.0
374,3,909.0,151.0,59,True,-909.0,-909.0,-1818.0
375,0,909.0,151.0,59,True,-909.0,-909.0,-1818.0
375,1,902.0,102.0,58,True,-902.0,-902.0,-1804.0
375,2,909.0,151.0,59,True,-909.0,-909.0,-1818.0
375,3,942.0,151.0,59,True,-942.0,-942.0,-1884.0
376,0,909.0,151.0,59,True,-909.0,-909.0,-1818.0
376,1,1075.0,193.0,59,True,-1075.0,-1075.0,-2150.0
376,2,909.0,151.0,59,True,-909.0,-909.0,-1818.0
376,3,909.0,151.0,59,True,-909.0,-909.0,-1818.0
377,0,942.0,151.0,59,True,-942.0,-942.0,-1884.0
377,1,942.0,151.0,59,True,-942.0,-942.0,-1884.0
377,2,909.0,151.0,59,True,-909.0,-909.0,-1818.0
377,3,916.0,151.0,59,True,-916.0,-916.0,-1832.0
378,0,909.0,151.0,59,True,-909.0,-909.0,-1818.0
378,1,909.0,151.0,59,True,-909.0,-909.0,-1818.0
378,2,909.0,151.0,59,True,-909.0,-909.0,-1818.0
378,3,942.0,151.0,59,True,-942.0,-942.0,-1884.0
379,0,909.0,151.0,59,True,-909.0,-909.0,-1818.0
379,1,909.0,151.0,59,True,-909.0,-909.0,-1818.0
379,2,942.0,151.0,59,True,-942.0,-942.0,-1884.0
379,3,909.0,151.0,59,True,-909.0,-909.0,-1818.0
380,0,902.0,102.0,58,True,-902.0,-902.0,-1804.0
380,1,909.0,151.0,59,True,-909.0,-909.0,-1818.0
380,2,909.0,151.0,59,True,-909.0,-909.0,-1818.0
380,3,902.0,102.0,58,True,-902.0,-902.0,-1804.0
381,0,909.0,151.0,59,True,-909.0,-909.0,-1818.0
381,1,902.0,102.0,58,True,-902.0,-902.0,-1804.0
381,2,909.0,151.0,59,True,-909.0,-909.0,-1818.0
381,3,909.0,151.0,59,True,-909.0,-909.0,-1818.0
382,0,909.0,151.0,59,True,-909.0,-909.0,-1818.0
382,1,909.0,151.0,59,True,-909.0,-909.0,-1818.0
382,2,909.0,151.0,59,True,-909.0,-909.0,-1818.0
382,3,909.0,151.0,59,True,-909.0,-909.0,-1818.0
383,0,909.0,151.0,59,True,-909.0,-909.0,-1818.0
383,1,909.0,151.0,59,True,-909.0,-909.0,-1818.0
383,2,909.0,151.0,59,True,-909.0,-909.0,-1818.0
383,3,909.0,151.0,59,True,-909.0,-909.0,-1818.0
384,0,942.0,151.0,59,True,-942.0,-942.0,-1884.0
384,1,942.0,151.0,59,True,-942.0,-942.0,-1884.0
384,2,942.0,151.0,59,True,-942.0,-942.0,-1884.0
384,3,942.0,151.0,59,True,-942.0,-942.0,-1884.0
385,0,942.0,151.0,59,True,-942.0,-942.0,-1884.0
385,1,942.0,151.0,59,True,-942.0,-942.0,-1884.0
385,2,942.0,151.0,59,True,-942.0,-942.0,-1884.0
385,3,942.0,151.0,59,True,-942.0,-942.0,-1884.0
386,0,909.0,151.0,59,True,-909.0,-909.0,-1818.0
386,1,909.0,151.0,59,True,-909.0,-909.0,-1818.0
386,2,942.0,151.0,59,True,-942.0,-942.0,-1884.0
386,3,909.0,151.0,59,True,-909.0,-909.0,-1818.0
387,0,909.0,151.0,59,True,-909.0,-909.0,-1818.0
387,1,902.0,102.0,58,True,-902.0,-902.0,-1804.0
387,2,902.0,102.0,58,True,-902.0,-902.0,-1804.0
387,3,909.0,151.0,59,True,-909.0,-909.0,-1818.0
388,0,983.0,284.0,61,True,-983.0,-983.0,-1966.0
388,1,909.0,151.0,59,True,-909.0,-909.0,-1818.0
388,2,902.0,102.0,58,True,-902.0,-902.0,-1804.0
388,3,902.0,102.0,58,True,-902.0,-902.0,-1804.0
389,0,902.0,102.0,58,True,-902.0,-902.0,-1804.0
389,1,902.0,102.0,58,True,-902.0,-902.0,-1804.0
389,2,902.0,102.0,58,True,-902.0,-902.0,-1804.0
389,3,902.0,102.0,58,True,-902.0,-902.0,-1804.0
390,0,902.0,102.0,58,True,-902.0,-902.0,-1804.0
390,1,1042.8333333333333,200.0,60,True,-1042.8333333333333,-1042.8333333333333,-2085.6666666666665
390,2,902.0,102.0,58,True,-902.0,-902.0,-1804.0
390,3,902.0,102.0,58,True,-902.0,-902.0,-1804.0
391,0,937.3333333333334,102.0,58,True,-937.3333333333334,-937.3333333333334,-1874.6666666666667
391,1,902.0,102.0,58,True,-902.0,-902.0,-1804.0
391,2,902.0,102.0,58,True,-902.0,-902.0,-1804.0
391,3,1255.0,193.0,59,True,-1255.0,-1255.0,-2510.0
392,0,902.0,102.0,58,True,-902.0,-902.0,-1804.0
392,1,902.0,102.0,58,True,-902.0,-902.0,-1804.0
392,2,902.0,102.0,58,True,-902.0,-902.0,-1804.0
392,3,902.0,102.0,58,True,-902.0,-902.0,-1804.0
393,0,902.0,102.0,58,True,-902.0,-902.0,-1804.0
393,1,902.0,102.0,58,True,-902.0,-902.0,-1804.0
393,2,902.0,102.0,58,True,-902.0,-902.0,-1804.0
393,3,902.0,102.0,58,True,-902.0,-902.0,-1804.0
394,0,902.0,102.0,58,True,-902.0,-902.0,-1804.0
394,1,902.0,102.0,58,True,-902.0,-902.0,-1804.0
394,2,902.0,102.0,58,True,-902.0,-902.0,-1804.0
394,3,902.0,102.0,58,True,-902.0,-902.0,-1804.0
395,0,902.0,102.0,58,True,-902.0,-902.0,-1804.0
395,1,902.0,102.0,58,True,-902.0,-902.0,-1804.0
395,2,902.0,102.0,58,True,-902.0,-902.0,-1804.0
395,3,902.0,102.0,58,True,-902.0,-902.0,-1804.0
396,0,902.0,102.0,58,True,-902.0,-902.0,-1804.0
396,1,902.0,102.0,58,True,-902.0,-902.0,-1804.0
396,2,902.0,102.0,58,True,-902.0,-902.0,-1804.0
396,3,902.0,102.0,58,True,-902.0,-902.0,-1804.0
397,0,902.0,102.0,58,True,-902.0,-902.0,-1804.0
397,1,902.0,102.0,58,True,-902.0,-902.0,-1804.0
397,2,902.0,102.0,58,True,-902.0,-902.0,-1804.0
397,3,902.0,102.0,58,True,-902.0,-902.0,-1804.0
398,0,909.0,151.0,59,True,-909.0,-909.0,-1818.0
398,1,909.0,151.0,59,True,-909.0,-909.0,-1818.0
398,2,909.0,151.0,59,True,-909.0,-909.0,-1818.0
398,3,909.0,151.0,59,True,-909.0,-909.0,-1818.0
399,0,909.0,151.0,59,True,-909.0,-909.0,-1818.0
399,1,902.0,102.0,58,True,-902.0,-902.0,-1804.0
399,2,909.0,151.0,59,True,-909.0,-909.0,-1818.0
399,3,909.0,151.0,59,True,-909.0,-909.0,-1818.0
400,0,942.0,151.0,59,True,-942.0,-942.0,-1884.0
400,1,942.0,151.0,59,True,-942.0,-942.0,-1884.0
400,2,909.0,151.0,59,True,-909.0,-909.0,-1818.0
400,3,942.0,151.0,59,True,-942.0,-942.0,-1884.0
401,0,916.0,151.0,59,True,-916.0,-916.0,-1832.0
401,1,942.0,151.0,59,True,-942.0,-942.0,-1884.0
401,2,909.0,151.0,59,True,-909.0,-909.0,-1818.0
401,3,942.0,151.0,59,True,-942.0,-942.0,-1884.0
402,0,942.0,151.0,59,True,-942.0,-942.0,-1884.0
402,1,942.0,151.0,59,True,-942.0,-942.0,-1884.0
402,2,942.0,151.0,59,True,-942.0,-942.0,-1884.0
402,3,909.0,151.0,59,True,-909.0,-909.0,-1818.0
403,0,909.0,151.0,59,True,-909.0,-909.0,-1818.0
403,1,942.0,151.0,59,True,-942.0,-942.0,-1884.0
403,2,909.0,151.0,59,True,-909.0,-909.0,-1818.0
403,3,909.0,151.0,59,True,-909.0,-909.0,-1818.0
404,0,909.0,151.0,59,True,-909.0,-909.0,-1818.0
404,1,909.0,151.0,59,True,-909.0,-909.0,-1818.0
404,2,909.0,151.0,59,True,-909.0,-909.0,-1818.0
404,3,909.0,151.0,59,True,-909.0,-909.0,-1818.0
405,0,942.0,151.0,59,True,-942.0,-942.0,-1884.0
405,1,942.0,151.0,59,True,-942.0,-942.0,-1884.0
405,2,942.0,151.0,59,True,-942.0,-942.0,-1884.0
405,3,909.0,151.0,59,True,-909.0,-909.0,-1818.0
406,0,909.0,151.0,59,True,-909.0,-909.0,-1818.0
406,1,909.0,151.0,59,True,-909.0,-909.0,-1818.0
406,2,909.0,151.0,59,True,-909.0,-909.0,-1818.0
406,3,909.0,151.0,59,True,-909.0,-909.0,-1818.0
407,0,909.0,151.0,59,True,-909.0,-909.0,-1818.0
407,1,909.0,151.0,59,True,-909.0,-909.0,-1818.0
407,2,909.0,151.0,59,True,-909.0,-909.0,-1818.0
407,3,909.0,151.0,59,True,-909.0,-909.0,-1818.0
408,0,902.0,102.0,58,True,-902.0,-902.0,-1804.0
408,1,902.0,102.0,58,True,-902.0,-902.0,-1804.0
408,2,902.0,102.0,58,True,-902.0,-902.0,-1804.0
408,3,902.0,102.0,58,True,-902.0,-902.0,-1804.0
409,0,902.0,102.0,58,True,-902.0,-902.0,-1804.0
409,1,902.0,102.0,58,True,-902.0,-902.0,-1804.0
409,2,902.0,102.0,58,True,-902.0,-902.0,-1804.0
409,3,902.0,102.0,58,True,-902.0,-902.0,-1804.0
410,0,937.3333333333334,102.0,58,True,-937.3333333333334,-937.3333333333334,-1874.6666666666667
410,1,902.0,102.0,58,True,-902.0,-902.0,-1804.0
410,2,902.0,102.0,58,True,-902.0,-902.0,-1804.0
410,3,902.0,102.0,58,True,-902.0,-902.0,-1804.0
411,0,902.0,102.0,58,True,-902.0,-902.0,-1804.0
411,1,909.0,151.0,59,True,-909.0,-909.0,-1818.0
411,2,902.0,102.0,58,True,-902.0,-902.0,-1804.0
411,3,902.0,102.0,58,True,-902.0,-902.0,-1804.0
412,0,902.0,102.0,58,True,-902.0,-902.0,-1804.0
412,1,902.0,102.0,58,True,-902.0,-902.0,-1804.0
412,2,902.0,102.0,58,True,-902.0,-902.0,-1804.0
412,3,902.0,102.0,58,True,-902.0,-902.0,-1804.0
413,0,909.0,151.0,59,True,-909.0,-909.0,-1818.0
413,1,909.0,151.0,59,True,-909.0,-909.0,-1818.0
413,2,909.0,151.0,59,True,-909.0,-909.0,-1818.0
413,3,902.0,102.0,58,True,-902.0,-902.0,-1804.0
414,0,909.0,151.0,59,True,-909.0,-909.0,-1818.0
414,1,909.0,151.0,59,True,-909.0,-909.0,-1818.0
414,2,909.0,151.0,59,True,-909.0,-909.0,-1818.0
414,3,909.0,151.0,59,True,-909.0,-909.0,-1818.0
415,0,902.0,102.0,58,True,-902.0,-902.0,-1804.0
415,1,902.0,102.0,58,True,-902.0,-902.0,-1804.0
415,2,902.0,102.0,58,True,-902.0,-902.0,-1804.0
415,3,902.0,102.0,58,True,-902.0,-902.0,-1804.0
416,0,902.0,102.0,58,True,-902.0,-902.0,-1804.0
416,1,902.0,102.0,58,True,-902.0,-902.0,-1804.0
416,2,902.0,102.0,58,True,-902.0,-902.0,-1804.0
416,3,902.0,102.0,58,True,-902.0,-902.0,-1804.0
417,0,902.0,102.0,58,True,-902.0,-902.0,-1804.0
417,1,902.0,102.0,58,True,-902.0,-902.0,-1804.0
417,2,902.0,102.0,58,True,-902.0,-902.0,-1804.0
417,3,902.0,102.0,58,True,-902.0,-902.0,-1804.0
418,0,902.0,102.0,58,True,-902.0,-902.0,-1804.0
418,1,902.0,102.0,58,True,-902.0,-902.0,-1804.0
418,2,902.0,102.0,58,True,-902.0,-902.0,-1804.0
418,3,902.0,102.0,58,True,-902.0,-902.0,-1804.0
419,0,902.0,102.0,58,True,-902.0,-902.0,-1804.0
419,1,902.0,102.0,58,True,-902.0,-902.0,-1804.0
419,2,902.0,102.0,58,True,-902.0,-902.0,-1804.0
419,3,902.0,102.0,58,True,-902.0,-902.0,-1804.0
420,0,902.0,102.0,58,True,-902.0,-902.0,-1804.0
420,1,902.0,102.0,58,True,-902.0,-902.0,-1804.0
420,2,902.0,102.0,58,True,-902.0,-902.0,-1804.0
420,3,902.0,102.0,58,True,-902.0,-902.0,-1804.0
421,0,902.0,102.0,58,True,-902.0,-902.0,-1804.0
421,1,902.0,102.0,58,True,-902.0,-902.0,-1804.0
421,2,902.0,102.0,58,True,-902.0,-902.0,-1804.0
421,3,902.0,102.0,58,True,-902.0,-902.0,-1804.0
422,0,902.0,102.0,58,True,-902.0,-902.0,-1804.0
422,1,902.0,102.0,58,True,-902.0,-902.0,-1804.0
422,2,902.0,102.0,58,True,-902.0,-902.0,-1804.0
422,3,937.3333333333334,102.0,58,True,-937.3333333333334,-937.3333333333334,-1874.6666666666667
423,0,902.0,102.0,58,True,-902.0,-902.0,-1804.0
423,1,902.0,102.0,58,True,-902.0,-902.0,-1804.0
423,2,902.0,102.0,58,True,-902.0,-902.0,-1804.0
423,3,902.0,102.0,58,True,-902.0,-902.0,-1804.0
424,0,902.0,102.0,58,True,-902.0,-902.0,-1804.0
424,1,937.3333333333334,102.0,58,True,-937.3333333333334,-937.3333333333334,-1874.6666666666667
424,2,902.0,102.0,58,True,-902.0,-902.0,-1804.0
424,3,902.0,102.0,58,True,-902.0,-902.0,-1804.0
425,0,902.0,102.0,58,True,-902.0,-902.0,-1804.0
425,1,902.0,102.0,58,True,-902.0,-902.0,-1804.0
425,2,902.0,102.0,58,True,-902.0,-902.0,-1804.0
425,3,902.0,102.0,58,True,-902.0,-902.0,-1804.0
426,0,942.0,151.0,59,True,-942.0,-942.0,-1884.0
426,1,902.0,102.0,58,True,-902.0,-902.0,-1804.0
426,2,902.0,102.0,58,True,-902.0,-902.0,-1804.0
426,3,902.0,102.0,58,True,-902.0,-902.0,-1804.0
427,0,909.0,151.0,59,True,-909.0,-909.0,-1818.0
427,1,909.0,151.0,59,True,-909.0,-909.0,-1818.0
427,2,909.0,151.0,59,True,-909.0,-909.0,-1818.0
427,3,1001.0,193.0,60,True,-1001.0,-1001.0,-2002.0
428,0,902.0,102.0,58,True,-902.0,-902.0,-1804.0
428,1,902.0,102.0,58,True,-902.0,-902.0,-1804.0
428,2,988.8333333333333,148.0,58,True,-988.8333333333333,-988.8333333333333,-1977.6666666666665
428,3,909.0,151.0,59,True,-909.0,-909.0,-1818.0
429,0,942.0,151.0,59,True,-942.0,-942.0,-1884.0
429,1,909.0,151.0,59,True,-909.0,-909.0,-1818.0
429,2,942.0,151.0,59,True,-942.0,-942.0,-1884.0
429,3,909.0,151.0,59,True,-909.0,-909.0,-1818.0
430,0,909.0,151.0,59,True,-909.0,-909.0,-1818.0
430,1,942.0,151.0,59,True,-942.0,-942.0,-1884.0
430,2,1341.5,239.0,60,True,-1341.5,-1341.5,-2683.0
430,3,942.0,151.0,59,True,-942.0,-942.0,-1884.0
431,0,909.0,151.0,59,True,-909.0,-909.0,-1818.0
431,1,909.0,151.0,59,True,-909.0,-909.0,-1818.0
431,2,909.0,151.0,59,True,-909.0,-909.0,-1818.0
431,3,909.0,151.0,59,True,-909.0,-909.0,-1818.0
432,0,902.0,102.0,58,True,-902.0,-902.0,-1804.0
432,1,902.0,102.0,58,True,-902.0,-902.0,-1804.0
432,2,902.0,102.0,58,True,-902.0,-902.0,-1804.0
432,3,909.0,151.0,59,True,-909.0,-909.0,-1818.0
433,0,909.0,151.0,59,True,-909.0,-909.0,-1818.0
433,1,902.0,102.0,58,True,-902.0,-902.0,-1804.0
433,2,909.0,151.0,59,True,-909.0,-909.0,-1818.0
433,3,902.0,102.0,58,True,-902.0,-902.0,-1804.0
434,0,902.0,102.0,58,True,-902.0,-902.0,-1804.0
434,1,902.0,102.0,58,True,-902.0,-902.0,-1804.0
434,2,902.0,102.0,58,True,-902.0,-902.0,-1804.0
434,3,909.0,151.0,59,True,-909.0,-909.0,-1818.0
435,0,909.0,151.0,59,True,-909.0,-909.0,-1818.0
435,1,902.0,102.0,58,True,-902.0,-902.0,-1804.0
435,2,902.0,102.0,58,True,-902.0,-902.0,-1804.0
435,3,909.0,151.0,59,True,-909.0,-909.0,-1818.0
436,0,909.0,151.0,59,True,-909.0,-909.0,-1818.0
436,1,909.0,151.0,59,True,-909.0,-909.0,-1818.0
436,2,902.0,102.0,58,True,-902.0,-902.0,-1804.0
436,3,909.0,151.0,59,True,-909.0,-909.0,-1818.0
437,0,902.0,102.0,58,True,-902.0,-902.0,-1804.0
437,1,909.0,151.0,59,True,-909.0,-909.0,-1818.0
437,2,942.0,151.0,59,True,-942.0,-942.0,-1884.0
437,3,909.0,151.0,59,True,-909.0,-909.0,-1818.0
438,0,909.0,151.0,59,True,-909.0,-909.0,-1818.0
438,1,909.0,151.0,59,True,-909.0,-909.0,-1818.0
438,2,909.0,151.0,59,True,-909.0,-909.0,-1818.0
438,3,909.0,151.0,59,True,-909.0,-909.0,-1818.0
439,0,909.0,151.0,59,True,-909.0,-909.0,-1818.0
439,1,909.0,151.0,59,True,-909.0,-909.0,-1818.0
439,2,1019.0,200.0,60,True,-1019.0,-1019.0,-2038.0
439,3,909.0,151.0,59,True,-909.0,-909.0,-1818.0
440,0,909.0,151.0,59,True,-909.0,-909.0,-1818.0
440,1,909.0,151.0,59,True,-909.0,-909.0,-1818.0
440,2,909.0,151.0,59,True,-909.0,-909.0,-1818.0
440,3,909.0,151.0,59,True,-909.0,-909.0,-1818.0
441,0,902.0,102.0,58,True,-902.0,-902.0,-1804.0
441,1,909.0,151.0,59,True,-909.0,-909.0,-1818.0
441,2,909.0,151.0,59,True,-909.0,-909.0,-1818.0
441,3,902.0,102.0,58,True,-902.0,-902.0,-1804.0
442,0,909.0,151.0,59,True,-909.0,-909.0,-1818.0
442,1,909.0,151.0,59,True,-909.0,-909.0,-1818.0
442,2,902.0,102.0,58,True,-902.0,-902.0,-1804.0
442,3,902.0,102.0,58,True,-902.0,-902.0,-1804.0
443,0,902.0,102.0,58,True,-902.0,-902.0,-1804.0
443,1,909.0,151.0,59,True,-909.0,-909.0,-1818.0
443,2,909.0,151.0,59,True,-909.0,-909.0,-1818.0
443,3,902.0,102.0,58,True,-902.0,-902.0,-1804.0
444,0,909.0,151.0,59,True,-909.0,-909.0,-1818.0
444,1,902.0,102.0,58,True,-902.0,-902.0,-1804.0
444,2,909.0,151.0,59,True,-909.0,-909.0,-1818.0
444,3,902.0,102.0,58,True,-902.0,-902.0,-1804.0
445,0,909.0,151.0,59,True,-909.0,-909.0,-1818.0
445,1,902.0,102.0,58,True,-902.0,-902.0,-1804.0
445,2,909.0,151.0,59,True,-909.0,-909.0,-1818.0
445,3,902.0,102.0,58,True,-902.0,-902.0,-1804.0
446,0,909.0,151.0,59,True,-909.0,-909.0,-1818.0
446,1,909.0,151.0,59,True,-909.0,-909.0,-1818.0
446,2,909.0,151.0,59,True,-909.0,-909.0,-1818.0
446,3,909.0,151.0,59,True,-909.0,-909.0,-1818.0
447,0,909.0,151.0,59,True,-909.0,-909.0,-1818.0
447,1,909.0,151.0,59,True,-909.0,-909.0,-1818.0
447,2,909.0,151.0,59,True,-909.0,-909.0,-1818.0
447,3,909.0,151.0,59,True,-909.0,-909.0,-1818.0
448,0,942.0,151.0,59,True,-942.0,-942.0,-1884.0
448,1,942.0,151.0,59,True,-942.0,-942.0,-1884.0
448,2,942.0,151.0,59,True,-942.0,-942.0,-1884.0
448,3,942.0,151.0,59,True,-942.0,-942.0,-1884.0
449,0,942.0,151.0,59,True,-942.0,-942.0,-1884.0
449,1,909.0,151.0,59,True,-909.0,-909.0,-1818.0
449,2,909.0,151.0,59,True,-909.0,-909.0,-1818.0
449,3,909.0,151.0,59,True,-909.0,-909.0,-1818.0
450,0,909.0,151.0,59,True,-909.0,-909.0,-1818.0
450,1,942.0,151.0,59,True,-942.0,-942.0,-1884.0
450,2,942.0,151.0,59,True,-942.0,-942.0,-1884.0
450,3,909.0,151.0,59,True,-909.0,-909.0,-1818.0
451,0,909.0,151.0,59,True,-909.0,-909.0,-1818.0
451,1,909.0,151.0,59,True,-909.0,-909.0,-1818.0
451,2,909.0,151.0,59,True,-909.0,-909.0,-1818.0
451,3,909.0,151.0,59,True,-909.0,-909.0,-1818.0
452,0,942.0,151.0,59,True,-942.0,-942.0,-1884.0
452,1,909.0,151.0,59,True,-909.0,-909.0,-1818.0
452,2,909.0,151.0,59,True,-909.0,-909.0,-1818.0
452,3,909.0,151.0,59,True,-909.0,-909.0,-1818.0
453,0,909.0,151.0,59,True,-909.0,-909.0,-1818.0
453,1,909.0,151.0,59,True,-909.0,-909.0,-1818.0
453,2,909.0,151.0,59,True,-909.0,-909.0,-1818.0
453,3,909.0,151.0,59,True,-909.0,-909.0,-1818.0
454,0,942.0,151.0,59,True,-942.0,-942.0,-1884.0
454,1,942.0,151.0,59,True,-942.0,-942.0,-1884.0
454,2,909.0,151.0,59,True,-909.0,-909.0,-1818.0
454,3,942.0,151.0,59,True,-942.0,-942.0,-1884.0
455,0,942.0,151.0,59,True,-942.0,-942.0,-1884.0
455,1,909.0,151.0,59,True,-909.0,-909.0,-1818.0
455,2,942.0,151.0,59,True,-942.0,-942.0,-1884.0
455,3,1031.8333333333333,148.0,59,True,-1031.8333333333333,-1031.8333333333333,-2063.6666666666665
456,0,942.0,151.0,59,True,-942.0,-942.0,-1884.0
456,1,942.0,151.0,59,True,-942.0,-942.0,-1884.0
456,2,942.0,151.0,59,True,-942.0,-942.0,-1884.0
456,3,942.0,151.0,59,True,-942.0,-942.0,-1884.0
457,0,942.0,151.0,59,True,-942.0,-942.0,-1884.0
457,1,942.0,151.0,59,True,-942.0,-942.0,-1884.0
457,2,909.0,151.0,59,True,-909.0,-909.0,-1818.0
457,3,942.0,151.0,59,True,-942.0,-942.0,-1884.0
458,0,909.0,151.0,59,True,-909.0,-909.0,-1818.0
458,1,942.0,151.0,59,True,-942.0,-942.0,-1884.0
458,2,942.0,151.0,59,True,-942.0,-942.0,-1884.0
458,3,909.0,151.0,59,True,-909.0,-909.0,-1818.0
459,0,903.3333333333333,144.0,59,True,-903.3333333333333,-903.3333333333333,-1806.6666666666665
459,1,909.0,151.0,59,True,-909.0,-909.0,-1818.0
459,2,909.0,151.0,59,True,-909.0,-909.0,-1818.0
459,3,909.0,151.0,59,True,-909.0,-909.0,-1818.0
460,0,909.0,151.0,59,True,-909.0,-909.0,-1818.0
460,1,909.0,151.0,59,True,-909.0,-909.0,-1818.0
460,2,942.0,151.0,59,True,-942.0,-942.0,-1884.0
460,3,942.0,151.0,59,True,-942.0,-942.0,-1884.0
461,0,909.0,151.0,59,True,-909.0,-909.0,-1818.0
461,1,1288.8333333333335,148.0,59,True,-1288.8333333333335,-1288.8333333333335,-2577.666666666667
461,2,909.0,151.0,59,True,-909.0,-909.0,-1818.0
461,3,909.0,151.0,59,True,-909.0,-909.0,-1818.0
462,0,909.0,151.0,59,True,-909.0,-909.0,-1818.0
462,1,909.0,151.0,59,True,-909.0,-909.0,-1818.0
462,2,909.0,151.0,59,True,-909.0,-909.0,-1818.0
462,3,909.0,151.0,59,True,-909.0,-909.0,-1818.0
463,0,909.0,151.0,59,True,-909.0,-909.0,-1818.0
463,1,909.0,151.0,59,True,-909.0,-909.0,-1818.0
463,2,909.0,151.0,59,True,-909.0,-909.0,-1818.0
463,3,909.0,151.0,59,True,-909.0,-909.0,-1818.0
464,0,909.0,151.0,59,True,-909.0,-909.0,-1818.0
464,1,909.0,151.0,59,True,-909.0,-909.0,-1818.0
464,2,909.0,151.0,59,True,-909.0,-909.0,-1818.0
464,3,909.0,151.0,59,True,-909.0,-909.0,-1818.0
465,0,909.0,151.0,59,True,-909.0,-909.0,-1818.0
465,1,909.0,151.0,59,True,-909.0,-909.0,-1818.0
465,2,909.0,151.0,59,True,-909.0,-909.0,-1818.0
465,3,909.0,151.0,59,True,-909.0,-909.0,-1818.0
466,0,909.0,151.0,59,True,-909.0,-909.0,-1818.0
466,1,909.0,151.0,59,True,-909.0,-909.0,-1818.0
466,2,909.0,151.0,59,True,-909.0,-909.0,-1818.0
466,3,909.0,151.0,59,True,-909.0,-909.0,-1818.0
467,0,902.0,102.0,58,True,-902.0,-902.0,-1804.0
467,1,909.0,151.0,59,True,-909.0,-909.0,-1818.0
467,2,909.0,151.0,59,True,-909.0,-909.0,-1818.0
467,3,909.0,151.0,59,True,-909.0,-909.0,-1818.0
468,0,909.0,151.0,59,True,-909.0,-909.0,-1818.0
468,1,909.0,151.0,59,True,-909.0,-909.0,-1818.0
468,2,909.0,151.0,59,True,-909.0,-909.0,-1818.0
468,3,909.0,151.0,59,True,-909.0,-909.0,-1818.0
469,0,909.0,151.0,59,True,-909.0,-909.0,-1818.0
469,1,909.0,151.0,59,True,-909.0,-909.0,-1818.0
469,2,909.0,151.0,59,True,-909.0,-909.0,-1818.0
469,3,909.0,151.0,59,True,-909.0,-909.0,-1818.0
470,0,942.0,151.0,59,True,-942.0,-942.0,-1884.0
470,1,909.0,151.0,59,True,-909.0,-909.0,-1818.0
470,2,909.0,151.0,59,True,-909.0,-909.0,-1818.0
470,3,942.0,151.0,59,True,-942.0,-942.0,-1884.0
471,0,909.0,151.0,59,True,-909.0,-909.0,-1818.0
471,1,909.0,151.0,59,True,-909.0,-909.0,-1818.0
471,2,942.0,151.0,59,True,-942.0,-942.0,-1884.0
471,3,909.0,151.0,59,True,-909.0,-909.0,-1818.0
472,0,909.0,151.0,59,True,-909.0,-909.0,-1818.0
472,1,909.0,151.0,59,True,-909.0,-909.0,-1818.0
472,2,902.0,102.0,58,True,-902.0,-902.0,-1804.0
472,3,909.0,151.0,59,True,-909.0,-909.0,-1818.0
473,0,909.0,151.0,59,True,-909.0,-909.0,-1818.0
473,1,909.0,151.0,59,True,-909.0,-909.0,-1818.0
473,2,909.0,151.0,59,True,-909.0,-909.0,-1818.0
473,3,909.0,151.0,59,True,-909.0,-909.0,-1818.0
474,0,909.0,151.0,59,True,-909.0,-909.0,-1818.0
474,1,909.0,151.0,59,True,-909.0,-909.0,-1818.0
474,2,909.0,151.0,59,True,-909.0,-909.0,-1818.0
474,3,909.0,151.0,59,True,-909.0,-909.0,-1818.0
475,0,909.0,151.0,59,True,-909.0,-909.0,-1818.0
475,1,972.8333333333333,148.0,58,True,-972.8333333333333,-972.8333333333333,-1945.6666666666665
475,2,909.0,151.0,59,True,-909.0,-909.0,-1818.0
475,3,995.8333333333333,200.0,60,True,-995.8333333333333,-995.8333333333333,-1991.6666666666665
476,0,909.0,151.0,59,True,-909.0,-909.0,-1818.0
476,1,909.0,151.0,59,True,-909.0,-909.0,-1818.0
476,2,909.0,151.0,59,True,-909.0,-909.0,-1818.0
476,3,909.0,151.0,59,True,-909.0,-909.0,-1818.0
477,0,909.0,151.0,59,True,-909.0,-909.0,-1818.0
477,1,942.0,151.0,59,True,-942.0,-942.0,-1884.0
477,2,909.0,151.0,59,True,-909.0,-909.0,-1818.0
477,3,909.0,151.0,59,True,-909.0,-909.0,-1818.0
478,0,909.0,151.0,59,True,-909.0,-909.0,-1818.0
478,1,909.0,151.0,59,True,-909.0,-909.0,-1818.0
478,2,909.0,151.0,59,True,-909.0,-909.0,-1818.0
478,3,909.0,151.0,59,True,-909.0,-909.0,-1818.0
479,0,909.0,151.0,59,True,-909.0,-909.0,-1818.0
479,1,909.0,151.0,59,True,-909.0,-909.0,-1818.0
479,2,909.0,151.0,59,True,-909.0,-909.0,-1818.0
479,3,909.0,151.0,59,True,-909.0,-909.0,-1818.0
480,0,909.0,151.0,59,True,-909.0,-909.0,-1818.0
480,1,909.0,151.0,59,True,-909.0,-909.0,-1818.0
480,2,909.0,151.0,59,True,-909.0,-909.0,-1818.0
480,3,909.0,151.0,59,True,-909.0,-909.0,-1818.0
481,0,909.0,151.0,59,True,-909.0,-909.0,-1818.0
481,1,909.0,151.0,59,True,-909.0,-909.0,-1818.0
481,2,909.0,151.0,59,True,-909.0,-909.0,-1818.0
481,3,909.0,151.0,59,True,-909.0,-909.0,-1818.0
482,0,942.0,151.0,59,True,-942.0,-942.0,-1884.0
482,1,937.3333333333334,102.0,58,True,-937.3333333333334,-937.3333333333334,-1874.6666666666667
482,2,902.0,102.0,58,True,-902.0,-902.0,-1804.0
482,3,984.0,102.0,58,True,-984.0,-984.0,-1968.0
483,0,909.0,151.0,59,True,-909.0,-909.0,-1818.0
483,1,909.0,151.0,59,True,-909.0,-909.0,-1818.0
483,2,909.0,151.0,59,True,-909.0,-909.0,-1818.0
483,3,909.0,151.0,59,True,-909.0,-909.0,-1818.0
484,0,909.0,151.0,59,True,-909.0,-909.0,-1818.0
484,1,909.0,151.0,59,True,-909.0,-909.0,-1818.0
484,2,909.0,151.0,59,True,-909.0,-909.0,-1818.0
484,3,909.0,151.0,59,True,-909.0,-909.0,-1818.0
485,0,909.0,151.0,59,True,-909.0,-909.0,-1818.0
485,1,909.0,151.0,59,True,-909.0,-909.0,-1818.0
485,2,909.0,151.0,59,True,-909.0,-909.0,-1818.0
485,3,909.0,151.0,59,True,-909.0,-909.0,-1818.0
486,0,909.0,151.0,59,True,-909.0,-909.0,-1818.0
486,1,909.0,151.0,59,True,-909.0,-909.0,-1818.0
486,2,909.0,151.0,59,True,-909.0,-909.0,-1818.0
486,3,909.0,151.0,59,True,-909.0,-909.0,-1818.0
487,0,909.0,151.0,59,True,-909.0,-909.0,-1818.0
487,1,909.0,151.0,59,True,-909.0,-909.0,-1818.0
487,2,902.0,102.0,58,True,-902.0,-902.0,-1804.0
487,3,909.0,151.0,59,True,-909.0,-909.0,-1818.0
488,0,909.0,151.0,59,True,-909.0,-909.0,-1818.0
488,1,909.0,151.0,59,True,-909.0,-909.0,-1818.0
488,2,902.0,102.0,58,True,-902.0,-902.0,-1804.0
488,3,909.0,151.0,59,True,-909.0,-909.0,-1818.0
489,0,909.0,151.0,59,True,-909.0,-909.0,-1818.0
489,1,902.0,102.0,58,True,-902.0,-902.0,-1804.0
489,2,909.0,151.0,59,True,-909.0,-909.0,-1818.0
489,3,942.0,151.0,59,True,-942.0,-942.0,-1884.0
490,0,909.0,151.0,59,True,-909.0,-909.0,-1818.0
490,1,909.0,151.0,59,True,-909.0,-909.0,-1818.0
490,2,909.0,151.0,59,True,-909.0,-909.0,-1818.0
490,3,909.0,151.0,59,True,-909.0,-909.0,-1818.0
491,0,909.0,151.0,59,True,-909.0,-909.0,-1818.0
491,1,909.0,151.0,59,True,-909.0,-909.0,-1818.0
491,2,909.0,151.0,59,True,-909.0,-909.0,-1818.0
491,3,991.0,200.0,60,True,-991.0,-991.0,-1982.0
492,0,909.0,151.0,59,True,-909.0,-909.0,-1818.0
492,1,909.0,151.0,59,True,-909.0,-909.0,-1818.0
492,2,909.0,151.0,59,True,-909.0,-909.0,-1818.0
492,3,909.0,151.0,59,True,-909.0,-909.0,-1818.0
493,0,909.0,151.0,59,True,-909.0,-909.0,-1818.0
493,1,909.0,151.0,59,True,-909.0,-909.0,-1818.0
493,2,909.0,151.0,59,True,-909.0,-909.0,-1818.0
493,3,942.0,151.0,59,True,-942.0,-942.0,-1884.0
494,0,909.0,151.0,59,True,-909.0,-909.0,-1818.0
494,1,909.0,151.0,59,True,-909.0,-909.0,-1818.0
494,2,909.0,151.0,59,True,-909.0,-909.0,-1818.0
494,3,909.0,151.0,59,True,-909.0,-909.0,-1818.0
495,0,909.0,151.0,59,True,-909.0,-909.0,-1818.0
495,1,909.0,151.0,59,True,-909.0,-909.0,-1818.0
495,2,909.0,151.0,59,True,-909.0,-909.0,-1818.0
495,3,909.0,151.0,59,True,-909.0,-909.0,-1818.0
496,0,909.0,151.0,59,True,-909.0,-909.0,-1818.0
496,1,909.0,151.0,59,True,-909.0,-909.0,-1818.0
496,2,909.0,151.0,59,True,-909.0,-909.0,-1818.0
496,3,909.0,151.0,59,True,-909.0,-909.0,-1818.0
497,0,909.0,151.0,59,True,-909.0,-909.0,-1818.0
497,1,1035.8333333333333,148.0,59,True,-1035.8333333333333,-1035.8333333333333,-2071.6666666666665
497,2,909.0,151.0,59,True,-909.0,-909.0,-1818.0
497,3,909.0,151.0,59,True,-909.0,-909.0,-1818.0
498,0,909.0,151.0,59,True,-909.0,-909.0,-1818.0
498,1,909.0,151.0,59,True,-909.0,-909.0,-1818.0
498,2,909.0,151.0,59,True,-909.0,-909.0,-1818.0
498,3,909.0,151.0,59,True,-909.0,-909.0,-1818.0
499,0,909.0,151.0,59,True,-909.0,-909.0,-1818.0
499,1,909.0,151.0,59,True,-909.0,-909.0,-1818.0
499,2,909.0,151.0,59,True,-909.0,-909.0,-1818.0
499,3,909.0,151.0,59,True,-909.0,-909.0,-1818.0
500,0,909.0,151.0,59,True,-909.0,-909.0,-1818.0
500,1,909.0,151.0,59,True,-909.0,-909.0,-1818.0
500,2,909.0,151.0,59,True,-909.0,-909.0,-1818.0
500,3,909.0,151.0,59,True,-909.0,-909.0,-1818.0
